v -0.0214844 0.0318244 -0.063029
v 0.338717 0.0186356 -0.107127
v 0.361886 0.0313895 -0.0426195
v 0.0343557 0.0374964 0.0691869
v 0.0717153 0.0437525 -0.127388
v 0.469038 0.0448574 0.0797143
v 0.470188 0.0437469 0.0627601
v 0.460097 0.040522 0.0222759
v -0.0052685 0.0364626 -0.105585
v -0.0575237 0.0351093 0.101776
v -0.0101292 0.0378346 0.132784
v 0.011007 0.0361359 0.115477
v 0.0407922 0.0394219 0.0218858
v 0.0363746 0.0367973 -0.0025649
v 0.0411324 0.0359258 -0.0296303
v 0.0745887 0.0447447 -0.129555
v 0.0439683 0.0459244 -0.161903
v 0.345423 0.0247492 -0.0751422
v 0.358154 0.0315859 -0.0465263
v 0.372721 0.0482328 0.0785373
v 0.467786 0.0434683 0.0431869
v 0.429643 0.0393291 -0.0260032
v 0.413163 0.0411822 -0.0562315
v 0.394379 0.0263774 -0.115102
v 0.38222 0.014398 -0.152426
v 0.373247 0.0130921 -0.152398
v 0.403021 0.0359152 -0.0891504
v 0.395733 0.024833 -0.123388
v 0.389758 0.0184587 -0.144154
v 0.342335 0.0137093 -0.148419
v 0.330856 0.0150829 -0.123377
v 0.333923 0.0186118 -0.111348
v 0.368323 0.0398973 0.0069095
v 0.391696 0.0538486 0.108284
v 0.402294 0.0525363 0.120578
v -0.0564226 0.036209 -0.00358015
v -0.0632344 0.0399692 0.0205409
v 0.0265034 0.0392875 0.0941139
v 0.0407544 0.0400465 0.0416647
v 0.0487014 0.0382348 -0.0527966
v 0.0521697 0.0408645 -0.0620445
v 0.0712198 0.0436599 -0.106912
v 0.00753023 0.0420211 -0.142414
v -0.0149383 0.0352947 -0.0780469
v 0.0371768 0.041192 0.064147
v 0.05944 0.0428385 -0.0801803
v 0.058457 0.047264 -0.158328
v 0.0296951 0.0462881 -0.163854
v 0.0168666 0.0434847 -0.157547
v -0.016617 0.0374708 -0.0815729
v -0.047485 0.0335796 -0.0202404
v -0.046876 0.0375933 0.122395
v -0.0294799 0.0366942 0.129544
v 0.430667 0.0577709 0.131597
v 0.447944 0.0550963 0.12451
v 0.468225 0.0484663 0.092029
v 0.335638 0.0163802 -0.138051
v 0.337883 0.0210482 -0.0975037
v 0.363485 0.0336928 -0.0321036
v 0.386899 0.0585229 0.10189
v 0.381617 0.0484895 0.0949743
v 0.451706 0.0439502 0.00287685
v 0.394287 0.0232214 -0.132287
v 0.346452 0.0292133 -0.0769599
v 0.368645 0.0375245 -0.0054066
v 0.3679 0.0452793 0.0610813
v 0.382057 0.0648102 0.0887706
v 0.460072 0.0513986 0.112528
v 0.04018 0.0387176 -0.01407
v 0.0722893 0.0480728 -0.140685
v 0.00179034 0.0443897 -0.128805
v -0.00489391 0.040379 -0.112575
v 0.469518 0.0610905 0.0717691
v 0.417056 0.0436622 -0.0524635
v 0.409865 0.0506142 -0.082234
v 0.375313 0.014244 -0.156313
v 0.36767 0.0134333 -0.15797
v 0.334227 0.0205038 -0.128931
v 0.362411 0.0387924 -0.0332749
v 0.0448538 0.0463204 -0.0353926
v 0.0732086 0.0544314 -0.120669
v 0.454664 0.0468149 0.00654184
v 0.35235 0.0127248 -0.155037
v 0.350158 0.0333918 -0.0680268
v 0.0493836 0.0474562 -0.0519682
v -0.0128333 0.0430012 -0.0915736
v -0.0669409 0.0482717 0.0431438
v -0.066036 0.0358595 0.0552397
v -0.0633613 0.0335426 0.0685504
v -0.0546784 0.0423653 0.11715
v 0.467646 0.05182 0.0453951
v 0.433618 0.0428054 -0.0263187
v 0.343918 0.0339438 -0.082464
v 0.366934 0.0418389 0.0328733
v 0.463779 0.0556193 0.108592
v 0.0415494 0.0453891 -0.0193387
v 0.0691446 0.0502824 -0.101833
v 0.0671032 0.0502279 -0.150686
v 0.0611226 0.0573182 -0.155869
v -0.0416811 0.0393558 -0.0371972
v -0.0404194 0.043934 0.132195
v 0.463661 0.0522099 0.0286857
v 0.39722 0.0322678 -0.123399
v 0.336632 0.0237541 -0.108316
v 0.368425 0.0534631 0.0484408
v 0.396101 0.0687682 0.11585
v 0.413499 0.0575881 0.129632
v 0.44721 0.0616116 0.128521
v 0.457514 0.0608999 0.119572
v 0.0177011 0.0469642 0.108844
v 0.0692814 0.0583791 -0.145894
v -0.00688269 0.0478451 -0.110358
v -0.0491779 0.0448415 -0.0249057
v -0.0236868 0.0435134 0.138158
v -0.00733272 0.043793 0.134715
v 0.00533866 0.0406063 0.12472
v 0.446307 0.0509339 -0.0125922
v 0.434509 0.0538181 -0.0330808
v 0.403 0.0393222 -0.0986343
v 0.393263 0.0286361 -0.139157
v 0.335036 0.0290126 -0.123747
v 0.359977 0.0381319 -0.042331
v 0.363345 0.0476594 0.00402448
v 0.364612 0.0535118 0.0264384
v 0.392037 0.0681997 0.109356
v 0.40234 0.0664535 0.121739
v 0.432276 0.0659042 0.132345
v 0.467534 0.0574266 0.0893493
v 0.0361832 0.0485835 0.061801
v 0.0386814 0.0572207 0.0313832
v 0.0630664 0.048483 -0.0853149
v 0.0162099 0.0539855 -0.157307
v -0.0197217 0.0431277 -0.0769895
v -0.0343404 0.0499119 -0.0556649
v -0.0605482 0.0409807 0.0998611
v 0.468763 0.0589036 0.0532258
v 0.390178 0.0304189 -0.149
v 0.33677 0.0268192 -0.141113
v 0.338119 0.0270425 -0.100907
v 0.415361 0.0747564 0.127613
v 0.440781 0.0773504 0.121912
v 0.0304273 0.0477497 0.0817269
v 0.0416405 0.0511439 0.0186417
v 0.0616738 0.0570339 -0.0725895
v 0.0692263 0.05651 -0.096227
v 0.0349789 0.0629545 -0.165843
v 0.418731 0.0512648 -0.0599084
v 0.34992 0.0488264 -0.0385474
v 0.373808 0.059591 0.0706274
v 0.00716267 0.0522925 -0.144396
v -4.58732e-006 0.0524223 -0.131229
v -0.0631466 0.0530645 0.0121086
v -0.0564683 0.0542647 0.113145
v -0.0256794 0.0549289 0.136243
v 0.456978 0.0532485 0.00754777
v 0.405456 0.0449537 -0.105226
v 0.400869 0.0394947 -0.123333
v 0.351124 0.0285076 -0.158007
v 0.341063 0.0221756 -0.148535
v 0.348187 0.0407282 -0.0635939
v 0.0247177 0.0573927 0.0869771
v 0.0482743 0.0526536 -0.0356959
v 0.0727057 0.0588619 -0.112129
v 0.0238928 0.055812 -0.162957
v -0.0442908 0.0519966 -0.0379292
v -0.0667336 0.0533698 0.0611145
v -0.0642351 0.0507752 0.0865915
v 0.00251247 0.0542664 0.128228
v 0.0158471 0.05561 0.109863
v 0.465519 0.0600107 0.0368294
v 0.337837 0.0377948 -0.109143
v 0.341923 0.0388703 -0.0850523
v 0.451843 0.0740443 0.115975
v 0.462684 0.0687037 0.100722
v 0.032692 0.0579407 0.0574752
v 0.0494656 0.05552 -0.162015
v -0.0153261 0.051218 -0.0878386
v -0.0575487 0.0506651 -0.00910929
v -0.0632139 0.058629 0.0860593
v -0.0104247 0.0576544 0.134788
v 0.465555 0.0666842 0.0400913
v 0.457617 0.0624491 0.00795467
v 0.398331 0.0381429 -0.133674
v 0.371564 0.0272873 -0.162804
v 0.360587 0.0251201 -0.160934
v 0.356237 0.0560226 -0.000819193
v 0.37028 0.061549 0.0537086
v 0.0710053 0.0621669 -0.104638
v 0.0711263 0.0660528 -0.1433
v 0.0584733 0.0661289 -0.159556
v -0.0232662 0.0566482 -0.0783595
v -0.0687728 0.0567703 0.0385729
v -0.0609889 0.0558332 0.100512
v -0.021175 0.0622467 0.133671
v 0.00847607 0.056234 0.121352
v 0.434427 0.0612494 -0.0408261
v 0.404576 0.0488563 -0.110773
v 0.382746 0.0288639 -0.157882
v 0.396306 0.0756172 0.108958
v 0.426923 0.0774264 0.126503
v 0.0190614 0.0708797 0.0950252
v 0.0447323 0.0565394 0.00252837
v 0.0557078 0.0587767 -0.0296373
v -0.00344466 0.0556921 -0.120053
v -0.0179268 0.0601542 -0.0925843
v -0.0508494 0.0549452 -0.0231263
v -0.0469048 0.0579153 0.124767
v -0.0373746 0.0582848 0.130806
v 0.447532 0.0592186 -0.0129119
v 0.340981 0.0294991 -0.146633
v 0.33593 0.0302642 -0.134349
v 0.364912 0.0659762 0.0412157
v 0.375905 0.0713543 0.0699429
v 0.384695 0.0756075 0.0905202
v 0.408574 0.0736908 0.124827
v 0.464676 0.0719367 0.0723742
v 0.0301959 0.0661359 0.0649123
v 0.033786 0.0631795 0.0542225
v 0.0651915 0.0622997 -0.0574168
v 0.0664313 0.0599086 -0.0873429
v 0.0112984 0.0572035 -0.151838
v -0.0678096 0.0642527 0.0400043
v -0.068991 0.0610234 0.0598822
v -0.0567401 0.0646593 0.100205
v -0.0514091 0.0616182 0.116163
v 0.417521 0.0576616 -0.0757256
v 0.413168 0.0552491 -0.0758954
v 0.405699 0.0508862 -0.117564
v 0.39261 0.0364153 -0.147848
v 0.385033 0.0342754 -0.157761
v 0.357326 0.0621676 0.0102909
v 0.406071 0.0842592 0.112864
v 0.448231 0.0790727 0.11053
v 0.0464727 0.0669934 0.0173938
v 0.0490937 0.0648318 0.00691745
v 0.0730911 0.0637804 -0.131882
v 0.0162698 0.0647087 -0.158357
v 0.00183296 0.0590435 -0.134571
v -0.0355935 0.0599171 -0.052839
v 0.445202 0.0655855 -0.0154182
v 0.4139 0.0586146 -0.0942743
v 0.39886 0.0429812 -0.139833
v 0.354685 0.03633 -0.164256
v 0.348143 0.0537149 -0.0337113
v 0.361644 0.0686363 0.0248261
v 0.415337 0.0846503 0.118657
v 0.428063 0.0846032 0.118431
v 0.0719161 0.0685072 -0.0979161
v 0.0450274 0.0656632 -0.165594
v 0.0219957 0.0610379 -0.161711
v -0.0260336 0.0592882 -0.0795492
v -0.0345714 0.0611027 -0.0585783
v -0.0461981 0.0656821 -0.023072
v 0.0114819 0.0720766 0.107069
v 0.373127 0.032563 -0.16456
v 0.338527 0.0356752 -0.145129
v 0.346834 0.0588499 -0.033121
v 0.371406 0.0748679 0.0551305
v 0.396118 0.083535 0.103553
v 0.461431 0.072989 0.0472687
v -0.0543064 0.0692762 0.0114882
v -0.0641456 0.0655845 0.0763661
v -0.0293582 0.0706081 0.122809
v -0.00179613 0.0696688 0.124203
v 0.0382816 0.0711248 0.0405356
v 0.0650081 0.0665395 -0.153722
v -0.000621448 0.0641752 -0.131795
v -0.0159449 0.06304 -0.102386
v 0.453093 0.0698944 0.00932725
v 0.431329 0.0600814 -0.0669124
v 0.365593 0.0372257 -0.16849
v 0.33535 0.0360232 -0.125642
v 0.434749 0.0848093 0.110468
v 0.458395 0.0774564 0.0889888
v 0.455232 0.0715406 0.022447
v 0.0601169 0.0653456 -0.0272783
v -0.010729 0.0625634 -0.107799
v -0.023848 0.064971 -0.11232
v -0.0340284 0.062634 -0.0817292
v -0.0403226 0.065518 -0.041424
v -0.0600415 0.0598132 0.00549896
v -0.0660479 0.0673815 0.0469028
v 0.440405 0.0651721 -0.0445542
v 0.436073 0.0658991 -0.0610189
v 0.436355 0.0647563 -0.0758187
v 0.393701 0.0411284 -0.15162
v 0.341376 0.0477885 -0.0670751
v 0.388499 0.0851383 0.0820273
v 0.0703363 0.067392 -0.0769434
v 0.0739446 0.0675586 -0.118747
v 0.0746604 0.0702047 -0.132786
v 0.0447562 0.076164 -0.168746
v -0.052086 0.0767486 0.0569013
v -0.0436706 0.0718635 0.100932
v -0.0123721 0.0749259 0.123789
v -0.00182569 0.0756972 0.115161
v 0.425748 0.0598063 -0.0846094
v 0.407883 0.0570428 -0.116653
v 0.375674 0.0386163 -0.168127
v 0.337942 0.0421667 -0.117401
v 0.401151 0.0870317 0.101131
v 0.425813 0.09041 0.108396
v 0.434177 0.0895353 0.0933661
v 0.446522 0.0827953 0.0887133
v 0.45507 0.075476 0.00273434
v 0.450966 0.0710618 -0.0137166
v 0.0145387 0.0775816 0.089667
v 0.0291718 0.0829661 0.04851
v 0.0667158 0.0666336 -0.0522057
v 0.0325902 0.0687756 -0.167774
v -0.0281163 0.0626248 -0.100798
v -0.0428579 0.07296 -0.0226809
v -0.0488948 0.0769712 0.026933
v -0.0604361 0.0699936 0.0610262
v -0.0450084 0.0750141 0.0882079
v 0.457171 0.0771642 0.0636829
v 0.445197 0.0846927 0.0576894
v 0.00181985 0.0815169 0.0903741
v -0.0384155 0.0642657 -0.0632015
v -0.0249458 0.0785605 0.11575
v 0.429971 0.0645746 -0.0847615
v 0.339592 0.0457541 -0.0881131
v 0.381166 0.0856733 0.0661601
v 0.392856 0.0877615 0.0800851
v 0.41287 0.0893189 0.104345
v 0.451134 0.0769533 0.0263781
v 0.0217849 0.078762 0.0718034
v 0.0523537 0.0728605 0.000802095
v 0.0626574 0.0770385 -0.0276529
v 0.063782 0.0731024 -0.15725
v 0.0111356 0.0670466 -0.151494
v -9.54892e-005 0.0699258 -0.127834
v -0.0064103 0.068643 -0.117985
v -0.0441558 0.0770427 -0.0360767
v -0.0384775 0.0821694 0.0369407
v -0.033544 0.0794506 0.106693
v 0.356821 0.0714159 0.00233802
v 0.368488 0.0777603 0.0367628
v 0.425189 0.0915967 0.097127
v 0.435239 0.0879904 0.0760148
v 0.0728306 0.0753194 -0.0873823
v 0.073944 0.0785433 -0.104509
v 0.0705973 0.0725147 -0.146655
v 0.0547572 0.0753837 -0.165186
v -0.0417289 0.0750922 -0.0629896
v -0.031167 0.0825313 0.0930519
v -0.0263758 0.0831929 0.101956
v 0.0463413 0.0786481 0.0138014
v -0.00436374 0.0732337 -0.129466
v -0.010618 0.0742637 -0.13031
v 0.0138139 0.0846995 0.072178
v 0.433226 0.084705 0.042001
v 0.447421 0.0738853 -0.0306707
v 0.418575 0.063327 -0.102791
v 0.385832 0.0409338 -0.162942
v 0.346886 0.0374205 -0.158294
v 0.335793 0.0537332 -0.0982792
v 0.337559 0.0542764 -0.0850313
v 0.457468 0.088672 0.0153194
v 0.454685 0.0803518 -0.00648526
v 0.0543809 0.0842724 -0.00747149
v 0.0735292 0.0807661 -0.0682357
v 0.0740024 0.0757984 -0.123318
v 0.07202 0.0799533 -0.139102
v 0.0382966 0.0831476 -0.169469
v -0.0364127 0.071453 -0.0916995
v -0.0446661 0.0835871 -0.0291606
v 0.44891 0.0849006 -0.0284502
v 0.435477 0.0735374 -0.0583299
v 0.398348 0.0499594 -0.145062
v 0.36597 0.0463636 -0.171575
v 0.33804 0.047461 -0.124238
v 0.367601 0.0840413 0.0154696
v 0.375615 0.0852042 0.0437006
v 0.0409643 0.0873392 0.0177358
v 0.0625316 0.0824654 -0.0244188
v 0.0698374 0.0792058 -0.0500885
v 0.0124835 0.0756316 -0.150239
v -0.024784 0.0712611 -0.115785
v -0.0381533 0.0826488 0.0221288
v 0.402531 0.0560097 -0.139812
v 0.339101 0.0632407 -0.0569322
v 0.345096 0.0671008 -0.0385879
v 0.383169 0.0879592 0.0502875
v 0.452991 0.0948376 0.0250798
v 0.0530158 0.0855538 -0.165675
v 0.011089 0.0817457 -0.148581
v 0.00448808 0.0756551 -0.137646
v -0.0356365 0.0771122 -0.104805
v -0.04328 0.0854443 -0.065648
v -0.0366384 0.0838893 0.0106464
v -0.0249493 0.0918438 0.02376
v -0.0124761 0.0886933 0.0507646
v 0.420828 0.0713855 -0.0972502
v 0.339381 0.0448462 -0.136185
v 0.416677 0.0895433 0.042021
v -0.0278314 0.0809533 -0.114896
v -0.043484 0.0785192 -0.00374365
v -0.022838 0.0880091 0.0305217
v 0.441598 0.0858576 -0.0495808
v 0.440387 0.0716811 -0.0773454
v 0.33369 0.0566989 -0.111334
v 0.335474 0.0669627 -0.0712367
v 0.355946 0.0800999 -0.0170345
v 0.365467 0.0856434 0.00536042
v 0.394979 0.0919225 0.0402181
v 0.076564 0.084718 -0.085708
v 0.0733277 0.0849748 -0.128754
v -0.00396447 0.0788629 -0.136277
v -0.0201943 0.0766535 -0.120124
v -0.0451361 0.0893339 -0.0437026
v 0.00953261 0.0978529 0.0359018
v 0.040906 0.0941296 0.0180068
v 0.0727568 0.0863538 -0.0274581
v 0.0829637 0.0856294 -0.0504425
v 0.383965 0.0503633 -0.166894
v 0.358704 0.0556549 -0.169573
v 0.349868 0.0506487 -0.16137
v 0.342743 0.0475672 -0.148521
v 0.336711 0.0553067 -0.129877
v 0.344814 0.0765335 -0.0397727
v 0.38366 0.0927449 0.032935
v 0.0742451 0.0826134 -0.115415
v 0.0692892 0.0888864 -0.146947
v 0.0266694 0.0761816 -0.165012
v 0.0216403 0.0792199 -0.160266
v 0.00454037 0.0914883 0.0481288
v 0.0288285 0.0935145 0.0302586
v 0.0644813 0.091503 -0.00465596
v 0.0829633 0.0889783 -0.0426101
v 0.39333 0.0518502 -0.156352
v 0.349107 0.0799603 -0.0261496
v 0.362888 0.0875461 0.00427978
v 0.431086 0.091836 0.0391978
v 0.443089 0.0844316 0.037657
v -0.0444163 0.0956691 -0.0234459
v 0.0204356 0.0971761 0.0327685
v 0.0338827 0.0940235 0.0238413
v 0.458763 0.0953303 0.00213539
v 0.441955 0.0763381 -0.082727
v 0.419163 0.0727753 -0.105751
v 0.332128 0.063761 -0.102176
v 0.332155 0.0652362 -0.0850269
v 0.0779644 0.0931386 -0.10392
v -0.0406342 0.0911821 -0.10764
v -0.0408424 0.100832 -0.0104501
v -0.0308235 0.0952601 0.0156181
v -0.00781253 0.0939758 0.0338717
v 0.41452 0.0646066 -0.130849
v 0.410415 0.0596697 -0.139532
v 0.39515 0.05724 -0.158296
v 0.335239 0.0616875 -0.120521
v 0.357902 0.0919916 0.00660618
v 0.373749 0.093281 0.0213954
v 0.445538 0.100135 0.0287407
v 0.0788755 0.088701 -0.0921587
v 0.0728565 0.0923488 -0.133293
v 0.0444488 0.0920793 -0.168538
v 0.0220104 0.0923187 -0.160562
v -0.0295475 0.0932534 -0.118731
v 0.423747 0.0751661 -0.0956284
v 0.340469 0.0574441 -0.145975
v 0.339864 0.0828593 -0.0245616
v 0.408821 0.0968383 0.0399674
v 0.0638614 0.0849435 -0.157565
v 0.01069 0.0863093 -0.153758
v 0.00410906 0.0856401 -0.151287
v -0.0133878 0.0856086 -0.121406
v -0.0390849 0.0914501 0.00282199
v -0.00509449 0.104515 0.0293518
v 0.439763 0.0837733 -0.0959227
v 0.432217 0.0788378 -0.0923587
v 0.415497 0.0815605 -0.105585
v 0.412152 0.0670831 -0.148662
v 0.374783 0.0508086 -0.172424
v 0.338584 0.0608762 -0.137112
v 0.328957 0.0772638 -0.0520552
v 0.0872683 0.102175 -0.0447063
v 0.0653934 0.0965283 -0.151794
v 0.0308194 0.0936181 -0.16719
v 0.00788207 0.0904487 -0.164465
v 0.00175214 0.0874696 -0.143524
v -0.00726147 0.0839661 -0.129449
v -0.0175371 0.100303 0.0250612
v 0.0274577 0.100817 0.0290408
v 0.450396 0.0923005 -0.0199696
v 0.445614 0.100923 -0.0165109
v 0.325739 0.0678102 -0.10343
v 0.392602 0.0994424 0.0363485
v 0.460683 0.103124 0.0172852
v 0.014745 0.106236 0.0300644
v 0.345122 0.0577536 -0.157887
v 0.336219 0.0862745 -0.0282003
v 0.0826434 0.0984489 -0.0713492
v 0.0831941 0.0913529 -0.0789789
v 0.0847536 0.0967698 -0.0951256
v -0.0337172 0.0840727 -0.112079
v -0.0179852 0.108399 0.0133622
v 0.415985 0.0743635 -0.11981
v 0.404149 0.0595773 -0.161021
v 0.340278 0.0631528 -0.147854
v 0.324274 0.0660875 -0.122358
v 0.348504 0.0915868 -0.00560092
v 0.430036 0.105561 0.0227479
v 0.44693 0.10409 0.0204885
v 0.0842141 0.10175 -0.118601
v 0.0306736 0.0967376 -0.169599
v 0.0197776 0.0956543 -0.175355
v 0.0109892 0.102452 -0.145195
v -0.0412144 0.0875131 -0.0989185
v -0.0503341 0.096954 -0.0587301
v -0.032941 0.106544 -0.000149733
v 0.0566464 0.10624 0.00720523
v 0.0831658 0.101941 -0.0324889
v 0.446617 0.0909979 -0.0305466
v 0.397223 0.0623362 -0.171826
v 0.350908 0.0617482 -0.165782
v 0.349331 0.0684491 -0.162094
v 0.329247 0.0795945 -0.0714717
v 0.345875 0.101384 -0.0187312
v 0.0722085 0.0982013 -0.127612
v 0.0551171 0.0964709 -0.163193
v -0.0471477 0.0991153 -0.086896
v -0.0549567 0.105794 -0.0401866
v 0.037758 0.10774 0.0193742
v 0.44335 0.093278 -0.040118
v 0.44082 0.0826094 -0.0776037
v 0.423284 0.0845568 -0.0961494
v 0.384527 0.0589153 -0.169538
v 0.368371 0.0610458 -0.171559
v 0.407491 0.103757 0.0326809
v 0.45635 0.108915 0.0191739
v 0.0705711 0.104657 -0.140012
v 0.0695167 0.0993946 -0.141314
v 0.0647407 0.105346 -0.156366
v 0.0389471 0.101067 -0.169376
v 0.00548599 0.0935306 -0.16219
v -0.0165501 0.0946221 -0.121602
v 0.000137452 0.111229 0.0236958
v 0.0754097 0.112546 -0.0146786
v 0.457464 0.108839 0.00916373
v 0.442615 0.0930693 -0.0995594
v 0.389813 0.067064 -0.176046
v 0.328027 0.0825289 -0.0474906
v 0.376958 0.0993097 0.0257696
v 0.0192404 0.103515 -0.177408
v 0.00499334 0.0979866 -0.134571
v -0.00424386 0.0974468 -0.124203
v -0.0571206 0.108669 -0.0520434
v -0.0517299 0.105468 -0.0311065
v 0.0688051 0.102029 -0.0077808
v 0.442275 0.095525 -0.0541994
v 0.444794 0.0961007 -0.0683684
v 0.327408 0.0647695 -0.140992
v 0.364355 0.100044 0.0113524
v 0.407312 0.110232 0.0225517
v 0.435559 0.107021 0.0214299
v 0.086646 0.105462 -0.0541878
v 0.0774678 0.108462 -0.0742838
v 0.0558441 0.105323 -0.164027
v 0.0114329 0.0963617 -0.173749
v 0.0126419 0.106999 -0.16466
v -0.00495312 0.104302 -0.125481
v -0.0251628 0.106242 -0.130525
v -0.0449355 0.0992179 -0.106533
v -0.0319103 0.112836 -0.00594531
v 0.414849 0.0780751 -0.131451
v 0.410204 0.0759101 -0.153071
v 0.364139 0.0700732 -0.171704
v 0.329583 0.0770335 -0.144558
v 0.326503 0.0748323 -0.113702
v 0.0816981 0.102284 -0.0851102
v -0.0344766 0.108013 -0.126497
v -0.037015 0.0971463 -0.117655
v 0.00321849 0.11851 0.0108572
v 0.0289225 0.123646 0.0117083
v 0.330829 0.0946847 -0.0415769
v 0.392741 0.113151 0.0170033
v 0.432932 0.115144 0.0270847
v 0.450285 0.115235 0.0104477
v 0.08065 0.110794 -0.12483
v 0.0815669 0.104172 -0.129194
v -0.0539312 0.110076 -0.0373879
v -0.0432448 0.113579 -0.0309501
v 0.0657652 0.115028 -0.00151645
v 0.41231 0.0915947 -0.108475
v 0.393432 0.0778945 -0.168841
v 0.331972 0.0873999 -0.0741592
v 0.360746 0.107161 -0.00127003
v 0.376832 0.111299 0.0113104
v 0.0114274 0.112462 -0.13921
v 0.443019 0.120109 0.0102286
v 0.440609 0.105849 -0.0186478
v 0.433963 0.093108 -0.104745
v 0.419227 0.0938089 -0.106215
v 0.407698 0.0899784 -0.116922
v 0.412084 0.0823293 -0.144599
v 0.355907 0.0689557 -0.16789
v 0.328241 0.0941941 -0.0754035
v 0.412641 0.119293 0.0281062
v 0.0752796 0.111138 -0.089822
v 0.0819812 0.106591 -0.108682
v 0.0603112 0.112262 -0.155235
v 0.0512 0.11327 -0.162834
v -0.0532307 0.114323 -0.0422053
v 0.00564937 0.121771 -0.0212041
v 0.0464242 0.114007 0.0128127
v 0.0950798 0.113731 -0.0424001
v 0.332344 0.083894 -0.087764
v 0.390933 0.11684 0.0144142
v 0.410155 0.113959 0.0233468
v 0.440976 0.117238 0.0255687
v 0.443275 0.103439 -0.0509461
v 0.0976177 0.117263 -0.04842
v 0.0860554 0.113944 -0.0548663
v 0.0775532 0.11516 -0.113465
v 0.0250266 0.100524 -0.177383
v -0.0492387 0.114812 -0.108328
v -0.0517647 0.107524 -0.0805101
v -0.0297216 0.119001 -0.0371972
v -0.00648568 0.121808 -0.0258528
v 0.379133 0.0771646 -0.178004
v 0.332673 0.0898615 -0.0915843
v 0.332634 0.103372 -0.0431108
v 0.373302 0.120875 -0.000241745
v 0.421433 0.123322 0.0301585
v 0.441651 0.113688 -0.00833427
v 0.441213 0.10825 -0.0391558
v 0.453239 0.105312 -0.0743703
v 0.021158 0.121729 -0.170461
v -0.0593559 0.124264 -0.0511214
v -0.0511228 0.121419 -0.0452038
v 0.012801 0.127747 -0.01922
v 0.0258072 0.12542 -0.0107345
v 0.0576619 0.126803 0.00447667
v 0.452915 0.110304 -0.0612157
v 0.359855 0.0802013 -0.171852
v 0.338824 0.0742533 -0.157243
v 0.335246 0.0894159 -0.115905
v 0.329504 0.098848 -0.0591729
v 0.0723004 0.118558 -0.0886764
v 0.0701333 0.123468 -0.108042
v 0.018225 0.119732 -0.164725
v -0.0145291 0.101892 -0.126697
v -0.0593723 0.116091 -0.0534701
v -0.0317905 0.122698 -0.0347084
v 0.0325689 0.131623 -0.0182405
v 0.0410723 0.127739 -0.00458851
v 0.0404154 0.123057 0.012171
v 0.0613498 0.123017 0.00454837
v 0.447697 0.0869942 -0.0899059
v 0.325555 0.0962785 -0.0896826
v 0.361371 0.122023 -0.0131876
v 0.392214 0.123572 0.0237839
v 0.441091 0.121987 0.00447125
v 0.0728849 0.115724 -0.141583
v 0.00321809 0.114293 -0.128738
v -0.0202608 0.119472 -0.138323
v -0.0446596 0.11441 -0.119343
v -0.0450256 0.125623 -0.0348187
v 0.0937682 0.119452 -0.0393487
v 0.40863 0.0894514 -0.145345
v 0.403254 0.0846992 -0.149495
v 0.326243 0.0749667 -0.129442
v 0.435526 0.124119 0.0260599
v 0.0555638 0.117619 -0.161052
v 0.0253328 0.124314 -0.171941
v -0.0290669 0.125947 -0.0180658
v -0.0267434 0.132069 -0.00670341
v -0.00977937 0.126468 -0.0068638
v -0.00118806 0.130204 -0.00672014
v 0.0525097 0.130214 -0.00149167
v 0.407473 0.0959173 -0.11636
v 0.388677 0.0897799 -0.153909
v 0.342566 0.0811513 -0.160191
v 0.335543 0.0936474 -0.114454
v 0.324007 0.10033 -0.0845186
v 0.404657 0.132506 0.0310471
v -0.0540859 0.116976 -0.0784668
v 0.0376675 0.130475 -0.0161166
v 0.063518 0.132076 -0.000877978
v 0.0771392 0.125849 -0.0191845
v 0.348925 0.0872344 -0.160846
v 0.34346 0.110664 -0.0289192
v 0.447941 0.122638 -0.0140948
v 0.449269 0.1177 -0.0422767
v 0.0707023 0.124415 -0.11872
v 0.0620749 0.124026 -0.149358
v 0.0476579 0.127497 -0.163136
v 0.0178267 0.118687 -0.147991
v -0.049409 0.128987 -0.0343757
v 0.100819 0.119968 -0.0670502
v 0.454394 0.114479 -0.0776726
v 0.440985 0.102929 -0.106536
v 0.393678 0.0960282 -0.157532
v 0.4018 0.128571 0.0306744
v 0.434303 0.129772 0.0213549
v 0.0348091 0.117469 -0.174759
v -0.0303893 0.120102 -0.1389
v -0.0523846 0.123816 -0.0964754
v 0.394982 0.0988488 -0.155524
v 0.355395 0.0900321 -0.165586
v 0.338379 0.0905084 -0.150588
v 0.33457 0.0918783 -0.14286
v 0.336245 0.111512 -0.056462
v 0.362585 0.12604 -0.00845479
v 0.0747471 0.126351 -0.127216
v 0.0701263 0.12402 -0.131805
v -0.0381438 0.1272 -0.134899
v -0.0487225 0.135062 -0.0645554
v -0.0513878 0.135342 -0.0455733
v -0.0528122 0.132367 -0.0392542
v -0.0241349 0.138972 0.00018818
v 0.0450917 0.13732 -0.0154225
v 0.0846853 0.128902 -0.0359324
v 0.45093 0.108403 -0.0898463
v 0.434424 0.10488 -0.115763
v 0.41082 0.102335 -0.117092
v 0.3737 0.0954729 -0.168347
v 0.367684 0.0952614 -0.170187
v 0.322277 0.0985127 -0.106389
v 0.329224 0.105183 -0.0673191
v 0.332833 0.117704 -0.0733142
v 0.358444 0.123531 -0.0223931
v 0.414509 0.133965 0.0275229
v 0.447219 0.128586 -0.0136371
v 0.452562 0.125394 -0.0432997
v -0.0231586 0.138543 -0.149567
v -0.0456025 0.134082 -0.123408
v -0.0130757 0.137446 -0.00533286
v 0.0310324 0.138351 -0.0151722
v 0.0804693 0.135228 -0.0445913
v 0.0978824 0.127073 -0.0570595
v 0.454953 0.119565 -0.0901351
v 0.404847 0.0990741 -0.120928
v 0.319554 0.0995787 -0.12059
v 0.349824 0.133938 -0.0132789
v 0.373579 0.12991 0.0147616
v 0.380924 0.13374 0.0236199
v 0.383515 0.140946 0.0268044
v 0.437175 0.132941 0.0105829
v 0.454929 0.124489 -0.0571861
v 0.0855187 0.132799 -0.13555
v 0.0258053 0.13134 -0.166919
v 0.026207 0.131906 -0.145476
v 0.0133488 0.122444 -0.137168
v -0.0524932 0.129087 -0.0728167
v -0.0467323 0.137404 -0.033224
v -0.0177426 0.142495 -0.00120504
v 0.000310026 0.137483 -0.00810528
v 0.103821 0.130606 -0.0884496
v 0.426186 0.103709 -0.119406
v 0.43322 0.133803 0.0150425
v 0.0329959 0.128844 -0.168205
v 0.00106765 0.124072 -0.131611
v 0.0677779 0.140576 -0.0346315
v 0.393147 0.106026 -0.138918
v 0.360858 0.129481 -0.0295253
v 0.358564 0.127813 -0.0203685
v 0.0669048 0.132564 -0.141624
v 0.00402245 0.133325 -0.141406
v -0.013334 0.135802 -0.150881
v -0.0495678 0.13375 -0.101331
v -0.0293695 0.141139 -0.00533608
v 0.0276098 0.145834 -0.0128403
v 0.0545609 0.142024 -0.00964391
v 0.0616462 0.138353 -0.00485835
v 0.0781659 0.13749 -0.0549455
v 0.0947773 0.135394 -0.0758501
v 0.376314 0.103135 -0.169117
v 0.322693 0.100342 -0.151405
v 0.317922 0.111509 -0.11612
v 0.318844 0.10954 -0.0986527
v 0.349701 0.123182 -0.0664684
v 0.343809 0.137438 -0.0261548
v 0.365879 0.144041 0.013492
v 0.395575 0.142706 0.0284087
v 0.429788 0.138867 0.00156887
v 0.441293 0.133779 -0.0100261
v 0.104356 0.137246 -0.101213
v 0.0898915 0.12939 -0.132648
v 0.0661095 0.136644 -0.143429
v -0.0401464 0.142888 -0.0298472
v -0.000336381 0.141693 -0.0112053
v 0.0485894 0.151299 -0.0149021
v 0.0999647 0.136381 -0.0876601
v 0.430162 0.118287 -0.131234
v 0.351794 0.0971183 -0.16751
v 0.322022 0.105868 -0.164031
v 0.316854 0.106289 -0.14645
v 0.401021 0.142432 0.025936
v 0.450346 0.130017 -0.0296832
v -0.0301423 0.150184 -0.0416096
v -0.0248405 0.14859 -0.00334215
v -0.000320648 0.151454 -0.0247223
v 0.0194493 0.154044 -0.0189113
v 0.0603464 0.145072 -0.0660267
v 0.0713299 0.142907 -0.077153
v 0.0994286 0.141154 -0.0982942
v 0.0953288 0.137973 -0.125774
v 0.0593727 0.13203 -0.152995
v 0.0544822 0.140531 -0.153631
v 0.0356813 0.136184 -0.166594
v 0.455671 0.12453 -0.0783947
v 0.441187 0.118082 -0.11609
v 0.415288 0.11426 -0.141733
v 0.409663 0.112138 -0.139497
v 0.393121 0.111072 -0.13659
v 0.339017 0.103176 -0.174309
v 0.3511 0.121664 -0.0495326
v 0.362008 0.133925 -0.0483234
v -0.0471776 0.137391 -0.0966912
v -0.0393389 0.142366 -0.058974
v -0.00893633 0.149686 -0.0195585
v 0.0293947 0.152521 -0.0153298
v 0.0448277 0.155718 -0.0257232
v 0.0624007 0.143711 -0.0225156
v 0.0792448 0.142428 -0.0926688
v 0.102549 0.142086 -0.110948
v 0.0558958 0.145965 -0.0522767
v 0.0619128 0.148584 -0.0792901
v 0.0365508 0.140086 -0.167146
v 0.0231845 0.135806 -0.141088
v -0.0350316 0.148212 -0.0768098
v -0.010945 0.152232 -0.00563741
v 0.411416 0.141454 0.0179385
v 0.449472 0.136623 -0.0371894
v 0.451791 0.135283 -0.0579116
v 0.448356 0.117001 -0.105334
v 0.399815 0.11118 -0.134325
v 0.362168 0.101362 -0.173172
v 0.427728 0.111128 -0.12821
v 0.378199 0.111887 -0.154361
v 0.324675 0.116288 -0.101245
v 0.343673 0.122552 -0.090631
v 0.434101 0.140296 -0.00776291
v 0.447395 0.136356 -0.0280259
v 0.0758658 0.145031 -0.092666
v 0.0867881 0.145431 -0.0977782
v 0.0988612 0.148766 -0.104632
v 0.0374178 0.143757 -0.156663
v -0.0287754 0.143191 -0.146214
v -0.0351567 0.151377 -0.0858442
v -0.025583 0.153373 -0.025891
v 0.319183 0.113665 -0.143884
v 0.358273 0.12917 -0.0718482
v 0.35859 0.139935 -0.0491983
v 0.389234 0.146833 0.0278901
v 0.447326 0.141088 -0.0453353
v 0.0361626 0.15659 -0.0203004
v 0.079468 0.153299 -0.0850624
v 0.0992148 0.150405 -0.12474
v 0.0760534 0.139967 -0.144712
v 0.0519501 0.14555 -0.167486
v -0.0429995 0.139281 -0.130416
v -0.0392562 0.1549 -0.131711
v -0.0207411 0.151525 0.00208748
v -0.015633 0.150812 0.00324906
v 0.363179 0.13809 -0.0353258
v 0.341545 0.140043 -0.0383758
v 0.373395 0.147318 0.0215858
v 0.442107 0.146215 -0.0188502
v 0.454362 0.125552 -0.0880726
v 0.378258 0.115839 -0.155408
v 0.366563 0.115802 -0.165685
v 0.345912 0.10601 -0.181917
v 0.33087 0.107303 -0.174118
v 0.317672 0.113856 -0.156788
v 0.323236 0.123988 -0.14049
v 0.326733 0.120013 -0.130237
v 0.333619 0.121602 -0.117302
v 0.337951 0.12487 -0.117984
v -0.0146877 0.16255 0.00304038
v -0.00101401 0.161674 -0.00440521
v 0.0400968 0.15627 -0.0526237
v 0.0896451 0.140865 -0.132174
v 0.0382663 0.146943 -0.154508
v 0.028246 0.144706 -0.150375
v 0.0135533 0.145267 -0.156056
v -0.0419532 0.150443 -0.107458
v 0.340352 0.143667 -0.0251466
v 0.40218 0.153728 0.0219937
v 0.412349 0.147083 0.015289
v 0.428729 0.144563 0.000689622
v 0.453314 0.129572 -0.0979987
v 0.417768 0.122238 -0.148216
v 0.395336 0.118874 -0.15995
v 0.325933 0.111678 -0.170099
v 0.352783 0.133514 -0.0809003
v 0.00560239 0.1586 -0.0320669
v 0.0507674 0.158582 -0.0689742
v 0.0643871 0.155592 -0.0730327
v 0.0779682 0.15185 -0.133466
v 0.0765458 0.147752 -0.14612
v 0.0616114 0.14902 -0.164346
v 0.0267655 0.15337 -0.160803
v -0.0456895 0.146799 -0.123547
v -0.0239584 0.157193 -0.0403551
v 0.361066 0.150546 0.00137006
v 0.429467 0.155465 0.00300267
v 0.451341 0.131832 -0.0756564
v 0.352709 0.112719 -0.179697
v 0.349393 0.128229 -0.0931575
v 0.00989376 0.165798 -0.0490683
v 0.0283907 0.162949 -0.0581432
v 0.0559031 0.161806 -0.0642561
v 0.0520833 0.152796 -0.163219
v -0.0100502 0.149053 -0.161295
v -0.0183956 0.160264 -0.0227911
v -0.0165893 0.161444 -0.00352395
v 0.348149 0.145051 -0.0453564
v 0.369125 0.161657 0.0154588
v 0.392833 0.157954 0.0242529
v 0.374756 0.121748 -0.174127
v 0.328436 0.118993 -0.166555
v -0.00237496 0.158105 -0.0308702
v 0.0444692 0.158057 -0.0700323
v 0.0649042 0.159528 -0.0728139
v 0.0906281 0.158899 -0.0997284
v -0.0443267 0.152841 -0.118866
v -0.0269475 0.160816 -0.0626473
v 0.338987 0.150118 -0.0534886
v 0.333544 0.154977 -0.0368724
v 0.350253 0.146871 -0.0126236
v 0.44115 0.148309 -0.0378784
v 0.451441 0.140523 -0.086844
v 0.347099 0.118465 -0.183281
v 0.320246 0.125139 -0.154263
v 0.33291 0.126922 -0.125629
v 0.339423 0.139615 -0.0836827
v 0.0577299 0.166119 -0.0657776
v 0.0988168 0.153997 -0.107187
v 0.0665045 0.153575 -0.162429
v 0.04903 0.158057 -0.16465
v 0.0085659 0.147645 -0.159139
v -0.0345703 0.15665 -0.0891839
v -0.0251064 0.16671 -0.0568461
v 0.444003 0.147252 -0.0547272
v 0.427617 0.132154 -0.140651
v 0.357839 0.12063 -0.183079
v 0.329334 0.131769 -0.126705
v 0.337867 0.132729 -0.115697
v 0.336319 0.140096 -0.0967894
v 0.0728711 0.16102 -0.0836419
v 0.0916725 0.159707 -0.124398
v 0.0677071 0.157206 -0.142953
v -0.0168801 0.166601 -0.023665
v -0.00102214 0.166079 0.00156518
v 0.0133698 0.176517 -0.0111008
v 0.362057 0.162302 -0.00624707
v 0.423206 0.160236 0.00769205
v 0.445575 0.143093 -0.07137
v 0.441728 0.130914 -0.118312
v 0.396369 0.122426 -0.163458
v 0.357135 0.124872 -0.18384
v 0.351046 0.127183 -0.170254
v 0.0777023 0.163349 -0.100188
v 0.0942825 0.154577 -0.130986
v 0.082444 0.159184 -0.141161
v 0.0630543 0.160825 -0.159044
v 0.00742211 0.15917 -0.157524
v -0.0346395 0.16454 -0.0865087
v 0.0142721 0.181904 -0.00540251
v 0.35827 0.156873 -0.0100531
v 0.442843 0.146974 -0.0239263
v 0.403211 0.127572 -0.15879
v 0.341482 0.127249 -0.161664
v 0.319665 0.149254 -0.0963231
v 0.013993 0.176337 -0.0568133
v 0.0653594 0.164827 -0.0877057
v 0.080007 0.164365 -0.12479
v 0.0840187 0.167632 -0.141591
v 0.0719797 0.162638 -0.150854
v 0.0581256 0.161128 -0.166843
v 0.0516719 0.163682 -0.166209
v -0.0169267 0.160666 -0.159349
v -0.0383855 0.158729 -0.104347
v 0.331813 0.15601 -0.0610435
v 0.324215 0.156026 -0.0540613
v 0.388662 0.166493 0.0190769
v 0.431046 0.165746 -0.00558226
v 0.364369 0.126048 -0.185749
v 0.339933 0.133461 -0.156627
v 0.328862 0.141985 -0.11445
v 0.331049 0.150481 -0.10201
v 0.0385434 0.167415 -0.0718734
v 0.0234246 0.163659 -0.156942
v -0.00864326 0.156762 -0.16334
v -0.0101632 0.164712 -0.164726
v -0.0452056 0.162565 -0.121185
v -0.0159011 0.170192 -0.00242414
v -0.00644523 0.166964 0.00591912
v 0.401956 0.164784 0.0155162
v 0.435597 0.156126 -0.00566276
v 0.447148 0.149474 -0.0748999
v 0.451358 0.154722 -0.0799344
v 0.44884 0.145329 -0.100166
v 0.395071 0.13747 -0.154611
v 0.381363 0.130125 -0.175285
v 0.355317 0.130546 -0.17887
v 0.321023 0.134409 -0.138266
v 0.0583261 0.167112 -0.0790763
v 0.0785051 0.167258 -0.153522
v 0.0601167 0.169216 -0.174124
v 0.0191094 0.167398 -0.163377
v -0.0425653 0.168229 -0.111642
v -0.0116747 0.169822 0.00679642
v 0.365225 0.171133 0.0121022
v 0.382237 0.172701 0.0180978
v 0.434593 0.140747 -0.132116
v 0.335665 0.131588 -0.153623
v 0.33327 0.150809 -0.10685
v 0.0280354 0.175122 -0.0686127
v 0.00791769 0.171265 -0.171241
v 0.000581426 0.170516 -0.169367
v -0.0432114 0.167432 -0.12337
v 0.305991 0.158273 -0.114595
v 0.326853 0.165827 -0.0458242
v 0.342483 0.165079 -0.0336546
v 0.375084 0.166618 0.0212189
v 0.40099 0.173545 0.00908684
v 0.420101 0.171541 0.00298801
v 0.438449 0.157178 -0.0357946
v 0.443461 0.152669 -0.0626493
v 0.36289 0.133897 -0.187698
v 0.355269 0.136473 -0.183538
v 0.343992 0.135706 -0.165388
v 0.0576568 0.173186 -0.0707878
v 0.0514723 0.174857 -0.0839386
v 0.033704 0.169639 -0.176993
v 0.0254236 0.17581 -0.180958
v -0.0220894 0.162257 -0.152562
v -0.0283946 0.176463 -0.0589636
v 0.416075 0.136889 -0.143974
v 0.397523 0.14477 -0.146213
v 0.383934 0.134877 -0.169822
v 0.334198 0.141647 -0.175583
v 0.334467 0.144869 -0.145773
v 0.327182 0.143428 -0.138985
v 0.326516 0.148157 -0.136008
v 0.326676 0.148928 -0.125033
v 0.0514995 0.180771 -0.058063
v 0.0555206 0.17441 -0.135326
v 0.0573906 0.178365 -0.18596
v 0.0538748 0.172563 -0.182467
v 0.00764935 0.175707 -0.175162
v 0.00260542 0.182836 -0.170464
v 0.33609 0.143313 -0.179502
v 0.312271 0.155185 -0.121394
v 0.30548 0.169058 -0.077571
v 0.314671 0.166009 -0.0591691
v 0.35564 0.169937 -0.0244717
v 0.355567 0.182996 -0.0323831
v 0.361776 0.181151 0.00305858
v 0.377536 0.181384 0.0166366
v 0.451393 0.167448 -0.0644771
v 0.0508388 0.171566 -0.103626
v 0.0652487 0.177516 -0.154237
v -0.0193883 0.175842 -0.034802
v -0.0206163 0.182276 -0.024193
v 0.442969 0.154593 -0.105543
v 0.305075 0.162402 -0.0978422
v 0.401475 0.180948 0.00561168
v 0.429403 0.172409 -0.00800112
v 0.0223166 0.185451 -0.0626776
v 0.0457297 0.176157 -0.0582785
v 0.059168 0.177415 -0.0630707
v 0.062874 0.182442 -0.0713569
v 0.0565852 0.186788 -0.183406
v -0.017417 0.19697 -4.53608e-005
v -0.0118321 0.196807 0.0039411
v -0.00632915 0.185663 0.00609206
v 0.41754 0.150944 -0.143149
v 0.362988 0.142445 -0.178479
v 0.330415 0.151081 -0.176461
v 0.304154 0.174219 -0.0792455
v 0.312207 0.17328 -0.0606455
v 0.350513 0.189166 -0.0421908
v 0.0286162 0.182439 -0.0661982
v 0.0541301 0.179419 -0.080845
v -0.044934 0.17653 -0.110246
v -0.0487181 0.183859 -0.0896145
v -0.0364752 0.178878 -0.0719488
v 0.00255406 0.189479 0.00447595
v 0.451392 0.156931 -0.0844386
v 0.357382 0.141698 -0.182042
v 0.307159 0.158334 -0.139466
v 0.303332 0.16383 -0.128664
v 0.317952 0.182039 -0.0581689
v 0.419606 0.176732 -0.000169888
v 0.438053 0.168325 -0.0323289
v 0.445445 0.164843 -0.0545533
v 0.0513153 0.182338 -0.129246
v 0.070585 0.176141 -0.161678
v 0.0668265 0.174626 -0.172005
v -0.0289251 0.181369 -0.136061
v -0.0225018 0.188742 -0.0132447
v 0.0429976 0.17804 -0.185833
v -0.0121882 0.176525 -0.161499
v -0.0193209 0.179234 -0.15154
v -0.0407014 0.189181 -0.112282
v 0.0655573 0.192486 -0.0728506
v 0.0505823 0.188704 -0.0993874
v 0.0552745 0.185163 -0.164162
v 0.396791 0.150186 -0.146659
v 0.321112 0.151394 -0.175311
v 0.304445 0.1734 -0.101515
v 0.446741 0.166865 -0.0835768
v 0.438982 0.158094 -0.117543
v 0.360578 0.15044 -0.161361
v 0.307223 0.159272 -0.155224
v 0.304314 0.177681 -0.077331
v 0.0306955 0.193819 -0.0271804
v 0.0321024 0.192402 -0.0556943
v 0.0426567 0.20191 -0.0498399
v 0.0486664 0.180312 -0.103774
v 0.0521028 0.18361 -0.146818
v -0.02069 0.191788 -0.00512789
v 0.0219315 0.191819 -0.00882537
v 0.391493 0.157546 -0.152405
v 0.354308 0.15686 -0.164818
v 0.310912 0.162401 -0.164135
v 0.303579 0.170687 -0.128056
v 0.35907 0.190176 0.000621315
v 0.370951 0.185055 0.0148431
v 0.382496 0.185272 0.0142504
v 0.439717 0.164134 -0.0406992
v 0.0317721 0.196272 -0.0445423
v 0.0363821 0.198835 -0.0496346
v 0.047377 0.190988 -0.0546733
v 0.0544742 0.193023 -0.0622089
v 0.0487175 0.190647 -0.159045
v -0.0245904 0.199026 -0.0249033
v 0.00886973 0.185293 0.000877378
v 0.435468 0.15395 -0.128022
v 0.340886 0.15586 -0.170299
v 0.303787 0.169356 -0.149855
v 0.306872 0.178225 -0.122163
v 0.306261 0.182625 -0.0895554
v 0.310224 0.18785 -0.0664198
v 0.431706 0.179306 -0.0112022
v 0.033363 0.199342 -0.0199773
v 0.0501955 0.195783 -0.120524
v -0.0193073 0.188918 -0.149794
v -0.0297332 0.189669 -0.127075
v -0.0474094 0.188924 -0.0802032
v -0.0292052 0.204406 -0.0460728
v 0.42767 0.152738 -0.137717
v 0.365835 0.156014 -0.158532
v 0.339433 0.164172 -0.174675
v 0.329091 0.16422 -0.17621
v 0.388576 0.194634 0.00878015
v 0.449742 0.175099 -0.0721954
v 0.0555887 0.202315 -0.106012
v 0.0242088 0.190652 -0.182367
v -0.0345884 0.192955 -0.0600293
v 0.409824 0.160873 -0.148408
v 0.319935 0.160357 -0.175036
v 0.355436 0.192493 -0.0318042
v 0.0597848 0.20498 -0.0532938
v 0.0654264 0.194617 -0.0829861
v -0.0238224 0.203097 -0.0110432
v 0.440043 0.167416 -0.109837
v 0.361059 0.166092 -0.172767
v 0.323885 0.168406 -0.173981
v 0.318908 0.198206 -0.0634798
v 0.438723 0.182116 -0.0196451
v 0.450236 0.180724 -0.0623931
v 0.447003 0.173222 -0.0878588
v 0.0513515 0.20004 -0.193539
v 0.00928301 0.210329 0.000878369
v 0.0255029 0.202221 -0.00804489
v 0.0699278 0.216328 -0.0535945
v 0.0566433 0.197792 -0.188396
v -0.049225 0.191528 -0.096883
v 0.0403699 0.206866 -0.0214987
v 0.356131 0.201255 -0.00581232
v 0.424607 0.183195 -0.00362408
v 0.38347 0.164688 -0.161053
v 0.424057 0.177365 -0.13578
v 0.333875 0.170117 -0.176571
v 0.315668 0.174488 -0.160954
v 0.306075 0.181423 -0.144529
v 0.432408 0.190691 -0.00722962
v 0.44446 0.182428 -0.036508
v 0.447605 0.178189 -0.0531172
v 0.0694361 0.201666 -0.08101
v 0.0511351 0.199764 -0.13783
v 0.050787 0.2057 -0.150283
v 0.0498327 0.197015 -0.166817
v -0.0251555 0.198903 -0.139651
v -0.053022 0.200076 -0.0926414
v 0.0447982 0.207622 -0.0401053
v 0.0524733 0.206471 -0.123028
v 0.0392155 0.203126 -0.191706
v 0.0135842 0.196564 -0.17372
v 0.365084 0.187194 0.0102196
v 0.359909 0.174061 -0.176059
v 0.33541 0.195719 -0.0552845
v 0.0730232 0.210118 -0.0736064
v 0.0633437 0.207433 -0.0995528
v -0.025134 0.215995 -0.0095283
v 0.0264262 0.219452 -0.00695066
v 0.40048 0.196221 0.00261241
v 0.44824 0.181942 -0.0761161
v 0.447498 0.178264 -0.0936618
v 0.391564 0.169255 -0.159479
v 0.331103 0.18011 -0.170103
v 0.308551 0.182471 -0.10198
v 0.433272 0.176561 -0.123659
v 0.412855 0.169892 -0.147456
v 0.0580006 0.210014 -0.174338
v -0.0157326 0.209745 -0.151197
v -0.037907 0.215809 -0.0587318
v 0.369565 0.17669 -0.1754
v 0.308628 0.178921 -0.156228
v 0.392554 0.205168 0.00227674
v 0.412112 0.183788 0.000980954
v 0.450528 0.195771 -0.0443015
v 0.448732 0.188311 -0.0574916
v 0.061177 0.218439 -0.0445956
v 0.0708138 0.212997 -0.089602
v 0.0296649 0.205055 -0.18608
v 0.0119455 0.210824 -0.170184
v -0.0204137 0.205978 -0.147454
v -0.0373405 0.200358 -0.120807
v -0.0485441 0.206622 -0.104862
v 0.00126831 0.212503 0.00257651
v 0.0539322 0.219262 -0.0281764
v 0.416662 0.183655 -0.138847
v 0.318836 0.181453 -0.163379
v 0.305845 0.180636 -0.150752
v 0.319273 0.202885 -0.134185
v 0.314219 0.195099 -0.109216
v 0.350095 0.211061 -0.0535714
v 0.354113 0.206112 -0.045949
v 0.368391 0.208242 0.00721473
v 0.37836 0.2057 0.0062667
v 0.40025 0.207237 0.000193657
v 0.0536033 0.211363 -0.145303
v -0.0323101 0.227634 -0.0373834
v 0.0579631 0.206859 -0.189778
v -0.0534717 0.202648 -0.0815568
v 0.411877 0.210781 -0.00076615
v 0.428107 0.200031 -0.00400965
v 0.444892 0.200744 -0.0103
v 0.313279 0.200139 -0.156051
v 0.313407 0.198671 -0.104493
v 0.307432 0.196421 -0.0867716
v 0.0721856 0.227701 -0.0471003
v 0.0756818 0.222946 -0.0669454
v 0.0658566 0.219368 -0.119859
v 0.0378901 0.214005 -0.191966
v -0.0437381 0.201241 -0.0688924
v -0.0286577 0.210982 -0.0411242
v -0.0159416 0.214679 -0.000414132
v 0.0353068 0.223605 -0.0109533
v 0.0485821 0.224341 -0.0200317
v 0.369415 0.214031 0.00412322
v 0.447696 0.193333 -0.0253502
v 0.447478 0.192462 -0.0680731
v 0.449593 0.184916 -0.0846843
v 0.37118 0.182178 -0.175232
v 0.345193 0.181339 -0.17481
v 0.31566 0.204331 -0.112253
v 0.391542 0.180795 -0.157451
v 0.356027 0.190879 -0.183663
v 0.316378 0.191228 -0.167879
v 0.356736 0.205389 0.00313997
v 0.0665601 0.227255 -0.0383494
v 0.066288 0.223698 -0.151209
v 0.063187 0.22272 -0.184152
v 0.0180181 0.21885 -0.168592
v -0.00848382 0.215646 -0.154312
v -0.0428771 0.213848 -0.123893
v -0.015043 0.231977 -0.0030881
v 0.434278 0.187511 -0.120239
v 0.356329 0.20791 -0.0243419
v 0.0707912 0.225985 -0.119868
v 0.0636337 0.220502 -0.166199
v 0.0379868 0.226519 -0.192899
v -0.0460919 0.225676 -0.0694363
v -0.0035935 0.223049 0.00152821
v 0.0186901 0.22296 -0.00286887
v 0.0653918 0.240407 -0.0255135
v 0.395873 0.193593 -0.140719
v 0.365639 0.191572 -0.177166
v 0.347238 0.191281 -0.184689
v 0.337114 0.187242 -0.17235
v 0.311831 0.211116 -0.0739005
v 0.362522 0.211138 0.00606627
v 0.425928 0.20922 -0.00328401
v 0.0651803 0.229457 -0.0311832
v 0.0464759 0.214208 -0.195802
v -0.0231342 0.218139 -0.144815
v -0.0561676 0.218629 -0.0812094
v -0.0317197 0.218309 -0.0485985
v 0.326659 0.196426 -0.177115
v 0.306695 0.209184 -0.0931118
v 0.306531 0.211751 -0.0837123
v 0.359466 0.229113 0.00098417
v 0.0748606 0.231392 -0.109839
v 0.0257551 0.220044 -0.175356
v 0.000736812 0.223258 -0.155463
v -0.0404408 0.21435 -0.128517
v -0.0554161 0.217185 -0.0947749
v -0.0231218 0.233106 -0.00891287
v 0.312933 0.197202 -0.163744
v 0.309382 0.213127 -0.106232
v 0.452449 0.204266 -0.0565709
v 0.0691989 0.228784 -0.161417
v 0.0296672 0.245183 -0.00406233
v 0.449932 0.193767 -0.0929341
v 0.378186 0.19337 -0.159306
v 0.36547 0.202121 -0.171242
v 0.353199 0.222279 -0.0231822
v 0.382218 0.216978 0.00117315
v 0.406494 0.219024 -0.000103143
v 0.442111 0.21929 -0.00376465
v 0.453881 0.208131 -0.0399166
v 0.0697861 0.244942 -0.0284531
v 0.0573762 0.217232 -0.193322
v 0.0215478 0.227398 -0.173776
v -0.058004 0.223561 -0.0915991
v 0.0523657 0.246968 -0.0167308
v 0.423923 0.198648 -0.122872
v 0.305456 0.222558 -0.0925472
v 0.452643 0.205822 -0.0189236
v 0.0749242 0.236108 -0.0581194
v 0.0138899 0.226544 -0.163713
v -0.0419371 0.221685 -0.12483
v 0.454883 0.204081 -0.081639
v 0.43356 0.208829 -0.110625
v 0.321665 0.200702 -0.177504
v 0.320842 0.209526 -0.130824
v 0.322534 0.224641 -0.0729682
v 0.352881 0.234689 -0.0393094
v 0.374195 0.226523 0.00560793
v 0.398014 0.224178 0.000565131
v 0.0760983 0.235956 -0.0863671
v -0.0237581 0.228622 -0.137669
v -0.0302012 0.224212 -0.0198133
v 0.344718 0.205226 -0.189452
v 0.319069 0.225967 -0.129755
v 0.0755322 0.231468 -0.0951061
v 0.0478616 0.232658 -0.196721
v 0.0727188 0.237704 -0.0427758
v 0.0770553 0.240764 -0.131095
v 0.0720009 0.235913 -0.164452
v 0.0326036 0.235316 -0.193029
v -0.00614405 0.235661 -0.150184
v -0.0496341 0.223963 -0.116731
v -0.0583408 0.227791 -0.0850763
v -0.00974951 0.233593 -0.00066792
v 0.0423348 0.24455 -0.0108877
v 0.457316 0.204853 -0.0677354
v 0.441168 0.211287 -0.100919
v 0.404161 0.205286 -0.130007
v 0.335882 0.20031 -0.186332
v 0.354746 0.223664 -0.0455051
v 0.352902 0.221238 -0.0143081
v 0.317453 0.238747 -0.0800966
v 0.346067 0.232078 -0.0640719
v 0.422363 0.21939 -0.000887551
v 0.455176 0.217523 -0.0340722
v -0.0130361 0.230772 -0.146573
v 0.0125986 0.239523 -0.000612249
v 0.451289 0.215291 -0.0854132
v 0.384137 0.198842 -0.150877
v 0.356063 0.198897 -0.183899
v 0.319813 0.211576 -0.165377
v 0.309282 0.226922 -0.083321
v 0.459055 0.215823 -0.0534008
v 0.0601487 0.240634 -0.189965
v 0.00525414 0.242115 -0.160747
v -0.0338728 0.241379 -0.0292185
v 0.337511 0.217292 -0.0649653
v 0.370124 0.239737 0.00405134
v 0.379366 0.236823 0.00556195
v 0.45486 0.222184 -0.0270334
v 0.0691638 0.238809 -0.178273
v -0.0568631 0.242383 -0.0828036
v -0.0384593 0.24506 -0.0575255
v 0.0239241 0.246165 -0.00187103
v 0.396461 0.202628 -0.138394
v 0.370515 0.210957 -0.164585
v 0.32172 0.211438 -0.176752
v 0.352427 0.228465 -0.00782859
v 0.391057 0.234782 0.0036981
v 0.431716 0.234531 0.000812128
v 0.446561 0.225644 -0.0110999
v 0.0393301 0.237658 -0.196605
v -0.0146709 0.243957 -0.143727
v -0.0266703 0.244567 -0.133527
v -0.0357284 0.245759 -0.0513606
v 0.0696353 0.262629 -0.0254921
v 0.349404 0.221618 -0.186525
v 0.33499 0.21337 -0.191844
v 0.325553 0.21144 -0.184173
v 0.323582 0.219403 -0.140862
v 0.306442 0.233257 -0.106658
v 0.338502 0.251664 -0.0721906
v 0.357869 0.247164 -0.00258039
v 0.0778251 0.250784 -0.0947525
v 0.0773292 0.249423 -0.150059
v 0.0434958 0.246048 -0.194179
v 0.00336064 0.244555 6.7245e-005
v 0.328597 0.223414 -0.165979
v 0.325599 0.219354 -0.152777
v 0.459821 0.223311 -0.0568071
v 0.0735564 0.267161 -0.0330992
v 0.0755913 0.253505 -0.0772913
v 0.0616277 0.251408 -0.185945
v -0.0507086 0.24196 -0.11551
v -0.0308858 0.24349 -0.0170712
v 0.392943 0.218922 -0.145195
v 0.387809 0.213476 -0.151153
v 0.310473 0.227312 -0.116359
v 0.344712 0.258692 -0.0372867
v 0.352232 0.238471 -0.00827732
v 0.0728139 0.250466 -0.045885
v 0.0809408 0.255103 -0.12968
v -0.00127825 0.250479 -0.153535
v -0.0416668 0.238962 -0.126559
v -0.0125063 0.256333 -0.00388203
v 0.4284 0.225071 -0.109202
v 0.335271 0.224719 -0.193203
v 0.350234 0.241254 -0.0551614
v 0.413141 0.245619 0.00218442
v 0.0827621 0.264969 -0.120109
v 0.0687773 0.245979 -0.180851
v 0.0697259 0.261154 -0.175423
v 0.0193143 0.254206 -0.190315
v -0.0347905 0.24994 -0.0397436
v -0.01897 0.249468 -0.00632526
v 0.459375 0.220297 -0.0678409
v 0.340767 0.224998 -0.193821
v 0.308465 0.240981 -0.0910412
v 0.350151 0.248274 -0.0481117
v 0.400785 0.243414 0.00251185
v 0.424253 0.248914 0.00144864
v 0.0767951 0.25509 -0.157706
v 0.017789 0.240681 -0.184004
v 0.010092 0.247226 -0.177987
v -0.058698 0.240869 -0.0957908
v -0.0602862 0.255173 -0.0959618
v 0.306665 0.238035 -0.0925208
v 0.455721 0.230014 -0.0259992
v 0.0337813 0.250853 -0.194011
v -0.0582314 0.252715 -0.0868683
v 0.0122593 0.257518 0.000898503
v 0.444722 0.227907 -0.091371
v 0.411286 0.23122 -0.120242
v 0.332058 0.226767 -0.18783
v 0.330857 0.231969 -0.166854
v 0.323179 0.230288 -0.141809
v 0.32959 0.242747 -0.171249
v 0.34593 0.254435 -0.0249962
v 0.379404 0.250845 0.00550271
v 0.437357 0.224929 -0.00208797
v 0.461364 0.231237 -0.0583269
v -0.0481301 0.247171 -0.0712969
v -0.00392416 0.243384 -0.00062817
v 0.0256377 0.266519 0.00106057
v -0.00398159 0.267162 -0.171403
v 0.425609 0.235371 -0.105618
v 0.400253 0.236592 -0.139167
v 0.447961 0.250634 -0.0128681
v 0.458889 0.240911 -0.041345
v 0.0857931 0.278156 -0.1292
v -0.0197175 0.254809 -0.140971
v -0.0393585 0.25497 -0.123269
v -0.0579459 0.256798 -0.109102
v 0.039507 0.260272 -0.00384257
v 0.457598 0.242341 -0.0745009
v 0.384072 0.241009 -0.159239
v 0.377031 0.231436 -0.163382
v 0.314155 0.245117 -0.135848
v 0.389269 0.251695 0.00425738
v 0.407995 0.252646 0.002207
v 0.455416 0.245359 -0.027214
v 0.0746529 0.269351 -0.0804477
v 0.0534285 0.260397 -0.186947
v -0.0195544 0.269213 -0.00811722
v 0.0577571 0.274204 -0.0112951
v 0.0630716 0.264773 -0.0193148
v 0.334142 0.233887 -0.179501
v 0.344115 0.253432 -0.0674023
v 0.0837452 0.269076 -0.138321
v 0.0624893 0.2678 -0.180824
v 0.0273903 0.269968 -0.188835
v 0.341639 0.266364 -0.0250523
v 0.418398 0.259472 0.0010321
v 0.0739168 0.267653 -0.0626929
v 0.0135718 0.267363 -0.188528
v -0.0164803 0.279416 -0.154356
v -0.0461202 0.263464 -0.0735323
v -0.0303258 0.259456 -0.0177007
v -0.000242147 0.264604 -0.00138501
v 0.392947 0.240559 -0.149687
v 0.354032 0.238965 -0.189652
v 0.3331 0.240052 -0.17753
v 0.304547 0.25514 -0.113474
v 0.304833 0.251153 -0.10091
v 0.312192 0.251212 -0.0863149
v 0.325482 0.254997 -0.0782559
v 0.382794 0.275865 0.00444716
v 0.39839 0.26511 0.00399882
v 0.437254 0.255266 -0.00345431
v 0.080833 0.274046 -0.10633
v 0.305376 0.255993 -0.120003
v 0.306216 0.279573 -0.0961886
v 0.444831 0.255509 -0.00979984
v 0.0762056 0.281624 -0.0445432
v 0.0850389 0.282396 -0.12044
v -0.0164339 0.268534 -0.147301
v -0.0406962 0.268622 -0.129112
v 0.449108 0.242361 -0.0862011
v 0.320317 0.245389 -0.148951
v 0.349766 0.258072 -0.0133494
v 0.385262 0.260761 0.00559902
v 0.0705438 0.285744 -0.0240744
v 0.0824369 0.274121 -0.142693
v 0.0663141 0.276036 -0.173082
v -0.0395088 0.264285 -0.0634315
v -0.0258448 0.262356 -0.0122534
v -0.00439678 0.27856 -0.00355184
v 0.431665 0.24755 -0.103291
v 0.345475 0.235162 -0.19438
v 0.337647 0.254466 -0.186609
v 0.337853 0.269156 -0.0717138
v 0.374754 0.271121 0.00315504
v 0.406654 0.261325 0.0028557
v 0.0828842 0.292019 -0.11555
v 0.050951 0.278499 -0.185299
v -0.0544583 0.267393 -0.115135
v -0.0576922 0.267102 -0.0872717
v -0.0392492 0.277422 -0.0551817
v 0.0318736 0.266658 0.000487023
v 0.452679 0.251514 -0.0793079
v 0.312755 0.285108 -0.0838432
v 0.459399 0.246522 -0.0654156
v 0.0779105 0.296064 -0.0361106
v 0.0813006 0.28268 -0.139193
v -0.0591735 0.269251 -0.102074
v -0.0341489 0.266347 -0.0375853
v 0.0238893 0.271675 0.000673636
v 0.333332 0.247493 -0.180443
v 0.457312 0.256525 -0.0519862
v 0.0722895 0.293504 -0.0765319
v -0.0365266 0.277927 -0.136158
v 0.0520181 0.271494 -0.00815964
v 0.419286 0.25211 -0.121041
v 0.324192 0.25308 -0.175272
v 0.317525 0.256543 -0.156892
v 0.307277 0.248672 -0.121499
v 0.310152 0.267227 -0.088417
v 0.346783 0.261068 -0.0513519
v 0.430179 0.266037 -0.00218455
v 0.0780479 0.276477 -0.149867
v 0.0549621 0.2884 -0.177933
v 0.00254292 0.269328 -0.183249
v -0.0591411 0.282507 -0.0985079
v 0.0106424 0.29851 0.000524629
v 0.0437172 0.307199 0.00843511
v 0.361114 0.25243 -0.186439
v 0.338004 0.266397 -0.186907
v 0.311398 0.256713 -0.140869
v 0.304113 0.262385 -0.108763
v 0.456542 0.255419 -0.0377994
v 0.0857605 0.292264 -0.128583
v 0.0592638 0.292866 -0.163829
v -0.0230401 0.288566 -0.149715
v -0.0423806 0.28411 -0.0685128
v 0.0409802 0.282827 0.00236074
v 0.441379 0.253918 -0.0942435
v 0.351643 0.258558 -0.194176
v 0.338418 0.282451 -0.0683236
v 0.048038 0.290409 -0.183815
v 0.0112669 0.280587 -0.186728
v -0.0341085 0.265197 -0.025313
v 0.337845 0.242977 -0.194174
v 0.325751 0.275413 -0.0773794
v 0.339748 0.278824 -0.0531495
v 0.081061 0.28989 -0.138058
v 0.0360211 0.275843 -0.188705
v -0.0245119 0.28578 -0.0134977
v 0.0625184 0.288522 -0.012676
v 0.409209 0.259254 -0.132947
v 0.323385 0.266322 -0.182141
v 0.444732 0.271975 -0.0138309
v 0.452403 0.264406 -0.0262584
v 0.459974 0.257684 -0.0645585
v 0.076069 0.3063 -0.0968666
v -0.0571179 0.287061 -0.094433
v -0.0485216 0.280418 -0.0802575
v -0.0037829 0.304017 -0.00443276
v 0.0508332 0.295772 -9.24753e-005
v 0.394693 0.256617 -0.148032
v 0.376429 0.255613 -0.168996
v 0.407967 0.277181 0.00292171
v 0.419131 0.275738 0.00143836
v 0.0633379 0.299434 -0.154699
v 0.0652321 0.291449 -0.155807
v 0.0116118 0.289944 0.000633214
v 0.0779736 0.293472 -0.0444139
v -0.00436982 0.278749 -0.179605
v -0.0442286 0.300073 -0.129825
v -0.0336713 0.303112 -0.0435912
v -0.0116393 0.276258 -0.00506458
v 0.0315237 0.308251 0.0114939
v 0.0739001 0.296911 -0.0292346
v 0.395235 0.281639 0.00354355
v 0.422331 0.284761 3.31282e-007
v 0.433197 0.273044 -0.00440913
v 0.454694 0.267024 -0.0774556
v 0.437995 0.268928 -0.100968
v 0.311497 0.27412 -0.158557
v 0.304419 0.277665 -0.132919
v 0.431242 0.286884 -0.00353851
v 0.453871 0.274852 -0.035782
v 0.457345 0.268004 -0.0553346
v 0.455938 0.277148 -0.0743864
v 0.0732331 0.290165 -0.0637449
v 0.0587319 0.300043 -0.0100163
v 0.348459 0.281296 -0.0138356
v 0.446543 0.280233 -0.0209972
v 0.0786876 0.302099 -0.143036
v -0.0393242 0.297443 -0.136833
v -0.0483037 0.305525 -0.0800683
v -0.0188616 0.281737 -0.00875299
v 0.367008 0.266215 -0.180622
v 0.347649 0.270115 -0.192045
v 0.300642 0.293677 -0.120128
v 0.301121 0.294345 -0.108088
v 0.334186 0.28448 -0.0729009
v 0.334681 0.288832 -0.0470456
v 0.405814 0.295464 0.00269931
v 0.456437 0.269748 -0.0466406
v 0.082953 0.311779 -0.139981
v 0.0251699 0.295222 -0.19093
v 0.00508026 0.298288 -0.188287
v -0.0095836 0.292505 -0.175844
v -0.0563803 0.287203 -0.110167
v 0.0271793 0.316916 0.0132722
v 0.0676772 0.305223 -0.0222419
v 0.449784 0.273646 -0.0879578
v 0.333302 0.28234 -0.193881
v 0.309038 0.284119 -0.088574
v 0.334002 0.30086 -0.027361
v 0.355501 0.276732 -0.00739871
v 0.0808624 0.327904 -0.118398
v 0.0196582 0.299527 0.00588075
v 0.0747587 0.313476 -0.0291492
v 0.423655 0.263292 -0.116896
v 0.336808 0.290219 -0.0575372
v 0.33568 0.285629 -0.0301453
v 0.361449 0.276088 -0.00369052
v 0.369514 0.279562 0.000552924
v -0.0137236 0.287365 -0.167313
v 0.0577755 0.311537 -0.01209
v 0.380127 0.270893 -0.161763
v 0.366238 0.278437 -0.184735
v 0.34662 0.277066 -0.192311
v 0.0736226 0.302176 -0.0656738
v 0.046233 0.311022 -0.169661
v -0.055486 0.302782 -0.108396
v -0.0408873 0.296334 -0.0589809
v -0.0314986 0.287218 -0.0225018
v 0.0391712 0.305372 0.0099314
v 0.440107 0.280046 -0.00965418
v 0.444888 0.296237 -0.021337
v 0.454585 0.28446 -0.0469782
v 0.0240577 0.31166 -0.18695
v -0.0161048 0.307528 -0.0101985
v 0.0809578 0.316394 -0.0366738
v 0.454109 0.28623 -0.0807116
v 0.0447346 0.304708 -0.16994
v 0.0372831 0.292394 -0.189534
v -0.029757 0.310422 -0.022562
v 0.401581 0.279347 -0.137374
v 0.394686 0.289545 -0.145694
v 0.350804 0.28731 -0.19487
v 0.349294 0.301951 -0.0125415
v 0.390436 0.30332 0.00472393
v 0.432431 0.299345 -0.00596362
v 0.0666357 0.303191 -0.15274
v -6.77293e-005 0.31524 -0.188667
v 0.0121695 0.310469 0.00272155
v 0.358799 0.272435 -0.192128
v 0.0847057 0.303501 -0.124949
v 0.0826399 0.328619 -0.129262
v 0.0767501 0.319823 -0.152848
v -0.053469 0.310781 -0.0912671
v 0.441814 0.285423 -0.0990145
v 0.322503 0.284761 -0.18949
v 0.331005 0.299796 -0.0723011
v 0.453739 0.299009 -0.0540345
v 0.453898 0.292242 -0.0757483
v 0.0649483 0.32054 -0.0238575
v 0.0823008 0.329731 -0.0395652
v 0.0810724 0.322532 -0.0524085
v -0.0128217 0.315763 -0.17616
v 0.0455246 0.318318 0.00900226
v 0.299768 0.315382 -0.101638
v 0.327914 0.306494 -0.0733115
v 0.415859 0.294079 0.00143275
v 0.0543474 0.32553 -0.0152894
v 0.0547339 0.322348 -0.171471
v 0.0221903 0.322522 -0.181286
v 0.0394242 0.3296 0.0167804
v 0.443287 0.293426 -0.0981671
v 0.31985 0.305363 -0.193471
v 0.364926 0.310801 -0.00182007
v 0.375897 0.310121 0.00319778
v 0.382981 0.299601 0.00475181
v 0.444002 0.302154 -0.0229351
v 0.451366 0.29375 -0.0396556
v 0.0723953 0.324926 -0.0764601
v 0.0134649 0.31826 -0.189216
v -0.0360036 0.30199 -0.0496036
v 0.0351382 0.337058 0.0201891
v 0.44956 0.294904 -0.0885463
v 0.395274 0.305327 -0.148171
v 0.304524 0.30895 -0.0879156
v 0.311549 0.304009 -0.080873
v 0.333629 0.290569 -0.0438977
v 0.326921 0.307743 -0.0368986
v 0.407222 0.306804 0.00306211
v 0.0427954 0.336044 0.014797
v 0.0269448 0.314901 -0.180156
v -0.0329039 0.296518 -0.0306822
v 0.334638 0.291177 -0.194823
v 0.314408 0.277383 -0.17538
v 0.418964 0.307231 0.000789509
v 0.0483613 0.323996 0.00235669
v 0.0735561 0.342343 -0.0719627
v -0.0132152 0.331714 -0.180794
v -0.0270456 0.310944 -0.151555
v 0.30552 0.294811 -0.151774
v 0.300106 0.295808 -0.113679
v 0.328479 0.312559 -0.0571289
v 0.326244 0.322164 -0.0298793
v 0.439521 0.303694 -0.0158977
v 0.0580108 0.339422 -0.0193085
v 0.0771434 0.326998 -0.0304599
v 0.419185 0.293562 -0.118734
v 0.301629 0.294138 -0.136982
v 0.300078 0.299823 -0.129771
v 0.332341 0.3272 -0.0243429
v 0.447876 0.303639 -0.0360904
v 0.0524126 0.336177 -0.0145776
v 0.0665138 0.338084 -0.0244722
v 0.0818701 0.337543 -0.0527015
v 0.0772777 0.339191 -0.154989
v 0.0044135 0.318911 -0.190623
v -0.0529695 0.324337 -0.0877679
v 0.0217963 0.320566 0.0114272
v 0.39706 0.313392 0.00523942
v 0.0737081 0.337403 -0.0958155
v 0.0289158 0.325157 -0.179965
v -0.0466745 0.31011 -0.0685634
v 0.367358 0.293946 -0.185232
v 0.35359 0.314856 -0.00877387
v 0.384974 0.320008 0.00547444
v 0.359411 0.289494 -0.191858
v 0.296141 0.319285 -0.112436
v 0.415245 0.317892 0.00221172
v 0.44951 0.310298 -0.0438202
v 0.45142 0.311762 -0.0802783
v 0.0635606 0.347618 -0.0185387
v -0.0515766 0.328089 -0.116503
v -0.0343304 0.321828 -0.0316095
v 0.00608331 0.331316 -0.000442434
v -0.0190397 0.32157 -0.167439
v -0.0415429 0.321158 -0.136581
v 0.00532921 0.341274 0.0015769
v 0.312614 0.299688 -0.177763
v 0.324705 0.315216 -0.0362533
v 0.435324 0.321302 -0.00581553
v 0.451056 0.31641 -0.0570501
v 0.455054 0.307246 -0.0677496
v 0.0713227 0.352978 -0.0801524
v 0.0828655 0.326754 -0.138317
v 0.0673433 0.338297 -0.168903
v 0.063345 0.332676 -0.170008
v 0.0171847 0.33869 -0.183869
v 0.0302202 0.34918 0.0241943
v 0.341702 0.304857 -0.193625
v 0.303303 0.323352 -0.085732
v 0.387159 0.360914 0.0117704
v 0.396401 0.343392 0.00836059
v 0.0457605 0.346382 -0.0066993
v 0.0838251 0.342273 -0.0414395
v 0.0780148 0.339616 -0.0609702
v 0.00885063 0.334648 -0.184478
v -0.0290637 0.342372 -0.152683
v -0.0359899 0.322797 -0.0474843
v 0.326952 0.304213 -0.195085
v 0.305815 0.30757 -0.162674
v 0.294267 0.328612 -0.126915
v 0.319223 0.335599 -0.0579927
v 0.358868 0.337252 -0.00160266
v 0.443487 0.312471 -0.0234077
v 0.0416233 0.352108 0.0167591
v 0.0710668 0.348679 -0.0914878
v -0.0501236 0.320841 -0.120765
v -0.0547183 0.318202 -0.101871
v 0.0185415 0.342882 0.0162378
v 0.437674 0.301701 -0.102954
v 0.362161 0.313555 -0.189991
v 0.352796 0.308622 -0.192752
v 0.312773 0.328121 -0.0751679
v 0.320523 0.331118 -0.0633024
v 0.368654 0.333247 0.00296725
v 0.392748 0.340681 0.00852803
v 0.0786493 0.338822 -0.0312395
v 0.0822957 0.351776 -0.03565
v 0.0478556 0.350196 -0.185574
v -0.000415505 0.338663 -0.18599
v -0.00786827 0.338083 -0.185097
v -0.0544861 0.330188 -0.0920746
v 0.370185 0.315015 -0.18343
v 0.401058 0.336272 0.00668777
v 0.0601863 0.360992 -0.00614479
v -0.0210073 0.345825 -0.171153
v -0.054484 0.341989 -0.0832298
v -0.0424874 0.324551 -0.0589673
v -0.00962146 0.334147 -0.00996527
v 0.0180068 0.348825 0.0160674
v 0.374528 0.295615 -0.174084
v 0.377908 0.321803 -0.174122
v 0.298182 0.315937 -0.143037
v 0.313351 0.348139 -0.0344808
v 0.446624 0.329876 -0.0396585
v 0.0502981 0.354563 -0.0068821
v 0.0748112 0.359781 -0.121323
v 0.0413634 0.343266 -0.185171
v -0.0169294 0.35023 -0.178314
v -0.0258049 0.321613 -0.019676
v -0.00313929 0.349119 -0.00521768
v 0.444889 0.314569 -0.0944719
v 0.420835 0.321267 -0.122017
v 0.406997 0.323679 -0.138037
v 0.391459 0.324114 -0.15682
v 0.323667 0.315646 -0.196305
v 0.320698 0.330432 -0.0328688
v 0.347221 0.328069 -0.0120074
v 0.0661816 0.35957 -0.0153382
v 0.0832788 0.357141 -0.0506729
v 0.00830222 0.354043 0.00455716
v 0.0378378 0.365796 0.0260756
v 0.438146 0.324134 -0.10535
v 0.295946 0.318122 -0.120147
v 0.0271382 0.34949 -0.189356
v -0.0533027 0.338004 -0.10578
v 0.439517 0.346465 -0.104367
v 0.393253 0.346485 -0.157283
v 0.31831 0.355405 -0.0270834
v 0.425845 0.331502 -0.000599666
v 0.448852 0.330238 -0.0505531
v 0.449446 0.324837 -0.0751658
v 0.0699544 0.35452 -0.0226531
v 0.0780982 0.365904 -0.0293167
v 0.0720152 0.367799 -0.0754079
v 0.00313023 0.348788 -0.184838
v 0.375774 0.328976 0.00460247
v -0.0528124 0.351718 -0.0687646
v -0.0411287 0.347874 -0.0437962
v 0.0216033 0.355813 0.0176995
v 0.0424351 0.354124 0.00107948
v 0.359192 0.340436 -0.191211
v 0.353236 0.32251 -0.19431
v 0.308703 0.328413 -0.174985
v 0.29971 0.319989 -0.153405
v 0.308009 0.355634 -0.064154
v 0.0851461 0.368588 -0.0410457
v 0.0692848 0.361997 -0.171998
v 0.0596082 0.361521 -0.182116
v -0.00611863 0.354551 -0.18503
v -0.0460684 0.346355 -0.131417
v -0.0563018 0.342963 -0.0962312
v -0.0483801 0.3611 -0.0616808
v -0.0364099 0.345945 -0.0317927
v 0.0246128 0.350724 0.022303
v 0.29432 0.333761 -0.140975
v 0.293477 0.341924 -0.101819
v 0.314327 0.342761 -0.0639245
v 0.307956 0.360041 -0.0353021
v 0.398903 0.349667 0.00643891
v 0.444029 0.332378 -0.0184124
v -0.0408695 0.338905 -0.138296
v 0.0334693 0.364375 0.0288822
v 0.0662282 0.370536 -0.00694152
v 0.334733 0.346609 -0.0183136
v 0.347199 0.361059 -0.0033991
v 0.412245 0.338696 0.00200381
v 0.438014 0.349337 -0.0171733
v 0.448198 0.349741 -0.0572085
v 0.445815 0.345402 -0.0912048
v 0.0792775 0.376897 -0.0614997
v 0.0768757 0.356725 -0.151996
v -0.0202336 0.354193 -0.0175693
v 0.292309 0.357767 -0.0894857
v 0.308557 0.359715 -0.0560626
v 0.368359 0.373562 0.0122788
v -0.0604912 0.364085 -0.0903026
v -0.0314364 0.352376 -0.0255887
v 0.314461 0.343313 -0.0458168
v 0.338785 0.35584 -0.0122901
v 0.362006 0.376904 0.0110413
v 0.0697006 0.372131 -0.0180925
v -0.0446368 0.35153 -0.0567949
v 0.0291601 0.368367 0.0253603
v 0.302428 0.34816 -0.0750497
v 0.0165933 0.361518 -0.192645
v -0.0549288 0.36487 -0.111545
v -0.0533799 0.342658 -0.0730681
v -0.0154743 0.372817 -0.0158475
v 0.0183587 0.368899 0.00419475
v 0.0584912 0.371321 0.000191082
v 0.370275 0.348838 -0.183723
v 0.333225 0.326833 -0.198931
v 0.325334 0.340521 -0.198435
v 0.317826 0.332905 -0.19255
v 0.297751 0.345118 -0.0846502
v 0.0776171 0.356208 -0.136429
v 0.065222 0.366265 -0.178275
v 0.034343 0.37813 -0.197283
v 0.0386028 0.371895 0.020085
v 0.0417245 0.37234 0.00392147
v 0.345176 0.334134 -0.197502
v 0.443964 0.356144 -0.0332184
v 0.0688551 0.372677 -0.105094
v -0.0254685 0.364465 -0.167302
v 0.38427 0.347851 -0.168151
v 0.294383 0.350186 -0.156246
v 0.378775 0.358557 0.0111407
v 0.447011 0.340167 -0.044413
v 0.447782 0.343022 -0.0805584
v 0.0260441 0.363362 -0.19458
v -0.0121763 0.356925 -0.183025
v -0.0402438 0.367963 -0.033078
v 0.0246061 0.374544 0.0149296
v 0.289879 0.360823 -0.141364
v 0.423831 0.34939 -0.00667443
v 0.0810295 0.384926 -0.0313593
v 0.0723861 0.369643 -0.166375
v -0.0237563 0.380783 -0.173486
v -0.0509457 0.374805 -0.129116
v 0.423224 0.334336 -0.12228
v 0.074264 0.40015 -0.0106711
v 0.00384664 0.366022 -0.19137
v -0.0537635 0.379881 -0.0625771
v 0.0473772 0.373502 0.00134381
v 0.389215 0.377214 0.0120302
v 0.394699 0.373812 0.00801531
v 0.0851642 0.378369 -0.0435704
v 0.070124 0.385727 -0.161485
v -0.00468163 0.365969 -0.187991
v -0.0183661 0.379421 -0.17995
v -0.0446199 0.368301 -0.139153
v -0.047074 0.378134 -0.0420939
v 0.00243518 0.370176 -0.00686945
v 0.0325977 0.376536 0.0306162
v 0.0384761 0.377584 0.012135
v 0.0609336 0.393655 0.0086839
v 0.302615 0.339664 -0.170254
v 0.400325 0.364395 0.00180916
v 0.40667 0.364107 -0.00373946
v 0.413265 0.369096 -0.010914
v 0.0735152 0.379653 -0.0728931
v 0.0683927 0.385808 -0.0882075
v 0.0680683 0.377968 -0.0925226
v 0.062884 0.385607 -0.186054
v 0.0155121 0.386791 -0.00337483
v 0.401854 0.349327 -0.147838
v 0.343371 0.363305 -0.202026
v 0.312087 0.340022 -0.182893
v 0.300459 0.330541 -0.161694
v 0.296397 0.352486 -0.164192
v 0.287119 0.368145 -0.104675
v 0.28845 0.367512 -0.0958502
v 0.345816 0.383044 0.0043407
v 0.00744948 0.386184 -0.198412
v -0.0579547 0.35847 -0.100945
v -0.0329281 0.384047 -0.0261507
v 0.436584 0.36512 -0.106281
v 0.376838 0.351972 -0.17654
v 0.336485 0.380992 -0.00347221
v 0.448266 0.369248 -0.0692813
v 0.0848263 0.391595 -0.0513516
v 0.0690373 0.388394 -0.153492
v 0.0669381 0.394553 -0.173705
v -0.0521993 0.385058 -0.132703
v -0.0472445 0.367385 -0.0544489
v -0.0100907 0.386049 -0.0152663
v 0.0712328 0.396155 0.00215079
v 0.364175 0.356796 -0.188992
v 0.336063 0.347343 -0.201047
v 0.318167 0.360241 -0.193102
v 0.294762 0.360968 -0.0779146
v 0.293414 0.371151 -0.0726371
v 0.3076 0.37284 -0.0286786
v 0.397454 0.376346 0.00285823
v 0.445618 0.358207 -0.0498164
v 0.447576 0.364032 -0.0833968
v 0.0667376 0.387826 0.0039498
v 0.302689 0.371396 -0.0547199
v 0.375228 0.376321 0.0137056
v 0.437688 0.365557 -0.0256871
v 0.0644606 0.393101 -0.183313
v 0.038133 0.390102 0.0112623
v 0.0631998 0.401882 -0.112223
v 0.0683882 0.383967 -0.128767
v 0.0213377 0.382998 -0.200036
v -0.0442018 0.405581 -0.151985
v -0.047154 0.39234 -0.144137
v -0.0636806 0.390749 -0.110842
v 0.0171564 0.397909 0.00299783
v 0.0640053 0.406707 -0.104473
v 0.0255759 0.389694 0.0304732
v 0.316998 0.370212 -0.194025
v 0.303369 0.362061 -0.180055
v 0.356141 0.37441 0.00740847
v 0.400615 0.385756 -0.00781157
v 0.0733881 0.404002 0.00183459
v 0.0857044 0.397594 -0.0385747
v 0.0521231 0.397414 -0.199062
v -0.0619482 0.381051 -0.0724415
v 0.0335863 0.414017 0.0196803
v 0.426017 0.363622 -0.120163
v 0.300335 0.377111 -0.0392223
v 0.0865315 0.41883 -0.0344652
v 0.0368092 0.389209 -0.200331
v -0.0542507 0.398888 -0.0569616
v 0.355503 0.382354 -0.197219
v 0.330916 0.378667 -0.202793
v 0.285238 0.38653 -0.0861898
v 0.413592 0.382643 -0.0198888
v 0.441194 0.387559 -0.0661675
v 0.0831901 0.399179 -0.0309776
v 0.0809476 0.397025 -0.0597742
v 0.0582924 0.389277 -0.192021
v 0.020286 0.391908 0.0218051
v 0.0705165 0.422315 0.0173844
v 0.417555 0.38487 -0.130003
v 0.366421 0.385594 -0.188316
v 0.286857 0.377093 -0.138273
v 0.288384 0.358629 -0.11494
v 0.380569 0.389853 0.0157478
v 0.0770397 0.396662 -0.0199058
v 0.00234372 0.404278 -0.200978
v -0.0111472 0.394301 -0.188395
v -0.0448496 0.394436 -0.0365574
v 0.0127562 0.416646 0.018301
v 0.0329897 0.40594 0.0252944
v 0.32378 0.372719 -0.199085
v 0.297558 0.373069 -0.177547
v 0.289644 0.379727 -0.159694
v 0.341362 0.400356 0.00624695
v 0.0679675 0.409975 -0.0906633
v 0.0487078 0.385889 -0.196394
v -0.0255861 0.412797 -0.177482
v -0.0655361 0.383654 -0.0937521
v -0.0508484 0.408291 -0.0448978
v 0.0326015 0.39078 0.0306511
v 0.0462559 0.424415 0.0150105
v 0.292654 0.399324 -0.0376198
v 0.388656 0.402932 0.0115145
v 0.0750357 0.42723 0.00973836
v 0.0462881 0.404203 0.00934337
v 0.0627283 0.420825 0.0191617
v 0.410459 0.361376 -0.138204
v 0.380245 0.374084 -0.17353
v 0.294147 0.385871 -0.177586
v 0.29567 0.38631 -0.0555823
v 0.298071 0.390555 -0.0300603
v 0.32101 0.394574 -0.0111171
v 0.0781342 0.421125 -0.0159135
v 0.0230297 0.408177 -0.208723
v 0.316354 0.379588 -0.019316
v 0.381466 0.418166 0.0149252
v 0.441828 0.377027 -0.0943034
v 0.0593181 0.424079 -0.12444
v 0.0126075 0.40885 -0.00593448
v 0.373421 0.407288 0.0186482
v 0.0634127 0.406033 -0.16644
v -0.0656512 0.405034 -0.0797856
v 0.00791971 0.391403 -0.00951853
v 0.0124755 0.427462 -0.00231063
v 0.433418 0.390293 -0.111862
v 0.392753 0.387568 -0.158064
v 0.348627 0.374136 -0.200608
v 0.333238 0.39424 -0.00205584
v 0.396463 0.402099 -0.00171459
v 0.442323 0.373078 -0.0540093
v 0.443455 0.382098 -0.0862524
v 0.0596434 0.41432 -0.190914
v -0.0577942 0.403601 -0.130401
v 0.281247 0.398927 -0.103535
v 0.320068 0.419318 -0.00275821
v 0.413932 0.39506 -0.0287693
v 0.0872006 0.416413 -0.045091
v 0.0788223 0.420679 -0.0668516
v -0.0379331 0.383795 -0.0296076
v 0.00948306 0.433783 0.0296201
v 0.0387918 0.416502 0.013728
v 0.054657 0.431162 0.0219375
v 0.30501 0.383512 -0.192698
v 0.39258 0.399762 0.00787943
v 0.0849542 0.430774 -0.0534408
v 0.0601386 0.410243 -0.134747
v -0.0342984 0.416162 -0.166836
v -0.0566302 0.401386 -0.0625907
v -0.022063 0.396691 -0.0218868
v 0.0075242 0.410839 -0.0115126
v 0.0259062 0.409031 0.0334934
v 0.323673 0.383683 -0.202646
v 0.288976 0.394129 -0.159058
v 0.285254 0.388771 -0.132135
v 0.0072009 0.412026 -0.205712
v -0.0678904 0.407546 -0.0947357
v 0.374491 0.383131 -0.180848
v 0.340561 0.385026 -0.204623
v 0.431968 0.387265 -0.0448804
v 0.441905 0.392316 -0.0941826
v 0.0631742 0.427819 -0.109041
v 0.0518675 0.41859 -0.206013
v 0.00705358 0.436378 0.0181427
v 0.0180591 0.415645 0.0325085
v 0.0354602 0.417665 0.0164499
v 0.283742 0.399952 -0.0700704
v 0.285625 0.415367 -0.0475136
v 0.30886 0.40802 -0.0136725
v 0.42327 0.390326 -0.0342999
v 0.0853191 0.432301 -0.0276121
v -0.0619973 0.431184 -0.0707444
v 0.383992 0.384035 -0.1689
v 0.296154 0.397659 -0.188207
v 0.351284 0.412699 0.0163901
v 0.371509 0.399961 0.0179374
v 0.409412 0.403613 -0.0293204
v 0.0684196 0.424721 -0.0928483
v 0.0559092 0.433415 -0.143723
v 0.0328341 0.410437 -0.209879
v 0.0398241 0.437225 0.018353
v 0.411208 0.394514 -0.13744
v 0.384865 0.403262 -0.168796
v 0.276211 0.42472 -0.121722
v 0.367021 0.427399 0.0214738
v 0.43782 0.409988 -0.0847667
v 0.0745641 0.440073 0.0169879
v 0.080843 0.437324 -0.0671456
v 0.0601589 0.417293 -0.18085
v 0.0241018 0.420643 -0.213516
v -0.0156063 0.418035 -0.190453
v -0.0591915 0.420552 -0.129938
v 0.403128 0.403842 -0.146018
v 0.360384 0.432408 0.0231228
v 0.433807 0.406091 -0.107833
v 0.0769327 0.439646 -0.00589057
v 0.34781 0.400557 -0.20259
v 0.278557 0.421017 -0.0778773
v 0.404634 0.405175 -0.0231526
v 0.427015 0.413475 -0.0584924
v 0.0873245 0.432118 -0.0363493
v 0.0451522 0.417742 -0.21002
v -0.0488592 0.423941 -0.0411735
v 0.00871365 0.44895 -0.00125478
v 0.0254501 0.435304 0.0297247
v 0.433425 0.42075 -0.0954633
v -0.0105457 0.44001 -0.0234121
v 0.0636564 0.4392 0.0282908
v 0.0703211 0.447876 0.0269583
v 0.304095 0.40171 -0.200184
v 0.2921 0.399108 -0.178834
v 0.289852 0.407709 -0.167499
v 0.28496 0.398031 -0.138286
v 0.282938 0.389906 -0.116596
v 0.280798 0.412505 -0.0640173
v -0.0556623 0.420172 -0.138045
v 0.0260773 0.446841 0.0254126
v 0.315374 0.395531 -0.203626
v 0.397498 0.427174 -0.00261153
v 0.402481 0.415301 -0.0203575
v 0.0719153 0.438757 -0.0884483
v 0.0155372 0.438795 -0.21355
v -0.0593345 0.435252 -0.132087
v -0.0680746 0.434676 -0.0855055
v -0.0399831 0.421174 -0.0335254
v -0.0317641 0.419535 -0.0290231
v 0.018847 0.440314 0.0345279
v 0.0351481 0.45404 0.0249235
v 0.275345 0.425236 -0.109832
v 0.287815 0.417225 -0.0325636
v 0.4168 0.413729 -0.0455288
v 0.0560304 0.429914 -0.195987
v 0.0398872 0.435073 -0.218056
v -0.00510165 0.415034 -0.199224
v -0.00997702 0.4408 -0.200328
v -0.0327094 0.433195 -0.173388
v -0.0434109 0.427736 -0.156982
v -0.0489467 0.447975 -0.152761
v 0.372667 0.405911 -0.183626
v 0.29395 0.42018 -0.195851
v 0.283431 0.425085 -0.0469947
v 0.30162 0.398911 -0.0221373
v 0.434783 0.409741 -0.0704069
v -0.000953855 0.438322 -0.206261
v -0.0229578 0.421503 -0.183275
v 0.00693471 0.454079 0.0347496
v 0.053444 0.449026 0.032248
v 0.427832 0.414186 -0.117587
v 0.400953 0.4251 -0.0112312
v 0.0545989 0.425335 -0.202392
v -0.0692785 0.430595 -0.0984293
v -0.0151613 0.42027 -0.022158
v 0.354489 0.408815 -0.19929
v 0.27615 0.42437 -0.0972806
v 0.0817118 0.452311 -0.0692616
v -0.0700109 0.445264 -0.101562
v -0.0555305 0.433653 -0.0588122
v 0.300211 0.419039 -0.203954
v 0.275543 0.43466 -0.0594583
v 0.338135 0.434526 0.0171389
v 0.346835 0.438674 0.0232109
v 0.392045 0.431146 0.00474008
v 0.405428 0.42632 -0.0338396
v 0.0765346 0.45781 0.0141729
v 0.0800199 0.461321 -0.00487756
v 0.0891801 0.455142 -0.0411973
v -0.0583781 0.454924 -0.064792
v 0.0143905 0.459614 0.0317566
v 0.036731 0.470488 0.0368973
v 0.319323 0.409146 -0.204784
v 0.384402 0.459653 0.00818825
v 0.0820044 0.44931 -0.0154193
v 0.0509452 0.452725 -0.167469
v 0.049154 0.453209 -0.205658
v 0.00359016 0.449628 0.0279466
v 0.028145 0.452289 0.0239598
v 0.420636 0.415226 -0.125606
v 0.334582 0.398499 -0.207278
v 0.284639 0.418336 -0.149436
v 0.359233 0.417496 0.0204079
v 0.409556 0.428684 -0.0463224
v 0.415858 0.429463 -0.056642
v 0.426211 0.430369 -0.0714553
v -0.0676602 0.452432 -0.0832585
v -0.0522233 0.438518 -0.047039
v 0.00638211 0.451954 -0.00989646
v 0.0203795 0.4695 0.0297881
v 0.347963 0.415873 -0.20348
v 0.313132 0.425124 -0.205644
v 0.283983 0.4349 -0.0304671
v 0.384223 0.430821 0.0115062
v 0.405125 0.442124 -0.0269099
v 0.0877666 0.459348 -0.0264661
v 0.0375604 0.449615 -0.222314
v 0.392241 0.417797 -0.157321
v 0.360765 0.402153 -0.19431
v 0.307128 0.435886 -0.00395555
v 0.336189 0.449561 0.0226586
v 0.375245 0.440841 0.0172032
v 0.402732 0.446257 -0.0182173
v 0.0859822 0.45652 -0.0580731
v -0.0425824 0.444539 -0.163054
v -0.0359963 0.464943 -0.0374813
v 0.000627782 0.458544 0.0145019
v 0.0580129 0.461195 0.0380516
v 0.320776 0.423529 -0.204225
v 0.329318 0.433422 0.010082
v 0.0582892 0.423271 -0.172831
v 0.00228438 0.447047 -0.0158504
v -0.000511292 0.458492 0.0220027
v 0.0087805 0.472721 0.0337949
v 0.383066 0.43371 -0.17354
v 0.277031 0.432408 -0.132963
v 0.296128 0.438616 -0.0115186
v 0.0871195 0.48365 -0.066915
v 0.410317 0.432994 -0.133889
v 0.288911 0.455351 -0.012114
v 0.293704 0.414976 -0.0231677
v 0.409814 0.444097 -0.0556174
v 0.430742 0.431175 -0.100495
v 0.0539988 0.439312 -0.191911
v 0.0485365 0.444488 -0.212081
v 0.0236442 0.438898 -0.216992
v -0.0377278 0.454214 -0.170755
v -0.0462284 0.460478 -0.158618
v -0.0591706 0.453201 -0.132198
v -0.00442732 0.476259 0.0287323
v 0.00183453 0.468399 0.033488
v 0.0405895 0.481634 0.0443675
v 0.42381 0.439436 -0.118653
v 0.284343 0.451373 -0.0194555
v 0.430343 0.429944 -0.0895465
v 0.0715842 0.473 0.0288854
v 0.0833274 0.485087 -0.00326932
v 0.0610397 0.446531 -0.117045
v 0.0323714 0.445729 -0.22179
v -0.0311552 0.456734 -0.179756
v -0.06647 0.456231 -0.112561
v -0.00661297 0.476432 0.0193581
v 0.0666859 0.453554 0.0325709
v 0.394846 0.435386 -0.154577
v 0.379287 0.426541 -0.177861
v 0.289914 0.428401 -0.172473
v 0.272481 0.438909 -0.11343
v 0.280899 0.447877 -0.0274802
v 0.362113 0.462416 0.0254061
v 0.375717 0.476297 0.0138909
v 0.428961 0.429602 -0.110733
v 0.0760331 0.470461 -0.0911459
v 0.0465954 0.469055 -0.202782
v -0.0172834 0.458137 -0.194289
v -0.0211561 0.44366 -0.19032
v -0.0537306 0.468504 -0.146021
v -0.0101854 0.472326 -0.0260813
v 0.00363622 0.468283 -0.0032353
v -0.00174591 0.482272 0.0344955
v 0.343811 0.46394 0.0292799
v 0.0914484 0.48064 -0.0361061
v 0.0902018 0.478131 -0.0486152
v 0.0815073 0.476566 -0.0809002
v 0.0558369 0.449727 -0.134533
v 0.0410143 0.455518 -0.22084
v -0.0477732 0.45205 -0.0425824
v -0.0128181 0.462187 -0.0267596
v 0.349099 0.447711 -0.20232
v 0.270286 0.451741 -0.103616
v 0.389698 0.458826 0.00323751
v 0.407048 0.445319 -0.0471232
v 0.0583411 0.471142 -0.128814
v 0.0297812 0.481859 0.0414778
v 0.387289 0.441463 -0.167581
v 0.369274 0.422561 -0.187677
v 0.296813 0.430184 -0.204794
v 0.348908 0.464748 0.0298081
v 0.354098 0.46706 0.0293921
v 0.0780427 0.482068 0.0142953
v 0.0139661 0.466251 -0.212735
v 0.00227424 0.470058 -0.0126277
v 0.329442 0.423653 -0.205867
v 0.274952 0.451005 -0.0465064
v 0.408148 0.463823 -0.0633858
v 0.429444 0.443223 -0.0936239
v 0.0725604 0.497481 0.030513
v 0.0471885 0.467472 -0.192633
v 0.0417966 0.468283 -0.2199
v -0.0535141 0.455639 -0.0497753
v 0.327261 0.460974 0.0213202
v 0.406754 0.45375 -0.035746
v 0.0890541 0.47641 -0.0260448
v 0.001054 0.483328 -0.205031
v -0.0594864 0.463782 -0.0696343
v -0.0423788 0.459084 -0.0398117
v -0.00708803 0.482774 0.00961639
v 0.0167912 0.486027 0.038764
v 0.0175409 0.494802 0.0405306
v 0.0465236 0.491838 0.0462977
v 0.0537445 0.485805 0.0449116
v 0.30164 0.434612 -0.210431
v 0.271678 0.455052 -0.135475
v 0.337016 0.478439 0.030369
v 0.350399 0.504419 0.0343045
v 0.415256 0.449568 -0.0673966
v -0.000663249 0.460574 -0.205587
v -0.0587701 0.474871 -0.135205
v -0.06869 0.462197 -0.0932984
v 0.0637862 0.472771 -0.117831
v 0.0513521 0.460069 -0.15361
v -0.06635 0.466016 -0.10533
v -0.0605267 0.478457 -0.0738703
v 0.0328519 0.497962 0.0411634
v 0.402706 0.455659 -0.140333
v 0.341062 0.428438 -0.206513
v 0.322104 0.439799 -0.206366
v 0.293068 0.434721 -0.189598
v -0.0655561 0.477656 -0.0854129
v -0.0113658 0.503082 0.0261048
v 0.0597466 0.497021 0.0448443
v 0.365414 0.437064 -0.190967
v 0.279069 0.446185 -0.147648
v 0.269463 0.457555 -0.125815
v 0.299263 0.473463 0.00322576
v 0.424425 0.443939 -0.0793226
v 0.0064983 0.488043 0.0383426
v 0.0454529 0.500257 0.0440687
v 0.26902 0.465961 -0.0611798
v 0.408682 0.476331 -0.0452618
v 0.0459516 0.478108 -0.194888
v 0.0219055 0.468712 -0.221903
v -0.0637157 0.476961 -0.114105
v -0.0683108 0.477662 -0.0966061
v 0.428785 0.442021 -0.106439
v 0.296796 0.440681 -0.20999
v 0.27351 0.445393 -0.0787071
v 0.395684 0.458401 -0.0042658
v 0.39888 0.4575 -0.00947041
v 0.407133 0.464965 -0.0547094
v 0.0797093 0.495149 0.0152075
v 0.0904909 0.490493 -0.0564286
v -0.0541693 0.475216 -0.056197
v -0.00503768 0.486478 -0.0213648
v 0.0570253 0.507641 0.046072
v 0.378271 0.449598 -0.180261
v 0.37159 0.449478 -0.186207
v 0.358888 0.440902 -0.195482
v 0.331951 0.451926 -0.206711
v 0.278524 0.457272 -0.154955
v 0.27559 0.475307 -0.0322819
v 0.280863 0.461343 -0.0231853
v 0.308639 0.464886 0.00957708
v 0.00640873 0.504651 0.0349079
v 0.0642424 0.508327 0.0436892
v 0.0942493 0.506073 -0.024678
v 0.0872693 0.496547 -0.0811049
v 0.0814736 0.493534 -0.0952436
v 0.046483 0.482035 -0.17248
v -0.0133147 0.496142 0.00923812
v 0.423061 0.465533 -0.0976422
v 0.417187 0.458732 -0.122503
v 0.296015 0.445433 -0.207931
v 0.285781 0.478935 -0.0120951
v 0.404869 0.478228 -0.024961
v 0.417133 0.473432 -0.0834801
v 0.0894472 0.505952 -0.00901556
v 0.0309786 0.464208 -0.225906
v -0.010537 0.473228 -0.198964
v -0.0209939 0.487745 -0.189013
v -0.0301665 0.47796 -0.182089
v -0.0404556 0.485802 -0.170234
v -0.0658306 0.49089 -0.0972916
v -0.0485936 0.481357 -0.050219
v -0.0107238 0.502268 -0.0289531
v 0.286652 0.435778 -0.159374
v 0.326725 0.483121 0.0263178
v 0.410622 0.468581 -0.0717736
v 0.031997 0.509949 0.0331421
v 0.0264743 0.459656 -0.222832
v -0.00139647 0.492793 -0.0127968
v 0.294631 0.461081 -0.190895
v -0.013405 0.49993 0.0190943
v 0.041303 0.484437 -0.219007
v -0.0533715 0.49651 -0.0632981
v -0.0240987 0.48689 -0.0369685
v 0.391542 0.451153 -0.159789
v 0.339358 0.463233 -0.205266
v 0.330546 0.467201 -0.206526
v 0.315187 0.44017 -0.209226
v 0.307055 0.451418 -0.216808
v 0.26961 0.471973 -0.051719
v 0.365242 0.474367 0.0239361
v 0.0726902 0.52031 0.0361526
v 0.050129 0.48245 -0.153761
v -0.00654137 0.504609 -0.0224341
v 0.406389 0.465995 -0.0286513
v 0.419483 0.463966 -0.113496
v 0.000698629 0.514697 0.028114
v 0.011811 0.479371 -0.212539
v 0.415927 0.470098 -0.123848
v 0.317576 0.456987 -0.211673
v 0.26675 0.47119 -0.121577
v 0.264437 0.487611 -0.065692
v 0.295422 0.486695 0.00272703
v 0.383565 0.490398 0.00435382
v -0.0188061 0.513709 0.0204915
v -0.0484894 0.484513 -0.157855
v -0.040097 0.495536 -0.0473022
v -0.0224264 0.517726 0.0080429
v 0.398902 0.468404 -0.145052
v 0.358696 0.49285 0.0300593
v 0.365238 0.51525 0.0266605
v 0.39944 0.489671 -0.0165398
v 0.413828 0.485392 -0.0877933
v 0.0184586 0.513627 0.0284348
v 0.0339048 0.517667 0.0336256
v 0.0609923 0.522499 0.0447149
v 0.0577276 0.490278 -0.140085
v 0.0253646 0.484904 -0.230225
v -0.0592432 0.488552 -0.12005
v -0.0175912 0.502997 0.0112731
v 0.366741 0.459433 -0.188474
v 0.301076 0.451282 -0.216048
v 0.267395 0.473896 -0.0820077
v 0.343757 0.493272 0.0341862
v 0.407675 0.495528 -0.072572
v 0.0347429 0.482283 -0.22801
v 0.0190217 0.525444 0.0249519
v 0.383653 0.467621 -0.17314
v 0.303727 0.498397 0.0126289
v 0.37002 0.513478 0.0215315
v 0.0980549 0.512807 -0.0361252
v 0.0192573 0.485943 -0.226307
v -0.0593462 0.497223 -0.117571
v -0.0588953 0.505178 -0.0792683
v 0.0497174 0.513167 0.043251
v 0.0525752 0.525054 0.0457031
v 0.358034 0.463631 -0.193381
v 0.286793 0.458386 -0.170422
v 0.324777 0.503007 0.0287265
v 0.374719 0.507095 0.0146293
v 0.39263 0.478155 -0.00441391
v 0.409709 0.484313 -0.0757601
v -0.0550671 0.490736 -0.142198
v -0.00783417 0.518168 -0.0145329
v 0.347355 0.481983 -0.197696
v 0.269858 0.466738 -0.137712
v 0.263691 0.484423 -0.113406
v 0.389387 0.504906 -0.00375487
v 0.0568708 0.506962 -0.150037
v 0.043725 0.491737 -0.194078
v 0.33513 0.505815 0.0341353
v 0.0433553 0.504182 -0.190373
v -0.0506692 0.498738 -0.058977
v -0.041145 0.510608 -0.052677
v -0.0265375 0.529717 0.00366317
v 0.281055 0.495874 -0.0157653
v 0.4076 0.482346 -0.0581474
v -0.00767628 0.512218 0.0278272
v -0.00974137 0.528215 0.0219328
v 0.0438891 0.547758 0.0424135
v 0.0953776 0.516995 -0.0158115
v -0.0352759 0.494616 -0.175423
v -0.0561994 0.504213 -0.136208
v -0.020116 0.516972 -0.0402153
v 0.291332 0.463961 -0.182103
v 0.0971128 0.520497 -0.0573055
v 0.00885223 0.495773 -0.210566
v -0.0651416 0.496344 -0.0913394
v -0.0117431 0.526256 -0.0307245
v 0.409247 0.511348 -0.0756532
v 0.410534 0.502288 -0.0919407
v 0.415812 0.486685 -0.116776
v 0.298886 0.466678 -0.211203
v 0.295803 0.47343 -0.197069
v 0.264686 0.48829 -0.141719
v 0.404237 0.504941 -0.0275283
v 0.0875316 0.518514 0.0109956
v 0.0926219 0.516317 -0.0849453
v 0.0510452 0.504017 -0.160968
v -0.00746737 0.504878 -0.196773
v -0.0246058 0.50475 -0.183868
v -0.0454082 0.500075 -0.163877
v -0.0231732 0.528205 0.0169345
v 0.00528919 0.530303 0.0197326
v 0.0241833 0.530194 0.0300454
v 0.0682987 0.533532 0.0355663
v 0.0831181 0.530452 0.0258891
v 0.30716 0.475387 -0.226508
v 0.264676 0.503114 -0.0502618
v 0.399386 0.517243 -0.0189946
v 0.0458233 0.501503 -0.177084
v 0.0386427 0.504285 -0.222815
v 0.413302 0.486883 -0.101363
v 0.378573 0.477462 -0.177389
v 0.274741 0.48455 -0.168312
v 0.271328 0.47328 -0.151054
v 0.261682 0.499104 -0.0633869
v 0.274592 0.500272 -0.0264501
v 0.294302 0.524704 0.00613294
v 0.346609 0.519155 0.0350031
v -0.0213428 0.543232 0.0157596
v 0.0566016 0.550029 0.0321601
v 0.0970833 0.53262 -0.0075558
v -0.0499782 0.512868 -0.155159
v 0.405752 0.517764 -0.0305834
v 0.40865 0.500923 -0.0396665
v 0.0925199 0.538565 0.0130804
v 0.0888232 0.514159 -0.0981394
v 0.0712906 0.490286 -0.112982
v 0.0410777 0.495479 -0.213749
v -0.0476929 0.521213 -0.0636115
v 0.0404958 0.537789 0.0445633
v 0.0786364 0.533369 0.0296704
v 0.413846 0.511835 -0.062556
v 0.390703 0.484531 -0.161685
v 0.325445 0.475832 -0.210673
v 0.314419 0.469687 -0.221191
v 0.25963 0.500845 -0.124055
v 0.284197 0.522816 -0.00622629
v 0.0274883 0.491346 -0.231861
v 0.0147779 0.506284 -0.225187
v -0.0485111 0.521236 -0.156383
v 0.365948 0.479943 -0.185768
v 0.354455 0.480996 -0.192488
v 0.308406 0.508571 0.0166143
v 0.0331766 0.502331 -0.230745
v 0.018994 0.508969 -0.2309
v -0.0531728 0.509348 -0.147652
v -0.0614352 0.522575 -0.103504
v 0.0756086 0.541762 0.0290859
v 0.0883408 0.548828 0.0203681
v 0.373051 0.487087 -0.180566
v 0.301434 0.465308 -0.219145
v 0.328607 0.523069 0.0303413
v -0.0284407 0.541162 0.00685387
v 0.0310383 0.536876 0.040589
v 0.0953894 0.547502 0.0107018
v 0.0850413 0.528272 -0.11724
v 0.0482235 0.522377 -0.172605
v 0.00599247 0.50891 -0.208361
v -0.0398226 0.50609 -0.170411
v -0.0586327 0.516485 -0.130036
v -0.00895932 0.525486 -0.0203204
v 0.408004 0.504134 -0.130552
v 0.399619 0.493651 -0.143972
v 0.271185 0.512254 -0.0327449
v 0.31764 0.526294 0.0225828
v 0.362828 0.53161 0.0280431
v 0.385696 0.520818 -0.000834804
v 0.00125944 0.501172 -0.203167
v -0.0104349 0.520004 -0.191414
v -0.0269712 0.520904 -0.180341
v -0.0584694 0.518638 -0.083881
v -0.0229427 0.539573 -0.045888
v 0.408575 0.503842 -0.0834357
v 0.284505 0.479504 -0.18004
v 0.273393 0.522757 -0.0247116
v -0.0614407 0.510091 -0.112172
v 0.414132 0.506368 -0.106519
v 0.326354 0.488393 -0.211621
v 0.373707 0.530764 0.0174776
v 0.412797 0.54242 -0.0559527
v -0.0301051 0.544678 -0.00176566
v 0.104372 0.539047 -0.0236489
v 0.0429419 0.518568 -0.191097
v -0.056146 0.535764 -0.0846923
v -0.0143881 0.545008 -0.0306127
v 0.385037 0.501406 -0.169477
v 0.315657 0.486035 -0.228817
v 0.263997 0.506286 -0.161512
v 0.33332 0.538653 0.0324965
v 0.380358 0.532462 0.00701393
v 0.0408866 0.518118 -0.210329
v 0.00804276 0.521581 -0.217553
v -0.0385578 0.522968 -0.0541531
v 0.0776812 0.550561 0.0262329
v 0.335759 0.486595 -0.203342
v 0.262045 0.513686 -0.0523046
v 0.309966 0.532455 0.0177734
v 0.414268 0.518386 -0.0608488
v 0.0371864 0.523381 -0.223485
v 0.0246905 0.515563 -0.234371
v 4.95204e-005 0.51657 -0.200365
v -0.0167308 0.547205 0.0159529
v 0.0233617 0.565657 0.0407467
v 0.413234 0.514328 -0.108935
v 0.300148 0.486877 -0.214453
v 0.296735 0.489363 -0.204797
v 0.401508 0.539888 -0.025446
v 0.100533 0.559833 0.000278963
v 0.0422879 0.528203 -0.189719
v -0.035741 0.55404 -0.000835643
v -0.00415096 0.551679 0.0137982
v 0.410459 0.512363 -0.124042
v 0.343669 0.497025 -0.197505
v 0.258029 0.509923 -0.142427
v 0.342772 0.534321 0.0350088
v 0.00586475 0.547923 0.0175472
v 0.0131853 0.566762 0.0343227
v 0.0311428 0.569352 0.0390794
v 0.104345 0.536792 -0.045221
v -0.0413155 0.523388 -0.165328
v -0.0444239 0.536342 -0.0634479
v -0.0256654 0.552583 -0.0144099
v 0.312962 0.51119 -0.234614
v 0.307689 0.489699 -0.230046
v 0.278138 0.504351 -0.186638
v 0.259555 0.507256 -0.0861125
v 0.258325 0.512881 -0.0665841
v 0.407631 0.532274 -0.0852818
v 0.407896 0.525875 -0.0956053
v -0.0274048 0.5569 0.0126238
v 0.00964087 0.558064 0.0247074
v -0.0209785 0.545745 -0.178326
v -0.0159567 0.549207 -0.023674
v 0.288152 0.549706 0.00263618
v 0.339002 0.551977 0.0349167
v 0.413292 0.530255 -0.0710172
v 0.0941042 0.533049 -0.0960303
v 0.0314018 0.518341 -0.231696
v -0.060038 0.530534 -0.0962816
v -0.0280611 0.56328 -0.0181127
v 0.369682 0.503462 -0.180245
v 0.334189 0.508323 -0.204252
v 0.327943 0.505434 -0.211692
v 0.302529 0.496906 -0.222714
v 0.0612232 0.560741 0.0297835
v 0.383634 0.553168 -0.000620898
v -0.0372799 0.571606 0.0010128
v -0.00670453 0.567564 0.0120258
v -0.0537561 0.54059 -0.143641
v -0.0586206 0.548534 -0.130635
v -0.0388304 0.555542 -0.0617124
v 0.377127 0.514241 -0.17613
v 0.357292 0.546331 0.031206
v 0.396983 0.540474 -0.0181146
v 0.408899 0.541995 -0.043082
v 0.0812387 0.568495 0.0230152
v 0.0907887 0.570293 0.0154085
v 0.109202 0.558829 -0.0258232
v 0.0983348 0.536099 -0.0693798
v -0.0128884 0.535706 -0.186186
v -0.0326714 0.539887 -0.171981
v 0.405956 0.530745 -0.111164
v 0.390766 0.514866 -0.158057
v 0.359572 0.494402 -0.186099
v 0.295843 0.510263 -0.21343
v 0.290358 0.500981 -0.200464
v 0.0172067 0.56983 0.0385936
v 0.0867736 0.56851 0.0191039
v 0.0940292 0.56063 -0.113112
v -0.0594673 0.550749 -0.107366
v 0.351666 0.500039 -0.190303
v 0.307889 0.510713 -0.233722
v 0.276104 0.545726 -0.0125281
v 0.314024 0.554782 0.0245502
v 0.37014 0.560503 0.0193349
v 0.0412604 0.572588 0.0314864
v 0.0992919 0.553014 -0.0801487
v 0.0896719 0.565022 -0.127421
v -0.0100782 0.541432 -0.187892
v 0.406008 0.536184 -0.0905976
v 0.407474 0.525173 -0.123719
v 0.303963 0.512178 -0.23069
v 0.301156 0.5083 -0.222994
v 0.0900716 0.530936 -0.108184
v 0.0153598 0.525489 -0.232099
v -0.0448796 0.561364 -0.0700012
v -0.0191272 0.554145 -0.0387506
v -0.0191193 0.566354 -0.032282
v -0.0280981 0.575431 0.00885683
v 0.411834 0.552748 -0.0726154
v 0.351185 0.536686 -0.183489
v 0.252097 0.522537 -0.129306
v 0.251614 0.531644 -0.0723282
v 0.112716 0.571122 -0.0540161
v 0.0965095 0.565382 -0.106574
v -0.0426932 0.541277 -0.16131
v -0.000399019 0.577906 0.0193597
v 0.00515737 0.585608 0.0318726
v 0.340074 0.530269 -0.195429
v 0.252617 0.537751 -0.0570881
v 0.349428 0.542776 0.0349262
v 0.401033 0.561386 -0.0328465
v 0.10371 0.541649 -0.056396
v 0.0808636 0.545126 -0.134014
v 0.0274656 0.536155 -0.233865
v -0.00316088 0.543563 -0.195161
v -0.0263389 0.558106 -0.0497455
v -0.0321117 0.577311 -0.0199959
v -0.0340713 0.562944 -0.00897193
v -0.038282 0.571228 -0.00649048
v 0.0585764 0.593853 0.0260828
v 0.405354 0.531854 -0.131308
v 0.356882 0.517894 -0.182917
v 0.321397 0.50475 -0.225996
v 0.251491 0.526854 -0.108
v 0.413512 0.543949 -0.0630999
v 0.0475177 0.533259 -0.177207
v 0.00795976 0.538524 -0.225372
v 0.00295281 0.532245 -0.205865
v -0.00194188 0.599418 0.0249185
v 0.0451347 0.578455 0.0293737
v 0.269915 0.503681 -0.173154
v 0.323683 0.576658 0.0320114
v 0.102687 0.556094 -0.0720217
v 0.0544858 0.533948 -0.166066
v 0.0335928 0.537177 -0.229177
v 0.375376 0.566815 0.0114917
v 0.0685194 0.534771 -0.147453
v 0.0393157 0.529162 -0.216628
v -0.0395076 0.552731 -0.163901
v -0.0328236 0.57738 -0.0586042
v -0.042159 0.583804 -0.00542845
v -0.040371 0.586651 0.000543401
v 0.0175727 0.586894 0.0370566
v 0.0724776 0.568495 0.026668
v 0.10645 0.585902 -0.0072903
v 0.406363 0.551978 -0.0858968
v 0.258108 0.5197 -0.161533
v 0.251972 0.525965 -0.147035
v 0.359842 0.59193 0.0245914
v -0.0602792 0.567836 -0.124027
v -0.0568323 0.562678 -0.0932314
v -0.0232603 0.580216 -0.0366319
v 0.00723197 0.597689 0.034243
v 0.400655 0.536216 -0.140932
v 0.39026 0.550631 -0.156969
v 0.378125 0.529531 -0.174731
v 0.281818 0.519489 -0.20329
v 0.243736 0.551852 -0.0698061
v -0.0273099 0.537701 -0.17658
v -0.0588736 0.58376 -0.109588
v 0.384851 0.525787 -0.168054
v 0.370772 0.536498 -0.177183
v 0.37992 0.57199 0.00190355
v 0.407203 0.560121 -0.0441451
v -0.0451306 0.553691 -0.156433
v -0.0179314 0.585489 0.00886487
v 0.403664 0.541775 -0.109033
v 0.300523 0.573035 0.0158046
v 0.371736 0.586934 0.0133252
v 0.113064 0.575291 -0.062443
v 0.0362575 0.553756 -0.21837
v 0.00488249 0.539302 -0.218383
v -0.0536988 0.560687 -0.0839954
v -0.0362088 0.58788 -0.0232885
v 0.267873 0.563476 -0.0190969
v 0.386878 0.576276 -0.0156947
v 0.408239 0.566932 -0.0529815
v 0.019714 0.542264 -0.235949
v -0.0227915 0.559313 -0.174413
v -0.0130053 0.593729 0.0108081
v 0.0240457 0.588675 0.0342568
v 0.0289214 0.620071 0.0248299
v 0.4018 0.554764 -0.134766
v 0.3189 0.511675 -0.231022
v 0.245495 0.55642 -0.0585443
v 0.265383 0.547497 -0.0271953
v 0.320711 0.58539 0.029176
v 0.342493 0.577573 0.0340501
v 0.410169 0.570904 -0.0786408
v 0.034263 0.552947 -0.228407
v -0.0582669 0.57035 -0.136917
v -0.0272975 0.590563 -0.0334318
v 0.0921886 0.595083 0.00809473
v 0.30022 0.528244 -0.229675
v 0.246452 0.543871 -0.0870286
v 0.403538 0.549401 -0.0961427
v 0.111525 0.577929 -0.022591
v -0.0548119 0.555851 -0.142552
v -0.0430205 0.57732 -0.070985
v -0.0348871 0.597056 0.00499653
v -0.00829008 0.605722 0.0159073
v 0.0639271 0.626318 0.0202058
v 0.306177 0.53663 -0.236951
v 0.272449 0.529708 -0.199872
v 0.352258 0.580875 0.0305347
v 0.403818 0.549003 -0.123373
v 0.0810584 0.564084 -0.140744
v 0.039917 0.554445 -0.196157
v 0.358906 0.534599 -0.178418
v 0.293417 0.531385 -0.221996
v 0.283265 0.575995 0.000892073
v 0.406235 0.573579 -0.0513811
v 0.409963 0.576262 -0.0703407
v -0.044315 0.601075 -0.0112183
v 0.0305311 0.596648 0.0290788
v 0.0536615 0.616604 0.0234723
v 0.353782 0.598902 0.0261703
v 0.394077 0.579001 -0.0312384
v 0.407539 0.585011 -0.0638952
v -0.00119873 0.613923 0.0272097
v 0.111057 0.593897 -0.0139457
v 0.109297 0.572403 -0.0703445
v 0.0680959 0.560847 -0.157344
v 0.0497463 0.5701 -0.186836
v -0.00177672 0.556373 -0.202962
v -0.036295 0.565337 -0.165312
v 0.330913 0.530782 -0.207895
v 0.314665 0.529684 -0.236717
v 0.267162 0.543739 -0.200596
v 0.054328 0.552886 -0.171514
v 0.0273757 0.561197 -0.237188
v -0.0396896 0.586178 -0.161643
v -0.0406718 0.609774 -0.00247524
v -0.0187228 0.606647 0.00754556
v 0.395371 0.557236 -0.148355
v 0.323602 0.53119 -0.227498
v 0.294361 0.544042 -0.228715
v 0.266151 0.530179 -0.190583
v 0.248797 0.544291 -0.163252
v 0.245257 0.540972 -0.138628
v 0.346082 0.600831 0.0287047
v 0.0120498 0.56056 -0.235083
v 0.0766499 0.605361 0.0180669
v 0.0842122 0.596 0.0147723
v 0.384955 0.554684 -0.167439
v 0.380126 0.548104 -0.173063
v 0.37495 0.562073 -0.177184
v 0.366165 0.566729 -0.178726
v 0.334715 0.527884 -0.20156
v 0.256017 0.57694 -0.0312469
v 0.374503 0.604601 0.00423323
v 0.0328434 0.561423 -0.232846
v 0.00588703 0.563373 -0.228214
v -0.00922523 0.558688 -0.187642
v -0.0418297 0.592744 -0.017252
v 0.0425034 0.603351 0.0257204
v 0.268729 0.582107 -0.0140108
v 0.408305 0.58325 -0.0883501
v 0.402216 0.567085 -0.0975142
v 0.120577 0.603423 -0.0481231
v 0.0169256 0.564676 -0.238995
v -0.0243871 0.578724 -0.0460459
v 0.370801 0.554325 -0.177809
v 0.280581 0.536107 -0.212931
v 0.242308 0.549242 -0.133864
v 0.244359 0.547156 -0.113569
v 0.24152 0.555482 -0.105121
v 0.387982 0.597344 -0.0281147
v 0.11368 0.58431 -0.0753466
v 0.00240545 0.563665 -0.220747
v -0.0503007 0.58423 -0.083293
v 0.0145978 0.614848 0.0299911
v 0.281103 0.593064 -0.00133144
v 0.364875 0.592619 0.0204471
v 0.120398 0.592906 -0.0596876
v 0.0995764 0.57488 -0.0956849
v 0.0823854 0.572418 -0.144311
v 0.0234492 0.568266 -0.240159
v -0.00590311 0.563612 -0.19335
v -0.0187325 0.572392 -0.177538
v -0.0584188 0.590231 -0.130345
v -0.0377943 0.594713 -0.0689341
v 0.349612 0.558467 -0.183092
v 0.255497 0.538004 -0.175405
v 0.236862 0.56425 -0.143264
v 0.380532 0.609302 -0.0101969
v -0.0383693 0.603504 -0.0293601
v -0.0350904 0.617405 -0.000236057
v -0.00914901 0.594327 0.0135184
v 0.107416 0.601503 -0.0100343
v 0.32843 0.545699 -0.21898
v 0.313368 0.54958 -0.239795
v 0.273515 0.550384 -0.208638
v 0.30419 0.595852 0.0159683
v 0.368501 0.636809 0.00381951
v 0.40198 0.571354 -0.132033
v -0.0301782 0.57119 -0.168552
v 0.00873993 0.621679 0.0291469
v 0.398458 0.579397 -0.14225
v 0.333857 0.561925 -0.205366
v 0.320386 0.545408 -0.23474
v 0.233921 0.574231 -0.0695237
v 0.408574 0.603966 -0.0769641
v 0.0968863 0.579507 -0.123878
v 0.0870071 0.587011 -0.149511
v 0.0657583 0.573884 -0.167263
v 0.0458849 0.587995 -0.204058
v -0.0294669 0.592797 -0.0574334
v 0.0554452 0.630467 0.0219992
v 0.261883 0.58865 -0.0211785
v 0.332951 0.604906 0.0300158
v 0.403751 0.593083 -0.0584359
v -0.0215302 0.63396 0.00389239
v 0.102949 0.577273 -0.0883699
v 0.0380746 0.571875 -0.222223
v -0.0572496 0.588571 -0.0973382
v 0.229932 0.584969 -0.0692595
v 0.250393 0.591268 -0.0366467
v 0.313826 0.610901 0.0186025
v 0.380565 0.584696 -0.00361275
v 0.396988 0.602752 -0.0499571
v 0.0956502 0.61726 0.000658109
v 0.0930379 0.586918 -0.141518
v 0.0424303 0.582236 -0.210559
v -0.0432265 0.570171 -0.159182
v 0.40011 0.583083 -0.102447
v 0.400247 0.574479 -0.113673
v 0.388383 0.577298 -0.16336
v 0.246954 0.567116 -0.18394
v -0.0168544 0.583987 -0.179251
v -0.0460111 0.625606 -0.0121197
v -0.0115534 0.632343 0.0164491
v 0.11455 0.627755 -0.0200994
v 0.3968 0.602395 -0.114157
v 0.354258 0.553637 -0.180452
v 0.234456 0.574408 -0.131755
v 0.235642 0.569199 -0.111674
v 0.227609 0.579454 -0.0862
v 0.385017 0.620715 -0.0242948
v -0.0175132 0.609058 -0.18018
v -0.0295075 0.593631 -0.167979
v -0.0516854 0.581162 -0.148789
v -0.0409018 0.612315 -0.0764165
v -0.0250755 0.627361 0.00145225
v 0.348134 0.582587 -0.18489
v 0.279274 0.572933 -0.220576
v 0.256762 0.604936 -0.0235155
v 0.124281 0.60419 -0.0790703
v 0.108219 0.596765 -0.101869
v -0.006093 0.594161 -0.197877
v -0.0308619 0.620696 -0.0478702
v 0.0301053 0.63446 0.0229348
v 0.367784 0.586996 -0.180617
v 0.288126 0.557478 -0.222403
v 0.268173 0.558674 -0.207794
v 0.243028 0.580936 -0.0517081
v 0.349099 0.621308 0.021665
v 0.127906 0.611434 -0.0773057
v -0.0448064 0.601384 -0.157059
v -0.0595026 0.601531 -0.116744
v -0.0472782 0.623177 -0.0234302
v 0.0176622 0.635162 0.0243716
v 0.0830321 0.629446 0.00882437
v 0.378146 0.584472 -0.177397
v 0.309237 0.554242 -0.240944
v 0.303378 0.563958 -0.240612
v 0.254154 0.559995 -0.192764
v 0.24247 0.565619 -0.170355
v 0.234251 0.576645 -0.151244
v 0.272112 0.61256 -0.00914883
v 0.332626 0.625249 0.0238948
v 0.408893 0.600175 -0.0862365
v -0.00395354 0.586662 -0.203925
v 0.0066377 0.636375 0.025666
v 0.338523 0.580042 -0.196419
v 0.234726 0.599278 -0.0582819
v 0.297517 0.61908 0.00676935
v 0.390794 0.624989 -0.040666
v 0.120117 0.601056 -0.0848215
v 0.0735224 0.586749 -0.164505
v 0.0198705 0.585033 -0.24334
v 0.00955868 0.571356 -0.235288
v -0.0598414 0.605574 -0.106549
v 0.0224451 0.65169 0.0205392
v 0.0743439 0.629074 0.0146931
v 0.239084 0.563157 -0.155715
v 0.22499 0.598557 -0.0709534
v 0.362858 0.628304 0.011838
v 0.402901 0.607316 -0.063303
v 0.117213 0.612696 -0.0283402
v 0.124716 0.61553 -0.0595719
v 0.0589005 0.578442 -0.177814
v 0.00260428 0.582825 -0.226796
v -0.0125714 0.5905 -0.184693
v 0.121228 0.629414 -0.0361441
v 0.394614 0.596647 -0.154238
v 0.360373 0.583754 -0.179769
v 0.355635 0.59398 -0.180992
v 0.241943 0.609277 -0.0423784
v 0.378998 0.638418 -0.0130194
v 0.0316449 0.58524 -0.240122
v -0.0576397 0.609237 -0.10049
v 0.405487 0.602634 -0.0952275
v 0.397823 0.590879 -0.140858
v 0.340482 0.622766 0.0240466
v 0.122206 0.618687 -0.109486
v -0.0238968 0.597832 -0.173021
v -0.0285933 0.615309 -0.0545557
v -0.0429149 0.638514 -0.0098451
v 0.104126 0.627534 -0.00880237
v 0.256441 0.567922 -0.201745
v 0.406897 0.632653 -0.0781415
v 0.0759656 0.596067 -0.167647
v 0.0369769 0.579387 -0.23012
v -0.055465 0.60221 -0.14187
v -0.0447809 0.639599 -0.0374059
v 0.0460196 0.633277 0.0225926
v 0.395503 0.609482 -0.130306
v 0.333143 0.592998 -0.209276
v 0.322753 0.563632 -0.233779
v 0.250726 0.620038 -0.0291048
v 0.101097 0.598069 -0.139137
v -0.0577657 0.603918 -0.136012
v -0.0607218 0.621483 -0.114314
v -0.0378672 0.654383 -0.0617138
v -0.00128145 0.636873 0.0241973
v 0.112621 0.59981 -0.0195011
v 0.352097 0.60035 -0.182701
v 0.332431 0.57625 -0.210849
v 0.315876 0.578176 -0.243116
v 0.355005 0.625206 0.0178202
v 0.0112265 0.59053 -0.239323
v 8.41855e-005 0.588387 -0.220997
v -0.0418627 0.629935 -0.161555
v -0.0498461 0.622488 -0.152162
v -0.0385621 0.654105 -0.0086973
v 0.343777 0.56673 -0.188769
v 0.309965 0.573209 -0.244386
v 0.374549 0.640402 -0.00479675
v 0.0285467 0.599636 -0.245089
v -0.00943978 0.612349 -0.192328
v -0.0580924 0.624776 -0.105514
v -0.0438967 0.630193 -0.084021
v -0.0369898 0.625972 -0.0420792
v 0.395053 0.617121 -0.116131
v 0.263308 0.592997 -0.22057
v 0.228435 0.588329 -0.127582
v 0.325602 0.622164 0.0236459
v 0.036733 0.603524 -0.241138
v -0.0106045 0.599237 -0.188692
v 0.0622513 0.650693 0.0169133
v 0.399209 0.610575 -0.106292
v 0.396626 0.612936 -0.147902
v 0.387902 0.616243 -0.167897
v 0.383416 0.579469 -0.171699
v 0.244132 0.586077 -0.195634
v 0.237883 0.595079 -0.188426
v 0.233225 0.585053 -0.162706
v 0.259071 0.634558 -0.0196811
v 0.392578 0.640862 -0.0423529
v 0.407097 0.638128 -0.0950782
v 0.103906 0.59259 -0.105726
v 0.101165 0.589667 -0.111034
v -0.0520082 0.621393 -0.0940837
v -0.0339702 0.634567 -0.0577073
v -0.0155671 0.650263 0.01302
v 0.0770122 0.65811 0.00942572
v 0.0860121 0.651826 0.00335134
v 0.372371 0.611116 -0.181842
v 0.320375 0.592584 -0.24056
v 0.291099 0.58614 -0.232636
v 0.245464 0.596576 -0.205235
v 0.287644 0.636267 -0.00200905
v 0.105179 0.60778 -0.138068
v 0.0964143 0.611222 -0.162081
v -0.0337739 0.612795 -0.166681
v -0.0333084 0.625264 -0.0671457
v -0.0482589 0.640493 -0.0205199
v 0.00935356 0.652526 0.0206812
v 0.325365 0.596445 -0.23312
v 0.299407 0.586209 -0.240061
v 0.220198 0.600599 -0.0824145
v 0.356699 0.655737 0.00858511
v 0.4091 0.621078 -0.0880734
v -0.0535437 0.625685 -0.145618
v -0.0616731 0.631097 -0.117003
v -0.0594064 0.640437 -0.108572
v -0.0351162 0.641326 -0.069442
v -0.0479869 0.643094 -0.031282
v -0.0500002 0.659819 -0.0326665
v -0.039272 0.668575 -0.0110747
v -0.0266171 0.657344 0.00213612
v 0.120991 0.646498 -0.0313452
v 0.229543 0.612836 -0.0612926
v 0.299409 0.644665 0.00476799
v 0.320399 0.646273 0.0151799
v 0.379138 0.648969 -0.0147743
v 0.398921 0.634398 -0.0604655
v 0.111457 0.61896 -0.127981
v 0.099153 0.606558 -0.153229
v 0.052388 0.596111 -0.196303
v -0.0366261 0.638727 -0.166957
v -0.0117634 0.65817 0.0149952
v 0.0530336 0.663132 0.0181952
v 0.394874 0.620918 -0.141913
v 0.281612 0.5928 -0.228822
v 0.231547 0.596979 -0.172892
v 0.219632 0.600772 -0.113137
v 0.129185 0.619957 -0.095228
v 0.11348 0.638509 -0.0181688
v 0.329039 0.606756 -0.22197
v 0.309528 0.596047 -0.246979
v 0.302886 0.587652 -0.243625
v 0.243297 0.634762 -0.0344817
v 0.408604 0.634192 -0.0846229
v 0.131148 0.620458 -0.0886038
v 0.0864168 0.602297 -0.163222
v -0.06078 0.626012 -0.124791
v 0.110044 0.647896 -0.0141434
v 0.129062 0.622726 -0.0712682
v 0.336195 0.606105 -0.200906
v 0.227939 0.595904 -0.154292
v 0.337311 0.645782 0.0169871
v 0.10595 0.62801 -0.164298
v 0.0726695 0.612487 -0.1805
v 0.0411839 0.603662 -0.234785
v -0.0462016 0.646242 -0.0153578
v -0.0140817 0.675766 0.0112584
v -0.00714241 0.666442 0.0156168
v 7.24247e-005 0.660685 0.0182954
v 0.0365998 0.664475 0.0192615
v 0.101631 0.66346 -0.00665421
v 0.396829 0.626916 -0.112521
v 0.383565 0.631099 -0.17355
v 0.369624 0.600987 -0.181999
v 0.361508 0.614409 -0.182213
v 0.304642 0.596408 -0.245814
v 0.291015 0.604135 -0.236761
v 0.216294 0.606528 -0.10209
v 0.216049 0.618688 -0.0782674
v 0.273105 0.634666 -0.0104198
v 0.3506 0.675335 0.00689237
v 0.389651 0.657192 -0.0364151
v 0.06535 0.601841 -0.182551
v 0.016616 0.668176 0.0175397
v 0.133134 0.634294 -0.112187
v 0.00256356 0.610861 -0.229132
v -0.00390179 0.617915 -0.208213
v -0.0618093 0.648364 -0.123592
v 0.0327803 0.679055 0.0168085
v 0.0673766 0.673891 0.0129425
v 0.22937 0.63421 -0.0511003
v 0.361622 0.662617 0.00336326
v 0.342672 0.613464 -0.190636
v 0.223963 0.613634 -0.170206
v -0.039454 0.652996 -0.0810125
v -0.0254106 0.674333 0.00170634
v 0.08266 0.666897 0.00574746
v 0.119122 0.67368 -0.0205202
v 0.119093 0.651796 -0.0254053
v 0.402919 0.652658 -0.0655445
v 0.0465937 0.607597 -0.219939
v -0.0434681 0.650726 -0.087435
v 0.0506712 0.677904 0.0166447
v 0.126986 0.644972 -0.0499572
v 0.37754 0.607192 -0.178885
v 0.317194 0.618049 -0.244956
v 0.0216148 0.612413 -0.247992
v -0.00619681 0.626408 -0.202473
v -0.0259703 0.6183 -0.172744
v -0.0189274 0.689626 0.00600614
v 0.215662 0.63425 -0.0652349
v 0.393527 0.678401 -0.0473584
v 0.392684 0.638493 -0.126653
v 0.365809 0.625855 -0.183093
v 0.0586971 0.616516 -0.196996
v 0.0505139 0.622144 -0.214891
v 0.0440347 0.617726 -0.234418
v 0.111253 0.674402 -0.0120574
v 0.259462 0.670531 -0.0178217
v 0.398625 0.66884 -0.0557955
v 0.393819 0.651566 -0.116583
v 0.219736 0.608222 -0.136112
v 0.0784355 0.617404 -0.179208
v 0.0507234 0.609626 -0.207647
v 0.00939163 0.605142 -0.240444
v 0.000426648 0.621351 -0.224619
v -0.0516271 0.650508 -0.151628
v 0.134048 0.64219 -0.0709021
v 0.220334 0.64319 -0.0594016
v 0.280528 0.665504 -0.00852825
v 0.339541 0.675219 0.00955116
v 0.305023 0.619341 -0.247894
v 0.209895 0.624577 -0.0904084
v 0.136992 0.633677 -0.0903444
v 0.114639 0.629041 -0.136126
v 0.0900446 0.621804 -0.175288
v -0.0241184 0.645834 -0.177538
v -0.0598251 0.643119 -0.134151
v -0.0541376 0.655057 -0.10126
v 0.127975 0.669632 -0.0407269
v 0.249239 0.653542 -0.0254089
v 0.357251 0.637416 -0.182318
v 0.333876 0.626163 -0.203929
v 0.222317 0.612432 -0.161137
v 0.212873 0.616112 -0.118114
v -0.045931 0.646738 -0.15895
v -0.0566572 0.658221 -0.144363
v -0.0489538 0.675847 -0.0491618
v -0.00207067 0.688176 0.0123283
v 0.10052 0.679054 -0.00340777
v 0.32198 0.669633 0.00913233
v 0.355649 0.68198 0.00354658
v 0.373756 0.641549 -0.180888
v 0.279333 0.617713 -0.234624
v 0.143844 0.648863 -0.0992553
v 0.10113 0.628685 -0.172042
v -0.0149909 0.636193 -0.186028
v -0.0595536 0.665359 -0.136094
v -0.0608204 0.666456 -0.118906
v 0.290147 0.658219 -0.00270651
v 0.40747 0.658029 -0.0860087
v 0.394084 0.669203 -0.109849
v 0.392825 0.644142 -0.14238
v 0.39446 0.636947 -0.1573
v 0.258276 0.585531 -0.213337
v 0.105006 0.619483 -0.154529
v 0.042191 0.636583 -0.24597
v 0.015097 0.610432 -0.245957
v -0.0451605 0.674046 -0.0193072
v 0.404726 0.658176 -0.093291
v 0.39251 0.651864 -0.164606
v 0.261578 0.610952 -0.226837
v 0.211376 0.62074 -0.128279
v -0.0591395 0.665036 -0.11191
v -0.0531984 0.696871 -0.0474966
v -0.0351507 0.69286 -0.0125966
v 0.11125 0.683321 -0.0114048
v 0.29362 0.67613 -0.003937
v 0.344778 0.681445 0.0070072
v 0.37041 0.662753 -0.00495526
v 0.384812 0.673338 -0.0290564
v 0.297058 0.625766 -0.244709
v 0.2475 0.60527 -0.21352
v 0.227531 0.613219 -0.180326
v 0.139654 0.642812 -0.11239
v 0.066437 0.628792 -0.194392
v -0.0401935 0.676981 -0.0784769
v 0.133625 0.65515 -0.062583
v 0.394356 0.639652 -0.150948
v 0.348869 0.619904 -0.185096
v 0.0452815 0.626959 -0.237404
v 0.0119966 0.641713 -0.246421
v -0.0433677 0.673678 -0.0913055
v -0.0410589 0.674557 -0.0649736
v -0.0486425 0.681457 -0.0267362
v 0.0490781 0.686755 0.0163062
v 0.0851672 0.693742 0.00559679
v 0.208794 0.66241 -0.0667606
v 0.220894 0.669921 -0.0483448
v 0.235609 0.659701 -0.0360519
v 0.354043 0.665492 -0.18501
v 0.0518475 0.631603 -0.218739
v 0.00600897 0.639024 -0.23934
v -0.0218972 0.669965 -0.183209
v -0.0341608 0.66398 -0.173713
v -0.0250101 0.696681 -0.000467378
v -0.0135538 0.694692 0.00853226
v 0.0309934 0.703431 0.0140524
v 0.0517982 0.70468 0.0137318
v 0.0722965 0.701282 0.010076
v 0.125865 0.678453 -0.0306842
v 0.40705 0.668713 -0.0763626
v 0.388959 0.654587 -0.171222
v 0.367554 0.644248 -0.183131
v 0.213037 0.626098 -0.145615
v 0.145853 0.652438 -0.117079
v 0.128164 0.640515 -0.132431
v 0.0257984 0.645557 -0.253434
v -0.0413703 0.661523 -0.166214
v 0.318133 0.687897 0.00315669
v 0.405206 0.675832 -0.0921873
v 0.389995 0.676705 -0.144722
v 0.327466 0.629918 -0.226609
v 0.151815 0.657733 -0.10621
v 0.110263 0.631403 -0.1468
v 0.078143 0.656494 -0.20099
v -0.0419547 0.699537 -0.0224345
v 0.0983921 0.694692 -0.00215393
v 0.28714 0.684942 -0.00911366
v 0.308381 0.64231 -0.250032
v 0.226547 0.624581 -0.189214
v 0.207365 0.62746 -0.120672
v 0.104155 0.629346 -0.169084
v 0.0343726 0.626903 -0.248674
v -0.0602287 0.686814 -0.124344
v -0.0503799 0.705875 -0.0372737
v -0.00363701 0.71379 0.00860708
v 0.390072 0.665434 -0.129332
v 0.337045 0.632325 -0.196629
v 0.201255 0.641127 -0.116577
v 0.198959 0.65119 -0.0977481
v 0.0935644 0.638744 -0.183936
v -0.00521388 0.637781 -0.206926
v -0.0126387 0.664724 -0.193219
v 0.125378 0.687823 -0.0257215
v 0.139214 0.675378 -0.0652386
v 0.376942 0.699819 -0.0196277
v 0.385021 0.686033 -0.0328316
v 0.405273 0.68782 -0.0764045
v 0.391847 0.677935 -0.113894
v 0.342958 0.633122 -0.189608
v 0.288175 0.628621 -0.240332
v 0.191155 0.664905 -0.112755
v 0.0714591 0.658406 -0.205677
v 0.0479843 0.65498 -0.243984
v 0.00406351 0.659042 -0.236608
v -0.0527494 0.692894 -0.152581
v -0.0518435 0.685791 -0.035874
v 0.271905 0.706072 -0.0163532
v 0.351689 0.700232 0.00286402
v 0.321069 0.660902 -0.241429
v 0.238573 0.609356 -0.201886
v 0.205415 0.636948 -0.140293
v 0.113171 0.645005 -0.165195
v 0.10384 0.65393 -0.188469
v 0.057884 0.635523 -0.208761
v -0.0563822 0.675531 -0.107454
v 0.333041 0.686781 0.00615646
v 0.244254 0.635315 -0.227611
v 0.221075 0.62554 -0.178278
v 0.0312431 0.645115 -0.253185
v -0.0464017 0.704031 -0.0910953
v -0.0270612 0.716161 -0.00384096
v -0.00918456 0.707209 0.00829055
v 0.0402805 0.716879 0.0136909
v 0.338841 0.696284 0.00508644
v 0.382384 0.660325 -0.176758
v 0.363845 0.667839 -0.183909
v 0.337734 0.657786 -0.195327
v 0.323046 0.629797 -0.237608
v 0.249618 0.634733 -0.230852
v 0.214 0.635267 -0.168722
v 0.209544 0.638026 -0.153262
v 0.198551 0.649165 -0.13782
v 0.140398 0.658131 -0.142643
v 0.000793259 0.665042 -0.229961
v -0.0171462 0.668193 -0.187523
v -0.0585985 0.676873 -0.140783
v -0.0517756 0.699157 -0.0561423
v 0.405759 0.700954 -0.0916266
v -0.0414311 0.68362 -0.169418
v -0.0473827 0.695525 -0.0970251
v 0.249902 0.691013 -0.0229991
v 0.361072 0.699951 -0.00165013
v 0.373292 0.697107 -0.0126197
v 0.394291 0.698586 -0.0595375
v 0.406387 0.681444 -0.0870344
v 0.331354 0.656129 -0.207655
v 0.313132 0.631047 -0.2481
v 0.29519 0.648014 -0.246249
v 0.223518 0.648187 -0.202486
v 0.120141 0.656107 -0.161217
v 0.0648292 0.655676 -0.209709
v 0.0547096 0.653958 -0.224197
v 0.00749971 0.664354 -0.24279
v -0.0452216 0.695921 -0.0741618
v 0.0186163 0.716881 0.0107643
v 0.0968386 0.721944 -0.00315726
v 0.313011 0.715436 -0.00181256
v 0.388758 0.696059 -0.0470177
v 0.404174 0.698479 -0.0791782
v 0.390266 0.664511 -0.169642
v 0.372025 0.663156 -0.181665
v 0.34832 0.653841 -0.187152
v 0.325785 0.654349 -0.229413
v 0.279645 0.646097 -0.241406
v -0.0593113 0.691848 -0.131308
v 0.108955 0.72104 -0.0125226
v 0.118969 0.69822 -0.0199403
v 0.212371 0.691607 -0.048064
v 0.235215 0.68586 -0.0317732
v 0.390815 0.675171 -0.157281
v 0.389993 0.680065 -0.167999
v 0.257363 0.636438 -0.234628
v 0.156377 0.669578 -0.116569
v 0.139187 0.646701 -0.124055
v 0.0973815 0.653568 -0.191754
v -0.0535666 0.7191 -0.0513057
v -0.0374254 0.71653 -0.0159914
v -0.0124975 0.72277 0.00480754
v 0.0371173 0.730306 0.012515
v 0.146554 0.697907 -0.0589231
v 0.388657 0.685355 -0.123659
v 0.315866 0.648588 -0.246853
v 0.269501 0.638047 -0.237715
v 0.254272 0.664074 -0.244215
v -0.00876902 0.665661 -0.202425
v -0.0144004 0.682283 -0.195921
v -0.0502963 0.712857 -0.10329
v -0.0443092 0.711646 -0.0280427
v -0.0396226 0.737925 -0.0244857
v 0.24574 0.703425 -0.0237332
v 0.361605 0.735789 -0.00438637
v 0.393096 0.686654 -0.112315
v 0.383005 0.675543 -0.177704
v 0.300945 0.658981 -0.250199
v 0.193401 0.669263 -0.156397
v 0.401794 0.704368 -0.0734159
v 0.388754 0.699254 -0.124497
v 0.238642 0.637444 -0.222809
v 0.232397 0.657467 -0.22729
v 0.209231 0.651644 -0.175119
v 0.192753 0.660044 -0.128018
v 0.151813 0.671128 -0.144507
v 0.0411212 0.651221 -0.250806
v -0.0602115 0.702085 -0.135649
v -0.0607406 0.703139 -0.122148
v -0.0192269 0.717612 0.00233322
v 0.381957 0.70564 -0.0348086
v 0.402495 0.694245 -0.0996848
v 0.389709 0.668101 -0.136369
v 0.237879 0.659024 -0.23497
v 0.15531 0.671566 -0.135228
v 0.0969117 0.668927 -0.202497
v 0.0178885 0.643339 -0.250509
v 0.0176351 0.660779 -0.252217
v -0.0355154 0.688744 -0.178264
v -0.0490272 0.72049 -0.0921954
v -0.0530204 0.71526 -0.065893
v 0.301767 0.703535 -0.00556853
v 0.373687 0.723436 -0.0165752
v 0.390093 0.69603 -0.159007
v 0.386391 0.686176 -0.17462
v 0.355942 0.682785 -0.184499
v 0.337889 0.673903 -0.195808
v 0.227943 0.653534 -0.216154
v 0.109716 0.655028 -0.184857
v -0.0470994 0.683133 -0.160357
v -0.0187671 0.740535 -0.00135821
v -0.00395951 0.735626 0.00416842
v 0.137017 0.710776 -0.0321909
v 0.141439 0.703742 -0.0415956
v 0.368599 0.699102 -0.00728091
v 0.386915 0.714756 -0.0456012
v 0.325537 0.672989 -0.233762
v 0.161106 0.680836 -0.128421
v 0.114666 0.656933 -0.179553
v 0.0721851 0.671695 -0.212623
v 0.04546 0.666595 -0.252326
v 0.0859612 0.714304 0.00453659
v 0.190802 0.710231 -0.0569054
v 0.325709 0.714869 0.00181978
v 0.347192 0.719431 0.0018183
v 0.365473 0.685942 -0.182982
v 0.186332 0.682117 -0.142644
v -0.0540753 0.74155 -0.0568454
v -0.0482668 0.745677 -0.0447874
v 0.128911 0.707732 -0.0263361
v 0.288338 0.711849 -0.0113922
v 0.402891 0.706879 -0.106136
v 0.391533 0.700547 -0.119262
v 0.38917 0.694566 -0.166835
v 0.332087 0.673757 -0.20651
v 0.330759 0.689083 -0.210306
v 0.208477 0.664592 -0.186682
v 0.158019 0.681881 -0.148485
v 0.150711 0.679813 -0.158605
v -0.0221685 0.689356 -0.188225
v -0.0545885 0.72554 -0.0640404
v 0.0117811 0.745679 0.00584387
v 0.0552978 0.735716 0.0122251
v 0.40554 0.711989 -0.0989965
v 0.347489 0.674767 -0.187691
v 0.0627153 0.668532 -0.221121
v -0.00597532 0.679982 -0.213492
v -0.0572551 0.712756 -0.117269
v -0.0512 0.7244 -0.105408
v 0.14846 0.723138 -0.037802
v 0.404955 0.705816 -0.0852393
v 0.375717 0.681591 -0.180911
v 0.227367 0.667061 -0.222479
v 0.0708876 0.690323 -0.221187
v 0.0149057 0.688784 -0.252936
v 0.039234 0.742528 0.0108449
v 0.0752247 0.71823 0.00878689
v 0.208245 0.717712 -0.0409208
v 0.250368 0.710851 -0.0222603
v 0.318532 0.735582 -0.00157213
v 0.336838 0.734985 0.00195445
v 0.372933 0.735082 -0.0167212
v 0.389227 0.70416 -0.151751
v 0.342198 0.691236 -0.192662
v 0.334738 0.687542 -0.201131
v 0.313041 0.680629 -0.250642
v 0.242153 0.665247 -0.240414
v 0.216298 0.671217 -0.205334
v 0.21429 0.7311 -0.0348635
v 0.393552 0.724931 -0.0529743
v 0.398849 0.71311 -0.0625393
v 0.27984 0.671408 -0.247511
v 0.268784 0.671478 -0.246646
v 0.0256122 0.681679 -0.258248
v -0.0601705 0.72088 -0.142093
v -0.0599205 0.721976 -0.127395
v 0.119174 0.721228 -0.0191303
v 0.152272 0.71075 -0.0570378
v 0.132564 0.674797 -0.170291
v 0.105665 0.668241 -0.197307
v 0.0322471 0.677983 -0.259576
v -0.0434464 0.713128 -0.170936
v -0.0252621 0.730684 -0.00473533
v 0.292429 0.74573 -0.0119803
v 0.339001 0.750016 0.00171482
v 0.397485 0.736526 -0.0638325
v 0.403759 0.720972 -0.0772171
v 0.386916 0.722222 -0.170876
v 0.18404 0.684678 -0.123927
v 0.378198 0.72374 -0.0325054
v 0.394382 0.722613 -0.11761
v 0.38225 0.69897 -0.177756
v 0.351844 0.708755 -0.187284
v 0.213353 0.665421 -0.196286
v 0.188135 0.678384 -0.152107
v 0.165118 0.689632 -0.138899
v 0.0577908 0.676315 -0.234411
v 0.0583199 0.699487 -0.246097
v -0.0259831 0.759818 -0.00775821
v 0.010859 0.763788 0.00414193
v 0.0263581 0.752088 0.00693477
v 0.0578005 0.772626 0.0110297
v 0.182148 0.723266 -0.0505533
v 0.370389 0.752948 -0.0170722
v 0.37552 0.743418 -0.0298855
v 0.386804 0.714821 -0.140022
v 0.319401 0.683784 -0.245599
v 0.304001 0.703098 -0.253761
v 0.275308 0.689817 -0.246952
v 0.176809 0.690716 -0.138223
v 0.0816465 0.674047 -0.209682
v 0.0383233 0.675974 -0.258512
v 0.00424581 0.696614 -0.240855
v -0.0523144 0.736676 -0.107481
v -0.0546916 0.729427 -0.0770941
v -0.0566644 0.745013 -0.0855891
v 0.136364 0.736477 -0.0257176
v 0.379111 0.740566 -0.0346859
v 0.298031 0.681238 -0.25211
v 0.19962 0.67259 -0.175417
v 0.373954 0.700295 -0.182307
v 0.186875 0.690367 -0.166757
v 0.162801 0.69587 -0.151801
v 0.14575 0.67632 -0.159905
v 0.125842 0.675023 -0.178597
v 0.0466683 0.686402 -0.257213
v 0.0414202 0.767632 0.00905365
v 0.0669021 0.744932 0.010591
v 0.0835958 0.752537 0.00383073
v 0.156045 0.746098 -0.0343243
v 0.163737 0.739685 -0.0436348
v 0.161274 0.729347 -0.047894
v 0.179829 0.740696 -0.0446482
v 0.19516 0.735148 -0.0442224
v 0.329142 0.757217 0.000794339
v 0.000315156 0.686266 -0.2312
v -0.0373701 0.707635 -0.1794
v 0.219081 0.733601 -0.0322172
v 0.405769 0.725482 -0.0917131
v 0.188414 0.694984 -0.177508
v 0.168763 0.695886 -0.146728
v 0.120038 0.693391 -0.202376
v -0.00756669 0.70727 -0.215334
v -0.0154154 0.710725 -0.20169
v 0.350879 0.741524 0.000167861
v 0.391138 0.736514 -0.0464209
v 0.405909 0.733048 -0.0790259
v 0.387598 0.723711 -0.131316
v 0.245448 0.671528 -0.244214
v 0.196151 0.693994 -0.190662
v 0.110607 0.690419 -0.207233
v -0.024118 0.720643 -0.193997
v -0.0522459 0.715147 -0.155394
v -0.05654 0.750674 -0.122071
v 0.103196 0.744277 -0.00827383
v 0.238723 0.735324 -0.0252512
v 0.280445 0.747276 -0.0150634
v 0.325526 0.689008 -0.234186
v 0.22564 0.684443 -0.228565
v 0.182764 0.693555 -0.155739
v 0.155574 0.693921 -0.164961
v 0.139436 0.697684 -0.183208
v 0.0775312 0.68859 -0.217011
v -0.043927 0.777495 -0.0340789
v -0.0434907 0.755731 -0.031022
v -0.0344026 0.763078 -0.0161853
v 0.0727191 0.760616 0.0085594
v 0.367475 0.739504 -0.00950032
v 0.357563 0.7097 -0.185403
v 0.149438 0.693103 -0.172015
v 0.133728 0.692465 -0.184874
v 0.0681335 0.718414 -0.234269
v 0.0651956 0.695606 -0.229773
v 0.0516108 0.673085 -0.246635
v 0.064117 0.777465 0.0105421
v 0.100137 0.76455 -0.00577626
v 0.356245 0.739112 -0.00183951
v 0.292643 0.70071 -0.251766
v 0.216025 0.697344 -0.219605
v 0.119012 0.744014 -0.0169929
v 0.279985 0.758492 -0.0134896
v 0.314909 0.75647 -0.00278593
v 0.343361 0.752829 0.00157521
v 0.3557 0.778279 -0.00359912
v 0.394138 0.757674 -0.057185
v 0.318801 0.713526 -0.247649
v 0.281277 0.699329 -0.249217
v 0.168238 0.708174 -0.16112
v 0.161303 0.708526 -0.170357
v -0.0576753 0.746246 -0.153912
v 0.38869 0.717339 -0.157534
v 0.380747 0.727442 -0.181567
v 0.207111 0.693228 -0.207538
v 0.180158 0.703458 -0.16935
v 0.17692 0.699591 -0.154126
v 0.0986523 0.691692 -0.213261
v 0.0455558 0.699852 -0.261026
v -0.0498879 0.759767 -0.0522382
v 0.168646 0.756782 -0.0356668
v 0.1923 0.756719 -0.0381129
v 0.232533 0.750791 -0.0237096
v 0.388728 0.744381 -0.0443109
v 0.391768 0.737503 -0.12139
v 0.267148 0.706129 -0.250952
v 0.128391 0.694971 -0.195349
v 0.0813621 0.712921 -0.225361
v 0.000868553 0.724632 -0.240613
v -0.0559782 0.73102 -0.156259
v -0.0575518 0.756659 -0.0765573
v 0.373527 0.775196 -0.0338203
v 0.403872 0.749571 -0.0781241
v 0.276993 0.710738 -0.250488
v 0.250959 0.680134 -0.246978
v 0.114024 0.721325 -0.219556
v 0.0454736 0.714264 -0.264799
v -0.0461331 0.766156 -0.0388884
v -0.03796 0.77104 -0.0225072
v -0.0177041 0.76271 -0.00323066
v 0.3757 0.71739 -0.183424
v 0.372273 0.719009 -0.184433
v 0.202025 0.69208 -0.199701
v 0.171394 0.70965 -0.16924
v 0.0743078 0.724112 -0.232162
v 0.0639969 0.709877 -0.237104
v -0.0587589 0.758873 -0.156159
v 0.018982 0.78937 0.0017609
v 0.0516455 0.778087 0.0106361
v 0.340201 0.718837 -0.199192
v 0.315269 0.732382 -0.251367
v 0.252443 0.720737 -0.256703
v 0.19024 0.713308 -0.198258
v 0.0904543 0.687143 -0.213937
v 0.144665 0.756822 -0.0261672
v 0.151354 0.752792 -0.0296283
v 0.220603 0.772547 -0.0232014
v 0.399962 0.739867 -0.105835
v 0.386746 0.737644 -0.146595
v 0.361415 0.729515 -0.185253
v 0.0337727 0.708795 -0.264689
v -0.0389499 0.743272 -0.184347
v 0.00294507 0.787873 -0.000388738
v 0.124225 0.749147 -0.0191501
v 0.40615 0.738839 -0.0882665
v 0.38504 0.74305 -0.179999
v 0.209956 0.705561 -0.217532
v 0.184489 0.708363 -0.186071
v 0.164403 0.716843 -0.178931
v 0.138534 0.70962 -0.192875
v -0.0333415 0.726623 -0.187457
v -0.061072 0.752598 -0.138759
v -0.0585186 0.761554 -0.0939635
v -0.0592302 0.772229 -0.0884037
v -0.0407121 0.802117 -0.0295441
v -0.0267426 0.783445 -0.0129839
v 0.311642 0.703653 -0.252021
v 0.229521 0.704525 -0.243486
v 0.0548712 0.708836 -0.255813
v 0.025808 0.693881 -0.260259
v 0.0324024 0.775984 0.00623898
v 0.0708443 0.785207 0.00948963
v 0.385485 0.758657 -0.154564
v 0.386906 0.739882 -0.167116
v 0.332179 0.723609 -0.212489
v 0.176101 0.722153 -0.191231
v 0.125577 0.721329 -0.211752
v 0.10607 0.715366 -0.220726
v 0.00889314 0.717476 -0.249749
v -0.0605777 0.76225 -0.150318
v 0.10251 0.779381 -0.00616912
v 0.179543 0.765047 -0.0354221
v 0.244812 0.722529 -0.25766
v 0.232383 0.710518 -0.248778
v 0.0161838 0.724033 -0.256879
v -0.00285303 0.71867 -0.231803
v -0.0464685 0.746509 -0.171083
v -0.0570746 0.779629 -0.0805417
v -0.00895648 0.760602 0.000542015
v 0.125121 0.773117 -0.0169416
v 0.392637 0.760749 -0.123458
v 0.307495 0.732167 -0.254175
v 0.291483 0.741004 -0.255314
v 0.237956 0.68906 -0.246538
v 0.0641094 0.730569 -0.241601
v -0.0212878 0.739981 -0.2016
v -0.0573443 0.773854 -0.13396
v -0.0523619 0.777376 -0.0675902
v 0.250303 0.763062 -0.0184553
v 0.289252 0.759175 -0.0111726
v 0.367696 0.781646 -0.0241776
v 0.378085 0.744545 -0.185849
v 0.350438 0.733968 -0.191145
v 0.183313 0.72338 -0.199112
v 0.0587069 0.721644 -0.253659
v -0.0335412 0.753669 -0.193065
v -0.0556978 0.765774 -0.117187
v 0.0810425 0.787189 0.00587179
v 0.0916186 0.802072 0.00285517
v 0.157311 0.778191 -0.0250965
v 0.202322 0.776118 -0.0282881
v 0.386625 0.771773 -0.0457451
v 0.403108 0.754835 -0.0988098
v 0.361839 0.759598 -0.18818
v 0.353494 0.753698 -0.19114
v 0.165847 0.725425 -0.189176
v 0.15058 0.71178 -0.18511
v 0.097536 0.73507 -0.230233
v -0.0170492 0.746841 -0.209647
v -0.0489464 0.789166 -0.0503543
v -0.00466117 0.805624 -0.00480165
v 0.173054 0.780259 -0.0285416
v 0.320646 0.743938 -0.247813
v 0.270985 0.740684 -0.25559
v 0.240374 0.709979 -0.253513
v 0.218862 0.721583 -0.235257
v 0.19966 0.716787 -0.214184
v 0.154734 0.725681 -0.191561
v 0.0775559 0.746594 -0.23776
v -0.0584091 0.777894 -0.158328
v -0.0135308 0.810388 -0.00855793
v 0.328879 0.794185 0.00417588
v 0.400761 0.770442 -0.10728
v 0.33196 0.737971 -0.216483
v 0.035835 0.741877 -0.267985
v -0.0586734 0.780947 -0.140861
v -0.060247 0.791367 -0.100664
v 0.394091 0.778793 -0.0568843
v 0.402445 0.770059 -0.0774331
v 0.328314 0.725803 -0.22254
v 0.324326 0.735769 -0.239655
v 0.164 0.738279 -0.199268
v -0.0546769 0.806978 -0.0740122
v 0.111965 0.79191 -0.00957414
v 0.242187 0.782826 -0.0180931
v 0.342293 0.785862 0.00224994
v 0.359862 0.781257 -0.00881786
v 0.403626 0.771474 -0.0850541
v 0.38693 0.74838 -0.144378
v 0.22246 0.730361 -0.244055
v 0.213394 0.753413 -0.242226
v 0.192665 0.733432 -0.216558
v 0.0403573 0.730157 -0.267292
v -0.00402634 0.75106 -0.238825
v -0.0108274 0.73811 -0.218362
v 0.0308769 0.81632 0.00222859
v 0.046108 0.79713 0.00907232
v 0.133682 0.788293 -0.017209
v 0.182126 0.791272 -0.0250203
v 0.278963 0.791765 -0.00885094
v 0.370442 0.785975 -0.0323654
v 0.396547 0.786486 -0.064696
v 0.386678 0.774322 -0.146746
v 0.281286 0.735814 -0.253892
v 0.140421 0.731093 -0.204481
v -0.047324 0.765231 -0.174007
v -0.0291448 0.816039 -0.0198831
v 0.268175 0.782705 -0.0124235
v 0.383217 0.785856 -0.0431847
v 0.401812 0.782791 -0.0791224
v 0.395452 0.775282 -0.118193
v 0.385331 0.758549 -0.173572
v 0.339833 0.741448 -0.207308
v 0.327978 0.749086 -0.225716
v 0.25147 0.733267 -0.258668
v -0.0390185 0.762836 -0.188564
v -0.0584375 0.785797 -0.124861
v -0.0514353 0.807208 -0.0626699
v 0.0233618 0.808308 0.000354897
v 0.174449 0.798649 -0.0212724
v 0.19397 0.791706 -0.0236565
v 0.299454 0.801893 0.000463737
v 0.262169 0.749122 -0.25726
v 0.20321 0.724395 -0.221683
v 0.0155078 0.761022 -0.259038
v 0.00599475 0.744449 -0.250491
v -0.0313342 0.768231 -0.199438
v 0.00763857 0.811963 -0.00364154
v 0.0536597 0.820488 0.0101796
v 0.402651 0.77922 -0.103082
v 0.382978 0.766928 -0.183808
v 0.154824 0.739846 -0.200701
v 0.101671 0.734454 -0.229025
v 0.216494 0.787469 -0.0207701
v 0.393617 0.778579 -0.122492
v 0.370312 0.747338 -0.186907
v 0.344301 0.763877 -0.207363
v 0.244959 0.750969 -0.264011
v 0.187485 0.748732 -0.220993
v 0.146563 0.741578 -0.205409
v 0.111653 0.740152 -0.226585
v 0.0546291 0.724136 -0.261622
v -0.0468878 0.780479 -0.177325
v -0.0588272 0.792902 -0.150838
v -0.0441441 0.80656 -0.0366054
v 0.401739 0.786906 -0.0991075
v 0.169085 0.740236 -0.202489
v -0.0204793 0.810617 -0.0121564
v 0.064913 0.828736 0.0117455
v 0.227836 0.749346 -0.25665
v 0.172828 0.748919 -0.211343
v 0.0574726 0.738133 -0.25881
v 0.0474195 0.741083 -0.267255
v -0.0553622 0.793415 -0.16669
v -0.0625606 0.806242 -0.0939221
v 0.11962 0.809832 -0.0106353
v 0.138455 0.79999 -0.0154191
v 0.19498 0.809645 -0.0165512
v 0.391375 0.776944 -0.132809
v 0.364904 0.778472 -0.188781
v 0.331508 0.7602 -0.220218
v 0.325191 0.760997 -0.23931
v 0.232389 0.758453 -0.262976
v 0.0688492 0.743602 -0.240025
v 0.0610094 0.742498 -0.247983
v 0.00111901 0.770883 -0.248433
v 0.302159 0.758 -0.253739
v 0.12798 0.743053 -0.218427
v 0.088621 0.759898 -0.239422
v 0.0269418 0.743959 -0.264322
v -0.0168555 0.792008 -0.229757
v -0.0617991 0.803236 -0.137414
v -0.0348501 0.826291 -0.0285235
v 0.233635 0.799552 -0.0170306
v 0.240782 0.803102 -0.0148165
v 0.334641 0.80721 0.00374478
v 0.360547 0.789215 -0.0128286
v 0.36635 0.798111 -0.0314148
v 0.384102 0.774786 -0.180256
v 0.239656 0.753512 -0.26476
v 0.235894 0.760216 -0.265226
v 0.184499 0.755853 -0.223165
v 0.162145 0.763967 -0.215923
v 0.0579585 0.784105 -0.261655
v 0.042122 0.762808 -0.271414
v -0.0597233 0.800577 -0.115669
v 0.0143705 0.822292 -0.00375857
v 0.150094 0.816349 -0.0100828
v 0.382097 0.804367 -0.0440874
v 0.378964 0.773477 -0.186111
v 0.355941 0.777166 -0.193603
v 0.332701 0.781561 -0.22056
v 0.320844 0.774481 -0.247793
v 0.0621375 0.77618 -0.250334
v 0.390578 0.800589 -0.053639
v 0.400203 0.796151 -0.0741538
v 0.400774 0.801195 -0.082799
v 0.250139 0.754622 -0.263319
v 0.149357 0.761458 -0.216392
v -0.0219922 0.764374 -0.208528
v -0.0465227 0.805099 -0.180926
v -0.0632588 0.81496 -0.145118
v 0.131149 0.816016 -0.0106418
v 0.152963 0.795951 -0.0182343
v 0.31822 0.816059 0.00605506
v 0.350165 0.804645 -0.00508022
v 0.394941 0.803421 -0.119818
v 0.384508 0.783715 -0.172211
v 0.326033 0.777522 -0.241543
v 0.193211 0.758561 -0.233069
v 0.0675098 0.764695 -0.244124
v 0.055127 0.785714 -0.266486
v -0.00959819 0.784262 -0.23888
v -0.0353996 0.79508 -0.201368
v -0.0199079 0.83848 -0.0164865
v 0.0526056 0.831943 0.0079105
v 0.254607 0.80601 -0.00968802
v 0.308246 0.818636 0.00545012
v 0.35096 0.820377 -0.0125459
v 0.397964 0.810088 -0.0814113
v 0.34634 0.776934 -0.206453
v 0.118173 0.770826 -0.233169
v -0.0630695 0.817107 -0.102803
v -0.0613941 0.826956 -0.0919191
v 0.0715909 0.83304 0.012077
v 0.358919 0.813448 -0.0267197
v 0.399501 0.799967 -0.103051
v 0.221696 0.749266 -0.250392
v 0.136162 0.755015 -0.217616
v 0.110352 0.763106 -0.234966
v -0.0197003 0.779915 -0.217381
v -0.0588679 0.839366 -0.0836458
v -0.0464187 0.810277 -0.0441045
v 0.279261 0.824466 0.0018963
v 0.388594 0.81485 -0.0551335
v 0.365314 0.802855 -0.189822
v 0.0993345 0.764224 -0.238959
v -0.0512229 0.806185 -0.17348
v -0.0517922 0.822118 -0.0655628
v 0.0213508 0.837286 -0.00362446
v 0.0762532 0.823443 0.011176
v 0.173046 0.825133 -0.00849512
v 0.225343 0.820871 -0.0138751
v 0.275562 0.762981 -0.257334
v 0.210685 0.761247 -0.242874
v -0.0608305 0.815291 -0.123765
v -0.0265324 0.835453 -0.0199155
v 0.0441323 0.842389 0.00222042
v 0.214289 0.811226 -0.015674
v 0.231843 0.829107 -0.0116991
v 0.366649 0.807959 -0.0347497
v 0.385829 0.794809 -0.148443
v 0.385042 0.77657 -0.15502
v 0.314304 0.766714 -0.251299
v 0.300157 0.775241 -0.254001
v 0.201164 0.754669 -0.235441
v 0.180891 0.835729 -0.00393539
v 0.377542 0.813051 -0.0439779
v 0.393908 0.819144 -0.0686995
v 0.382181 0.799526 -0.184255
v 0.376887 0.79903 -0.188069
v 0.184595 0.777664 -0.235877
v 0.169296 0.766168 -0.220627
v 0.0509197 0.773833 -0.269416
v -0.0455074 0.835944 -0.050108
v -0.0137648 0.837976 -0.013699
v 0.300883 0.796289 -0.254597
v 0.248291 0.789164 -0.26994
v -0.0283417 0.822052 -0.220183
v -0.0601271 0.816619 -0.158575
v 0.00153039 0.838668 -0.00941564
v 0.110312 0.806579 -0.00725431
v 0.322928 0.828547 0.00593819
v 0.396829 0.823932 -0.0927416
v 0.391889 0.797595 -0.133826
v 0.378268 0.804292 -0.186253
v 0.309601 0.789661 -0.250932
v 0.271747 0.79644 -0.259492
v 0.206492 0.775963 -0.24573
v 0.136768 0.773505 -0.225343
v 0.0793208 0.772547 -0.24416
v -0.00477599 0.79178 -0.244123
v 0.0922236 0.832493 0.00702113
v 0.253082 0.825135 -0.00461626
v 0.30216 0.845306 0.00885088
v 0.341187 0.811884 0.000506164
v 0.395846 0.824287 -0.0807382
v 0.382562 0.812256 -0.180326
v 0.327914 0.796954 -0.238697
v 0.25751 0.796128 -0.267076
v 0.192502 0.78356 -0.244368
v 0.0143402 0.803318 -0.260462
v -0.041692 0.7826 -0.188727
v 0.1146 0.836646 -0.00286966
v 0.357721 0.828537 -0.0315574
v 0.396882 0.816049 -0.103454
v 0.357436 0.787361 -0.193556
v 0.287262 0.770254 -0.257413
v 0.0656218 0.796425 -0.251371
v 0.0304484 0.782632 -0.268445
v -0.0485542 0.84434 -0.0641846
v -0.0407158 0.846028 -0.044431
v 0.173766 0.845307 -0.000508407
v 0.383467 0.818162 -0.173602
v 0.351524 0.822643 -0.196909
v 0.280701 0.802332 -0.260361
v 0.264816 0.785551 -0.260528
v 0.173993 0.780453 -0.230823
v 0.111137 0.793997 -0.244294
v -0.0387308 0.819747 -0.20213
v -0.0530082 0.841826 -0.0723194
v 0.208531 0.825558 -0.0108305
v 0.217675 0.778193 -0.25434
v 0.213217 0.791226 -0.25478
v 0.157937 0.784447 -0.225228
v 0.125902 0.783375 -0.233462
v 0.105173 0.779656 -0.242107
v 0.389437 0.823745 -0.131765
v -0.0320994 0.809565 -0.209099
v -0.0427503 0.836693 -0.198433
v -0.0480669 0.846324 -0.183795
v -0.0507149 0.851122 -0.178276
v -0.0389085 0.837793 -0.037347
v -0.0084368 0.859758 -0.0158555
v 0.215962 0.836651 -0.0104515
v 0.347084 0.84635 -0.0265622
v 0.321791 0.795678 -0.245927
v 0.042281 0.786092 -0.272424
v 0.0362375 0.788439 -0.271581
v -0.0566939 0.820329 -0.167015
v -0.062661 0.848264 -0.137717
v -0.0611586 0.852392 -0.121477
v 0.0177155 0.858256 -0.00883869
v 0.0914205 0.84994 0.00941036
v 0.310839 0.806782 -0.249626
v 0.194269 0.806297 -0.254699
v 0.0685111 0.806465 -0.253347
v -0.0488398 0.869655 -0.0738213
v -0.0284433 0.870479 -0.0308308
v 0.0537391 0.852709 0.00349603
v 0.137573 0.841485 -0.00502724
v 0.343953 0.834829 -0.012311
v 0.384964 0.818206 -0.147053
v 0.326566 0.810464 -0.24156
v 0.165596 0.797604 -0.232826
v 0.0842788 0.794346 -0.249709
v -0.0323302 0.831296 -0.21638
v 0.279144 0.838672 0.0056836
v 0.316409 0.865273 0.00514407
v 0.339395 0.833167 -0.00511809
v 0.388881 0.832984 -0.0584784
v 0.390961 0.833508 -0.113702
v 0.335485 0.805997 -0.216328
v 0.33175 0.815709 -0.235031
v 0.0523392 0.805625 -0.2696
v -0.0626193 0.847834 -0.102438
v 0.382716 0.829502 -0.153507
v 0.374129 0.815408 -0.188884
v 0.115619 0.818404 -0.250271
v 0.0606992 0.811707 -0.259164
v -0.0234564 0.859712 -0.0229331
v -0.0107379 0.874361 -0.0198235
v 0.193818 0.849447 -0.0020723
v 0.257738 0.839531 -0.000498329
v 0.382496 0.839697 -0.0524805
v 0.392845 0.845868 -0.0747843
v 0.381201 0.826351 -0.184833
v 0.316506 0.818447 -0.246034
v 0.236614 0.802729 -0.273383
v 0.153233 0.795392 -0.231847
v 0.0107832 0.809467 -0.258
v -0.021048 0.838906 -0.230359
v 0.215364 0.863006 -0.00767825
v 0.226314 0.861999 -0.00905715
v 0.392669 0.841712 -0.0996673
v 0.389663 0.852067 -0.109943
v 0.388711 0.841448 -0.127514
v 0.247513 0.820357 -0.274952
v 0.240023 0.799545 -0.272941
v -0.0628457 0.854369 -0.149322
v -0.036013 0.871679 -0.0470465
v 0.040808 0.863801 -0.0047243
v 0.0731374 0.858225 0.011291
v 0.0807262 0.856854 0.011757
v 0.236557 0.844833 -0.00797252
v 0.276059 0.860824 0.00923607
v 0.315251 0.849867 0.00740992
v 0.336395 0.859438 -0.018947
v 0.360623 0.843132 -0.0386112
v 0.38627 0.857258 -0.0574734
v 0.13331 0.799386 -0.237524
v 0.0269798 0.815025 -0.269035
v -0.0127452 0.826231 -0.238102
v -0.0606178 0.872009 -0.098296
v -0.0594555 0.861672 -0.0861774
v -0.04301 0.868782 -0.0623198
v 0.101526 0.855367 0.0059936
v 0.118128 0.85372 -0.000875076
v 0.124391 0.839397 -0.00488924
v 0.33105 0.841358 0.000688111
v 0.391546 0.856997 -0.0812739
v 0.268123 0.813138 -0.262967
v 0.259338 0.835284 -0.273391
v 0.175637 0.802968 -0.244587
v 0.0610387 0.825232 -0.26121
v -0.0151444 0.8621 -0.0187052
v 0.0157168 0.87069 -0.0115671
v 0.0671593 0.869743 0.00761529
v 0.329136 0.863219 -0.0071376
v 0.351654 0.848442 -0.0324319
v 0.385237 0.841621 -0.138908
v 0.382338 0.847268 -0.179632
v 0.332727 0.841926 -0.234196
v 0.305012 0.816673 -0.25381
v 0.286901 0.832327 -0.262413
v 0.23291 0.795867 -0.271308
v 0.221633 0.81332 -0.266937
v 0.156326 0.822374 -0.240763
v 0.103943 0.828303 -0.257255
v -0.0596317 0.847073 -0.166214
v -0.0233798 0.891781 -0.0304496
v 0.0926671 0.875065 0.010547
v 0.351765 0.862443 -0.0351872
v 0.382874 0.841567 -0.169387
v 0.356947 0.828194 -0.192993
v 0.0470681 0.824 -0.273318
v -0.00102687 0.82519 -0.248048
v -0.060826 0.864495 -0.121697
v 0.191436 0.872246 -0.00047071
v 0.236558 0.872867 -0.00572496
v 0.204737 0.814525 -0.25899
v 0.388924 0.852524 -0.131027
v 0.336443 0.839436 -0.228067
v 0.191558 0.824381 -0.261935
v 0.324146 0.865314 -0.00121136
v 0.373005 0.86285 -0.046943
v 0.38926 0.856011 -0.143623
v 0.376217 0.839571 -0.188711
v 0.296268 0.818901 -0.258428
v 0.291634 0.814923 -0.259784
v 0.228171 0.821159 -0.273613
v 0.214819 0.832911 -0.269276
v 0.186761 0.80717 -0.252527
v 0.151952 0.831339 -0.244821
v 0.123255 0.821596 -0.249132
v 0.0777276 0.818425 -0.257197
v 0.0625459 0.840313 -0.262987
v 0.0266447 0.844392 -0.270388
v 0.296183 0.869554 0.01155
v 0.389566 0.86781 -0.0675158
v 0.361704 0.831943 -0.191285
v 0.311101 0.831885 -0.249835
v 0.276131 0.829816 -0.261252
v 0.165796 0.816499 -0.242105
v -0.00549687 0.845197 -0.24386
v -0.0619515 0.873877 -0.149475
v -0.0643946 0.872391 -0.137697
v -0.0595179 0.875799 -0.121254
v 0.0835617 0.881019 0.0112849
v 0.130071 0.867724 -0.000852219
v 0.145979 0.862993 -0.0015227
v 0.297738 0.867949 -0.261953
v 0.175365 0.824499 -0.254708
v 0.0988776 0.821804 -0.256124
v 0.0326519 0.837744 -0.273831
v 0.0118273 0.838116 -0.259568
v 0.341016 0.862562 -0.027162
v 0.369516 0.879216 -0.0460856
v 0.388175 0.873528 -0.122036
v 0.345814 0.834138 -0.204238
v 0.0877844 0.814511 -0.255363
v -0.0304545 0.888083 -0.0422132
v 0.257114 0.871281 0.00663597
v 0.284067 0.870484 0.0121328
v 0.382123 0.844341 -0.157572
v 0.140286 0.822638 -0.248583
v -0.0350481 0.894955 -0.0594696
v -0.017522 0.887144 -0.0255582
v 0.0438993 0.889246 -0.00834449
v 0.122166 0.868856 0.000867841
v 0.165425 0.869095 0.00175852
v 0.387499 0.867589 -0.0943798
v 0.302407 0.867482 -0.259754
v 0.274712 0.84445 -0.263825
v 0.178532 0.837459 -0.262596
v -0.0605872 0.884462 -0.108277
v -0.0271678 0.886583 -0.0333358
v 0.283542 0.894335 0.0160334
v 0.357976 0.867315 -0.192565
v 0.326837 0.84578 -0.237486
v 0.207458 0.839952 -0.269619
v 0.167182 0.843956 -0.257439
v 0.159546 0.839657 -0.248307
v 0.0785571 0.862471 -0.270018
v 0.0211295 0.839969 -0.266667
v -0.0344069 0.859192 -0.210731
v -0.0449156 0.880487 -0.180359
v -0.0581473 0.882242 -0.0998362
v -0.026464 0.907855 -0.0391798
v 0.0496368 0.87011 -0.00303017
v 0.109349 0.879828 0.00636499
v 0.310872 0.884038 0.00641846
v 0.380672 0.87368 -0.175339
v 0.153003 0.847126 -0.250963
v 0.0483919 0.847358 -0.273517
v -0.0309177 0.880152 -0.215358
v 0.0238213 0.894133 -0.0139931
v 0.0624766 0.884598 -5.1203e-005
v 0.175973 0.877711 0.00270593
v 0.229106 0.882012 -0.00824828
v 0.253166 0.881228 0.00541403
v 0.307588 0.870309 0.00879382
v 0.316109 0.885346 0.00109837
v 0.376503 0.887905 -0.0557843
v 0.386645 0.879438 -0.147634
v 0.369656 0.867595 -0.190308
v 0.285665 0.862948 -0.262128
v 0.248808 0.861791 -0.27944
v 0.240004 0.839181 -0.278302
v 0.232453 0.840291 -0.278029
v 0.141621 0.854387 -0.260132
v 0.126895 0.84666 -0.259262
v 0.106528 0.871454 -0.271763
v 0.0626084 0.873677 -0.271169
v -0.0624823 0.88356 -0.128294
v 0.00875548 0.887456 -0.0171307
v 0.204475 0.882819 -0.00586909
v 0.275432 0.889492 0.015052
v 0.338139 0.857054 -0.228133
v 0.110935 0.846443 -0.262191
v 0.186157 0.887363 0.00181162
v 0.218971 0.884188 -0.0094962
v 0.344556 0.886086 -0.0346901
v 0.385719 0.887763 -0.0987461
v 0.379941 0.864851 -0.16156
v 0.342578 0.848141 -0.210852
v -0.0609111 0.896541 -0.132744
v -0.0420841 0.902342 -0.0776853
v 0.109954 0.902998 0.008284
v 0.325247 0.879363 -0.0113342
v 0.33752 0.884304 -0.0306944
v 0.387526 0.8887 -0.126594
v 0.307736 0.870082 -0.254771
v 0.290867 0.855249 -0.262471
v 0.164836 0.85677 -0.262032
v 0.0075772 0.864659 -0.255911
v -0.0507292 0.899004 -0.0900747
v -0.00774541 0.902971 -0.0271957
v 0.0900177 0.886001 0.0112085
v 0.38652 0.872753 -0.103363
v 0.388937 0.883516 -0.140029
v 0.378153 0.864782 -0.184974
v 0.324518 0.867103 -0.236411
v 0.265202 0.842856 -0.271392
v 0.0386311 0.837072 -0.275503
v -0.000876415 0.85755 -0.247219
v -0.0392013 0.899817 -0.187621
v 0.0758555 0.902751 0.00618407
v 0.154536 0.897111 0.00182968
v 0.296934 0.892402 0.0126867
v 0.319132 0.901672 -0.0180268
v 0.313881 0.853516 -0.246937
v 0.150541 0.862013 -0.258652
v -0.057414 0.863651 -0.167202
v 0.0785422 0.883219 0.0103849
v 0.37953 0.884766 -0.157773
v 0.0323315 0.867452 -0.274028
v 0.0157514 0.875848 -0.26335
v -0.0272776 0.889809 -0.217245
v -0.0629207 0.898563 -0.113664
v 0.00933457 0.910952 -0.0206573
v 0.232713 0.905985 -0.00480022
v 0.328805 0.890619 -0.0252468
v 0.388191 0.883449 -0.0777115
v 0.318347 0.855429 -0.241963
v 0.202984 0.873648 -0.279251
v -0.0227731 0.874583 -0.225543
v -0.0357762 0.889418 -0.203479
v -0.058424 0.9083 -0.127347
v 0.176543 0.913418 0.00643662
v 0.357775 0.89992 -0.040283
v 0.386046 0.900262 -0.110429
v 0.197978 0.844416 -0.270128
v 0.182288 0.866432 -0.274228
v 0.157228 0.861568 -0.259003
v -0.0395285 0.881572 -0.196845
v 0.0223271 0.902278 -0.0148653
v 0.153014 0.931208 0.00333629
v 0.279322 0.873735 -0.266768
v 0.219052 0.852969 -0.275752
v 0.137411 0.865944 -0.265667
v -0.0292756 0.919486 -0.204695
v 0.266903 0.878095 0.0106163
v 0.385005 0.902238 -0.0918126
v 0.374154 0.886919 -0.185844
v 0.25935 0.85628 -0.276663
v 0.0448862 0.860851 -0.27597
v -0.0414974 0.9104 -0.173968
v 0.139975 0.888565 0.000559446
v 0.364975 0.9054 -0.0459555
v 0.362047 0.925898 -0.0473355
v 0.36543 0.903618 -0.187819
v 0.164462 0.879282 -0.270674
v -0.0543056 0.902414 -0.152749
v 0.233656 0.875993 -0.282848
v 0.0387313 0.877683 -0.277193
v -0.0575978 0.917481 -0.109893
v -0.0303532 0.91827 -0.0639324
v -0.0277245 0.913199 -0.0445302
v 0.0160985 0.921199 -0.0182047
v 0.171264 0.899954 0.00506024
v 0.300054 0.90507 0.0108106
v 0.377562 0.903044 -0.160703
v 0.378727 0.895588 -0.171023
v 0.351703 0.871802 -0.19602
v 0.321582 0.882003 -0.235918
v 0.268246 0.881025 -0.276645
v 0.14999 0.874036 -0.261507
v -0.0245954 0.919127 -0.213481
v -0.0519858 0.914282 -0.0980532
v -0.0426425 0.929847 -0.0890351
v 0.0543087 0.908657 -0.00719957
v 0.081317 0.915185 0.00787776
v 0.291242 0.888007 -0.261328
v 0.222767 0.86827 -0.28019
v 0.124088 0.872157 -0.26916
v 0.0927349 0.87141 -0.272248
v 0.0454777 0.898053 -0.277695
v -0.00558579 0.898289 -0.237166
v -0.0539995 0.919667 -0.124385
v -0.0197749 0.924248 -0.0388731
v 0.184851 0.877495 -0.278347
v 0.0569848 0.874001 -0.271603
v -0.0012407 0.897769 -0.242392
v -0.0102178 0.899714 -0.232404
v -0.0484838 0.916604 -0.157449
v -0.0317365 0.933054 -0.0708483
v 0.0633874 0.905451 -0.00473147
v 0.385341 0.904448 -0.123548
v 0.28394 0.89673 -0.26698
v 0.26912 0.908004 -0.277979
v 0.152267 0.886661 -0.266486
v 0.0751108 0.881877 -0.274614
v 0.00652991 0.9186 -0.251029
v 0.0711101 0.928754 -0.00380693
v 0.311485 0.901049 -0.000462737
v 0.385216 0.896886 -0.0757781
v 0.335071 0.895039 -0.227754
v 0.133189 0.891896 -0.274359
v 0.0325006 0.922345 -0.011232
v 0.124574 0.903798 0.00495136
v 0.144925 0.916905 0.00244133
v 0.182053 0.914411 0.00520412
v 0.201982 0.914592 -0.00539593
v 0.237907 0.918578 0.000869977
v 0.314395 0.928978 -0.0226695
v 0.306926 0.905291 -0.253099
v 0.0865666 0.911767 0.00985332
v 0.20806 0.904003 -0.00775816
v 0.258364 0.913202 0.0156678
v 0.37284 0.909629 -0.0595633
v 0.384174 0.911852 -0.0968053
v 0.38761 0.903558 -0.140303
v 0.37382 0.907295 -0.178898
v 0.315901 0.884258 -0.241134
v 0.211758 0.892227 -0.283631
v 0.112801 0.889653 -0.276418
v 0.0972498 0.903786 -0.280816
v -0.00479263 0.923575 -0.233043
v -0.031034 0.937869 -0.191571
v -0.0506432 0.934641 -0.125727
v -0.0557313 0.928476 -0.107882
v -0.0341918 0.931147 -0.0753227
v 0.0696144 0.909773 -0.00153632
v 0.225498 0.906653 -0.00854162
v 0.312782 0.905339 -0.00722815
v 0.339235 0.915292 -0.032604
v 0.0314078 0.899117 -0.27306
v 0.10681 0.911484 0.00958822
v 0.253581 0.908062 0.0121845
v 0.330804 0.889905 -0.231061
v 0.318676 0.89689 -0.235663
v 0.175526 0.889977 -0.277849
v -0.0273927 0.92843 -0.0498808
v 0.326756 0.914357 -0.0278327
v 0.294849 0.917853 -0.259741
v 0.189132 0.896303 -0.283343
v 0.144372 0.884229 -0.268597
v 0.00860995 0.930829 -0.0231217
v 0.125582 0.943667 0.00920361
v 0.382376 0.922934 -0.135498
v 0.336765 0.916138 -0.221229
v 0.301605 0.914723 -0.25634
v 0.219326 0.90469 -0.285108
v 0.164913 0.898259 -0.277221
v -0.0194106 0.922096 -0.21941
v -0.0217758 0.938654 -0.214578
v -0.0542413 0.924011 -0.14375
v 0.0963295 0.918043 0.0104857
v 0.27555 0.925995 0.0207762
v 0.307203 0.923854 -0.0143142
v 0.312349 0.931705 -0.236537
v 0.156623 0.885218 -0.268136
v -0.0353387 0.939885 -0.168177
v 0.0406958 0.93623 -0.00959039
v 0.186528 0.925368 0.0038968
v 0.373185 0.919069 -0.0658284
v 0.284232 0.920545 -0.268884
v 0.262109 0.909201 -0.280733
v 0.192356 0.913988 -0.286362
v 0.123265 0.906028 -0.278803
v 0.0562302 0.910578 -0.277459
v -0.0487829 0.941488 -0.106308
v -0.0463263 0.941304 -0.0986879
v -0.00825417 0.939096 -0.0349802
v 0.0620822 0.931927 -0.00859241
v 0.212534 0.927214 -0.00988014
v 0.267134 0.915672 0.0184628
v 0.307314 0.918622 -0.00906406
v 0.353976 0.91734 -0.0386082
v 0.377758 0.930989 -0.0874012
v 0.379048 0.921525 -0.114532
v 0.380249 0.932321 -0.130185
v 0.375897 0.915728 -0.169784
v 0.362931 0.926082 -0.183658
v 0.347902 0.913598 -0.194032
v 0.30802 0.928941 -0.247212
v 0.239441 0.90139 -0.284064
v 0.172905 0.906152 -0.280841
v 0.147396 0.915794 -0.271483
v 0.137014 0.914621 -0.279185
v 0.0116716 0.92291 -0.256162
v -0.0271115 0.936836 -0.204351
v 0.138146 0.937235 0.00590158
v 0.31196 0.922769 -0.0196093
v 0.32139 0.933749 -0.226778
v 0.228923 0.916908 -0.285311
v -0.028967 0.942751 -0.0637686
v 0.163687 0.933138 0.00535068
v 0.215572 0.938823 -0.00924941
v 0.254489 0.952784 0.0226655
v 0.284174 0.922669 0.0186837
v 0.304399 0.906958 0.00681274
v 0.300258 0.92325 0.00726838
v 0.372763 0.933538 -0.149562
v 0.370533 0.93019 -0.17613
v 0.337663 0.937162 -0.210557
v 0.31645 0.934019 -0.229805
v 0.199853 0.932736 -0.287795
v -0.00668328 0.938194 -0.229201
v -0.0428616 0.955228 -0.0985329
v -0.0349237 0.947115 -0.082523
v 0.00829876 0.944951 -0.0225561
v 0.0267271 0.951679 -0.0121495
v 0.0807284 0.941613 0.00559765
v 0.0869498 0.933523 0.00888081
v 0.112981 0.942223 0.00950295
v 0.310764 0.937568 -0.242445
v 0.0961449 0.925127 -0.284823
v 0.058023 0.927963 -0.279099
v 0.0404972 0.915694 -0.27741
v -0.0246604 0.947252 -0.213045
v -0.0322192 0.947097 -0.196285
v -0.0453032 0.945176 -0.149828
v -0.0180426 0.940119 -0.0423296
v 0.0384643 0.952044 -0.00924884
v 0.234402 0.934812 -0.000878048
v 0.367097 0.943943 -0.0679699
v 0.331793 0.935739 -0.221875
v 0.304043 0.93258 -0.252394
v 0.295171 0.931667 -0.258545
v 0.285635 0.93278 -0.265876
v 0.248305 0.906468 -0.282267
v 0.156548 0.919296 -0.277965
v 0.107989 0.907445 -0.281265
v 0.0218659 0.902352 -0.266221
v 0.00663592 0.938902 -0.248988
v -0.0442122 0.949063 -0.155016
v -0.0470325 0.954538 -0.142317
v -0.044371 0.949194 -0.120449
v 0.154545 0.958578 0.00478152
v 0.352675 0.936471 -0.0383282
v 0.371387 0.947935 -0.112039
v 0.345783 0.939118 -0.189765
v 0.075339 0.91161 -0.280783
v -0.0371034 0.94885 -0.180705
v -0.0466773 0.947923 -0.135536
v -0.0106212 0.956322 -0.0378311
v 0.202354 0.93777 -0.00628901
v 0.200564 0.941178 -0.00163633
v 0.224252 0.936057 -0.00762047
v 0.248334 0.945739 0.0186129
v 0.339389 0.938163 -0.0300962
v 0.370234 0.946582 -0.142471
v 0.366591 0.944126 -0.172123
v 0.358528 0.942895 -0.182425
v 0.341529 0.945322 -0.209883
v 0.329396 0.945468 -0.225837
v 0.310975 0.943462 -0.246727
v 0.264083 0.932615 -0.278323
v 0.238905 0.934809 -0.284086
v 0.216297 0.934346 -0.286791
v 0.00440661 0.950546 -0.251519
v -0.00896371 0.948403 -0.234236
v 0.063815 0.951978 -0.00818869
v 0.0971441 0.935404 0.0103692
v 0.178349 0.946656 0.00781238
v 0.245764 0.937416 0.0139253
v 0.29874 0.935198 2.86746e-006
v 0.370566 0.94462 -0.159942
v 0.350978 0.949277 -0.194978
v 0.252949 0.933764 -0.279898
v 0.191093 0.932725 -0.287521
v 0.0698145 0.94144 -0.282491
v -0.0412012 0.958566 -0.166234
v -0.020889 0.956805 -0.0510268
v 0.101473 0.956695 0.00764544
v 0.161012 0.957614 0.00493047
v 0.187526 0.945399 0.0042193
v 0.322291 0.9309 -0.0257213
v 0.373765 0.946834 -0.129206
v 0.3614 0.948942 -0.179264
v 0.29232 0.942862 -0.264157
v 0.157344 0.931367 -0.281274
v 0.144896 0.930895 -0.2773
v 0.0148411 0.941514 -0.257791
v -0.0384514 0.962906 -0.0831552
v -0.0327302 0.955686 -0.082106
v 0.210005 0.943165 0.00669841
v 0.230626 0.939786 0.00367749
v 0.372435 0.94049 -0.0802432
v 0.367408 0.949856 -0.0936283
v 0.176835 0.930793 -0.284915
v 0.17106 0.940217 -0.289952
v -0.0278542 0.971802 -0.204143
v 0.0160993 0.9539 -0.0180511
v 0.02809 0.956499 -0.00672734
v 0.0711024 0.953132 -0.00538383
v 0.28806 0.950084 0.0158763
v 0.33861 0.954837 -0.211873
v 0.264351 0.940284 -0.279521
v 0.192264 0.942861 -0.291022
v 0.135858 0.935992 -0.283833
v 0.116671 0.937763 -0.284782
v -0.0459768 0.965889 -0.127623
v 0.0525735 0.954496 -0.00819921
v 0.0790238 0.955279 0.00569785
v 0.221624 0.947083 0.0183867
v 0.147954 0.938914 -0.286339
v 0.130973 0.934971 -0.285205
v 0.100938 0.939044 -0.286857
v 0.0811591 0.941094 -0.285108
v 0.044636 0.951749 -0.279691
v 0.0403692 0.942756 -0.274638
v -0.0440621 0.962809 -0.0977311
v -0.0270778 0.964036 -0.0555382
v -0.0148558 0.962346 -0.0366974
v 0.0658131 0.955851 -0.00405413
v 0.172988 0.959028 0.00788056
v 0.195703 0.953909 0.00709011
v 0.16743 0.94596 -0.29226
v 0.0150797 0.951053 -0.262424
v -0.0385886 0.968998 -0.183722
v -0.0422509 0.970312 -0.15606
v 0.00471561 0.960733 -0.0180558
v 0.0392356 0.958997 0.00765381
v 0.0892196 0.955069 0.00832243
v 0.240263 0.950363 0.0170998
v 0.298381 0.952789 -0.0141955
v 0.334184 0.951166 -0.0260046
v 0.316883 0.962703 -0.237488
v 0.238247 0.943573 -0.285999
v 0.204342 0.948836 -0.291754
v 0.195908 0.95484 -0.291562
v 0.130231 0.94503 -0.292343
v 0.00442606 0.971168 -0.015596
v 0.0276001 0.96097 0.00473676
v 0.0803114 0.957935 0.0114943
v 0.124447 0.958658 0.00891415
v 0.183941 0.958784 0.00929127
v 0.208636 0.949698 0.0177274
v 0.212218 0.953718 0.0190408
v 0.305738 0.950173 -0.0199136
v 0.364162 0.952489 -0.0661664
v 0.270969 0.951706 0.0249853
v 0.279412 0.952032 0.0227005
v 0.344084 0.952261 -0.0303635
v 0.3752 0.956645 -0.104812
v 0.375763 0.955732 -0.127824
v 0.290645 0.96006 -0.26081
v 0.110839 0.948887 -0.292337
v 0.0923087 0.951866 -0.292005
v 0.0718126 0.950207 -0.286744
v -0.0401288 0.973389 -0.0943526
v 0.105621 0.96017 0.0118271
v 0.140087 0.958015 0.00731795
v 0.292219 0.950842 0.00976881
v 0.295755 0.952803 0.00646862
v 0.295184 0.952439 -0.00848569
v 0.329557 0.95338 -0.0195145
v 0.353727 0.952981 -0.0402612
v 0.372925 0.957992 -0.083802
v 0.372376 0.955125 -0.149587
v 0.358277 0.971068 -0.174843
v 0.236065 0.972404 -0.283172
v 0.151778 0.957921 -0.29248
v -0.00412728 0.963551 -0.234976
v -0.0181505 0.971117 -0.216136
v 0.127225 0.962596 0.0137766
v 0.159429 0.962094 0.00657086
v 0.345029 0.964466 -0.197247
v 0.301686 0.971618 -0.249291
v 0.304206 0.959607 -0.250659
v 0.1487 0.944645 -0.293131
v 0.0812893 0.957983 -0.290306
v 0.063943 0.960511 -0.285135
v 0.0396157 0.965112 -0.274391
v 0.0266431 0.953055 -0.269901
v 0.0259554 0.967597 -0.265189
v 0.0872033 0.964021 0.0264608
v 0.193978 0.959929 0.0178062
v 0.199697 0.957588 0.0161465
v 0.371911 0.968354 -0.0940031
v 0.0269175 1.53756 0.663108
v 0.0258505 1.51766 0.671968
v 0.0342863 1.53499 0.662351
v 0.255291 0.954572 0.0282062
v 0.327328 0.957126 -0.0050851
v 0.341427 0.958024 -0.0197471
v 0.367129 0.963688 -0.160099
v 0.34327 0.977767 -0.191704
v 0.33512 0.973815 -0.210699
v 0.267558 0.962968 -0.27468
v 0.0143549 0.976026 -0.252916
v 0.00778862 0.970238 -0.248672
v -0.0236852 0.97425 -0.0545084
v 0.0250929 0.971674 0.00313135
v 0.0540405 0.963029 0.02083
v 0.108439 0.963586 0.0283421
v 0.051483 0.977879 -0.275902
v -0.00239307 0.979064 -0.229007
v -0.0357774 0.969788 -0.191097
v -0.0098989 0.972099 -0.0319607
v 0.206112 0.958155 0.0461295
v 0.267189 0.95589 0.0349956
v 0.291343 0.955405 0.0202898
v 0.31073 0.95568 0.00857048
v 0.370959 0.968904 -0.133923
v 0.0201203 1.55443 0.653705
v 0.0244311 1.56322 0.648769
v 0.302452 1.53253 0.659
v 0.321138 1.51692 0.65859
v 0.364983 0.976121 -0.148933
v 0.324275 0.973271 -0.226604
v 0.257822 0.967636 -0.278496
v 0.214394 0.947966 -0.290129
v -0.0399319 0.980602 -0.180504
v 0.102726 0.965561 0.0282347
v 0.126884 0.965149 0.0353739
v 0.177723 0.961599 0.0416412
v 0.267855 0.957156 0.0366172
v 0.310715 0.958134 0.0106376
v 0.355531 0.958489 -0.0371966
v 0.0178736 1.53978 0.658351
v 0.0321468 1.54368 0.653468
v 0.0346379 1.51653 0.672334
v 0.310077 1.52369 0.665233
v 0.311988 0.977649 -0.238294
v 0.175935 0.963892 -0.290938
v 0.119168 0.954161 -0.294627
v -0.0408426 0.979941 -0.124462
v 0.171728 0.964082 0.0448845
v 0.261162 0.963118 0.0407008
v 0.0411747 1.51528 0.667269
v 0.29376 1.55013 0.659206
v -0.00344405 1.51846 0.668609
v 0.00865681 1.55731 0.647261
v 0.358795 0.976444 -0.168838
v -0.0356527 0.988781 -0.197395
v -0.0396386 0.98264 -0.147973
v -0.0280352 0.98175 -0.0699916
v 0.0431704 0.978596 0.0121586
v 0.0648168 0.977699 0.0205174
v 0.0695689 0.966033 0.0251993
v 0.284867 0.959784 0.0272777
v 0.368593 0.976732 -0.118287
v -0.000306723 1.51112 0.66804
v 0.0137613 1.52789 0.65852
v 0.0397823 1.53357 0.655187
v 0.0386406 1.4995 0.670748
v 0.322981 1.52057 0.649806
v 0.28834 0.97993 -0.257219
v 0.00953846 0.991304 -0.244101
v -0.00608823 0.979664 -0.0306799
v 0.0871336 0.97989 0.0221656
v 0.10147 0.973989 0.025619
v 0.195453 0.962459 0.047895
v 0.23842 0.963353 0.0471453
v 0.355177 0.969673 -0.03831
v -0.0101157 1.51652 0.659907
v 0.0100873 1.52021 0.661626
v 0.0391279 1.48763 0.672315
v 0.298985 1.52105 0.654027
v 0.286438 1.55084 0.657426
v 0.298037 0.985826 -0.250021
v 0.262586 0.977764 -0.273906
v 0.0913087 0.959682 -0.29159
v -0.0211296 0.988949 -0.216974
v -0.038323 0.994206 -0.189397
v -0.0381056 0.991133 -0.134304
v 0.343368 0.968398 -0.0196721
v 0.36234 0.975074 -0.0601067
v -0.00680711 1.51358 0.668944
v 0.0108057 1.56325 0.642598
v 0.0499579 1.49937 0.662792
v 0.0273374 1.49983 0.668249
v 0.340339 1.55435 0.646454
v 0.313808 1.54283 0.649316
v 0.342534 0.986125 -0.196468
v 0.331324 0.989731 -0.220724
v 0.274288 0.99149 -0.26539
v 0.150651 0.971799 -0.291127
v 0.119052 0.974359 -0.29206
v -0.0318241 0.995058 -0.155369
v -0.036102 0.982761 -0.0929648
v -0.0187052 0.980429 -0.0501268
v 0.133804 0.974556 0.0336585
v 0.249818 0.958006 0.0440278
v 0.00924356 1.53932 0.649365
v 0.047943 1.48303 0.669465
v 0.272967 1.53015 0.658847
v 0.313917 1.56805 0.645069
v 0.0497772 1.51064 0.65863
v -0.000208052 1.50015 0.661981
v -0.0383508 0.99681 -0.107808
v -0.0373879 0.99327 -0.0956221
v 0.071401 0.97962 0.0213365
v 0.161596 0.96544 0.0424123
v 0.176226 0.972751 0.0430216
v 0.366987 0.97681 -0.0830326
v 0.367996 0.988098 -0.113246
v 0.347428 0.988001 -0.181588
v 0.258741 0.98187 -0.27594
v 0.250975 0.991337 -0.27702
v 0.0639362 0.976398 -0.281185
v -0.0181962 0.997012 -0.218912
v 0.277392 1.54673 0.653677
v 0.331182 1.57218 0.6396
v 0.323936 1.53531 0.64369
v -0.0118532 1.50988 0.657098
v -0.00272369 1.51501 0.649506
v 0.000459502 1.54955 0.640604
v -0.0259664 0.991883 -0.0590494
v 0.00638592 0.978503 -0.0141535
v 0.291747 0.969412 0.0246162
v 0.365417 0.991439 -0.149307
v 0.289507 1.52701 0.656056
v 0.267296 1.53488 0.655561
v 0.296348 1.55882 0.653311
v 0.297887 1.57158 0.6356
v 0.303902 1.56679 0.647053
v 0.316574 1.57833 0.62926
v 0.329727 1.54489 0.642851
v 0.318943 1.52774 0.646751
v 0.00498132 1.55846 0.638082
v 0.0318868 1.55607 0.643043
v 0.0494906 1.4899 0.669522
v 0.00103035 1.49042 0.659462
v 0.160991 0.982447 0.0360584
v 0.20464 0.971259 0.0478377
v 0.220803 0.963394 0.0491533
v 0.318125 0.969629 0.00468929
v 0.348306 0.975233 -0.024281
v 0.353928 0.980222 -0.175489
v 0.340616 0.997407 -0.21048
v 0.031191 0.977825 -0.26449
v -0.00326592 0.999659 -0.220987
v 0.328851 1.5795 0.632361
v 0.344681 1.56307 0.631595
v 0.308358 1.00146 -0.241678
v 0.230555 0.992214 -0.280906
v 0.208856 0.970106 -0.289334
v 0.0867421 0.977572 -0.287819
v 0.0173957 0.978685 -0.00385476
v 0.283463 0.972376 0.030591
v 0.00201089 1.52721 0.646668
v -0.000908957 1.52192 0.64044
v 0.0222051 1.56708 0.630834
v 0.0392549 1.55549 0.622433
v 0.0193673 1.48801 0.657365
v 0.0162335 1.4941 0.660353
v 0.289945 1.51971 0.647228
v 0.344769 1.00711 -0.194913
v 0.185756 0.98504 -0.289251
v 0.0292839 1.00043 -0.25849
v 0.0199 0.998024 -0.25225
v -0.0350129 1.02055 -0.193995
v -0.0268107 1.00399 -0.135502
v -0.00837194 0.991592 -0.0272596
v 0.0275731 0.987901 0.00577249
v 0.143497 0.982362 0.0323223
v 0.324393 0.973355 -0.0013457
v 0.0134208 1.56174 0.627661
v 0.0533061 1.53461 0.634303
v 0.0469676 1.52082 0.653913
v 0.294991 1.50723 0.647115
v 0.271423 1.52504 0.650127
v 0.26767 1.54256 0.647327
v 0.345239 1.54804 0.624467
v 0.32486 1.52779 0.638671
v 0.327425 1.00677 -0.22438
v 0.296979 1.01249 -0.252836
v 0.154031 0.985748 -0.291502
v 0.085448 0.992876 -0.285181
v -0.0235925 1.00038 -0.215107
v -0.0302843 1.01841 -0.204838
v -0.0191213 0.990284 -0.0439987
v 0.0570445 0.982743 0.0189165
v 0.245691 0.975757 0.0443865
v 0.307611 0.973377 0.01395
v 0.0276027 1.56352 0.623322
v 0.0413933 1.5441 0.637662
v 0.0520369 1.47769 0.657582
v 0.0412687 1.47601 0.662357
v 0.336037 1.53336 0.6302
v 0.323714 1.51652 0.645825
v -0.00970312 1.50355 0.643539
v 0.0176362 1.56377 0.624612
v 0.0268775 1.48417 0.652961
v -0.0326477 0.996752 -0.0782414
v 0.130334 0.981798 0.0291041
v 0.365495 0.993495 -0.137851
v 0.346982 1.00321 -0.179063
v 0.345544 1.02128 -0.199437
v 0.268974 1.00622 -0.266412
v 0.00301849 0.999331 -0.227483
v 0.281675 1.55675 0.650232
v 0.332382 1.58057 0.620827
v 0.342277 1.54555 0.634493
v 0.319234 1.52217 0.642231
v 0.361459 1.00765 -0.145726
v 0.218158 0.986928 -0.285015
v 0.122371 0.993221 -0.291665
v 0.105245 0.990298 -0.288357
v -0.00309978 1.02116 -0.21576
v -0.0353193 1.00117 -0.116795
v -0.0241966 1.00756 -0.0513911
v 0.30609 0.977164 0.0188839
v 0.349678 0.981985 -0.0234489
v -0.00116759 1.54205 0.628356
v 0.00769599 1.55679 0.618345
v 0.335751 1.01809 -0.21463
v 0.0478063 0.996396 -0.270648
v -0.0189768 1.00177 -0.0427426
v -0.0113018 1.00675 -0.0322086
v 0.0098369 0.994177 -0.00411381
v 0.204813 0.978615 0.0455121
v 0.343883 0.985781 -0.0120026
v 0.36109 0.988932 -0.0528267
v 0.00330579 1.50525 0.637569
v 0.00506669 1.5497 0.622166
v 0.0553743 1.5093 0.646757
v 0.0569789 1.49574 0.644581
v 0.0107421 1.48785 0.656626
v 0.301746 1.49823 0.635862
v 0.264225 1.53258 0.649119
v 0.309701 1.57365 0.631648
v 0.200049 1.00115 -0.287319
v 0.186418 0.998735 -0.285923
v -0.0255177 1.0071 -0.146926
v -0.0354465 1.00845 -0.0907794
v 0.224343 0.976295 0.0467033
v 0.291864 0.984227 0.0360672
v 0.0568609 1.48478 0.655179
v 0.275489 1.5612 0.637039
v 0.324594 1.58225 0.616902
v 0.33995 1.56454 0.624134
v 0.317769 1.51124 0.631463
v 0.364252 0.996911 -0.104788
v 0.301993 1.01437 -0.249244
v 0.234568 1.00137 -0.276988
v 0.155482 1.00428 -0.288386
v 0.135901 1.00196 -0.290213
v -0.0332082 1.01758 -0.159611
v -0.0238156 1.02328 -0.14167
v 0.0159443 1.00164 0.00166163
v 0.0394193 0.992127 0.012612
v 0.175322 0.982031 0.0387251
v 0.23636 0.985079 0.0485094
v 0.318733 0.978443 0.0101758
v 0.360565 0.994483 -0.0513831
v 0.365923 0.990235 -0.0816197
v 0.0466464 1.4747 0.651118
v 0.287333 1.5213 0.641132
v 0.290033 1.56611 0.638539
v 0.337604 1.56632 0.614184
v 0.344043 1.54151 0.619248
v 0.317534 1.50524 0.634012
v 0.36089 1.00627 -0.158627
v 0.00569317 1.01961 -0.228907
v -0.0382728 1.01809 -0.180066
v -0.0193338 1.02045 -0.121654
v 0.0683746 0.995343 0.0265083
v 0.317808 0.989671 0.0210519
v -0.0116261 1.4994 0.645227
v 0.0601726 1.48083 0.643649
v -0.00667832 1.48498 0.639731
v 0.281427 1.5268 0.633918
v 0.285252 1.57006 0.625818
v 0.357358 1.01081 -0.0731272
v 0.317665 1.02599 -0.235046
v 0.283808 1.02444 -0.252102
v 0.076698 1.01363 -0.277386
v 0.0108401 1.00561 -0.239477
v 0.108617 0.981692 0.0234275
v 0.211718 0.985551 0.04948
v 0.247604 0.989224 0.0498661
v -0.0135531 1.49278 0.647526
v -0.00185756 1.52776 0.630619
v 0.00377995 1.54227 0.61258
v 0.0122781 1.56327 0.613442
v 0.0212536 1.56452 0.609671
v 0.0486359 1.54523 0.619089
v 0.00885362 1.48437 0.644336
v 0.340923 1.53418 0.619498
v 0.312563 1.51829 0.631025
v 0.263342 1.01427 -0.265747
v 0.245577 1.01256 -0.269026
v 0.131737 1.02125 -0.282324
v -0.0228448 1.01916 -0.212384
v 0.00793645 1.00212 -0.00588533
v 0.0786843 0.990531 0.0257553
v 0.356774 1.00808 -0.118506
v 0.358316 1.01476 -0.130077
v -0.00653575 1.50367 0.632454
v 0.0311407 1.56156 0.6062
v 0.295679 1.57448 0.625418
v 0.331745 1.57787 0.604504
v 0.326611 1.54772 0.619016
v 0.305628 1.02967 -0.2444
v 0.230607 1.02587 -0.270629
v 0.270725 0.983665 0.0432285
v 0.310392 0.986811 0.0228905
v 0.350588 0.992628 -0.0141445
v 0.348868 0.998403 -0.00623231
v 0.352137 1.01672 -0.10546
v 0.00463624 1.51433 0.626952
v 0.065059 1.5084 0.629681
v 0.0311773 1.48797 0.6355
v 0.0218905 1.48806 0.644248
v 0.261717 1.53466 0.632368
v 0.261878 1.54142 0.63748
v 0.30894 1.57458 0.619747
v 0.335644 1.53224 0.614211
v 0.317396 1.51763 0.622075
v 0.320062 1.50846 0.621433
v 0.292128 1.02774 -0.248205
v 0.249246 1.03127 -0.257857
v 0.204957 1.01389 -0.284653
v 0.112745 1.01031 -0.286857
v 0.0876246 1.03602 -0.272125
v 0.0951121 0.987498 0.0230492
v 0.140271 0.996387 0.0328621
v -0.0116001 1.50081 0.632411
v 0.00263897 1.50287 0.633433
v 0.0418644 1.55532 0.610822
v 0.316066 1.58035 0.607866
v 0.335882 1.55314 0.605996
v 0.322102 1.52095 0.614745
v 0.315795 1.51454 0.619333
v 0.278963 1.0399 -0.24759
v 0.213256 1.01783 -0.28224
v 0.0610426 0.993448 -0.278217
v -0.027758 1.01768 -0.0724535
v 0.19839 0.994433 0.0491886
v 0.300093 0.991179 0.0326414
v 0.339038 0.992843 0.0104791
v 0.00590772 1.51526 0.61716
v 0.0625916 1.52166 0.62234
v 0.065208 1.48984 0.628568
v 0.292011 1.51074 0.632847
v 0.266348 1.52947 0.636838
v 0.270796 1.55712 0.629872
v 0.334917 1.52599 0.615272
v 0.33132 1.03572 -0.217635
v 0.314897 1.03792 -0.234862
v 0.261126 1.03136 -0.254204
v 0.147288 1.01953 -0.282836
v -0.0256317 1.04105 -0.187854
v -0.0346717 1.03177 -0.176513
v 0.0712699 1.01245 0.0298428
v 0.0989803 1.0091 0.0223302
v 0.359373 1.01943 -0.146841
v 0.348941 1.02446 -0.162682
v 0.00426003 1.5613 0.608887
v 0.0419529 1.55079 0.603754
v 0.0607568 1.53098 0.616247
v 0.0522524 1.47426 0.638853
v 0.0212384 1.48995 0.6337
v 0.305415 1.49761 0.623924
v 0.290515 1.52783 0.623235
v 0.342074 1.56268 0.600996
v 0.322212 1.51223 0.616658
v 0.255777 1.04303 -0.250404
v 0.186064 1.03425 -0.273377
v 0.0983862 1.03929 -0.273845
v 0.0657376 1.02947 -0.268358
v -0.00849318 1.02112 -0.213134
v -0.017837 1.04681 -0.207175
v -0.0247706 1.03711 -0.204328
v -0.0243838 1.01998 -0.100896
v 0.0387247 1.00351 0.0146642
v 0.129551 0.997023 0.0293548
v 0.356768 1.00497 -0.044554
v -0.0161519 1.51444 0.617901
v 0.00305132 1.52404 0.613267
v 0.00394721 1.53199 0.606538
v 0.0031751 1.56198 0.59763
v 0.00400104 1.56122 0.589661
v 0.0302566 1.48059 0.624723
v 0.293965 1.50502 0.622041
v 0.260865 1.54418 0.627061
v 0.272979 1.5677 0.623959
v 0.304654 1.5782 0.605696
v 0.325336 1.5793 0.596745
v 0.339856 1.04377 -0.202565
v 0.325042 1.04405 -0.220736
v 0.0152251 1.02966 -0.237117
v -0.0181762 1.04201 -0.12688
v -0.0153199 1.03018 -0.123597
v -0.000181115 1.00967 -0.0183631
v 0.168167 0.996735 0.0401228
v 0.277835 0.994062 0.0445323
v 0.359399 1.03227 -0.129814
v 8.9859e-005 1.52209 0.608916
v 0.00272533 1.54799 0.609914
v 0.0667134 1.5071 0.622154
v 0.293223 1.52568 0.621223
v 0.31447 1.53481 0.611648
v 0.317634 1.5237 0.611521
v 0.319819 1.51909 0.608975
v 0.346731 1.04898 -0.187223
v 0.27108 1.03633 -0.249312
v 0.164552 1.02741 -0.275705
v 0.119888 1.0163 -0.286165
v -0.0238958 1.05243 -0.163254
v -0.0366198 1.03562 -0.159882
v -0.0146465 1.02424 -0.0292933
v 0.0623436 1.01178 0.0273579
v -0.0124892 1.5204 0.610089
v 0.0013057 1.51321 0.616727
v 0.291105 1.51109 0.619675
v 0.282072 1.57386 0.603605
v 0.34082 1.56977 0.597383
v 0.339741 1.54794 0.595666
v 0.31775 1.53856 0.606391
v 0.33173 1.51908 0.604116
v 0.295326 1.04331 -0.245587
v 0.144702 1.03383 -0.277332
v 0.0381487 1.02548 -0.25599
v 0.0232199 1.0454 -0.237817
v 0.0200165 1.04993 -0.232434
v -0.0211921 1.05388 -0.194439
v -0.0313508 1.02988 -0.192149
v 0.0814078 1.02033 0.0294941
v 0.112371 1.02102 0.0229664
v 0.14592 1.01213 0.0348181
v 0.208771 0.998005 0.0519256
v 0.222 0.994299 0.0513286
v 0.24501 1.0028 0.0521661
v -0.0152054 1.49807 0.627627
v -0.0242902 1.51215 0.612355
v -0.00647676 1.55622 0.598196
v 0.0633587 1.47921 0.625764
v 0.047967 1.47365 0.62663
v 0.267216 1.53014 0.619158
v 0.314517 1.57885 0.595578
v 0.310101 1.52308 0.60975
v 0.337602 1.51666 0.597848
v 0.31298 1.04577 -0.228266
v 0.301987 1.05216 -0.23351
v 0.0537433 1.03146 -0.262729
v -0.0290752 1.01995 -0.0887779
v 0.0159645 1.01097 0.00424437
v 0.171006 1.01408 0.0441585
v 0.276766 1.01135 0.043709
v 0.330854 0.999327 0.0237601
v 0.348336 1.0233 -0.0832447
v -0.0160122 1.48812 0.626964
v 0.298663 1.49682 0.613747
v 0.311202 1.52879 0.604101
v 0.32064 1.50438 0.615166
v 0.313856 1.52353 0.602292
v 0.348503 1.04136 -0.151548
v 0.293395 1.05437 -0.240654
v 0.212065 1.06094 -0.263268
v 0.030114 1.0616 -0.235325
v -0.0022844 1.0549 -0.204576
v -0.01623 1.067 -0.157444
v -0.0202653 1.0263 -0.0417359
v 0.300646 1.00078 0.0338887
v 0.348837 1.02144 -0.048427
v -0.010692 1.5448 0.598595
v 0.0624265 1.48848 0.616888
v 0.0226851 1.48088 0.620356
v 0.290457 1.50493 0.610019
v 0.263682 1.5569 0.614308
v 0.291373 1.57846 0.603215
v 0.345549 1.55538 0.593215
v 0.307087 1.05826 -0.212509
v 0.0012456 1.03851 -0.212498
v -0.011444 1.06795 -0.200531
v -0.0172156 1.03211 -0.102398
v 0.00327351 1.02566 -0.0111334
v 0.128869 1.01015 0.0297872
v 0.136647 1.02063 0.0329698
v 0.306162 1.00643 0.0347319
v 0.348357 1.03137 -0.0928526
v 0.355261 1.04174 -0.100266
v 0.0372297 1.54561 0.593246
v 0.0421167 1.47525 0.617077
v 0.0156103 1.47871 0.624815
v 0.00996339 1.47712 0.62311
v 0.315996 1.05842 -0.207857
v 0.165699 1.04416 -0.26574
v -0.0328714 1.05427 -0.13812
v -0.0133146 1.04229 -0.0846942
v -0.0176067 1.04421 -0.0583268
v 0.0357353 1.01315 0.0157205
v 0.349229 1.05131 -0.156139
v -0.00808503 1.47936 0.622047
v -0.0244472 1.52082 0.605842
v 0.0246243 1.55535 0.591853
v 0.060338 1.48142 0.616276
v 0.28659 1.52045 0.612332
v 0.268076 1.56958 0.608156
v 0.336544 1.57111 0.582584
v 0.324513 1.53534 0.597269
v 0.332371 1.52524 0.595396
v 0.342699 1.05815 -0.188131
v 0.296591 1.06147 -0.224516
v 0.268386 1.06933 -0.245031
v 0.17568 1.04942 -0.262748
v 0.134206 1.05199 -0.267153
v 0.0613895 1.05832 -0.253711
v -0.0301299 1.05117 -0.13335
v -0.0122907 1.04921 -0.0859609
v -0.0180629 1.04297 -0.073049
v -0.0201066 1.03484 -0.0517137
v 0.0700648 1.03627 0.0318148
v 0.195433 1.01361 0.0522876
v 0.34305 1.01371 0.00096358
v 0.346785 1.02846 -0.0427067
v 0.358139 1.03504 -0.113936
v 0.356054 1.04807 -0.106128
v -0.0170456 1.4932 0.617124
v -0.0166988 1.5286 0.598768
v -0.0109396 1.55837 0.586011
v 0.0618501 1.50465 0.611999
v 0.347857 1.56475 0.572024
v 0.339874 1.52734 0.587699
v 0.295871 1.07041 -0.193687
v 0.260674 1.05171 -0.24774
v 0.200139 1.05512 -0.265769
v 0.152843 1.05784 -0.262009
v 0.104227 1.04523 -0.272026
v -0.0336534 1.04842 -0.153439
v -0.0121655 1.04572 -0.113392
v 0.0122126 1.01994 -0.000497837
v 0.0478413 1.02893 0.0218288
v 0.120645 1.02041 0.0256701
v 0.341739 1.02273 -0.0132553
v -0.0203771 1.54913 0.585447
v 0.0581362 1.4747 0.624654
v 0.260017 1.53339 0.61437
v 0.302735 1.57761 0.596953
v 0.346564 1.53891 0.584318
v 0.336281 1.53184 0.589154
v 0.335934 1.51072 0.592484
v 0.317797 1.4991 0.605889
v 0.317838 1.0731 -0.176642
v 0.292042 1.07038 -0.204342
v 0.117049 1.05342 -0.262788
v 0.0733486 1.06337 -0.255235
v 0.210402 1.02677 0.0556323
v 0.322037 1.01035 0.0344401
v 0.335204 1.00578 0.0223024
v 0.337632 1.02094 0.0211499
v 0.350012 1.05666 -0.124456
v -0.0159528 1.53512 0.5948
v 0.0266894 1.54852 0.581155
v 0.0226133 1.47885 0.609309
v 0.277434 1.52203 0.606057
v 0.256492 1.54523 0.611494
v 0.35125 1.56105 0.582953
v 0.35209 1.55171 0.583237
v 0.335479 1.06421 -0.189987
v 0.220098 1.05737 -0.262864
v 0.0880016 1.06506 -0.257952
v 0.00775742 1.07372 -0.202456
v -0.0136932 1.05567 -0.115566
v 0.0293805 1.02888 0.0136736
v 0.200181 1.02729 0.0553401
v 0.259403 1.00601 0.0492427
v 0.272102 1.02137 0.0461597
v 0.32547 1.0231 0.0391776
v 0.345442 1.03506 -0.0774717
v 0.0492606 1.47821 0.608657
v 0.00979271 1.47772 0.614507
v 0.269133 1.56817 0.603767
v 0.28759 1.07197 -0.216702
v 0.235366 1.05662 -0.255945
v 0.165253 1.06419 -0.255152
v 0.0184773 1.072 -0.216467
v -0.0212515 1.06288 -0.15465
v 0.356436 1.0559 -0.0906099
v -0.0249579 1.50156 0.600565
v 0.00914338 1.55957 0.579136
v 0.0447786 1.52101 0.588895
v 0.269515 1.52818 0.599554
v 0.325073 1.57434 0.585335
v 0.342265 1.51756 0.585992
v 0.340145 1.51416 0.580858
v 0.352851 1.06319 -0.157746
v 0.30356 1.07005 -0.186265
v 0.273262 1.07368 -0.242759
v 0.248928 1.01916 0.0531489
v 0.342375 1.03896 -0.0580027
v 0.0339564 1.47677 0.604284
v 0.345924 1.52781 0.578921
v 0.293663 1.0764 -0.202875
v 0.275842 1.07739 -0.234987
v 0.247696 1.06899 -0.247471
v 0.233969 1.06903 -0.252829
v 0.143076 1.06525 -0.25736
v -0.01605 1.06879 -0.197629
v -0.015041 1.07074 -0.171831
v -0.0304702 1.07709 -0.117055
v -0.00882968 1.03557 -0.020329
v 0.0605316 1.04272 0.0299374
v 0.10156 1.02641 0.023919
v 0.175171 1.02804 0.0487261
v 0.308807 1.02154 0.0440859
v -0.00980557 1.47926 0.61447
v -0.0285776 1.51052 0.590529
v 0.00876287 1.55664 0.568672
v 0.284921 1.51474 0.598967
v 0.321606 1.57127 0.577802
v 0.357527 1.54849 0.569501
v 0.351185 1.53207 0.572654
v 0.334993 1.5137 0.568178
v 0.328355 1.50208 0.587773
v 0.334334 1.07108 -0.176669
v 0.174871 1.0758 -0.247302
v -0.00938554 1.07188 -0.10151
v -0.00739608 1.05876 -0.0870883
v -0.00374558 1.06299 -0.0723106
v -0.0126711 1.04347 -0.0264192
v 0.0201228 1.04912 0.00570288
v 0.285026 1.01869 0.0433072
v 0.319339 1.02252 0.0420238
v 0.338204 1.02835 -0.00217868
v 0.338122 1.03645 -0.0165353
v -0.0249879 1.5278 0.587974
v -0.0167689 1.55478 0.5711
v 0.0442379 1.48692 0.588047
v 0.0123892 1.4819 0.598881
v 0.29259 1.50823 0.595437
v 0.266175 1.54956 0.594203
v 0.355678 1.55741 0.569748
v 0.295268 1.08766 -0.208945
v 0.271124 1.08582 -0.235129
v 0.256198 1.0765 -0.244546
v 0.221757 1.07433 -0.254054
v 0.112746 1.07543 -0.248997
v -0.0156048 1.07706 -0.143571
v -0.0276061 1.06366 -0.121373
v 0.137287 1.03569 0.0365016
v 0.32861 1.02885 0.0339668
v -0.0170213 1.49025 0.607702
v 0.0324962 1.54033 0.580964
v 0.047529 1.50199 0.58614
v 0.258887 1.53791 0.606799
v 0.296679 1.56997 0.58075
v 0.338477 1.56749 0.565536
v 0.354869 1.5377 0.560513
v 0.345795 1.52293 0.571266
v 0.280466 1.07923 -0.224213
v 0.00140105 1.07413 -0.199707
v -0.0131644 1.07356 -0.156843
v -0.0308528 1.06752 -0.140469
v -0.0041261 1.06901 -0.0938312
v -0.0123788 1.05375 -0.0679386
v -0.0137474 1.05377 -0.0403134
v 0.0813357 1.03369 0.0327578
v 0.33905 1.04906 -0.0485448
v 0.351802 1.06032 -0.0707049
v -0.00656199 1.48526 0.602686
v -0.0230775 1.55013 0.572891
v 0.00138028 1.48188 0.604701
v 0.250974 1.09077 -0.230823
v 0.241127 1.08216 -0.243167
v 0.148248 1.07962 -0.243524
v 0.0324921 1.08093 -0.224981
v -0.0129629 1.08343 -0.191888
v -0.0127734 1.06265 -0.0471367
v -0.00623703 1.0554 -0.0175827
v 0.233526 1.02115 0.0550569
v 0.342886 1.04893 -0.0692788
v 0.349177 1.07248 -0.157914
v -0.0157889 1.49371 0.583175
v -0.00771085 1.55751 0.571281
v 0.0335577 1.48267 0.586524
v 0.272689 1.53167 0.588039
v 0.281984 1.55263 0.571455
v 0.275103 1.55973 0.587155
v 0.184021 1.07879 -0.248101
v 0.0958102 1.08666 -0.242446
v 0.0472797 1.06958 -0.241328
v -0.0299232 1.08092 -0.127771
v -0.0318365 1.07302 -0.127262
v 0.0055353 1.05158 -0.00430808
v 0.17844 1.04221 0.0529568
v 0.354046 1.06614 -0.0753423
v 0.350965 1.06831 -0.105241
v 0.305402 1.09895 -0.160705
v 0.300981 1.08553 -0.182705
v 0.298816 1.09589 -0.201316
v 0.279106 1.08976 -0.225835
v 0.166936 1.07525 -0.246774
v 0.0178868 1.09357 -0.20132
v -0.0155699 1.08442 -0.141607
v 0.329949 1.03619 0.0198334
v 0.341327 1.06147 -0.0539686
v 0.353385 1.06685 -0.139943
v 0.340679 1.07836 -0.158485
v 0.312203 1.08371 -0.165323
v -0.024048 1.50048 0.587303
v -0.0283211 1.54277 0.569156
v 0.269648 1.54174 0.586571
v 0.352975 1.55995 0.560069
v 0.358046 1.54762 0.560045
v 0.341414 1.09513 -0.125123
v 0.111745 1.04798 0.0271705
v 0.33684 1.04641 -0.0198688
v -0.0121846 1.55222 0.560205
v 0.283025 1.53035 0.573572
v 0.291556 1.5609 0.569138
v 0.306957 1.10245 -0.189829
v 0.288748 1.10226 -0.199836
v 0.259037 1.10063 -0.21909
v 0.234297 1.08867 -0.237885
v 0.142352 1.09834 -0.231078
v 0.134029 1.07034 -0.255671
v 0.102087 1.08184 -0.245407
v -0.00615168 1.08788 -0.152186
v -0.027739 1.08785 -0.128063
v 0.00184989 1.0758 -0.0557436
v 0.0724094 1.04729 0.0340057
v 0.189801 1.04891 0.05662
v 0.274172 1.03601 0.0471968
v 0.329302 1.05907 -0.0145659
v -0.0291991 1.5232 0.574628
v 0.0147192 1.54755 0.560694
v 0.0290383 1.5293 0.562259
v 0.286393 1.51995 0.582584
v 0.351774 1.53712 0.544912
v 0.298281 1.10264 -0.19574
v 0.276416 1.09541 -0.221167
v 0.0594523 1.09248 -0.230765
v -0.00507961 1.09255 -0.164198
v 0.0824643 1.0495 0.0328782
v 0.100599 1.04157 0.0262513
v 0.163646 1.03787 0.0463915
v 0.302675 1.03241 0.0476799
v 0.353852 1.07849 -0.115381
v 0.304384 1.1001 -0.16916
v -0.00853537 1.4943 0.566463
v -0.0264934 1.51376 0.571261
v 0.000552144 1.55327 0.559129
v 0.282234 1.53729 0.569384
v 0.35515 1.55377 0.552485
v 0.344075 1.52325 0.559254
v 0.206676 1.0934 -0.240454
v 0.169708 1.09388 -0.236427
v 0.126832 1.09102 -0.245031
v 0.122427 1.08678 -0.247071
v 0.00730727 1.09087 -0.196724
v 0.0305119 1.04881 0.0139386
v 0.242699 1.03619 0.0532843
v 0.33111 1.06188 -0.0229677
v -0.0264369 1.52601 0.552786
v -0.00756338 1.55094 0.542603
v 0.0101525 1.48814 0.575727
v 0.285423 1.54856 0.564231
v 0.331328 1.5658 0.545581
v 0.174241 1.10408 -0.229906
v 0.0962559 1.0944 -0.23847
v -0.00584545 1.09051 -0.198097
v -0.0223074 1.09733 -0.136683
v -0.00823195 1.06919 -0.0455693
v -0.0107407 1.06526 -0.0296096
v -0.00724898 1.06583 -0.0189249
v 0.0440461 1.04897 0.0221054
v 0.121874 1.03823 0.0284936
v 0.147782 1.03611 0.0407767
v 0.319004 1.09429 -0.142259
v 0.310943 1.11249 -0.133225
v 0.00814673 1.5511 0.552753
v 0.0351308 1.51174 0.562956
v 0.307701 1.50569 0.571899
v 0.294033 1.52754 0.551963
v 0.307468 1.56204 0.55151
v 0.338777 1.51834 0.555902
v 0.1903 1.09583 -0.238462
v 0.129409 1.10255 -0.237146
v 0.0756176 1.09016 -0.235517
v 0.0429127 1.09697 -0.218246
v 0.0128896 1.10579 -0.195815
v -0.00364247 1.09788 -0.148846
v -0.0317247 1.0876 -0.115197
v 0.000254367 1.0779 -0.0755307
v 0.101493 1.0577 0.0291659
v 0.336052 1.06138 -0.0429495
v 0.305972 1.11352 -0.159505
v -0.0194882 1.50323 0.565288
v -0.0171888 1.54621 0.539084
v 0.345807 1.52425 0.538734
v 0.295689 1.51641 0.569911
v 0.226383 1.10278 -0.221356
v 0.14958 1.0966 -0.231158
v 0.0524393 1.08634 -0.233236
v 0.0035274 1.11204 -0.196811
v 0.212031 1.04821 0.0552867
v 0.252302 1.0344 0.0517334
v 0.265891 1.0338 0.0480059
v 0.323877 1.04836 0.0231701
v 0.35294 1.07921 -0.0831261
v 0.352977 1.08702 -0.116219
v 0.326412 1.09261 -0.137685
v 0.308276 1.11093 -0.187719
v 0.0351973 1.49445 0.571005
v 0.00763363 1.54864 0.54741
v 0.0223479 1.53331 0.551576
v 0.0270921 1.48931 0.571919
v 0.0099955 1.49122 0.563444
v 0.310556 1.119 -0.168043
v 0.259659 1.11397 -0.195713
v 0.242702 1.10766 -0.214788
v 0.0226828 1.10389 -0.198708
v -0.00662984 1.0986 -0.192049
v 0.00575581 1.11637 -0.164102
v -0.0129543 1.09327 -0.142336
v -0.00576269 1.08132 -0.0865144
v -0.00062593 1.06118 -0.00754427
v 0.0724444 1.05451 0.0348451
v 0.149011 1.05282 0.0432676
v 0.324675 1.0566 0.011759
v 0.341403 1.5641 0.543391
v 0.352865 1.54685 0.539805
v 0.349528 1.53109 0.531455
v 0.337326 1.51675 0.541897
v 0.313328 1.51193 0.552703
v 0.292798 1.54211 0.548801
v 0.216533 1.11316 -0.214561
v 0.156176 1.11082 -0.218393
v 0.0906592 1.10302 -0.23456
v 0.000227089 1.10956 -0.189699
v -0.0191184 1.10737 -0.138244
v -0.0305337 1.09515 -0.121862
v -0.0323801 1.09622 -0.111852
v 0.00552086 1.0841 -0.0612017
v 0.0531535 1.06102 0.0276446
v 0.123299 1.06576 0.0326595
v 0.132956 1.05579 0.0357717
v -0.0247813 1.51502 0.555247
v -0.0240403 1.5343 0.54673
v 0.347168 1.08822 -0.131688
v 0.276053 1.11595 -0.190569
v 0.202461 1.11271 -0.217446
v 0.114904 1.11429 -0.233386
v 0.0642601 1.10331 -0.225241
v 0.0425269 1.11468 -0.200292
v -0.000821669 1.08444 -0.0129637
v 0.285625 1.04849 0.0511441
v 0.310713 1.03579 0.04817
v -0.02764 1.51997 0.534705
v 0.295812 1.55573 0.554144
v 0.293884 1.12542 -0.189676
v 0.299613 1.1133 -0.19127
v 0.0901462 1.10936 -0.229916
v 0.0569337 1.11175 -0.214525
v -0.0270088 1.08412 -0.107881
v 0.00545571 1.06148 -0.00105696
v 0.24507 1.04684 0.0529861
v 0.349776 1.07458 -0.0477198
v -0.0132909 1.49857 0.549748
v 0.0257271 1.52325 0.54961
v 0.026527 1.5135 0.544684
v 0.0355857 1.50163 0.563967
v 0.0187991 1.4898 0.566376
v 0.0167238 1.49228 0.550597
v -0.00525611 1.07909 -0.0247606
v 0.0173669 1.06608 0.00877309
v 0.0872591 1.06867 0.0371686
v 0.35324 1.1023 -0.0875759
v 0.323932 1.11263 -0.106031
v 0.234837 1.12043 -0.200059
v 0.172696 1.11848 -0.214934
v 0.136672 1.11477 -0.217425
v -0.0266033 1.12115 -0.126887
v 0.349484 1.55649 0.539809
v 0.35147 1.55147 0.522547
v 0.334989 1.51356 0.528372
v 0.290971 1.53495 0.552861
v -0.0207964 1.50874 0.547332
v 0.299663 1.13193 -0.185544
v 0.276249 1.13169 -0.189777
v 0.257786 1.1248 -0.18844
v 0.186896 1.11701 -0.213928
v 0.105278 1.10849 -0.237073
v 0.0408904 1.12249 -0.19731
v 0.0180296 1.12764 -0.194533
v -0.0252922 1.10212 -0.132802
v -0.0294083 1.10316 -0.104083
v 0.00739926 1.09553 -0.0580409
v 0.0765953 1.07167 0.0382297
v 0.17045 1.06703 0.0552192
v 0.344165 1.56344 0.530144
v 0.31949 1.51151 0.535134
v 0.319509 1.56512 0.548226
v 0.305628 1.13171 -0.179216
v 0.259224 1.13167 -0.1871
v 0.167809 1.12571 -0.209379
v 0.152183 1.11809 -0.213427
v 0.0837267 1.11519 -0.218345
v 0.0696728 1.11412 -0.217361
v 0.0537177 1.12098 -0.199564
v 0.00270481 1.12452 -0.142802
v -0.0151914 1.12026 -0.137857
v 0.00304604 1.08173 -0.00588755
v 0.297726 1.05636 0.0541364
v 0.315082 1.06217 0.0345901
v 0.0152128 1.1184 -0.194159
v 0.00450987 1.55157 0.541193
v 0.352792 1.54133 0.524382
v 0.306896 1.51748 0.543566
v 0.356775 1.09547 -0.0729221
v 0.309364 1.1224 -0.134313
v 0.314459 1.13178 -0.129424
v 0.219166 1.13042 -0.197733
v 0.184282 1.12933 -0.202968
v -0.00319406 1.12205 -0.138528
v 0.0269114 1.07779 0.0147774
v 0.229228 1.05041 0.0527595
v 0.353332 1.08401 -0.0515581
v 0.028642 1.12423 -0.184809
v 0.0196126 1.12195 -0.188328
v -0.00180113 1.49371 0.545361
v -0.0153596 1.499 0.532929
v 0.348816 1.5583 0.515409
v 0.320443 1.50929 0.521498
v 0.335442 1.56717 0.538065
v 0.0157128 1.12986 -0.192652
v 0.000703249 1.08556 -0.0756526
v 0.142673 1.06892 0.0428185
v 0.187569 1.07046 0.0578967
v 0.200152 1.06024 0.0562379
v 0.210675 1.07046 0.0522548
v 0.315807 1.11661 -0.115422
v -0.0298449 1.51526 0.515978
v 0.318371 1.13513 -0.143266
v 0.214847 1.13378 -0.195586
v 0.137777 1.12263 -0.216677
v 0.116972 1.12682 -0.222128
v 0.098299 1.11479 -0.225671
v 0.0953459 1.12377 -0.202585
v 0.0135751 1.12782 -0.161144
v 0.108088 1.07896 0.0342663
v 0.113062 1.06596 0.0303667
v 0.31736 1.04957 0.043434
v 0.334789 1.07961 -0.0199491
v 0.348067 1.09046 -0.0234921
v 0.230383 1.13654 -0.189792
v 0.189887 1.13412 -0.20049
v 0.184215 1.13581 -0.204971
v 0.0683399 1.12547 -0.197386
v -0.0228346 1.54206 0.531056
v 0.0151927 1.54274 0.53491
v 0.344525 1.51661 0.521509
v 0.312188 1.51239 0.527095
v 0.0120323 1.12651 -0.18788
v 0.0108479 1.09416 -0.038969
v -0.0027456 1.08093 -0.0307905
v 0.059557 1.08363 0.0313116
v 0.162339 1.06182 0.0504216
v 0.31118 1.12292 -0.11962
v 0.295271 1.15215 -0.176965
v -0.0287557 1.53724 0.512386
v 0.0216535 1.53328 0.53797
v 0.357211 1.53862 0.504658
v 0.353813 1.52145 0.503751
v 0.33377 1.50888 0.512622
v 0.299739 1.52302 0.548795
v 0.251913 1.15033 -0.191
v 0.212422 1.14083 -0.193174
v 0.151965 1.13753 -0.218326
v 0.124532 1.12982 -0.218746
v 0.0901023 1.13093 -0.192333
v 0.061803 1.13488 -0.188171
v 0.0077687 1.11542 -0.0471637
v 0.00771035 1.08941 -0.0353937
v 0.0172235 1.08374 0.0095115
v 0.327009 1.08017 -0.00380254
v 0.358421 1.10086 -0.0518882
v -0.00210688 1.48968 0.530367
v 0.355532 1.5481 0.506056
v 0.343835 1.50655 0.491936
v 0.299106 1.55125 0.543507
v 0.317257 1.12865 -0.0926309
v 0.254927 1.15715 -0.193697
v 0.228992 1.14688 -0.188319
v 0.183623 1.14856 -0.215262
v 0.164337 1.14516 -0.213794
v 0.140438 1.13939 -0.213746
v 0.131275 1.14267 -0.211694
v 0.109339 1.12988 -0.200149
v 0.0851914 1.13799 -0.188285
v 0.0168136 1.13558 -0.150975
v 0.0472589 1.07775 0.0246298
v 0.178767 1.06594 0.0573611
v 0.230519 1.06486 0.0531177
v 0.280579 1.07394 0.0561251
v 0.30922 1.05786 0.0510648
v 0.299245 1.08033 0.0529236
v 0.315324 1.07349 0.0308892
v 0.358877 1.10764 -0.0522336
v -0.0245563 1.50743 0.525824
v -0.0238469 1.54434 0.51162
v -0.0051399 1.55104 0.529895
v 0.00855076 1.55119 0.527545
v 0.0257291 1.50495 0.542651
v 0.011595 1.49151 0.54556
v 0.337731 1.57042 0.520845
v 0.357424 1.51916 0.486981
v 0.352004 1.50883 0.482919
v 0.323981 1.5675 0.53279
v 0.210034 1.147 -0.195671
v 0.143353 1.14394 -0.204574
v 0.125876 1.13809 -0.20979
v 0.126819 1.14405 -0.192161
v 0.112716 1.13575 -0.192763
v 0.045799 1.13636 -0.184068
v 0.0305042 1.13235 -0.185509
v 0.0292064 1.13967 -0.193086
v -0.0232901 1.12454 -0.0982079
v -0.022011 1.11965 -0.0859608
v 0.0050371 1.09593 -0.010465
v 0.0930992 1.08245 0.0405848
v 0.315554 1.08473 0.0286243
v 0.354828 1.10212 -0.0236612
v 0.313268 1.56243 0.539833
v 0.313787 1.13941 -0.155852
v 0.28341 1.16336 -0.184122
v 0.286603 1.14412 -0.188723
v 0.192433 1.14783 -0.210787
v 0.0457868 1.14105 -0.184627
v -0.0243436 1.13424 -0.119234
v 0.014743 1.11116 -0.00622492
v 0.255932 1.06102 0.0509133
v 0.354004 1.55348 0.501094
v 0.307419 1.51503 0.517913
v 0.325978 1.56985 0.518958
v -0.0135226 1.54925 0.526234
v 0.273445 1.14888 -0.191247
v 0.182547 1.15265 -0.21267
v 0.133149 1.14511 -0.193748
v 0.105441 1.14162 -0.188916
v 0.0647051 1.14211 -0.182966
v 0.0415472 1.14695 -0.19309
v 0.0379684 1.15453 -0.190108
v 0.028157 1.14564 -0.168296
v -0.0126192 1.10691 -0.0728165
v 0.0776384 1.07975 0.0386919
v 0.291471 1.07711 0.0571449
v 0.357733 1.10991 -0.0298456
v 0.357017 1.11673 -0.0493066
v 0.360445 1.51092 0.464485
v 0.299704 1.52513 0.533311
v 0.302478 1.53902 0.518664
v 0.350843 1.12212 -0.0633511
v 0.308194 1.15178 -0.157702
v 0.225669 1.15225 -0.191681
v 0.212956 1.165 -0.208494
v 0.164749 1.15207 -0.200638
v 0.037898 1.15126 -0.195984
v -0.0204881 1.13322 -0.134999
v -0.0201217 1.10895 -0.0812752
v 0.0145098 1.10671 -0.0368263
v 0.086073 1.08433 0.041771
v 0.237291 1.06489 0.0531217
v 0.332682 1.09543 0.00255031
v 0.0116473 1.54664 0.524365
v 0.0217062 1.52826 0.524921
v 0.297615 1.53287 0.533164
v 0.306985 1.55297 0.523634
v -0.0253501 1.49465 0.495105
v -0.0293176 1.5 0.494799
v -0.0315923 1.52839 0.503765
v 0.0129396 1.4908 0.523619
v 0.326557 1.15174 -0.121753
v 0.197506 1.15817 -0.213498
v 0.198667 1.16727 -0.209723
v 0.140441 1.15281 -0.192857
v 0.120892 1.15564 -0.191486
v 0.0960551 1.14608 -0.187653
v 0.0827372 1.14947 -0.182632
v 0.0719127 1.15609 -0.183878
v 0.0168428 1.14178 -0.144985
v -0.0113246 1.14 -0.137322
v -0.0085471 1.12149 -0.0589779
v 0.0499712 1.09207 0.0274976
v 0.118275 1.07785 0.0338133
v 0.240069 1.08159 0.0528243
v 0.304954 1.08337 0.0452012
v 0.32145 1.09267 0.0193486
v 0.321059 1.14385 -0.0692584
v 0.36183 1.53017 0.483159
v -0.0327834 1.53583 0.489976
v 0.264868 1.16654 -0.193452
v 0.179294 1.15907 -0.199543
v 0.0961504 1.15564 -0.185909
v 0.0573686 1.15718 -0.190678
v 0.0333521 1.15652 -0.161109
v 0.0341072 1.09142 0.0211972
v 0.111304 1.09232 0.0366261
v 0.195498 1.09107 0.0535578
v 0.343091 1.11403 -0.0901432
v 0.321169 1.13598 -0.0756501
v 0.35228 1.55936 0.484208
v 0.329718 1.14682 -0.049974
v 0.327197 1.16198 -0.120303
v 0.168909 1.16098 -0.196151
v 0.00445081 1.13602 -0.137699
v -0.0237102 1.14238 -0.125809
v 0.223942 1.08617 0.054405
v 0.349398 1.10423 -0.0100659
v -0.0326114 1.50604 0.491318
v -0.035742 1.51836 0.486392
v 0.020424 1.53464 0.524874
v 0.34185 1.56687 0.510791
v 0.318917 1.50377 0.484551
v -0.00835727 1.55078 0.514201
v 0.0124537 1.54536 0.51644
v 0.0237418 1.5111 0.531821
v 0.0217805 1.497 0.54432
v 0.229763 1.17296 -0.203599
v 0.055658 1.16473 -0.19611
v 0.0178242 1.10785 -0.0213124
v 0.0222454 1.10044 0.0162855
v 0.122924 1.0908 0.0368453
v 0.255428 1.07565 0.0519072
v 0.354441 1.12725 0.000528067
v 0.364145 1.51766 0.462573
v 0.302555 1.52857 0.507527
v 0.330259 1.56958 0.50721
v 0.32736 1.13141 -0.0740881
v 0.326514 1.14815 -0.113585
v 0.309189 1.16248 -0.147222
v 0.182319 1.16973 -0.195419
v 0.138267 1.15983 -0.19311
v 0.0881922 1.1625 -0.186351
v 0.0679133 1.166 -0.192488
v 0.0442305 1.17449 -0.187173
v 0.00936696 1.15541 -0.139023
v -0.0221987 1.15936 -0.114426
v -0.0166382 1.1288 -0.0708991
v 0.0671693 1.09436 0.0350201
v 0.172781 1.08955 0.060244
v 0.323089 1.10538 0.0224579
v 0.356627 1.13014 -0.0157471
v 0.0191776 1.49992 0.524206
v 0.335345 1.50104 0.482554
v 0.311967 1.55679 0.505496
v 0.00455335 1.48645 0.519152
v -0.0140232 1.488 0.503921
v -0.0257575 1.54397 0.478201
v 0.0157369 1.53694 0.507608
v 0.123966 1.16754 -0.194522
v 0.102263 1.16261 -0.188606
v -0.00969167 1.15503 -0.137344
v -0.0187194 1.13937 -0.0947295
v 0.0145468 1.09958 0.00966494
v 0.086318 1.10104 0.0434938
v 0.175893 1.09727 0.0607969
v 0.270214 1.08864 0.0583485
v 0.362597 1.54205 0.477801
v 0.318617 1.56656 0.519855
v -0.0203827 1.5469 0.495564
v 0.246837 1.17515 -0.198106
v 0.214269 1.17535 -0.209201
v 0.191131 1.1728 -0.197524
v 0.156294 1.17441 -0.198201
v 0.150423 1.08847 0.0493325
v 0.355068 1.13054 -0.034886
v 0.366032 1.52482 0.453344
v 0.364281 1.51325 0.450824
v 0.343099 1.1332 -0.057932
v 0.271503 1.17405 -0.188553
v 0.230046 1.18785 -0.202744
v 0.206908 1.17551 -0.209859
v 0.291961 1.08559 0.0562208
v 0.00639275 1.4858 0.504356
v 0.339071 1.56867 0.490814
v 0.365715 1.53534 0.461357
v 0.349749 1.5014 0.46409
v -0.00728077 1.48447 0.502646
v -0.0374095 1.50146 0.457423
v -0.0366038 1.52763 0.471642
v 0.0188566 1.50458 0.509542
v 0.272468 1.18877 -0.179602
v 0.249503 1.18365 -0.196251
v 0.100558 1.18312 -0.197515
v 0.0927542 1.17374 -0.193673
v 0.0759656 1.17334 -0.195425
v 0.0188473 1.16132 -0.141468
v 0.0180512 1.12588 -0.0272273
v 0.0117844 1.10768 0.00424005
v 0.0390712 1.10081 0.0242946
v 0.0823472 1.09902 0.0423611
v 0.203738 1.08998 0.0518989
v 0.348965 1.12742 0.0129523
v 0.297093 1.17083 -0.15412
v 0.0633083 1.17822 -0.197756
v 0.0453639 1.16249 -0.196719
v -0.00713804 1.14148 -0.0480631
v -0.00273581 1.13347 -0.0433421
v 0.0235 1.13579 -0.0165143
v 0.190262 1.08126 0.0568296
v 0.278979 1.09237 0.0597996
v 0.307858 1.10689 0.0415511
v 0.331308 1.11615 0.0199234
v -0.0400016 1.51268 0.44175
v 0.359217 1.55116 0.475862
v 0.341566 1.49542 0.452417
v 0.328848 1.50032 0.476516
v 0.30646 1.54771 0.50996
v 0.316104 1.17174 -0.128083
v 0.189134 1.19109 -0.189644
v 0.139556 1.18211 -0.199779
v 0.116824 1.18449 -0.199116
v -0.0165751 1.15087 -0.0896638
v 0.0239119 1.12925 0.0132578
v 0.0289755 1.11698 0.0227082
v 0.0436611 1.12708 0.033391
v 0.0601844 1.11412 0.0340434
v 0.207476 1.11506 0.0554797
v 0.354362 1.13936 -0.0168171
v 0.361528 1.50571 0.44272
v 0.30898 1.51156 0.48534
v -0.0349472 1.53631 0.463143
v -0.00649664 1.54995 0.484539
v 0.00258838 1.54987 0.504172
v 0.196681 1.18596 -0.196215
v 0.0555196 1.18343 -0.19538
v 0.0270407 1.17049 -0.146366
v 0.0176024 1.18667 -0.13823
v -0.0173573 1.15742 -0.133243
v -0.0205916 1.17991 -0.121354
v 0.0243785 1.12229 -0.0114149
v 0.126036 1.10141 0.0405029
v 0.157746 1.09565 0.0552701
v 0.264044 1.10105 0.0608672
v 0.287185 1.10902 0.0479607
v 0.340548 1.12985 0.0244216
v 0.356915 1.50262 0.44883
v 0.348121 1.4908 0.421255
v -0.00976387 1.4775 0.472604
v 0.0134965 1.49218 0.497265
v 0.336225 1.17277 -0.0927115
v 0.327403 1.17337 -0.112523
v 0.177337 1.17505 -0.194628
v 0.152063 1.19 -0.200524
v -0.00534267 1.16874 -0.136641
v -0.0177575 1.17597 -0.0963656
v 0.118803 1.11086 0.0418019
v 0.161193 1.10721 0.0596723
v 0.224624 1.09842 0.0556349
v 0.285566 1.10305 0.0510767
v 0.353532 1.14254 0.00258057
v 0.34782 1.13716 -0.0447252
v 0.362651 1.54906 0.449234
v 0.366925 1.5142 0.431468
v -0.0298688 1.54237 0.445848
v -0.0173636 1.54766 0.472972
v 0.338539 1.17664 -0.0772148
v 0.296879 1.19144 -0.131513
v 0.279436 1.1838 -0.170474
v 0.209687 1.18168 -0.208357
v 0.0839785 1.19174 -0.199366
v 0.0317349 1.17832 -0.146836
v 0.00416456 1.14324 -0.0291739
v 0.0286835 1.13682 -0.0049643
v 0.166809 1.12043 0.0622901
v 0.177508 1.11193 0.0596351
v 0.239044 1.09928 0.0546994
v 0.269204 1.10853 0.0610703
v 0.275119 1.1076 0.0580387
v 0.325139 1.13183 0.0351971
v 0.330356 1.16259 -0.0243153
v 0.3248 1.1564 -0.0491781
v 0.365387 1.54218 0.451283
v -0.027698 1.47966 0.445177
v 0.316357 1.20741 -0.0921564
v 0.276986 1.19199 -0.167934
v 0.110059 1.19088 -0.200677
v 0.0128545 1.16791 -0.138294
v 0.0286244 1.13374 0.000827677
v 0.307293 1.09469 0.0417111
v 0.367793 1.53213 0.436514
v 0.309977 1.50451 0.456159
v 0.304273 1.52075 0.500786
v -0.0369483 1.53429 0.445492
v -0.0242064 1.54591 0.456894
v 0.00784314 1.54678 0.500284
v 0.00136374 1.48148 0.492829
v 0.330875 1.18417 -0.0982875
v 0.2643 1.21781 -0.175673
v 0.233209 1.20364 -0.197863
v 0.218227 1.18827 -0.206274
v 0.0756903 1.20093 -0.196329
v 0.0381598 1.16566 -0.167593
v 0.0241374 1.12578 0.0187263
v 0.136717 1.09359 0.0439604
v 0.179574 1.18985 -0.192088
v 0.156886 1.1969 -0.199659
v 0.113171 1.19709 -0.201788
v 0.000298282 1.1981 -0.133028
v -0.00370592 1.15903 -0.0497735
v 0.00398428 1.15369 -0.030246
v 0.248502 1.09733 0.0553727
v 0.321427 1.12377 0.0328409
v 0.0175656 1.53148 0.500184
v 0.0190559 1.5182 0.502169
v 0.335838 1.56933 0.47106
v 0.366539 1.50469 0.413094
v 0.356883 1.49576 0.42074
v 0.318547 1.49788 0.45463
v 0.339107 1.16013 -0.0186761
v 0.337669 1.18754 -0.0838051
v -0.0169683 1.18525 -0.128207
v 0.0259142 1.13257 0.00863204
v -0.0208296 1.48555 0.481756
v 0.304806 1.51623 0.47255
v 0.318764 1.56416 0.501273
v 0.261872 1.18436 -0.190508
v 0.186599 1.20879 -0.184489
v 0.113414 1.20912 -0.201596
v 0.0129932 1.15189 -0.0174681
v 0.0970158 1.10089 0.0422096
v -0.0342866 1.48957 0.44966
v -0.0391686 1.52687 0.442212
v 0.346613 1.56497 0.477841
v 0.00663336 1.54722 0.478318
v 0.303652 1.53798 0.490036
v 0.306594 1.54799 0.474122
v -0.0178532 1.47611 0.455158
v -0.0144078 1.54945 0.455309
v 0.28492 1.20746 -0.13873
v 0.178688 1.20459 -0.18867
v 0.153474 1.20766 -0.198357
v 0.0366564 1.18115 -0.152839
v -0.0101511 1.19202 -0.132169
v 0.00217899 1.16632 -0.0365947
v 0.0288721 1.14827 -0.00699396
v 0.188425 1.1132 0.0546394
v 0.349429 1.14817 -0.0204961
v 0.320901 1.56582 0.481199
v -0.0383132 1.49165 0.424824
v -0.0354348 1.53875 0.424669
v 0.00142839 1.47684 0.469203
v 0.329595 1.17951 -0.0454366
v 0.33886 1.18498 -0.0549601
v 0.342967 1.19229 -0.063474
v 0.21945 1.21799 -0.198353
v -0.00979787 1.17052 -0.0640912
v 0.0418609 1.13995 0.0361272
v 0.146456 1.1315 0.0542887
v 0.349984 1.13976 0.0150387
v 0.343937 1.16615 0.0154694
v 0.324536 1.17261 -0.0149102
v 0.358107 1.55561 0.451943
v -0.0418827 1.52432 0.414821
v 0.00980029 1.4829 0.481538
v 0.204175 1.19367 -0.202643
v 0.143595 1.21981 -0.197888
v 0.0511427 1.19097 -0.188618
v 0.0490661 1.19877 -0.181634
v 0.0708563 1.12143 0.0387657
v 0.115318 1.11988 0.0440501
v 0.136523 1.14804 0.0515998
v 0.194664 1.10638 0.0532081
v 0.250303 1.12275 0.0633946
v 0.251358 1.13084 0.0642668
v 0.335 1.14808 0.037096
v 0.355441 1.4917 0.401531
v 0.339253 1.49025 0.430665
v 0.330511 1.49058 0.438498
v 0.315238 1.49575 0.440392
v 0.313733 1.56068 0.470483
v 0.306985 1.18715 -0.121908
v 0.13157 1.21385 -0.20079
v 0.0277411 1.19636 -0.138517
v -0.0171213 1.19787 -0.12345
v -0.0126552 1.18014 -0.0717899
v 0.00974532 1.16252 -0.0185486
v 0.0343989 1.14847 0.0275339
v 0.306134 1.13672 0.0426327
v 0.341205 1.16157 0.0341337
v -0.0181653 1.46853 0.426197
v -0.0342567 1.4825 0.419801
v -0.00714924 1.54954 0.468228
v 0.0212528 1.51376 0.483216
v 0.294005 1.21454 -0.117975
v 0.268917 1.22929 -0.164305
v 0.0461465 1.20339 -0.170798
v 0.0133249 1.19989 -0.134843
v 0.0344185 1.13668 0.0301366
v 0.084559 1.11478 0.0447184
v 0.161224 1.11762 0.061211
v 0.29987 1.15101 0.0476846
v 0.337496 1.157 0.0390395
v 0.335684 1.19598 -0.0794969
v 0.321662 1.208 -0.0838584
v 0.191661 1.21097 -0.186233
v -0.00905933 1.20727 -0.129878
v 0.0977119 1.12413 0.0483596
v 0.228076 1.12559 0.057359
v 0.267282 1.13046 0.0515954
v 0.278967 1.12979 0.0487394
v -0.023285 1.54685 0.43985
v 0.00394791 1.54914 0.468646
v 0.370774 1.53748 0.383923
v 0.37093 1.52703 0.401283
v 0.367953 1.50768 0.401003
v 0.36253 1.49831 0.403026
v 0.338571 1.48668 0.413067
v 0.33018 1.5689 0.481445
v -0.0128683 1.47098 0.443429
v 0.0164587 1.53773 0.471293
v 0.0182573 1.50387 0.489562
v 0.252971 1.21897 -0.183688
v 0.168153 1.20991 -0.191149
v -0.0172472 1.19762 -0.105229
v 0.131852 1.11677 0.0450802
v 0.369604 1.53602 0.413522
v 0.30232 1.52358 0.468795
v -0.0408643 1.5035 0.421237
v 0.00424617 1.54943 0.453055
v 0.0211137 1.49554 0.468092
v 0.0159752 1.48814 0.475573
v 0.326052 1.19493 -0.0152014
v 0.338144 1.20528 -0.018238
v 0.275966 1.22499 -0.149458
v 0.000986954 1.20328 -0.0407303
v 0.0363703 1.15276 0.0227491
v 0.170101 1.12667 0.0614213
v 0.335036 1.17985 0.0380459
v 0.350896 1.56511 0.441621
v 0.358869 1.55724 0.431792
v 0.369561 1.51773 0.406739
v 0.325548 1.48542 0.414407
v 0.0161191 1.53687 0.482892
v 0.172731 1.22329 -0.181146
v 0.0858535 1.20473 -0.198113
v 0.0390787 1.21799 -0.141383
v -0.0157405 1.20428 -0.0821016
v -0.000580917 1.17848 -0.0399581
v 0.0477802 1.1441 0.0402809
v 0.24955 1.14887 0.0551746
v 0.32745 1.1667 0.0483165
v 0.327534 1.17779 -0.00211045
v 0.345686 1.56899 0.438124
v 0.36106 1.49331 0.373171
v 0.301243 1.23421 -0.0919505
v 0.0227292 1.22027 -0.132055
v 0.115743 1.1426 0.0490788
v 0.227002 1.11743 0.0556659
v 0.28783 1.13967 0.0472984
v 0.366774 1.50247 0.38714
v -0.0360731 1.54144 0.402303
v -0.0266449 1.54774 0.409307
v -0.0159868 1.55045 0.425453
v 0.00685975 1.54999 0.44753
v -0.00194603 1.47097 0.446715
v 0.251523 1.24309 -0.181959
v 0.0643422 1.21574 -0.188431
v 0.0529294 1.22711 -0.173433
v 0.0615396 1.13558 0.0387638
v 0.0824527 1.13326 0.0444899
v 0.215426 1.1414 0.0588959
v 0.261321 1.12973 0.0559846
v 0.366808 1.5448 0.414643
v 0.365423 1.4973 0.362998
v 0.314935 1.49268 0.4267
v 0.303735 1.51466 0.450234
v 0.326505 1.57109 0.447989
v -0.0411229 1.53437 0.402597
v 0.0223198 1.5211 0.476262
v 0.342184 1.20378 -0.0334355
v 0.260393 1.24075 -0.1754
v 0.230704 1.22658 -0.193521
v 0.0976258 1.2345 -0.195529
v 0.0579306 1.21705 -0.184077
v 0.0426886 1.21447 -0.148729
v 0.0136137 1.17783 -0.00722774
v 0.0373068 1.15887 0.00753434
v 0.038156 1.15365 0.0145096
v 0.256782 1.12977 0.0620077
v 0.333064 1.18427 0.0317557
v 0.321293 1.19204 0.0183692
v 0.348944 1.48763 0.400165
v 0.302333 1.53368 0.468689
v 0.00942359 1.47802 0.456606
v 0.286769 1.22598 -0.123227
v 0.213914 1.23136 -0.194902
v 0.119318 1.23476 -0.197462
v 0.104727 1.24381 -0.195981
v 0.0725412 1.23183 -0.188108
v 0.0417647 1.15879 0.0379884
v 0.157078 1.11862 0.0593163
v 0.249425 1.15449 0.0532275
v 0.269513 1.16934 0.0496888
v 0.368786 1.54879 0.369059
v 0.0182431 1.54009 0.444425
v 0.0236025 1.52638 0.463378
v 0.00671049 1.47312 0.443989
v -0.00443682 1.46494 0.426287
v 0.343067 1.20556 -0.0499499
v 0.340002 1.21196 -0.0593836
v 0.31301 1.22468 -0.0801652
v 0.177211 1.23675 -0.176432
v 0.00152275 1.18569 -0.0332815
v 0.00841878 1.18408 -0.0136652
v 0.0761267 1.14875 0.0438366
v 0.131712 1.15766 0.0507189
v 0.275188 1.17473 0.0507508
v 0.326242 1.18093 0.0500571
v 0.331862 1.18397 0.0209673
v 0.356357 1.56287 0.412844
v 0.346824 1.48177 0.360018
v 0.302113 1.52707 0.4514
v 0.320562 1.56761 0.458015
v 0.201158 1.23586 -0.191028
v 0.152751 1.22351 -0.192246
v 0.136527 1.23564 -0.195253
v -0.0164766 1.21934 -0.118834
v 0.143218 1.15443 0.0557883
v 0.23951 1.12922 0.0622558
v -0.00990159 1.46267 0.414828
v -0.0288748 1.54963 0.382034
v 0.360744 1.55991 0.396193
v 0.355605 1.48657 0.353823
v 0.33959 1.48334 0.393702
v 0.281775 1.25474 -0.119547
v 0.22619 1.24527 -0.190953
v 0.0524019 1.24488 -0.167311
v 0.0479065 1.22169 -0.163169
v -0.00329585 1.23127 -0.127094
v 1.01394e-005 1.2153 -0.0468269
v 0.0157887 1.19143 0.000267126
v 0.206498 1.12353 0.0563986
v 0.304804 1.16598 0.0500696
v 0.317702 1.17812 0.0554735
v -0.0437951 1.52417 0.390736
v 0.333487 1.47898 0.374166
v 0.279733 1.2389 -0.135224
v 0.266849 1.249 -0.166471
v 0.241762 1.22802 -0.188825
v 0.195717 1.23534 -0.187871
v 0.127957 1.24878 -0.1945
v -0.019306 1.24103 -0.0900096
v 0.0459206 1.17114 0.0229567
v 0.0456198 1.17098 0.0337391
v 0.189841 1.13188 0.0552549
v -0.0288 1.47404 0.411014
v -0.0446837 1.50163 0.377439
v -0.0446427 1.51134 0.386472
v 0.0278091 1.51671 0.449258
v 0.0248784 1.50443 0.460573
v 0.369939 1.51009 0.370498
v 0.306441 1.54903 0.463528
v 0.29457 1.23807 -0.0984432
v 0.208572 1.23878 -0.192566
v 0.0380783 1.17202 0.0106387
v 0.175743 1.14132 0.0576379
v 0.236795 1.1527 0.0673466
v 0.25479 1.15823 0.0518271
v -0.0432416 1.48872 0.366848
v -0.0364865 1.54496 0.365172
v 0.0126527 1.54936 0.422653
v 0.0177312 1.48465 0.45338
v 0.368126 1.50318 0.343818
v 0.319011 1.19549 0.0152094
v 0.321142 1.23364 -0.0599023
v 0.0446532 1.23897 -0.144951
v -0.0174006 1.20927 -0.114984
v 0.051303 1.16029 0.0460275
v 0.202247 1.16207 0.0607564
v 0.286488 1.18519 0.0561885
v -0.0430747 1.4836 0.352649
v -0.0112997 1.55546 0.389258
v -0.0034943 1.55232 0.42284
v 0.372031 1.5297 0.369851
v 0.306679 1.50164 0.431297
v 0.309144 1.55575 0.439514
v 0.338408 1.57111 0.442007
v 0.323053 1.20722 0.00202136
v 0.339548 1.22394 -0.00766935
v 0.315557 1.24367 -0.0603428
v 0.163713 1.2405 -0.178217
v -0.00806662 1.2317 -0.063401
v 0.0609912 1.15866 0.0466021
v 0.106459 1.14697 0.0507673
v 0.194962 1.15582 0.0595819
v 0.221335 1.1669 0.0693797
v -0.0277666 1.46625 0.375598
v -0.033931 1.47342 0.380331
v -0.0460854 1.52259 0.360051
v -0.0424339 1.53642 0.373168
v 0.00439991 1.46719 0.428823
v 0.347595 1.57026 0.407236
v 0.372052 1.52476 0.355316
v 0.362303 1.4925 0.342801
v 0.317971 1.48393 0.399966
v -0.0470246 1.50105 0.352542
v 0.0192532 1.53672 0.459992
v 0.286968 1.24606 -0.109003
v 0.187128 1.23428 -0.181381
v 0.0829159 1.25038 -0.189192
v 0.00672607 1.22547 -0.0297807
v 0.0907043 1.14556 0.048819
v 0.0952865 1.16154 0.0517054
v 0.316144 1.20201 0.0561496
v 0.328632 1.5736 0.411714
v -0.019847 1.46037 0.371216
v 0.0274196 1.49427 0.433486
v 0.0150026 1.47355 0.431315
v 0.341016 1.22417 -0.0199006
v 0.329886 1.23886 -0.0368072
v 0.306804 1.24629 -0.0832531
v 0.165917 1.25121 -0.174526
v 0.164229 1.14706 0.0623024
v 0.315191 1.20349 0.0336477
v 0.30985 1.49167 0.41175
v 0.301998 1.51216 0.429957
v -0.0394578 1.48002 0.37152
v 0.00374704 1.55283 0.404772
v 0.324991 1.25902 -0.0287939
v 0.272005 1.25618 -0.155401
v 0.192743 1.25529 -0.184402
v 0.180968 1.26117 -0.176873
v 0.152399 1.26278 -0.176998
v 0.137204 1.25576 -0.188918
v 0.112818 1.25904 -0.195882
v 0.0985106 1.27082 -0.193177
v 0.0343384 1.22639 -0.135753
v 0.101036 1.15987 0.051952
v 0.127053 1.15529 0.050035
v 0.365264 1.55443 0.383095
v 0.31604 1.21867 0.0182226
v 0.33321 1.23827 0.0142405
v 0.334871 1.24245 0.000146427
v 0.0392442 1.24757 -0.137364
v -0.0103851 1.2375 -0.122189
v -0.0157805 1.22464 -0.0816612
v 0.00511756 1.23847 -0.0433408
v 0.00935951 1.19668 -0.00760223
v 0.0321938 1.19196 0.0145569
v 0.0476122 1.19586 0.0269961
v 0.208222 1.16735 0.0638221
v 0.217734 1.18009 0.0712533
v 0.0190881 1.54335 0.420611
v 0.0255887 1.53315 0.431448
v 0.320485 1.56942 0.420569
v 0.323961 1.25042 -0.036723
v 0.314121 1.26045 -0.0770413
v 0.21384 1.26821 -0.18871
v 0.0689516 1.27074 -0.184956
v 0.00642263 1.21214 -0.0184093
v 0.0490133 1.18593 0.0268899
v 0.0474888 1.17537 0.0429387
v 0.156953 1.14575 0.0621915
v 0.262774 1.16641 0.0505519
v 0.317396 1.19341 0.0580813
v 0.0287399 1.50616 0.439296
v 0.00417954 1.46117 0.412464
v 0.338519 1.57389 0.407206
v 0.253014 1.26127 -0.179357
v -0.00382034 1.24873 -0.123803
v -0.0177266 1.25373 -0.0984392
v -0.0158982 1.25467 -0.0733863
v 0.253765 1.1991 0.0531681
v -0.0427684 1.53555 0.349839
v 0.352157 1.48416 0.333314
v 0.338371 1.47854 0.35041
v 0.310746 1.48407 0.386243
v 0.31211 1.21058 0.0503837
v 0.308934 1.21244 0.0373937
v 0.300856 1.24926 -0.0920706
v 0.0645394 1.25487 -0.183228
v 0.0139047 1.24718 -0.124738
v 0.0856809 1.17741 0.0518347
v -0.0119771 1.45623 0.366929
v -0.0311369 1.54924 0.361533
v 0.00304774 1.55513 0.372275
v 0.352764 1.56913 0.387361
v 0.371442 1.53296 0.334019
v 0.328165 1.22702 0.0176614
v 0.327737 1.25232 -0.0147307
v -0.0142931 1.24718 -0.113732
v 0.0115203 1.21121 -0.000534197
v 0.178786 1.16126 0.0583865
v -0.026285 1.46266 0.354525
v -0.0374891 1.47325 0.354893
v 0.325111 1.47795 0.370751
v 0.304677 1.49079 0.391873
v 0.302828 1.49813 0.405239
v 0.314441 1.56346 0.430696
v 0.0322008 1.51639 0.425721
v 0.0223969 1.48443 0.436421
v 0.29007 1.26438 -0.103975
v 0.282269 1.27744 -0.116277
v 0.274199 1.2657 -0.145963
v 0.166755 1.26879 -0.171819
v 0.120197 1.282 -0.191185
v 0.107124 1.27376 -0.194148
v 0.0487716 1.27903 -0.158998
v 0.0529823 1.1891 0.0339775
v 0.0613793 1.18601 0.0553011
v 0.107488 1.17647 0.053645
v 0.167394 1.16664 0.0596463
v 0.235609 1.16275 0.0616358
v 0.368633 1.50634 0.3281
v 0.298901 1.50852 0.408106
v 0.299194 1.52268 0.418024
v -0.0203548 1.55365 0.3856
v 0.303323 1.22805 0.034146
v 0.336145 1.23955 -0.0141535
v 0.0583268 1.24487 -0.178377
v 0.0364649 1.29013 -0.13931
v -0.0169843 1.25867 -0.104562
v 0.0234413 1.20491 0.0136679
v 0.145131 1.1663 0.0579731
v 0.298881 1.19972 0.0655337
v 0.371047 1.52136 0.331515
v 0.359551 1.49013 0.324841
v 0.307734 1.56099 0.398825
v 0.307813 1.21394 0.0583382
v 0.32668 1.24726 0.0299781
v 0.319202 1.25745 -0.0525502
v 0.265989 1.26781 -0.166963
v 0.19508 1.27361 -0.184026
v 0.0264395 1.24632 -0.129384
v 0.0562987 1.17695 0.0504163
v 0.121402 1.17076 0.0527316
v 0.151967 1.16487 0.0613033
v 0.221726 1.18464 0.0613943
v 0.0158155 1.54911 0.396108
v 0.0213656 1.54458 0.397574
v 0.0333008 1.5035 0.419521
v 0.297423 1.49492 0.374771
v 0.299639 1.22439 0.0560596
v 0.305221 1.23517 0.034695
v 0.297777 1.25805 -0.0966251
v 0.277854 1.27577 -0.12937
v 0.230784 1.26895 -0.186452
v 0.175164 1.28739 -0.174236
v 0.00533547 1.26667 -0.124698
v 0.00893631 1.22944 -0.0152377
v 0.0546526 1.20266 0.0351409
v 0.29551 1.21614 0.0690281
v -0.0390836 1.47461 0.338818
v -0.0468913 1.51294 0.335217
v 0.0289155 1.52471 0.434619
v 0.358964 1.56601 0.36765
v 0.365226 1.49738 0.331329
v 0.301336 1.53779 0.421776
v -0.0375998 1.54243 0.345107
v 0.0200738 1.47121 0.417196
v 0.165214 1.18904 0.0598093
v 0.176503 1.18183 0.0598471
v 0.261144 1.20318 0.054865
v 0.273789 1.20575 0.0612891
v 0.325096 1.27173 -0.0143668
v 0.33381 1.28836 -0.0439998
v 0.323918 1.28266 -0.0721127
v 0.25752 1.28603 -0.176381
v 0.20331 1.28788 -0.18583
v 0.086633 1.28538 -0.1901
v -0.0104102 1.25204 -0.0648449
v 0.0601187 1.2077 0.0450633
v 0.299357 1.54792 0.391484
v -0.0458739 1.49246 0.333712
v 0.0134428 1.46567 0.415721
v 0.000578397 1.45428 0.380584
v 0.32488 1.26025 0.0271786
v 0.145431 1.28004 -0.176499
v 0.0534178 1.27803 -0.169856
v 0.0433765 1.26816 -0.14345
v -0.00334015 1.26782 -0.12126
v -0.013934 1.2708 -0.108225
v 0.00758571 1.25233 -0.0430266
v 0.303137 1.22021 0.0487797
v 0.370691 1.54328 0.345231
v 0.331294 1.478 0.334582
v 0.308177 1.48089 0.362461
v 0.293828 1.50705 0.3845
v -0.0454403 1.52632 0.342637
v -0.00342092 1.55635 0.371172
v 0.0281032 1.53536 0.400492
v 0.0582712 1.28374 -0.177491
v 0.159352 1.15494 0.0629309
v 0.230967 1.1898 0.0568796
v 0.283914 1.21798 0.0709762
v 0.357629 1.56978 0.348659
v 0.367467 1.55451 0.341925
v 0.0224106 1.54459 0.38371
v 0.0134793 1.45795 0.390508
v 0.321802 1.27747 0.0145748
v 0.336724 1.2999 -0.0229286
v 0.270484 1.27499 -0.158264
v 0.245551 1.27198 -0.182408
v 0.150428 1.29289 -0.171768
v 0.113346 1.28053 -0.193416
v 0.0107343 1.25404 -0.0328415
v 0.0152676 1.23054 0.0098051
v 0.045096 1.21179 0.0317528
v 0.135137 1.18353 0.0544723
v 0.220575 1.19187 0.0597637
v 0.244603 1.21791 0.0554674
v 0.365233 1.55844 0.357033
v 0.36136 1.56592 0.326348
v 0.294641 1.53657 0.386428
v 0.325869 1.57541 0.392269
v 0.325411 1.26203 0.0109867
v 0.294706 1.28318 -0.10084
v 0.272359 1.28975 -0.151418
v 0.0181726 1.21754 0.0129316
v 0.055337 1.195 0.0529544
v 0.069211 1.19939 0.0602107
v 0.0702093 1.18666 0.0560195
v 0.0815925 1.18564 0.0542303
v 0.225011 1.17455 0.0681244
v 0.208453 1.20802 0.0644448
v 0.340489 1.57658 0.380546
v 0.345443 1.48186 0.303665
v 0.343527 1.48001 0.341645
v 0.320477 1.47703 0.343953
v 0.317599 1.24779 0.0404683
v 0.328139 1.28271 -0.0149167
v 0.252237 1.30351 -0.180689
v 0.133948 1.27042 -0.186756
v 0.0715794 1.28976 -0.186552
v -0.00999683 1.26381 -0.117002
v 0.0015453 1.26479 -0.0504108
v -0.0379711 1.53952 0.32492
v -0.0217028 1.55417 0.334711
v -0.0167478 1.55604 0.354295
v 0.0383198 1.51992 0.383986
v 0.348441 1.57405 0.37281
v -0.0442843 1.51787 0.313708
v 0.0621242 1.22036 0.0459037
v 0.0594132 1.20679 0.0533437
v 0.191031 1.18346 0.0613397
v 0.352532 1.4858 0.304427
v 0.289604 1.50429 0.351032
v 0.293802 1.5237 0.393448
v 0.00977335 1.55234 0.37772
v 0.0324227 1.47415 0.393727
v 0.233465 1.31292 -0.186817
v 0.0230246 1.28252 -0.130286
v 0.0358392 1.22461 0.0328223
v 0.209531 1.20155 0.0700017
v 0.249542 1.22516 0.0585998
v 0.296892 1.22745 0.0621306
v 0.342461 1.57787 0.357011
v 0.371045 1.53106 0.298418
v 0.36105 1.49392 0.305087
v 0.324629 1.57593 0.375938
v 0.0397487 1.50514 0.39446
v 0.0226559 1.46263 0.388366
v 0.292251 1.24335 0.0431734
v 0.286294 1.2915 -0.110536
v 0.279367 1.29411 -0.125557
v 0.265089 1.29217 -0.167304
v 0.193288 1.30435 -0.181949
v -0.0134344 1.27218 -0.0675747
v 0.0040071 1.27627 -0.0441138
v 0.0140691 1.26739 -0.00747852
v 0.062906 1.20813 0.0588264
v 0.0969662 1.18743 0.054905
v 0.14623 1.19221 0.0598358
v 0.205281 1.1913 0.0700891
v 0.245612 1.19923 0.0539525
v 0.290144 1.23193 0.0674503
v 0.321695 1.47847 0.31219
v -0.0394238 1.47703 0.322982
v 0.315217 1.26838 0.0507346
v 0.322586 1.28343 0.00726131
v 0.326633 1.29355 -0.0690672
v 0.320486 1.29232 -0.0803951
v 0.219452 1.30604 -0.187874
v 0.208738 1.28265 -0.187449
v 0.131852 1.18402 0.0540495
v 0.339051 1.48013 0.299344
v -0.0271831 1.46288 0.331915
v 0.034195 1.52829 0.386228
v 0.0281476 1.46162 0.359074
v 0.013865 1.45345 0.349296
v 0.313507 1.29363 -0.0888371
v 0.0778202 1.31179 -0.188676
v 0.031825 1.2828 -0.134242
v 0.0190639 1.27236 0.0178934
v 0.0206139 1.25401 0.022243
v 0.153156 1.20371 0.0618242
v 0.162307 1.21181 0.0588957
v 0.368563 1.51128 0.308846
v 0.371522 1.51366 0.274384
v 0.365949 1.50244 0.301365
v 0.312617 1.56822 0.386146
v 0.021964 1.54747 0.3701
v 0.0125636 1.45442 0.364219
v 0.00127957 1.45301 0.35294
v 0.291665 1.30447 -0.106328
v 0.27134 1.30184 -0.153222
v 0.124173 1.2899 -0.186802
v 0.0423194 1.29467 -0.149444
v -0.0180208 1.27036 -0.0907192
v 0.0077136 1.27482 -0.0289409
v 0.0441558 1.2423 0.0433081
v 0.0829832 1.20334 0.0594887
v 0.110311 1.21753 0.0571795
v 0.269588 1.23248 0.0738729
v 0.369968 1.52233 0.307652
v 0.357858 1.49053 0.289362
v 0.311426 1.4804 0.313259
v 0.303359 1.48346 0.327619
v 0.305657 1.26842 0.0550867
v 0.335415 1.29869 -0.0420758
v -0.0183323 1.28429 -0.0772384
v 0.220739 1.22126 0.0593484
v 0.283177 1.22957 0.0726063
v 0.280996 1.24339 0.0706765
v -0.0326589 1.4705 0.304253
v -0.0379614 1.47846 0.296691
v -0.00572351 1.55897 0.334983
v 0.369245 1.54473 0.32047
v 0.349247 1.48485 0.283063
v 0.00951394 1.55375 0.361377
v 0.00104441 1.55875 0.328363
v 0.320536 1.27457 0.0353667
v -0.000387522 1.27592 -0.0510081
v 0.00731282 1.28236 -0.0161437
v 0.0312347 1.24589 0.0360259
v 0.151087 1.1915 0.0616911
v 0.194879 1.21797 0.0723446
v 0.296288 1.49157 0.354267
v 0.33385 1.57808 0.360503
v -0.00837824 1.45467 0.337751
v -0.0447938 1.50237 0.306376
v -0.0293456 1.54887 0.324799
v 0.361592 1.45616 0.179997
v 0.263351 1.31167 -0.172169
v 0.16087 1.30906 -0.170234
v 0.104236 1.30693 -0.190997
v 0.00779049 1.29182 -0.127778
v 0.137052 1.21098 0.0568111
v 0.157422 1.19911 0.0613053
v 0.329468 1.30508 -0.0627188
v 0.283888 1.31771 -0.121172
v 0.0897751 1.30705 -0.190822
v -0.0172462 1.29715 -0.0713247
v 0.0367517 1.26025 0.0438746
v 0.0775637 1.2192 0.0646826
v -0.0405084 1.53456 0.316532
v -0.0114795 1.55828 0.327139
v 0.0374205 1.48568 0.394361
v 0.370444 1.46304 0.189221
v 0.347095 1.57687 0.328786
v 0.329149 1.47904 0.282759
v 0.289122 1.25958 0.0514018
v 0.317447 1.30598 0.026303
v 0.334379 1.30996 -0.000745994
v 0.243091 1.30483 -0.184534
v 0.0238037 1.31484 -0.134034
v -0.00798763 1.28942 -0.116549
v 0.0648352 1.22056 0.0586785
v 0.126885 1.20777 0.0566021
v -0.0430195 1.48962 0.305334
v -0.046928 1.50616 0.289053
v 0.0347486 1.52732 0.369873
v 0.041449 1.49775 0.3748
v 0.346141 1.44864 0.187334
v 0.316044 1.29748 0.0277458
v 0.132261 1.30899 -0.174747
v 0.110033 1.31308 -0.188278
v 0.0662669 1.30931 -0.184959
v 0.0568944 1.22571 0.0427491
v 0.0657068 1.24201 0.051054
v 0.0691452 1.23468 0.0551639
v 0.186515 1.2097 0.0633427
v 0.221653 1.239 0.0584883
v 0.0323758 1.52819 0.339281
v 0.288225 1.522 0.357033
v 0.373325 1.52707 0.281692
v 0.347018 1.48671 0.262477
v 0.36757 1.50394 0.269941
v 0.360732 1.49621 0.264218
v 0.020209 1.54639 0.355369
v 0.0412817 1.50719 0.370455
v 0.0356649 1.47206 0.361721
v 0.376748 1.47233 0.19328
v 0.343741 1.44225 0.16148
v 0.341007 1.45363 0.18713
v 0.281674 1.25812 0.0525218
v 0.308341 1.30714 0.0525465
v 0.32932 1.32753 -0.0766617
v 0.169551 1.29211 -0.172264
v 0.135545 1.31913 -0.171417
v -0.0108075 1.30992 -0.109868
v 0.0724912 1.22402 0.0653994
v 0.260107 1.24022 0.0739652
v 0.365347 1.55803 0.321803
v 0.373429 1.53433 0.27551
v 0.289586 1.53425 0.355199
v 0.298354 1.55327 0.362917
v 0.320503 1.57439 0.333195
v 0.280305 1.32398 -0.130861
v 0.270562 1.3178 -0.156669
v -0.0164427 1.31863 -0.0948313
v -0.01872 1.30229 -0.0879117
v 0.00865204 1.28966 -0.0332662
v 0.014761 1.28231 0.00541832
v 0.099 1.21068 0.0586746
v 0.213298 1.20723 0.0612923
v 0.255058 1.25971 0.0803028
v -0.0321544 1.47225 0.279611
v -0.0462031 1.52224 0.288164
v -0.0191172 1.55596 0.304202
v 0.336651 1.45331 0.183632
v -0.024466 1.46691 0.278993
v -0.0232275 1.46332 0.300308
v 0.316247 1.57167 0.356643
v 0.354784 1.57384 0.324598
v 0.365871 1.5632 0.297084
v 0.371807 1.51498 0.255675
v 0.350775 1.49158 0.250085
v 0.00135925 1.31695 -0.124648
v 0.118014 1.20748 0.056138
v 0.149967 1.2334 0.0609585
v 0.182314 1.20613 0.0610733
v 0.347829 1.45492 0.182425
v 0.00193012 1.55764 0.317306
v 0.0404517 1.48306 0.354916
v 0.379483 1.47768 0.19317
v 0.375973 1.47051 0.170231
v 0.314533 1.48124 0.292836
v 0.369952 1.55072 0.29343
v 0.331313 1.31529 0.0125208
v -0.00963603 1.29441 -0.0591578
v 0.00820983 1.29646 0.00284009
v 0.0268578 1.27231 0.0322496
v 0.203293 1.20843 0.0728117
v 0.329586 1.45946 0.196399
v 0.325153 1.46024 0.196096
v -0.0115074 1.46031 0.296163
v -0.0461451 1.50334 0.270691
v 0.0401282 1.51355 0.365785
v 0.363168 1.45726 0.160605
v 0.297514 1.48848 0.320443
v 0.287017 1.52065 0.325934
v 0.292004 1.54384 0.343737
v 0.304958 1.56288 0.340639
v 0.361281 1.57149 0.298165
v 0.334838 1.32368 0.0071121
v 0.333382 1.34783 0.0267721
v 0.336153 1.32488 -0.00727996
v 0.332661 1.32439 -0.0341771
v 0.221862 1.32304 -0.188373
v 0.00528355 1.31295 -0.0405067
v 0.0739218 1.24198 0.0654299
v -0.0160899 1.46384 0.280168
v -0.0440318 1.49354 0.2803
v -0.0381724 1.53997 0.291935
v -0.0313342 1.54677 0.298909
v 0.0421043 1.47758 0.334826
v 0.0326055 1.46437 0.347888
v 0.329297 1.48415 0.263264
v 0.371795 1.5424 0.285032
v 0.373678 1.52309 0.266706
v 0.269325 1.30409 0.0678205
v 0.30767 1.29766 0.0600791
v 0.332215 1.34028 -0.000154538
v 0.300216 1.30802 -0.100486
v 0.305987 1.34365 -0.102638
v 0.288346 1.33746 -0.119532
v 0.27335 1.33953 -0.159456
v 0.258532 1.34841 -0.179686
v 0.124338 1.31558 -0.177646
v 0.108162 1.33194 -0.184214
v 0.0884905 1.33053 -0.190184
v 0.0608636 1.30717 -0.182012
v 0.0503069 1.31674 -0.172733
v -0.0207167 1.31361 -0.0748095
v 0.0214694 1.29538 0.0287347
v 0.0985064 1.23585 0.0637287
v 0.1957 1.23102 0.0716073
v 0.266751 1.25151 0.0774074
v 0.331544 1.46083 0.19078
v 0.370678 1.4633 0.165616
v 0.35322 1.43095 0.130294
v 0.273492 1.27517 0.0574059
v 0.29752 1.29361 0.0678629
v 0.319908 1.32018 0.0269266
v 0.264467 1.35229 -0.17548
v 0.213364 1.3242 -0.187436
v 0.0453647 1.31455 -0.163703
v 0.17736 1.23395 0.0618319
v 0.201117 1.22509 0.0656698
v -0.0313074 1.55193 0.288801
v 0.0256972 1.538 0.342216
v 0.00688207 1.45332 0.329148
v 0.332839 1.48757 0.245446
v 0.287592 1.51173 0.312941
v 0.331589 1.57791 0.336372
v 0.376744 1.55417 0.269832
v 0.333014 1.3384 0.0263137
v 0.325732 1.33885 -0.0860708
v 0.276444 1.32771 -0.141793
v 0.247149 1.32793 -0.18369
v 0.154143 1.30647 -0.169991
v 0.0503141 1.33282 -0.174987
v 0.00790549 1.3161 -0.129172
v 0.0455559 1.26657 0.0503951
v 0.153689 1.23172 0.0603658
v 0.200813 1.2408 0.0636811
v 0.330643 1.45556 0.174383
v 0.0219416 1.45732 0.32289
v 0.383086 1.4836 0.18367
v 0.349783 1.44987 0.163302
v 0.00933777 1.31178 -0.0248374
v 0.32559 1.48747 0.250458
v 0.310016 1.49634 0.272331
v 0.377441 1.53898 0.258527
v 0.364728 1.5074 0.246017
v 0.264357 1.27419 0.0625957
v 0.314255 1.31282 -0.0915064
v 0.295027 1.32082 -0.107224
v 0.0429456 1.34157 -0.166618
v -0.0167045 1.31102 -0.0652175
v 0.332547 1.44631 0.164356
v 0.323697 1.4674 0.200158
v 0.0155105 1.46175 0.293377
v -0.00995943 1.55901 0.308975
v 0.0133339 1.55018 0.331244
v 0.0733683 1.24825 0.0572874
v 0.0826798 1.22305 0.0649222
v 0.111604 1.22973 0.0581143
v 0.194166 1.2443 0.0666212
v 0.192662 1.25369 0.0660926
v 0.224709 1.25152 0.0593272
v 0.26257 1.29123 0.0633418
v 0.30587 1.32033 0.0588324
v 0.329345 1.36432 0.0437832
v 0.32907 1.35705 -0.0260535
v 0.0933278 1.3525 -0.186248
v 0.313339 1.32564 0.0375386
v 0.320663 1.3447 0.0373286
v 0.125354 1.34071 -0.169982
v -0.0204034 1.32966 -0.078882
v -0.0468481 1.51335 0.268302
v -0.0439949 1.53568 0.268217
v -0.0387278 1.54801 0.277864
v 0.0275298 1.459 0.341555
v 0.00982478 1.31851 -0.00295596
v 0.0117416 1.30853 0.0205477
v 0.0802843 1.2413 0.0691049
v 0.146152 1.22161 0.0603387
v 0.323788 1.46137 0.168126
v 0.354414 1.57629 0.305321
v 0.324877 1.46839 0.194109
v 0.32092 1.46622 0.186684
v 0.382801 1.4818 0.162325
v 0.37511 1.46094 0.140718
v 0.361412 1.45328 0.137284
v -0.0467718 1.52495 0.264429
v -0.0102582 1.55872 0.293447
v 0.0347481 1.5223 0.32044
v 0.041477 1.50436 0.334275
v 0.0304891 1.29137 0.0392361
v 0.125316 1.23215 0.0586483
v 0.193927 1.23234 0.07324
v 0.294912 1.28752 0.0656067
v 0.330341 1.34273 -0.0343527
v 0.117134 1.33338 -0.176589
v 0.0942039 1.33515 -0.189369
v -0.0074187 1.32451 -0.112393
v 0.317266 1.44072 0.148942
v 0.314114 1.46911 0.191699
v 0.290559 1.49804 0.32648
v 0.346902 1.57832 0.303019
v 0.371333 1.51206 0.229216
v 0.231472 1.34537 -0.187004
v 0.222118 1.34406 -0.187032
v 0.201948 1.33836 -0.182206
v 0.179115 1.31948 -0.175867
v 0.142869 1.33607 -0.168146
v -0.0146799 1.32988 -0.0978907
v 0.0584031 1.28294 0.0581802
v 0.114853 1.22918 0.0574593
v 0.166722 1.23737 0.0575169
v 0.211333 1.24178 0.0613784
v 0.243537 1.26252 0.0777133
v 0.260083 1.27947 0.0660917
v -0.0394695 1.48299 0.262542
v -0.0255803 1.55647 0.286173
v 0.0269325 1.53438 0.318484
v 0.0423218 1.49643 0.348354
v 0.321537 1.48749 0.264399
v 0.328919 1.57663 0.315812
v 0.376849 1.52283 0.242215
v 0.380028 1.46959 0.150483
v 0.360045 1.42886 0.118243
v 0.267268 1.33232 -0.170204
v -0.0159213 1.32731 -0.0609638
v 0.0050625 1.33295 -0.0385025
v 0.135039 1.21634 0.0569298
v -0.0243716 1.46846 0.241057
v -0.00771677 1.46415 0.267541
v -0.0473198 1.45057 0.187831
v 0.324675 1.48665 0.243002
v 0.291189 1.54537 0.319863
v -0.00118226 1.43209 0.188774
v 0.321257 1.41481 0.115115
v 0.316007 1.42585 0.131495
v 0.316076 1.46775 0.202891
v 0.331661 1.34326 -0.0637055
v 0.168514 1.3243 -0.171646
v 0.0680464 1.34365 -0.185778
v 0.00861394 1.33136 0.00147775
v 0.0437659 1.29901 0.053743
v 0.312126 1.34827 0.0471747
v -0.0334727 1.5531 0.274568
v 0.00889923 1.5535 0.316083
v -0.0143719 1.46376 0.250692
v 0.362018 1.4293 0.105085
v 0.349461 1.42768 0.112917
v 0.309881 1.5009 0.257344
v 0.374424 1.51737 0.225334
v 0.316977 1.4338 0.145869
v 0.333191 1.36878 0.0347849
v 0.332753 1.35892 -0.00288563
v 0.155813 1.34095 -0.167872
v 0.0973498 1.3531 -0.184548
v 0.0599674 1.33981 -0.182394
v 0.0339696 1.31936 -0.142627
v -0.022165 1.34431 -0.0736559
v 0.0217097 1.3115 0.0359863
v 0.0748064 1.26028 0.0582714
v 0.189031 1.24013 0.0744431
v 0.197619 1.28387 0.0661025
v 0.235555 1.27581 0.0810934
v 0.328144 1.45301 0.161548
v 0.317714 1.45837 0.153252
v 0.302835 1.48138 0.211964
v -0.0358138 1.47812 0.251385
v 0.0175461 1.46738 0.276612
v 0.385356 1.50301 0.198373
v 0.366839 1.43293 0.102819
v 0.296525 1.49877 0.296121
v 0.295507 1.55242 0.323867
v 0.370857 1.56597 0.275496
v 0.356835 1.44754 0.137237
v 0.363878 1.44644 0.116941
v 0.339117 1.38352 0.018083
v 0.329242 1.36012 -0.0444342
v -0.00105906 1.34131 -0.126036
v -0.0400544 1.48796 0.239138
v -0.0477009 1.51965 0.244577
v 0.0372834 1.47071 0.314378
v 0.00221726 1.46513 0.278281
v 0.00583349 1.46563 0.259953
v 0.0103726 1.32625 0.0222859
v 0.0122345 1.32866 0.0337894
v 0.163531 1.27041 0.0581636
v 0.227696 1.25971 0.0639244
v 0.301595 1.29948 0.067757
v 0.305559 1.48246 0.22388
v 0.306814 1.50238 0.247342
v 0.358164 1.57571 0.286431
v 0.332824 1.36067 -0.0705769
v 0.280879 1.34874 -0.138478
v -0.0250689 1.46944 0.227513
v -0.0458235 1.50211 0.252772
v -0.0313654 1.55129 0.26722
v 0.00547857 1.34507 -0.0130403
v 0.0551683 1.29983 0.0593842
v 0.0659334 1.26097 0.0553955
v 0.146834 1.24868 0.0618564
v 0.249244 1.28339 0.0815267
v 0.29825 1.31873 0.0708751
v 0.301015 1.50538 0.271509
v 0.292918 1.5186 0.269702
v 0.287482 1.5339 0.30739
v 0.300067 1.55887 0.303425
v 0.377757 1.55261 0.257688
v 0.383442 1.5114 0.202307
v 0.366407 1.45399 0.125024
v 0.34742 1.42347 0.0995759
v -0.00543468 1.43014 0.171179
v 0.331981 1.37314 -0.0248145
v 0.272324 1.35406 -0.166152
v 0.216106 1.36503 -0.182117
v 0.155598 1.36218 -0.165299
v -0.0103116 1.34411 -0.103534
v -0.0518648 1.45871 0.184459
v -0.0488009 1.5114 0.244255
v -0.0413027 1.53621 0.257156
v -0.0238808 1.55651 0.274589
v -0.0130517 1.55782 0.281005
v 0.00858588 1.54992 0.288161
v 0.0385701 1.51395 0.325906
v 0.0921216 1.26574 0.0722406
v 0.209891 1.26226 0.0620167
v 0.330284 1.38094 0.0565976
v 0.324789 1.57549 0.296042
v 0.376829 1.53253 0.23806
v 0.375645 1.52089 0.220857
v 0.36385 1.4269 0.0911625
v 0.346896 1.41676 0.0761234
v 0.0200702 1.43955 0.198164
v 0.115649 1.35221 -0.170542
v 0.0819655 1.37058 -0.183971
v 0.0152164 1.3469 -0.133229
v -0.00594197 1.34649 -0.117682
v -0.0447298 1.49116 0.22236
v -0.00227618 1.55635 0.290599
v 0.0303443 1.4669 0.300304
v 0.0248556 1.46665 0.28866
v 0.143929 1.23721 0.0603915
v 0.185658 1.23764 0.0716386
v 0.185642 1.26697 0.070007
v 0.252138 1.28485 0.0772087
v 0.260109 1.31591 0.0709405
v 0.283745 1.33894 0.0823974
v 0.287696 1.53093 0.293449
v 0.369248 1.56743 0.263363
v 0.374268 1.54635 0.241343
v 0.386006 1.50427 0.172839
v 0.372591 1.45795 0.1124
v 0.00581068 1.43469 0.196586
v 0.331622 1.35854 -0.0804469
v 0.325128 1.35707 -0.0920924
v 0.0302673 1.47281 0.279957
v 0.00123117 1.35196 0.0224531
v 0.115557 1.25062 0.0605448
v 0.13407 1.25378 0.0604312
v 0.168022 1.25167 0.0586774
v 0.316722 1.45371 0.147301
v 0.361012 1.57238 0.269682
v 0.374948 1.56076 0.259466
v 0.389833 1.50024 0.154183
v 0.385565 1.47214 0.104089
v 0.367828 1.45103 0.105691
v 0.330288 1.37181 -0.045593
v 0.297949 1.33794 -0.107813
v 0.0262309 1.35619 -0.143428
v -0.0546902 1.47049 0.173828
v 0.043627 1.49867 0.306039
v 0.0383119 1.48271 0.275739
v -0.0328573 1.47901 0.2189
v 0.0218092 1.35174 0.0563015
v 0.0301116 1.32874 0.0490081
v 0.13851 1.25313 0.0604179
v 0.232969 1.29651 0.0861473
v 0.00929902 1.43519 0.180295
v 0.308641 1.56659 0.302432
v 0.313341 1.56957 0.297313
v 0.346611 1.57841 0.283805
v 0.375327 1.53161 0.21316
v 0.374236 1.51805 0.204307
v 0.339024 1.37978 -0.00255351
v 0.237289 1.37224 -0.183946
v -0.0404355 1.42825 0.138907
v -0.0434404 1.44864 0.154926
v -0.0433454 1.44955 0.162335
v -0.0493524 1.49872 0.216525
v 0.0436008 1.489 0.323061
v 0.0139202 1.35323 0.0514959
v 0.0154657 1.43681 0.186311
v 0.081947 1.27154 0.0634403
v 0.0817149 1.26323 0.0700813
v 0.184228 1.26303 0.0739753
v 0.222176 1.29149 0.0818164
v 0.298738 1.35726 0.0615208
v 0.313615 1.36389 0.0506073
v 0.320207 1.39229 0.0670249
v 0.309344 1.46834 0.170205
v 0.311078 1.47165 0.182215
v 0.383883 1.46932 0.130258
v 0.0515589 1.35183 -0.177173
v 0.0338474 1.34634 -0.151706
v 0.0216213 1.34721 -0.137027
v -0.049251 1.51173 0.230469
v -0.000636638 1.354 0.00314106
v 0.00476328 1.37028 0.063319
v 0.099939 1.27541 0.0723318
v 0.181372 1.26295 0.0757794
v 0.210153 1.2724 0.0631004
v 0.277017 1.33403 0.0825405
v 0.307534 1.4441 0.140569
v 0.296558 1.49479 0.226611
v 0.383677 1.51638 0.192233
v 0.385451 1.47826 0.142415
v -0.0565021 1.47861 0.193579
v -0.00315307 1.55142 0.270105
v 0.0304586 1.5311 0.288947
v 0.0276132 1.44831 0.198177
v 0.103105 1.25801 0.0666862
v 0.172545 1.25603 0.062844
v 0.300759 1.5099 0.254711
v 0.386524 1.50038 0.190375
v 0.284328 1.3561 -0.13284
v 0.193006 1.36094 -0.174752
v 0.109059 1.36076 -0.172095
v 0.0111013 1.3686 -0.133148
v 0.141427 1.36608 -0.162327
v -0.0131266 1.36552 -0.0994925
v -0.0523974 1.50953 0.210485
v 0.0324332 1.47821 0.264205
v 0.0175155 1.43915 0.159843
v 0.00386022 1.43752 0.155933
v 0.0048992 1.4214 0.135399
v 0.017667 1.36549 0.0654142
v 0.0542559 1.32093 0.0616797
v 0.189418 1.27049 0.0670626
v 0.191636 1.28207 0.0677413
v 0.209693 1.28542 0.0675458
v 0.24452 1.30885 0.0702575
v 0.271284 1.32753 0.0795301
v 0.309639 1.43436 0.135516
v 0.300008 1.44869 0.133006
v 0.297124 1.51507 0.250533
v 0.337288 1.37979 -0.0775416
v 0.291316 1.35965 -0.121451
v 0.280598 1.36644 -0.153328
v 0.251175 1.35531 -0.182834
v 0.185922 1.36124 -0.172084
v 0.0371564 1.37113 -0.164179
v -0.0214193 1.35525 -0.0841206
v -0.0112173 1.55054 0.260884
v 0.0206645 1.54101 0.291095
v 0.0413847 1.49221 0.26854
v -0.000953391 1.36253 -0.0243496
v 0.0166403 1.43934 0.169781
v 0.0139342 1.40012 0.12018
v 0.0195274 1.3923 0.108895
v 0.0162235 1.3795 0.0885814
v 0.0812544 1.28542 0.0632063
v 0.112401 1.27395 0.0658382
v 0.251182 1.31219 0.0686757
v 0.313922 1.4038 0.0754426
v 0.338061 1.57471 0.263674
v 0.343584 1.57423 0.265578
v 0.390403 1.48534 0.132458
v 0.368088 1.42955 0.0733527
v 0.346269 1.40443 0.00135418
v 0.3304 1.37823 -0.0340113
v 0.332288 1.39148 -0.0498817
v 0.127919 1.36821 -0.161421
v 0.0442148 1.37136 -0.171287
v -0.0482081 1.43768 0.123259
v -0.0497147 1.45586 0.140753
v 0.0221879 1.47034 0.260845
v 0.0226619 1.4435 0.17409
v 0.00603708 1.43898 0.149633
v 0.0344304 1.34285 0.0551219
v 0.0707641 1.29924 0.0633043
v 0.085819 1.26251 0.0721477
v 0.310461 1.56184 0.255542
v 0.375787 1.46184 0.0913813
v 0.352752 1.42235 0.0578235
v -0.00281739 1.36984 -0.126357
v -0.0515172 1.46545 0.157977
v -0.0372401 1.53692 0.245961
v 0.0416508 1.51002 0.292039
v 0.241526 1.29051 0.0842745
v 0.238148 1.33816 0.0743006
v 0.296384 1.3672 0.0666683
v 0.314557 1.38684 0.0634493
v 0.310862 1.41646 0.0923716
v 0.300145 1.47844 0.178686
v 0.294807 1.54907 0.28812
v 0.352735 1.56854 0.253383
v 0.367135 1.55586 0.239683
v 0.377111 1.52908 0.204925
v 0.373676 1.43599 0.0768419
v -0.0099856 1.37392 -1.06302e-005
v -0.00526108 1.3753 0.0314276
v -0.00891161 1.38837 0.0408429
v 0.00450016 1.36337 0.0427839
v 0.345479 1.40309 0.0249432
v 0.328598 1.37572 -0.0932671
v -0.0275441 1.54515 0.254162
v 0.0893819 1.29801 0.0694445
v 0.15037 1.2698 0.0623592
v 0.16456 1.28995 0.0618014
v 0.271961 1.35122 0.0867317
v 0.301549 1.4413 0.130275
v 0.294573 1.52427 0.250942
v 0.295109 1.54117 0.269049
v 0.378551 1.44352 0.0601479
v 0.280611 1.37888 -0.157152
v 0.0657569 1.37149 -0.181503
v -0.0266057 1.3829 -0.0810317
v -0.0450422 1.42525 0.0754351
v -0.0463247 1.4306 0.107044
v -0.0577129 1.4814 0.171076
v -0.0445726 1.52715 0.237715
v 0.0415976 1.50808 0.265407
v 0.0200064 1.46862 0.24416
v 0.0184116 1.43893 0.144334
v 0.01199 1.43478 0.140863
v 0.0160281 1.42008 0.12364
v 0.0269899 1.38971 0.100261
v 0.0860319 1.3043 0.0676716
v 0.0869024 1.27906 0.072413
v 0.247503 1.34546 0.0775337
v 0.288582 1.34626 0.0785931
v 0.310237 1.4566 0.141836
v 0.309068 1.46484 0.14622
v 0.296291 1.48955 0.201776
v 0.370861 1.54817 0.226494
v 0.382252 1.5256 0.196265
v 0.383207 1.52089 0.181808
v 0.0746251 1.3689 -0.183851
v -0.0567331 1.4911 0.194871
v -0.0557154 1.51302 0.197855
v -0.042443 1.53136 0.224985
v 0.0379252 1.52053 0.277091
v 0.0234243 1.46626 0.212536
v 0.0206646 1.40016 0.11604
v 0.0269058 1.37164 0.0702244
v 0.0338546 1.36035 0.0593462
v 0.0674846 1.31901 0.0653536
v 0.129297 1.2711 0.0631338
v 0.168859 1.27599 0.063606
v 0.175443 1.2679 0.07294
v 0.23633 1.32314 0.0768883
v 0.279215 1.36217 0.0877344
v 0.29886 1.38434 0.0674072
v 0.372482 1.54183 0.214554
v 0.272963 1.3767 -0.168014
v 0.25166 1.3801 -0.180255
v -0.0158936 1.37935 -0.0967918
v -0.00803342 1.37439 -0.0254552
v -0.0500849 1.43847 0.100017
v 0.0126478 1.5455 0.267792
v 0.0288398 1.47635 0.244373
v 0.0217956 1.4684 0.219261
v 0.0347436 1.46468 0.207156
v 0.0799605 1.32042 0.0691579
v 0.180755 1.28824 0.0699712
v 0.358786 1.56352 0.244505
v 0.377558 1.46708 0.0755738
v 0.373703 1.43793 0.0515974
v 0.0294894 1.45082 0.175274
v 0.0985357 1.29657 0.0770073
v 0.120645 1.27735 0.0647063
v 0.22495 1.29695 0.0859467
v 0.291979 1.48938 0.187932
v 0.291821 1.50941 0.230275
v 0.288788 1.52582 0.227387
v 0.392129 1.49235 0.124477
v 0.306 1.37223 -0.109636
v 0.264385 1.38593 -0.174726
v 0.0541798 1.3668 -0.178591
v -0.0126766 1.38364 -0.117771
v -0.0515557 1.43413 0.0748426
v -0.0569047 1.45449 0.118467
v -0.0323647 1.54057 0.23009
v -0.0194571 1.54766 0.242979
v 0.0284824 1.44207 0.156764
v 0.0345118 1.40753 0.11072
v 0.138815 1.2779 0.0637713
v 0.144 1.2817 0.0650913
v 0.264161 1.3494 0.0844471
v 0.305021 1.40207 0.0727768
v 0.300417 1.55154 0.26009
v 0.388332 1.51389 0.163175
v 0.334024 1.39559 -0.0307444
v 0.333392 1.37699 -0.0871244
v 0.291126 1.37709 -0.127551
v 0.291445 1.39449 -0.131894
v 0.224268 1.3974 -0.176858
v 0.177144 1.36598 -0.168883
v 0.100682 1.3563 -0.181411
v -0.0270662 1.37411 -0.0741296
v -0.0119033 1.39056 0.0306118
v 0.0356926 1.4853 0.247962
v 0.0329256 1.4579 0.181118
v 0.036742 1.39016 0.0975586
v 0.0365212 1.37455 0.0715627
v 0.0557726 1.33188 0.0660006
v 0.147031 1.29102 0.0652531
v 0.17728 1.28577 0.0757051
v 0.237393 1.31613 0.0834346
v 0.301051 1.47601 0.15823
v 0.319998 1.56864 0.264026
v 0.373061 1.5476 0.205808
v 0.379002 1.53454 0.198862
v 0.392981 1.50556 0.136226
v 0.332484 1.39023 -0.0926041
v 0.287293 1.37691 -0.136823
v 0.246125 1.3977 -0.178966
v 0.153588 1.38303 -0.160292
v 0.00753732 1.3915 -0.132654
v -0.0572603 1.47187 0.140181
v -0.0641918 1.48987 0.15654
v -0.0482117 1.52325 0.209284
v 0.0282482 1.53359 0.269061
v 0.045535 1.34022 0.0637069
v 0.173135 1.29023 0.0770429
v 0.197199 1.2971 0.0687211
v 0.210042 1.3134 0.0876784
v 0.295039 1.53464 0.249229
v 0.333516 1.57173 0.251751
v 0.383541 1.45473 0.0252196
v 0.36418 1.43568 0.0369428
v 0.341208 1.39933 -0.0142465
v 0.338434 1.40793 -0.0288393
v 0.281237 1.39596 -0.15933
v 0.227815 1.37347 -0.183103
v 0.0860201 1.39035 -0.176398
v 0.0263617 1.40639 -0.151274
v 0.0157352 1.38547 -0.137556
v -0.064448 1.47987 0.128134
v 0.00473412 1.54847 0.25911
v 0.0387563 1.49429 0.244886
v 0.0336646 1.46001 0.201878
v 0.0439975 1.37116 0.0623608
v 0.0922742 1.32144 0.0720859
v 0.0932782 1.30115 0.0762399
v 0.131904 1.29004 0.067101
v 0.233014 1.33417 0.0765216
v -0.0128898 1.38734 -0.0245518
v 0.289748 1.50513 0.209957
v 0.299077 1.54855 0.245303
v 0.377799 1.53435 0.183628
v 0.0391217 1.39599 -0.163939
v 0.0353581 1.48462 0.224157
v 0.0380393 1.47613 0.210988
v 0.0411473 1.35595 0.0602152
v 0.229294 1.32361 0.0875423
v 0.27143 1.37493 0.0912394
v 0.279309 1.38097 0.0890807
v 0.288419 1.44682 0.120482
v 0.302675 1.46879 0.141734
v 0.32978 1.56782 0.234793
v 0.346527 1.56862 0.242661
v 0.35802 1.56088 0.221121
v 0.365593 1.55483 0.21862
v 0.392449 1.51617 0.138362
v 0.360023 1.43453 0.0202471
v 0.338825 1.39505 -0.0785294
v 0.131062 1.38526 -0.156824
v -0.0205215 1.40758 -0.0970978
v -0.0502092 1.52846 0.19692
v 0.0181533 1.43177 0.130192
v 0.0335525 1.3965 0.10636
v 0.04707 1.3806 0.0693623
v 0.157155 1.27448 0.0594272
v 0.159763 1.31223 0.0623035
v 0.290466 1.38821 0.0747924
v 0.286762 1.49702 0.170025
v 0.293045 1.54192 0.235322
v 0.306209 1.55738 0.243107
v 0.339924 1.56738 0.227485
v 0.388412 1.52636 0.150193
v 0.389209 1.47932 0.11835
v 0.395036 1.49599 0.0897126
v 0.335326 1.40664 -0.0560824
v 0.343506 1.42056 -0.0846409
v 0.0234822 1.37725 -0.145028
v -0.0548465 1.44926 0.0885905
v -0.0593991 1.50686 0.178291
v 0.0373102 1.46167 0.169004
v 0.034388 1.44448 0.146236
v 0.0519593 1.36825 0.0620713
v 0.0598668 1.34793 0.0688142
v 0.0727193 1.3405 0.0686359
v 0.295856 1.41273 0.0776416
v 0.292267 1.43763 0.11192
v 0.300757 1.47011 0.133725
v 0.287385 1.49926 0.190551
v 0.384626 1.53189 0.16567
v 0.38301 1.45645 0.0452142
v 0.353181 1.42425 0.00314908
v 0.298883 1.37607 -0.116803
v -0.00998413 1.39928 -0.124457
v -0.014389 1.39657 -0.0339995
v -0.0151262 1.38766 -0.010946
v 0.303028 1.46167 0.133782
v 0.316116 1.5634 0.240498
v 0.296992 1.40384 -0.12496
v 0.0395651 1.50695 0.244421
v 0.0381527 1.47276 0.187198
v 0.0238508 1.42416 0.116976
v 0.143656 1.29738 0.0666033
v 0.349055 1.56493 0.222761
v 0.361968 1.44131 0.017547
v 0.167276 1.39402 -0.160148
v 0.144598 1.40747 -0.152281
v 0.111986 1.38424 -0.161531
v 0.0803766 1.39635 -0.175581
v -0.0310303 1.39816 -0.0762484
v -0.0236389 1.41258 0.0189615
v -0.0532141 1.44306 0.0625072
v -0.0583521 1.51774 0.174441
v -0.0358681 1.53748 0.211275
v -0.0127474 1.54634 0.215683
v -0.00521686 1.54902 0.247877
v 0.0102478 1.54426 0.245625
v 0.0351758 1.52029 0.244627
v 0.0424358 1.49413 0.212613
v 0.0518275 1.39557 0.0896517
v 0.169978 1.28995 0.0742792
v 0.185867 1.30733 0.0739168
v 0.197307 1.31325 0.0758692
v 0.22865 1.33664 0.0878043
v 0.264716 1.36846 0.0894779
v 0.288925 1.5237 0.212251
v 0.296712 1.54986 0.211758
v 0.367589 1.55176 0.1921
v 0.38233 1.47809 0.0617915
v 0.378725 1.45691 0.0150691
v 0.353889 1.43207 -0.0149976
v 0.343863 1.42316 -0.0783108
v 0.332345 1.42197 -0.09885
v -0.0205082 1.39896 -0.0920504
v -0.0656286 1.48877 0.136535
v -0.0673835 1.49895 0.147495
v 0.0304688 1.52736 0.24257
v 0.0381745 1.49698 0.223871
v 0.105293 1.30004 0.0756986
v 0.212382 1.32282 0.0913804
v 0.228668 1.34814 0.0809854
v 0.258199 1.37238 0.0875957
v 0.28425 1.50227 0.173024
v 0.317165 1.56624 0.22978
v 0.363249 1.55816 0.208784
v 0.395511 1.51199 0.113443
v 0.395668 1.50147 0.101294
v 0.364119 1.44573 0.00437107
v 0.325675 1.40382 -0.100433
v -0.0572783 1.45084 0.0459647
v -0.0581241 1.4582 0.075544
v -0.042769 1.53601 0.201642
v 0.0221884 1.53541 0.234239
v 0.03724 1.45102 0.153249
v 0.135108 1.30256 0.0685386
v 0.164337 1.30801 0.0675174
v 0.176834 1.30108 0.0741106
v 0.222458 1.3348 0.0904261
v 0.287643 1.52461 0.202354
v 0.291747 1.53866 0.214611
v 0.298557 1.55236 0.233827
v 0.306512 1.56102 0.230351
v 0.273261 1.40288 -0.168277
v -0.0628494 1.46684 0.111483
v 0.0553348 1.35663 0.0664496
v 0.158279 1.30695 0.0614375
v 0.172463 1.32017 0.0773145
v 0.288556 1.40495 0.0801618
v 0.302223 1.41634 0.0769068
v 0.341474 1.56981 0.217359
v 0.390539 1.53144 0.137358
v 0.38304 1.47713 0.0324966
v 0.385469 1.4678 0.0273292
v 0.383427 1.46552 0.00829233
v 0.364653 1.45219 -0.00241414
v 0.342163 1.43075 -0.0396113
v 0.11766 1.39103 -0.156965
v -0.0366306 1.43315 -0.00976305
v 0.0961811 1.3196 0.0777119
v 0.126886 1.30951 0.0716624
v 0.170839 1.30856 0.0788785
v 0.180964 1.30664 0.0738369
v 0.24285 1.36093 0.0793329
v 0.297796 1.42649 0.080336
v 0.289207 1.45455 0.123786
v 0.293484 1.47952 0.129494
v 0.372016 1.54952 0.176463
v 0.384422 1.54245 0.144935
v 0.305378 1.40262 -0.115984
v 0.121752 1.40261 -0.153126
v 0.0915969 1.39517 -0.171623
v -0.0563705 1.52638 0.163878
v -0.0222947 1.54431 0.213951
v -0.0011152 1.54561 0.217019
v 0.0310905 1.44181 0.125104
v 0.060018 1.37975 0.0645592
v 0.0850315 1.3335 0.0725135
v 0.261402 1.3981 0.0921454
v 0.281563 1.4066 0.0862588
v 0.287979 1.4411 0.105928
v 0.35037 1.56707 0.212621
v 0.381764 1.48088 0.0507893
v 0.337518 1.42114 -0.0548518
v 0.342485 1.42328 -0.0889781
v 0.282541 1.44153 -0.161116
v -0.0172664 1.41853 -0.120068
v -0.0238894 1.41684 -0.0902425
v -0.0348708 1.41923 -0.0767146
v -0.0700175 1.48466 0.113149
v -0.0393395 1.53728 0.183164
v 0.0440196 1.45511 0.140957
v 0.0392283 1.44746 0.131755
v 0.0519346 1.37767 0.0635457
v 0.0634618 1.36398 0.0717998
v 0.249491 1.36303 0.0816676
v 0.280839 1.45641 0.114919
v 0.316219 1.56496 0.218842
v 0.33375 1.57016 0.22157
v 0.359486 1.55928 0.19411
v 0.375335 1.46468 -0.00603094
v 0.362007 1.45382 -0.0209465
v 0.314529 1.40708 -0.109371
v 0.168405 1.40724 -0.157449
v -0.0684859 1.50874 0.142138
v -0.0316271 1.54365 0.203066
v 0.0370906 1.51211 0.224316
v 0.0397316 1.48071 0.188333
v 0.0462367 1.41535 0.105815
v 0.045696 1.39915 0.0991398
v 0.0953509 1.3321 0.0774502
v 0.0990114 1.31812 0.0804652
v 0.117772 1.30932 0.0709958
v 0.139488 1.31763 0.070081
v 0.190213 1.32056 0.0762023
v 0.227296 1.35524 0.0848099
v 0.273635 1.39434 0.0915851
v 0.285721 1.50806 0.191648
v 0.292618 1.54396 0.204287
v 0.338238 1.5686 0.208019
v 0.351976 1.56386 0.195948
v 0.335438 1.41375 -0.044376
v 0.346125 1.43409 -0.0820546
v 0.291396 1.41081 -0.141547
v 0.262846 1.40852 -0.172907
v 0.195282 1.39547 -0.166712
v 0.10296 1.39709 -0.161892
v -0.0259332 1.41502 -0.0217585
v 0.0129585 1.54021 0.222066
v 0.0380816 1.46684 0.159158
v 0.0785311 1.33715 0.0694698
v 0.113583 1.30985 0.0727173
v 0.230474 1.35632 0.0792985
v 0.291408 1.49049 0.157505
v 0.286829 1.51946 0.186763
v 0.376121 1.5453 0.165144
v 0.391383 1.48738 0.0791664
v 0.386642 1.47914 -0.00113652
v 0.298993 1.41934 -0.126038
v 0.209129 1.40759 -0.168135
v 0.0039337 1.41832 -0.130221
v -0.035728 1.43259 0.0239427
v 0.0268673 1.52952 0.220594
v 0.0805142 1.35107 0.0726187
v 0.152019 1.30269 0.0622018
v 0.182389 1.33107 0.0813019
v 0.243366 1.38353 0.0816904
v 0.399824 1.52139 0.0880117
v 0.34302 1.45199 -0.0596847
v 0.286095 1.41628 -0.156063
v 0.235002 1.40745 -0.176946
v 0.111576 1.4117 -0.152752
v 0.044965 1.41071 -0.164869
v 0.0408202 1.4314 -0.159614
v -0.0730729 1.4946 0.0813974
v 0.0175865 1.53972 0.212824
v 0.0418093 1.48313 0.175916
v 0.0525405 1.41101 0.0997745
v 0.0563299 1.38672 0.0688191
v 0.0899021 1.35471 0.0807125
v 0.094554 1.34275 0.0790749
v 0.13064 1.32582 0.0746405
v 0.201917 1.34839 0.0952321
v 0.211301 1.34986 0.0938686
v 0.298233 1.46573 0.12644
v 0.282456 1.50543 0.160614
v 0.285231 1.52343 0.173244
v 0.293309 1.53978 0.190846
v 0.30566 1.55782 0.210464
v 0.282445 1.51438 0.164418
v 0.316478 1.56295 0.208372
v 0.35593 1.56188 0.183562
v 0.366788 1.55447 0.163915
v 0.3439 1.4442 -0.0463687
v 0.289418 1.41629 -0.149395
v 0.250599 1.42275 -0.173455
v -0.00320226 1.54776 0.20922
v 0.0334777 1.43985 0.112623
v 0.0332943 1.43483 0.108589
v 0.0513304 1.42887 0.104994
v 0.162871 1.31455 0.0670853
v 0.165758 1.31804 0.0769303
v 0.167713 1.33321 0.0797746
v 0.169525 1.3469 0.0814348
v 0.19616 1.33892 0.0901377
v 0.229261 1.36663 0.0823857
v 0.277937 1.41366 0.0874383
v -0.0152096 1.43091 -0.123188
v -0.0286284 1.42977 -0.0344271
v -0.0696699 1.51361 0.135108
v -0.0180038 1.54834 0.205646
v 0.0408177 1.42128 0.109887
v 0.14613 1.31296 0.066949
v 0.274833 1.46513 0.109485
v 0.280525 1.46606 0.114824
v 0.366879 1.55493 0.17642
v 0.388616 1.53861 0.129203
v 0.390538 1.50303 0.0326137
v 0.382989 1.49071 0.0230281
v 0.342825 1.43978 -0.0934056
v 0.282443 1.41668 -0.160672
v 0.0133463 1.41217 -0.137184
v -0.0289277 1.4326 -0.0437504
v -0.0305899 1.42966 0.0132676
v -0.053445 1.45215 0.0334224
v -0.0725756 1.50154 0.110512
v 0.0376872 1.51102 0.190738
v 0.0391559 1.49726 0.19021
v 0.125234 1.33233 0.0769179
v 0.17828 1.33221 0.0812319
v 0.220299 1.3657 0.0897768
v 0.269733 1.43919 0.08378
v 0.293164 1.43025 0.0784304
v 0.297932 1.55243 0.201146
v 0.401118 1.51703 0.067945
v 0.382485 1.48643 0.039207
v 0.0277023 1.4316 -0.151697
v -0.0249337 1.43159 -0.0904347
v -0.0349432 1.43463 -0.0799276
v -0.0401772 1.44368 -0.0206004
v -0.0469747 1.53189 0.180215
v 0.0327271 1.52589 0.20892
v 0.0390578 1.51399 0.212041
v 0.0432304 1.49147 0.165416
v 0.0356438 1.43951 0.105194
v 0.100449 1.33987 0.0832163
v 0.106327 1.32697 0.0831432
v 0.160149 1.33988 0.0697093
v 0.218862 1.35684 0.0944985
v 0.224565 1.36932 0.0834999
v 0.388485 1.48587 0.00343469
v 0.22795 1.43012 -0.171131
v 0.0861232 1.41896 -0.164813
v -0.0461153 1.4539 -7.97444e-005
v -0.0618877 1.46743 0.0454
v -0.0264877 1.54341 0.186427
v 0.0085236 1.54272 0.200299
v 0.0398409 1.445 0.106452
v 0.0602916 1.40405 0.0881304
v 0.105432 1.34809 0.0870387
v 0.289925 1.48085 0.122591
v 0.290314 1.53158 0.182092
v 0.33741 1.56824 0.198428
v 0.288656 1.47439 0.117536
v 0.309101 1.56007 0.198968
v 0.333985 1.57107 0.192383
v 0.0572921 1.43822 -0.162893
v 0.0253846 1.53685 0.210934
v 0.0637432 1.39083 0.0670317
v 0.0704657 1.37331 0.0753944
v 0.190194 1.35024 0.0907529
v 0.194543 1.35286 0.0939119
v 0.235463 1.38639 0.0821885
v 0.289313 1.43599 0.0772614
v 0.332934 1.57059 0.180313
v 0.393188 1.52594 0.122891
v 0.123166 1.42336 -0.150148
v -0.0192854 1.41241 -0.114086
v -0.0634974 1.47778 0.0631136
v -0.0745596 1.51924 0.0983654
v -0.0558958 1.53519 0.133323
v 0.00278038 1.54304 0.189038
v 0.115838 1.33689 0.0795712
v 0.118875 1.34704 0.0815737
v 0.184937 1.34292 0.0851211
v 0.248847 1.39249 0.0843963
v 0.287537 1.4971 0.140946
v 0.344389 1.56724 0.187525
v 0.348912 1.45414 -0.0818839
v 0.3227 1.45265 -0.111846
v 0.0719953 1.41701 -0.169616
v 0.0523918 1.41941 -0.166017
v -0.0365724 1.44858 -0.0373776
v 0.0632515 1.39754 0.0732557
v 0.149847 1.33508 0.0657769
v 0.15533 1.32998 0.0640878
v 0.278105 1.47412 0.113571
v 0.386276 1.54725 0.1208
v 0.385637 1.49613 0.0198546
v 0.39049 1.48864 -0.00977957
v 0.349736 1.46238 -0.0530796
v 0.3418 1.45442 -0.0976824
v 0.308365 1.43484 -0.120518
v 0.205778 1.42244 -0.164084
v 0.0658259 1.42138 -0.168319
v -0.0223753 1.43526 -0.0996694
v 0.0425649 1.43882 0.103926
v 0.0669151 1.38803 0.0670942
v 0.134062 1.33747 0.0756574
v 0.139244 1.32821 0.0715037
v 0.160351 1.32348 0.0651978
v 0.195584 1.36549 0.0960955
v 0.300549 1.55159 0.18213
v 0.307896 1.55821 0.18614
v 0.341854 1.56581 0.172794
v 0.359145 1.55927 0.169026
v 0.398971 1.512 0.0496428
v 0.101664 1.41873 -0.154127
v -0.0411387 1.45144 -0.0754398
v -0.0658297 1.47277 0.0326607
v -0.0636603 1.47949 0.0474148
v -0.0657237 1.52553 0.131482
v -0.0241975 1.54373 0.176477
v -0.0120271 1.54489 0.186686
v 0.0258183 1.53151 0.187641
v 0.0515928 1.46244 0.123566
v 0.043256 1.45041 0.103928
v 0.0583617 1.41917 0.0940903
v 0.184599 1.35963 0.0912862
v 0.262659 1.42043 0.090155
v 0.290462 1.53114 0.161533
v 0.291164 1.53511 0.170726
v 0.367139 1.47474 -0.0376588
v 0.331354 1.45009 -0.105034
v 0.259636 1.4467 -0.168398
v 0.0780697 1.42751 -0.165103
v 0.0617198 1.45729 -0.159138
v -0.0273577 1.46183 -0.091371
v 0.0810045 1.37477 0.0793247
v 0.371382 1.55743 0.126542
v 0.395433 1.53998 0.101047
v 0.351453 1.47368 -0.058179
v 0.349292 1.46048 -0.0892227
v 0.286212 1.44151 -0.157275
v 0.00909873 1.44518 -0.134981
v -0.0171384 1.45351 -0.120244
v -0.048585 1.45533 0.0105525
v -0.0425035 1.53933 0.156264
v 0.0325765 1.52115 0.19036
v 0.0421782 1.48162 0.152932
v 0.045098 1.45351 0.126252
v 0.141387 1.33885 0.0717897
v 0.286484 1.4834 0.119361
v 0.285574 1.50411 0.129635
v 0.38858 1.50672 -0.0221528
v 0.386855 1.49285 -0.0237098
v 0.166719 1.4255 -0.152889
v 0.107123 1.43549 -0.147989
v 0.0812134 1.44825 -0.155561
v 0.0207336 1.44983 -0.144009
v -0.0203065 1.43954 -0.117199
v -0.0674805 1.49123 0.031146
v 0.0120561 1.54176 0.178322
v 0.0367724 1.51527 0.176801
v 0.0399591 1.5077 0.180258
v 0.0649557 1.41153 0.0843567
v 0.0687924 1.40899 0.0756581
v 0.252033 1.41527 0.088808
v 0.285244 1.44352 0.0777316
v 0.28494 1.48404 0.112613
v 0.281053 1.52197 0.146197
v 0.325532 1.56472 0.191618
v 0.375604 1.55233 0.140932
v 0.290068 1.45313 -0.150975
v 0.245033 1.44747 -0.169584
v 0.233416 1.42909 -0.172649
v 0.217237 1.44187 -0.1648
v 0.190031 1.46367 -0.154163
v -0.000532298 1.44089 -0.127849
v -0.0382833 1.46056 -0.0813308
v -0.0388599 1.45904 -0.048188
v -0.0662816 1.48673 0.00961116
v 0.054421 1.43914 0.102183
v 0.0942854 1.36333 0.0850165
v 0.164224 1.3417 0.0787335
v 0.177433 1.35104 0.0866167
v 0.216399 1.38156 0.0924035
v 0.24674 1.41446 0.0837324
v 0.281602 1.44665 0.0769643
v 0.273811 1.47602 0.109289
v 0.298078 1.54545 0.167909
v 0.387369 1.55241 0.104439
v 0.402496 1.52811 0.0489898
v 0.385394 1.52111 0.0059487
v 0.351636 1.48755 -0.0840712
v 0.348091 1.47108 -0.0941819
v 0.269415 1.43812 -0.16759
v -0.0566661 1.47686 -0.00727123
v 0.0381924 1.51106 0.162162
v 0.0438326 1.44718 0.100127
v 0.0572661 1.43305 0.10239
v 0.0859528 1.39605 0.0867233
v 0.109307 1.34707 0.0859805
v 0.182626 1.36921 0.0918885
v 0.275361 1.46288 0.106595
v 0.306098 1.55537 0.170515
v 0.32047 1.56362 0.15927
v 0.36433 1.55881 0.142908
v 0.347083 1.46908 -0.0669915
v 0.278282 1.44341 -0.163828
v 0.18411 1.42195 -0.15878
v 0.0949571 1.43978 -0.150721
v -0.0225349 1.45604 -0.108967
v -0.0674865 1.53029 0.109935
v -0.00255694 1.54363 0.174088
v 0.0215902 1.53801 0.188196
v 0.0275469 1.52616 0.172115
v 0.0413368 1.49932 0.168937
v 0.0430343 1.49311 0.155225
v 0.0905374 1.37924 0.0848322
v 0.0943991 1.38412 0.0889514
v 0.132565 1.35673 0.0794143
v 0.157944 1.34485 0.0673863
v 0.242337 1.41271 0.0823804
v 0.397427 1.52281 0.0301756
v 0.128778 1.45042 -0.147603
v -0.021264 1.4702 -0.112857
v -0.0768191 1.50994 0.0701067
v 0.0438238 1.4718 0.141855
v 0.0719666 1.40307 0.0716496
v 0.0776407 1.38995 0.0802509
v 0.25395 1.42631 0.0895148
v 0.399521 1.53932 0.081776
v 0.385474 1.51495 -0.00385162
v 0.0665017 1.46351 -0.156975
v 0.0338548 1.45498 -0.15117
v -0.0565987 1.4769 -0.0231341
v -0.0385608 1.54295 0.141745
v 0.0240915 1.541 0.177214
v 0.283391 1.49652 0.115532
v 0.380712 1.55976 0.0982399
v 0.366224 1.49708 -0.0529703
v 0.267555 1.47908 -0.163024
v 0.157546 1.42868 -0.149763
v -0.00424901 1.46578 -0.123786
v -0.023785 1.45987 -0.0979531
v -0.0376809 1.47584 -0.0824404
v -0.0423985 1.46584 -0.0750679
v -0.0724324 1.50598 0.00698596
v 0.0129537 1.54114 0.167349
v 0.0361897 1.51527 0.156029
v 0.0431604 1.49571 0.138266
v 0.0499193 1.45969 0.103332
v 0.059769 1.43129 0.0979847
v 0.145582 1.34847 0.0694842
v 0.222371 1.39252 0.0900863
v 0.23244 1.4041 0.0844884
v 0.285068 1.52764 0.144886
v 0.295254 1.53593 0.147197
v 0.334002 1.57103 0.169703
v 0.240254 1.46791 -0.165978
v 0.206976 1.44658 -0.160692
v 0.148345 1.43558 -0.147425
v 0.00234648 1.46382 -0.127615
v -0.0186432 1.46463 -0.11852
v -0.0740472 1.53353 0.06906
v -0.0698116 1.53361 0.0895684
v -0.0573767 1.54067 0.111883
v 0.0991029 1.36249 0.0862833
v 0.168279 1.36133 0.0825708
v 0.389145 1.55777 0.0791236
v 0.395784 1.5377 0.0200836
v 0.354947 1.49901 -0.0635647
v 0.349831 1.48695 -0.0696967
v 0.326981 1.4774 -0.112856
v 0.228556 1.45413 -0.166948
v 0.155316 1.45608 -0.145228
v -0.0659599 1.50117 -0.0101366
v -0.0289666 1.54452 0.143581
v 0.0474653 1.45268 0.0981009
v 0.0692422 1.42724 0.0853348
v 0.106022 1.37106 0.0896861
v 0.174261 1.36281 0.0872433
v 0.20148 1.37487 0.0963614
v 0.244562 1.43918 0.080326
v 0.267273 1.48397 0.100073
v 0.334699 1.56901 0.156929
v 0.301848 1.44541 -0.129493
v 0.296487 1.43874 -0.135671
v -0.0453546 1.54243 0.130529
v 0.0509922 1.47163 0.125413
v 0.160625 1.35862 0.074303
v 0.191838 1.37497 0.0956208
v 0.212664 1.40222 0.0956888
v 0.268862 1.48727 0.104977
v 0.316371 1.55875 0.149995
v 0.35367 1.56164 0.145575
v 0.362414 1.56056 0.130866
v 0.168455 1.45979 -0.147516
v -0.0452814 1.46758 -0.0387785
v -0.0684294 1.50576 0.0278115
v 0.0433843 1.5038 0.143765
v 0.233623 1.43268 0.0857141
v 0.259328 1.44352 0.0858796
v 0.260476 1.45669 0.0829879
v 0.276766 1.46677 0.0857834
v 0.280435 1.51883 0.138488
v 0.331894 1.57026 0.145061
v 0.387274 1.53216 0.00549943
v 0.294231 1.48176 -0.145563
v -0.0224075 1.47633 -0.101353
v -0.0424749 1.47436 -0.0464956
v 0.0218529 1.5429 0.162301
v 0.0628188 1.429 0.0878609
v 0.209453 1.38611 0.0986131
v 0.284257 1.51413 0.119759
v 0.34866 1.56489 0.124981
v 0.288589 1.48151 -0.153522
v -0.0265873 1.4821 -0.0925911
v 0.000873176 1.5413 0.156541
v 0.0566722 1.46782 0.109757
v 0.0514934 1.46167 0.0970327
v 0.0670375 1.44803 0.0971655
v 0.0730922 1.4237 0.0823224
v 0.0774024 1.4171 0.0807078
v 0.0849526 1.4073 0.086737
v 0.124733 1.36131 0.0834471
v 0.156322 1.36324 0.0692367
v 0.18671 1.39054 0.0934929
v 0.216325 1.42414 0.0935445
v 0.271559 1.48071 0.0890867
v 0.395513 1.54844 0.0802336
v -0.040401 1.47465 -0.0559696
v -0.0587516 1.48981 -0.0272114
v -0.0281484 1.54937 0.114937
v -0.0197882 1.54445 0.14754
v 0.00153156 1.54351 0.14136
v 0.0398874 1.51361 0.137983
v 0.0446073 1.494 0.131353
v 0.0539526 1.46199 0.0944683
v 0.137641 1.36389 0.0767165
v 0.280572 1.45673 0.0794881
v 0.348458 1.49606 -0.0972765
v -0.0781034 1.52384 0.0501632
v 0.0588958 1.48153 0.114366
v 0.0632088 1.44753 0.0994973
v 0.0652179 1.44137 0.0883224
v 0.112103 1.3881 0.0907879
v 0.179664 1.38352 0.0902224
v 0.303599 1.54682 0.136386
v 0.324564 1.56569 0.144117
v 0.388319 1.55081 0.00453017
v 0.38563 1.51917 -0.0164304
v 0.146106 1.45468 -0.14553
v 0.00322578 1.4963 -0.127044
v -0.0413842 1.48799 -0.055895
v -0.0487058 1.54816 0.102417
v 0.0255267 1.53667 0.161269
v 0.0317773 1.5236 0.153179
v 0.0505257 1.49018 0.119953
v 0.0577285 1.47318 0.115683
v 0.089486 1.41169 0.0908392
v 0.097554 1.3915 0.0917156
v 0.133671 1.36933 0.0797984
v 0.198445 1.41166 0.0954611
v 0.205923 1.4022 0.0979555
v 0.284494 1.53477 0.127765
v 0.304058 1.54709 0.154191
v 0.388339 1.56122 0.0618058
v 0.392402 1.5567 0.0338306
v 0.381121 1.53553 -0.034672
v 0.349109 1.49434 -0.0735375
v 0.351933 1.49863 -0.0909867
v 0.312538 1.45761 -0.123035
v 0.27411 1.47442 -0.162617
v 0.0453165 1.45779 -0.155825
v -0.0410147 1.48362 -0.0756559
v -0.0480686 1.5048 -0.0447025
v -0.0655852 1.52199 -0.0260634
v 0.0450355 1.50151 0.125925
v 0.0694749 1.44998 0.0945284
v 0.0670674 1.44384 0.0854947
v 0.15212 1.36329 0.0679812
v 0.158581 1.37922 0.072407
v 0.165845 1.37386 0.0805391
v 0.280296 1.49451 0.107416
v 0.366716 1.5646 0.101318
v 0.395905 1.54712 0.0250908
v 0.358473 1.51849 -0.0645219
v 0.335783 1.49558 -0.106198
v 0.218823 1.47428 -0.16105
v 0.0363771 1.46979 -0.149922
v -0.0196561 1.49142 -0.108878
v -0.0673286 1.54081 0.0752783
v 0.042018 1.50836 0.133563
v 0.11937 1.37801 0.0874432
v 0.12686 1.37578 0.0839519
v 0.147406 1.36783 0.0689239
v 0.273718 1.46306 0.0771059
v 0.266356 1.49647 0.10149
v 0.280896 1.51077 0.108687
v 0.282382 1.52442 0.107768
v 0.297225 1.54415 0.123134
v 0.349375 1.56644 0.10888
v 0.298872 1.48636 -0.141221
v 0.279634 1.4847 -0.160018
v 0.242824 1.45237 0.0790392
v 0.2682 1.47492 0.0783478
v 0.334462 1.57086 0.134704
v 0.382857 1.56506 0.0690087
v 0.385534 1.56087 0.00802837
v 0.28443 1.47442 -0.158277
v 0.0978166 1.44874 -0.14776
v 0.0431223 1.48743 -0.149746
v -0.0391941 1.5 -0.0759328
v -0.0708001 1.52572 -0.00864818
v -0.0415902 1.54995 0.103808
v 0.0194887 1.5447 0.147454
v 0.0616199 1.47524 0.100433
v 0.0692146 1.45698 0.0962636
v 0.0764118 1.42937 0.0841165
v 0.256694 1.47018 0.0820352
v 0.31101 1.55537 0.122084
v -0.0161727 1.4847 -0.116378
v -0.0441071 1.51128 -0.0514495
v -0.0683738 1.51395 0.0131337
v 0.00430121 1.54594 0.130599
v 0.0311225 1.52786 0.139065
v 0.0713449 1.43722 0.0849689
v 0.0852356 1.42068 0.0881041
v 0.245666 1.45958 0.078095
v 0.336173 1.57393 0.108013
v 0.382286 1.5352 -0.00852157
v -0.0696358 1.53905 0.031975
v -0.0584562 1.54425 0.0900853
v 0.272522 1.49949 0.102594
v 0.35015 1.51368 -0.0773569
v 0.108533 1.45622 -0.145487
v 0.0182502 1.4723 -0.140498
v -0.0404335 1.51154 -0.0604836
v -0.06857 1.52083 0.0209999
v -0.0131531 1.54889 0.115703
v 0.0153537 1.54554 0.130285
v 0.0240813 1.53844 0.133642
v 0.0576556 1.46338 0.0930684
v 0.117768 1.40133 0.0876261
v 0.12826 1.389 0.0823689
v 0.154185 1.38796 0.0698707
v 0.250233 1.45041 0.0848712
v 0.267502 1.49272 0.0855736
v 0.298888 1.54929 0.115179
v 0.318241 1.56144 0.132655
v 0.35852 1.56995 0.0814332
v 0.348453 1.51611 -0.0947638
v 0.323729 1.5017 -0.123696
v -0.0191232 1.49823 -0.113428
v 0.174987 1.39728 0.084428
v 0.223361 1.42712 0.0913448
v 0.272626 1.47641 0.079751
v 0.264834 1.4969 0.0968381
v 0.0746918 1.47923 -0.151428
v -0.00311995 1.50134 -0.121834
v -0.0365454 1.49775 -0.0826791
v 0.0329543 1.52957 0.126223
v 0.0770392 1.43835 0.085158
v 0.170958 1.38202 0.0842015
v 0.283076 1.53535 0.107523
v 0.333176 1.5737 0.115906
v 0.37426 1.57175 0.058647
v 0.377167 1.54561 -0.0191246
v 0.330996 1.51513 -0.111122
v 0.172585 1.4894 -0.14704
v 0.0915542 1.46898 -0.147435
v -0.0604663 1.55014 0.0629993
v -0.0579739 1.54858 0.0743618
v 0.105508 1.40214 0.0928721
v 0.161296 1.39147 0.0742636
v 0.383442 1.56825 0.0467446
v 0.381921 1.55978 -0.00501132
v -0.0633684 1.52757 0.00731821
v 0.0578504 1.49114 0.111605
v 0.0708233 1.45332 0.0821903
v 0.141757 1.38927 0.072972
v 0.261936 1.52187 0.0918428
v 0.281299 1.52925 0.125542
v 0.284168 1.54474 0.111695
v 0.287654 1.5489 0.110197
v 0.346965 1.57119 0.0917985
v 0.353644 1.51426 -0.070165
v -0.0623625 1.54626 0.0220839
v 0.08476 1.43693 0.088161
v 0.0889207 1.43699 0.0890978
v 0.100012 1.40805 0.0935305
v 0.148369 1.39326 0.0698381
v 0.200247 1.43927 0.0899836
v 0.2066 1.44053 0.0919225
v 0.232571 1.45195 0.0847128
v 0.275737 1.51139 0.0998639
v 0.344209 1.53369 -0.0814398
v 0.13999 1.47332 -0.144126
v 0.100064 1.48739 -0.1439
v -0.020926 1.50905 -0.0956931
v -0.0230321 1.49895 -0.0953243
v -0.0349665 1.51391 -0.0767952
v -0.033503 1.55808 0.0783963
v 0.0931827 1.42025 0.0924557
v 0.261802 1.50777 0.0858169
v 0.320962 1.5658 0.108626
v 0.350092 1.57354 0.0735009
v 0.35975 1.57482 0.0567983
v 0.37406 1.55013 -0.0318246
v 0.374998 1.53085 -0.048231
v 0.229277 1.4771 -0.163207
v 0.202445 1.48762 -0.156651
v 0.0531687 1.48865 -0.151907
v 0.0151218 1.50454 -0.135779
v -0.0228108 1.55787 0.0914304
v 0.0406339 1.52439 0.12017
v 0.0632173 1.47787 0.0941986
v 0.0728257 1.46286 0.0800752
v 0.13536 1.38356 0.0780309
v 0.1905 1.4135 0.091652
v 0.2268 1.46533 0.0862529
v 0.330851 1.57648 0.0976444
v 0.0734323 1.46734 0.0933561
v 0.214035 1.43842 0.0926608
v 0.37183 1.55666 -0.027068
v 0.281904 1.51514 -0.153886
v 0.160079 1.48179 -0.143868
v -0.0171538 1.50801 -0.112476
v 0.333569 1.51165 -0.108456
v 0.298341 1.51526 -0.140317
v 0.274516 1.49951 -0.159403
v -0.0467414 1.51803 -0.0442158
v -0.0677682 1.53155 -0.0182069
v -0.0551539 1.54595 -0.0188261
v -0.0478053 1.55782 0.0608176
v -0.0137021 1.55287 0.103074
v 0.0396025 1.5308 0.112993
v 0.0589462 1.50093 0.103711
v 0.161676 1.41085 0.0719936
v 0.252785 1.49025 0.0798096
v 0.262968 1.49077 0.0785659
v 0.373103 1.57424 0.0250785
v 0.377107 1.56985 0.0100529
v 0.36204 1.55294 -0.056252
v 0.344465 1.52704 -0.0956208
v 0.236176 1.48433 -0.162849
v 0.0696793 1.49417 -0.150181
v -0.0258508 1.52605 -0.0842459
v 0.0116052 1.55026 0.109625
v 0.045785 1.51307 0.112662
v 0.0635163 1.4807 0.10244
v 0.0707416 1.45564 0.0846338
v 0.129706 1.40695 0.0787148
v 0.152374 1.41832 0.0695309
v 0.223449 1.4688 0.0861352
v 0.260676 1.50478 0.0822754
v 0.281156 1.53849 0.0983257
v 0.320754 1.53167 -0.122902
v 0.305086 1.49965 -0.137557
v -0.0599015 1.53808 -0.0265365
v 0.00238006 1.55294 0.109583
v 0.0255848 1.53933 0.112012
v 0.066353 1.48159 0.0906333
v 0.0759051 1.46246 0.0917639
v 0.289089 1.55781 0.0975903
v 0.302595 1.55745 0.102693
v 0.332323 1.57893 0.0905017
v 0.364945 1.5607 -0.0473863
v 0.288668 1.50952 -0.149383
v 0.131896 1.49274 -0.141697
v 0.0938613 1.49531 -0.144857
v 0.0592172 1.49191 -0.151653
v -0.0305769 1.52688 -0.0746507
v -0.0506053 1.54725 0.000265771
v 0.0659076 1.47635 0.0902353
v 0.142156 1.41359 0.070668
v 0.214934 1.45979 0.0876189
v 0.249002 1.47859 0.0790792
v 0.0637395 1.49095 0.100599
v 0.0739174 1.46825 0.0812728
v 0.100174 1.42885 0.0910454
v 0.166407 1.41835 0.073363
v 0.261148 1.51225 0.0942209
v 0.271263 1.52907 0.089936
v 0.336508 1.57986 0.0729095
v 0.370517 1.54884 -0.0469686
v 0.349283 1.54851 -0.0681991
v 0.211721 1.49957 -0.158394
v -0.0476004 1.54491 -0.035804
v -0.0603968 1.53279 -0.00300069
v 0.367977 1.57486 -0.0120663
v 0.231216 1.51481 -0.158447
v 0.00866433 1.55448 0.102918
v 0.0688213 1.49036 0.091944
v 0.0791348 1.47603 0.0899654
v 0.135727 1.42222 0.0726813
v 0.182447 1.41126 0.0866773
v 0.256665 1.50192 0.0783691
v 0.343246 1.57752 0.0695113
v 0.34338 1.54789 -0.0746707
v 0.0406982 1.5032 -0.146224
v -0.0126148 1.52308 -0.108052
v -0.0467289 1.55608 0.00853555
v 0.0198648 1.54873 0.0991676
v 0.0951035 1.43969 0.0891721
v 0.107359 1.42045 0.0905713
v 0.202857 1.46099 0.083022
v 0.239375 1.4749 0.0780783
v 0.257202 1.52332 0.0783808
v 0.28471 1.55124 0.0997888
v 0.147579 1.49194 -0.141457
v 0.000562745 1.51969 -0.118995
v -0.0507483 1.55809 0.0396516
v 0.0353265 1.53919 0.104564
v 0.217238 1.47183 0.082958
v 0.313413 1.56731 0.0943768
v 0.325484 1.57874 0.0797042
v 0.333873 1.58352 0.0605438
v 0.364489 1.57829 0.000609115
v 0.360047 1.57136 -0.0370656
v 0.327445 1.53471 -0.10825
v 0.305914 1.52647 -0.133264
v 0.113023 1.48605 -0.142494
v -0.0311574 1.53292 -0.0695548
v -0.0389075 1.53688 -0.0489651
v -0.0342579 1.56653 -0.0357092
v -0.0399897 1.56414 0.0197604
v -0.0304345 1.56706 0.0489361
v -0.00197993 1.55863 0.0911779
v 0.0727289 1.49319 0.0864937
v 0.0791823 1.48098 0.0794812
v 0.112026 1.42215 0.0877983
v 0.175682 1.4198 0.0791887
v 0.253551 1.51257 0.0769195
v 0.373922 1.56855 -0.0135434
v 0.262274 1.50916 -0.159297
v -0.0475539 1.54927 -0.00683608
v 0.0125678 1.55357 0.0969021
v 0.122611 1.41594 0.0813593
v 0.208331 1.45881 0.0862769
v 0.304373 1.56847 0.0840158
v 0.338588 1.5392 -0.095777
v 0.177051 1.50681 -0.146934
v -0.00671752 1.52735 -0.112844
v -0.0128199 1.52724 -0.108687
v -0.0123326 1.56584 0.0739433
v -0.00534586 1.56524 0.0775827
v 0.0431967 1.53627 0.096821
v 0.0465286 1.52884 0.0986989
v 0.0848834 1.45809 0.0831273
v 0.194891 1.44402 0.0851942
v 0.243362 1.48753 0.074918
v 0.247645 1.50385 0.0778448
v 0.363689 1.57896 0.0283635
v 0.150879 1.5055 -0.141075
v 0.0504672 1.51845 0.100933
v 0.0802043 1.47678 0.0865343
v 0.0623199 1.51398 -0.14756
v 0.0101969 1.52154 -0.126598
v 0.180221 1.4346 0.0777412
v 0.227933 1.48424 0.0806329
v 0.24576 1.49548 0.0748976
v 0.289927 1.5646 0.0860993
v 0.0702272 1.50005 0.0900127
v 0.0880107 1.4691 0.0787487
v 0.108533 1.44316 0.0840439
v 0.260497 1.53874 0.081244
v 0.357462 1.56407 -0.0579015
v 0.312795 1.54799 -0.121192
v 0.290989 1.53013 -0.141483
v 0.245111 1.52171 -0.157181
v -0.0388992 1.56547 0.0317356
v -0.0302638 1.56248 0.0659602
v 0.019411 1.55507 0.0871635
v 0.0546694 1.53178 0.0871664
v 0.0827872 1.48204 0.0751064
v 0.0829991 1.47109 0.0786067
v 0.0965819 1.45629 0.0834761
v 0.104194 1.44508 0.0855747
v 0.149505 1.43511 0.0684866
v 0.212264 1.47918 0.0771478
v 0.242673 1.51018 0.0668593
v 0.270888 1.5435 0.0807154
v 0.283938 1.56095 0.0801234
v 0.337667 1.59121 0.0227659
v 0.337145 1.55944 -0.0771037
v 0.338203 1.54947 -0.081998
v 0.324674 1.53931 -0.108169
v 0.220214 1.52199 -0.155801
v 0.098091 1.51199 -0.141028
v -0.0148352 1.53253 -0.0972215
v 0.0579996 1.52256 0.0890366
v 0.161272 1.4346 0.0702909
v 0.224705 1.48445 0.0803608
v 0.282015 1.55167 0.0886751
v 0.326406 1.58235 0.0689941
v 0.347683 1.58063 0.0504714
v 0.326396 1.55588 -0.096436
v 0.298215 1.54916 -0.129345
v 0.0743596 1.51368 -0.14673
v 0.0467626 1.499 -0.148901
v 0.0322655 1.52653 -0.138239
v 0.00873097 1.53987 -0.116371
v -0.0181158 1.54003 -0.0849014
v -0.0334059 1.55749 -0.0432286
v 0.076718 1.49248 0.0852425
v 0.0824121 1.48814 0.0856144
v 0.141922 1.43769 0.0689434
v 0.228518 1.49497 0.074364
v 0.236432 1.49916 0.0707928
v 0.251893 1.52301 0.0735563
v 0.358164 1.57889 -0.027613
v 0.136809 1.50775 -0.139515
v -0.00695879 1.54078 -0.10718
v -0.0240573 1.54966 -0.0681134
v -0.0411417 1.56185 -0.0286793
v 0.0618427 1.50811 0.093354
v 0.080383 1.48164 0.0760691
v 0.166716 1.43502 0.070865
v 0.244412 1.51566 0.0742123
v 0.274129 1.53649 -0.148064
v -0.0173313 1.55996 -0.0696085
v 0.102618 1.47392 0.0750359
v 0.194885 1.4644 0.0769845
v 0.23843 1.50619 0.0667617
v 0.256447 1.52944 0.0743081
v 0.345325 1.58657 -0.0146298
v 0.350351 1.57525 -0.0569449
v 0.347941 1.56912 -0.0641396
v 0.0537749 1.51731 -0.146385
v -0.019138 1.57471 0.0373754
v 0.0365172 1.5508 0.0841108
v 0.0732977 1.50805 0.0831685
v 0.1712 1.44944 0.0685552
v 0.228629 1.50057 0.0668591
v 0.273957 1.51501 -0.156989
v -0.0351012 1.56219 -0.00871234
v 0.00567649 1.56899 0.0654904
v 0.202587 1.47898 0.0739799
v 0.258118 1.53496 0.0809132
v -0.0370434 1.56117 -0.0162466
v -0.0264173 1.56834 -0.0071985
v 0.0211835 1.56069 0.0752912
v 0.0400983 1.54461 0.0906585
v 0.090966 1.47983 0.0743048
v 0.0976417 1.46773 0.0777209
v 0.13277 1.44018 0.0701189
v 0.188928 1.45521 0.0760388
v 0.345707 1.58803 0.014354
v 0.334519 1.58627 -0.0407144
v 0.350786 1.58002 -0.0406129
v 0.201669 1.51143 -0.153445
v 0.109911 1.51327 -0.139839
v 0.0160794 1.54022 -0.120841
v -0.0082685 1.569 0.0664072
v 0.0666554 1.51833 0.0815911
v 0.115917 1.43526 0.0811754
v 0.242274 1.52353 0.0606477
v 0.292332 1.56964 0.0757745
v 0.310594 1.57681 0.0698863
v -0.0307173 1.57011 -0.0304186
v 0.0491471 1.55078 0.0736064
v 0.0574677 1.53874 0.0778352
v 0.0845377 1.48999 0.0722534
v 0.156968 1.45662 0.0677332
v 0.235631 1.51207 0.06215
v 0.244547 1.52407 0.0704468
v 0.256026 1.53966 0.0663745
v 0.117762 1.52892 -0.138782
v 0.099099 1.53113 -0.137949
v 0.0818795 1.53062 -0.140535
v -0.0249352 1.55816 -0.0549875
v -0.00541195 1.57688 0.0451946
v 0.0822583 1.50453 0.0801783
v 0.0998899 1.48 0.07328
v 0.210973 1.48535 0.0730664
v 0.271297 1.55518 0.0701407
v 0.32793 1.59396 0.0238047
v 0.132107 1.52681 -0.139712
v 0.015358 1.57743 0.0455996
v 0.0696272 1.52276 0.0752247
v 0.084411 1.4968 0.0772874
v 0.111838 1.45746 0.0767049
v 0.335336 1.57357 -0.0747708
v 0.279754 1.54429 -0.141069
v 0.18295 1.52286 -0.146814
v -0.00404866 1.55328 -0.0934318
v 0.0135231 1.56921 0.0634948
v 0.19482 1.47514 0.0716441
v 0.222406 1.49802 0.0678192
v 0.260294 1.54857 0.0714148
v 0.33398 1.5933 -0.00060882
v 0.32284 1.57844 -0.0836615
v 0.264287 1.54837 -0.145079
v 0.258151 1.54176 -0.150319
v -0.0152645 1.5715 -0.0534765
v -0.0226386 1.57434 -0.0353982
v 0.00587492 1.58028 0.0376546
v 0.0889861 1.48979 0.0702543
v 0.0916179 1.49252 0.0664192
v 0.110951 1.46947 0.0717332
v 0.148795 1.45581 0.0675241
v 0.178685 1.47343 0.0636959
v 0.183715 1.47044 0.0665983
v 0.212592 1.49904 0.0660622
v 0.257238 1.54825 0.0592714
v 0.326946 1.59573 0.00650988
v 0.340384 1.5797 -0.06113
v 0.31528 1.57284 -0.0943527
v 0.178353 1.53225 -0.145325
v -0.016548 1.57581 0.0201073
v 0.0840372 1.50088 0.0799564
v 0.124227 1.4576 0.068979
v 0.159697 1.46965 0.0654876
v 0.197837 1.48885 0.0649348
v 0.238274 1.53845 -0.153873
v 0.154789 1.5188 -0.142238
v 0.0849842 1.49974 0.0701411
v 0.141713 1.46351 0.0654615
v 0.247289 1.53553 0.0627443
v 0.278757 1.57021 0.0566851
v 0.29857 1.58352 0.0478526
v 0.313695 1.55985 -0.110169
v 0.0562242 1.549 0.0683419
v 0.133755 1.46943 0.0643099
v 0.204968 1.4957 0.0642532
v 0.234578 1.52101 0.0539515
v 0.28773 1.57657 0.0549736
v 0.320841 1.59377 0.0279137
v 0.018599 1.54932 -0.115166
v -0.0186259 1.57423 -0.0131056
v 0.0365698 1.56118 0.0692438
v 0.0778868 1.51872 0.0718746
v 0.26397 1.55663 0.0631089
v 0.316894 1.58778 0.0468346
v 0.203441 1.53795 -0.147747
v 0.155113 1.53494 -0.143006
v -0.000611353 1.54768 -0.108453
v 0.0433318 1.56186 0.063161
v 0.155155 1.46968 0.0652602
v 0.325504 1.59096 -0.0363231
v 0.0600893 1.53714 -0.141954
v 0.0180199 1.56136 -0.104429
v -0.0131494 1.57693 0.0103745
v -0.00201776 1.58095 0.024025
v 0.0631345 1.54205 0.0675056
v 0.103204 1.48447 0.0671934
v 0.129148 1.4861 0.0595836
v 0.21965 1.51273 0.0585431
v 0.070567 1.5384 -0.140152
v 0.0831768 1.51143 0.0716064
v 0.0470915 1.53958 -0.14013
v 0.0449216 1.5551 -0.130668
v 0.00651427 1.562 -0.0931379
v 0.0538833 1.55581 0.0614071
v 0.0850165 1.51093 0.0673098
v 0.0970811 1.4962 0.0658859
v 0.185767 1.48788 0.059123
v 0.238554 1.5247 0.0561827
v 0.320642 1.58141 -0.0823919
v 0.301765 1.56236 -0.118644
v 0.0335277 1.54612 -0.131569
v 0.0731524 1.53339 0.064917
v 0.0872021 1.50311 0.0653634
v 0.164475 1.48365 0.0660424
v 0.18023 1.49108 0.0580428
v 0.265124 1.56225 0.0513151
v 0.299692 1.59047 0.0325539
v 0.233525 1.55166 -0.147589
v -0.0046261 1.58254 -0.00632885
v 0.0371173 1.57029 0.0532901
v 0.118224 1.47589 0.0645995
v 0.204742 1.50481 0.0566447
v 0.276659 1.57387 0.0457369
v 0.228052 1.51459 0.0557657
v 0.245617 1.53912 0.0542846
v 0.258206 1.57124 0.0318912
v 0.246425 1.55365 -0.146334
v -0.011317 1.57609 -0.0506865
v 0.0847795 1.52365 0.0610194
v 0.322026 1.58499 -0.0648221
v 0.135882 1.49015 0.058726
v 0.17011 1.49384 0.0639508
v 0.19356 1.50346 0.0527398
v 0.221846 1.52151 0.0483228
v 0.305829 1.59468 0.0222705
v 0.303123 1.57709 -0.0995259
v 0.0304267 1.56054 -0.113593
v 0.0101279 1.58285 0.024691
v 0.0767531 1.53857 0.0586517
v 0.0879879 1.5123 0.0596982
v 0.156141 1.48624 0.0632324
v 0.15874 1.49663 0.0559439
v 0.199706 1.51234 0.0487583
v 0.213059 1.51881 0.0481476
v 0.310493 1.59672 0.00783219
v 0.255793 1.56296 -0.137059
v 0.284387 1.56062 -0.127486
v 0.059784 1.55648 -0.13305
v -0.00187843 1.58193 -0.040797
v 0.00203077 1.58336 0.00925877
v 0.0675668 1.54636 0.0565631
v 0.165297 1.48798 0.0635178
v 0.177671 1.50592 0.0612545
v 0.170891 1.4843 0.0608845
v 0.187748 1.50303 0.052896
v 0.223149 1.535 0.0547632
v 0.239282 1.54338 0.0409381
v 0.246158 1.55651 0.0395182
v 0.0489656 1.56358 0.052583
v 0.10235 1.50141 0.0558854
v 0.171432 1.50267 0.0548325
v 0.227539 1.52753 0.048711
v 0.253279 1.55182 0.0506462
v 0.276167 1.58127 0.0307543
v 0.287223 1.58399 0.0367482
v 0.297431 1.59588 0.0163634
v 0.318949 1.59355 -0.0335806
v 0.305013 1.58232 -0.0920065
v 0.289793 1.57141 -0.113857
v 0.146269 1.54625 -0.141191
v 0.111607 1.55037 -0.136254
v -0.0024992 1.57916 -0.0558417
v -0.00229915 1.58297 -0.0233469
v 0.0159778 1.58054 0.0352704
v 0.0350874 1.57379 0.0461419
v 0.183233 1.54656 -0.143394
v 0.000532353 1.57168 -0.0767398
v 0.0954204 1.51104 0.0515864
v 0.107395 1.51076 0.0530179
v 0.113761 1.49794 0.055302
v 0.151245 1.50113 0.0619178
v 0.200733 1.51986 0.0442014
v 0.236745 1.54363 0.0375298
v 0.310952 1.59663 -0.00215081
v 0.0259273 1.56558 -0.104617
v 0.0179582 1.56874 -0.0925624
v 0.048745 1.56703 0.041395
v 0.0820553 1.52945 0.06156
v 0.150135 1.48322 0.0612343
v 0.182042 1.50911 0.0524884
v 0.190867 1.51711 0.0492992
v 0.216552 1.52478 0.0470679
v 0.255753 1.56409 0.0394466
v 0.0774452 1.55521 -0.132355
v 0.0231421 1.57585 -0.0843724
v 0.0637335 1.55925 0.0455497
v 0.102115 1.50951 0.0579122
v 0.165218 1.5018 0.0530198
v 0.232432 1.5397 0.0425402
v 0.242888 1.54412 0.0465576
v 0.267956 1.57606 0.0340171
v 0.211072 1.55652 -0.141578
v 0.119525 1.5576 -0.135199
v 0.0904702 1.51554 0.0544268
v 0.131438 1.50067 0.0553998
v 0.183881 1.51404 0.056716
v 0.277074 1.5802 -0.106839
v 0.233244 1.56137 -0.142125
v 0.193044 1.55799 -0.139
v 0.00788987 1.58412 -0.0527227
v 0.0166321 1.58379 0.0149569
v 0.0604107 1.55484 0.051889
v 0.19842 1.52204 0.0439572
v 0.209799 1.52477 0.0447046
v 0.211988 1.52885 0.0432193
v 0.301508 1.59929 0.00418846
v 0.303739 1.59971 -0.00531253
v 0.28501 1.57563 -0.110623
v 0.022193 1.58534 0.00801092
v 0.030713 1.57804 0.0311149
v 0.0929453 1.52233 0.0455923
v 0.17697 1.51609 0.0485318
v 0.177791 1.51191 0.0527935
v 0.273524 1.58612 0.0211764
v 0.286887 1.5903 0.0179262
v 0.3072 1.59636 -0.0314192
v 0.0922802 1.55318 -0.132928
v 0.0588925 1.56633 -0.124393
v 0.0134328 1.57966 -0.0710872
v 0.118246 1.50822 0.0516944
v 0.13905 1.51163 0.0548235
v 0.192484 1.52379 0.0544153
v 0.24821 1.56615 -0.136923
v 0.0820086 1.53774 0.0548326
v 0.0886362 1.52962 0.0440391
v 0.100185 1.51765 0.0531554
v 0.22409 1.54255 0.0333613
v 0.304595 1.59013 -0.0657283
v 0.0850811 1.56097 -0.129794
v 0.0058456 1.58561 -0.0208542
v 0.00967958 1.58626 -0.012153
v 0.0153616 1.58664 -0.0053309
v 0.0374246 1.57823 0.02578
v 0.0758519 1.54677 0.0513119
v 0.0848538 1.53447 0.0524881
v 0.0880257 1.52428 0.0508265
v 0.160084 1.51582 0.0477202
v 0.250241 1.56896 0.0301176
v 0.0681631 1.55892 0.0410581
v 0.115579 1.51735 0.0512653
v 0.143859 1.51068 0.058245
v 0.20326 1.53134 0.0489993
v 0.232359 1.5509 0.0331514
v 0.255639 1.57379 0.0271198
v 0.263832 1.5791 0.020799
v 0.29976 1.60305 -0.0236813
v 0.292983 1.59414 -0.0682512
v 0.297418 1.59027 -0.0751029
v 0.0416737 1.56829 -0.112491
v 0.219137 1.56984 -0.132622
v 0.05286 1.57013 0.0360471
v 0.124618 1.51677 0.0513939
v 0.13423 1.52322 0.0510686
v 0.209979 1.54217 0.0382228
v 0.219222 1.54472 0.0315906
v 0.225306 1.54025 0.038064
v 0.281569 1.59269 0.00996426
v 0.164312 1.55281 -0.141056
v 0.0895963 1.5689 -0.12591
v 0.0734963 1.55926 0.0390158
v 0.136734 1.52648 0.0588169
v 0.145077 1.51914 0.0604968
v 0.171452 1.53063 0.0427607
v 0.187876 1.52866 0.0408205
v 0.207773 1.54676 0.0355285
v 0.274443 1.58746 0.00568477
v 0.282198 1.59325 -0.010469
v 0.179292 1.52974 0.0415811
v 0.192018 1.52811 0.0473905
v 0.240822 1.56381 0.0244453
v 0.297397 1.60135 -0.039634
v 0.275899 1.58513 -0.0979892
v 0.0242898 1.58491 -0.00572663
v 0.0528112 1.57082 0.0280481
v 0.107683 1.53586 0.0396467
v 0.242035 1.57067 -0.132506
v 0.0171884 1.58753 -0.0428681
v 0.0979043 1.5298 0.0440589
v 0.131233 1.52991 0.0577356
v 0.196431 1.53847 0.0326065
v 0.246936 1.56971 0.0258837
v 0.166582 1.5675 -0.1346
v 0.0668999 1.57332 -0.118916
v 0.0883685 1.54099 0.0339504
v 0.193567 1.54118 0.0282447
v 0.291117 1.60108 -0.0271367
v 0.254948 1.58374 -0.109604
v 0.0530085 1.57416 -0.11229
v 0.0176653 1.5868 -0.0132629
v 0.0796129 1.55348 0.0412026
v 0.0841043 1.54963 0.0390253
v 0.0828065 1.55526 0.0322085
v 0.252316 1.58098 0.0149604
v 0.265416 1.59288 -0.00541145
v 0.128999 1.56235 -0.133788
v 0.0373151 1.58361 -0.00278954
v 0.0936552 1.5418 0.0360543
v 0.101359 1.5357 0.0388597
v 0.112512 1.53288 0.0437809
v 0.123201 1.52608 0.056385
v 0.204493 1.55045 0.0131349
v 0.229019 1.55958 0.0188093
v 0.240357 1.57038 0.016192
v 0.293058 1.6022 -0.0424903
v 0.274441 1.59224 -0.0856045
v 0.0243632 1.58336 -0.0708144
v 0.0553581 1.5718 0.0242955
v 0.0638158 1.56897 0.0286411
v 0.0761633 1.56453 0.0311851
v 0.13469 1.5367 0.0408333
v 0.15775 1.53254 0.0368629
v 0.173692 1.53997 0.0382386
v 0.183014 1.54404 0.0330085
v 0.236845 1.56681 0.0131942
v 0.259616 1.58624 0.0100214
v 0.282 1.59734 -0.0253167
v 0.200253 1.57193 -0.130577
v 0.10397 1.57374 -0.125766
v 0.0426043 1.58296 -0.0893189
v 0.0315684 1.58988 -0.0376892
v 0.0840801 1.55239 0.0255189
v 0.212862 1.55825 0.0255827
v 0.213628 1.57719 -0.125109
v 0.13943 1.57524 -0.13024
v 0.0252368 1.58763 -0.0562128
v 0.151355 1.54073 0.0361464
v 0.191178 1.54547 0.0263706
v 0.279945 1.60006 -0.0459927
v 0.172145 1.5763 -0.130982
v 0.0368016 1.58887 -0.0222184
v 0.101454 1.55421 0.0243299
v 0.124105 1.53671 0.0490933
v 0.171886 1.54735 0.0356834
v 0.202624 1.55308 0.0105498
v 0.258032 1.59059 -0.00267116
v 0.275936 1.60016 -0.0587228
v 0.288596 1.5999 -0.0584692
v 0.25524 1.58786 -0.104312
v 0.233763 1.57774 -0.123601
v 0.0501541 1.5851 -0.0918539
v 0.0615997 1.5762 0.0165072
v 0.0708679 1.56914 0.0277316
v 0.113893 1.55047 0.0357841
v 0.118354 1.5495 0.0364009
v 0.128429 1.5508 0.0278981
v 0.244429 1.57945 0.00351926
v 0.244915 1.58642 -0.109989
v 0.209488 1.58004 -0.1225
v 0.129005 1.57861 -0.127528
v 0.0648304 1.58014 -0.110453
v 0.0423687 1.58691 -0.0787359
v 0.0488112 1.58378 0.000587385
v 0.0708801 1.57329 0.0153935
v 0.194117 1.55383 0.0204629
v 0.215471 1.56425 0.00655654
v 0.218414 1.56706 0.0158039
v 0.23034 1.57963 0.00527915
v 0.271497 1.59787 -0.0246648
v 0.154292 1.57978 -0.127745
v 0.112026 1.58036 -0.122971
v 0.0877194 1.57866 -0.117609
v 0.077084 1.566 0.0221214
v 0.07991 1.55975 0.0173219
v 0.0979209 1.54864 0.0271832
v 0.183426 1.5525 0.0322461
v 0.223138 1.56901 0.0176592
v 0.236702 1.57292 0.00599845
v 0.247791 1.58665 -0.00972742
v 0.25051 1.58255 0.00225555
v 0.197799 1.58119 -0.121117
v 0.153655 1.58121 -0.124187
v 0.0888579 1.55435 0.0252644
v 0.121378 1.55557 0.0235889
v 0.0379485 1.59085 -0.055469
v 0.0453801 1.58952 -0.023616
v 0.0574653 1.5844 -0.000185575
v 0.0863409 1.57064 0.00472068
v 0.140691 1.54331 0.0364052
v 0.240904 1.5864 -0.00962792
v 0.257953 1.59568 -0.0277551
v 0.271711 1.60078 -0.0417169
v 0.262287 1.60069 -0.065552
v 0.24666 1.59214 -0.100115
v 0.227352 1.58578 -0.112915
v 0.148374 1.58386 -0.115759
v 0.12472 1.58358 -0.113861
v 0.0987548 1.58284 -0.114944
v 0.103775 1.56531 0.0206229
v 0.216502 1.57044 -0.00293807
v 0.217636 1.569 -0.000828108
v 0.266048 1.60213 -0.0348267
v 0.18874 1.58373 -0.115216
v 0.0773958 1.58525 -0.105819
v 0.0647882 1.58828 -0.0938358
v 0.0565116 1.59032 -0.0800051
v 0.0487617 1.59235 -0.0458191
v 0.0647051 1.58326 -0.000640866
v 0.0676808 1.58017 -0.00265323
v 0.0822042 1.57053 0.00490868
v 0.225081 1.57832 0.00760998
v 0.0572288 1.58858 -0.00728485
v 0.266199 1.60264 -0.0421295
v 0.175671 1.58546 -0.114393
v 0.101067 1.58637 -0.108599
v 0.193231 1.56178 0.0235598
v 0.259793 1.59798 -0.0784949
v 0.257667 1.59437 -0.0892138
v 0.234573 1.5904 -0.106745
v 0.0898728 1.58916 -0.100677
v 0.159367 1.57009 0.0417747
v 0.158727 1.55233 0.0377643
v 0.22321 1.58182 -0.0152119
v 0.0619572 1.58721 -0.0140612
v 0.0698012 1.58227 -0.0096303
v 0.0792686 1.58307 -0.0101084
v 0.121575 1.56219 0.0198027
v 0.1455 1.55593 0.0368531
v 0.21302 1.57648 -0.0026201
v 0.229293 1.58798 -0.00717666
v 0.234353 1.5913 -0.00969726
v 0.256696 1.60247 -0.0580825
v 0.233317 1.59555 -0.0957992
v 0.144362 1.58907 -0.1123
v 0.0738608 1.59315 -0.0828869
v 0.0462718 1.59193 -0.0594569
v 0.0917004 1.57158 0.00638508
v 0.107487 1.56569 0.0210714
v 0.172315 1.55996 0.0374455
v 0.248674 1.60127 -0.074785
v 0.0584958 1.59087 -0.0295332
v 0.0969339 1.58106 0.00409292
v 0.207191 1.56898 0.00464505
v 0.222145 1.59173 -0.103221
v 0.175646 1.58818 -0.113025
v 0.0668927 1.59502 -0.0641824
v 0.113307 1.5714 0.00792968
v 0.177675 1.57051 0.0374281
v 0.203132 1.59111 -0.107302
v 0.111751 1.58794 -0.1102
v 0.0663748 1.58912 -0.021634
v 0.085834 1.58381 -0.00802693
v 0.106213 1.57343 0.00937601
v 0.154137 1.57499 0.04154
v 0.21709 1.58597 -0.0129591
v 0.237503 1.59983 -0.0242479
v 0.247278 1.60455 -0.0676873
v 0.241468 1.60327 -0.0792829
v 0.228305 1.59907 -0.0949712
v 0.119683 1.60269 -0.10866
v 0.0692571 1.59501 -0.0400237
v 0.106518 1.57874 -0.000824316
v 0.226858 1.59093 -0.0214562
v 0.187034 1.59516 -0.110285
v 0.141629 1.59907 -0.113563
v 0.0794699 1.59676 -0.0824928
v 0.0764825 1.59911 -0.0570233
v 0.12464 1.5749 0.0248085
v 0.133058 1.57247 0.0314672
v 0.24644 1.59714 -0.0297688
v 0.246271 1.60491 -0.0541471
v 0.0952331 1.5987 -0.0965541
v 0.0771364 1.59247 -0.0235434
v 0.109345 1.58041 -0.00317369
v 0.116624 1.57469 0.0129781
v 0.198196 1.57748 0.0224248
v 0.222999 1.5919 -0.0288341
v 0.203062 1.59885 -0.10457
v 0.16139 1.60275 -0.112874
v 0.103398 1.5954 -0.104117
v 0.0927675 1.59128 -0.0070056
v 0.118214 1.5856 0.0190161
v 0.17764 1.57966 0.0404536
v 0.0805921 1.60208 -0.0657602
v 0.0826472 1.59264 -0.0192005
v 0.165048 1.577 0.0444972
v 0.190438 1.57696 0.0300425
v 0.209473 1.58432 0.00744579
v 0.234376 1.60182 -0.0270637
v 0.216948 1.6029 -0.0961279
v 0.139811 1.60544 -0.111177
v 0.0797783 1.5977 -0.035393
v 0.103052 1.58737 -0.0137337
v 0.108007 1.58842 -0.0107275
v 0.214315 1.59023 -0.00300226
v 0.237715 1.61001 -0.0599856
v 0.226655 1.60681 -0.0845516
v 0.186918 1.60551 -0.108497
v 0.0869688 1.60321 -0.0821765
v 0.111902 1.58671 0.0052107
v 0.218051 1.59774 -0.0178764
v 0.219529 1.59563 -0.0290517
v 0.234966 1.60849 -0.0708373
v 0.20033 1.60916 -0.102338
v 0.173389 1.60726 -0.109914
v 0.148713 1.60883 -0.106483
v 0.111679 1.60812 -0.103157
v 0.0846416 1.60723 -0.056484
v 0.0856605 1.6053 -0.0315836
v 0.145387 1.5833 0.038921
v 0.163935 1.5878 0.0496605
v 0.175689 1.59261 0.04881
v 0.230789 1.61062 -0.0479667
v 0.236641 1.60927 -0.0442257
v 0.177154 1.60903 -0.101378
v 0.102491 1.6094 -0.0961394
v 0.0903936 1.60921 -0.0782624
v 0.0885989 1.60162 -0.0208882
v 0.10019 1.59762 -0.0250378
v 0.177573 1.60965 -0.0861999
v 0.213619 1.6119 -0.0937701
v 0.171337 1.60613 0.0539284
v 0.215698 1.60691 -0.036771
v 0.171766 1.61072 -0.0822279
v 0.151167 1.60687 -0.0876877
v 0.102428 1.60437 -0.0363463
v 0.105829 1.6018 -0.0211104
v 0.107138 1.60177 -0.0134939
v 0.187088 1.59061 0.036788
v 0.230878 1.6188 -0.068841
v 0.218925 1.61535 -0.082039
v 0.161533 1.60619 -0.0875383
v 0.141395 1.60946 -0.0815593
v 0.119169 1.60976 -0.0676306
v 0.109544 1.59818 0.00588726
v 0.126068 1.59412 0.0279327
v 0.208263 1.59498 0.0146078
v 0.217027 1.601 -0.00200025
v 0.108789 1.6087 -0.0433696
v 0.162577 1.60672 0.0545942
v 0.212163 1.61892 0.0159388
v 0.215058 1.61235 -0.0419788
v 0.185496 1.61374 -0.0725608
v 0.13246 1.61234 0.035432
v 0.192004 1.61047 0.0398544
v 0.220412 1.61917 -0.024489
v 0.201764 1.61618 -0.0567136
v 0.134979 1.61403 -0.0750522
v 0.117905 1.61144 -0.0612542
v 0.117863 1.61001 0.0237451
v 0.146692 1.6014 0.0454057
v 0.175092 1.62223 -0.071963
v 0.170712 1.61066 0.0606586
v 0.183394 1.60927 0.0492006
v 0.203392 1.60755 0.0245178
v 0.152609 1.61851 -0.0780259
v 0.157114 1.61146 0.059799
v 0.1765 1.61433 0.0913366
v 0.103828 1.61589 -0.00958839
v 0.152501 1.60843 0.0521116
v 0.202667 1.62395 -0.0509688
v 0.133593 1.62427 -0.0699518
v 0.12192 1.62112 0.0303208
v 0.148503 1.61521 0.0599977
v 0.145772 1.61559 0.0806721
v 0.191887 1.61851 0.082089
v 0.194814 1.61984 0.0440755
v 0.212318 1.6181 -0.0418478
v 0.220288 1.60847 -0.0130091
v 0.165023 1.62239 -0.0744864
v 0.151 1.62559 -0.0742448
v 0.122986 1.62305 -0.0630694
v 0.146728 1.61385 0.0515056
v 0.181655 1.61793 0.0965195
v 0.201024 1.62439 0.071201
v 0.208994 1.62627 0.0231673
v 0.146195 1.62084 0.0934785
v 0.168707 1.6204 0.102278
v 0.196829 1.62308 0.0514297
v 0.220885 1.62314 0.00169185
v 0.186323 1.62413 -0.0652927
v 0.104021 1.62214 -0.020079
v 0.190787 1.62325 0.092017
v 0.1996 1.62646 0.0792623
v 0.142973 1.63563 -0.0701777
v 0.125279 1.62549 0.0381515
v 0.218867 1.62358 0.00695641
v 0.196469 1.63151 -0.0543221
v 0.114369 1.62214 -0.0527025
v 0.129445 1.62992 0.0807665
v 0.15799 1.62664 0.104025
v 0.171758 1.64143 -0.065318
v 0.132806 1.62407 0.0493673
v 0.184278 1.62703 0.100394
v 0.208271 1.63136 0.0313071
v 0.213994 1.63186 -0.0369506
v 0.13164 1.62524 0.0730903
v 0.220799 1.63597 0.00752771
v 0.10698 1.62416 -0.0326879
v 0.108836 1.61811 0.0144329
v 0.219958 1.62965 -0.026265
v 0.180901 1.6423 -0.0613777
v 0.161978 1.64308 -0.0673954
v 0.115073 1.64493 -0.0537342
v 0.10311 1.6262 0.00330771
v 0.17322 1.63145 0.103606
v 0.10571 1.63915 -0.0311429
v 0.100467 1.63526 -0.00582236
v 0.118651 1.63799 0.0726608
v 0.161011 1.63968 0.102751
v 0.214463 1.63725 0.0334172
v 0.128659 1.64281 -0.0654259
v 0.110066 1.63116 0.0213638
v 0.113111 1.63402 0.0298611
v 0.112562 1.6355 0.0345914
v 0.140386 1.63072 0.0927281
v 0.192505 1.6403 0.0905778
v 0.21528 1.63688 0.0528266
v 0.142545 1.64721 -0.0677142
v 0.120314 1.64009 -0.0598609
v 0.180089 1.64338 0.0996902
v 0.1991 1.63311 0.0835546
v 0.220531 1.64345 0.0233409
v 0.210629 1.64856 -0.037309
v 0.100679 1.63985 -0.0138858
v 0.111929 1.63819 0.0553448
v 0.115486 1.64931 0.0774968
v 0.219093 1.63982 0.0144944
v 0.217849 1.64821 -0.0295203
v 0.191276 1.64576 -0.0548178
v 0.191291 1.6571 -0.073296
v 0.102329 1.64567 0.0257028
v 0.217634 1.64133 0.0576924
v 0.224588 1.63596 -0.00940005
v 0.102021 1.64004 0.0104131
v 0.200154 1.65181 0.0845133
v 0.159733 1.65345 -0.0773901
v 0.171174 1.6486 0.103415
v 0.226062 1.64819 0.0422132
v 0.224053 1.65 0.0116766
v 0.22581 1.64985 -0.00214208
v 0.174881 1.65164 -0.0799634
v 0.153624 1.65387 -0.0673816
v 0.103168 1.64828 -0.0278159
v 0.105758 1.64518 0.0561191
v 0.147831 1.66084 0.0993524
v 0.147687 1.64158 0.0983233
v 0.226179 1.65348 0.0508633
v 0.193855 1.65601 -0.0508001
v 0.189674 1.65264 -0.0570118
v 0.124094 1.65473 0.0877879
v 0.133888 1.65273 0.0931219
v 0.0979548 1.6489 0.00383497
v 0.101237 1.6498 0.0447045
v 0.107486 1.65054 0.0670217
v 0.209777 1.64125 0.0720811
v 0.148105 1.66151 -0.0800289
v 0.145686 1.65709 -0.067274
v 0.158693 1.6562 0.105711
v 0.180504 1.65735 0.101847
v 0.229027 1.6621 0.00183641
v 0.120808 1.65463 -0.0623735
v 0.0962492 1.65752 0.0244062
v 0.168202 1.65828 0.107763
v 0.187675 1.6587 -0.0795507
v 0.103011 1.65641 -0.0333213
v 0.0972074 1.6604 0.0442598
v 0.158055 1.66455 0.104954
v 0.220229 1.66189 0.0652259
v 0.231169 1.65925 0.0401216
v 0.224432 1.64856 -0.0186652
v 0.191738 1.66909 -0.0545181
v 0.12986 1.65954 -0.0666682
v 0.167527 1.66467 0.106238
v 0.178119 1.66618 0.102159
v 0.110153 1.66577 0.0772768
v 0.131357 1.66233 0.0938444
v 0.108963 1.66238 -0.0522231
v 0.0965675 1.65608 -0.0116934
v 0.139354 1.6665 0.0984181
v 0.172827 1.66868 -0.0836794
v 0.230562 1.65665 0.0290486
v 0.235724 1.67696 0.0122826
v 0.223618 1.67438 -0.0293016
v 0.217282 1.66333 -0.0328226
v 0.158608 1.66725 -0.0839099
v 0.149554 1.67648 -0.0798695
v 0.148095 1.66396 -0.0681475
v 0.0958994 1.66391 -0.0234689
v 0.10101 1.65801 0.0591405
v 0.183017 1.67131 0.101663
v 0.232609 1.67204 0.0448091
v 0.197734 1.66897 -0.0484745
v 0.14736 1.67067 -0.0714272
v 0.0930577 1.66893 0.0232257
v 0.100989 1.67292 0.0638315
v 0.157503 1.67315 0.107609
v 0.204923 1.66063 0.0823994
v 0.154978 1.6765 -0.0843798
v 0.133324 1.66921 -0.0687208
v 0.0887535 1.67103 0.00832318
v 0.176026 1.67338 0.105755
v 0.198538 1.67139 0.089629
v 0.194258 1.6699 -0.0750916
v 0.0889938 1.67334 0.0186449
v 0.187709 1.67662 0.0981114
v 0.231996 1.67568 -0.0053286
v 0.176377 1.68191 -0.0864636
v 0.163143 1.67619 -0.0880118
v 0.0886776 1.68011 -0.0078877
v 0.160158 1.683 0.104473
v 0.172933 1.68367 0.104128
v 0.189796 1.68661 -0.0699797
v 0.183079 1.67708 -0.0809285
v 0.140031 1.68209 -0.0717936
v 0.0767452 1.67518 0.00957624
v 0.0956592 1.67452 0.0463999
v 0.238079 1.68152 -0.00183384
v 0.188053 1.68323 -0.077111
v 0.117233 1.66344 -0.0639406
v 0.0993827 1.68118 -0.0562537
v 0.0744533 1.68296 -0.008131
v 0.238768 1.68318 0.00865038
v 0.228156 1.67459 -0.0204543
v 0.219238 1.67858 -0.0361078
v 0.198316 1.68326 -0.053421
v 0.0939064 1.69371 0.0423252
v 0.122562 1.68165 0.0910393
v 0.153305 1.68888 0.0997394
v 0.228092 1.67064 0.0550915
v 0.109387 1.68372 -0.0685809
v 0.090565 1.67842 0.0228762
v 0.107131 1.67686 0.0752249
v 0.168021 1.68668 0.108341
v 0.235213 1.67335 0.0303081
v 0.234906 1.68952 -0.0145451
v 0.178185 1.68935 -0.0908764
v 0.151832 1.68691 -0.0953694
v 0.113135 1.70688 0.0862553
v 0.137071 1.67701 0.096673
v 0.239443 1.69299 -0.0146485
v 0.158287 1.68716 -0.0956439
v 0.132797 1.69168 -0.0735664
v 0.0893214 1.68424 -0.0366931
v 0.0734436 1.68978 0.00042991
v 0.0861368 1.69521 0.0153148
v 0.145633 1.69243 0.0965415
v 0.167552 1.69338 0.122612
v 0.181222 1.69098 0.0999049
v 0.216021 1.68171 0.0725846
v 0.238869 1.69606 0.0232591
v 0.253306 1.68695 -0.00828168
v 0.158532 1.69788 -0.100557
v 0.19958 1.68527 0.0867026
v 0.184135 1.6936 -0.0978326
v 0.149936 1.68416 -0.0842897
v 0.0860486 1.68821 -0.0271559
v 0.232337 1.69984 -0.0370594
v 0.193671 1.69995 -0.0953204
v 0.182953 1.69656 -0.103219
v 0.149805 1.69545 0.0996184
v 0.184443 1.69918 0.0958747
v 0.226916 1.69522 -0.0404885
v 0.194966 1.69779 -0.0621388
v 0.241804 1.70206 -0.0241841
v 0.208813 1.6974 -0.0559173
v 0.103705 1.70865 -0.0744785
v 0.131881 1.69365 0.09482
v 0.155423 1.69853 0.117815
v 0.186673 1.68976 0.0925052
v 0.139231 1.69559 -0.0788467
v 0.113588 1.69393 -0.0737657
v 0.0820663 1.69449 -0.0217177
v 0.0985376 1.71034 0.0593115
v 0.121438 1.70656 0.091152
v 0.14602 1.70258 0.0957867
v 0.180709 1.69929 0.113264
v 0.241942 1.69974 0.00191713
v 0.248846 1.6968 -0.00641332
v 0.102241 1.68565 -0.0638522
v 0.0687309 1.69565 -0.0148274
v 0.0710086 1.70139 -0.0128467
v 0.21026 1.68959 0.0787308
v 0.228602 1.7063 0.0590633
v 0.237389 1.70246 -0.0285706
v 0.17762 1.70171 -0.101369
v 0.142283 1.69332 -0.0926031
v 0.0824734 1.70314 -0.00713742
v 0.1642 1.70368 0.124647
v 0.174754 1.70073 0.122037
v 0.176614 1.71296 0.106448
v 0.206724 1.70754 0.079725
v 0.254473 1.70576 -0.0233832
v 0.149759 1.70117 -0.0965548
v 0.112214 1.70777 -0.0775901
v 0.0861521 1.69744 -0.043791
v 0.0697618 1.6976 -0.0202411
v 0.105768 1.70485 0.0760491
v 0.1569 1.70889 0.113573
v 0.18894 1.70785 0.0883588
v 0.222132 1.71208 0.0693044
v 0.224105 1.70192 0.0657616
v 0.22397 1.70513 -0.0493074
v 0.197197 1.70584 -0.0645789
v 0.168857 1.70807 -0.105079
v 0.149418 1.7099 -0.100746
v 0.254279 1.70246 -0.0260037
v 0.175402 1.70769 -0.104819
v 0.137098 1.71173 -0.0884828
v 0.0814503 1.70786 -0.0347287
v 0.159548 1.71819 0.112061
v 0.132325 1.70815 -0.0811404
v 0.0683957 1.7102 -0.0187195
v 0.15282 1.71351 0.0999977
v 0.24273 1.70643 -0.0161687
v 0.254934 1.71717 -0.0332099
v 0.210685 1.71023 -0.0602886
v 0.182528 1.70813 -0.0929447
v 0.125602 1.70932 -0.0791986
v 0.241861 1.7111 0.00477496
v 0.242844 1.71405 -0.0189513
v 0.084352 1.70874 -0.0476367
v 0.0844633 1.71235 0.00634178
v 0.169375 1.71603 0.114895
v 0.216852 1.71352 0.073419
v 0.252279 1.71847 -0.0238032
v 0.243549 1.71409 -0.0320815
v 0.201403 1.71324 -0.0845418
v 0.193251 1.71294 -0.0902763
v 0.181348 1.71593 0.094793
v 0.197384 1.71718 0.0812016
v 0.233703 1.70668 0.0458269
v 0.229108 1.71573 -0.0501909
v 0.0953548 1.70951 -0.0674477
v 0.0766018 1.71775 -0.00630875
v 0.103079 1.72177 0.0692353
v 0.116079 1.72637 0.0799137
v 0.221205 1.72873 -0.0606816
v 0.201557 1.71763 -0.0700947
v 0.189817 1.72033 -0.0909819
v 0.0892084 1.70668 0.0276877
v 0.0914186 1.72708 0.0437751
v 0.125927 1.71613 0.0892698
v 0.128003 1.72749 0.0900001
v 0.148073 1.7228 0.0918829
v 0.183119 1.72456 0.0859756
v 0.210539 1.72246 0.0743121
v 0.245692 1.72516 -0.0153483
v 0.240538 1.72179 -0.000385444
v 0.180219 1.71739 -0.104787
v 0.168659 1.71702 -0.108171
v 0.155083 1.71742 -0.100382
v 0.0880093 1.72346 -0.0692357
v 0.0862193 1.72459 0.0153507
v 0.170091 1.73131 0.106347
v 0.229844 1.72736 0.050765
v 0.15774 1.72501 -0.106215
v 0.128897 1.71825 -0.081986
v 0.239111 1.71522 0.0250094
v 0.258069 1.72671 -0.0376324
v 0.197726 1.72237 -0.0852505
v 0.137152 1.72278 -0.088898
v 0.217131 1.73115 0.0644741
v 0.242989 1.73324 -0.0050487
v 0.240755 1.72896 -0.0347334
v 0.199983 1.72528 -0.0699939
v 0.171044 1.72508 -0.110602
v 0.0755851 1.72728 -0.0010767
v 0.10236 1.73149 0.0689861
v 0.123574 1.73359 0.0871553
v 0.137648 1.7279 -0.0919802
v 0.0959203 1.72479 -0.0798306
v 0.0680105 1.72593 -0.0210193
v 0.161747 1.73498 0.102802
v 0.175882 1.73083 0.0913158
v 0.181001 1.73678 0.0826215
v 0.235212 1.74189 0.0285096
v 0.233831 1.72484 -0.0480454
v 0.180332 1.72539 -0.0939267
v 0.074486 1.73515 -0.0203898
v 0.107801 1.74086 0.0810594
v 0.13105 1.73615 0.0894962
v 0.200084 1.73235 0.0800892
v 0.238282 1.73396 0.00617438
v 0.248734 1.73112 -0.0218586
v 0.258987 1.73955 -0.0298081
v 0.255235 1.73322 -0.0352712
v 0.20975 1.73411 -0.0696516
v 0.203703 1.73308 -0.0843987
v 0.182109 1.7314 -0.0950877
v 0.0775174 1.73398 -0.000196718
v 0.233 1.7352 0.0395452
v 0.254008 1.74064 -0.0207156
v 0.198166 1.72887 -0.0885796
v 0.148076 1.72861 -0.100129
v 0.124503 1.73204 -0.0835911
v 0.0890038 1.74583 0.0418042
v 0.150472 1.73524 0.0886411
v 0.15815 1.73969 0.100707
v 0.174904 1.74079 0.0958337
v 0.23843 1.74387 -0.0457397
v 0.178605 1.7298 -0.108754
v 0.0816087 1.72278 -0.0568833
v 0.167382 1.74092 0.100999
v 0.203573 1.73857 0.0772867
v 0.21773 1.73889 0.0658529
v 0.226642 1.73772 0.0536019
v 0.242348 1.74148 -0.0293294
v 0.127252 1.74505 -0.0876586
v 0.124229 1.74606 0.0970256
v 0.149845 1.74694 0.103779
v 0.20133 1.74869 0.0880852
v 0.101283 1.7305 -0.083958
v 0.0966368 1.73828 0.0609649
v 0.221851 1.74913 0.0677037
v 0.243219 1.74668 -0.0241125
v 0.242747 1.74984 -0.0102551
v 0.232516 1.73794 -0.055836
v 0.161087 1.74288 -0.111203
v 0.151276 1.73683 -0.100212
v 0.140282 1.73595 -0.0932354
v 0.118714 1.74354 -0.0831968
v 0.0757731 1.73761 -0.0431284
v 0.0828546 1.74081 0.0157949
v 0.245214 1.74627 -0.0157649
v 0.209 1.74224 -0.0733564
v 0.17505 1.74098 -0.0920701
v 0.165067 1.74158 -0.111373
v 0.072887 1.74294 -0.0229661
v 0.136052 1.74647 0.100489
v 0.188163 1.75137 0.0974827
v 0.211413 1.75049 0.0829684
v 0.230234 1.7529 0.0458039
v 0.204418 1.74063 -0.0834544
v 0.199406 1.73781 -0.0873036
v 0.154006 1.7534 0.105733
v 0.231565 1.75343 -0.0568072
v 0.168891 1.74222 -0.105759
v 0.237202 1.7559 0.0229374
v 0.208125 1.75063 -0.0741173
v 0.150566 1.74431 -0.0947089
v 0.100404 1.74607 -0.0827396
v 0.0823458 1.75381 0.0263986
v 0.0917934 1.75298 0.0531693
v 0.098382 1.75345 0.0663586
v 0.22047 1.75153 -0.0670867
v 0.176298 1.74995 -0.0925225
v 0.0744736 1.7662 -0.054128
v 0.114573 1.7468 0.09142
v 0.215959 1.75414 0.0777609
v 0.161722 1.74837 -0.112715
v 0.0896065 1.74198 -0.0784439
v 0.178703 1.75347 0.101756
v 0.200731 1.75404 -0.0865871
v 0.168547 1.74838 -0.109605
v 0.151774 1.76126 0.104271
v 0.226016 1.75852 0.0549828
v 0.168229 1.75601 -0.102632
v 0.14613 1.75082 -0.0933661
v 0.0744104 1.74544 -0.00590793
v 0.182856 1.76318 0.0996145
v 0.217618 1.76352 0.0668827
v 0.24352 1.76028 -0.0106855
v 0.242802 1.7557 -0.0365316
v 0.133763 1.77254 0.0930109
v 0.204831 1.76159 -0.0744472
v 0.200399 1.75921 -0.089071
v 0.176107 1.7552 -0.0917642
v 0.154717 1.75489 -0.110149
v 0.127749 1.76151 -0.0863868
v 0.11739 1.75845 -0.0818309
v 0.142601 1.76002 0.103325
v 0.192315 1.76102 0.095643
v 0.198717 1.76507 0.0881031
v 0.200639 1.76398 -0.0895002
v 0.0946298 1.76137 -0.0793453
v 0.0703066 1.77119 -0.0281452
v 0.0869829 1.76648 0.0480445
v 0.106886 1.75538 0.0769257
v 0.238364 1.77736 0.0288467
v 0.206745 1.76773 -0.0870939
v 0.160657 1.76325 -0.106786
v 0.0699463 1.77851 -0.012889
v 0.237207 1.77744 -0.0492817
v 0.211393 1.76932 -0.071454
v 0.19275 1.76866 -0.0942096
v 0.153529 1.7629 -0.110742
v 0.146776 1.76048 -0.0962241
v 0.0828422 1.76539 -0.0691235
v 0.0909532 1.77215 0.056177
v 0.120335 1.76387 0.0858873
v 0.176683 1.77523 0.0933739
v 0.228734 1.7753 -0.060708
v 0.173977 1.76132 -0.0955339
v 0.127842 1.76842 -0.087925
v 0.113823 1.77379 -0.0776283
v 0.0777126 1.76967 0.0249652
v 0.102391 1.7781 0.0682554
v 0.195511 1.77481 0.0863064
v 0.206894 1.76976 0.0771541
v 0.150049 1.76658 -0.0940929
v 0.0855814 1.78799 0.0453333
v 0.168888 1.77195 -0.10279
v 0.124874 1.77753 -0.0830702
v 0.146052 1.77396 0.0955989
v 0.157112 1.77287 0.0968497
v 0.231433 1.78174 0.0430904
v 0.242443 1.77549 0.0145117
v 0.246087 1.77696 -0.0207143
v 0.243608 1.78153 -0.0337286
v 0.20353 1.7783 -0.0846993
v 0.150374 1.77552 -0.0970618
v 0.214808 1.78662 0.0646835
v 0.0835524 1.7941 -0.0586458
v 0.151673 1.78961 0.089425
v 0.245636 1.78083 -0.00913141
v 0.175519 1.77863 -0.0942979
v 0.165323 1.77897 -0.105998
v 0.155782 1.77099 -0.108781
v 0.104817 1.79325 0.0665023
v 0.139259 1.78741 0.0895791
v 0.237472 1.79737 -0.0428116
v 0.208176 1.78274 -0.0694853
v 0.184005 1.77405 -0.094938
v 0.0756479 1.78027 -0.0529206
v 0.0902924 1.80092 0.0457437
v 0.116503 1.7852 0.0802938
v 0.206233 1.78574 0.0741641
v 0.134662 1.77863 -0.0860236
v 0.0992825 1.77814 -0.0740185
v 0.0717042 1.78977 -0.0338955
v 0.174785 1.78996 0.0861546
v 0.241911 1.80241 -0.0266695
v 0.200022 1.78491 -0.090448
v 0.178843 1.78444 -0.0987081
v 0.160288 1.78206 -0.105484
v 0.114084 1.78454 -0.0745043
v 0.100251 1.80091 -0.0664908
v 0.0731167 1.79736 -0.00489932
v 0.0788532 1.78868 0.0326169
v 0.161874 1.78969 0.088104
v 0.187591 1.78624 0.0856872
v 0.195174 1.79103 0.0801567
v 0.237915 1.79119 0.0277673
v 0.138829 1.78328 -0.090587
v 0.090076 1.7932 -0.065388
v 0.222159 1.79613 0.0478878
v 0.20372 1.78442 -0.0746521
v 0.115434 1.79794 -0.0692443
v 0.0741613 1.79131 0.013744
v 0.13005 1.7875 0.0873456
v 0.236231 1.80043 0.022311
v 0.244398 1.79742 -0.0150723
v 0.224259 1.794 -0.0600108
v 0.143073 1.79347 -0.0889375
v 0.122691 1.79154 -0.0801972
v 0.0727235 1.8024 -0.0232154
v 0.11936 1.79335 0.0791268
v 0.128775 1.80567 0.0745259
v 0.139911 1.79597 0.084027
v 0.174465 1.80317 0.0733675
v 0.0820517 1.80357 0.0288397
v 0.104401 1.8048 0.0610457
v 0.228699 1.80013 -0.0514588
v 0.189535 1.78626 -0.094563
v 0.165845 1.78967 -0.103136
v 0.0778635 1.80951 -0.0383784
v 0.200325 1.79475 -0.0672662
v 0.243108 1.80172 -0.00290669
v 0.199886 1.80357 -0.0644053
v 0.152704 1.79256 -0.0993607
v 0.129097 1.79976 -0.0876697
v 0.165463 1.79989 0.0774769
v 0.203012 1.79703 0.0703536
v 0.216547 1.80014 -0.0603901
v 0.197959 1.79622 -0.081291
v 0.1932 1.80426 -0.0808896
v 0.169696 1.79272 -0.0905805
v 0.160407 1.7956 -0.0950785
v 0.145415 1.80474 0.0754431
v 0.209251 1.80121 0.060777
v 0.226157 1.80893 -0.0513605
v 0.106858 1.81012 -0.0632567
v 0.0925574 1.80932 -0.0586881
v 0.0843429 1.8154 0.0118312
v 0.183016 1.80664 0.0683323
v 0.185541 1.80209 -0.084948
v 0.0796222 1.81872 -0.0238132
v 0.0756425 1.81122 -0.00920113
v 0.10746 1.81483 0.0556373
v 0.147741 1.80722 0.0766854
v 0.178086 1.80227 0.0945206
v 0.219998 1.80772 0.0399605
v 0.234726 1.8138 -0.0325585
v 0.208445 1.81064 -0.0579539
v 0.143433 1.79881 -0.0993993
v 0.23824 1.81359 -0.0162506
v 0.118027 1.8049 -0.0770886
v 0.112661 1.8091 -0.0673196
v 0.118853 1.80798 0.0696493
v 0.18327 1.80953 0.0943593
v 0.20782 1.80932 0.0526066
v 0.196116 1.80852 -0.0757023
v 0.16363 1.8027 -0.0924487
v 0.0878771 1.819 -0.046217
v 0.0827866 1.8208 -0.00726297
v 0.144665 1.80809 0.0920098
v 0.182752 1.80688 0.0770714
v 0.233826 1.81134 0.00881286
v 0.135488 1.80696 -0.0980539
v 0.125268 1.80535 -0.089899
v 0.140447 1.81233 0.0691147
v 0.222251 1.81542 0.0233465
v 0.207959 1.81682 -0.0535134
v 0.130973 1.81327 -0.0885371
v 0.123915 1.82089 0.0587593
v 0.187047 1.81267 0.0606187
v 0.196088 1.81243 0.0577195
v 0.203122 1.81805 0.0435682
v 0.222901 1.82 0.00324206
v 0.226907 1.82399 -0.0229455
v 0.223258 1.82142 -0.0374743
v 0.18314 1.81267 -0.0817173
v 0.0997373 1.82163 0.0400704
v 0.140305 1.81961 0.0621384
v 0.155731 1.81375 0.0981526
v 0.172793 1.81127 0.0940781
v 0.146891 1.81416 0.0963624
v 0.11724 1.8148 -0.0772027
v 0.104457 1.82061 -0.0558355
v 0.0938351 1.825 -0.0455419
v 0.0915083 1.82891 -0.00918729
v 0.0931795 1.82692 0.00913134
v 0.138327 1.81546 0.0781197
v 0.184435 1.81406 0.0678361
v 0.184127 1.81826 0.0551526
v 0.230606 1.82199 -0.0100289
v 0.200558 1.81541 -0.0625232
v 0.131202 1.81985 -0.0754745
v 0.123625 1.82229 -0.0711487
v 0.103184 1.83025 0.0221514
v 0.137589 1.82011 0.0733578
v 0.178659 1.82209 0.0694743
v 0.212601 1.82383 0.016124
v 0.192608 1.81711 -0.0725017
v 0.154038 1.81265 -0.089611
v 0.11464 1.82652 -0.0527274
v 0.100672 1.83385 0.00571466
v 0.114747 1.8251 0.0485803
v 0.125572 1.82908 0.0444867
v 0.141861 1.81606 -0.0860001
v 0.182484 1.82111 0.0614331
v 0.120671 1.83223 0.0316113
v 0.151434 1.81992 0.0948232
v 0.175366 1.81937 0.0887038
v 0.204934 1.8249 -0.0437177
v 0.139244 1.82985 -0.0775766
v 0.112864 1.81794 -0.0637562
v 0.0992004 1.83419 -0.0274155
v 0.1873 1.82143 0.0469537
v 0.195224 1.82924 0.0296107
v 0.201838 1.82625 0.0268753
v 0.114504 1.83453 -0.0355112
v 0.136608 1.82684 0.0712491
v 0.148395 1.82046 0.0835844
v 0.145484 1.82785 0.0753809
v 0.209968 1.83038 -0.0106661
v 0.167616 1.81653 -0.087781
v 0.14797 1.82468 -0.085243
v 0.189496 1.82438 0.0576232
v 0.217166 1.82655 0.00104299
v 0.196538 1.82704 -0.0556857
v 0.181104 1.81785 -0.0848823
v 0.166655 1.82875 -0.0824397
v 0.124608 1.83268 -0.0630123
v 0.116692 1.83703 -0.0200231
v 0.16141 1.82347 0.0950248
v 0.168838 1.8288 0.0847152
v 0.172779 1.83296 0.0709589
v 0.187635 1.82958 0.0610015
v 0.197487 1.83294 0.00166384
v 0.202653 1.83017 -0.0325464
v 0.191633 1.83373 -0.0512378
v 0.200525 1.83253 -0.0173201
v 0.187338 1.82902 -0.0629813
v 0.123795 1.83549 -0.0465954
v 0.190465 1.82836 0.0444164
v 0.19521 1.83212 0.0152873
v 0.140485 1.83662 -0.0604444
v 0.128153 1.83983 -0.0295013
v 0.117527 1.83733 0.0102474
v 0.136547 1.83505 0.0590331
v 0.183204 1.83492 0.0552845
v 0.125821 1.84166 6.63138e-005
v 0.138538 1.84057 0.067577
v 0.188444 1.83488 0.0364211
v 0.15273 1.83841 -0.0691178
v 0.132678 1.83808 0.0360263
v 0.151582 1.82866 0.0888723
v 0.181223 1.83787 0.048511
v 0.190086 1.83737 0.015075
v 0.191993 1.8351 -0.0350772
v 0.147689 1.83731 0.0761278
v 0.167686 1.83645 0.0779458
v 0.171578 1.84165 0.0728148
v 0.1784 1.8394 -0.0418419
v 0.184444 1.83711 -0.0577224
v 0.16073 1.83591 -0.0764068
v 0.138079 1.83914 -0.0424131
v 0.129054 1.84228 -0.0187477
v 0.131035 1.8461 0.0239306
v 0.141011 1.83975 0.0492382
v 0.137353 1.84198 0.0584011
v 0.160334 1.83726 0.0793134
v 0.180437 1.84102 -0.0231786
v 0.176303 1.84304 -0.0614319
v 0.16894 1.83616 -0.0717058
v 0.141451 1.84366 0.0325448
v 0.180025 1.84147 0.0590757
v 0.176795 1.84002 0.0336092
v 0.185803 1.84029 0.0154179
v 0.193447 1.83709 -0.0126662
v 0.173911 1.84435 -0.0102211
v 0.136825 1.84901 0.0229376
v 0.180251 1.84331 0.0466585
v 0.148593 1.84303 -0.0542156
v 0.137778 1.84442 -0.00168203
v 0.144719 1.84605 0.0509212
v 0.146829 1.84424 0.0653647
v 0.177693 1.84943 0.0566773
v 0.169028 1.84644 -0.027848
v 0.172314 1.84803 -0.000893284
v 0.143578 1.84639 -0.0420105
v 0.144628 1.84969 0.0335755
v 0.15929 1.84991 0.0661272
v 0.185756 1.8451 0.040714
v 0.187417 1.84718 0.0255254
v 0.184427 1.84726 0.0165976
v 0.176533 1.84347 0.00977354
v 0.163353 1.84494 -0.0617763
v 0.139421 1.84598 -0.030675
v 0.138948 1.84614 -0.021551
v 0.139649 1.84922 -0.00323934
v 0.139968 1.85146 0.0147218
v 0.181985 1.8515 0.0347338
v 0.151401 1.85215 -0.0437641
v 0.149295 1.84851 0.0617744
v 0.166588 1.84691 0.0700923
v 0.173073 1.85366 0.0457701
v 0.167817 1.84985 -0.0370775
v 0.151554 1.85342 0.0365789
v 0.176145 1.85122 -0.0520236
v 0.141025 1.85237 -0.0157619
v 0.168939 1.8555 -0.0365314
v 0.150229 1.85483 -0.0319094
v 0.171759 1.85762 0.0303174
v 0.166828 1.85316 -0.0120785
v 0.160284 1.85689 -0.0469594
v 0.151316 1.86055 0.0229074
v 0.154786 1.85772 0.0329737
v 0.166803 1.8582 0.051629
v 0.171088 1.86095 0.0477751
v 0.178974 1.85353 0.0122499
v 0.172703 1.85778 -9.38273e-005
v 0.16251 1.85959 0.044072
v 0.14796 1.86058 -0.0406331
v 0.145159 1.86041 0.00845225
v 0.164672 1.86009 0.032663
v 0.165922 1.86039 -0.0125178
v 0.166905 1.85794 -0.0405003
v 0.158011 1.86355 0.00714925
v 0.164493 1.86561 0.000728636
v 0.157683 1.86469 -0.028929
v 0.158641 1.8636 -0.0197373
v 0.224097 1.5996 -0.0431917
v 0.015429 1.54299 0.547559
v 0.392237 0.63403 -0.163409
v 0.204169 1.54514 0.0330552
v 0.178416 1.64632 -0.0756904
v 0.29493 1.60312 -0.0117117
v 0.374355 0.922887 -0.15225
v 0.33767 0.0707886 -0.0617131
v 0.307444 0.195451 -0.0792771
v 0.341692 0.272557 -0.0641194
v 0.341444 0.0990389 -0.156948
v -0.037073 1.00038 -0.174759
v -0.0676933 1.48966 0.0461025
v -0.0594308 1.46364 0.0619585
v -0.0520983 0.740823 -0.101087
v 0.327802 0.31343 -0.0640106
v 0.328249 0.0742119 -0.0689719
v 0.314032 1.21384 0.0214105
v 0.332512 0.146132 -0.0385639
v 0.351427 0.150294 -0.170184
v 0.389204 0.115286 -0.149204
v 0.37378 1.45606 0.0838529
v 0.374704 0.895493 -0.180735
v -0.0329403 0.58379 0.00653956
v 0.331494 0.0953395 -0.145203
v 0.00919427 1.33288 -0.0296057
v 0.0932563 1.66566 0.0127259
v 0.037745 1.57784 0.0101283
v 0.381363 1.51289 -0.0400264
v 0.351496 0.0870852 -0.00546945
v 0.306098 0.9546 0.00231637
v 0.238174 1.71522 -0.0373278
v -0.0583843 0.907778 -0.140857
v -0.0346853 0.569092 0.00773296
v 0.411099 0.487512 -0.129608
v 0.341578 1.43956 -0.0644591
v 0.210591 1.15627 -0.203066
v 0.232693 1.16265 -0.19823
v 0.0184419 0.161212 -0.0404695
v 0.3406 0.934473 -0.198128
v 0.258713 1.60018 -0.0410829
v 0.0697259 0.960447 0.0226849
v 0.37874 0.90326 -0.155023
v 0.0600097 0.167002 -0.10601
v 0.0603979 0.16993 -0.131955
v 0.377659 1.45913 0.0671331
v 0.379414 1.47244 0.0522032
v 0.0170401 0.138159 -0.140009
v -0.0031105 0.141248 -0.157825
v -0.0409288 1.45422 -0.0626399
v 0.303308 1.09309 -0.19669
v 0.342117 0.133777 -0.101202
v 0.0272312 1.43258 0.113907
v 0.305595 1.33519 0.0574761
v 0.207229 1.76723 -0.0754462
v 0.16568 1.12943 -0.21072
v 0.174993 1.14086 -0.215408
v 0.152645 1.13411 -0.218251
v 0.193089 1.67887 -0.0592073
v 0.323318 0.711574 -0.238145
v 0.328647 0.716054 -0.218297
v 0.38726 1.50354 0.00716268
v -0.0125467 0.118288 -0.0262287
v 0.00511329 0.12012 -0.00879034
v -0.0320062 0.114872 -0.0190012
v 0.0101479 0.120931 -0.0158487
v 0.179709 1.84325 -0.0521604
v 0.189884 1.84053 -0.0571716
v 0.244754 1.30208 0.0722118
v 0.24441 1.29658 0.0815672
v -0.0346479 1.03076 -0.153013
v 0.176683 1.61335 0.0691295
v 0.165852 1.61302 0.0808914
v 0.159884 1.61635 0.0980069
v 0.186059 1.61677 0.0551709
v 0.153613 1.61345 0.0740761
v -0.00629887 0.123996 -0.0207349
v 0.199678 1.70507 -0.0854038
v 0.192202 1.69374 -0.0831577
v 0.188323 1.69146 -0.062474
v 0.191529 1.69168 -0.0771309
v 0.193746 1.70227 -0.06988
v 0.0336732 0.164848 -0.160745
v 0.0486526 0.167576 -0.172668
v 0.0105523 0.168228 -0.161558
v 0.163664 1.80818 0.0923483
v 0.156269 1.80404 0.0789262
v 0.167682 1.80265 0.0782554
v 0.142428 1.80932 0.0855966
v 0.0226432 1.11601 -0.194297
v 0.0402552 1.13084 -0.186173
v 0.151318 1.52121 0.045478
v 0.147702 1.51059 0.0614574
v 0.13975 1.53009 0.0442953
v 0.154452 1.51071 0.0522397
v 0.315703 1.27839 0.0503737
v 0.314386 0.153571 -0.152806
v 0.318959 0.152991 -0.117532
v 0.322841 0.148635 -0.167131
v 0.100331 0.126567 -0.087573
v 0.0823963 0.118791 -0.0695678
v 0.0960068 0.133978 -0.109687
v 0.0910495 0.133133 -0.12226
v 0.0858916 0.127843 -0.102243
v 0.0771795 0.117626 -0.0721127
v 0.0779981 0.12397 -0.0941729
v 0.0142032 0.179935 -0.0536022
v 0.00216826 0.16744 -0.0391055
v 0.0212064 0.186267 -0.0226261
v -0.00455251 0.15764 -0.0195166
v 0.00399752 0.166112 -0.0133631
v 0.345207 0.143606 -0.0638247
v 0.359653 0.135503 -0.0642427
v 0.315625 0.1511 -0.0908543
v 0.330547 0.145452 -0.0828029
v 0.317622 0.161382 -0.0674724
v 0.314869 0.15898 -0.0785574
v 0.34269 0.891549 -0.204022
v 0.344093 0.875288 -0.206094
v 0.33987 0.877486 -0.223486
v 0.341401 0.915287 -0.205192
v 0.0766661 1.70909 -0.0288143
v 0.0633917 1.71578 -0.0276156
v 0.0762193 1.72297 -0.0335078
v 0.405047 0.0889412 0.0487121
v 0.41865 0.0877883 0.0495212
v 0.400977 0.089406 0.0772986
v 0.415345 0.0896212 0.0703327
v 0.425811 0.0898596 0.0759828
v 0.387685 0.0885333 0.0653834
v 0.444537 0.082395 0.0428391
v 0.437841 0.0883274 0.0663748
v -0.0132295 1.49149 0.636682
v -0.00640689 1.49082 0.656599
v -0.00869084 1.49918 0.653395
v 0.128174 1.83507 0.0476871
v 0.133565 1.82561 0.053411
v 0.116272 1.83612 0.0202016
v 0.135062 1.82924 0.0630207
v 0.0159426 1.51143 0.66658
v 0.0126104 1.51718 0.665448
v -0.0101777 0.0798166 0.110364
v -0.0256614 0.0857052 0.0583391
v -0.0416797 0.0815326 0.0780171
v -0.0176176 0.0839968 0.0865831
v 0.0180983 0.0880758 0.0538595
v 0.000929336 0.087632 0.0653923
v 0.346059 1.02787 -0.170623
v 0.349423 1.05256 -0.171869
v 0.347534 1.0365 -0.182433
v -0.015138 0.519748 -0.00599821
v -0.0237056 0.544189 -0.00989332
v -0.0113625 0.536479 -0.0192192
v -0.00756108 0.508664 -0.00613616
v 0.000209611 0.484834 -0.0042244
v 0.238285 0.956236 0.0219086
v 0.146722 0.963441 0.0125906
v 0.228181 0.95544 0.014232
v 0.087262 0.960442 0.020399
v 0.219769 0.956676 0.0406412
v 0.176023 0.961494 0.027195
v 0.152037 0.962972 0.0355285
v 0.116128 0.962829 0.0251988
v 0.206573 0.956509 0.0302275
v 0.232127 0.956565 0.0452594
v -0.0281477 1.39103 -0.062406
v -0.00866691 1.37229 -0.0360595
v 0.00327798 1.34771 -0.0286078
v -0.0384597 1.43372 -0.0671947
v -0.0308363 1.40399 -0.0612191
v -0.0049678 1.33855 -0.0469817
v -0.0218039 1.41345 -0.0390218
v -0.019617 1.35755 -0.0611474
v -0.0148016 1.34128 -0.060018
v 0.146517 1.85965 -0.00321538
v 0.157836 1.86557 -0.00887219
v 0.166605 1.86277 0.0152491
v 0.325854 1.16834 -0.0272276
v 0.321109 1.2007 0.00238693
v 0.324176 1.16077 -0.0384229
v 0.317049 1.13725 -0.0862068
v 0.324744 1.18099 -0.0094611
v 0.317657 1.13479 -0.103142
v 0.327048 1.15113 -0.0948124
v 0.327497 1.16824 -0.064871
v 0.326864 1.18608 -0.0300206
v 0.291962 1.43978 0.0858366
v 0.307339 1.41251 0.0797818
v 0.281067 1.45795 0.0878143
v 0.296078 1.43195 0.0872817
v 0.294943 1.43958 0.12026
v 0.281014 1.45254 0.109486
v 0.305198 1.41868 0.0835401
v 0.29006 1.44339 0.0813859
v 0.30138 1.42718 0.0995962
v 0.30079 1.42514 0.079987
v -0.0426479 0.660724 -0.0533483
v -0.0282754 0.61318 -0.045032
v -0.0253376 0.595293 -0.0414221
v 0.269499 1.26546 0.0675145
v 0.284937 1.2435 0.0584399
v 0.269287 1.25916 0.0734637
v 0.275631 1.25661 0.0600828
v 0.251938 1.29135 0.0674857
v 0.294846 1.23584 0.0444524
v 0.337312 1.40329 0.0758462
v 0.314068 1.42525 0.125838
v 0.308936 1.42697 0.111989
v 0.336002 1.38874 0.0571568
v 0.338302 1.41284 0.0960179
v 0.339716 1.44706 0.179437
v 0.322452 1.40638 0.0869057
v 0.336936 1.44399 0.164936
v 0.341794 1.39734 0.0401576
v 0.339744 1.42847 0.122485
v 0.3503 1.41859 0.0411285
v 0.339341 1.43823 0.153528
v 0.324309 1.43375 0.149391
v 0.325575 1.41398 0.112598
v 0.321677 1.42732 0.136596
v 0.330233 1.39998 0.0798982
v -0.0102502 1.43197 0.181787
v -0.0379748 1.46501 0.203326
v 0.000228928 1.45909 0.223397
v -0.0254522 1.46207 0.21451
v 0.0258984 1.45393 0.205672
v 0.0140524 1.44231 0.199918
v -0.0370028 1.44051 0.174635
v 0.0144285 1.46382 0.212924
v -0.00662949 1.4386 0.194894
v -0.0114314 1.45226 0.209853
v -0.0479585 1.48838 0.210048
v -0.0435481 1.47458 0.203961
v -0.0139061 1.45953 0.226581
v -0.00543916 1.46177 0.246179
v -0.0502079 1.46268 0.193764
v -0.00986082 1.45715 0.220394
v -0.0406217 1.4554 0.191982
v -0.0227126 1.44727 0.194101
v 0.00374056 1.43906 0.200481
v 0.0112489 1.45398 0.204978
v -0.00613993 1.44668 0.203691
v 0.00419303 1.45654 0.210403
v 0.362382 0.0224362 -0.125183
v 0.417539 0.0408006 -0.0423191
v 0.375485 0.0403867 0.0270693
v 0.359674 0.0116131 -0.153814
v 0.389943 0.0196359 -0.135588
v 0.461062 0.0469304 0.0999918
v 0.394667 0.0503067 0.106002
v 0.418515 0.0438226 0.0464095
v 0.380991 0.0471462 0.0865287
v 0.432669 0.0500477 0.111988
v 0.375513 0.038156 0.00564727
v 0.433898 0.0403853 -0.0034902
v 0.439617 0.0534535 0.124423
v 0.337265 0.0156169 -0.130921
v 0.41724 0.0524269 0.125996
v 0.408825 0.0416983 0.00249418
v 0.406327 0.0462223 0.0704786
v 0.37106 0.0353645 -0.0108202
v 0.393578 0.0429562 -0.0690858
v 0.349558 0.0250823 -0.077721
v 0.451151 0.0393474 0.0109615
v 0.43836 0.0413524 -0.0133845
v 0.353059 0.0223417 -0.116741
v 0.351564 0.0250937 -0.0985408
v 0.37132 0.0429422 0.0510465
v 0.40756 0.0512935 0.119907
v 0.448031 0.0429173 0.0442145
v 0.367061 0.0328475 -0.0356163
v 0.346281 0.014581 -0.142575
v 0.432194 0.0469259 0.0922431
v 0.379783 0.0245006 -0.124043
v 0.37346 0.0340324 -0.101545
v 0.403494 0.0486917 0.0977564
v 0.447031 0.040997 0.000540043
v 0.399975 0.0426583 0.032651
v 0.404011 0.0411408 -0.0660257
v 0.389656 0.0399809 -0.00205179
v 0.373052 0.0449352 0.0717086
v 0.412905 0.0423199 -0.0241707
v 0.39101 0.0443279 0.0521713
v 0.371427 0.0341377 -0.0400145
v 0.458327 0.0450652 0.0853367
v 0.462103 0.0413064 0.0435996
v 0.392223 0.048236 0.0907944
v 0.117259 1.60922 -0.0771112
v 0.210649 1.60938 -0.0705955
v 0.188729 1.61113 -0.0803768
v 0.104038 1.61087 -0.0873716
v 0.211738 1.60586 -0.0551549
v 0.226887 1.6174 -0.0671684
v 0.203173 1.61195 -0.091902
v 0.0940058 1.61056 -0.0703561
v 0.093837 1.60355 -0.0322103
v 0.218671 1.601 -0.0487971
v 0.203851 1.60997 -0.065736
v 0.107674 1.60828 -0.0556373
v 0.0912806 1.60822 -0.0506127
v 0.216575 1.61046 -0.0677905
v 0.201104 1.61062 -0.0765125
v 0.120486 1.6095 -0.0985364
v 0.183946 1.81797 0.0857207
v 0.16478 1.86265 -0.0188017
v -0.0400354 0.0317645 -0.0208232
v 0.00321838 0.0356895 0.014641
v -0.0619888 0.0313681 0.0348982
v -0.0321428 0.0345547 0.058495
v 0.0295288 0.0369846 0.0213867
v -0.0550238 0.0327447 0.0910338
v 0.0543047 0.0478504 -0.136744
v 0.0023154 0.0357562 0.040873
v 0.0166616 0.0440479 -0.12176
v 0.0428458 0.0502462 -0.116161
v 0.0132443 0.0424064 -0.141146
v 0.0360875 0.0365054 0.0501531
v -0.00709812 0.0361023 -0.08743
v -0.00233311 0.0356766 -0.104995
v 0.0320745 0.0441235 -0.0930587
v 0.00314113 0.0376202 -0.120493
v 0.0117292 0.0401045 -0.0824402
v 0.0176915 0.0422544 -0.098606
v 0.0325312 0.0505629 -0.12333
v -0.030744 0.0350168 -0.0517095
v -0.0613306 0.0308753 0.0209067
v 0.0348168 0.0367012 -0.0524176
v 0.000972735 0.0340937 0.109446
v 0.0181702 0.0376581 -0.0585635
v 0.0174686 0.0355505 0.101087
v 0.0291339 0.035101 -0.00919601
v 0.0662235 0.0452764 -0.149926
v 0.0647316 0.0407881 -0.0905276
v 0.0520853 0.0468363 -0.105973
v 0.0544651 0.0421662 -0.082567
v -0.0513389 0.0314704 0.00476023
v 0.00361225 0.0387227 -0.130487
v -0.00929608 0.0339648 -0.0466562
v 0.0358797 0.0340395 -0.0287697
v 0.00438861 0.0353586 -0.0363801
v -0.0285178 0.0327952 -0.0381816
v 0.0430546 0.0352593 -0.0458363
v 0.0186692 0.043808 -0.150226
v -0.0580717 0.0326155 0.063382
v -0.00597011 0.0348047 -0.0680214
v -0.0102944 0.0349349 -0.00140204
v 0.0682268 0.042507 -0.107948
v -0.0031447 0.0343343 0.124022
v 0.0465155 0.0407203 -0.0708417
v 0.0325802 0.0458595 -0.159158
v 0.0132822 0.0352584 0.070821
v -0.0275934 0.0336624 0.101263
v -0.0382025 0.0331931 0.0198638
v -0.0262799 0.034083 0.079495
v -0.043062 0.0346411 0.117036
v 0.172679 0.702579 -0.0999099
v 0.167882 0.691454 -0.131293
v 0.167901 0.698884 -0.110273
v 0.171729 0.713534 -0.0764839
v 0.174189 0.726918 -0.0509485
v 0.161619 0.692029 -0.105749
v 0.145613 0.664221 -0.0845946
v 0.149328 0.688165 -0.0716667
v 0.153889 0.687883 -0.0821284
v 0.161034 0.714749 -0.0612251
v 0.157386 0.701271 -0.0701954
v 0.170202 0.722285 -0.0576128
v 0.164159 0.692674 -0.120143
v 0.148218 0.679217 -0.0750932
v 0.153056 0.673496 -0.0977123
v 0.165636 0.703298 -0.0953699
v 0.167324 0.711326 -0.0768379
v 0.142049 0.654456 -0.0786727
v 0.180337 0.70955 -0.0753077
v 0.189974 0.678926 -0.0932588
v 0.210327 0.63223 -0.0727202
v 0.174554 0.692095 -0.12792
v 0.20227 0.653906 -0.0855143
v 0.18856 0.677502 -0.122145
v 0.209488 0.653914 -0.0702721
v 0.187721 0.676198 -0.107682
v 0.204924 0.68139 -0.0599837
v 0.199813 0.694884 -0.0547841
v 0.203062 0.640289 -0.088361
v 0.175916 0.696638 -0.10915
v 0.195982 0.682079 -0.0745454
v -0.010194 1.42698 0.157385
v -0.00328169 1.43009 0.159891
v -0.0360251 1.43652 0.159808
v -0.0306508 1.4336 0.177287
v -0.0242394 1.43098 0.175106
v 0.00102959 1.4085 0.130028
v -0.0292146 1.41788 0.129744
v -0.00409612 1.38095 0.0572641
v -0.0433262 1.43029 0.0448673
v -0.0237338 1.40621 0.0999845
v -0.0375663 1.41615 0.104319
v -0.00486734 1.4144 0.140048
v -0.0041794 1.3956 0.105676
v -0.00609735 1.38462 0.0747276
v -0.0170891 1.3968 0.0817431
v -0.0277721 1.42424 0.14645
v -0.0240822 1.4121 0.0329384
v -0.0171345 1.39932 0.0504184
v -0.0314461 1.41063 0.0711214
v -0.0172082 1.41453 0.128172
v 0.371133 1.50552 0.218863
v 0.344278 1.48765 0.250091
v 0.338454 1.46712 0.196142
v 0.383721 1.49362 0.189448
v 0.314079 1.48971 0.239316
v 0.302524 1.49068 0.229436
v 0.325924 1.48224 0.232254
v 0.357694 1.47623 0.198534
v 0.37321 1.48796 0.197497
v 0.341576 1.48163 0.227258
v 0.344242 1.46316 0.188178
v 0.357661 1.45633 0.187746
v 0.323353 1.47353 0.21212
v 0.356379 1.49511 0.239364
v 0.346532 1.47448 0.207694
v 0.364021 1.46876 0.189783
v 0.368362 1.49047 0.204373
v 0.348534 1.48611 0.234276
v 0.358693 1.46154 0.177992
v 0.35504 1.48111 0.211409
v 0.336732 1.47446 0.215322
v 0.312482 1.47629 0.215908
v 0.322507 1.5126 0.549134
v 0.316359 1.49873 0.62399
v 0.303263 1.50324 0.650315
v 0.324006 1.50241 0.573238
v 0.318243 1.56009 0.647338
v 0.285125 1.5383 0.658163
v 0.321333 1.57378 0.642734
v 0.314825 1.50258 0.645138
v 0.315957 1.528 0.660421
v 0.335277 1.55819 0.645279
v 0.303141 1.49993 0.596251
v 0.312126 1.53249 0.65468
v 0.326537 1.50422 0.570312
v 0.304603 1.49495 0.615797
v 0.311125 1.5134 0.657236
v 0.315573 1.49945 0.598276
v 0.305582 1.56199 0.653013
v 0.343196 1.55189 0.638606
f 9 9893 9877
f 9877 9875 9
f 9864 89 88
f 89 9867 10
f 31 2 32
f 58 32 2
f 2 18 58
f 18 3 19
f 59 19 3
f 3 9817 59
f 65 59 9817
f 9817 9810 65
f 9824 9837 66
f 20 66 9837
f 9837 9808 20
f 61 20 9808
f 9806 34 61
f 9806 9825 35
f 35 9814 107
f 54 107 9814
f 9812 54 9814
f 116 11 9904
f 12 116 9904
f 12 9886 38
f 9886 4 38
f 39 4 9873
f 13 39 9873
f 15 14 9895
f 9895 9898 15
f 40 15 9898
f 9889 9903 42
f 9903 5 42
f 16 42 5
f 56 68 9805
f 9805 6 56
f 7 9842 21
f 9842 8 21
f 9833 8 9820
f 27 23 9835
f 9835 24 27
f 28 27 24
f 9893 9 72
f 50 9 9875
f 9862 9892 51
f 36 51 9892
f 9882 9864 37
f 88 37 9864
f 89 10 135
f 52 10 9911
f 53 52 9911
f 45 38 4
f 4 39 45
f 69 13 14
f 14 15 69
f 131 46 9889
f 42 131 9889
f 9888 70 16
f 9888 17 47
f 59 65 79
f 66 94 9824
f 9806 35 34
f 55 54 9812
f 56 95 68
f 62 82 8
f 8 9833 62
f 92 9821 22
f 22 9801 92
f 74 92 9801
f 9801 23 74
f 27 74 23
f 28 24 63
f 24 9804 63
f 29 63 9804
f 9804 25 29
f 25 26 76
f 77 76 26
f 26 9803 77
f 83 77 9803
f 9833 9821 62
f 92 62 9821
f 27 28 119
f 30 9813 57
f 78 57 9813
f 9813 31 78
f 31 32 78
f 104 78 32
f 18 19 64
f 20 61 60
f 60 61 34
f 55 68 108
f 36 9882 37
f 88 87 37
f 52 90 10
f 11 114 53
f 12 38 110
f 45 142 38
f 69 15 80
f 40 80 15
f 42 16 81
f 17 9906 48
f 71 43 9893
f 50 72 9
f 50 1 9881
f 45 39 129
f 13 69 143
f 41 46 131
f 131 42 97
f 98 70 9888
f 9888 47 98
f 150 49 43
f 72 71 9893
f 133 86 50
f 9881 133 50
f 36 100 51
f 10 90 135
f 52 53 101
f 53 114 101
f 11 116 115
f 116 12 110
f 35 107 126
f 107 54 127
f 54 55 108
f 109 108 68
f 56 6 128
f 7 73 6
f 21 8 102
f 8 82 102
f 75 74 27
f 119 75 27
f 32 58 104
f 139 104 58
f 58 18 139
f 64 139 18
f 122 19 59
f 79 122 59
f 33 94 123
f 105 94 66
f 20 149 66
f 20 60 67
f 91 73 7
f 7 21 91
f 102 91 21
f 92 82 62
f 28 63 103
f 120 103 63
f 25 137 29
f 25 76 198
f 77 83 185
f 57 159 30
f 139 64 93
f 64 19 122
f 65 33 123
f 149 105 66
f 35 106 34
f 35 126 106
f 127 140 107
f 108 127 54
f 95 109 68
f 128 6 73
f 129 142 45
f 39 13 143
f 80 96 69
f 40 41 85
f 131 85 41
f 47 17 176
f 43 71 150
f 112 71 72
f 72 50 86
f 9881 51 100
f 115 114 11
f 75 147 74
f 119 28 103
f 63 29 120
f 137 25 198
f 76 77 184
f 84 93 64
f 122 84 64
f 123 79 65
f 67 149 20
f 106 60 34
f 169 110 38
f 142 169 38
f 143 129 39
f 96 143 69
f 85 80 40
f 81 97 42
f 164 48 49
f 49 150 132
f 100 36 113
f 90 52 101
f 168 115 116
f 91 136 73
f 82 92 117
f 92 74 118
f 120 29 137
f 77 185 184
f 30 158 83
f 105 124 94
f 106 125 60
f 126 107 215
f 128 95 56
f 16 70 236
f 98 47 99
f 176 99 47
f 146 176 17
f 17 48 146
f 112 151 71
f 72 86 112
f 100 133 9881
f 36 37 152
f 167 88 89
f 135 167 89
f 153 135 90
f 102 136 91
f 102 82 155
f 82 117 155
f 117 92 118
f 147 118 74
f 184 198 76
f 138 159 57
f 57 78 138
f 104 121 78
f 84 122 160
f 123 94 124
f 67 60 125
f 200 140 127
f 174 109 95
f 128 174 95
f 129 143 130
f 236 70 111
f 70 98 111
f 99 111 98
f 132 164 49
f 133 100 134
f 113 134 100
f 116 110 195
f 209 155 117
f 158 185 83
f 139 121 104
f 160 93 84
f 140 215 107
f 108 109 173
f 169 195 110
f 202 143 96
f 96 80 162
f 131 97 145
f 151 150 71
f 133 177 86
f 113 36 178
f 152 178 36
f 207 153 90
f 101 207 90
f 101 114 154
f 154 114 180
f 114 115 180
f 195 168 116
f 102 155 170
f 117 118 209
f 75 119 156
f 157 119 103
f 103 120 157
f 159 158 30
f 121 138 78
f 148 160 122
f 122 79 148
f 105 149 187
f 215 106 126
f 141 127 108
f 73 174 128
f 142 129 161
f 175 161 129
f 129 130 175
f 131 144 85
f 145 97 163
f 97 81 163
f 81 16 236
f 99 176 190
f 146 249 176
f 164 146 48
f 150 221 132
f 112 86 177
f 134 177 133
f 178 165 113
f 166 87 88
f 88 167 166
f 167 135 193
f 153 193 135
f 101 154 208
f 136 102 170
f 119 157 156
f 137 183 120
f 138 121 211
f 93 171 139
f 160 172 93
f 187 124 105
f 173 141 108
f 169 142 161
f 202 130 143
f 162 202 96
f 80 85 162
f 145 144 131
f 151 112 204
f 177 204 112
f 165 134 113
f 208 207 101
f 168 180 115
f 181 136 170
f 170 155 182
f 227 118 147
f 147 75 227
f 157 120 183
f 186 148 79
f 124 186 123
f 187 149 213
f 214 213 149
f 149 67 214
f 199 67 125
f 141 200 127
f 174 173 109
f 216 174 73
f 144 162 85
f 144 145 220
f 236 163 81
f 236 111 189
f 238 221 150
f 150 151 238
f 204 238 151
f 177 134 191
f 192 152 37
f 37 87 192
f 166 223 87
f 167 179 166
f 155 209 182
f 118 227 196
f 75 156 197
f 156 157 197
f 183 197 157
f 159 138 210
f 138 211 210
f 79 123 186
f 187 212 124
f 199 214 67
f 106 199 125
f 201 169 161
f 161 175 217
f 175 130 218
f 188 220 145
f 145 163 188
f 266 189 111
f 111 99 266
f 99 190 266
f 164 132 250
f 221 250 132
f 165 178 206
f 223 192 87
f 167 193 179
f 154 180 194
f 264 180 168
f 182 181 170
f 197 227 75
f 183 137 229
f 230 229 137
f 137 198 230
f 158 159 210
f 121 139 272
f 171 272 139
f 171 93 172
f 172 160 287
f 186 124 231
f 212 231 124
f 232 199 106
f 215 232 106
f 274 173 174
f 174 216 274
f 73 136 216
f 218 217 175
f 203 202 162
f 162 144 203
f 250 146 164
f 191 205 177
f 134 165 191
f 281 206 178
f 178 152 281
f 152 192 222
f 166 179 223
f 193 153 225
f 207 225 153
f 194 208 154
f 195 264 168
f 182 209 240
f 209 118 196
f 270 196 227
f 226 270 227
f 185 255 184
f 211 121 272
f 160 148 287
f 148 186 244
f 187 213 212
f 173 274 233
f 181 216 136
f 217 201 161
f 218 130 234
f 235 234 130
f 202 235 130
f 188 163 290
f 236 290 163
f 249 190 176
f 205 204 177
f 191 165 239
f 165 206 239
f 206 281 253
f 222 281 152
f 223 222 192
f 179 193 224
f 225 224 193
f 254 264 195
f 195 169 254
f 209 196 240
f 197 183 228
f 242 228 183
f 255 230 198
f 198 184 255
f 171 172 322
f 244 287 148
f 199 232 259
f 215 140 246
f 200 141 247
f 141 173 233
f 201 254 169
f 276 235 202
f 202 203 276
f 203 144 219
f 144 220 219
f 250 310 146
f 250 221 237
f 267 238 204
f 277 267 204
f 204 205 277
f 251 205 191
f 223 179 262
f 224 262 179
f 263 225 207
f 207 208 263
f 208 194 263
f 194 180 295
f 275 260 181
f 181 182 275
f 269 275 182
f 182 240 269
f 283 240 196
f 270 283 196
f 227 197 241
f 183 229 242
f 243 271 185
f 185 158 243
f 210 211 256
f 256 211 272
f 172 287 322
f 186 231 257
f 212 245 231
f 213 258 212
f 214 199 259
f 232 215 246
f 140 200 246
f 247 246 200
f 233 247 141
f 216 181 260
f 203 219 276
f 220 188 248
f 290 248 188
f 236 189 291
f 310 249 146
f 267 221 238
f 251 191 252
f 191 239 252
f 239 206 253
f 264 295 180
f 297 270 226
f 241 226 227
f 228 241 197
f 286 242 229
f 229 230 286
f 356 158 210
f 210 256 356
f 257 244 186
f 258 245 212
f 316 274 216
f 216 260 316
f 327 201 217
f 217 218 265
f 218 234 265
f 276 219 309
f 289 309 219
f 219 220 289
f 248 289 220
f 291 290 236
f 343 291 189
f 221 267 331
f 277 205 268
f 251 252 279
f 280 252 239
f 253 280 239
f 222 223 282
f 314 282 223
f 223 262 314
f 224 225 294
f 306 269 240
f 283 306 240
f 270 297 285
f 241 297 226
f 255 185 271
f 356 243 158
f 272 171 300
f 322 300 171
f 257 287 244
f 258 338 245
f 213 214 288
f 259 288 214
f 247 233 273
f 304 273 233
f 233 274 304
f 265 327 217
f 328 234 235
f 189 266 343
f 266 190 330
f 190 249 344
f 292 344 249
f 249 310 292
f 237 425 250
f 237 221 331
f 268 333 277
f 311 251 279
f 319 279 252
f 281 222 261
f 282 261 222
f 262 224 315
f 294 315 224
f 294 225 263
f 295 263 194
f 284 283 270
f 355 286 230
f 230 255 299
f 271 299 255
f 256 272 395
f 300 395 272
f 287 358 322
f 231 245 337
f 246 247 302
f 273 302 247
f 316 260 317
f 315 314 262
f 264 254 296
f 254 201 307
f 265 234 348
f 235 276 328
f 330 343 266
f 310 250 425
f 277 332 267
f 278 333 268
f 268 311 278
f 275 269 326
f 306 305 269
f 284 353 283
f 285 401 284
f 284 270 285
f 299 355 230
f 258 213 323
f 288 323 213
f 288 259 301
f 259 232 301
f 325 301 232
f 232 246 325
f 302 325 246
f 304 303 273
f 316 304 274
f 9687 260 275
f 201 327 307
f 308 327 265
f 329 328 276
f 248 290 342
f 330 190 344
f 333 332 277
f 253 281 398
f 261 398 281
f 282 313 261
f 314 293 282
f 264 296 295
f 306 283 353
f 354 297 241
f 241 228 298
f 338 337 245
f 303 302 273
f 9687 317 260
f 234 328 348
f 289 377 309
f 248 341 289
f 290 291 363
f 291 343 364
f 292 310 365
f 331 267 378
f 332 378 267
f 333 278 349
f 319 280 334
f 312 334 280
f 280 253 312
f 398 312 253
f 293 313 282
f 9700 314 315
f 294 263 336
f 320 336 263
f 295 320 263
f 307 296 254
f 285 297 321
f 354 321 297
f 370 228 242
f 242 286 370
f 271 243 371
f 322 372 300
f 257 231 383
f 323 338 258
f 288 301 324
f 325 324 301
f 304 316 303
f 326 9687 275
f 353 360 306
f 351 318 307
f 307 327 351
f 265 348 308
f 377 329 276
f 276 309 377
f 425 237 426
f 333 388 332
f 278 311 389
f 311 279 366
f 261 313 380
f 9700 293 314
f 336 9700 315
f 315 294 336
f 318 9698 296
f 296 307 318
f 305 306 360
f 241 298 354
f 355 431 286
f 371 299 271
f 419 356 256
f 372 395 300
f 323 374 338
f 324 323 288
f 325 302 339
f 303 339 302
f 303 316 340
f 9688 340 316
f 317 9688 316
f 9687 326 435
f 342 341 248
f 342 290 363
f 363 291 364
f 237 331 426
f 378 426 331
f 279 319 366
f 319 334 345
f 391 398 261
f 380 391 261
f 313 293 335
f 9700 335 293
f 369 353 284
f 284 401 369
f 285 321 401
f 450 354 298
f 299 371 475
f 256 395 419
f 372 322 357
f 358 357 322
f 383 231 337
f 337 338 373
f 323 324 9686
f 9683 9686 324
f 324 325 9683
f 326 269 359
f 308 351 327
f 425 365 310
f 388 378 332
f 388 333 349
f 349 278 350
f 379 350 278
f 389 379 278
f 366 389 311
f 366 319 345
f 313 335 380
f 9700 336 346
f 347 346 336
f 336 320 347
f 298 228 381
f 370 381 228
f 370 286 431
f 382 403 287
f 287 257 382
f 257 383 382
f 374 373 338
f 384 374 323
f 9686 384 323
f 303 340 9685
f 9688 9685 340
f 359 269 305
f 361 348 328
f 329 361 328
f 377 289 362
f 341 362 289
f 423 342 363
f 424 364 343
f 292 386 344
f 367 334 312
f 312 398 367
f 351 308 9702
f 375 308 348
f 348 361 375
f 344 465 330
f 388 387 378
f 388 349 409
f 350 409 349
f 350 379 410
f 510 389 366
f 366 345 390
f 345 334 411
f 9702 9703 351
f 9687 435 352
f 475 355 299
f 358 287 403
f 354 394 321
f 243 356 417
f 418 417 356
f 395 372 420
f 421 382 383
f 337 405 404
f 405 337 373
f 435 326 385
f 359 385 326
f 368 360 353
f 376 361 329
f 329 377 376
f 362 341 407
f 423 363 408
f 363 364 408
f 465 424 343
f 343 330 465
f 390 510 366
f 411 390 345
f 380 335 399
f 335 9699 393
f 461 440 401
f 401 321 461
f 394 461 321
f 298 381 450
f 381 370 431
f 356 419 418
f 420 372 402
f 372 357 402
f 403 382 9564
f 382 421 9564
f 404 383 337
f 308 375 428
f 362 415 377
f 341 342 407
f 365 386 292
f 387 426 378
f 410 409 350
f 410 379 397
f 497 397 379
f 379 389 497
f 367 411 334
f 398 391 469
f 391 380 392
f 399 392 380
f 393 399 335
f 527 369 401
f 354 450 449
f 431 355 416
f 374 384 422
f 406 422 384
f 384 9681 406
f 396 406 9681
f 434 396 352
f 435 434 352
f 305 360 439
f 413 438 375
f 361 413 375
f 414 361 376
f 376 377 414
f 415 414 377
f 426 387 459
f 387 388 467
f 388 409 467
f 397 468 410
f 399 393 448
f 427 448 393
f 368 369 400
f 394 354 441
f 475 416 355
f 417 371 243
f 357 358 443
f 403 443 358
f 404 421 383
f 373 374 422
f 359 305 439
f 362 407 415
f 423 407 342
f 386 465 344
f 386 365 458
f 482 467 409
f 483 409 410
f 447 469 391
f 391 392 447
f 448 427 412
f 427 9702 437
f 428 437 9702
f 9702 308 428
f 438 428 375
f 429 413 361
f 440 527 401
f 431 451 381
f 431 416 529
f 416 475 529
f 419 395 462
f 402 357 442
f 396 434 464
f 439 360 368
f 407 423 456
f 423 408 444
f 408 364 457
f 424 457 364
f 365 425 480
f 483 482 409
f 367 398 436
f 448 392 399
f 414 429 361
f 414 415 430
f 441 461 394
f 441 354 449
f 395 420 462
f 443 442 357
f 421 404 432
f 433 432 404
f 404 405 433
f 454 433 405
f 405 373 454
f 422 454 373
f 406 396 464
f 434 435 455
f 415 407 495
f 456 495 407
f 444 456 423
f 479 424 465
f 426 480 425
f 459 480 426
f 467 466 387
f 468 483 410
f 497 389 445
f 510 445 389
f 367 436 411
f 446 436 398
f 469 446 398
f 427 437 412
f 438 437 428
f 430 429 414
f 368 400 515
f 527 400 369
f 440 461 472
f 450 381 500
f 451 500 381
f 529 451 431
f 418 419 492
f 420 402 452
f 421 432 463
f 422 406 489
f 464 489 406
f 455 464 434
f 385 455 435
f 439 490 359
f 439 368 486
f 457 444 408
f 458 365 480
f 466 459 387
f 447 392 484
f 392 448 484
f 485 437 438
f 368 515 486
f 472 471 440
f 441 449 499
f 419 462 492
f 476 462 420
f 420 452 476
f 402 442 452
f 443 403 9573
f 9586 433 453
f 433 454 453
f 545 454 422
f 385 359 490
f 495 478 415
f 460 538 397
f 397 497 460
f 390 411 511
f 470 484 448
f 412 470 448
f 438 413 485
f 429 430 514
f 527 552 400
f 461 441 473
f 499 473 441
f 474 499 449
f 474 449 450
f 450 500 474
f 417 418 517
f 492 517 418
f 403 9564 9573
f 477 9573 9564
f 9564 463 477
f 463 9586 503
f 9586 453 503
f 545 453 454
f 489 545 422
f 455 531 464
f 430 415 478
f 496 495 456
f 479 534 457
f 457 424 479
f 466 467 481
f 483 468 547
f 538 468 397
f 510 390 523
f 511 523 390
f 485 412 437
f 485 413 525
f 413 429 513
f 551 513 429
f 515 400 526
f 528 472 461
f 473 528 461
f 442 443 488
f 9573 488 443
f 477 463 544
f 493 544 463
f 463 503 493
f 489 464 531
f 385 490 455
f 478 495 494
f 444 496 456
f 444 457 521
f 522 479 465
f 465 386 522
f 386 458 522
f 481 459 466
f 481 467 537
f 467 482 537
f 538 548 468
f 524 511 411
f 469 447 446
f 512 446 447
f 491 470 412
f 485 491 412
f 525 413 513
f 551 429 514
f 515 487 486
f 552 526 400
f 500 451 516
f 530 529 475
f 530 475 371
f 371 417 530
f 502 476 452
f 442 502 452
f 544 9573 477
f 555 503 453
f 545 555 453
f 506 496 444
f 534 521 457
f 507 480 459
f 547 482 483
f 548 547 468
f 460 497 574
f 411 436 524
f 447 484 512
f 470 498 484
f 439 486 541
f 487 541 486
f 528 471 472
f 529 516 451
f 476 501 462
f 554 501 476
f 502 554 476
f 488 502 442
f 519 488 9573
f 505 504 455
f 490 505 455
f 459 481 508
f 550 524 436
f 436 446 550
f 470 491 539
f 525 491 485
f 478 514 430
f 490 439 541
f 515 526 593
f 552 527 553
f 542 651 471
f 474 500 568
f 516 568 500
f 518 517 492
f 492 462 518
f 488 519 571
f 493 503 520
f 590 545 489
f 531 455 504
f 494 495 572
f 495 496 572
f 458 480 536
f 507 536 480
f 459 508 507
f 537 561 481
f 482 547 509
f 445 574 497
f 445 510 565
f 512 484 498
f 539 566 498
f 498 470 539
f 513 607 525
f 462 501 518
f 571 502 488
f 503 555 589
f 489 531 578
f 504 505 557
f 532 557 505
f 505 490 532
f 478 494 558
f 444 521 506
f 535 533 534
f 534 479 535
f 522 535 479
f 561 508 481
f 509 537 482
f 523 565 510
f 524 549 511
f 512 550 446
f 512 498 566
f 513 551 585
f 487 515 593
f 586 528 473
f 499 474 567
f 543 516 529
f 530 417 569
f 517 569 417
f 493 577 544
f 520 577 493
f 578 590 489
f 556 578 531
f 602 572 496
f 496 506 602
f 506 521 582
f 533 582 521
f 521 534 533
f 522 458 560
f 507 508 617
f 546 617 508
f 508 561 546
f 509 562 537
f 538 460 564
f 551 514 540
f 552 593 526
f 553 613 552
f 569 543 529
f 530 569 529
f 518 598 517
f 664 554 502
f 571 664 502
f 519 544 588
f 520 503 589
f 555 545 590
f 531 504 556
f 557 556 504
f 557 532 579
f 535 522 560
f 536 560 458
f 617 536 507
f 562 561 537
f 644 563 538
f 564 644 538
f 523 511 619
f 511 549 619
f 550 512 583
f 566 583 512
f 539 491 576
f 525 576 491
f 487 580 541
f 586 473 596
f 597 567 474
f 568 597 474
f 569 517 598
f 501 554 638
f 609 571 519
f 577 588 544
f 558 494 559
f 572 602 601
f 548 538 563
f 573 564 460
f 460 574 573
f 574 445 565
f 565 523 619
f 583 524 550
f 566 539 575
f 539 576 575
f 540 585 551
f 608 540 514
f 613 628 552
f 553 527 629
f 527 651 629
f 542 471 594
f 595 594 471
f 471 528 595
f 528 586 595
f 518 501 638
f 664 570 554
f 588 609 519
f 589 555 590
f 556 557 611
f 579 532 612
f 572 559 494
f 582 581 506
f 656 582 533
f 584 605 583
f 583 566 584
f 9621 584 566
f 575 9621 566
f 649 576 525
f 525 607 649
f 650 513 585
f 514 478 608
f 608 478 558
f 593 552 628
f 543 569 622
f 611 578 556
f 579 611 557
f 532 541 580
f 559 572 601
f 581 602 506
f 533 535 603
f 536 617 604
f 630 546 561
f 561 562 630
f 591 509 547
f 573 574 659
f 565 659 574
f 568 516 587
f 516 543 587
f 570 638 554
f 623 609 588
f 577 520 684
f 579 600 611
f 580 487 592
f 592 487 593
f 628 627 593
f 558 559 9661
f 604 535 560
f 560 536 604
f 698 617 546
f 591 562 509
f 645 619 549
f 549 524 645
f 524 583 645
f 605 645 583
f 605 584 620
f 584 9621 620
f 9619 620 9621
f 576 9620 575
f 650 607 513
f 608 661 540
f 629 636 553
f 663 597 568
f 638 598 518
f 623 588 599
f 640 599 588
f 588 577 640
f 684 624 577
f 520 589 653
f 590 578 610
f 578 611 610
f 697 665 612
f 612 532 697
f 580 697 532
f 608 558 614
f 615 614 558
f 559 601 641
f 656 581 582
f 535 604 603
f 657 591 547
f 547 548 657
f 548 563 657
f 565 619 618
f 645 679 619
f 621 620 9619
f 9619 606 621
f 682 650 585
f 585 540 682
f 627 592 593
f 613 553 636
f 629 651 716
f 673 586 596
f 663 568 587
f 637 622 569
f 598 637 569
f 638 637 598
f 624 640 577
f 653 684 520
f 589 590 625
f 600 579 626
f 9661 615 558
f 641 9661 559
f 601 602 616
f 602 581 616
f 617 698 604
f 563 644 657
f 573 699 564
f 618 659 565
f 645 605 632
f 620 632 605
f 620 621 646
f 9622 9620 634
f 9620 576 634
f 649 607 635
f 650 635 607
f 622 587 543
f 639 571 609
f 676 639 609
f 623 676 609
f 610 625 590
f 610 611 654
f 600 654 611
f 626 696 600
f 665 626 579
f 579 612 665
f 628 613 686
f 636 686 613
f 594 595 718
f 595 586 718
f 634 576 648
f 540 661 682
f 608 614 661
f 614 615 9657
f 9661 9657 615
f 642 641 601
f 601 616 642
f 533 603 656
f 666 656 603
f 630 562 643
f 679 618 619
f 631 679 645
f 646 632 620
f 663 587 674
f 637 638 675
f 652 676 623
f 623 599 652
f 640 624 722
f 653 589 625
f 696 626 678
f 592 697 580
f 627 628 686
f 616 581 687
f 603 604 666
f 698 666 604
f 690 562 591
f 699 658 644
f 644 564 699
f 679 700 618
f 633 634 647
f 576 649 648
f 733 661 614
f 685 655 627
f 594 718 752
f 673 718 586
f 597 663 662
f 638 570 675
f 705 722 624
f 684 705 624
f 654 625 610
f 654 600 696
f 687 581 708
f 581 656 708
f 698 546 667
f 630 667 546
f 690 591 746
f 657 746 591
f 657 644 755
f 644 658 755
f 659 699 573
f 632 646 660
f 668 660 646
f 670 633 671
f 634 648 680
f 672 648 649
f 649 635 672
f 681 635 650
f 650 682 681
f 694 716 651
f 651 542 694
f 717 694 542
f 542 594 717
f 570 664 704
f 599 677 652
f 599 640 677
f 640 722 677
f 653 724 684
f 725 678 626
f 626 665 725
f 655 697 592
f 686 685 627
f 687 642 616
f 562 690 643
f 699 659 709
f 645 632 691
f 660 691 632
f 648 672 680
f 635 681 767
f 682 661 715
f 752 717 594
f 718 673 735
f 675 570 703
f 664 571 704
f 639 704 571
f 705 684 810
f 738 625 654
f 696 739 654
f 697 725 665
f 636 629 693
f 629 716 693
f 708 656 688
f 690 746 745
f 679 631 747
f 691 631 645
f 660 668 691
f 669 691 668
f 713 669 670
f 731 671 633
f 767 672 635
f 715 767 682
f 733 715 661
f 614 692 733
f 587 622 719
f 720 719 622
f 637 720 622
f 637 675 683
f 703 683 675
f 676 652 721
f 810 684 724
f 741 753 697
f 697 655 741
f 642 9662 641
f 656 666 688
f 689 688 666
f 618 700 729
f 747 700 679
f 730 713 670
f 670 671 730
f 750 730 671
f 633 647 731
f 680 714 647
f 680 672 714
f 681 682 767
f 751 692 9656
f 716 694 829
f 662 663 701
f 695 701 663
f 674 695 663
f 683 702 637
f 704 703 570
f 676 704 639
f 653 625 706
f 739 738 654
f 696 740 739
f 655 685 741
f 726 741 685
f 727 685 686
f 708 707 687
f 666 698 689
f 643 690 745
f 709 659 729
f 659 618 729
f 712 711 631
f 631 691 712
f 730 750 784
f 714 672 766
f 751 733 692
f 693 716 734
f 805 829 694
f 694 717 805
f 719 674 587
f 702 720 637
f 788 702 683
f 683 703 788
f 704 676 9581
f 736 9581 676
f 652 677 773
f 677 722 773
f 706 724 653
f 706 625 738
f 725 697 753
f 686 636 727
f 742 727 636
f 636 693 742
f 688 689 801
f 754 689 698
f 667 754 698
f 630 643 744
f 745 744 643
f 746 657 755
f 728 658 699
f 709 728 699
f 747 631 710
f 711 710 631
f 764 712 691
f 691 669 764
f 713 764 669
f 672 767 766
f 701 757 735
f 735 662 701
f 703 704 9581
f 721 652 773
f 722 705 723
f 724 706 759
f 737 759 706
f 706 738 737
f 678 725 791
f 726 685 792
f 707 708 743
f 760 743 708
f 708 688 760
f 667 630 744
f 747 763 700
f 748 711 712
f 713 730 749
f 730 784 814
f 732 817 767
f 767 715 732
f 715 733 732
f 769 732 733
f 829 734 716
f 717 752 832
f 752 718 807
f 830 807 718
f 773 736 721
f 723 773 722
f 759 737 775
f 740 696 678
f 725 753 778
f 781 707 743
f 688 801 760
f 729 700 763
f 712 764 748
f 814 749 730
f 765 750 671
f 671 731 765
f 647 714 731
f 786 769 733
f 733 751 786
f 808 718 735
f 757 808 735
f 719 695 674
f 788 703 9567
f 703 9581 9567
f 736 771 9581
f 758 810 724
f 724 759 758
f 776 737 738
f 738 739 776
f 861 776 739
f 791 777 678
f 741 726 779
f 685 727 792
f 742 693 804
f 734 804 693
f 745 746 823
f 746 755 823
f 755 761 9604
f 658 728 762
f 709 729 855
f 763 747 812
f 710 812 747
f 710 711 813
f 783 711 748
f 857 764 713
f 765 784 750
f 817 732 756
f 768 756 732
f 732 769 768
f 787 805 717
f 717 832 787
f 806 832 752
f 752 807 806
f 720 702 831
f 788 831 702
f 771 9567 9581
f 773 772 736
f 774 723 705
f 705 810 774
f 759 775 860
f 861 739 740
f 777 848 740
f 740 678 777
f 826 791 725
f 778 826 725
f 741 778 753
f 726 792 837
f 801 689 802
f 803 689 754
f 9604 823 755
f 761 658 762
f 763 897 729
f 794 783 748
f 748 764 794
f 858 857 713
f 713 749 858
f 814 784 795
f 785 765 731
f 731 714 785
f 766 785 714
f 780 786 751
f 734 829 863
f 808 830 718
f 695 719 770
f 720 770 719
f 771 736 790
f 772 790 736
f 811 810 758
f 741 779 778
f 837 779 726
f 876 800 781
f 801 782 760
f 803 802 689
f 754 667 803
f 744 803 667
f 728 709 842
f 793 813 711
f 711 783 793
f 857 794 764
f 825 858 749
f 749 814 825
f 815 784 765
f 817 766 767
f 756 768 820
f 797 820 768
f 798 797 768
f 768 769 798
f 769 786 818
f 799 818 786
f 786 780 799
f 863 804 734
f 833 757 701
f 770 701 695
f 770 720 831
f 788 9567 809
f 789 771 790
f 772 773 834
f 773 723 834
f 774 810 846
f 859 758 759
f 860 859 759
f 778 779 836
f 837 836 779
f 792 727 827
f 727 742 827
f 780 800 819
f 781 743 876
f 743 853 894
f 744 745 841
f 710 824 812
f 813 824 710
f 796 795 784
f 815 796 784
f 766 817 785
f 820 817 756
f 818 798 769
f 863 829 885
f 831 788 866
f 809 866 788
f 835 723 774
f 924 775 737
f 828 827 742
f 742 804 828
f 855 842 709
f 897 855 729
f 824 843 812
f 844 783 794
f 909 844 794
f 857 909 794
f 916 814 795
f 765 785 815
f 816 785 817
f 852 819 800
f 876 852 800
f 894 876 743
f 802 853 782
f 782 801 802
f 854 802 803
f 803 744 822
f 744 841 822
f 745 823 841
f 823 9604 878
f 791 826 883
f 826 778 883
f 884 883 778
f 836 884 778
f 837 792 827
f 901 828 804
f 804 863 901
f 833 808 757
f 865 833 701
f 701 770 865
f 867 866 809
f 809 789 867
f 789 790 868
f 845 868 790
f 790 772 845
f 835 834 723
f 835 774 846
f 811 846 810
f 811 758 859
f 812 897 763
f 793 824 813
f 793 783 844
f 825 814 9666
f 916 9666 814
f 875 816 817
f 817 820 875
f 821 797 798
f 838 821 798
f 798 818 838
f 839 838 818
f 818 799 839
f 840 839 799
f 799 780 840
f 819 840 780
f 822 854 803
f 878 877 823
f 797 875 820
f 933 894 853
f 853 802 895
f 854 895 802
f 841 823 877
f 908 935 9605
f 9605 762 908
f 728 908 762
f 897 812 880
f 858 873 857
f 858 825 874
f 9667 874 825
f 916 795 890
f 795 796 890
f 850 796 815
f 815 785 850
f 924 776 899
f 791 883 882
f 829 805 953
f 805 787 953
f 830 808 9577
f 770 831 902
f 866 902 831
f 832 886 787
f 832 806 886
f 806 807 887
f 807 9577 887
f 864 9577 808
f 808 833 864
f 902 865 770
f 867 789 888
f 845 772 870
f 772 834 870
f 871 870 834
f 872 871 835
f 903 872 835
f 835 846 903
f 846 811 9669
f 847 9669 811
f 811 859 847
f 859 860 911
f 848 777 913
f 882 913 777
f 777 791 882
f 836 837 862
f 827 862 837
f 827 828 849
f 850 890 796
f 816 850 785
f 797 821 917
f 851 821 838
f 838 839 851
f 840 851 839
f 932 840 819
f 822 841 877
f 879 9605 935
f 843 880 812
f 898 824 793
f 793 844 898
f 909 898 844
f 806 887 954
f 867 927 866
f 789 868 888
f 869 868 845
f 845 870 869
f 903 846 889
f 9669 889 846
f 912 899 776
f 848 913 1020
f 884 836 862
f 890 850 9595
f 917 875 797
f 891 917 821
f 852 932 819
f 852 876 958
f 893 958 876
f 853 895 933
f 822 907 854
f 822 877 907
f 988 935 908
f 842 976 728
f 856 855 897
f 909 857 910
f 857 873 910
f 992 873 858
f 948 992 858
f 858 874 948
f 924 899 964
f 1020 912 776
f 776 861 1020
f 740 1020 861
f 862 827 965
f 827 849 965
f 938 849 828
f 901 863 952
f 926 952 863
f 863 885 926
f 953 885 829
f 954 886 806
f 914 887 9577
f 865 864 833
f 927 867 888
f 928 888 868
f 870 871 872
f 873 992 1007
f 9595 904 890
f 906 891 821
f 892 906 821
f 821 851 892
f 894 893 876
f 907 974 854
f 877 878 934
f 896 934 878
f 878 879 896
f 935 896 879
f 842 855 1032
f 880 920 897
f 923 9575 881
f 740 848 1020
f 900 882 883
f 883 884 900
f 884 862 900
f 997 926 885
f 953 997 885
f 939 953 787
f 864 914 9577
f 902 866 927
f 915 927 888
f 903 889 9608
f 904 916 890
f 917 905 875
f 892 851 918
f 851 840 919
f 840 932 919
f 974 933 895
f 895 854 974
f 976 908 728
f 856 897 920
f 880 843 936
f 843 824 921
f 824 898 921
f 911 860 922
f 979 9575 923
f 881 924 923
f 950 964 899
f 899 912 950
f 882 900 951
f 900 862 994
f 965 849 925
f 828 901 938
f 952 938 901
f 787 886 939
f 864 865 914
f 940 865 902
f 927 940 902
f 928 915 888
f 872 903 942
f 9608 942 903
f 905 904 9595
f 906 892 931
f 918 931 892
f 932 852 945
f 893 959 958
f 894 933 960
f 934 974 907
f 907 877 934
f 976 842 1032
f 856 1032 855
f 977 920 880
f 880 936 977
f 921 936 843
f 921 898 937
f 898 909 937
f 909 910 947
f 910 873 991
f 979 922 860
f 860 9575 979
f 913 882 993
f 951 993 882
f 965 994 862
f 966 939 886
f 886 954 966
f 887 914 954
f 940 914 865
f 967 927 915
f 869 928 868
f 916 904 9664
f 917 891 986
f 918 851 944
f 851 919 944
f 958 945 852
f 893 894 946
f 960 946 894
f 988 961 935
f 947 910 991
f 948 874 963
f 923 924 1019
f 1052 1019 924
f 964 1052 924
f 913 993 980
f 925 981 965
f 925 849 938
f 955 982 940
f 940 927 955
f 927 967 956
f 1001 928 869
f 869 929 941
f 9608 930 943
f 905 969 904
f 986 905 917
f 944 1002 918
f 945 919 932
f 893 946 959
f 974 960 933
f 974 934 975
f 896 935 987
f 961 987 935
f 988 908 989
f 976 989 908
f 856 920 990
f 962 977 936
f 921 962 936
f 937 909 947
f 991 873 1070
f 873 1007 1070
f 949 963 874
f 922 979 978
f 1008 950 912
f 1020 1008 912
f 980 1009 1020
f 1020 913 980
f 994 951 900
f 938 1023 925
f 938 952 1024
f 926 995 952
f 1010 953 939
f 939 966 1034
f 982 954 914
f 914 940 982
f 955 927 956
f 967 915 1011
f 869 941 1001
f 984 1001 941
f 942 984 941
f 942 943 984
f 943 930 985
f 930 9671 985
f 905 986 1013
f 1002 931 918
f 970 1002 944
f 957 970 944
f 944 919 957
f 919 945 971
f 945 958 972
f 958 959 1003
f 959 946 973
f 960 973 946
f 934 896 9639
f 987 9639 896
f 977 990 920
f 937 962 921
f 937 947 1059
f 991 1059 947
f 1134 992 948
f 963 1134 948
f 979 923 1051
f 923 1019 1018
f 1022 951 994
f 995 1024 952
f 953 1010 997
f 999 966 954
f 985 984 943
f 9671 968 985
f 9664 904 969
f 1013 969 905
f 931 1067 906
f 971 957 919
f 958 1003 972
f 9639 975 934
f 9641 987 961
f 961 988 9641
f 990 1016 856
f 978 979 9672
f 1018 1051 923
f 964 950 1052
f 994 965 981
f 981 925 1023
f 1023 938 1127
f 1034 966 998
f 982 999 954
f 955 956 1000
f 956 967 983
f 967 1011 983
f 928 1011 915
f 1017 968 9670
f 1002 1028 931
f 1057 1002 970
f 959 973 1003
f 1004 973 960
f 1004 960 974
f 974 975 1004
f 990 977 1006
f 977 962 1006
f 962 937 1033
f 1059 991 1060
f 1084 992 1134
f 1051 9672 979
f 1008 1052 950
f 1020 1125 1008
f 1021 1009 980
f 993 1021 980
f 1127 938 1024
f 926 996 995
f 1135 997 1010
f 998 1035 1034
f 1036 998 966
f 966 999 1036
f 982 955 1025
f 1000 1025 955
f 1027 1000 956
f 983 1027 956
f 1011 928 1039
f 928 1001 1039
f 1041 1001 984
f 984 985 1012
f 1079 1013 986
f 1042 1066 906
f 906 1067 1042
f 1028 1067 931
f 9600 1057 970
f 972 971 945
f 1004 1003 973
f 9640 1004 975
f 987 9641 1005
f 9641 988 1015
f 989 1015 988
f 1072 1007 992
f 992 1084 1072
f 1017 1049 968
f 1017 9670 1062
f 9673 1050 9670
f 993 951 1022
f 981 1022 994
f 926 1085 996
f 926 997 1085
f 1010 939 1148
f 939 1034 1148
f 999 982 1025
f 1025 1000 1026
f 1038 1027 983
f 1038 983 1011
f 1040 1039 1001
f 1001 1041 1040
f 1012 1041 984
f 1028 1002 1029
f 1002 1057 1029
f 972 1058 971
f 1003 1004 1095
f 1004 9640 1045
f 1030 1045 9640
f 1032 856 1100
f 856 1016 1100
f 1060 991 1097
f 1007 1072 1071
f 9670 1050 1062
f 1051 1050 9673
f 9673 9672 1051
f 1052 1008 1054
f 1022 1021 993
f 1010 1148 1135
f 1025 1036 999
f 1000 1027 1037
f 1039 1038 1011
f 1028 1029 1080
f 1116 1029 1057
f 1043 1057 9600
f 9600 9601 1043
f 9601 971 1058
f 1094 972 1003
f 1044 1095 1004
f 1004 1045 1044
f 1030 1014 1031
f 1015 989 1047
f 989 976 1099
f 1006 1081 1016
f 1033 1083 962
f 1007 1071 1070
f 1119 1134 963
f 1018 1077 1051
f 1054 1053 1052
f 1125 1020 1055
f 1020 1009 1055
f 1023 1064 981
f 1024 995 1092
f 1056 1092 995
f 995 996 1056
f 997 1135 1061
f 1035 1073 1034
f 1026 1000 1048
f 1040 1038 1039
f 1065 9663 969
f 969 1013 1065
f 1067 1028 1068
f 1094 1058 972
f 1095 1094 1003
f 1045 1030 1098
f 1030 1031 1098
f 1031 1014 1046
f 1099 1047 989
f 976 1032 1099
f 1100 1099 1032
f 1082 1006 962
f 1059 1033 937
f 1097 991 1118
f 991 1070 1118
f 997 1061 1085
f 1109 1061 1135
f 1148 1034 1073
f 1073 1035 1105
f 998 1036 1074
f 1036 1025 1074
f 1025 1026 1086
f 1037 1048 1000
f 1038 1037 1027
f 1197 1054 1008
f 1008 1125 1197
f 1009 1021 1063
f 1023 1127 1091
f 1013 1079 1065
f 1066 1042 1130
f 1080 1068 1028
f 1058 1043 9601
f 1069 1094 1095
f 1098 1044 1045
f 1100 1016 1096
f 962 1083 1082
f 1110 1035 998
f 998 1074 1110
f 1025 1086 1074
f 1048 1086 1026
f 1087 9653 1049
f 1062 1050 1076
f 1050 1051 1077
f 1089 1077 1018
f 1018 1019 1078
f 1019 1052 1053
f 1126 1055 1009
f 1009 1063 1126
f 1090 1022 981
f 1064 1090 981
f 1127 1024 1092
f 1079 1066 1114
f 1131 1042 1067
f 1068 1080 1161
f 1029 1116 1080
f 1103 1080 1116
f 1043 1093 1057
f 1046 1015 1047
f 1147 1033 1059
f 1086 1048 1075
f 1106 1048 1037
f 1037 9655 1106
f 1087 1017 1088
f 1017 1062 1088
f 1076 1088 1062
f 1076 1050 1112
f 1077 1112 1050
f 1053 1078 1019
f 1021 1022 1063
f 1090 1063 1022
f 1023 1091 1064
f 1131 1130 1042
f 1102 1131 1067
f 1067 1068 1102
f 1161 1102 1068
f 1093 1116 1057
f 1117 1093 1043
f 1094 1104 1058
f 1082 1081 1006
f 1156 1083 1033
f 1059 1060 1133
f 1149 1105 1035
f 9576 1110 1074
f 9576 1074 1086
f 1048 1106 1075
f 1111 1106 9655
f 9655 9653 1111
f 1087 1111 9653
f 1089 1018 1078
f 1053 1054 1124
f 1065 1079 1114
f 1043 1058 1117
f 1104 1117 1058
f 1094 1069 1104
f 1195 1098 1031
f 1101 1096 1016
f 1016 1081 1101
f 1082 1083 1146
f 1133 1060 1097
f 1108 1085 1061
f 1109 1108 1061
f 1148 1073 1157
f 1110 1149 1035
f 1088 1111 1087
f 1107 1123 1088
f 1088 1076 1107
f 1076 1112 1107
f 1112 1077 1140
f 1197 1124 1054
f 1218 1063 1090
f 1141 1064 1091
f 1153 1056 996
f 996 1085 1153
f 1115 1114 1066
f 1066 1130 1115
f 1143 1103 1116
f 1117 1188 1093
f 1095 1044 1069
f 1046 1155 1031
f 1101 1145 1096
f 1172 1134 1119
f 1195 1170 1098
f 1099 1100 1144
f 1100 1096 1144
f 1133 1097 1162
f 1080 1103 1154
f 1126 1125 1055
f 1152 1126 1063
f 1218 1090 1178
f 1090 1064 1178
f 1141 1178 1064
f 1091 1127 1185
f 1127 1092 1186
f 1108 1153 1085
f 1073 1105 1120
f 1149 1120 1105
f 1110 9576 1136
f 9576 1075 1136
f 1075 1106 1158
f 1122 1158 1106
f 1106 1111 1122
f 1111 1088 1137
f 1123 1137 1088
f 1089 1078 1199
f 1108 1109 1163
f 1120 1157 1073
f 1149 1110 1121
f 1110 1136 1121
f 1137 1122 1111
f 1139 1209 1107
f 1107 1112 1139
f 1167 1141 1091
f 1056 1186 1092
f 1128 1114 1129
f 1114 1115 1129
f 1102 1161 1187
f 1116 1093 1143
f 1093 1188 1143
f 1132 1188 1117
f 1117 1104 1132
f 1069 1132 1104
f 1155 1046 1196
f 1047 1196 1046
f 1145 1144 1096
f 1175 1101 1081
f 1081 1082 1175
f 1083 1156 1146
f 1097 1118 1162
f 1118 1070 1162
f 1135 1163 1109
f 1211 1148 1157
f 1123 1107 1138
f 1107 1209 1138
f 1077 1089 1140
f 1166 1089 1199
f 1159 1078 1053
f 1125 1126 1237
f 1185 1167 1091
f 1186 1185 1127
f 1142 1128 1193
f 1130 1131 1160
f 1131 1102 1200
f 1103 1143 1194
f 1069 1044 1174
f 1170 1174 1044
f 1072 1084 1228
f 1084 1134 1171
f 1119 1142 1172
f 1176 1172 1142
f 1163 1169 1108
f 1180 1135 1148
f 1157 1120 1179
f 1179 1120 1149
f 1121 1136 1150
f 1151 1150 1136
f 1136 1075 1151
f 1158 1151 1075
f 1158 1122 1165
f 1232 1122 1137
f 9565 1139 1112
f 1193 1176 1142
f 1161 1080 1201
f 1080 1154 1201
f 1132 1069 1190
f 1174 1190 1069
f 1031 1155 1195
f 1243 1082 1146
f 1146 1156 1254
f 1156 1033 1147
f 1203 1134 1172
f 1211 1180 1148
f 1149 1121 1164
f 1150 1164 1121
f 1151 1158 1165
f 1165 1122 1182
f 1138 1183 1123
f 1159 1124 1177
f 1269 1177 1124
f 1124 1197 1269
f 1197 1125 1291
f 1237 1291 1125
f 1204 1152 1063
f 1063 1218 1204
f 1186 1056 1168
f 1056 1153 1168
f 1169 1153 1108
f 1130 1160 1115
f 1200 1160 1131
f 1200 1102 1187
f 1223 1195 1155
f 1147 1059 1255
f 1133 1255 1059
f 1072 1228 1071
f 1084 1171 1228
f 1206 1169 1163
f 1210 1163 1135
f 1180 1210 1135
f 1207 1211 1157
f 1164 1179 1149
f 1232 1182 1122
f 1140 1089 1166
f 1237 1126 1238
f 1218 1178 1244
f 1160 1200 1173
f 1161 1201 1222
f 1196 1223 1155
f 1099 1144 1213
f 1144 1145 1191
f 1254 1243 1146
f 1284 1171 1134
f 1134 1203 1284
f 1150 1151 1181
f 1182 1208 1165
f 1137 1123 1183
f 1209 1139 1249
f 1177 1278 1159
f 1126 1152 1238
f 1141 1184 1178
f 1205 1168 1153
f 1169 1205 1153
f 1115 1160 1221
f 1222 1187 1161
f 1103 1194 1154
f 1189 1188 1132
f 1190 1189 1132
f 1047 1099 1213
f 1225 1213 1144
f 1191 1225 1144
f 1145 1101 1226
f 1254 1156 1214
f 1162 1070 1202
f 1188 1194 1143
f 1174 1170 1242
f 1196 1047 1213
f 1101 1175 1226
f 1192 1226 1175
f 1175 1082 1192
f 1243 1192 1082
f 1133 1162 1342
f 1257 1203 1172
f 1258 1172 1176
f 1291 1269 1197
f 1245 1244 1178
f 1184 1245 1178
f 1141 1167 1184
f 1157 1179 1207
f 1164 1207 1179
f 1164 1150 1198
f 1181 1198 1150
f 1165 1181 1151
f 1216 1182 1232
f 1183 1232 1137
f 9565 1249 1139
f 1236 1078 1159
f 1206 1163 1210
f 1264 1198 1181
f 1209 1249 1248
f 1199 1078 1235
f 1152 1204 1217
f 1204 1218 1239
f 1186 1168 1220
f 1205 1169 1262
f 1169 1206 1262
f 1221 1193 1115
f 1160 1173 1221
f 1222 1200 1187
f 1189 1194 1188
f 1190 1174 1212
f 1170 1195 1294
f 1191 1145 1305
f 1226 1305 1145
f 1226 1192 1227
f 1070 1071 1256
f 1071 1228 1283
f 1257 1172 1258
f 1176 1193 1229
f 1221 1229 1193
f 1212 1189 1190
f 1242 1212 1174
f 1223 1196 1224
f 1213 1224 1196
f 1147 1214 1156
f 1202 1070 1256
f 1217 1238 1152
f 1167 1185 1260
f 1185 1186 1219
f 1205 1220 1168
f 1207 1164 1215
f 1165 1208 1181
f 1182 1216 1231
f 1138 1209 1233
f 1166 1290 1140
f 1078 1236 1235
f 1229 1221 1270
f 1251 1173 1200
f 1200 1222 1345
f 1194 1189 1240
f 1212 1240 1189
f 1242 1170 1322
f 1241 1255 1133
f 1202 1342 1162
f 1071 1283 1256
f 1258 1176 1229
f 1204 1239 1217
f 1184 1167 1246
f 1167 1260 1246
f 1261 1220 1205
f 1262 1261 1205
f 1210 1313 1206
f 1198 1215 1164
f 1208 1264 1181
f 1248 1234 1209
f 1166 1199 1377
f 1180 1211 1230
f 1266 1230 1211
f 1211 1207 1266
f 1263 1266 1207
f 1215 1263 1207
f 1231 1208 1182
f 1247 1232 1183
f 1234 1233 1209
f 9565 1140 1290
f 1220 1219 1186
f 1221 1173 1250
f 1252 1201 1154
f 1154 1194 1252
f 1294 1195 1253
f 1195 1223 1253
f 1305 1225 1191
f 1305 1226 1275
f 1192 1243 1296
f 1254 1296 1243
f 1133 1342 1241
f 1210 1180 1277
f 1308 1268 1216
f 1232 1308 1216
f 1248 1265 1234
f 1244 1239 1218
f 1246 1245 1184
f 1185 1219 1260
f 1261 1219 1220
f 1313 1262 1206
f 1270 1293 1229
f 1250 1173 1251
f 1252 1222 1201
f 1240 1252 1194
f 1240 1212 1280
f 1322 1272 1242
f 1303 1253 1223
f 1273 1303 1223
f 1227 1275 1226
f 1255 1297 1147
f 1229 1293 1258
f 1277 1313 1210
f 1264 1208 1289
f 1231 1289 1208
f 1231 1216 1268
f 1247 1308 1232
f 1183 1138 1233
f 1177 1316 1278
f 1269 1361 1177
f 1259 1291 1237
f 1237 1238 1259
f 1238 1217 1259
f 1217 1239 1259
f 1244 1245 1292
f 1328 1246 1260
f 1250 1270 1221
f 1200 1345 1251
f 1322 1170 1346
f 1294 1346 1170
f 1223 1224 1273
f 1213 1274 1224
f 1227 1192 1306
f 1296 1306 1192
f 1214 1147 1297
f 1222 1252 1279
f 1271 1252 1240
f 1280 1271 1240
f 1212 1242 1280
f 1242 1272 1280
f 1295 1213 1225
f 1275 1227 1306
f 1296 1254 1282
f 1256 1307 1202
f 1367 1228 1171
f 1312 1284 1203
f 1203 1257 1312
f 1258 1293 1285
f 1361 1316 1177
f 1259 1239 1317
f 1267 1263 1215
f 1215 1198 1267
f 1268 1289 1231
f 1233 1247 1183
f 1233 1234 1335
f 1265 1335 1234
f 1309 1265 1248
f 1248 1249 1309
f 1299 1309 1249
f 1300 1299 1249
f 1249 9565 1300
f 9565 1290 1300
f 1377 1199 1235
f 1251 1345 1340
f 1302 1345 1222
f 1253 1303 1281
f 1303 1273 1330
f 1274 1273 1224
f 1274 1213 1295
f 1225 1305 1295
f 1276 1307 1256
f 1269 1291 1301
f 1317 1239 1244
f 1260 1219 1320
f 1261 1262 1356
f 1332 1356 1262
f 1262 1313 1332
f 1277 1180 1326
f 1230 1326 1180
f 1230 1266 1326
f 1287 1314 1266
f 1267 1287 1263
f 1288 1267 1198
f 1198 1264 1288
f 1289 1288 1264
f 1326 1266 1286
f 1314 1286 1266
f 1266 1263 1287
f 1370 1287 1267
f 1289 1268 1298
f 1308 1334 1268
f 1166 1377 1336
f 1236 1278 1360
f 1361 1269 1388
f 1317 1338 1259
f 1317 1244 1318
f 1261 1310 1219
f 1250 1293 1270
f 1222 1279 1302
f 1252 1271 1279
f 1280 1272 1349
f 1304 1273 1274
f 1353 1306 1296
f 1171 1284 1367
f 1313 1277 1357
f 1333 1357 1277
f 1326 1333 1277
f 1334 1298 1268
f 1290 1166 1336
f 1360 1235 1236
f 1316 1360 1278
f 1388 1269 1301
f 1338 1301 1291
f 1319 1292 1245
f 1328 1260 1320
f 1356 1310 1261
f 1329 1347 1250
f 1251 1329 1250
f 1251 1340 1329
f 1253 1392 1294
f 1306 1352 1275
f 1214 1282 1254
f 1297 1383 1214
f 1276 1256 1354
f 1256 1283 1354
f 1283 1228 1367
f 1284 1312 1384
f 1257 1258 1355
f 1298 1288 1289
f 1300 1290 1372
f 1291 1259 1338
f 1317 1318 1339
f 1244 1292 1319
f 1219 1310 1320
f 1293 1250 1321
f 1347 1321 1250
f 1311 1302 1279
f 1279 1271 1311
f 1271 1280 1311
f 1349 1311 1280
f 1272 1322 1381
f 1392 1346 1294
f 1392 1253 1281
f 1323 1281 1303
f 1304 1330 1273
f 1304 1274 1366
f 1295 1305 1341
f 1305 1275 1331
f 1275 1352 1331
f 1306 1353 1324
f 1297 1255 1241
f 1384 1367 1284
f 1308 1399 1334
f 1299 1300 1327
f 1372 1327 1300
f 1318 1244 1364
f 1319 1364 1244
f 1245 1246 1319
f 1328 1319 1246
f 1320 1365 1328
f 1322 1346 1374
f 1330 1323 1303
f 1274 1295 1366
f 1324 1352 1306
f 1367 1407 1283
f 1355 1258 1325
f 1285 1325 1258
f 1285 1293 1321
f 1286 1314 1369
f 1314 1287 1315
f 1370 1315 1287
f 1267 1288 1343
f 1288 1298 1359
f 1298 1334 1359
f 1233 1371 1247
f 1233 1335 1409
f 1362 1372 1290
f 1302 1311 1348
f 1381 1349 1272
f 1281 1323 1350
f 1305 1331 1341
f 1368 1332 1313
f 1357 1368 1313
f 1286 1369 1385
f 1369 1314 1315
f 1370 1267 1343
f 1387 1399 1308
f 1247 1387 1308
f 1409 1371 1233
f 1418 1344 1265
f 1265 1309 1418
f 1309 1299 1401
f 1327 1401 1299
f 1377 1235 1363
f 1360 1363 1235
f 1360 1316 1337
f 1460 1364 1319
f 1365 1380 1328
f 1347 1329 1421
f 1404 1340 1345
f 1422 1345 1302
f 1348 1422 1302
f 1381 1322 1431
f 1350 1392 1281
f 1330 1304 1351
f 1304 1366 1351
f 1341 1366 1295
f 1424 1341 1331
f 1445 1352 1324
f 1282 1353 1296
f 1463 1354 1283
f 1283 1407 1463
f 1326 1286 1358
f 1385 1358 1286
f 1369 1315 1386
f 1288 1359 1343
f 1387 1247 1371
f 1388 1301 1420
f 1380 1319 1328
f 1310 1356 1373
f 1349 1348 1311
f 1331 1352 1424
f 1282 1214 1383
f 1376 1241 1342
f 1415 1202 1307
f 1307 1276 1435
f 1343 1359 1398
f 1400 1409 1335
f 1335 1265 1456
f 1265 1344 1456
f 1327 1372 1447
f 1338 1317 1389
f 1320 1310 1365
f 1310 1373 1365
f 1404 1329 1340
f 1350 1323 1443
f 1443 1323 1444
f 1323 1330 1375
f 1415 1376 1342
f 1342 1202 1415
f 1257 1355 1312
f 1325 1474 1355
f 1336 1362 1290
f 1337 1316 1419
f 1379 1301 1338
f 1389 1317 1339
f 1380 1391 1319
f 1332 1436 1356
f 1405 1422 1348
f 1348 1349 1405
f 1322 1374 1431
f 1375 1444 1323
f 1351 1375 1330
f 1414 1424 1352
f 1383 1462 1282
f 1241 1376 1395
f 1276 1354 1425
f 1321 1347 1411
f 1421 1411 1347
f 1329 1404 1412
f 1349 1381 1442
f 1353 1282 1462
f 1395 1297 1241
f 1425 1435 1276
f 1285 1321 1486
f 1301 1379 1378
f 1379 1338 1389
f 1429 1339 1318
f 1364 1460 1390
f 1373 1356 1436
f 1358 1385 1416
f 1369 1417 1385
f 1359 1334 1398
f 1399 1398 1334
f 1456 1400 1335
f 1363 1360 1428
f 1361 1419 1316
f 1368 1436 1332
f 1397 1386 1315
f 1315 1370 1397
f 1437 1370 1343
f 1389 1339 1440
f 1345 1422 1404
f 1442 1405 1349
f 1406 1374 1346
f 1392 1406 1346
f 1351 1366 1393
f 1353 1445 1324
f 1415 1307 1435
f 1407 1367 1451
f 1464 1367 1384
f 1486 1325 1285
f 1326 1358 1333
f 1370 1437 1397
f 1387 1371 1454
f 1409 1408 1371
f 1439 1428 1337
f 1318 1364 1390
f 1365 1373 1448
f 1373 1436 1410
f 1412 1421 1329
f 1413 1431 1374
f 1406 1483 1374
f 1366 1341 1393
f 1394 1393 1341
f 1424 1394 1341
f 1382 1353 1462
f 1383 1297 1395
f 1354 1463 1425
f 1333 1358 1453
f 1454 1399 1387
f 1401 1327 1447
f 1402 1336 1377
f 1363 1428 1488
f 1420 1378 1403
f 1459 1378 1379
f 1448 1391 1380
f 1448 1373 1410
f 1321 1411 1396
f 1430 1404 1422
f 1483 1413 1374
f 1406 1392 1449
f 1392 1350 1433
f 1423 1375 1351
f 1351 1393 1423
f 1355 1474 1312
f 1486 1321 1396
f 1357 1452 1368
f 1385 1417 1416
f 1386 1477 1369
f 1408 1454 1371
f 1377 1363 1402
f 1361 1388 1458
f 1379 1389 1440
f 1429 1318 1390
f 1468 1460 1319
f 1319 1391 1468
f 1380 1365 1448
f 1442 1381 1431
f 1413 1432 1431
f 1433 1449 1392
f 1445 1414 1352
f 1395 1376 1434
f 1376 1415 1581
f 1416 1453 1358
f 1417 1369 1477
f 1343 1398 1437
f 1399 1427 1398
f 1409 1400 1455
f 1519 1456 1344
f 1344 1418 1478
f 1447 1372 1438
f 1372 1362 1438
f 1336 1506 1362
f 1488 1402 1363
f 1420 1458 1388
f 1410 1436 1461
f 1421 1412 1494
f 1350 1443 1433
f 1444 1375 1423
f 1445 1353 1446
f 1450 1446 1353
f 1382 1450 1353
f 1451 1499 1463
f 1463 1407 1451
f 1367 1464 1451
f 1325 1552 1474
f 1552 1325 1486
f 1452 1436 1368
f 1357 1333 1452
f 1426 1452 1333
f 1453 1426 1333
f 1397 1477 1386
f 1437 1398 1427
f 1455 1408 1409
f 1478 1519 1344
f 1309 1401 1511
f 1440 1339 1429
f 1429 1390 1441
f 1390 1460 1509
f 1461 1448 1410
f 1494 1514 1421
f 1489 1422 1405
f 1442 1489 1405
f 1471 1393 1394
f 1539 1464 1384
f 1384 1312 1539
f 1474 1539 1312
f 1417 1477 1476
f 1456 1455 1400
f 1418 1309 1511
f 1438 1362 1505
f 1506 1505 1362
f 1419 1439 1337
f 1458 1420 1520
f 1420 1403 1520
f 1459 1379 1479
f 1379 1440 1479
f 1562 1433 1443
f 1423 1393 1471
f 1394 1424 1472
f 1473 1424 1414
f 1414 1445 1473
f 1581 1434 1376
f 1526 1415 1435
f 1437 1529 1397
f 1487 1454 1408
f 1478 1418 1556
f 1447 1438 1504
f 1402 1506 1336
f 1458 1419 1361
f 1378 1658 1403
f 1459 1532 1378
f 1440 1429 1480
f 1448 1461 1469
f 1432 1413 1490
f 1449 1433 1495
f 1382 1462 1450
f 1436 1452 1475
f 1500 1467 1416
f 1416 1417 1500
f 1511 1556 1418
f 1503 1511 1401
f 1658 1378 1659
f 1532 1659 1378
f 1469 1481 1448
f 1475 1461 1436
f 1514 1411 1421
f 1482 1412 1404
f 1510 1482 1404
f 1404 1430 1510
f 1489 1430 1422
f 1442 1431 1523
f 1432 1523 1431
f 1413 1483 1490
f 1449 1483 1406
f 1443 1444 1562
f 1444 1423 1465
f 1472 1471 1394
f 1473 1472 1424
f 1446 1473 1445
f 1486 1485 1552
f 1452 1426 1466
f 1453 1466 1426
f 1501 1477 1397
f 1454 1427 1399
f 1455 1487 1408
f 1557 1438 1505
f 1479 1440 1480
f 1441 1480 1429
f 1396 1411 1522
f 1482 1494 1412
f 1515 1510 1430
f 1430 1489 1470
f 1523 1489 1442
f 1491 1483 1449
f 1495 1491 1449
f 1423 1471 1516
f 1450 1462 1497
f 1434 1581 1546
f 1498 1581 1415
f 1415 1526 1498
f 1451 1464 1499
f 1464 1539 1547
f 1518 1475 1452
f 1466 1518 1452
f 1453 1416 1467
f 1397 1529 1501
f 1487 1455 1502
f 1502 1455 1456
f 1504 1503 1401
f 1401 1447 1504
f 1558 1439 1419
f 1520 1492 1458
f 1507 1532 1459
f 1521 1507 1459
f 1521 1459 1479
f 1468 1391 1448
f 1481 1468 1448
f 1525 1497 1462
f 1383 1525 1462
f 1526 1435 1484
f 1435 1425 1484
f 1522 1486 1396
f 1417 1476 1500
f 1582 1427 1454
f 1519 1457 1456
f 1558 1488 1428
f 1479 1480 1508
f 1533 1508 1480
f 1509 1441 1390
f 1562 1495 1433
f 1472 1473 1517
f 1395 1525 1383
f 1547 1499 1464
f 1552 1575 1474
f 1485 1486 1588
f 1454 1487 1582
f 1402 1488 1531
f 1419 1458 1492
f 1521 1479 1508
f 1509 1460 1513
f 1460 1468 1513
f 1469 1461 1542
f 1465 1423 1496
f 1423 1516 1496
f 1446 1450 1537
f 1529 1437 1582
f 1437 1427 1582
f 1502 1456 1457
f 1504 1438 1557
f 1493 1533 1480
f 1480 1441 1493
f 1570 1481 1469
f 1475 1542 1461
f 1543 1522 1411
f 1514 1543 1411
f 1430 1470 1515
f 1523 1432 1560
f 1524 1560 1432
f 1471 1472 1517
f 1536 1517 1473
f 1497 1537 1450
f 1499 1547 1527
f 1575 1539 1474
f 1453 1467 1528
f 1566 1477 1501
f 1519 1478 1555
f 1556 1568 1478
f 1503 1504 1569
f 1592 1468 1481
f 1470 1489 1523
f 1432 1490 1524
f 1535 1490 1483
f 1491 1586 1483
f 1562 1444 1607
f 1465 1607 1444
f 1538 1525 1395
f 1395 1434 1538
f 1434 1546 1538
f 1527 1425 1463
f 1463 1499 1527
f 1475 1518 1540
f 1528 1518 1466
f 1466 1453 1528
f 1500 1553 1467
f 1577 1566 1501
f 1529 1577 1501
f 1502 1457 1548
f 1568 1555 1478
f 1569 1504 1512
f 1520 1403 1651
f 1658 1651 1403
f 1542 1549 1469
f 1482 1510 1534
f 1523 1571 1470
f 1560 1544 1523
f 1483 1586 1535
f 1491 1495 1580
f 1517 1516 1471
f 1545 1536 1473
f 1446 1545 1473
f 1537 1497 1596
f 1484 1587 1526
f 1484 1425 1610
f 1425 1527 1610
f 1527 1547 1605
f 1588 1486 1522
f 1528 1467 1553
f 1530 1582 1487
f 1487 1502 1530
f 1457 1519 1554
f 1504 1557 1649
f 1506 1402 1531
f 1419 1492 1727
f 1493 1441 1559
f 1509 1559 1441
f 1481 1570 1592
f 1624 1514 1494
f 1550 1494 1482
f 1510 1515 1534
f 1562 1580 1495
f 1546 1609 1538
f 1548 1530 1502
f 1554 1548 1457
f 1555 1554 1519
f 1541 1505 1506
f 1531 1583 1506
f 9566 1531 1488
f 1626 1492 1520
f 1651 1626 1520
f 1613 1521 1508
f 1615 1559 1509
f 1513 1615 1509
f 1468 1592 1513
f 1549 1570 1469
f 1542 1475 1540
f 1494 1550 1624
f 1482 1534 1550
f 1544 1571 1523
f 1580 1586 1491
f 1563 1545 1446
f 1537 1563 1446
f 1581 1498 1669
f 1498 1526 1587
f 1610 1631 1484
f 1552 1485 1598
f 1588 1598 1485
f 1540 1518 1576
f 1518 1528 1576
f 1553 1576 1528
f 1500 1476 1600
f 1566 1476 1477
f 1582 1577 1529
f 1649 1512 1504
f 1541 1557 1505
f 1584 1558 1419
f 1601 1613 1508
f 1508 1533 1601
f 1593 1549 1542
f 1624 1606 1514
f 1515 1470 1571
f 1544 1560 1604
f 1524 1490 1579
f 1490 1535 1579
f 1525 1596 1497
f 1587 1669 1498
f 1553 1500 1589
f 1600 1599 1500
f 1548 1554 1590
f 1555 1568 1618
f 1556 1511 1619
f 1578 1531 9566
f 1613 1507 1521
f 1533 1493 1602
f 1559 1602 1493
f 1542 1540 1593
f 1522 1543 1612
f 1606 1543 1514
f 1585 1571 1544
f 1535 1679 1579
f 1496 1516 1573
f 1516 1517 1573
f 1551 1573 1517
f 1539 1575 1670
f 1552 1565 1575
f 1599 1589 1500
f 1530 1548 1567
f 1548 1590 1567
f 1506 1583 1541
f 1513 1592 1591
f 1515 1571 1534
f 1560 1524 1572
f 1524 1561 1572
f 1579 1561 1524
f 1535 1586 1679
f 1607 1465 1660
f 1465 1496 1660
f 1551 1517 1629
f 1517 1536 1629
f 1563 1537 1595
f 1596 1595 1537
f 1631 1587 1484
f 1598 1565 1552
f 1646 1588 1522
f 1522 1612 1646
f 1619 1568 1556
f 1636 1583 1531
f 1531 1578 1636
f 1584 1419 1727
f 1727 1492 1657
f 1601 1533 1602
f 1549 1593 1622
f 1534 1594 1550
f 1572 1604 1560
f 1641 1679 1586
f 1536 1545 1644
f 1525 1538 1574
f 1655 1576 1553
f 1599 1600 1632
f 1476 1566 1600
f 1577 1690 1566
f 1582 1530 1633
f 1569 1512 1635
f 1513 1591 1615
f 1621 1592 1570
f 1639 1621 1570
f 1570 1549 1639
f 1622 1639 1549
f 1624 1550 1665
f 1585 1640 1571
f 1603 1585 1544
f 1544 1604 1603
f 1546 1581 1732
f 1610 1527 1597
f 1653 1605 1547
f 1547 1645 1653
f 1593 1540 1616
f 1589 1655 1553
f 1618 1554 1555
f 1541 1649 1557
f 1656 1578 9566
f 9566 1584 1656
f 1626 1657 1492
f 1642 1580 1562
f 1536 1644 1608
f 1563 1644 1545
f 1609 1721 1538
f 1669 1732 1581
f 1564 1597 1527
f 1605 1564 1527
f 1611 1547 1539
f 1539 1670 1611
f 1540 1576 1617
f 1576 1655 1617
f 1632 1600 1566
f 1633 1577 1582
f 1636 1541 1583
f 1637 1656 1584
f 1727 1637 1584
f 1638 1613 1601
f 1559 1614 1602
f 1687 1628 1585
f 1603 1687 1585
f 1660 1643 1607
f 1608 1629 1536
f 1574 1596 1525
f 1575 1565 1670
f 1588 1625 1598
f 1588 1646 1625
f 1530 1567 1633
f 1568 1619 1740
f 1614 1559 1615
f 1615 1591 1671
f 1621 1627 1592
f 1612 1543 1676
f 1534 1571 1691
f 1628 1640 1585
f 1580 1641 1586
f 1546 1732 1609
f 1653 1564 1605
f 1611 1645 1547
f 1589 1599 1662
f 1599 1632 1662
f 1690 1632 1566
f 1740 1618 1568
f 1511 1503 1634
f 1569 1634 1503
f 1657 1626 1650
f 1601 1602 1638
f 1707 1638 1602
f 1614 1707 1602
f 1591 1592 1627
f 1622 1593 1623
f 1593 1616 1623
f 1652 1594 1534
f 1534 1691 1652
f 1604 1678 1603
f 1604 1572 1678
f 1642 1562 1607
f 1573 1660 1496
f 1669 1587 1680
f 1675 1631 1610
f 1543 1606 1676
f 1571 1640 1691
f 1674 1572 1561
f 1579 1674 1561
f 1642 1641 1580
f 1573 1551 1629
f 1596 1574 1630
f 1646 1612 1654
f 1676 1654 1612
f 1626 1651 1684
f 1659 1714 1658
f 1671 1620 1615
f 1617 1647 1616
f 1616 1540 1617
f 1554 1734 1590
f 1554 1618 1734
f 1619 1511 1749
f 1634 1749 1511
f 1634 1569 1741
f 1635 1741 1569
f 1633 1567 1664
f 1541 1636 1697
f 1697 1636 1578
f 1727 1657 1728
f 1614 1615 1620
f 1627 1671 1591
f 1639 1622 1673
f 1702 1606 1624
f 1624 1665 1702
f 1784 1691 1640
f 1674 1678 1572
f 1668 1574 1538
f 1538 1721 1668
f 1661 1704 1625
f 1625 1646 1661
f 1662 1681 1589
f 1648 1567 1590
f 1697 1578 1656
f 1685 1507 1613
f 1616 1647 1623
f 1702 1676 1606
f 1640 1628 1693
f 1579 1679 1674
f 1587 1631 1675
f 1597 1675 1610
f 1695 1647 1617
f 1655 1589 1681
f 1690 1577 1633
f 1696 1648 1590
f 1684 1651 1764
f 1659 1532 1715
f 1532 1507 1715
f 1759 1685 1613
f 1707 1614 1735
f 1620 1735 1614
f 1621 1639 1673
f 1719 1665 1550
f 1687 1693 1628
f 1642 1607 1688
f 1643 1688 1607
f 1660 1573 1739
f 1574 1668 1630
f 1597 1564 1689
f 1653 1645 1758
f 1565 1598 1704
f 1598 1625 1704
f 1663 1662 1632
f 1512 1649 1725
f 1726 1649 1541
f 1650 1626 1684
f 1658 1764 1651
f 1729 1613 1638
f 1672 1627 1621
f 1784 1692 1691
f 1687 1603 1666
f 1773 1732 1669
f 1708 1661 1646
f 1681 1747 1655
f 1690 1663 1632
f 1567 1648 1664
f 1512 1705 1635
f 1650 1728 1657
f 1685 1716 1507
f 1613 1729 1759
f 1671 1686 1620
f 1671 1627 1672
f 1621 1673 1718
f 1678 1666 1603
f 1678 1674 1731
f 1720 1674 1679
f 1642 1756 1641
f 1629 1739 1573
f 1667 1608 1644
f 1644 1563 1667
f 1808 1667 1563
f 1595 1808 1563
f 1596 1630 1694
f 1630 1668 1762
f 1840 1680 1587
f 1587 1675 1840
f 1653 1689 1564
f 1704 1661 1736
f 1646 1654 1700
f 1676 1746 1654
f 1655 1695 1617
f 1682 1681 1662
f 1662 1663 1831
f 1649 1726 1725
f 1726 1541 1697
f 1715 1507 1716
f 1623 1647 1677
f 1756 1679 1641
f 1595 1596 1694
f 1680 1773 1669
f 1758 1689 1653
f 1670 1565 1711
f 1700 1708 1646
f 1746 1700 1654
f 1662 1831 1682
f 1663 1690 1766
f 1683 1690 1633
f 1633 1664 1683
f 1648 1683 1664
f 1590 1734 1696
f 1740 1734 1618
f 1748 1740 1619
f 1748 1619 1749
f 1715 1714 1659
f 1729 1638 1707
f 1718 1672 1621
f 1673 1622 1699
f 1622 1623 1699
f 1760 1550 1594
f 1678 1731 1710
f 1643 1660 1775
f 1739 1775 1660
f 1667 1807 1608
f 1808 1595 1694
f 1668 1721 1762
f 1746 1676 1817
f 1705 1512 1725
f 1714 1764 1658
f 1735 1620 1686
f 1623 1677 1699
f 1676 1702 1701
f 1710 1666 1678
f 1679 1756 1720
f 1756 1642 1688
f 1775 1703 1643
f 1721 1609 1798
f 1704 1711 1565
f 1701 1817 1676
f 1647 1695 1712
f 1747 1695 1655
f 1697 1706 1726
f 1697 1656 9572
f 1742 9572 1656
f 1637 1742 1656
f 1728 1650 1779
f 1750 1650 1684
f 1671 1672 1744
f 1718 1717 1672
f 1698 1718 1673
f 1709 1693 1687
f 1687 1666 1709
f 1703 1688 1643
f 1762 1721 1828
f 1766 1690 1683
f 1734 1713 1696
f 1734 1740 1778
f 1800 1778 1740
f 1716 1685 1765
f 1744 1672 1717
f 1736 1661 1708
f 1795 1702 1665
f 1665 1719 1795
f 1550 1760 1719
f 1691 1692 1652
f 1597 1689 1774
f 1723 1677 1647
f 1712 1723 1647
f 1747 1810 1695
f 1682 1747 1681
f 1831 1663 1763
f 1766 1763 1663
f 1713 1648 1696
f 1727 1742 1637
f 1743 1779 1650
f 1816 1765 1685
f 1685 1759 1816
f 1735 1768 1707
f 1686 1671 1744
f 1698 1673 1699
f 1704 1736 1730
f 1594 1652 1760
f 1731 1674 1720
f 1629 1608 1776
f 1807 1776 1608
f 1758 1774 1689
f 1611 1670 1722
f 1711 1722 1670
f 1711 1704 1730
f 1695 1810 1712
f 1831 1724 1682
f 1733 1683 1648
f 1740 1748 1833
f 1764 1714 1803
f 1729 1707 1768
f 1735 1686 1780
f 1717 1718 1751
f 1795 1754 1702
f 1709 1786 1693
f 1666 1838 1709
f 1710 1761 1666
f 1694 1630 1757
f 1829 1675 1597
f 1741 1635 1767
f 1705 1767 1635
f 1706 1813 1726
f 1650 1750 1743
f 1684 1764 1750
f 1714 1715 1815
f 1715 1716 1867
f 1765 1867 1716
f 1770 1699 1677
f 1723 1770 1677
f 1753 1700 1746
f 1737 1795 1719
f 1640 1693 1755
f 1761 1838 1666
f 1731 1720 1710
f 1688 1703 1738
f 1775 1738 1703
f 1774 1829 1597
f 1648 1713 1733
f 1813 1725 1726
f 1727 1728 1779
f 1750 1764 1848
f 1768 1824 1729
f 1744 1780 1686
f 1744 1717 1804
f 1793 1736 1708
f 1745 1752 1708
f 1708 1700 1745
f 1753 1745 1700
f 1806 1783 1719
f 1719 1760 1806
f 1755 1784 1640
f 1786 1785 1693
f 1810 1723 1712
f 1683 1733 1789
f 1749 1634 1801
f 1706 9572 1813
f 1769 1751 1718
f 1769 1718 1698
f 1699 1782 1698
f 1708 1752 1793
f 1754 1794 1701
f 1796 1710 1720
f 1738 1756 1688
f 1739 1797 1775
f 1739 1629 1797
f 1808 1807 1667
f 1808 1694 1822
f 1757 1822 1694
f 1733 1713 1799
f 1778 1713 1734
f 1875 1800 1740
f 1801 1634 1854
f 1767 1854 1634
f 1634 1741 1767
f 1790 1705 1725
f 1814 1813 9572
f 1743 1847 1779
f 1780 1744 1804
f 1782 1769 1698
f 1817 1753 1746
f 1817 1701 1818
f 1794 1818 1701
f 1756 1796 1720
f 1797 1629 1776
f 1807 1808 1772
f 1827 1630 1762
f 1798 1828 1721
f 1609 1732 1798
f 1788 1645 1611
f 1611 1722 1788
f 1724 1747 1682
f 1683 1789 1812
f 1846 1799 1713
f 1740 1833 1875
f 1749 1833 1748
f 1742 1814 9572
f 1909 1802 1742
f 1742 1727 1909
f 1779 1909 1727
f 1768 1735 1860
f 1730 1736 1805
f 1745 1793 1752
f 1719 1783 1737
f 1760 1652 1837
f 1692 1837 1652
f 1827 1757 1630
f 1918 1827 1762
f 1773 1798 1732
f 1773 1680 1884
f 1680 1840 1884
f 1788 1758 1645
f 1811 1763 1766
f 1733 1799 1789
f 1867 1815 1715
f 1824 1759 1729
f 1780 1860 1735
f 1770 1782 1699
f 1771 1745 1753
f 1692 1784 1927
f 1761 1710 1796
f 1821 1820 1756
f 1756 1738 1821
f 1840 1675 1829
f 1758 1777 1774
f 1842 1770 1723
f 1723 1810 1842
f 1812 1766 1683
f 1833 1749 1886
f 1801 1886 1749
f 1782 1781 1769
f 1805 1736 1871
f 1793 1871 1736
f 1863 1771 1753
f 1753 1817 1863
f 1754 1795 1850
f 1795 1737 1865
f 1755 1693 1878
f 1785 1878 1693
f 1761 1796 1787
f 1807 1892 1776
f 1777 1758 1809
f 1810 1747 1843
f 1724 1843 1747
f 1831 1763 1823
f 1766 1812 1811
f 1813 1790 1725
f 1814 1742 1802
f 1759 1824 1792
f 1751 1769 1861
f 1781 1861 1769
f 1819 1786 1709
f 1709 1838 1819
f 1762 1828 1918
f 1829 1774 1777
f 1812 1789 1873
f 1815 1803 1714
f 1765 1816 1791
f 1759 1792 1816
f 1892 1797 1776
f 1856 1772 1808
f 1827 1822 1757
f 1722 1711 1852
f 1730 1852 1711
f 1980 1800 1875
f 1854 1767 2050
f 1705 1887 1767
f 1909 1779 1834
f 1847 1834 1779
f 1780 1804 1891
f 1793 1745 1836
f 1817 1818 1864
f 1837 1806 1760
f 1927 1837 1692
f 1784 1902 1927
f 1784 1755 1902
f 1878 1785 1928
f 1839 1821 1738
f 1826 1839 1738
f 1775 1826 1738
f 1829 1903 1840
f 1809 1758 1885
f 1758 1788 1885
f 1788 1722 1893
f 1763 1811 1823
f 1873 1789 1799
f 1980 1874 1800
f 1887 2050 1767
f 1813 1814 1888
f 1803 1848 1764
f 1860 1897 1768
f 1717 1751 1835
f 1751 1861 1835
f 1862 1781 1782
f 1825 1836 1745
f 1795 1865 1850
f 1819 1785 1786
f 1787 1855 1761
f 1866 1787 1796
f 1820 1866 1796
f 1822 1882 1808
f 1918 1828 1868
f 1883 1868 1828
f 1913 1828 1798
f 1831 1845 1724
f 1823 1832 1831
f 1778 1800 1925
f 1874 1925 1800
f 1867 1765 1791
f 1835 1891 1804
f 1804 1717 1835
f 1770 1862 1782
f 1771 1825 1745
f 1863 1849 1771
f 1838 1761 1855
f 1821 1866 1820
f 1797 1826 1775
f 1892 1807 1881
f 1807 1772 1881
f 1882 1856 1808
f 1798 1773 1869
f 1777 1841 1829
f 1805 1852 1730
f 1810 1853 1842
f 1843 1853 1810
f 1811 1812 1873
f 1925 1713 1778
f 1705 1790 1926
f 1750 1848 1895
f 1897 1824 1768
f 1817 1864 1863
f 1856 1881 1772
f 1822 1827 1882
f 1869 1913 1798
f 1777 1809 1830
f 1885 1830 1809
f 1844 1843 1724
f 1910 1895 1848
f 1891 1860 1780
f 1755 1878 1948
f 1866 1821 1880
f 1903 1829 1841
f 1830 1841 1777
f 1852 1893 1722
f 1845 1831 1858
f 1873 1872 1811
f 1888 1915 1813
f 1802 1888 1814
f 1895 1859 1750
f 1803 1815 2025
f 1911 2025 1815
f 1906 1911 1815
f 1815 1867 1906
f 1862 1770 1900
f 1818 1850 1877
f 1948 1902 1755
f 1819 1879 1785
f 1787 1866 1916
f 1884 1840 1908
f 1908 1840 1903
f 1841 1830 1851
f 1870 1851 1830
f 1830 1885 1870
f 1770 1842 1857
f 1845 1844 1724
f 1873 1799 1923
f 1799 1846 1923
f 1846 1713 1924
f 1925 1924 1713
f 1874 1980 1968
f 1833 1937 1875
f 1859 1834 1847
f 1896 1910 1848
f 1848 1803 1896
f 2025 1896 1803
f 1824 1897 1890
f 1966 1805 1871
f 1871 1793 1931
f 1836 1931 1793
f 1921 1836 1825
f 1894 1825 1771
f 1771 1849 1894
f 1849 1863 1912
f 1877 1864 1818
f 1737 1783 1865
f 1819 1838 1941
f 1838 1855 1941
f 1880 1821 1942
f 1839 1942 1821
f 1797 1935 1826
f 1883 1828 1913
f 1884 1869 1773
f 1893 1885 1788
f 1843 1844 1951
f 1832 1858 1831
f 1872 1823 1811
f 1886 1937 1833
f 1926 1887 1705
f 1792 1824 1890
f 1835 1861 1939
f 1781 1862 1899
f 1940 1899 1862
f 1850 1865 1901
f 1879 1819 2063
f 1787 1916 1855
f 1913 1869 1996
f 1842 1853 1857
f 1853 1843 1951
f 1823 1872 1922
f 1867 1791 1938
f 1897 1860 1946
f 1899 1861 1781
f 1863 1864 1912
f 1927 2015 1837
f 1941 1929 1819
f 1866 1880 1916
f 1856 1882 1986
f 1869 1884 1963
f 1955 1931 1836
f 1924 1923 1846
f 1874 1968 1979
f 1906 1867 1938
f 1816 1792 1791
f 1860 1898 1946
f 1891 1898 1860
f 1891 1835 1939
f 1864 1877 1947
f 1877 1850 1958
f 1837 1934 1806
f 1916 1941 1855
f 1986 1917 1856
f 1920 1851 1870
f 1930 1852 1805
f 1805 1966 1930
f 1894 1921 1825
f 1923 1932 1873
f 1979 1925 1874
f 1980 1875 1981
f 1937 1981 1875
f 1887 1926 1904
f 1909 1834 1889
f 1933 1898 1891
f 1770 1857 1900
f 1864 1947 1912
f 1972 1901 1865
f 1974 1783 1806
f 1806 1934 1974
f 1879 1928 1785
f 1962 1892 1881
f 1856 1917 1881
f 1907 1882 1827
f 1827 1918 1907
f 1870 1885 1914
f 1893 1914 1885
f 1921 1955 1836
f 1832 1936 1858
f 1801 1945 1886
f 1905 1876 1888
f 1888 1802 1905
f 1909 1905 1802
f 1939 1861 1899
f 1862 1900 1940
f 1912 1894 1849
f 1783 1974 1973
f 2063 1819 1929
f 1880 1942 1960
f 1797 1892 1962
f 1986 1882 1907
f 1919 1903 1841
f 1841 1851 1964
f 1914 1920 1870
f 1852 1965 1893
f 1931 1966 1871
f 1921 1894 2008
f 1932 1872 1873
f 1932 1923 2000
f 1854 2050 1801
f 1910 1859 1895
f 1956 1791 1792
f 1890 1956 1792
f 1934 1837 2015
f 1959 1927 1902
f 1902 1948 1959
f 1916 1880 1953
f 1920 1964 1851
f 1832 1823 1989
f 1970 1890 1897
f 2011 1946 1898
f 1947 1877 1958
f 1880 1960 1953
f 1935 1839 1826
f 1962 1935 1797
f 1943 1963 1884
f 1920 1914 1944
f 1965 1914 1893
f 1951 1857 1853
f 1989 1936 1832
f 1922 1989 1823
f 2050 1945 1801
f 1926 1915 2002
f 1905 1909 2033
f 1889 2033 1909
f 1834 1859 2004
f 1890 1970 1969
f 1933 1891 1939
f 1881 1917 1950
f 1963 1996 1869
f 1908 1943 1884
f 1987 1908 1903
f 1841 1964 1919
f 1923 1924 2000
f 1904 1983 1887
f 1876 2002 1915
f 1906 1938 2010
f 1933 2011 1898
f 1939 1899 2006
f 1947 2052 1912
f 1992 1958 1850
f 1850 1901 1992
f 1928 1879 2044
f 1953 1941 1916
f 1942 1839 1961
f 1949 1961 1839
f 1935 1949 1839
f 2022 1944 1914
f 2008 1967 1921
f 2032 1857 1951
f 1977 1951 1844
f 1845 1977 1844
f 1999 1922 1872
f 2000 1978 1932
f 2001 1924 1925
f 1979 2001 1925
f 2004 1889 1834
f 1957 1956 1890
f 1897 1946 1971
f 1952 1894 1912
f 1959 1993 1927
f 1879 2063 2029
f 1907 1918 2030
f 1868 2030 1918
f 1919 1987 1903
f 1965 2022 1914
f 1858 1977 1845
f 1872 1932 1978
f 1968 1980 2024
f 1887 1982 2050
f 1859 1910 2082
f 1984 1896 2025
f 1971 1970 1897
f 1783 1973 1865
f 1950 1962 1881
f 1996 1883 1913
f 1943 1908 2106
f 1987 2106 1908
f 1919 1964 1997
f 1944 1976 1920
f 1965 1852 2067
f 2057 2067 1852
f 1852 1930 2057
f 1931 2013 1966
f 1931 1955 2108
f 1955 1921 1967
f 1924 2001 2058
f 2002 1904 1926
f 1876 1905 2009
f 1910 1896 1990
f 2051 2010 1938
f 1938 1791 2051
f 1890 1969 1957
f 1933 1939 2006
f 2052 1952 1912
f 1964 1920 1976
f 1944 2022 2045
f 1998 2008 1894
f 1983 1982 1887
f 2033 2009 1905
f 2078 2033 1889
f 1889 2004 2078
f 1990 2082 1910
f 2011 1971 1946
f 1952 1998 1894
f 1992 1901 2043
f 1993 2015 1927
f 1948 1878 1975
f 1975 1878 1928
f 2044 1975 1928
f 2018 1935 1962
f 1883 1996 1954
f 1930 1966 2057
f 1951 1977 2074
f 2002 1876 2003
f 2009 2003 1876
f 1933 2006 2097
f 2007 1940 1900
f 1958 1992 2028
f 1959 1948 1994
f 1948 1975 2012
f 1929 1941 2016
f 1985 2016 1941
f 1941 1953 1985
f 1953 1960 1985
f 1960 1942 2054
f 1961 2054 1942
f 1935 2018 2017
f 1907 2065 1986
f 2030 1868 1954
f 1868 1883 1954
f 1997 1964 2090
f 1857 2032 1988
f 2032 1951 2074
f 1858 1936 2139
f 1979 1968 2001
f 1984 1990 1896
f 1969 2005 1957
f 2052 1947 2042
f 2028 2042 1947
f 1947 1958 2028
f 1901 1972 2043
f 2021 1973 1974
f 2014 1974 1934
f 2015 2014 1934
f 2012 1994 1948
f 1995 2018 1962
f 1986 2065 2019
f 2116 1987 1919
f 1964 1976 2090
f 2067 2022 1965
f 2013 1931 2108
f 2037 1999 1872
f 2024 2001 1968
f 1937 1886 2060
f 1945 2060 1886
f 1956 2051 1791
f 1899 1991 2006
f 1940 1991 1899
f 1900 1857 2007
f 1988 2007 1857
f 1952 2027 1998
f 2044 1879 2029
f 2016 2035 1929
f 1985 1960 2053
f 1962 1950 1995
f 1976 1944 2020
f 1955 1967 2072
f 1998 2046 2008
f 2024 1980 2059
f 1981 2059 1980
f 1969 1970 2026
f 1971 2011 2040
f 2062 1972 1865
f 1865 1973 2062
f 2063 1929 2035
f 2081 2016 1985
f 2053 1960 2054
f 1950 1917 1995
f 1944 2045 2020
f 2031 2057 1966
f 1966 2013 2031
f 1936 1989 2075
f 2050 2180 1945
f 2026 2005 1969
f 2097 2011 1933
f 2097 2006 1991
f 1991 1940 2007
f 2017 1949 1935
f 2030 2065 1907
f 1963 1943 2055
f 2038 1978 2000
f 2000 1924 2038
f 2001 2024 2023
f 2049 1945 2180
f 2033 2077 2009
f 2004 1859 2208
f 2079 2082 1990
f 2040 2026 1970
f 1970 1971 2040
f 2104 2028 1992
f 1992 2043 2104
f 1974 2014 2021
f 1995 1917 2019
f 1986 2019 1917
f 1954 1996 2036
f 1943 2106 2055
f 2046 1967 2008
f 1983 1904 2039
f 2002 2039 1904
f 2003 2009 2077
f 2025 2141 1984
f 2015 1993 2113
f 1954 2036 2115
f 2090 1976 2117
f 2056 2020 2045
f 2022 2067 2118
f 2132 2031 2013
f 2108 2132 2013
f 1967 2046 2073
f 2046 1998 2027
f 2007 1988 2084
f 2048 2075 1989
f 1989 1922 2048
f 1872 1978 2037
f 2058 2038 1924
f 1937 2076 1981
f 2208 2078 2004
f 2082 2208 1859
f 1990 1984 2061
f 1957 2111 1956
f 2042 2028 2034
f 1996 1963 2036
f 2022 2131 2045
f 2072 2108 1955
f 2076 2059 1981
f 1982 1983 2039
f 2095 2079 1990
f 1984 2141 2061
f 1957 2005 2111
f 2011 2097 2126
f 1952 2052 2080
f 2113 1993 2088
f 1993 1959 2088
f 1994 2088 1959
f 1954 2115 2030
f 2086 2117 1976
f 1858 2093 1977
f 2139 1936 2075
f 2023 2058 2001
f 2076 1937 2060
f 2095 1990 2061
f 2051 2142 2010
f 2097 1991 2041
f 2084 2098 2007
f 2027 1952 2071
f 2104 2034 2028
f 1972 2105 2043
f 2062 2105 1972
f 1973 2021 2062
f 2014 2015 2113
f 2054 1961 2064
f 1961 1949 2064
f 1919 1997 2116
f 2086 1976 2020
f 2118 2131 2022
f 2032 2074 2047
f 1922 1999 2048
f 2094 2037 1978
f 2049 2060 1945
f 2003 2039 2002
f 2033 2078 2069
f 1906 2010 2142
f 2081 2146 2035
f 2016 2081 2035
f 2081 1985 2122
f 2053 2122 1985
f 2114 1949 2017
f 2019 2100 1995
f 2139 2093 1858
f 2110 2023 2024
f 2039 2003 2133
f 2003 2077 2133
f 2025 1911 2141
f 1991 2007 2098
f 1994 2012 2099
f 2018 1995 2100
f 2089 2123 2065
f 2065 2030 2089
f 2036 1963 2066
f 2055 2066 1963
f 2106 1987 2191
f 2107 2056 2045
f 2046 2027 2071
f 2075 2048 2124
f 1982 2180 2050
f 2135 2082 2079
f 1911 1906 2246
f 2070 2051 1956
f 1956 2111 2070
f 2143 2165 2026
f 2026 2040 2143
f 2011 2126 2136
f 1991 2098 2041
f 2137 2080 2052
f 2052 2042 2137
f 2112 2104 2043
f 2043 2105 2112
f 2088 1994 2155
f 2012 1975 2099
f 2054 2200 2053
f 1987 2116 2191
f 2131 2107 2045
f 2072 1967 2073
f 2024 2059 2110
f 2077 2033 2069
f 2111 2005 2096
f 2005 2026 2096
f 2040 2011 2103
f 2034 2137 2042
f 1975 2044 2129
f 2029 2129 2044
f 2200 2054 2157
f 2054 2064 2211
f 1949 2114 2064
f 2019 2065 2123
f 2067 2057 2171
f 2057 2031 2171
f 2073 2068 2072
f 2092 2084 1988
f 1988 2032 2092
f 2074 1977 2093
f 2125 2094 1978
f 2060 2049 2121
f 2180 2121 2049
f 2180 1982 2101
f 2102 2079 2095
f 2142 2051 2087
f 2083 2087 2051
f 2051 2070 2083
f 2103 2011 2136
f 1952 2080 2162
f 2085 2021 2014
f 2099 2155 1994
f 2063 2035 2146
f 2158 2100 2019
f 2192 2191 2116
f 2116 1997 2218
f 2020 2056 2091
f 2047 2092 2032
f 2038 2125 1978
f 2119 2038 2058
f 2058 2023 2119
f 2023 2110 2119
f 2110 2059 2140
f 2059 2076 2140
f 1982 2039 2101
f 2133 2101 2039
f 2078 2208 2284
f 2273 2102 2095
f 2165 2096 2026
f 2040 2103 2143
f 2014 2113 2085
f 2211 2157 2054
f 2089 2030 2138
f 2115 2138 2030
f 2066 2055 2169
f 2106 2169 2055
f 2171 2118 2067
f 2073 2046 2174
f 2060 2121 2120
f 2133 2077 2181
f 2069 2078 2196
f 2098 2084 2127
f 2071 1952 2162
f 2144 2105 2062
f 2029 2063 2168
f 2146 2168 2063
f 2158 2019 2123
f 2090 2218 1997
f 2132 2171 2031
f 2074 2093 2159
f 2139 2075 2124
f 1999 2037 2048
f 2134 2181 2077
f 2077 2069 2134
f 2208 2082 2135
f 2246 2141 1911
f 2034 2104 2167
f 2274 2113 2088
f 2155 2274 2088
f 2129 2099 1975
f 2017 2203 2114
f 2018 2100 2182
f 2090 2117 2173
f 2091 2086 2020
f 2131 2118 2193
f 2109 2147 2068
f 2068 2073 2109
f 2073 2174 2109
f 2092 2127 2084
f 2148 2047 2074
f 2069 2196 2134
f 2095 2061 2273
f 2165 2186 2096
f 2041 2098 2209
f 2099 2129 2216
f 2129 2029 2168
f 2122 2053 2200
f 2068 2108 2072
f 2093 2139 2149
f 2120 2121 2179
f 2180 2179 2121
f 2133 2164 2101
f 2284 2196 2078
f 2102 2135 2079
f 2041 2166 2097
f 2162 2153 2071
f 2162 2080 2238
f 2137 2238 2080
f 2167 2137 2034
f 2112 2167 2104
f 2182 2017 2018
f 2158 2182 2100
f 2089 2138 2190
f 2173 2218 2090
f 2086 2275 2117
f 2108 2068 2147
f 2109 2174 2213
f 2163 2037 2094
f 2094 2125 2163
f 2038 2119 2125
f 2101 2150 2180
f 2246 1906 2160
f 2142 2160 1906
f 2070 2111 2228
f 2209 2098 2152
f 2127 2152 2098
f 2128 2062 2021
f 2085 2128 2021
f 2146 2081 2156
f 2192 2116 2218
f 2275 2173 2117
f 2275 2086 2091
f 2130 2091 2056
f 2118 2171 2193
f 2132 2108 2183
f 2244 2163 2125
f 2184 2125 2119
f 2257 2083 2070
f 2197 2103 2136
f 2166 2136 2126
f 2209 2166 2041
f 2154 2112 2105
f 2144 2154 2105
f 2113 2274 2145
f 2081 2122 2156
f 2122 2200 2210
f 2066 2223 2036
f 2169 2106 2191
f 2174 2046 2306
f 2175 2306 2046
f 2047 2214 2092
f 2125 2184 2244
f 2176 2184 2119
f 2119 2110 2176
f 2140 2076 2177
f 2060 2177 2076
f 2142 2087 2151
f 2185 2228 2111
f 2111 2096 2185
f 2186 2165 2229
f 2197 2143 2103
f 2126 2097 2166
f 2062 2128 2144
f 2145 2085 2113
f 2190 2123 2089
f 2223 2233 2115
f 2115 2036 2223
f 2132 2183 2171
f 2153 2175 2046
f 2046 2071 2153
f 2139 2124 2205
f 2124 2048 2205
f 2048 2037 2262
f 2120 2177 2060
f 2164 2133 2181
f 2186 2215 2096
f 2210 2156 2122
f 2064 2114 2202
f 2115 2233 2138
f 2241 2130 2056
f 2056 2107 2241
f 2219 2262 2037
f 2140 2176 2110
f 2179 2178 2120
f 2160 2142 2151
f 2087 2083 2265
f 2187 2154 2144
f 2301 2128 2085
f 2155 2099 2198
f 2099 2216 2198
f 2107 2131 2212
f 2193 2212 2131
f 2183 2108 2242
f 2108 2147 2242
f 2127 2092 2161
f 2148 2074 2159
f 2257 2070 2228
f 2172 2152 2127
f 2162 2230 2153
f 2145 2274 2239
f 2287 2274 2155
f 2198 2287 2155
f 2200 2157 2201
f 2318 2201 2157
f 2202 2211 2064
f 2217 2158 2123
f 2190 2217 2123
f 2091 2130 2170
f 2214 2161 2092
f 2243 2214 2047
f 2148 2243 2047
f 2159 2243 2148
f 2093 2261 2159
f 2226 2273 2061
f 2061 2141 2226
f 2246 2227 2141
f 2215 2185 2096
f 2136 2166 2197
f 2167 2112 2232
f 2168 2146 2199
f 2156 2199 2146
f 2066 2169 2251
f 2194 2147 2109
f 2109 2213 2194
f 2149 2139 2308
f 2205 2308 2139
f 2163 2219 2037
f 2177 2120 2178
f 2101 2164 2220
f 2227 2226 2141
f 2257 2265 2083
f 2229 2165 2247
f 2165 2143 2247
f 2161 2172 2127
f 2129 2168 2199
f 2203 2202 2114
f 2182 2203 2017
f 2183 2193 2171
f 2207 2181 2134
f 2134 2196 2207
f 2256 2207 2196
f 2238 2231 2162
f 2232 2112 2267
f 2301 2187 2144
f 2144 2128 2301
f 2173 2275 2320
f 2194 2242 2147
f 2271 2213 2174
f 2306 2271 2174
f 2338 2205 2048
f 2048 2262 2338
f 2163 2244 2254
f 2177 2178 2206
f 2220 2195 2101
f 2263 2208 2135
f 2263 2135 2102
f 2102 2273 2263
f 2215 2186 2229
f 2143 2197 2247
f 2231 2230 2162
f 2154 2187 2221
f 2289 2199 2156
f 2188 2289 2156
f 2211 2318 2157
f 2203 2182 2204
f 2189 2204 2182
f 2182 2158 2189
f 2191 2329 2169
f 2149 2261 2093
f 2244 2184 2236
f 2176 2236 2184
f 2177 2206 2140
f 2263 2280 2208
f 2265 2151 2087
f 2238 2137 2259
f 2137 2167 2259
f 2232 2259 2167
f 2267 2112 2154
f 2154 2221 2267
f 2198 2216 2240
f 2216 2129 2288
f 2199 2288 2129
f 2188 2156 2210
f 2251 2223 2066
f 2091 2252 2275
f 2130 2241 2276
f 2243 2159 2261
f 2176 2140 2224
f 2179 2245 2178
f 2297 2256 2196
f 2196 2284 2297
f 2226 2227 2264
f 2215 2401 2185
f 2229 2258 2215
f 2197 2166 2248
f 2249 2248 2166
f 2166 2209 2249
f 2298 2209 2152
f 2161 2214 2172
f 2240 2287 2198
f 2289 2302 2199
f 2200 2201 2210
f 2303 2211 2202
f 2158 2217 2189
f 2091 2170 2252
f 2170 2130 2270
f 2276 2270 2130
f 2212 2241 2107
f 2175 2153 2299
f 2153 2230 2299
f 2219 2163 2254
f 2206 2224 2140
f 2179 2180 2150
f 2181 2207 2225
f 2280 2284 2208
f 2248 2247 2197
f 2152 2172 2298
f 2315 2221 2187
f 2301 2085 2327
f 2302 2260 2199
f 2303 2318 2211
f 2268 2202 2203
f 2251 2169 2329
f 2192 2218 2269
f 2234 2212 2193
f 2193 2183 2234
f 2183 2242 2234
f 2194 2213 2235
f 2150 2101 2195
f 2164 2181 2225
f 2215 2258 2266
f 2209 2298 2249
f 2085 2145 2327
f 2288 2240 2216
f 2288 2199 2260
f 2188 2210 2369
f 2204 2268 2203
f 2222 2189 2217
f 2190 2138 2250
f 2233 2250 2138
f 2218 2173 2269
f 2242 2194 2253
f 2271 2306 2383
f 2236 2176 2224
f 2245 2309 2178
f 2164 2399 2220
f 2172 2214 2314
f 2187 2301 2315
f 2329 2191 2358
f 2191 2192 2358
f 2235 2213 2295
f 2213 2271 2295
f 2309 2206 2178
f 2245 2179 2279
f 2256 2225 2207
f 2264 2273 2226
f 2160 2151 2312
f 2237 2257 2228
f 2228 2185 2400
f 2401 2400 2185
f 2281 2232 2267
f 2321 2252 2170
f 2170 2270 2321
f 2299 2230 2342
f 2244 2236 2345
f 2272 2345 2236
f 2224 2255 2236
f 2150 2279 2179
f 2256 2297 2311
f 2246 2160 2341
f 2312 2151 2455
f 2265 2455 2151
f 2354 2258 2229
f 2231 2238 2355
f 2259 2355 2238
f 2145 2239 2373
f 2250 2217 2190
f 2223 2251 2233
f 2269 2358 2192
f 2241 2212 2294
f 2277 2294 2212
f 2234 2277 2212
f 2235 2253 2194
f 2299 2306 2175
f 2243 2261 2282
f 2378 2254 2244
f 2345 2378 2244
f 2224 2206 2339
f 2225 2399 2164
f 2264 2227 2323
f 2340 2323 2227
f 2227 2246 2340
f 2341 2340 2246
f 2333 2237 2228
f 2401 2215 2266
f 2248 2249 2368
f 2286 2298 2172
f 2314 2286 2172
f 2259 2232 2355
f 2301 2327 2335
f 2373 2327 2145
f 2290 2303 2202
f 2202 2268 2290
f 2204 2189 2319
f 2292 2319 2189
f 2217 2250 2222
f 2352 2233 2251
f 2275 2252 2344
f 2242 2277 2234
f 2253 2235 2360
f 2296 2314 2214
f 2261 2149 2278
f 2308 2278 2149
f 2308 2205 2338
f 2236 2255 2272
f 2150 2195 2310
f 2273 2264 2353
f 2237 2265 2257
f 2228 2400 2333
f 2229 2247 2334
f 2285 2334 2247
f 2247 2248 2285
f 2230 2231 2342
f 2324 2355 2232
f 2325 2324 2232
f 2326 2267 2221
f 2239 2274 2350
f 2288 2260 2328
f 2189 2222 2292
f 2329 2352 2251
f 2173 2320 2330
f 2235 2295 2336
f 2243 2296 2214
f 2219 2254 2410
f 2279 2438 2245
f 2399 2332 2220
f 2311 2346 2256
f 2415 2280 2263
f 2248 2368 2285
f 2300 2342 2231
f 2355 2300 2231
f 2267 2326 2281
f 2201 2369 2210
f 2268 2204 2291
f 2269 2173 2330
f 2293 2276 2241
f 2294 2293 2241
f 2253 2277 2242
f 2282 2296 2243
f 2384 2338 2262
f 2262 2219 2384
f 2225 2256 2346
f 2297 2284 2283
f 2274 2287 2350
f 2318 2317 2201
f 2291 2290 2268
f 2252 2321 2344
f 2305 2270 2276
f 2293 2305 2276
f 2363 2295 2271
f 2378 2331 2254
f 2264 2323 2366
f 2312 2341 2160
f 2258 2459 2266
f 2334 2354 2229
f 2249 2298 2388
f 2302 2289 2442
f 2222 2250 2371
f 2321 2270 2359
f 2305 2359 2270
f 2336 2360 2235
f 2282 2261 2307
f 2206 2309 2380
f 2309 2245 2438
f 2195 2220 2310
f 2332 2310 2220
f 2284 2280 2283
f 2263 2273 2415
f 2273 2353 2415
f 2264 2366 2353
f 2265 2237 2313
f 2354 2459 2258
f 2298 2286 2348
f 2397 2348 2286
f 2286 2314 2397
f 2232 2281 2325
f 2315 2326 2221
f 2316 2350 2287
f 2287 2240 2316
f 2351 2240 2288
f 2288 2328 2351
f 2343 2442 2289
f 2304 2292 2222
f 2371 2304 2222
f 2250 2233 2357
f 2322 2293 2294
f 2277 2322 2294
f 2306 2299 2417
f 2255 2224 2364
f 2339 2206 2398
f 2438 2279 2385
f 2280 2415 2283
f 2388 2298 2348
f 2315 2301 2372
f 2335 2372 2301
f 2260 2302 2442
f 2304 2371 2374
f 2277 2253 2389
f 2360 2389 2253
f 2383 2363 2271
f 2417 2383 2306
f 2410 2384 2219
f 2410 2254 2331
f 2380 2398 2206
f 2150 2365 2279
f 2414 2346 2311
f 2297 2414 2311
f 2265 2313 2455
f 2334 2285 2347
f 2349 2417 2299
f 2342 2349 2299
f 2289 2188 2343
f 2317 2318 2433
f 2405 2357 2233
f 2233 2352 2405
f 9711 2344 2321
f 2322 2277 2389
f 2295 2363 2362
f 2278 2337 2261
f 2379 2345 2272
f 2272 2255 2379
f 2339 2364 2224
f 2399 2225 2391
f 2459 2401 2266
f 2347 2402 2334
f 2285 2368 2347
f 2404 2325 2281
f 2370 2319 2292
f 2352 2329 2436
f 2448 2269 2330
f 2320 2275 2406
f 2344 2406 2275
f 2336 2295 2361
f 2337 2307 2261
f 2225 2346 2454
f 2387 2283 2415
f 2400 2505 2333
f 2354 2334 2402
f 2457 2327 2373
f 2328 2260 2430
f 2442 2430 2260
f 2201 2317 2431
f 2292 2304 2370
f 2436 2329 2471
f 2329 2358 2471
f 2360 2336 2361
f 2362 2361 2295
f 2409 2308 2338
f 2338 2384 2409
f 2364 2339 2398
f 2438 2380 2309
f 2365 2385 2279
f 2283 2414 2297
f 2353 2439 2415
f 2340 2488 2323
f 2249 2388 2368
f 2296 2397 2314
f 2349 2342 2403
f 2457 2335 2327
f 2343 2188 2356
f 2431 2317 2432
f 2433 2432 2317
f 2357 2381 2250
f 2330 2320 2448
f 2406 2344 2443
f 2344 9711 2443
f 2445 2359 2305
f 2296 2282 2377
f 2411 2378 2345
f 2379 2411 2345
f 2364 2452 2255
f 2150 2310 2386
f 2414 2283 2426
f 2340 2341 2367
f 2300 2403 2342
f 2404 2324 2325
f 2356 2188 2369
f 2369 2201 2431
f 2470 2434 2290
f 2290 2291 2470
f 2319 2291 2204
f 2374 2370 2304
f 2381 2371 2250
f 2381 2357 2375
f 2305 2293 2445
f 2382 2445 2293
f 2293 2322 2382
f 2424 2296 2377
f 2408 2278 2308
f 2386 2365 2150
f 2391 2487 2399
f 2454 2391 2225
f 2454 2346 2414
f 2488 2366 2323
f 2367 2341 2474
f 2341 2312 2474
f 2455 2474 2312
f 2468 2313 2237
f 2237 2333 2468
f 2505 2468 2333
f 2388 2428 2368
f 2315 2372 2573
f 2239 2350 2421
f 2350 2316 2393
f 2442 2343 2394
f 2462 2394 2343
f 2434 2303 2290
f 2405 2375 2357
f 2359 2445 2422
f 2389 2360 2361
f 2390 2376 2362
f 2407 2362 2363
f 2383 2407 2363
f 2397 2296 2424
f 2308 2409 2408
f 2387 2426 2283
f 2353 2366 2439
f 2402 2392 2354
f 2347 2368 2440
f 2388 2348 2428
f 2423 2428 2348
f 2417 2349 2456
f 2315 2573 2420
f 2421 2373 2239
f 2350 2393 2421
f 2446 2316 2240
f 2240 2351 2446
f 2356 2369 2431
f 2303 2433 2318
f 2381 2396 2371
f 2405 2352 2436
f 2376 2361 2362
f 2282 2307 2377
f 2379 2255 2452
f 2380 2425 2398
f 2392 2459 2354
f 2348 2397 2423
f 2419 2281 2326
f 2356 2462 2343
f 2396 2395 2374
f 2374 2371 2396
f 2322 2389 2522
f 2407 2390 2362
f 2450 2331 2378
f 2378 2411 2450
f 2452 2364 2453
f 2444 2425 2380
f 2413 2454 2414
f 2456 2349 2551
f 2300 2355 2418
f 2355 2324 2418
f 2420 2326 2315
f 2481 2573 2372
f 2372 2335 2481
f 2416 2522 2389
f 2389 2361 2416
f 2376 2416 2361
f 2417 2407 2383
f 2307 2337 2449
f 2364 2398 2486
f 2380 2438 2444
f 2438 2385 2502
f 2412 2502 2385
f 2488 2340 2367
f 2313 2494 2455
f 2459 2427 2401
f 2368 2428 2440
f 2403 2551 2349
f 2418 2429 2300
f 2419 2404 2281
f 2351 2328 2490
f 2430 2490 2328
f 2470 2291 2319
f 2395 2370 2374
f 2358 2269 2471
f 2376 2390 2441
f 2397 2424 2460
f 2377 2307 2449
f 2453 2364 2486
f 2365 2560 2385
f 2487 2391 2466
f 2454 2466 2391
f 2421 2457 2373
f 2574 2393 2316
f 2434 2433 2303
f 2375 2405 2447
f 2269 2448 2471
f 2522 2382 2322
f 2423 2397 2460
f 2492 2449 2337
f 2337 2278 2492
f 2410 2331 2501
f 2451 2411 2379
f 2425 2486 2398
f 2529 2438 2502
f 2412 2385 2560
f 2386 2310 2465
f 2332 2465 2310
f 2476 2505 2400
f 2402 2347 2489
f 2300 2541 2403
f 2495 2418 2324
f 2404 2495 2324
f 2335 2457 2481
f 2316 2446 2574
f 2442 2394 2496
f 2370 2395 2483
f 2381 2435 2396
f 2447 2405 2517
f 2436 2517 2405
f 2320 2406 2437
f 2458 2437 2406
f 2443 2458 2406
f 2445 2484 2422
f 2416 2376 2478
f 2441 2478 2376
f 2441 2390 2499
f 2390 2407 2499
f 2407 2417 2480
f 2408 2492 2278
f 2409 2558 2408
f 2409 2384 2485
f 2384 2410 2485
f 2452 2451 2379
f 2452 2453 2464
f 2413 2414 2562
f 2467 2426 2387
f 2493 2387 2415
f 2439 2493 2415
f 2521 2392 2402
f 2478 2461 2416
f 2429 2541 2300
f 2514 2421 2393
f 2490 2430 2482
f 2496 2394 2462
f 2395 2396 2435
f 2473 2377 2449
f 2386 2510 2365
f 2387 2493 2467
f 2313 2468 2504
f 2400 2401 2476
f 2427 2476 2401
f 2440 2489 2347
f 2428 2423 2477
f 2441 2499 2479
f 2490 2446 2351
f 2430 2442 2482
f 2460 2424 2463
f 2579 2473 2449
f 2501 2485 2410
f 2529 2444 2438
f 2465 2510 2386
f 2520 2562 2414
f 2414 2426 2520
f 2439 2366 2515
f 2366 2488 2515
f 2428 2506 2440
f 2420 2419 2326
f 2574 2514 2393
f 2496 2482 2442
f 2462 2356 2614
f 2470 2319 2507
f 2435 2483 2395
f 2560 2365 2510
f 2515 2503 2439
f 2468 2505 2512
f 2427 2459 2570
f 2489 2521 2402
f 2489 2440 2506
f 2484 2445 2469
f 2445 2382 2469
f 2382 2522 2469
f 2461 2522 2416
f 2480 2417 2456
f 2525 2541 2429
f 2404 2530 2495
f 2421 2514 2516
f 2614 2531 2462
f 2319 2370 2507
f 2370 2483 2507
f 2435 2381 2532
f 2375 2532 2381
f 2528 2448 2320
f 2437 2528 2320
f 2449 2492 2579
f 2509 2501 2331
f 2503 2493 2439
f 2504 2494 2313
f 2500 2499 2407
f 2407 2480 2500
f 2404 2419 2542
f 2481 2457 2513
f 2555 2457 2421
f 2421 2516 2555
f 2434 2526 2433
f 2508 2458 2443
f 2508 2443 9710
f 2463 2536 2460
f 2558 2492 2408
f 2409 2485 2596
f 2331 2450 2509
f 2486 2425 2597
f 2537 2597 2425
f 2465 2332 2511
f 2426 2467 2520
f 2474 2455 2475
f 2423 2460 2557
f 2536 2557 2460
f 2479 2491 2478
f 2478 2441 2479
f 2600 2479 2499
f 2541 2551 2403
f 2418 2525 2429
f 2572 2542 2419
f 2419 2420 2572
f 2447 2498 2375
f 2517 2436 2518
f 2436 2471 2518
f 2528 2471 2448
f 2451 2450 2411
f 2451 2452 2580
f 2452 2464 2580
f 2425 2444 2537
f 2560 2559 2412
f 2332 2399 2511
f 2413 2562 2553
f 2494 2475 2455
f 2613 2504 2468
f 2506 2428 2477
f 2404 2542 2530
f 2457 2543 2513
f 2457 2555 2543
f 2433 2545 2432
f 2483 2435 2497
f 2458 2533 2437
f 2464 2453 2581
f 2620 2529 2502
f 2559 2502 2412
f 2487 2511 2399
f 2553 2454 2413
f 2367 2564 2488
f 2459 2392 2578
f 2521 2578 2392
f 2489 2534 2521
f 2557 2477 2423
f 2491 2548 2478
f 2495 2525 2418
f 2573 2481 2513
f 2490 2482 2584
f 2531 2496 2462
f 2431 2432 2544
f 2526 2545 2433
f 2434 2470 2546
f 2497 2507 2483
f 2532 2375 2498
f 2453 2486 2597
f 2589 2493 2503
f 2564 2515 2488
f 2512 2613 2468
f 2505 2476 2554
f 2578 2570 2459
f 2590 2446 2490
f 2356 2431 2544
f 2526 2434 2605
f 2507 2497 2527
f 2498 2447 2517
f 2522 2461 2523
f 2461 2478 2548
f 2499 2500 2576
f 2577 2480 2456
f 2537 2444 2538
f 2444 2529 2538
f 2553 2466 2454
f 2474 2475 2612
f 2570 2540 2427
f 2535 2506 2477
f 2584 2590 2490
f 2458 2508 2607
f 2548 2523 2461
f 2491 2479 2549
f 2576 2600 2499
f 2551 2577 2456
f 2587 2596 2485
f 2485 2501 2587
f 2502 2559 2620
f 2465 2539 2510
f 2511 2582 2465
f 2511 2487 2672
f 2466 2672 2487
f 2467 2493 2589
f 2554 2512 2505
f 2476 2427 2540
f 2547 2519 2472
f 2472 2469 2547
f 2469 2522 2547
f 2549 2479 2600
f 2480 2577 2550
f 2551 2541 2571
f 2525 2567 2541
f 2446 2556 2574
f 2585 2496 2604
f 2496 2531 2604
f 2614 2356 2544
f 2434 2546 2605
f 2568 2546 2470
f 2470 2507 2568
f 2592 2568 2507
f 2497 2435 2622
f 2471 2528 2518
f 2596 2558 2409
f 2552 2581 2453
f 2582 2539 2465
f 2367 2474 2699
f 2612 2699 2474
f 2512 2554 2613
f 2540 2554 2476
f 2495 2530 2665
f 2420 2573 2572
f 2622 2527 2497
f 2532 2622 2435
f 2533 2528 2437
f 2607 2533 2458
f 2579 2492 2632
f 2515 2598 2503
f 2564 2661 2515
f 2521 2534 2578
f 2536 2623 2557
f 9591 2536 2463
f 2524 2576 2500
f 2500 2480 2524
f 2446 2590 2556
f 2507 2527 2592
f 2532 2498 2617
f 2498 2517 2617
f 2575 2617 2517
f 9707 2472 2519
f 2509 2588 2501
f 2597 2552 2453
f 2560 2510 2539
f 2672 2466 2561
f 2553 2561 2466
f 2598 2589 2503
f 2661 2598 2515
f 2570 2569 2540
f 2489 2506 2619
f 2557 2535 2477
f 2565 2547 2522
f 2522 2523 2565
f 2662 2548 2491
f 2628 2567 2525
f 2525 2495 2628
f 2590 2584 2646
f 2591 2584 2482
f 2482 2496 2591
f 2585 2591 2496
f 2544 2432 2545
f 2632 2492 2558
f 2641 2450 2451
f 2464 2581 2580
f 2535 2619 2506
f 2549 2662 2491
f 2480 2550 2524
f 2594 2550 2577
f 2602 2572 2573
f 2574 2516 2514
f 2533 2618 2528
f 2473 2579 2609
f 2580 2641 2451
f 2597 2537 2690
f 2529 2652 2538
f 2562 2520 2583
f 2569 2570 2626
f 2567 2571 2541
f 2705 2530 2542
f 2542 2572 2683
f 2602 2573 2513
f 2614 2604 2531
f 2545 2526 2616
f 2605 2616 2526
f 2518 2575 2517
f 2565 2523 2648
f 2548 2648 2523
f 2566 2524 2550
f 2577 2551 2595
f 2580 2581 2633
f 2529 2620 2652
f 2553 2562 2610
f 2589 2563 2467
f 2635 2598 2661
f 2475 2494 2625
f 2700 2613 2554
f 2540 2569 2554
f 2683 2705 2542
f 2555 2516 2629
f 2586 2605 2546
f 2622 2606 2527
f 2593 2622 2532
f 2518 2639 2575
f 2528 2639 2518
f 2547 2599 2519
f 2549 2600 2663
f 2594 2566 2550
f 2619 2534 2489
f 2641 2509 2450
f 2537 2538 2651
f 2583 2610 2562
f 2520 2467 2583
f 2467 2563 2583
f 2565 2599 2547
f 2571 2595 2551
f 2571 2567 2601
f 2543 2555 2603
f 2555 2629 2603
f 2604 2614 2647
f 2544 2545 2615
f 2616 2615 2545
f 2546 2568 2586
f 2592 2527 2606
f 2533 2607 2631
f 2536 9591 2608
f 2588 2587 2501
f 2580 2633 2624
f 2552 2633 2581
f 2494 2504 2625
f 2570 2578 2644
f 2623 2535 2557
f 2574 2556 2637
f 2614 2544 2615
f 2548 2662 2657
f 2600 2576 2649
f 2601 2595 2571
f 2623 2536 2650
f 2651 2690 2537
f 2559 2560 2634
f 2560 2539 2634
f 2553 2673 2561
f 2589 2611 2563
f 2598 2611 2589
f 2747 2661 2564
f 2367 2747 2564
f 2636 2625 2504
f 2730 2683 2572
f 9708 2519 2627
f 2599 2627 2519
f 2663 2677 2549
f 2524 2649 2576
f 2594 2577 2640
f 2632 2709 2579
f 2710 2687 2587
f 2587 2588 2710
f 2652 2651 2538
f 2652 2620 2671
f 2672 2561 2673
f 2504 2613 2636
f 2644 2626 2570
f 2665 2628 2495
f 2602 2730 2572
f 2684 2556 2590
f 2590 2646 2684
f 2585 2604 2638
f 2667 2617 2575
f 2639 2667 2575
f 2640 2566 2594
f 2595 2640 2577
f 2619 2535 2675
f 2650 2536 2658
f 2608 2658 2536
f 2609 2579 2709
f 2596 2587 2687
f 2552 2597 2670
f 2672 2582 2511
f 2553 2610 2642
f 2635 2611 2598
f 2554 2569 2653
f 2657 2648 2548
f 2662 2549 2677
f 2663 2600 2713
f 2649 2713 2600
f 2516 2574 2629
f 2574 2637 2629
f 2616 2605 2666
f 2568 2592 2586
f 2593 2617 2685
f 9709 2631 2607
f 2675 2535 2623
f 2632 2558 2698
f 2558 2596 2698
f 2624 2641 2580
f 2633 2552 2670
f 2652 2671 2712
f 2621 2642 2610
f 2610 2583 2621
f 2643 2563 2611
f 2699 2747 2367
f 2700 2636 2613
f 2601 2567 2654
f 2567 2628 2654
f 2774 2602 2513
f 2603 2513 2543
f 2584 2591 2646
f 2585 2731 2591
f 2615 2647 2614
f 2592 2606 2695
f 2667 2630 2617
f 2639 2528 2618
f 2644 2578 2682
f 2578 2534 2682
f 2509 2641 2659
f 2620 2559 2671
f 2768 2671 2559
f 2539 2582 2660
f 2673 2553 2642
f 2643 2611 2635
f 2627 2668 9708
f 2599 2565 2676
f 2649 2524 2664
f 2530 2705 2749
f 2513 2603 2774
f 2586 2666 2605
f 2696 2606 2622
f 2593 2696 2622
f 2685 2617 2630
f 2733 2618 2533
f 2533 2631 2733
f 2709 2608 2609
f 2641 2624 2688
f 2670 2597 2690
f 2583 2563 2680
f 2700 2554 2653
f 2653 2569 2701
f 2627 2599 2656
f 2676 2656 2599
f 2524 2566 2664
f 2691 2566 2640
f 2628 2665 2704
f 2749 2665 2530
f 2655 2603 2629
f 2679 2631 9709
f 2588 2509 2717
f 2509 2659 2717
f 2634 2768 2559
f 2634 2539 2660
f 2720 2680 2563
f 2563 2643 2720
f 2720 2643 2635
f 2612 2475 2721
f 2625 2721 2475
f 2569 2626 2701
f 2637 2655 2629
f 2645 2637 2556
f 2592 2695 2586
f 2668 2679 9708
f 2656 2668 2627
f 2565 2648 2676
f 2722 2664 2566
f 2534 2619 2674
f 2650 2658 2727
f 2717 2710 2588
f 2688 2659 2641
f 2689 2688 2624
f 2624 2633 2760
f 2673 2642 2746
f 2583 2680 2719
f 2625 2636 2773
f 2654 2628 2704
f 2645 2556 2684
f 2647 2615 2706
f 2615 2616 2678
f 2657 2676 2648
f 2682 2534 2674
f 2687 2698 2596
f 2624 2760 2689
f 2821 2760 2633
f 2670 2669 2633
f 2729 2690 2651
f 2651 2652 2729
f 2652 2712 2711
f 2642 2621 2746
f 2661 2681 2635
f 2701 2801 2653
f 2626 2644 2762
f 2682 2762 2644
f 2750 2602 2774
f 2666 2707 2616
f 2696 2695 2606
f 2697 2732 2667
f 2667 2639 2697
f 2639 2618 2697
f 2595 2702 2640
f 2601 2703 2595
f 2675 2623 2650
f 2673 2739 2672
f 2681 2720 2635
f 2636 2700 2692
f 2694 2676 2657
f 2662 2694 2657
f 2703 2714 2595
f 2774 2603 2771
f 2603 2763 2771
f 2775 2655 2637
f 2637 2645 2775
f 2591 2731 2646
f 2752 2604 2647
f 2706 2725 2647
f 2678 2706 2615
f 2668 2656 2755
f 2718 2669 2670
f 2711 2729 2652
f 2582 2738 2660
f 2582 2672 2761
f 2719 2823 2583
f 2773 2721 2625
f 2674 2619 2726
f 2675 2726 2619
f 2566 2691 2722
f 2691 2640 2781
f 2781 2640 2702
f 2702 2595 2714
f 2749 2705 2770
f 2603 2655 2763
f 2638 2731 2585
f 2638 2604 2765
f 2604 2752 2765
f 2586 2742 2666
f 2695 2802 2586
f 2679 2668 2686
f 2708 2675 2650
f 2650 2727 2708
f 2717 2659 2688
f 2669 2821 2633
f 2761 2738 2582
f 2746 2739 2673
f 2823 2621 2583
f 2747 2681 2661
f 2654 2703 2601
f 2741 2705 2683
f 2715 2741 2683
f 2707 2796 2616
f 2593 2685 2716
f 2630 2667 2810
f 2618 2733 2753
f 2631 2679 2734
f 2791 2658 2608
f 2709 2632 2798
f 2728 2718 2670
f 2670 2690 2728
f 2773 2636 2692
f 2744 2677 2663
f 2713 2744 2663
f 2683 2730 2715
f 2750 2730 2602
f 2645 2684 2772
f 2647 2725 2752
f 2678 2616 2796
f 2666 2742 2776
f 2732 2810 2667
f 2679 2686 2734
f 2668 2755 2686
f 2799 2698 2687
f 2710 2717 2759
f 2660 2784 2634
f 2699 2612 2911
f 2721 2911 2612
f 2736 2682 2674
f 2755 2656 2756
f 2656 2693 2756
f 2735 9590 2676
f 2676 2694 2735
f 2694 2662 2926
f 2743 2926 2662
f 2662 2677 2743
f 2677 2744 2743
f 2713 2649 2780
f 2664 2780 2649
f 2722 2691 2767
f 2704 2665 2740
f 2705 2741 2723
f 2742 2586 2802
f 2716 2696 2593
f 2727 2658 2758
f 2737 2759 2717
f 2729 2728 2690
f 2712 2671 2794
f 2818 2780 2664
f 2757 2767 2691
f 2703 2654 2782
f 2705 2723 2770
f 2724 2715 2730
f 2638 2765 2809
f 2776 2707 2666
f 2753 2697 2618
f 2698 2798 2632
f 2745 2717 2688
f 2794 2711 2712
f 2784 2660 2785
f 2739 2832 2672
f 2762 2682 2736
f 2807 2740 2665
f 2665 2749 2807
f 2646 2731 2815
f 2731 2638 2764
f 2788 2685 2630
f 2810 2788 2630
f 2753 2733 2899
f 2734 2733 2631
f 2675 2708 2726
f 2745 2737 2717
f 2875 2671 2768
f 2768 2634 2784
f 2832 2761 2672
f 2800 2692 2813
f 2748 2813 2692
f 2692 2700 2748
f 2700 2653 2748
f 2801 2748 2653
f 2626 2801 2701
f 2755 2754 2686
f 2735 2693 9590
f 2735 2694 9580
f 2704 2834 2654
f 2751 2772 2684
f 2684 2646 2751
f 2815 2751 2646
f 2809 2764 2638
f 2674 2726 2833
f 2726 2708 2833
f 2804 2833 2708
f 2758 2843 2727
f 2658 2791 2758
f 2792 2608 2709
f 2825 2681 2747
f 2773 2692 2800
f 2750 2724 2730
f 2734 2686 2754
f 2756 2693 2779
f 2766 2743 2744
f 2664 2722 2818
f 2852 2818 2722
f 2722 2767 2852
f 2714 2881 2702
f 2843 2804 2708
f 2708 2727 2843
f 2846 2687 2710
f 2710 2759 2846
f 2660 2738 2785
f 2823 2746 2621
f 2720 2681 2769
f 2654 2834 2782
f 2772 2775 2645
f 2716 2685 2788
f 2732 2697 2777
f 2753 2777 2697
f 9580 2694 2803
f 2744 2713 2790
f 2703 2881 2714
f 2736 2674 2783
f 2792 2791 2608
f 2689 2886 2688
f 2728 2729 2831
f 2729 2711 2831
f 2784 2785 2876
f 2822 2746 2823
f 2769 2805 2720
f 2747 2699 2842
f 2786 2842 2699
f 2911 2786 2699
f 2704 2740 2834
f 2859 2807 2749
f 2749 2770 2859
f 2723 2741 2913
f 2750 2774 2844
f 2775 2808 2655
f 2765 2752 2862
f 2696 2716 2787
f 2754 2755 2892
f 2756 2892 2755
f 2780 2790 2713
f 2819 2852 2767
f 2691 2781 2757
f 2833 2783 2674
f 2798 2698 2793
f 2846 2799 2687
f 2689 2760 2873
f 2821 2873 2760
f 2785 2738 2877
f 2680 2720 2805
f 2825 2769 2681
f 2814 2801 2626
f 2762 2814 2626
f 2763 2655 2845
f 2862 2809 2765
f 2678 2725 2706
f 2810 2732 2908
f 2893 2819 2767
f 2757 2893 2767
f 2793 2883 2798
f 2886 2745 2688
f 2821 2669 2865
f 2831 2718 2728
f 2671 2875 2841
f 2823 2719 2812
f 2719 2680 2812
f 2844 2724 2750
f 2867 2774 2771
f 2867 2771 2763
f 2775 2772 2827
f 2879 2815 2731
f 2764 2879 2731
f 2862 2752 2916
f 2725 2678 2816
f 2695 2835 2802
f 2696 2835 2695
f 2777 2836 2732
f 2733 2734 2899
f 2756 2779 2778
f 2926 2817 2694
f 2926 2743 2838
f 2820 2843 2758
f 2711 2794 2847
f 2794 2671 2841
f 2738 2761 2902
f 2832 2903 2761
f 2795 2832 2739
f 2739 2746 2795
f 2848 2812 2680
f 2769 2825 2948
f 2842 2825 2747
f 2721 2773 2806
f 2860 2844 2774
f 2845 2867 2763
f 2835 2696 2828
f 2797 2787 2716
f 2788 2797 2716
f 2836 2908 2732
f 2803 2694 2817
f 2799 2793 2698
f 2759 2737 2846
f 2768 2784 2921
f 2876 2785 3023
f 2877 3023 2785
f 2902 2877 2738
f 2806 2911 2721
f 2813 2957 2800
f 2826 2850 2762
f 2762 2736 2826
f 2774 2867 2860
f 2827 2772 2868
f 2751 2868 2772
f 2678 2796 2863
f 2734 2789 2899
f 2781 2702 2880
f 2881 2880 2702
f 2873 2864 2689
f 2840 2669 2718
f 2847 2831 2711
f 2901 2847 2794
f 2875 2768 2921
f 2876 2921 2784
f 2795 2746 2822
f 2680 2805 2848
f 2824 2805 2769
f 2813 2748 2855
f 2850 2856 2762
f 2913 2770 2723
f 2808 2845 2655
f 2827 2808 2775
f 2751 2815 2868
f 2879 2764 2890
f 2809 2890 2764
f 2707 2863 2796
f 2742 2802 2776
f 2899 2777 2753
f 2811 2789 2754
f 2778 2892 2756
f 2837 2779 9580
f 2743 2766 2838
f 2791 2820 2758
f 2791 2792 2872
f 2709 2798 2883
f 2864 2886 2689
f 2865 2669 2840
f 2825 2842 2878
f 2748 2801 2855
f 2801 2849 2855
f 2801 2814 2849
f 2783 2826 2736
f 2890 2809 2907
f 2725 2891 2752
f 2678 2863 2816
f 2776 2863 2707
f 2787 2828 2696
f 2857 2766 2744
f 2790 2857 2744
f 2790 2780 2935
f 2757 2781 2839
f 2881 2703 2830
f 2782 2830 2703
f 2820 2791 2872
f 2709 2882 2792
f 2884 2883 2793
f 2831 2840 2718
f 2841 2901 2794
f 2931 2805 2824
f 2800 2806 2773
f 2814 2762 2856
f 2834 2858 2782
f 2907 2809 2862
f 2917 2891 2725
f 2816 2917 2725
f 2788 2810 2953
f 2908 2953 2810
f 9755 2899 2789
f 2829 9755 2789
f 2789 2811 2829
f 2892 2811 2754
f 2778 2779 2851
f 2871 2837 9580
f 9580 2803 2871
f 2853 2893 2757
f 2880 2839 2781
f 2783 2833 2896
f 2833 2804 2964
f 2843 2964 2804
f 2900 2793 2799
f 2856 2849 2814
f 2752 2891 2916
f 2835 2979 2802
f 2892 2778 2851
f 2803 2817 2871
f 2926 2871 2817
f 2780 2818 2909
f 2818 2852 2909
f 2895 2783 2896
f 2873 2821 2938
f 2903 2902 2761
f 2823 2812 2887
f 2878 2948 2825
f 2878 2842 2854
f 2826 2783 2895
f 2740 2912 2834
f 2951 2859 2770
f 2770 2913 2951
f 2827 2868 2889
f 2776 2802 2962
f 2802 2979 2962
f 2883 2882 2709
f 2874 2847 2901
f 2866 2901 2841
f 2887 2822 2823
f 2812 2848 2894
f 2948 2824 2769
f 2905 2957 2813
f 2855 2905 2813
f 2896 2833 2964
f 2912 2858 2834
f 2898 2815 2879
f 2777 2899 2945
f 2811 2924 2829
f 2779 2837 2870
f 2935 2780 2909
f 2920 2737 2745
f 2864 2873 2928
f 2865 2938 2821
f 2875 2866 2841
f 2903 2832 2904
f 2832 2974 2904
f 2812 2894 2887
f 2805 2931 2848
f 2786 2854 2842
f 2888 2806 2800
f 2892 2924 2811
f 2927 2830 2782
f 2858 2927 2782
f 2941 2741 2715
f 2861 2867 2845
f 2952 2845 2808
f 2934 2917 2816
f 2863 2934 2816
f 2777 2919 2836
f 2900 2884 2793
f 2846 2737 2972
f 2831 2847 2874
f 2800 2957 2888
f 2933 2964 2843
f 2914 2724 2844
f 2860 2914 2844
f 2868 2815 2915
f 2898 2915 2815
f 2863 2776 2869
f 2962 2869 2776
f 2835 2828 2979
f 2874 2840 2831
f 2910 2894 2848
f 2855 2849 2949
f 2964 2963 2896
f 2820 2933 2843
f 2851 2779 2870
f 2870 2837 2925
f 2925 2837 2871
f 2766 2857 2969
f 2909 2852 2819
f 2906 2807 2859
f 2859 2951 2906
f 2860 2867 2943
f 2919 2908 2836
f 2885 2900 2799
f 2799 2846 2885
f 2745 2886 3074
f 2937 2886 2864
f 2929 2865 3002
f 2865 2840 3002
f 2956 2931 2824
f 2855 2949 2905
f 2856 2949 2849
f 2895 3009 2826
f 2807 2912 2740
f 2913 2741 3100
f 2715 2724 2941
f 2918 2828 2787
f 2953 2797 2788
f 2777 2945 2919
f 2839 2853 2757
f 2936 2933 2820
f 2872 2936 2820
f 2872 2792 2965
f 2882 2965 2792
f 3034 2885 2846
f 2920 2972 2737
f 2920 2745 3074
f 2938 2928 2873
f 2921 3004 2875
f 2904 2973 2903
f 2974 2832 2975
f 2795 2975 2832
f 2795 2822 2939
f 2887 2993 2822
f 2848 2931 2910
f 2932 2911 2806
f 2806 2888 2932
f 2850 2826 3009
f 2858 2912 2897
f 2944 2861 2845
f 2808 2827 2952
f 2869 2934 2863
f 2892 2851 2998
f 2969 2838 2766
f 3022 2839 2880
f 2927 2858 3064
f 2965 2882 3092
f 2846 2972 3034
f 2901 2866 2930
f 2887 2894 2947
f 2941 3100 2741
f 2724 2914 2960
f 2861 2943 2867
f 2862 2916 3010
f 2967 3031 2891
f 2891 2917 2967
f 2787 2797 2918
f 2899 9755 3045
f 2819 2893 2989
f 2853 2989 2893
f 2880 2881 3000
f 2881 2830 2959
f 2965 2936 2872
f 2928 2938 3057
f 2840 2874 3003
f 2903 2973 2902
f 2894 2910 2947
f 2923 2888 2957
f 2912 2807 2985
f 2860 2943 2914
f 2890 2898 2879
f 2907 2862 3010
f 3010 2916 2987
f 2916 2891 3031
f 3045 2945 2899
f 2926 2838 2950
f 2959 3000 2881
f 2959 2830 2927
f 2895 2896 2963
f 2928 2937 2864
f 2929 2938 2865
f 2874 2901 2930
f 2866 2875 3048
f 2877 2902 2922
f 2973 2922 2902
f 2958 2905 2949
f 2856 2850 2940
f 2897 3064 2858
f 2861 2944 3138
f 2917 2934 2978
f 2980 2908 2919
f 3081 9754 2924
f 2870 2925 3046
f 2969 2950 2838
f 2857 2790 3063
f 2895 2963 3040
f 2930 2991 2874
f 2875 3004 3048
f 2922 3023 2877
f 2939 2975 2795
f 2993 2939 2822
f 2955 2993 2887
f 2948 2956 2824
f 2940 2949 2856
f 2960 2941 2724
f 2943 2942 2914
f 3051 2952 2827
f 2827 2889 3051
f 2898 2890 3019
f 2987 2916 3087
f 3031 3087 2916
f 2918 3052 2828
f 2945 3045 3114
f 2851 2870 2968
f 3092 2882 3001
f 2883 3001 2882
f 2885 2884 2900
f 2982 2972 2920
f 2920 3074 2982
f 3003 3002 2840
f 2921 2876 3005
f 3023 3005 2876
f 2973 2904 2974
f 2887 2947 2955
f 3076 2932 2888
f 2942 2960 2914
f 2978 2967 2917
f 3039 2953 2908
f 2871 2981 2925
f 3054 2989 2853
f 2853 2839 2946
f 2970 2959 2927
f 2884 3001 2883
f 3074 2886 3012
f 2886 2937 3012
f 3057 3117 2928
f 2984 2947 2910
f 2854 2994 2878
f 2786 3068 2854
f 2786 2911 3025
f 2932 3025 2911
f 3037 3076 2888
f 2888 2923 3037
f 2957 2905 2976
f 2906 2951 2986
f 3099 2951 2913
f 2913 3100 3099
f 2943 2861 3029
f 2961 2944 2845
f 2845 2952 2961
f 2907 3010 3070
f 2797 2953 3020
f 9754 3081 2988
f 2924 2892 2998
f 2926 2981 2871
f 2819 2989 2999
f 2933 2936 3041
f 2937 2928 3066
f 3117 3066 2928
f 3003 2874 2991
f 2992 2930 2866
f 2866 3048 2992
f 2939 2993 2954
f 2948 2878 3042
f 2994 3042 2878
f 3068 2994 2854
f 2958 2949 3026
f 2940 3026 2949
f 3009 2895 3040
f 2897 3027 3064
f 2807 2906 2985
f 3029 3017 2943
f 2890 2907 3030
f 3052 2979 2828
f 3060 3052 2918
f 2997 2918 2797
f 3020 2997 2797
f 2919 2945 2980
f 3114 2980 2945
f 2968 2998 2851
f 2981 2926 2950
f 2857 3103 2969
f 3063 2790 3011
f 2935 3011 2790
f 2935 2909 3011
f 2999 3011 2909
f 2909 2819 2999
f 2946 3054 2853
f 2971 2964 2933
f 3005 2966 2921
f 2954 2975 2939
f 2984 2955 2947
f 2931 2956 3014
f 3008 3085 2948
f 3042 3008 2948
f 2958 2976 2905
f 3046 2968 2870
f 2951 3099 2986
f 2941 3059 3100
f 3017 2942 2943
f 3138 3029 2861
f 2889 2868 3038
f 2915 3038 2868
f 2869 2978 2934
f 2953 3039 3020
f 2908 2980 3101
f 2964 2971 2963
f 2929 3067 2938
f 3004 2921 2966
f 2922 3006 3023
f 3085 3014 2956
f 2956 2948 3085
f 2976 2923 2957
f 3015 2976 2958
f 2940 2850 3009
f 3053 3081 2924
f 2924 2998 3053
f 2925 2981 3046
f 3022 2880 3000
f 3038 3051 2889
f 2915 2898 3018
f 2898 3019 3018
f 2967 2978 3044
f 2997 3060 2918
f 3039 2908 3101
f 2988 3045 9754
f 3040 2963 3089
f 2971 3089 2963
f 2936 2965 3033
f 3067 3057 2938
f 3067 2929 3075
f 3002 3075 2929
f 2930 2992 2983
f 3007 2984 2910
f 2931 3014 3007
f 3016 2985 2906
f 2906 2986 3016
f 2996 2962 2979
f 2959 2970 3047
f 3035 3034 2972
f 3065 3035 2972
f 2972 2982 3065
f 3066 3012 2937
f 2983 2991 2930
f 2993 2955 3013
f 2910 2931 3007
f 2923 2976 3037
f 3030 3019 2890
f 3030 2907 3070
f 2967 2977 3031
f 2977 2967 3044
f 2869 2962 2996
f 2998 2968 3115
f 2946 2839 3088
f 3047 3000 2959
f 3064 2970 2927
f 2971 2933 3041
f 2884 2885 2990
f 2990 2885 3034
f 2973 3006 2922
f 2975 3084 2974
f 3036 3013 2955
f 3028 3027 2897
f 2995 3028 2897
f 2897 2912 2995
f 2942 3017 3050
f 3051 2961 2952
f 3018 3038 2915
f 2978 2869 3113
f 3103 2857 3140
f 3063 3140 2857
f 3054 3021 2989
f 3003 2991 3118
f 2992 3048 3263
f 2954 2993 3013
f 2955 2984 3036
f 3008 3042 3160
f 3068 2786 3025
f 2941 2960 3059
f 3051 3199 2961
f 3069 3018 3019
f 2979 3052 3072
f 2997 3020 3061
f 2998 3115 3126
f 3046 2981 3073
f 2950 3073 2981
f 2969 3103 2950
f 2999 3116 3011
f 2999 2989 3021
f 3047 2970 3147
f 3064 3027 3032
f 3033 3041 2936
f 3002 3003 3075
f 3150 3075 3003
f 3109 3048 3004
f 2975 2954 3024
f 3096 3058 2984
f 2984 3007 3096
f 3007 3014 3110
f 3135 3015 2958
f 3026 3135 2958
f 2940 3049 3026
f 2996 2979 3072
f 3021 3116 2999
f 3141 3054 2946
f 2946 3088 3141
f 3083 2983 2992
f 2992 3263 3083
f 3004 2966 3093
f 3023 3006 3095
f 2973 2974 3084
f 3160 3133 3008
f 2912 2985 2995
f 3016 2986 3043
f 3111 3100 3059
f 3199 2944 2961
f 3019 3030 3069
f 3113 3044 2978
f 3060 2997 3155
f 3061 3155 2997
f 3039 3061 3020
f 3114 3080 2980
f 3102 3045 2988
f 3164 3115 2968
f 3046 3164 2968
f 2839 3022 3104
f 3022 3000 3105
f 3047 3105 3000
f 2971 3041 3055
f 3005 3023 3095
f 3084 3159 2973
f 3145 3084 2975
f 3133 3085 3008
f 3068 3025 3120
f 2940 3009 3121
f 3028 3032 3027
f 3181 3017 3029
f 3051 3038 3163
f 3031 2977 3087
f 2869 2996 3071
f 3063 3011 3167
f 3116 3167 3011
f 3092 3091 2965
f 3172 3001 2884
f 2884 2990 3172
f 3118 3150 3003
f 3006 2973 3159
f 2975 3024 3119
f 2995 2985 3146
f 2985 3016 3146
f 3112 2960 2942
f 3029 3138 3181
f 3030 3070 3184
f 3061 3039 3079
f 3101 3079 3039
f 3080 3101 2980
f 2950 3103 3129
f 3104 3022 3105
f 3091 3033 2965
f 3056 3012 3066
f 3093 3109 3004
f 3119 3176 2975
f 3013 3036 3131
f 2994 3160 3042
f 3015 3097 2976
f 3049 2940 3152
f 3121 3152 2940
f 3137 3059 2960
f 3112 2942 3154
f 2942 3050 3154
f 2977 3044 3207
f 3113 2869 3071
f 3125 3114 3045
f 3102 3125 3045
f 3073 3164 3046
f 3104 3088 2839
f 3147 3156 3047
f 3089 2971 3082
f 2990 3034 3173
f 3118 2991 3108
f 3093 2966 3094
f 3005 3094 2966
f 3159 3095 3006
f 3131 3024 3013
f 3058 3036 2984
f 3007 3110 3178
f 3040 3121 3009
f 3146 3153 2995
f 3181 3050 3017
f 3163 3199 3051
f 3038 3018 3077
f 3070 3010 3185
f 2987 3185 3010
f 2987 3087 3078
f 3072 3071 2996
f 3122 3072 3052
f 3052 3060 3122
f 3102 3081 3062
f 3073 2950 3129
f 3105 3047 3156
f 2971 3055 3082
f 3055 3041 3090
f 3033 3090 3041
f 3074 3191 2982
f 3117 3057 3107
f 3057 3067 3107
f 3095 3144 3005
f 3084 3220 3159
f 3120 3025 3190
f 2932 3190 3025
f 3135 3026 3049
f 3086 3163 3038
f 3123 3155 3061
f 3140 3063 3166
f 3167 3166 3063
f 3168 3021 3054
f 3147 2970 3197
f 3130 3197 2970
f 2970 3064 3130
f 3032 3130 3064
f 3001 3172 3106
f 3173 3172 2990
f 3035 3173 3034
f 3191 3074 3012
f 3067 3075 3149
f 2991 2983 3108
f 3143 3108 2983
f 3281 3263 3048
f 3048 3109 3281
f 3145 2975 3176
f 3007 3178 3096
f 3132 3110 3014
f 3014 3085 3132
f 3037 2976 3180
f 3135 3097 3015
f 3121 3040 3098
f 3077 3086 3038
f 3069 3030 3223
f 3185 3184 3070
f 3060 3155 3122
f 3126 3115 3127
f 3166 3165 3140
f 3141 3168 3054
f 3040 3089 3098
f 3083 3143 2983
f 3190 2932 3278
f 2932 3076 3278
f 3134 3076 3037
f 3028 2995 3157
f 2995 3153 3157
f 3264 3111 3059
f 3059 3137 3264
f 2960 3112 3137
f 3162 3154 3050
f 3050 3181 3162
f 3222 3138 2944
f 3079 3101 3124
f 9753 3062 3081
f 3166 3167 3247
f 3116 3021 3182
f 3021 3168 3182
f 3202 3130 3032
f 3082 3170 3089
f 3144 3094 3005
f 3145 3220 3084
f 3258 3132 3085
f 3133 3258 3085
f 2994 3068 3179
f 3120 3179 3068
f 3037 3180 3134
f 3097 3180 2976
f 3032 3028 3157
f 3043 3146 3016
f 3113 3207 3044
f 3124 3123 3061
f 3061 3079 3124
f 3140 3165 3103
f 3188 3141 3088
f 3211 3170 3082
f 3055 3090 3142
f 3091 3092 3171
f 3203 3171 3092
f 3092 3001 3203
f 3106 3203 3001
f 3191 3012 3158
f 3012 3056 3158
f 3174 3149 3075
f 3075 3150 3174
f 3134 3278 3076
f 3218 3180 3097
f 2944 3199 3222
f 3266 3018 3069
f 3223 3266 3069
f 3101 3080 3237
f 3062 3125 3102
f 3088 3104 3188
f 3105 3156 3169
f 3157 3202 3032
f 3082 3055 3211
f 2982 3288 3065
f 3056 3066 3117
f 3118 3108 3175
f 3189 3131 3036
f 3152 3121 3098
f 3136 3043 2986
f 2986 3099 3136
f 3077 3018 3205
f 3266 3205 3018
f 3207 3235 2977
f 3080 3200 3237
f 3193 3200 3080
f 3080 3114 3193
f 3114 3125 3193
f 3267 3164 3128
f 3164 3073 3128
f 3167 3116 3182
f 3105 3169 3104
f 3170 3098 3089
f 3142 3211 3055
f 3191 3288 2982
f 3144 3095 3192
f 3159 3192 3095
f 3177 3231 3119
f 3036 3058 3189
f 3099 3100 3136
f 3100 3111 3136
f 3161 3264 3137
f 3223 3030 3184
f 3255 3087 2977
f 3207 3113 3139
f 3113 3071 3139
f 3071 3072 3244
f 3125 3062 3285
f 3073 3129 3194
f 3165 3194 3103
f 3195 3188 3104
f 3065 3173 3035
f 3056 3117 3148
f 3107 3067 3204
f 3143 3175 3108
f 3360 3109 3093
f 3094 3360 3093
f 3176 3119 3231
f 3151 3189 3058
f 3058 3096 3151
f 3198 3097 3135
f 3135 3049 3152
f 3331 3161 3137
f 3137 3112 3331
f 3162 3221 3154
f 3181 3138 3213
f 3185 2987 3206
f 3078 3206 2987
f 3078 3087 3255
f 3129 3103 3194
f 3148 3158 3056
f 3149 3204 3067
f 3175 3150 3118
f 3220 3145 3243
f 3176 3243 3145
f 3131 3189 3177
f 3122 3155 3236
f 3237 3124 3101
f 3356 3127 3115
f 3115 3164 3356
f 3194 3128 3073
f 3156 3147 3196
f 3197 3196 3147
f 3142 3090 3262
f 3258 3178 3110
f 3110 3132 3258
f 3198 3135 3152
f 3183 3146 3043
f 3136 3183 3043
f 3323 3136 3111
f 3111 3264 3323
f 3112 3154 3254
f 3234 3254 3154
f 3221 3234 3154
f 3182 3168 3187
f 3168 3141 3201
f 3169 3195 3104
f 9559 3262 3090
f 3090 3033 9559
f 3091 9559 3033
f 3173 3065 3240
f 3158 3148 3241
f 3270 3143 3083
f 3192 3159 3242
f 3189 3209 3177
f 2994 3229 3160
f 3152 3098 3259
f 3254 3331 3112
f 3222 3199 3214
f 3215 3199 3163
f 3255 3206 3078
f 3236 3245 3122
f 3186 3236 3155
f 3155 3123 3186
f 3182 3247 3167
f 3168 3201 3187
f 3188 3201 3141
f 3202 3157 3226
f 3232 3226 3157
f 3098 3170 3219
f 3211 3219 3170
f 3212 3106 3172
f 3172 3173 3212
f 3117 3107 3204
f 3204 3149 3397
f 3243 3176 3231
f 3177 3209 9932
f 3178 3258 3228
f 3179 3277 2994
f 3198 3218 3097
f 3162 3181 3284
f 3181 3213 3284
f 3332 3086 3077
f 3185 3224 3184
f 2977 3235 3255
f 3225 3072 3122
f 3122 3245 3225
f 3267 3293 3164
f 3216 3156 3196
f 3283 3232 3153
f 3153 3146 3283
f 3146 3183 3283
f 3136 3233 3183
f 3323 3233 3136
f 3222 3213 3138
f 3086 3215 3163
f 3301 3223 3184
f 3224 3301 3184
f 3206 3224 3185
f 3225 3244 3072
f 3272 3123 3124
f 3285 3193 3125
f 3165 3208 3194
f 3166 3305 3165
f 3195 3169 3248
f 3217 3096 3178
f 3228 3217 3178
f 3160 3229 3249
f 3262 3287 3142
f 3240 3212 3173
f 3337 3349 3191
f 3158 3337 3191
f 3149 3174 3230
f 3094 3144 3282
f 3220 3242 3159
f 3243 3271 3220
f 9932 3231 3177
f 3273 3246 3126
f 3126 3127 3273
f 3293 3356 3164
f 3208 3304 3194
f 3182 3187 3247
f 3295 3188 3195
f 3297 3189 3151
f 3239 3151 3096
f 3258 3133 3276
f 3133 3249 3276
f 3133 3160 3249
f 3179 3120 3250
f 3190 3250 3120
f 3279 3134 3180
f 3210 3279 3180
f 3198 3152 3310
f 3259 3098 3268
f 3211 3142 3261
f 3287 3261 3142
f 3288 3191 3349
f 3337 3158 3241
f 3148 3117 3378
f 3280 3174 3150
f 3150 3175 3280
f 3175 3143 3350
f 3083 3263 3270
f 3192 3282 3144
f 3205 3332 3077
f 3236 3186 3256
f 3292 3285 3062
f 3062 9753 3292
f 3294 3187 3201
f 3201 3188 3294
f 3216 3248 3169
f 3156 3216 3169
f 3202 3226 3286
f 3217 3239 3096
f 3218 3210 3180
f 3171 3203 3251
f 3280 3230 3174
f 3360 3094 3282
f 3284 3221 3162
f 3215 3214 3199
f 3086 3332 3265
f 3128 3194 3274
f 3130 3202 3286
f 3226 3232 9929
f 3298 3297 3151
f 3239 3298 3151
f 3277 3229 2994
f 3171 9559 3091
f 3288 3240 3065
f 3117 3204 3378
f 3397 3149 3328
f 3270 3252 3143
f 3213 3222 3364
f 3235 3207 3139
f 3186 3123 3257
f 3272 3257 3123
f 3237 3272 3124
f 3194 3304 3274
f 3208 3165 3305
f 3306 3247 3187
f 3187 3294 3306
f 3295 3195 3248
f 3197 3130 3238
f 3297 3227 3189
f 3252 3350 3143
f 3367 3270 3263
f 3282 3192 3368
f 3242 3220 3313
f 3183 3233 3315
f 3254 3234 3340
f 3222 3214 3364
f 3215 3086 3289
f 3266 3223 3290
f 3317 3139 3071
f 3071 3244 3317
f 3356 3273 3127
f 3286 3238 3130
f 3286 3226 9929
f 3366 3318 3249
f 3249 3229 3366
f 3259 3310 3152
f 3336 3219 3211
f 3106 3251 3203
f 3241 3148 3321
f 3378 3321 3148
f 3282 3329 3360
f 3271 3243 3330
f 9940 3243 3231
f 9932 9940 3231
f 3283 3253 3232
f 3214 3215 3300
f 3289 3300 3215
f 3332 3205 3369
f 3224 3206 3341
f 3302 3255 3235
f 3236 3256 3245
f 3365 3272 3237
f 3291 3365 3237
f 3237 3200 3291
f 3200 3193 3291
f 3285 3291 3193
f 3248 3216 3275
f 3419 3298 3239
f 3260 3268 3219
f 3211 3261 3459
f 3251 3106 3312
f 3106 3212 3312
f 3230 3328 3149
f 3175 3350 3280
f 3271 3313 3220
f 3265 3289 3086
f 3266 3369 3205
f 3301 3224 3341
f 3317 3303 3139
f 3306 3405 3247
f 3276 3249 3318
f 3190 3278 3481
f 3278 3134 3393
f 3218 3198 3310
f 3230 3280 3398
f 3281 3109 3448
f 3424 3283 3183
f 3183 3315 3424
f 3340 3363 3254
f 3214 3300 3364
f 3305 3166 3372
f 3247 3372 3166
f 3405 3335 3247
f 3307 3306 3294
f 3308 3294 3188
f 3188 3295 3308
f 3216 3196 3275
f 3309 3343 3196
f 3196 3197 3309
f 3197 3238 3309
f 3228 3258 3276
f 3366 3229 3277
f 3277 3179 3358
f 3250 3358 3179
f 3134 3279 3393
f 3269 3262 9559
f 3311 3269 9559
f 9559 3171 3311
f 3251 3375 3171
f 3288 3299 3240
f 3270 3367 3379
f 3242 3313 3380
f 3330 3243 3338
f 9940 3338 3243
f 3362 3323 3264
f 3264 3161 3362
f 3221 3340 3234
f 3290 3463 3266
f 3206 3255 3342
f 3235 3139 3303
f 3225 3317 3244
f 3333 3256 3186
f 3186 3257 3333
f 3267 3128 3325
f 3274 3325 3128
f 3227 3297 3296
f 3228 3276 3217
f 3327 3276 3318
f 3346 3279 3210
f 3259 3268 3319
f 3459 3336 3211
f 3375 3311 3171
f 3240 3312 3212
f 3321 3337 3241
f 3368 3192 3380
f 3192 3242 3380
f 3330 3382 3271
f 3233 3323 3315
f 3401 3284 3213
f 3213 3364 3401
f 3255 3302 3342
f 3246 3273 3387
f 3293 3267 3325
f 3372 3247 3335
f 3326 3295 3248
f 3275 3326 3248
f 3259 3395 3310
f 3261 3320 3459
f 3379 3422 3270
f 3263 3281 3367
f 3448 3367 3281
f 3381 3313 3361
f 3313 3271 3361
f 3382 3361 3271
f 3314 3322 3253
f 3253 3283 3314
f 3290 3223 3301
f 3341 3206 3435
f 3342 3435 3206
f 3404 3370 3285
f 3356 3293 3334
f 3304 3208 3456
f 3305 3456 3208
f 3275 3196 3343
f 3344 3238 3286
f 9929 3344 3286
f 3239 3217 3419
f 3391 3419 3217
f 3217 3276 3327
f 3218 3310 3347
f 3260 3319 3268
f 3287 3320 3261
f 3299 3288 3412
f 3349 3412 3288
f 3422 3252 3270
f 3338 9940 3339
f 3369 3266 3316
f 3463 3316 3266
f 3301 3341 3384
f 3285 3292 3404
f 3427 3325 3274
f 3308 3307 3294
f 3344 9929 9918
f 3366 3277 3374
f 3319 3395 3259
f 3287 3262 3269
f 3337 3321 3396
f 3350 3252 3414
f 3329 3282 3368
f 3283 3424 3314
f 3340 3221 3324
f 3352 3324 3221
f 3221 3284 3352
f 3401 3352 3284
f 3353 3289 3265
f 3384 3354 3301
f 3225 3245 3355
f 3428 3456 3305
f 3372 3428 3305
f 3306 3307 3373
f 3308 3295 3523
f 3327 3318 3468
f 3392 3358 3250
f 3250 3190 3392
f 3481 3392 3190
f 3278 3393 3481
f 3393 3279 3345
f 3346 3345 3279
f 3260 3219 3348
f 3336 3348 3219
f 3375 3251 3411
f 3240 3299 3376
f 3397 3378 3204
f 3433 3414 3252
f 3380 3313 3381
f 3315 3323 3400
f 3475 3331 3254
f 3363 3475 3254
f 3303 3302 3235
f 3370 3291 3285
f 3334 3293 3325
f 3371 3427 3274
f 3274 3304 3371
f 3373 3405 3306
f 3488 3295 3326
f 3298 3419 3297
f 3374 3277 3358
f 3320 3287 3420
f 3269 3420 3287
f 3312 3411 3251
f 3422 3433 3252
f 3360 3448 3109
f 3339 3351 3338
f 3323 3362 3400
f 3362 3161 3485
f 3363 3340 3425
f 3300 3289 3402
f 3296 3297 9938
f 3357 3217 3327
f 3210 3218 3347
f 3410 3420 3269
f 3269 3311 3410
f 3376 3312 3240
f 3349 3337 3377
f 3432 3378 3397
f 3444 3328 3230
f 3230 3398 3444
f 3280 3350 3398
f 3338 3382 3330
f 3400 3383 3315
f 3475 3161 3331
f 3342 3302 3385
f 3389 3303 3317
f 3256 3333 3386
f 3272 3333 3257
f 3438 3334 3325
f 3523 3307 3308
f 3275 3343 3417
f 3457 3345 3346
f 3347 3346 3210
f 3395 3347 3310
f 3260 3442 3319
f 3411 3312 3376
f 3396 3377 3337
f 3413 3396 3321
f 3359 3413 3321
f 3321 3378 3359
f 3449 3448 3360
f 3338 3351 3451
f 3161 3475 3485
f 3324 3425 3340
f 3353 3402 3289
f 3353 3265 3453
f 3265 3332 3453
f 3354 3403 3301
f 3291 3390 3365
f 3456 3371 3304
f 3442 3458 3319
f 3431 3348 3336
f 3414 3398 3350
f 3360 3329 3399
f 3423 3322 3314
f 3364 3300 3402
f 3369 3453 3332
f 3317 3225 3476
f 3225 3355 3476
f 3355 3245 3386
f 3245 3256 3386
f 3415 3386 3333
f 3333 3272 3455
f 3272 3365 3455
f 3291 3370 3390
f 3273 3356 3426
f 3334 3426 3356
f 3488 3523 3295
f 3326 3275 3416
f 3275 3417 3416
f 3217 3357 3391
f 3457 3346 3408
f 3348 3442 3260
f 3399 3329 3560
f 3368 3560 3329
f 3368 3380 3450
f 3485 3400 3362
f 3364 3402 3401
f 3290 3464 3463
f 3435 3384 3341
f 3303 3506 3302
f 3389 3317 3476
f 3488 3326 3406
f 3406 3326 3416
f 3238 3344 3430
f 9919 3430 3344
f 9925 9919 3344
f 3327 3468 3497
f 3407 3468 3318
f 3490 3318 3366
f 3366 3374 3490
f 3347 3408 3346
f 3388 3347 3395
f 3319 3458 3395
f 3412 3349 3377
f 3450 3503 3368
f 3361 3445 3381
f 3383 3424 3315
f 3437 3365 3390
f 3387 3273 3467
f 3438 3325 3427
f 3335 3428 3372
f 3335 3405 3478
f 3405 3373 3429
f 3343 3496 3417
f 3343 3309 3479
f 3480 3479 3309
f 3309 3238 3480
f 3297 3419 3418
f 3327 3497 3357
f 3394 3408 3347
f 3409 3394 3347
f 3432 3359 3378
f 3422 3379 3434
f 3382 3445 3361
f 3301 3403 3290
f 3342 3385 3436
f 3437 3455 3365
f 3467 3404 3387
f 3392 3491 3358
f 3388 3409 3347
f 3399 3474 3360
f 3381 3450 3380
f 3382 3338 3451
f 3314 3424 3461
f 3370 3404 3466
f 3438 3495 3334
f 3371 3456 3549
f 3496 3343 3479
f 3418 9938 3297
f 3357 3440 3391
f 3374 3358 3491
f 3420 3410 3421
f 3410 3375 3443
f 3411 3443 3375
f 3377 3511 3412
f 3432 3397 3328
f 3474 3449 3360
f 3586 3450 3381
f 3445 3586 3381
f 3436 3385 3506
f 3385 3302 3506
f 3427 3549 3439
f 3427 3371 3549
f 3594 3373 3307
f 3419 3391 3440
f 3491 3527 3374
f 3392 3481 3441
f 3469 3481 3393
f 3393 3345 3469
f 3345 3457 3469
f 3408 3394 3457
f 3482 3457 3394
f 3409 3446 3394
f 3409 3388 3517
f 3459 3431 3336
f 3443 3421 3410
f 3299 3412 3511
f 3353 3453 3487
f 3463 3547 3316
f 3384 3435 3513
f 3436 3435 3342
f 3465 3303 3389
f 3415 3355 3386
f 3507 3467 3273
f 3426 3507 3273
f 3478 3428 3335
f 3307 3523 3594
f 3416 3417 3543
f 3418 9939 9938
f 3491 3392 3611
f 3643 3611 3392
f 3441 3643 3392
f 3442 3348 3447
f 3431 3447 3348
f 3377 3396 3501
f 3413 3501 3396
f 3432 3328 3532
f 3434 3433 3422
f 3379 3367 3460
f 3561 3445 3382
f 3451 3561 3382
f 3461 3423 3314
f 3452 3461 3424
f 3424 3383 3452
f 3363 3425 3546
f 3462 3425 3324
f 3464 3290 3521
f 3403 3521 3290
f 3506 3303 3465
f 3355 3415 3454
f 3415 3333 3455
f 3390 3370 3437
f 3467 3466 3404
f 3439 3438 3427
f 3428 3477 3456
f 3405 3508 3478
f 3496 3543 3417
f 3430 3480 3238
f 3418 3419 3524
f 3394 3446 3537
f 3395 3458 3388
f 3431 3459 3572
f 3421 3470 3420
f 3443 3411 3518
f 3376 3518 3411
f 3376 3299 3472
f 3511 3377 3473
f 3475 3363 3546
f 3352 3401 3486
f 3402 3353 3563
f 3513 3435 3609
f 3455 3454 3415
f 3455 3437 3514
f 3478 3477 3428
f 3429 3508 3405
f 3509 3429 3373
f 3357 3525 3440
f 3318 3490 3407
f 3527 3490 3374
f 3482 3556 3457
f 3394 3537 3482
f 3446 3409 3517
f 3458 3442 3499
f 3447 3499 3442
f 3320 3420 3470
f 3471 3421 3443
f 3518 3471 3443
f 3518 3376 3492
f 3299 3511 3472
f 3413 3359 3483
f 3585 3328 3444
f 3538 3444 3398
f 3414 3538 3398
f 3367 3448 3460
f 3560 3474 3399
f 3451 3351 9935
f 3461 3484 3423
f 3462 3324 3577
f 3352 3577 3324
f 3402 3563 3512
f 3640 3563 3353
f 3466 3437 3370
f 3495 3426 3334
f 3373 3594 3509
f 3419 3440 3524
f 3376 3472 3492
f 3501 3473 3377
f 3532 3359 3432
f 3414 3433 3434
f 3449 3460 3448
f 3505 3383 3590
f 3546 3425 3462
f 3512 3486 3401
f 3401 3402 3512
f 3487 3640 3353
f 3436 3609 3435
f 3389 3476 3548
f 3581 3466 3467
f 3549 3456 3477
f 3429 3509 3522
f 3480 3430 3544
f 3489 9939 3418
f 3418 3524 3489
f 3526 3407 3490
f 3556 3469 3457
f 3498 3388 3458
f 3499 3498 3458
f 3447 3431 3614
f 3572 3614 3431
f 3434 3379 3615
f 3560 3368 3503
f 3586 3503 3450
f 3505 3452 3383
f 3383 3400 3545
f 3400 3591 3545
f 3400 3485 3591
f 3369 3316 3578
f 3547 3578 3316
f 3354 3384 3602
f 3355 3454 3619
f 3440 3525 3604
f 3550 3497 3468
f 3468 3407 3550
f 3536 3482 3537
f 3388 3498 3510
f 3530 3511 3473
f 3473 3501 3531
f 3538 3414 3539
f 3533 3615 3379
f 3379 3460 3533
f 3474 3519 3449
f 3560 3519 3474
f 3561 3451 3493
f 3451 9935 3493
f 3590 3383 3545
f 3486 3577 3352
f 3487 3453 3592
f 3369 3592 3453
f 3513 3602 3384
f 3436 3506 3610
f 3476 3355 3548
f 3507 3426 3494
f 3438 3439 3495
f 3479 3480 3516
f 3544 3516 3480
f 3481 3469 3634
f 3517 3388 3510
f 3470 3421 3500
f 3471 3500 3421
f 3434 3539 3414
f 3504 3484 3461
f 3461 3452 3504
f 3452 3505 3504
f 3475 3546 3617
f 3577 3698 3462
f 3547 3463 3540
f 3464 3540 3463
f 3465 3389 3603
f 3507 3581 3467
f 3426 3495 3494
f 3508 3429 3522
f 3583 3543 3496
f 3622 3604 3525
f 3517 3510 3605
f 3518 3558 3471
f 3531 3530 3473
f 3502 3501 3483
f 3561 3588 3445
f 3484 3504 3562
f 3592 3369 3578
f 3579 3403 3354
f 3602 3579 3354
f 3506 3465 3603
f 3619 3548 3355
f 3514 3542 3455
f 3514 3437 3515
f 3495 3439 3631
f 3477 3478 3743
f 3406 3621 3488
f 3479 3583 3496
f 3441 3481 3634
f 3537 3446 3553
f 3446 3517 3553
f 3558 3500 3471
f 3502 3531 3501
f 3532 3328 3574
f 3519 3560 3534
f 3671 3591 3485
f 3485 3475 3671
f 3602 3513 3609
f 3610 3506 3618
f 3389 3548 3603
f 3541 3619 3454
f 3542 3454 3455
f 3437 3466 3515
f 3508 3743 3478
f 3508 3522 3567
f 3595 3523 3488
f 3621 3595 3488
f 3416 3543 3621
f 3526 3550 3407
f 3527 3526 3490
f 3611 3649 3491
f 3556 3528 3469
f 3529 3572 3459
f 3459 3320 3529
f 3470 3529 3320
f 3472 3511 3559
f 3573 3624 3483
f 3483 3359 3573
f 3679 3539 3434
f 3636 3505 3590
f 3637 3545 3591
f 3475 3617 3608
f 3512 3520 3486
f 3540 3464 3521
f 3542 3541 3454
f 3515 3542 3514
f 3494 3675 3507
f 3549 3477 3565
f 3684 3565 3477
f 3406 3416 3621
f 3489 3524 3569
f 3550 3357 3497
f 3571 3528 3556
f 3553 3517 3613
f 3605 3613 3517
f 3518 3492 3635
f 3492 3472 3635
f 3559 3511 3530
f 3328 3585 3574
f 3533 3460 3748
f 3493 9935 3555
f 3577 3486 3629
f 3520 3629 3486
f 3609 3436 3610
f 3743 3508 3566
f 3535 3600 3524
f 3524 3440 3535
f 3527 3491 3551
f 3649 3551 3491
f 3528 3634 3469
f 3612 3482 3536
f 3702 3510 3498
f 3557 3702 3498
f 3498 3499 3557
f 3558 3554 3500
f 3559 3635 3472
f 3359 3532 3573
f 3434 3615 3679
f 3722 3460 3449
f 3534 3625 3519
f 3604 3535 3440
f 3528 3571 3570
f 3536 3537 3552
f 3553 3552 3537
f 3470 3500 3554
f 3558 3518 3685
f 3587 3685 3518
f 3444 3538 3585
f 3625 3722 3449
f 3449 3519 3625
f 3560 3503 3616
f 3555 9933 3576
f 3475 3608 3671
f 3546 3462 3617
f 3564 3563 3640
f 3743 3684 3477
f 3567 3566 3508
f 3568 3522 3509
f 3516 3544 3598
f 9921 3598 3544
f 3589 3562 3504
f 3627 3504 3505
f 3505 3636 3627
f 3512 3563 3639
f 3579 3521 3403
f 3603 3618 3506
f 3541 3674 3619
f 9571 3515 3466
f 3675 3581 3507
f 3621 3543 3646
f 3543 3583 3646
f 3583 3479 3596
f 3516 3596 3479
f 3598 3597 3516
f 3600 3569 3524
f 3584 3556 3482
f 3612 3584 3482
f 3613 3552 3553
f 3575 3585 3538
f 3538 3539 3575
f 3748 3615 3533
f 3588 3561 3626
f 3493 3555 3576
f 3601 3526 3527
f 3584 3571 3556
f 3668 3584 3612
f 3499 3447 3614
f 3657 3572 3529
f 3470 3657 3529
f 3679 3575 3539
f 3503 3586 3616
f 3561 3493 3626
f 3607 3576 3562
f 3589 3607 3562
f 3504 3627 3589
f 3724 3547 3540
f 3580 3542 3515
f 9571 3580 3515
f 3597 3596 3516
f 3622 3525 3623
f 3525 3357 3623
f 3550 3623 3357
f 3612 3536 3552
f 3470 3554 3657
f 3635 3587 3518
f 3530 3531 3694
f 3532 3574 3721
f 3585 3575 3644
f 3645 3625 3534
f 3606 3616 3586
f 3626 3493 3661
f 3576 3661 3493
f 3545 3637 3628
f 3617 3462 3662
f 3698 3662 3462
f 3698 3577 3629
f 3592 3578 3663
f 3547 3663 3578
f 3675 3582 3581
f 3632 3439 3549
f 3549 3565 3632
f 3567 3522 3593
f 3641 3568 3509
f 3509 3594 3641
f 3633 3594 3523
f 3523 3595 3633
f 3540 3521 3724
f 3580 3620 3542
f 3632 3631 3439
f 3566 3567 3725
f 3693 3593 3522
f 3522 3568 3693
f 3646 3583 3708
f 3583 3700 3708
f 3599 3598 9916
f 9916 3569 3599
f 3600 3599 3569
f 3441 3634 3650
f 3570 3634 3528
f 3613 3605 3709
f 3702 3605 3510
f 3534 3560 3687
f 3616 3687 3560
f 3586 3445 3606
f 3588 3606 3445
f 3607 3661 3576
f 3614 3557 3499
f 3652 3624 3573
f 3573 3532 3652
f 3585 3644 3574
f 3545 3636 3590
f 3591 3671 3637
f 3512 3639 3520
f 3723 3640 3487
f 3592 3723 3487
f 3521 3579 3733
f 3494 3495 3664
f 3631 3682 3495
f 3633 3641 3594
f 3583 3596 3700
f 3604 3600 3535
f 3551 3601 3527
f 3685 3587 3686
f 9617 3531 3502
f 3575 3679 3670
f 3626 3660 3588
f 3579 3602 3740
f 3602 3609 3740
f 3620 3541 3542
f 3682 3664 3495
f 3550 3526 3648
f 3526 3601 3648
f 3767 3709 3605
f 3757 3559 3530
f 3530 3694 3757
f 3721 3652 3532
f 3687 3659 3534
f 3606 3588 3660
f 3654 3661 3607
f 3629 3520 3689
f 3638 3689 3520
f 3656 3674 3541
f 3720 3632 3565
f 3595 3621 3642
f 3599 3597 3598
f 3767 3605 3702
f 3557 3614 3669
f 3614 3572 3703
f 3670 3679 3696
f 3615 3748 3779
f 3659 3645 3534
f 3589 3654 3607
f 3627 3636 3655
f 3628 3636 3545
f 3689 3672 3629
f 3690 3639 3563
f 3563 3564 3690
f 3547 3724 3705
f 3618 3603 3715
f 3741 3548 3619
f 3619 3674 3741
f 3541 3620 3716
f 3682 3631 3630
f 3642 3621 3646
f 3708 3700 3699
f 3552 3613 3677
f 3657 3554 3728
f 3554 3558 3658
f 3635 3686 3587
f 3729 3694 3531
f 3531 9617 3729
f 3652 9616 3624
f 3661 3660 3626
f 3520 3639 3638
f 3609 3610 3809
f 3494 3664 3752
f 3631 3632 3683
f 3743 3566 3707
f 3596 3597 3665
f 3666 3599 3600
f 3600 3604 3666
f 3622 3623 3647
f 3550 3647 3623
f 3651 3668 3612
f 3612 3552 3651
f 3557 3669 3702
f 3644 3575 3653
f 3687 3616 3697
f 3655 3654 3589
f 3589 3627 3655
f 3628 3771 3636
f 3671 3608 3819
f 3723 3564 3640
f 3663 3547 3681
f 3705 3681 3547
f 3733 3739 3521
f 3740 3673 3579
f 3716 3656 3541
f 3580 9571 3620
f 3717 3620 9571
f 3675 3717 3582
f 3683 3630 3631
f 3684 3720 3565
f 3593 3725 3567
f 3595 3642 3735
f 3700 3596 3665
f 3597 3599 3665
f 3667 3622 3647
f 3611 3643 3800
f 3441 3800 3643
f 3709 3677 3613
f 3657 3703 3572
f 3685 3658 3558
f 3679 3615 3779
f 3460 3722 3738
f 3711 3645 3659
f 3660 3712 3606
f 3759 3690 3564
f 3739 3724 3521
f 3809 3610 3773
f 3707 3566 3692
f 3744 3708 3699
f 3667 3604 3622
f 3648 3754 3550
f 3649 3611 3800
f 3570 3650 3634
f 3584 3668 3676
f 3614 3745 3669
f 3635 3704 3686
f 3653 3575 3678
f 3678 3575 3670
f 3697 3616 3712
f 3616 3606 3712
f 3771 3655 3636
f 3714 3628 3637
f 3637 3671 3714
f 3706 3603 3548
f 3548 3741 3706
f 3620 3717 3761
f 3752 3675 3494
f 3683 3632 3719
f 3720 3719 3632
f 3566 3725 3692
f 3726 3641 3633
f 3667 3647 3753
f 3647 3550 3754
f 3676 3571 3584
f 3668 3651 3766
f 3745 3614 3803
f 3559 3704 3635
f 3738 3748 3460
f 3780 3722 3625
f 3660 3661 3688
f 3661 3654 3688
f 3608 3617 3680
f 3732 3617 3662
f 3698 3732 3662
f 3672 3698 3629
f 3639 3690 3638
f 3723 3592 3856
f 3663 3856 3592
f 3673 3733 3579
f 3809 3740 3609
f 3762 3726 3633
f 3633 3595 3762
f 3595 3735 3762
f 3735 3642 3646
f 3599 3736 3665
f 3552 3677 3651
f 3645 3780 3625
f 3645 3711 3780
f 3819 3714 3671
f 3750 3773 3610
f 3610 3618 3750
f 3741 3674 3656
f 3716 3691 3656
f 3752 3664 3774
f 3666 3736 3599
f 3765 3666 3604
f 3604 3667 3765
f 3703 3803 3614
f 3652 3721 3695
f 3721 3574 3746
f 3722 3780 3804
f 3712 3660 3730
f 3714 3771 3628
f 3732 3698 3772
f 3783 3772 3698
f 3618 3715 3760
f 3664 3682 3774
f 3630 3774 3682
f 3683 3719 3630
f 3800 3441 3650
f 3554 3710 3728
f 3554 3658 3710
f 3757 3704 3559
f 3794 3729 9617
f 3795 3794 9616
f 3652 3795 9616
f 3818 3644 3653
f 3678 3818 3653
f 3660 3688 3730
f 3713 3730 3688
f 3856 3663 3681
f 3760 3750 3618
f 3706 3715 3603
f 3717 3675 3718
f 3707 3775 3743
f 3708 3735 3646
f 3676 3668 3766
f 3727 3703 3657
f 3657 3728 3727
f 3729 3757 3694
f 3574 3644 3747
f 3679 3737 3696
f 3781 3711 3659
f 3655 3771 3713
f 3819 3608 3731
f 3680 3731 3608
f 3672 3783 3698
f 3733 3673 3840
f 3742 3718 3675
f 3742 3675 3752
f 3725 3593 3811
f 3693 3811 3593
f 3764 3744 3699
f 3699 3700 3764
f 3701 3765 3667
f 3753 3701 3667
f 3753 3647 3822
f 3754 3822 3647
f 3650 3570 3801
f 3570 3571 3755
f 3651 3677 3793
f 3710 3658 3756
f 3658 3685 3756
f 3685 3686 3756
f 3850 3756 3686
f 3686 3704 3850
f 3574 3747 3746
f 3697 3781 3659
f 3659 3687 3697
f 3564 3723 3759
f 3706 3741 3830
f 3601 3551 3786
f 3649 3786 3551
f 3891 3801 3570
f 3755 3891 3570
f 3676 3755 3571
f 3709 3793 3677
f 3767 3702 3787
f 3757 3729 3827
f 3729 3794 3788
f 3818 3747 3644
f 3711 3781 3838
f 3697 3712 3758
f 3730 3758 3712
f 3732 3680 3617
f 3807 3681 3705
f 3715 3706 3760
f 3734 3691 3716
f 3751 3734 3716
f 3620 3751 3716
f 3620 3761 3751
f 3791 3761 3717
f 3718 3791 3717
f 3720 3684 3862
f 3684 3743 3862
f 3798 3735 3708
f 3708 3744 3798
f 3700 3665 3764
f 3702 3669 3825
f 3745 3825 3669
f 3727 3803 3703
f 3850 3704 3768
f 3746 3695 3721
f 3779 3737 3679
f 3782 3713 3771
f 3749 3690 3759
f 3723 3856 3759
f 3884 3705 3724
f 3724 3739 3884
f 3811 3810 3725
f 3843 3811 3693
f 3736 3764 3665
f 3836 3648 3601
f 3800 3786 3649
f 3815 3755 3676
f 3802 3793 3709
f 3704 3757 3769
f 3788 3827 3729
f 3670 3818 3678
f 3730 3713 3770
f 3782 3770 3713
f 3741 3656 3820
f 3774 3630 3859
f 3744 3764 3812
f 3701 3753 3799
f 3836 3601 3932
f 3793 3792 3651
f 3787 3702 3825
f 3756 3845 3710
f 3778 3818 3670
f 3696 3778 3670
f 3714 3819 3771
f 3691 3820 3656
f 3821 3719 3720
f 3842 3775 3707
f 3707 3692 3842
f 3692 3725 3833
f 3833 3725 3810
f 3736 3666 3813
f 3765 3813 3666
f 3767 3802 3709
f 3825 3745 3849
f 3873 3745 3803
f 3728 3710 3826
f 3769 3768 3704
f 3777 3795 3652
f 3652 3695 3777
f 3731 3680 3882
f 3672 3689 3783
f 3749 3638 3690
f 3807 3705 3789
f 3840 3739 3733
f 3840 3673 3808
f 3752 3774 3832
f 3863 3843 3693
f 3693 3568 3863
f 3763 3762 3735
f 3798 3763 3735
f 3764 3736 3776
f 3813 3776 3736
f 3765 3701 3848
f 3799 3848 3701
f 3822 3754 3814
f 3792 3766 3651
f 3727 3728 3826
f 3827 3769 3757
f 3737 3829 3696
f 3838 3805 3711
f 3782 3771 3854
f 3732 3772 3847
f 3749 3759 3866
f 3673 3740 3808
f 3809 3808 3740
f 3830 3760 3706
f 3691 3734 3784
f 3742 3791 3718
f 3742 3752 3797
f 3862 3743 3785
f 3775 3785 3743
f 3813 3765 3835
f 3648 3836 3814
f 3786 3932 3601
f 3676 3766 3823
f 3766 3792 3823
f 3844 3802 3767
f 3767 3787 3844
f 3849 3745 3873
f 3788 3794 3828
f 3747 3881 3746
f 3829 3737 3852
f 3779 3748 3877
f 3738 3877 3748
f 3781 3697 3806
f 3730 3770 3796
f 3771 3819 3854
f 3882 3680 3855
f 3866 3879 3749
f 3856 3681 3867
f 3681 3807 3867
f 3705 3884 3789
f 3773 3750 3914
f 3841 3750 3760
f 3862 3821 3720
f 3799 3753 3822
f 3754 3648 3814
f 3800 3650 4000
f 3920 4000 3650
f 3650 3801 3920
f 3676 3823 3815
f 3873 3803 3817
f 3837 3778 3696
f 3829 3837 3696
f 3877 3738 3864
f 3861 3758 3730
f 3730 3796 3861
f 3759 3856 3866
f 3741 3820 3830
f 3691 3784 3820
f 3790 3784 3734
f 3831 3790 3751
f 3791 3831 3761
f 3832 3797 3752
f 3774 3859 3947
f 3719 3859 3630
f 3955 3568 3641
f 3641 3726 3955
f 3918 3812 3764
f 3764 3776 3918
f 3765 3848 3835
f 3793 3816 3792
f 3802 3824 3793
f 3845 3826 3710
f 3894 3852 3737
f 3737 3779 3894
f 3806 3697 3758
f 3846 3796 3770
f 3770 3782 3846
f 3854 3846 3782
f 3882 3819 3731
f 3680 3732 3847
f 3689 3638 3878
f 3749 3878 3638
f 3841 3914 3750
f 3831 3751 3761
f 3812 3798 3744
f 3799 3822 3889
f 3755 3815 3892
f 3816 3823 3792
f 3816 3793 3824
f 3802 3844 3860
f 3894 3779 3895
f 3877 3895 3779
f 3738 3722 3864
f 3722 3804 3864
f 3805 3780 3711
f 3805 3838 3959
f 3847 3855 3680
f 3783 3689 3878
f 3809 3773 3945
f 3830 3820 3857
f 3832 3774 3947
f 3776 3834 3918
f 3848 3799 3888
f 3786 3800 3890
f 4000 3890 3800
f 3920 3801 3891
f 3788 3828 3875
f 3970 3959 3838
f 3806 3758 3853
f 3865 3853 3758
f 3861 3865 3758
f 3839 3884 3739
f 3927 3840 3808
f 3808 3809 3885
f 3830 3841 3760
f 3830 3857 4007
f 3831 3791 3900
f 3869 3791 3742
f 3797 3869 3742
f 3568 3955 3863
f 3763 3798 3986
f 3918 3871 3812
f 3813 3834 3776
f 3888 3799 3889
f 3816 3824 3910
f 3802 3860 3824
f 3787 3825 3844
f 3817 3803 3967
f 3803 3727 3967
f 3826 3967 3727
f 3769 3827 3905
f 3827 3851 3905
f 3851 3827 3788
f 3788 3875 3851
f 3852 3912 3829
f 3879 3866 3898
f 3807 3789 3867
f 3868 3857 3820
f 3820 3784 3868
f 3901 3842 3692
f 3833 3901 3692
f 3823 3892 3815
f 3823 3816 3909
f 3849 3844 3825
f 3873 3817 3989
f 3893 3922 3826
f 3826 3845 3893
f 3695 3746 3968
f 3942 3864 3804
f 3805 3942 3804
f 3804 3780 3805
f 3908 3878 3749
f 3749 3879 3908
f 3739 3840 3839
f 3914 3945 3773
f 3832 3953 3797
f 3726 3762 3955
f 3870 3798 3812
f 3812 3871 3870
f 3835 3848 3872
f 3889 3822 3931
f 3814 3931 3822
f 3903 3823 3909
f 3910 3909 3816
f 3849 3860 3844
f 3845 3756 3904
f 3850 3904 3756
f 3876 3828 3795
f 3795 3777 3876
f 3968 3777 3695
f 3818 3778 3958
f 3924 3970 3838
f 3781 3806 3853
f 3853 3865 3896
f 3882 3854 3819
f 3847 3772 3951
f 3831 3858 3790
f 3887 4037 3719
f 3719 3821 3887
f 3997 3955 3762
f 3870 3986 3798
f 3967 3826 3922
f 3850 3768 3874
f 3876 3875 3828
f 3846 3854 3913
f 3783 3883 3772
f 3840 3880 3839
f 3945 3885 3809
f 3858 3868 3784
f 3859 3719 4037
f 3810 3811 3843
f 3762 3763 3997
f 3986 3997 3763
f 3933 3920 3891
f 3892 3823 3903
f 3860 3910 3824
f 3845 3904 3893
f 3905 3768 3769
f 3818 3958 3747
f 3838 3781 3924
f 3853 3924 3781
f 3854 3882 3943
f 3883 3951 3772
f 3926 3866 3856
f 3867 3789 3899
f 3880 3840 3927
f 3858 3831 3886
f 3831 3900 3886
f 3869 3900 3791
f 3775 3842 3985
f 3872 3813 3835
f 3932 3786 3919
f 3873 3921 3849
f 3989 3817 3966
f 3907 3876 3777
f 3746 3881 3968
f 3912 3837 3829
f 3861 3796 3897
f 3796 3846 3897
f 3913 3897 3846
f 3882 3855 3936
f 3855 3847 3944
f 3884 4043 3789
f 3928 3914 3841
f 3841 3830 3928
f 4007 3928 3830
f 3960 3886 3900
f 3821 3862 3961
f 3842 3901 3985
f 3833 3810 3954
f 3863 3955 3939
f 3870 3871 3917
f 3872 3834 3813
f 3963 3872 3848
f 3888 3963 3848
f 3910 3860 3911
f 3941 3911 3860
f 3935 3905 3851
f 3837 3958 3778
f 3943 3913 3854
f 3936 3855 3944
f 3925 3883 3783
f 3783 3878 3925
f 3908 3925 3878
f 3885 3927 3808
f 3915 4007 3857
f 3937 3900 3869
f 3887 3821 3961
f 3871 3918 3902
f 3931 3814 3948
f 3860 3849 3941
f 3921 3941 3849
f 3921 3873 3989
f 3905 3874 3768
f 3896 3924 3853
f 3897 3865 3861
f 3879 3898 3908
f 3926 3856 3978
f 3856 3867 3978
f 3899 3978 3867
f 4043 3899 3789
f 3839 3880 4006
f 3901 3833 3954
f 3902 3917 3871
f 3872 3956 3834
f 3904 3850 3975
f 3850 3874 3975
f 3875 3935 3851
f 3907 3923 3876
f 3968 3907 3777
f 4012 3881 3747
f 3837 3912 4021
f 3896 3865 3977
f 3944 3847 4031
f 3951 4031 3847
f 3952 3915 3857
f 3857 3868 3952
f 3858 3886 3916
f 3938 3937 3869
f 3929 3961 3862
f 3785 3929 3862
f 3810 3843 3930
f 3956 3918 3834
f 3963 3888 3957
f 3889 3957 3888
f 3814 3836 3948
f 3891 3755 3933
f 3940 3933 3755
f 3755 3892 3940
f 3903 3965 3892
f 3817 3967 3966
f 3935 3875 3906
f 3881 4012 3969
f 3747 3958 4012
f 3852 3894 4093
f 3895 4093 3894
f 3936 3943 3882
f 4043 4042 3899
f 4014 3884 3839
f 3945 3914 3983
f 3937 3960 3900
f 3797 3938 3869
f 3953 3938 3797
f 3947 3953 3832
f 3947 3859 4037
f 3980 3929 3785
f 3785 3775 3980
f 3985 3980 3775
f 3954 3810 3930
f 4008 3986 3870
f 3956 3902 3918
f 3965 3903 3972
f 3949 3972 3903
f 3909 3949 3903
f 3969 3968 3881
f 3959 3970 3993
f 3865 3897 3977
f 3866 3926 3898
f 3880 3927 3996
f 4037 3979 3947
f 4055 3870 3917
f 3964 3889 3931
f 3940 3892 4009
f 3965 4009 3892
f 3910 3949 3909
f 3910 3911 3973
f 3934 3973 3911
f 3874 3905 4011
f 3905 3935 4011
f 4004 4021 3912
f 3982 4004 3912
f 3852 3982 3912
f 3959 3942 3805
f 3976 3924 3896
f 4042 3978 3899
f 4014 4043 3884
f 3932 3948 3836
f 3987 3919 3786
f 3786 3890 3987
f 4009 3933 3940
f 3910 3973 3949
f 3893 3904 3974
f 3975 3974 3904
f 4030 3994 3943
f 3914 3928 4033
f 3868 3858 3984
f 3916 3984 3858
f 3890 4000 3987
f 4000 3920 4114
f 3975 3874 3950
f 4011 3950 3874
f 4027 3864 3942
f 3976 3896 3977
f 3897 3913 4029
f 3943 3994 3913
f 3883 3925 3995
f 4044 3952 3868
f 3868 3984 4044
f 3886 3960 3916
f 3938 3953 3946
f 3843 3863 3930
f 3963 3971 3872
f 3932 3919 3999
f 3919 3987 3999
f 3933 4114 3920
f 3934 3941 3988
f 3941 4010 3988
f 4010 3941 3921
f 4057 3989 3966
f 3958 3837 3992
f 4021 3992 3837
f 3942 3959 4027
f 3936 4030 3943
f 4006 4014 3839
f 3996 4006 3880
f 3983 3885 3945
f 3946 3953 4025
f 3953 3947 4015
f 3979 4015 3947
f 3962 3954 3930
f 4113 4008 3870
f 3870 4055 4113
f 3902 3956 4017
f 3971 3956 3872
f 3964 3957 3889
f 3998 3964 3931
f 3931 3948 3998
f 3967 3922 4018
f 4005 3993 3970
f 4033 3983 3914
f 3971 3963 4026
f 3963 3957 4026
f 4114 3933 4064
f 4001 3973 3934
f 3934 3988 4001
f 3935 3906 4067
f 3923 3907 4003
f 3968 3969 3991
f 4020 4012 3958
f 3877 3864 4155
f 3977 3897 4029
f 3913 3994 4029
f 4013 3995 3925
f 3928 4007 4024
f 4015 4025 3953
f 3979 4037 4016
f 3961 3929 4075
f 3954 3985 3901
f 3998 4099 3964
f 4071 3966 3967
f 3967 4018 4071
f 4002 3922 3893
f 3893 3974 4002
f 3990 3974 3975
f 3981 3991 3969
f 3969 4012 3981
f 4093 3982 3852
f 3970 3924 4005
f 3924 3976 4005
f 4059 4022 3977
f 4030 3936 4023
f 3944 4023 3936
f 3883 4178 3951
f 3995 4060 3883
f 3983 3927 3885
f 4024 4033 3928
f 4134 4044 3984
f 3960 4045 3916
f 3960 3937 4070
f 4037 3887 4053
f 3961 4053 3887
f 4017 3917 3902
f 4062 3998 3948
f 4056 4064 3933
f 3933 4009 4056
f 4010 3921 4066
f 3922 4002 4018
f 4020 3958 3992
f 3993 4027 3959
f 3976 3977 4022
f 3944 4031 4023
f 4178 4031 3951
f 3925 3908 4013
f 4107 3996 3927
f 4034 4024 4007
f 4035 4007 3915
f 3937 3938 4109
f 3961 4075 4053
f 4038 3929 3980
f 3980 3985 4038
f 4039 4026 3957
f 3948 3932 4062
f 3999 4062 3932
f 3949 3973 4065
f 3921 3989 4032
f 4002 3974 3990
f 4011 3935 4067
f 4003 3907 4041
f 4041 3907 3968
f 3968 3991 4041
f 4027 3993 4028
f 4029 4059 3977
f 4006 3996 4085
f 4036 3915 3952
f 3984 3916 4134
f 3946 4109 3938
f 3997 3986 4008
f 3964 4039 3957
f 3972 3949 4079
f 3949 4065 4079
f 4032 4066 3921
f 3950 4011 4139
f 4093 3895 4083
f 3877 4083 3895
f 4084 4029 3994
f 3996 4107 4141
f 4046 3960 4070
f 4047 3985 3954
f 3954 3962 4047
f 4054 3962 3930
f 3930 3863 4097
f 3939 4097 3863
f 3939 3955 4098
f 3998 4062 4078
f 4009 3965 4103
f 3965 3972 4103
f 4079 4103 3972
f 4001 3988 4080
f 4072 3990 3975
f 3975 3950 4072
f 3981 4012 4154
f 4083 3877 4130
f 4155 4130 3877
f 3976 4022 4005
f 4118 4005 4022
f 4084 3994 4105
f 4007 4035 4034
f 4044 4036 3952
f 4016 4015 3979
f 4097 4054 3930
f 4048 4098 3955
f 3955 3997 4048
f 4008 4113 4112
f 4017 4055 3917
f 4017 3956 3971
f 4078 4099 3998
f 3987 4000 4101
f 4040 4056 4009
f 4155 3864 4131
f 4027 4131 3864
f 3995 4013 4051
f 4014 4006 4106
f 4086 3927 3983
f 3937 4109 4070
f 4038 4120 3929
f 4096 4047 3962
f 4111 4048 3997
f 4008 4111 3997
f 4063 4101 4000
f 4114 4063 4000
f 4057 4032 3989
f 4071 4057 3966
f 4041 4058 4003
f 4030 4105 3994
f 4051 4060 3995
f 4013 3908 4074
f 3996 4141 4085
f 3927 4086 4107
f 3915 4036 4035
f 4046 4045 3960
f 4075 3929 4120
f 4098 4097 3939
f 4124 4040 4009
f 4103 4124 4009
f 4019 4139 4011
f 4067 4003 4068
f 4049 4041 3991
f 3981 4049 3991
f 4027 4028 4131
f 4145 4028 3993
f 3993 4005 4145
f 4059 4118 4022
f 4023 4031 4133
f 4178 4133 4031
f 3926 3978 4069
f 3978 4042 4069
f 4106 4043 4014
f 4033 4024 4061
f 3985 4047 4038
f 4026 4039 4077
f 4089 3988 4010
f 4010 4066 4089
f 4071 4018 4189
f 4138 4189 4018
f 4067 4019 4011
f 4058 4068 4003
f 4050 4145 4005
f 4005 4157 4050
f 4118 4157 4005
f 4105 4030 4073
f 4074 3908 3898
f 3898 3926 4074
f 4069 4074 3926
f 3983 4033 4061
f 3946 4025 4109
f 4109 4025 4052
f 4025 4015 4052
f 3962 4054 4214
f 4122 4054 4097
f 3971 4026 4077
f 4101 3999 3987
f 4080 3973 4001
f 3988 4089 4115
f 4002 4072 4081
f 4072 3950 4165
f 4139 4165 3950
f 4049 4058 4041
f 4012 4020 4129
f 4116 3992 4021
f 4021 4004 4116
f 3982 4117 4004
f 4118 4059 4168
f 4084 4059 4029
f 4030 4023 4073
f 4042 4043 4269
f 4061 4086 3983
f 4034 4061 4024
f 4015 4016 4095
f 4175 4113 4055
f 4077 4017 3971
f 4078 4062 4100
f 4080 3988 4115
f 4091 4066 4032
f 4032 4057 4091
f 4018 4002 4126
f 4081 4126 4002
f 4067 4184 4019
f 4020 3992 4167
f 4093 4092 3982
f 4084 4105 4190
f 4060 4178 3883
f 4094 4134 3916
f 4110 4015 4095
f 4053 4095 4016
f 4016 4037 4053
f 4038 4047 4076
f 4071 4091 4057
f 4152 4081 4072
f 4058 4049 4082
f 4129 4154 4012
f 4070 4142 4046
f 4214 4096 3962
f 4112 4111 4008
f 4055 4017 4175
f 4087 4077 4039
f 4039 3964 4088
f 4099 4088 3964
f 4101 4163 3999
f 4149 4114 4064
f 4064 4056 4149
f 4102 4056 4040
f 4079 4065 4104
f 4065 3973 4104
f 4080 4104 3973
f 4126 4138 4018
f 4082 4049 4128
f 4049 3981 4128
f 4268 4116 4004
f 4117 4268 4004
f 4028 4145 4131
f 4179 4269 4043
f 4141 4180 4085
f 4044 4134 4036
f 4108 4142 4070
f 4109 4108 4070
f 4076 4120 4038
f 4121 4076 4047
f 4047 4096 4121
f 4222 4214 4054
f 4098 4048 4136
f 4111 4136 4048
f 4039 4088 4087
f 4091 4071 4125
f 4152 4072 4165
f 4058 4082 4204
f 3981 4154 4153
f 4117 3982 4092
f 4051 4160 4060
f 4074 4051 4013
f 4069 4042 4140
f 4106 4179 4043
f 4006 4085 4209
f 4061 4034 4210
f 4222 4054 4122
f 4100 4187 4078
f 4100 4062 3999
f 4102 4123 4056
f 4164 4104 4080
f 4090 4089 4066
f 4189 4125 4071
f 4128 3981 4153
f 4059 4084 4132
f 4190 4132 4084
f 4178 4060 4185
f 4185 4060 4160
f 4119 4074 4069
f 4269 4140 4042
f 4209 4106 4006
f 4180 4209 4085
f 4094 4045 4171
f 4045 4046 4171
f 4142 4171 4046
f 4052 4015 4110
f 4124 4181 4040
f 4066 4091 4090
f 4196 4115 4089
f 4089 4090 4196
f 4146 4090 4091
f 4068 4058 4127
f 4204 4127 4058
f 4050 4157 4148
f 4132 4168 4059
f 4113 4175 4174
f 4017 4077 4223
f 4143 4223 4077
f 4187 4099 4078
f 4063 4226 4101
f 4123 4149 4056
f 4124 4103 4137
f 4103 4079 4150
f 4091 4125 4146
f 4152 4126 4081
f 4167 4129 4020
f 3992 4116 4167
f 4159 4190 4105
f 4105 4073 4159
f 4133 4073 4023
f 4051 4074 4119
f 4141 4107 4169
f 4053 4075 4135
f 4120 4135 4075
f 4193 4121 4096
f 4096 4214 4193
f 4111 4112 4215
f 4194 4215 4112
f 4112 4113 4194
f 4174 4194 4113
f 4188 4100 3999
f 4163 4188 3999
f 4149 4063 4114
f 4115 4164 4080
f 4189 4151 4125
f 4184 4067 4250
f 4147 4250 4067
f 4127 4147 4068
f 4116 4268 4198
f 4092 4310 4117
f 4177 4157 4118
f 4168 4177 4118
f 4170 4278 4134
f 4094 4170 4134
f 4095 4053 4201
f 4097 4098 4173
f 4136 4173 4098
f 4175 4017 4195
f 4087 4143 4077
f 4088 4099 4144
f 4187 4144 4099
f 4226 4163 4101
f 4150 4079 4104
f 4146 4125 4151
f 4082 4128 4166
f 4198 4167 4116
f 4093 4083 4233
f 4234 4233 4083
f 4083 4130 4234
f 4155 4234 4130
f 4119 4160 4051
f 4119 4069 4140
f 4162 4179 4106
f 4171 4170 4094
f 4240 4076 4121
f 4122 4097 4279
f 4173 4279 4097
f 4136 4111 4215
f 4181 4102 4040
f 4150 4137 4103
f 4189 4138 4249
f 4166 4128 4197
f 4233 4092 4093
f 4155 4131 4156
f 4131 4145 4156
f 4205 4156 4145
f 4141 4169 4270
f 4107 4086 4169
f 4108 4109 4261
f 4135 4201 4053
f 4192 4135 4120
f 4120 4076 4192
f 4195 4017 4223
f 4090 4146 4264
f 4139 4203 4165
f 4139 4019 4329
f 4184 4329 4019
f 4153 4197 4128
f 4145 4050 4148
f 4157 4177 4199
f 4132 4190 4158
f 4185 4160 4208
f 4161 4160 4119
f 4106 4209 4162
f 4270 4180 4141
f 4278 4036 4134
f 4171 4142 4172
f 4212 4172 4142
f 4142 4108 4212
f 4191 4052 4110
f 4095 4191 4110
f 4095 4201 4186
f 4264 4196 4090
f 4183 4264 4146
f 4152 4266 4126
f 4152 4165 4230
f 4168 4132 4207
f 4159 4236 4190
f 4159 4073 4244
f 4133 4244 4073
f 4219 4119 4140
f 4140 4269 4219
f 4052 4261 4109
f 4076 4240 4192
f 4173 4136 4263
f 4137 4150 4182
f 4126 4266 4217
f 4230 4266 4152
f 4197 4153 4176
f 4153 4154 4176
f 4154 4129 4176
f 4148 4205 4145
f 4148 4157 4199
f 4207 4206 4168
f 4158 4207 4132
f 4180 4270 4260
f 4175 4195 4273
f 4217 4138 4126
f 4165 4203 4230
f 4166 4289 4082
f 4197 4276 4166
f 4092 4233 4232
f 4206 4177 4168
f 4244 4236 4159
f 4180 4260 4209
f 4220 4086 4061
f 4061 4210 4220
f 4300 4210 4034
f 4300 4034 4035
f 4172 4212 4200
f 4221 4240 4121
f 4193 4221 4121
f 4174 4175 4313
f 4273 4313 4175
f 4241 4143 4087
f 4246 4241 4087
f 4087 4088 4246
f 4224 4246 4088
f 4088 4144 4224
f 4137 4182 4247
f 4217 4249 4138
f 4329 4203 4139
f 4289 4166 4276
f 4304 4234 4155
f 4155 4156 4304
f 4185 4208 4341
f 4238 4208 4160
f 4160 4161 4238
f 4219 4161 4119
f 4035 4036 4211
f 4172 4239 4171
f 4261 4212 4108
f 4252 4052 4191
f 4149 4216 4063
f 4149 4123 4227
f 4287 4254 4102
f 4102 4181 4287
f 4124 4137 4255
f 4247 4255 4137
f 4164 4115 4288
f 4151 4183 4146
f 4127 4243 4147
f 4258 4176 4129
f 4129 4167 4258
f 4199 4177 4206
f 4133 4178 4237
f 4291 4169 4086
f 4220 4291 4086
f 4251 4170 4171
f 4171 4239 4251
f 4172 4200 4239
f 4201 4213 4186
f 4313 4194 4174
f 4144 4187 4225
f 4307 4225 4187
f 4187 4100 4307
f 4163 4202 4188
f 4216 4226 4063
f 4115 4196 4288
f 4151 4189 4249
f 4167 4198 4231
f 4205 4148 4297
f 4158 4190 4218
f 4178 4185 4341
f 4211 4300 4035
f 4214 4222 4352
f 4194 4313 4365
f 4273 4195 4325
f 4223 4325 4195
f 4242 4307 4100
f 4188 4242 4100
f 4216 4149 4227
f 4254 4123 4102
f 4255 4287 4181
f 4181 4124 4255
f 4288 4196 4248
f 4264 4248 4196
f 4329 4184 9675
f 4250 9675 4184
f 4204 4082 4267
f 4289 4267 4082
f 4231 4258 4167
f 4234 4304 4339
f 4218 4190 4235
f 4269 4179 4281
f 4179 4162 4281
f 4282 4162 4209
f 4210 4300 4292
f 4200 4212 4284
f 4186 4191 4095
f 4275 4254 4287
f 4104 4164 4228
f 4183 4151 4256
f 4229 4265 4151
f 4151 4249 4229
f 4199 4297 4148
f 4236 4235 4190
f 4292 4220 4210
f 4284 4239 4200
f 4261 4052 4252
f 4262 4135 4192
f 4192 4240 4262
f 4352 4193 4214
f 4272 4222 4122
f 4279 4272 4122
f 4365 4215 4194
f 4223 4143 4245
f 4202 4242 4188
f 4226 4216 4274
f 4247 4182 4295
f 4104 4182 4150
f 4219 4269 4311
f 4320 4311 4269
f 4209 4260 4282
f 4278 4211 4036
f 4186 4213 4323
f 4135 4213 4201
f 4313 4273 4302
f 4254 4227 4123
f 4264 4183 4296
f 4256 4151 4265
f 4276 4197 4257
f 4310 4092 4232
f 4156 4205 4304
f 4297 4304 4205
f 4299 4206 4207
f 4207 4218 4299
f 4244 4340 4236
f 4343 4270 4169
f 4278 4170 4318
f 4284 4251 4239
f 4284 4212 4261
f 4285 4262 4240
f 4301 4240 4221
f 4263 4136 4253
f 4136 4215 4253
f 4215 4365 4253
f 4241 4245 4143
f 4144 4225 4286
f 4289 4276 4379
f 4233 4234 4319
f 4298 4297 4199
f 4259 4199 4206
f 4235 4236 4305
f 4300 4211 4271
f 4170 4251 9589
f 4191 4186 4322
f 4186 4323 4322
f 4280 4229 4249
f 4280 4249 4217
f 4395 4204 4267
f 4303 4231 4198
f 4244 4133 4237
f 4237 4178 4341
f 4283 4291 4220
f 4170 9589 4318
f 4279 4173 4372
f 4263 4372 4173
f 4241 4246 4373
f 4163 4226 4274
f 4228 4164 4361
f 4164 4288 4361
f 4296 4183 4256
f 4127 4204 4395
f 4339 4319 4234
f 4304 4297 4290
f 4299 4218 4277
f 4218 4235 4277
f 4270 4343 4348
f 4349 4169 4291
f 4252 4334 4261
f 4322 4252 4191
f 4301 4285 4240
f 4307 4374 4225
f 4228 4182 4104
f 4288 4248 4308
f 4248 4264 4296
f 4309 4217 4266
f 4230 4309 4266
f 4232 4233 4319
f 4199 4259 4298
f 4206 4299 4259
f 4269 4281 4320
f 4312 4271 4211
f 4261 4321 4284
f 4213 4135 4345
f 4352 4222 4388
f 4272 4388 4222
f 4294 4325 4223
f 4223 4245 4294
f 4373 4245 4241
f 4202 4163 4274
f 4254 4275 4360
f 4182 4228 4314
f 4328 4280 4217
f 4243 4127 4362
f 4395 4362 4127
f 4231 4303 4338
f 4198 4268 4303
f 4346 4290 4297
f 4237 4340 4244
f 4278 4318 4350
f 4293 9589 4251
f 4251 4284 4293
f 4334 4321 4261
f 4193 4301 4221
f 4272 4279 4337
f 4372 4337 4279
f 4372 4263 4413
f 4373 4367 4245
f 4224 4144 4286
f 4360 4227 4254
f 4377 4256 4265
f 4329 9675 9674
f 4289 4330 4267
f 4268 4117 4331
f 4317 4298 4259
f 4347 4238 4161
f 4282 4281 4162
f 4260 4270 4358
f 4349 4343 4169
f 4410 4349 4291
f 4193 4352 4336
f 4413 4263 4393
f 4253 4393 4263
f 4313 4302 4366
f 4225 4374 4394
f 4202 4432 4242
f 4361 4375 4228
f 4288 4308 4361
f 4217 4309 9579
f 4330 4289 4396
f 4379 4396 4289
f 4338 4176 4258
f 4258 4231 4338
f 4277 4235 4305
f 4342 4347 4311
f 4392 4320 4281
f 4282 4260 4358
f 4348 4358 4270
f 4291 4283 4410
f 4306 4283 4220
f 4220 4292 4306
f 4292 4300 4384
f 4211 4278 4312
f 4387 4252 4322
f 4274 4216 4326
f 4216 4227 4457
f 4360 4275 4390
f 4247 4295 4391
f 4308 4248 4376
f 4296 4376 4248
f 4280 4328 4327
f 4362 9676 4243
f 4330 4395 4267
f 4257 4379 4276
f 4331 4303 4268
f 4117 4310 4331
f 4297 4298 4346
f 4208 4238 4357
f 4281 4282 4490
f 4292 4384 4306
f 4271 4384 4300
f 4278 4350 4312
f 4412 4318 9589
f 4262 4285 4403
f 4285 4301 4364
f 4367 4294 4245
f 4286 4225 4394
f 4287 4255 4370
f 4399 4370 4255
f 4247 4399 4255
f 4295 4182 4434
f 4314 4434 4182
f 4228 4375 4315
f 4265 4229 4377
f 4280 4327 9599
f 9579 4328 4217
f 4230 4203 4316
f 4379 4257 4371
f 4423 4310 4232
f 4299 4277 4332
f 4305 4332 4277
f 4305 4236 4340
f 4490 4392 4281
f 4252 4335 4334
f 4135 4262 4345
f 4262 4403 4345
f 4246 4224 4389
f 4286 4389 4224
f 4242 4374 4307
f 4457 4326 4216
f 4314 4228 4315
f 4256 4377 4353
f 4316 9579 4309
f 4309 4230 4316
f 4423 4331 4310
f 4487 4423 4232
f 4320 4342 4311
f 4283 4306 4333
f 4318 4412 4350
f 4364 4193 4336
f 4227 4360 4457
f 4449 4275 4287
f 4370 4449 4287
f 4316 4203 4440
f 4329 4440 4203
f 4197 4371 4257
f 4303 4331 4354
f 4339 4304 4290
f 4298 4317 4346
f 4417 4317 4259
f 4259 4299 4417
f 4332 4417 4299
f 4344 9589 4293
f 4387 4335 4252
f 4324 4403 4285
f 4365 4393 4253
f 4367 4373 4368
f 4389 4373 4246
f 4399 4247 4391
f 9674 4440 4329
f 4354 4338 4303
f 4319 4339 4380
f 4332 4305 4402
f 4305 4340 4363
f 4381 4340 4237
f 4341 4208 4357
f 4333 4410 4283
f 4412 9589 4344
f 4321 4334 4386
f 4213 4398 4323
f 4364 4324 4285
f 4193 4364 4301
f 4366 4365 4313
f 4394 4369 4286
f 4456 4202 4274
f 4274 4326 4456
f 4353 4376 4296
f 4296 4256 4353
f 4328 9579 4438
f 4422 4354 4331
f 4319 4442 4232
f 4346 4401 4290
f 4417 4332 4356
f 4332 4402 4356
f 4446 4282 4358
f 4271 4312 4418
f 4336 4352 4430
f 4272 4337 4388
f 4373 4389 4431
f 4361 4308 4376
f 4438 4327 4328
f 4354 4400 4338
f 4232 4442 4487
f 4339 4290 4380
f 4346 4317 4397
f 4363 4402 4305
f 4381 4363 4340
f 4426 4357 4238
f 4238 4347 4426
f 4387 4322 4351
f 4322 4323 4398
f 4398 4213 4345
f 4325 4294 4273
f 4353 4377 4436
f 4378 4438 9579
f 4440 9674 9677
f 4396 4450 4330
f 4371 4197 4407
f 4197 4176 4407
f 4355 4422 4331
f 4401 4380 4290
f 4346 4397 4401
f 4317 4409 4397
f 4341 4382 4237
f 4347 4342 4426
f 4335 4386 4334
f 4352 4388 4359
f 4388 4337 4469
f 4432 4374 4242
f 4176 4338 4407
f 4381 4237 4382
f 4343 4349 4383
f 4271 4418 4384
f 4350 4418 4312
f 4398 4351 4322
f 4413 4393 4404
f 4458 4457 4360
f 4360 4390 4458
f 4391 4295 4434
f 4375 4361 4421
f 4436 4377 4405
f 9676 4362 4406
f 4441 4416 4379
f 4371 4441 4379
f 4331 4423 4355
f 4317 4417 4409
f 4392 4342 4320
f 4349 4410 4383
f 4385 4412 4344
f 4398 4345 4479
f 4368 4420 4367
f 4390 4275 4433
f 4338 4400 4407
f 4442 4319 4451
f 4408 4451 4319
f 4381 4425 4363
f 4382 4489 4381
f 4357 4426 4499
f 4348 4343 4383
f 4352 4359 4430
f 4448 4393 4365
f 4376 4353 4435
f 4377 9563 4405
f 9599 4327 9563
f 4395 4406 4362
f 4396 4379 4462
f 4416 4462 4379
f 4380 4408 4319
f 4401 4424 4380
f 4489 4425 4381
f 4341 4357 4382
f 4499 4382 4357
f 4383 4358 4348
f 4350 4412 4478
f 4386 4335 4428
f 4345 4403 4429
f 4359 4388 4469
f 4365 4366 4448
f 4503 4420 4368
f 4431 4389 4505
f 4286 4505 4389
f 4361 4376 4435
f 4438 4378 4460
f 4406 4395 4483
f 4483 4395 4330
f 4450 4483 4330
f 4408 4380 4463
f 4424 4463 4380
f 4401 4397 4443
f 4363 4445 4402
f 4475 4342 4392
f 4350 4478 4418
f 4345 4429 4479
f 4364 4336 4419
f 4431 4368 4373
f 4369 4505 4286
f 4374 4522 4394
f 4436 4435 4353
f 4327 4438 9563
f 4378 4316 4460
f 4316 4440 4439
f 4450 4396 4462
f 4397 4409 4443
f 4444 4417 4356
f 4356 4402 4444
f 4446 4490 4282
f 4411 4410 4333
f 4333 4306 4411
f 4447 4411 4306
f 4306 4384 4447
f 4335 4387 4466
f 4324 4468 4403
f 4364 4468 4324
f 4337 4372 4470
f 4520 4470 4372
f 4372 4413 4520
f 4453 4302 4273
f 4431 4503 4368
f 4369 4394 4522
f 4432 4202 4414
f 4456 4414 4202
f 4415 4433 4275
f 4275 4449 4415
f 4434 4314 4496
f 4315 4496 4314
f 4375 4421 4315
f 4435 4421 4361
f 4439 4460 4316
f 4409 4417 4488
f 4392 4490 4475
f 4428 4427 4386
f 4466 4387 4351
f 4351 4398 4452
f 4336 4430 4419
f 4469 4337 4470
f 4393 4448 4404
f 4273 4294 4453
f 4505 4454 4431
f 4523 4458 4390
f 4390 4433 4523
f 4400 4354 4422
f 4443 4424 4401
f 4564 4445 4363
f 4425 4564 4363
f 4411 4383 4410
f 4501 4478 4412
f 4412 4385 4501
f 4480 4468 4364
f 4364 4419 4480
f 4404 4520 4413
f 4522 4374 4506
f 4432 4506 4374
f 4436 4405 4437
f 9563 4438 4459
f 4423 4514 4355
f 4444 4402 4445
f 4490 4446 4540
f 4491 4446 4358
f 4491 4358 4383
f 4411 4464 4383
f 4428 4335 4466
f 4403 4468 4467
f 4419 4430 4519
f 4521 4453 4294
f 4522 4481 4369
f 4414 4455 4432
f 4545 4421 4435
f 4459 4437 4405
f 4498 4440 9596
f 4371 4407 4484
f 4400 4484 4407
f 4514 4422 4355
f 4516 4408 4463
f 4409 4488 4443
f 4426 4342 4475
f 4464 4491 4383
f 4466 4465 4428
f 4466 4351 4452
f 4467 4502 4429
f 4429 4403 4467
f 4505 4369 4481
f 4455 4506 4432
f 4613 4523 4433
f 4433 4415 4613
f 4391 4434 4507
f 4496 4507 4434
f 4460 4439 4510
f 4498 4510 4439
f 4439 4440 4498
f 4485 4484 4400
f 4400 4422 4485
f 4486 4485 4422
f 4487 4442 4515
f 4442 4451 4515
f 4451 4408 4516
f 4424 4443 4527
f 4417 4444 4488
f 4382 4499 4473
f 4474 4499 4426
f 4478 4492 4418
f 4494 4501 4385
f 4427 4428 4465
f 4404 4471 4520
f 4495 4448 4366
f 4366 4302 4495
f 4583 4415 4449
f 4370 4399 4534
f 4399 4391 4534
f 4545 4315 4421
f 4497 4546 4436
f 4436 4437 4497
f 4459 4438 4524
f 4483 4461 4406
f 4441 4371 4484
f 4514 4486 4422
f 4423 4487 4514
f 4411 4447 4476
f 4447 4384 4477
f 4479 4530 4398
f 4502 4479 4429
f 4560 4480 4419
f 4419 4519 4560
f 4552 4519 4430
f 4430 4359 4552
f 4532 4302 4453
f 4458 4523 4553
f 4507 4534 4391
f 4545 4482 4315
f 4524 4508 4459
f 4438 4460 4524
f 4510 4509 4460
f 4472 4416 4441
f 4484 4472 4441
f 4463 4424 4527
f 4547 4527 4443
f 4489 4382 4473
f 4475 4474 4426
f 4446 4491 4540
f 4500 4477 4384
f 4384 4418 4500
f 4418 4492 4500
f 4478 4501 4493
f 4465 4494 4427
f 4465 4466 4542
f 4466 4452 4530
f 4359 4469 4552
f 4453 4521 4573
f 4521 4294 4367
f 4367 4420 4521
f 4533 4521 4420
f 4503 4533 4420
f 4454 4503 4431
f 4457 4600 4326
f 4437 4459 4535
f 4508 4535 4459
f 4509 4524 4460
f 4483 4450 4512
f 4462 4512 4450
f 4462 4416 4472
f 4514 4487 4526
f 4443 4488 4538
f 4539 4488 4444
f 4445 4539 4444
f 4564 4557 4445
f 4540 4475 4490
f 4411 4518 4464
f 4476 4518 4411
f 4477 4476 4447
f 4492 4478 4493
f 4398 4530 4452
f 4530 4479 4502
f 4467 4468 4550
f 4532 4495 4302
f 4454 4504 4503
f 4544 4454 4505
f 4414 4456 4599
f 4456 4326 4600
f 4600 4457 4553
f 4457 4458 4553
f 4546 4545 4435
f 4435 4436 4546
f 4498 4461 4511
f 4483 4511 4461
f 4472 4512 4462
f 4472 4484 4513
f 4537 4513 4484
f 4484 4485 4537
f 4485 4486 4537
f 4487 4515 4526
f 4516 4515 4451
f 4547 4443 4538
f 4557 4539 4445
f 4473 4565 4489
f 4474 4528 4499
f 4475 4540 4568
f 4464 4518 4491
f 4466 4530 4542
f 4467 4550 4502
f 4532 4453 4573
f 4544 4504 4454
f 4510 4498 4525
f 4486 4514 4555
f 4488 4539 4538
f 4517 4540 4491
f 4518 4517 4491
f 4500 4492 4529
f 4493 4529 4492
f 4559 4493 4501
f 4494 4559 4501
f 4581 4469 4470
f 4470 4520 4581
f 4520 4471 4531
f 4448 4495 4610
f 4533 4503 4504
f 4505 4481 4544
f 4481 4522 4544
f 4415 4583 4613
f 4615 4315 4482
f 4509 4510 4536
f 4525 4536 4510
f 4498 4511 4525
f 4512 4511 4483
f 4512 4472 4513
f 4555 4537 4486
f 4558 4564 4425
f 4425 4489 4565
f 4499 4566 4473
f 4474 4475 4568
f 4494 4465 4569
f 4520 4531 4581
f 4506 4544 4522
f 4370 4534 4597
f 4507 4496 4601
f 4546 4598 4545
f 4437 4535 4497
f 4617 4508 4524
f 4554 4525 4511
f 4512 4554 4511
f 4514 4526 4555
f 4526 4515 4586
f 4516 4586 4515
f 4565 4558 4425
f 4528 4566 4499
f 4517 4576 4540
f 4518 4476 4549
f 4477 4656 4476
f 4477 4500 4577
f 4529 4577 4500
f 4569 4559 4494
f 4465 4542 4541
f 4530 4502 4571
f 4404 4448 4610
f 4543 4533 4504
f 4456 4600 4599
f 4597 4534 4584
f 4507 4584 4534
f 4601 4584 4507
f 4535 4508 4603
f 4524 4509 4644
f 4536 4644 4509
f 4586 4555 4526
f 4547 4538 4548
f 4538 4539 4563
f 4566 4565 4473
f 4568 4528 4474
f 4577 4656 4477
f 4529 4493 4578
f 4541 4569 4465
f 4570 4541 4542
f 4542 4530 4570
f 4530 4571 4570
f 4579 4502 4550
f 4550 4468 4551
f 4468 4480 4551
f 4560 4551 4480
f 4561 4552 4469
f 4469 4581 4561
f 4574 4533 4543
f 4543 4544 4562
f 4506 4562 4544
f 4449 4370 4597
f 4496 4315 4615
f 4598 4482 4545
f 4535 4603 4497
f 4617 4603 4508
f 4524 4644 4617
f 4537 4627 4513
f 4587 4516 4463
f 4556 4587 4463
f 4527 4556 4463
f 4527 4547 4556
f 4548 4556 4547
f 4628 4548 4538
f 4557 4563 4539
f 4568 4540 4576
f 4549 4622 4518
f 4578 4577 4529
f 4559 4578 4493
f 4560 4519 4572
f 4552 4572 4519
f 4404 4593 4471
f 4574 4521 4533
f 4562 4595 4543
f 4583 4449 4597
f 4602 4546 4497
f 4512 4513 4585
f 4604 4627 4537
f 4647 4604 4537
f 4537 4555 4647
f 4586 4516 4670
f 4670 4516 4587
f 4538 4563 4628
f 4557 4564 4589
f 4564 4558 4589
f 4517 4518 4621
f 4518 4622 4621
f 4656 4549 4476
f 4571 4502 4579
f 4591 4579 4550
f 4550 4551 4591
f 4572 4580 4560
f 4552 4561 4572
f 4593 4531 4471
f 4594 4573 4521
f 4521 4574 4594
f 4506 4582 4562
f 4599 4455 4414
f 4611 4553 4523
f 4615 4601 4496
f 4598 4615 4482
f 4602 4616 4546
f 4497 4603 4602
f 4536 4525 4618
f 4554 4625 4525
f 4627 4585 4513
f 4555 4586 4669
f 4556 4548 4575
f 4548 4628 4575
f 4589 4628 4563
f 4563 4557 4589
f 4605 4589 4558
f 4605 4558 4565
f 4565 4566 4606
f 4566 4528 4607
f 4567 4528 4568
f 4632 4567 4568
f 4568 4576 4632
f 4541 4608 4569
f 4580 4591 4551
f 4572 4561 4592
f 4561 4581 4592
f 4610 4593 4404
f 4543 4595 4574
f 4595 4562 4596
f 4613 4611 4523
f 4598 4546 4616
f 4618 4525 4625
f 4668 4646 4554
f 4554 4512 4668
f 4512 4585 4668
f 4587 4556 4588
f 4575 4588 4556
f 4606 4605 4565
f 4567 4607 4528
f 4576 4517 4649
f 4517 4621 4649
f 4559 4569 4608
f 4579 4591 4590
f 4531 4592 4581
f 9714 4596 4562
f 4562 4582 9714
f 4455 4582 4506
f 4647 4555 4669
f 4619 4669 4586
f 4586 4670 4619
f 4684 4628 4589
f 4605 4684 4589
f 4607 4606 4566
f 4567 4632 4631
f 4541 4570 4650
f 4570 4571 4657
f 4590 4571 4579
f 4652 4591 4580
f 4580 9598 4652
f 9715 9598 4592
f 4609 9715 4592
f 4592 4531 4609
f 4531 4593 4609
f 4636 4574 4595
f 4595 4596 4636
f 4614 4583 4597
f 4597 4584 4614
f 4615 4598 4677
f 4662 4603 4617
f 9714 4582 4455
f 4611 4613 4612
f 4584 4601 4643
f 4601 4615 4643
f 4616 4677 4598
f 4637 4616 4602
f 4602 4603 4637
f 4644 4536 4618
f 4625 4554 4646
f 4626 4668 4585
f 4585 4627 4626
f 4620 4588 4575
f 4575 4628 4620
f 4606 4684 4605
f 4606 4607 4629
f 4630 4629 4607
f 4607 4567 4630
f 4632 4576 4633
f 4648 4633 4576
f 4576 4649 4648
f 4622 4655 4621
f 4671 4656 4577
f 4577 4578 4671
f 4591 4651 4590
f 4609 4593 4623
f 4593 4610 4623
f 4624 4623 4610
f 4610 4495 4624
f 4495 4532 4624
f 4573 4624 4532
f 4638 4639 4680
f 9714 4455 9712
f 4641 9712 4455
f 4455 4599 4641
f 4600 4553 4660
f 4553 4611 4660
f 4611 4612 4660
f 4583 4614 9587
f 4677 4643 4615
f 4617 4644 4662
f 4588 4620 4683
f 4629 4721 4606
f 4578 4559 4685
f 4650 4608 4541
f 4650 4570 4657
f 4590 4657 4571
f 4698 4652 9598
f 4634 4698 9598
f 9598 9715 4634
f 4653 4634 9715
f 4623 4624 9713
f 4624 4573 4635
f 4594 4635 4573
f 4618 4625 4788
f 4645 4788 4625
f 4625 4646 4645
f 4627 4604 4626
f 4647 4626 4604
f 4683 4620 4736
f 4684 4620 4628
f 4721 4684 4606
f 4567 4631 4654
f 4632 4633 4631
f 4655 4649 4621
f 4578 4685 4694
f 4559 4608 4685
f 4739 4685 4608
f 4695 4739 4608
f 4652 4651 4591
f 4641 4599 4659
f 4661 4660 4612
f 4612 9587 4661
f 9587 4614 4642
f 4643 4642 4614
f 4614 4584 4643
f 4677 4616 4726
f 4678 4639 4638
f 4663 4678 4638
f 4666 9993 4681
f 4678 4702 4639
f 4640 4680 4688
f 4599 4600 4659
f 4660 4659 4600
f 4637 4726 4616
f 4662 4637 4603
f 4662 4644 4667
f 4692 4667 4644
f 4644 4618 4692
f 4788 4692 4618
f 4668 4626 4682
f 4619 4670 4796
f 4630 4567 4654
f 4656 4693 4549
f 4671 4578 4694
f 4650 4695 4608
f 4657 4740 4650
f 4672 4634 4653
f 4667 4700 4662
f 4626 4647 4706
f 4720 4706 4647
f 4647 4669 4720
f 4633 4648 4790
f 4622 4549 4722
f 4693 4722 4549
f 4723 4693 4656
f 4671 4723 4656
f 4671 4694 4738
f 4740 4657 4708
f 4696 4651 4652
f 4652 4698 4697
f 4673 4672 4653
f 9721 4659 4742
f 4675 4742 4659
f 4659 4660 4675
f 4676 4675 4660
f 4660 4661 4676
f 4642 4676 4661
f 4637 4662 4700
f 4702 9697 4639
f 4691 4678 4663
f 4663 4664 4691
f 4728 4691 4664
f 4679 4664 4663
f 4705 9993 4666
f 4668 4682 4734
f 4706 4682 4626
f 4670 4587 4796
f 4620 4684 4737
f 4633 4790 4631
f 4649 4655 4707
f 4655 4622 4722
f 4740 4695 4650
f 4768 4708 4657
f 4590 4768 4657
f 4697 4696 4652
f 4672 4673 4710
f 4673 9718 4752
f 9718 4674 4752
f 4686 4752 4674
f 4711 4686 4674
f 4674 4658 4711
f 4785 4711 4658
f 4658 9721 4785
f 4712 4785 9721
f 9721 4742 4712
f 4742 4675 4687
f 4699 4687 4675
f 4675 4676 4699
f 4676 4642 4725
f 4643 4725 4642
f 4643 4677 4725
f 4677 4713 4787
f 4677 4726 4713
f 4700 4754 4637
f 4802 4728 4664
f 4679 4780 4664
f 4688 4703 4640
f 4729 4688 4680
f 4680 4704 4729
f 4665 4717 4681
f 4705 4778 9993
f 4645 4646 4733
f 4789 4733 4646
f 4682 4706 4719
f 4588 4796 4587
f 4808 4588 4683
f 4629 4630 4759
f 4790 4654 4631
f 4707 4648 4649
f 4724 4694 4685
f 4685 4739 4750
f 4695 4740 4767
f 4798 4768 4590
f 4590 4651 4798
f 4751 4697 4698
f 4709 4698 4634
f 4754 4726 4637
f 4704 4716 4781
f 4681 4717 9999
f 4718 9990 4689
f 4773 4718 4689
f 4689 10001 4773
f 4727 4690 4714
f 4715 4714 4690
f 9697 4702 4715
f 4788 4645 4756
f 4668 4789 4646
f 4735 4706 4720
f 4720 4669 4757
f 4669 4619 4757
f 4808 4683 4736
f 4737 4736 4620
f 4797 4721 4629
f 4759 4797 4629
f 4630 4654 4759
f 4655 4722 4760
f 4722 4693 4829
f 4723 4671 4738
f 4724 4738 4694
f 4696 4798 4651
f 4634 4672 4709
f 4710 4709 4672
f 4752 4741 4673
f 4711 4753 4686
f 4800 4715 4702
f 4702 4743 4800
f 4678 4691 4743
f 4729 4747 4688
f 4704 4781 4729
f 4781 4716 4744
f 4840 4705 4666
f 4719 4734 4682
f 4795 4619 4796
f 4795 4796 4856
f 4684 4721 4797
f 4707 4810 4648
f 4850 4707 4655
f 4791 4850 4655
f 4749 4724 4685
f 4767 4739 4695
f 4708 4831 4740
f 4741 4710 4673
f 4784 4753 4711
f 4711 4785 4784
f 4687 4699 4769
f 4699 4676 4786
f 4786 4676 4725
f 4725 4677 4787
f 4700 4667 4770
f 4714 4715 4765
f 4743 4691 4766
f 4691 4728 4766
f 4780 4802 4664
f 4718 4773 4851
f 4773 10001 4775
f 10001 4746 4775
f 4701 4727 4748
f 4692 4770 4667
f 4734 4789 4668
f 4757 4735 4720
f 4797 4737 4684
f 4723 4738 9568
f 4724 4749 4860
f 4685 4750 4749
f 4844 4750 4739
f 4709 4751 4698
f 4752 4686 4753
f 4699 4786 4769
f 4713 4726 4787
f 4754 4700 4755
f 4779 4766 4728
f 4803 4802 4780
f 4703 4688 4819
f 4747 4819 4688
f 4805 4716 4730
f 4730 9696 4805
f 4748 4805 9696
f 9696 4701 4748
f 4748 4727 4764
f 4731 9989 4777
f 4761 4745 9990
f 9990 4718 4761
f 4851 4761 4718
f 4732 9996 4763
f 4734 4719 4825
f 4619 4758 4757
f 4808 4736 4827
f 4736 4737 4857
f 4738 4724 4812
f 4739 4767 4844
f 4813 4831 4708
f 4708 4768 4813
f 4696 4697 4832
f 4709 4710 4929
f 4845 4710 4741
f 4712 4742 4687
f 4786 4725 4816
f 4787 4816 4725
f 4770 4755 4700
f 4800 4765 4715
f 4766 4800 4743
f 4819 4818 4703
f 4781 4744 4888
f 4716 4838 4744
f 4761 4772 4745
f 4746 9991 4776
f 4792 4776 9991
f 4762 9994 4793
f 4732 4763 4777
f 4778 4763 9996
f 9992 4840 4666
f 4779 4728 4817
f 4780 4679 4836
f 4679 4703 4836
f 4818 4836 4703
f 4819 4747 4876
f 4729 4876 4747
f 4804 4838 4716
f 4805 4804 4716
f 4805 4748 4782
f 4749 4750 4885
f 4831 4767 4740
f 4798 4696 4814
f 4751 4832 4697
f 4710 4845 4929
f 4741 4752 4783
f 4752 4753 4783
f 4785 4712 4886
f 4769 4799 4687
f 4873 4787 4726
f 4726 4754 4873
f 4756 4733 4847
f 4794 4825 4719
f 4719 4706 4826
f 4706 4735 4826
f 4882 4796 4588
f 4737 4797 4858
f 4654 4987 4759
f 4648 4810 4790
f 4707 4850 4928
f 4760 4791 4655
f 4760 4722 4829
f 4693 4723 4811
f 4820 9987 4717
f 4772 4821 4745
f 4774 4773 4775
f 4775 4746 4881
f 4793 4792 4762
f 4777 10002 4731
f 4801 4800 4766
f 4802 4817 4728
f 4802 4803 4835
f 4744 4838 4837
f 4884 4738 4812
f 4750 4844 4885
f 4768 4798 4870
f 4832 4751 4917
f 4687 4833 4712
f 4873 4754 4906
f 4754 4755 4906
f 4755 4770 4846
f 4770 4692 4913
f 4692 4788 4913
f 4719 4826 4794
f 4795 4758 4619
f 4808 4882 4588
f 4857 4827 4736
f 4858 4857 4737
f 4829 4693 4830
f 4820 4717 4806
f 4771 4745 4806
f 4851 4773 4909
f 4773 4774 4909
f 4881 4774 4775
f 4746 4776 4881
f 10002 4777 4853
f 4777 4763 4853
f 4705 4854 4778
f 9992 4912 4840
f 4764 4714 4841
f 4714 4765 4841
f 4765 4800 4801
f 4779 4864 4766
f 4888 4729 4781
f 4782 4804 4805
f 4724 4860 4812
f 4813 4868 4831
f 4870 4813 4768
f 4901 4814 4696
f 4832 4901 4696
f 4946 4917 4751
f 4751 4709 4946
f 4741 4815 4845
f 4741 4783 4815
f 4902 4783 4753
f 4871 4753 4784
f 4886 4871 4784
f 4784 4785 4886
f 4886 4712 4833
f 4687 4799 4833
f 4834 4799 4769
f 4769 4786 4834
f 4816 4834 4786
f 4788 4756 4913
f 4825 4789 4734
f 4849 4735 4757
f 4849 4757 4758
f 4828 4797 4987
f 4797 4759 4987
f 4654 4790 4867
f 4810 4809 4790
f 4830 4693 4811
f 4717 4771 4806
f 4821 4806 4745
f 4761 4822 4772
f 4890 4776 4792
f 4793 10002 4823
f 4853 4763 4824
f 4778 4824 4763
f 4913 4756 4847
f 4895 4758 4795
f 4883 4808 4827
f 4896 4883 4827
f 4828 4858 4797
f 4867 4987 4654
f 4809 4867 4790
f 4915 4811 4723
f 4844 4767 4861
f 4767 4831 4861
f 4798 4814 4870
f 4976 4946 4709
f 4709 4929 4976
f 4871 4902 4753
f 4872 4816 4787
f 4873 4906 4905
f 4817 4802 4842
f 4802 4835 4842
f 4836 4803 4780
f 4837 4888 4744
f 4878 4804 4782
f 4822 4880 4772
f 4761 4851 4889
f 4792 4793 4852
f 4853 4823 10002
f 4853 4824 4839
f 4778 4854 4824
f 4854 4705 4840
f 4807 4789 4848
f 4866 4848 4789
f 4894 4825 4794
f 4794 4826 4894
f 4941 4849 4758
f 4758 4895 4942
f 4795 4856 4895
f 4883 4882 4808
f 4859 4850 4791
f 4900 4870 4814
f 5026 4901 4832
f 4862 4799 4834
f 4904 4834 4816
f 4787 4863 4872
f 4863 4787 4873
f 4893 4906 4755
f 4755 4846 4893
f 4766 4864 4801
f 4876 4729 4877
f 4888 4877 4729
f 4838 4804 4843
f 4880 4821 4772
f 4852 4890 4792
f 4823 4891 4793
f 4770 4913 4855
f 4789 4825 4866
f 4849 4826 4735
f 4897 4896 4827
f 4857 4897 4827
f 4828 4987 4927
f 4914 4928 4850
f 5022 4859 4791
f 4760 5022 4791
f 4830 4944 4829
f 4723 9568 4915
f 4898 4915 9568
f 4901 4900 4814
f 4917 5026 4832
f 4833 4799 4956
f 4887 4956 4799
f 4904 4862 4834
f 4846 4770 4855
f 4841 4919 4764
f 4874 4841 4765
f 4864 4933 4801
f 4779 4817 4864
f 4818 4819 4993
f 4819 4876 4993
f 4837 4838 4907
f 4820 4806 4908
f 4889 4822 4761
f 4852 4793 4891
f 4854 4840 4892
f 4865 4875 4817
f 4817 4842 4865
f 4843 4804 4964
f 4878 4964 4804
f 4884 4812 4916
f 5025 4812 4860
f 4885 4860 4749
f 4861 4988 4844
f 4945 4813 4870
f 5027 4929 4845
f 4845 4815 4977
f 4930 4871 4886
f 4862 4887 4799
f 4991 4904 4816
f 4872 4991 4816
f 4947 4893 4846
f 4846 4855 4947
f 4856 4796 4986
f 5074 4867 4809
f 4914 4850 4859
f 4829 4944 4760
f 4995 4879 4820
f 4806 4821 4908
f 4880 4822 4966
f 4881 4951 4774
f 4823 4853 4911
f 4824 4854 4940
f 4891 4823 4953
f 4939 4911 4853
f 4853 4839 4939
f 4839 4824 4940
f 4840 4912 4892
f 4913 4847 5008
f 4825 4894 4925
f 4973 4986 4796
f 4796 4882 4973
f 4828 4975 4858
f 5074 4809 4810
f 4944 5022 4760
f 4988 4885 4844
f 4831 4868 4861
f 4869 4813 5045
f 4815 4783 5046
f 4931 4903 4833
f 4958 4872 4863
f 4873 4958 4863
f 4765 4801 4874
f 4864 4817 4875
f 4865 4842 4935
f 4803 4836 4937
f 4888 4837 4920
f 4843 4907 4838
f 4995 4820 4908
f 4966 4965 4880
f 4951 4909 4774
f 4825 4925 4866
f 4826 4849 4941
f 4758 4942 4941
f 4942 4895 4955
f 4986 4955 4856
f 4858 4974 4857
f 4987 4867 5096
f 5074 5096 4867
f 4884 4899 4898
f 4868 4813 4869
f 4900 4945 4870
f 4977 5027 4845
f 5046 4977 4815
f 4783 4902 5046
f 4903 4886 4833
f 4956 4931 4833
f 4957 4887 4862
f 4906 4893 4924
f 4979 4841 4874
f 4874 4801 4933
f 4836 4818 4937
f 4877 4962 4876
f 4782 4938 4878
f 4821 4922 4908
f 4821 4880 4996
f 4965 4996 4880
f 4852 4891 4910
f 4911 4953 4823
f 4854 4892 4940
f 4947 4855 4948
f 4826 4941 4926
f 4895 4856 4955
f 4883 4973 4882
f 4707 4928 4810
f 4945 5045 4813
f 4902 4871 4989
f 5083 4930 4886
f 4886 4903 5083
f 4957 4862 4904
f 4874 4933 4961
f 4935 5009 4865
f 4980 4835 4803
f 4962 4993 4876
f 4920 4877 4888
f 4964 4878 4938
f 4921 4938 4782
f 4922 5052 4908
f 4966 4822 4997
f 4822 4889 4997
f 4951 4881 4967
f 4881 4776 4967
f 4981 4967 4776
f 4776 4890 4981
f 4953 4910 4891
f 4947 4948 4960
f 4954 4925 4894
f 4894 4826 4954
f 4971 4954 4826
f 4926 4971 4826
f 4943 4896 4897
f 4897 4857 5059
f 4898 4899 9627
f 5025 4916 4812
f 5026 4900 4901
f 5046 4902 4989
f 4918 4957 4904
f 4905 4958 4873
f 4905 4906 5028
f 4949 4919 4841
f 4934 4933 4864
f 4936 4835 4950
f 4980 4950 4835
f 4920 4837 5012
f 4837 4907 5012
f 4843 5012 4907
f 5052 4995 4908
f 4996 4922 4821
f 4889 4909 4923
f 4909 4951 4923
f 4952 4890 4852
f 4970 4892 4912
f 4939 4839 4998
f 4969 4998 4839
f 4839 4940 4969
f 4970 4912 9986
f 5007 4855 4913
f 4913 5008 5007
f 4883 4896 5058
f 4943 5002 4896
f 4974 5059 4857
f 4927 4987 5021
f 5023 5022 4944
f 4811 4915 5004
f 5044 4899 4884
f 4884 4916 5044
f 5097 5025 4860
f 4860 4885 5097
f 4988 5097 4885
f 4930 4989 4871
f 5101 4918 4904
f 4958 4991 4872
f 4924 4893 4960
f 4841 4979 4949
f 4934 4864 4875
f 4875 4865 4934
f 4803 4937 4980
f 5011 4937 4818
f 4962 4877 4994
f 4877 4920 4994
f 4843 4964 4963
f 4893 4947 4960
f 5040 4848 4866
f 4941 4942 4972
f 5002 5058 4896
f 5042 4810 4928
f 4928 4914 5042
f 5024 4944 4830
f 4830 4811 5024
f 4811 5004 5078
f 5061 5004 4915
f 4976 4929 5006
f 5080 5006 4929
f 5027 5080 4929
f 5082 4989 4930
f 5083 5082 4930
f 4931 5083 4903
f 4887 4957 4990
f 4904 4991 5101
f 4958 4905 4959
f 5028 4959 4905
f 4924 5028 4906
f 4978 4932 4919
f 4961 4979 4874
f 4992 4961 4933
f 5050 4934 4865
f 4865 5009 5050
f 5032 5009 4935
f 4936 5032 4935
f 5011 4980 4937
f 4993 5011 4818
f 4963 5012 4843
f 5052 4922 5015
f 4997 4889 5037
f 4852 4910 4952
f 4982 5016 4910
f 4910 4953 4982
f 4911 4939 4968
f 4984 4969 4940
f 4940 4892 4984
f 4970 4984 4892
f 4866 4925 4999
f 5001 4926 4941
f 4972 5001 4941
f 4942 4955 4972
f 5059 4943 4897
f 4975 4828 4927
f 5078 5024 4811
f 9627 4899 5160
f 4916 5025 5127
f 5098 4945 4900
f 5026 5098 4900
f 5005 4917 4946
f 4946 4976 5005
f 5027 4977 5130
f 5047 4956 4887
f 4932 4978 9689
f 4919 4949 4978
f 5030 4992 4933
f 4933 4934 5030
f 5013 4963 4964
f 4964 4938 5013
f 4995 5035 4879
f 4890 4952 4981
f 5068 4952 4910
f 5016 5068 4910
f 5000 4999 4925
f 4925 4954 5000
f 5019 4973 4883
f 5020 5059 4974
f 4974 4858 4975
f 5074 4810 5075
f 4810 5042 5075
f 4859 5042 4914
f 4869 4861 4868
f 4917 5063 5026
f 5006 5005 4976
f 5046 4989 5165
f 4931 4956 5047
f 4990 5047 4887
f 4991 4958 4959
f 4948 4855 5048
f 5007 5048 4855
f 4992 4979 4961
f 4993 4962 5051
f 5051 4962 4994
f 5036 4965 4966
f 4966 4997 5036
f 5122 4923 4951
f 4953 5053 5070
f 4953 4968 5053
f 4998 4968 4939
f 4998 4969 4983
f 4984 4983 4969
f 4984 4970 5017
f 9986 5106 4970
f 4999 5040 4866
f 5057 4985 4971
f 4971 4926 5057
f 4926 5001 5057
f 4975 5020 4974
f 5024 5023 4944
f 5003 5024 5078
f 5044 5043 4899
f 4945 5183 5045
f 5063 5143 5026
f 5081 5130 4977
f 4989 5082 5165
f 4959 5201 4991
f 9689 4978 5085
f 5065 4949 4979
f 4934 5050 5031
f 5009 5117 5050
f 4950 4980 5010
f 4920 5012 5188
f 5013 4938 5136
f 4921 5137 4938
f 5035 5014 4879
f 5035 4995 5066
f 5066 4995 5052
f 4965 5090 4996
f 4951 4967 5038
f 5038 4967 4981
f 4999 5000 5041
f 5072 5000 4954
f 4971 4985 4954
f 4972 4955 5226
f 5058 5019 4883
f 5058 5002 5073
f 4943 5073 5002
f 5096 5021 4987
f 5043 5160 4899
f 5163 5097 4988
f 5062 5114 4861
f 5062 4861 4869
f 5045 5062 4869
f 5005 5063 4917
f 5081 4977 5046
f 5083 4931 5084
f 4931 5047 5084
f 4990 4957 5115
f 4918 5115 4957
f 5028 4924 5116
f 4924 4960 5102
f 4948 5132 4960
f 5029 4978 4949
f 4979 4992 5065
f 4934 5031 5030
f 5032 4936 5033
f 4980 5011 5010
f 5173 5011 4993
f 5051 5173 4993
f 5118 5051 4994
f 4994 4920 5088
f 5188 5088 4920
f 5034 5012 4963
f 5013 5034 4963
f 4922 4996 5090
f 5037 5121 4997
f 5038 5122 4951
f 4981 4952 5039
f 4968 4998 5054
f 4998 4983 5054
f 4983 4984 5054
f 5055 5054 4984
f 4984 5017 5071
f 5017 4970 5106
f 4848 5040 5056
f 5041 5040 4999
f 5018 5057 5001
f 5001 4972 5018
f 5042 4859 5076
f 5181 5004 5061
f 5114 5163 4988
f 4988 4861 5114
f 5098 5183 4945
f 5027 5130 5129
f 5084 5047 5218
f 5101 4991 5201
f 5102 5116 4924
f 5007 5008 5048
f 5108 5048 5008
f 5008 9704 5108
f 5086 5085 4978
f 4978 5029 5086
f 5064 5029 4949
f 5065 5064 4949
f 5087 5117 5009
f 4936 4950 5033
f 5147 5033 4950
f 5089 5188 5012
f 5034 5089 5012
f 5136 4938 5137
f 5137 4921 5145
f 5035 9998 5014
f 5090 5015 4922
f 5036 4997 5121
f 4923 5122 5037
f 5039 5091 4981
f 4984 5071 5055
f 5093 5071 5017
f 5106 5093 5017
f 5106 9986 5194
f 5041 5000 5094
f 4954 4985 5072
f 4986 4973 5110
f 5059 5020 5180
f 4927 5021 5198
f 5125 5076 4859
f 4859 5022 5112
f 5022 5023 5112
f 5126 5112 5023
f 5060 5078 5004
f 5160 5061 9627
f 5183 5128 5045
f 5143 5216 5098
f 5026 5143 5098
f 5185 5080 5027
f 5028 5166 4959
f 5168 5132 4948
f 5168 4948 5048
f 5146 5086 5029
f 5049 5065 4992
f 4992 5030 5049
f 5031 5049 5030
f 5032 5087 5009
f 5134 5147 4950
f 4950 5010 5134
f 5011 5134 5010
f 5118 5173 5051
f 9998 5035 5104
f 5052 5149 5066
f 5208 4965 5036
f 5121 5208 5036
f 5122 5067 5037
f 4981 5091 5038
f 5016 4982 5123
f 5072 5109 5000
f 5212 4955 4986
f 4973 5019 5178
f 5180 4943 5059
f 5021 5096 5159
f 5024 5003 5077
f 5181 5060 5004
f 5141 5127 5025
f 5062 5045 5128
f 5005 5006 5079
f 5027 5129 5185
f 5100 5047 4990
f 5100 4990 5115
f 5132 5102 4960
f 5204 5031 5050
f 5050 5117 5204
f 5088 5118 4994
f 5034 5013 5119
f 5052 5015 5149
f 4965 5208 5189
f 5150 5121 5037
f 5123 5068 5016
f 4982 5070 5069
f 5070 5053 5105
f 5053 5092 5105
f 5055 5092 5054
f 9706 5056 9705
f 5041 5094 5138
f 5094 5000 5095
f 5109 5095 5000
f 4985 5057 5177
f 5018 5177 5057
f 5226 5018 4972
f 5110 5212 4986
f 5178 5110 4973
f 4943 5180 5197
f 5075 5111 5074
f 5076 5075 5042
f 5077 5023 5024
f 5061 5160 5140
f 5182 5043 5044
f 5097 5163 5142
f 5128 5253 5062
f 5255 5079 5006
f 5165 5099 5046
f 5083 5084 5322
f 5200 5131 4918
f 4918 5101 5200
f 5166 5201 4959
f 5064 5146 5029
f 5064 5065 5049
f 5087 5032 5172
f 5120 5104 5035
f 5035 5066 5120
f 5207 5149 5015
f 5015 5090 5207
f 5090 4965 5189
f 5037 5067 5150
f 5190 5122 5038
f 5038 5091 5190
f 5069 5070 5152
f 5105 5152 5070
f 5092 5055 5107
f 5055 5071 5153
f 5072 4985 5156
f 5058 5073 5179
f 5198 5021 5159
f 5111 5096 5074
f 5112 5125 4859
f 5003 5078 5113
f 5060 5113 5078
f 5272 5114 5062
f 5253 5272 5062
f 5099 5081 5046
f 5100 5218 5047
f 5132 5221 5102
f 5103 5085 5170
f 5172 5187 5087
f 5134 5011 5233
f 5118 5088 5148
f 5089 5034 5135
f 5013 5136 5119
f 5120 5066 5149
f 5151 5039 4952
f 5107 5105 5092
f 5153 5107 5055
f 5041 5154 5040
f 5138 5094 5124
f 5094 5095 5124
f 5177 5156 4985
f 5019 5058 5157
f 5139 5157 5058
f 5198 4975 4927
f 5061 5140 5181
f 5161 5182 5127
f 5162 5141 5025
f 5025 5097 5162
f 5097 5142 5162
f 5183 5098 5403
f 5216 5403 5098
f 5131 5115 4918
f 5101 5201 5220
f 5028 5116 5186
f 5132 5168 5133
f 5170 5145 5103
f 5146 5064 5171
f 5117 5087 5187
f 5188 5148 5088
f 4952 5068 5151
f 5068 5123 5209
f 5153 5071 5175
f 5093 5106 5193
f 5194 5193 5106
f 5093 5175 5071
f 5108 9705 5144
f 5056 5040 5154
f 5138 5211 5041
f 5124 5095 5155
f 5058 5179 5139
f 5073 4943 5158
f 5043 5182 5215
f 5080 5255 5006
f 5116 5102 5167
f 5221 5167 5102
f 5132 5133 5323
f 5086 5170 5085
f 5172 5032 5033
f 5189 5207 5090
f 5189 5208 5297
f 5224 5208 5121
f 5150 5224 5121
f 5151 5235 5039
f 5174 5068 5209
f 5209 5123 5210
f 5123 5069 5191
f 5152 5191 5069
f 5158 5179 5073
f 5158 4943 5197
f 5076 5111 5075
f 5126 5023 5250
f 5023 5077 5250
f 5060 5181 5229
f 5127 5141 5161
f 5164 5143 5063
f 5130 5185 5129
f 5256 5099 5165
f 5082 5083 5199
f 5322 5199 5083
f 5115 5131 5274
f 5220 5200 5101
f 5166 5028 5186
f 5186 5116 5167
f 5168 5048 5169
f 5187 5204 5117
f 5033 5147 5232
f 5134 5205 5147
f 5011 5173 5233
f 5089 5135 5188
f 5119 5136 5206
f 5235 5091 5039
f 5152 5107 5192
f 5107 5153 5192
f 5211 5138 5267
f 5195 5267 5138
f 5239 5195 5138
f 5124 5239 5138
f 5155 5176 5124
f 5177 5018 5247
f 4955 5212 5226
f 5019 5157 5268
f 4975 5213 5020
f 5159 5096 5333
f 5111 5333 5096
f 5125 5228 5076
f 5112 5214 5125
f 5304 5077 5003
f 5003 5113 5304
f 5160 5043 5215
f 5141 5162 5161
f 5143 5184 5216
f 5164 5184 5143
f 5164 5063 5005
f 5256 5081 5099
f 5165 5082 5217
f 5218 5241 5084
f 5100 5115 5274
f 5048 5108 5169
f 5203 5169 5108
f 5294 5258 5145
f 5145 5170 5294
f 5146 5171 5278
f 5172 5033 5326
f 5205 5232 5147
f 5233 5173 5296
f 5148 5173 5118
f 5148 5188 5222
f 5206 5135 5034
f 5034 5119 5206
f 5206 5136 5137
f 5120 5149 5261
f 5207 5261 5149
f 5150 5067 5224
f 5174 5151 5068
f 5192 5153 5175
f 5193 5236 5093
f 5154 5041 5211
f 5239 5124 5176
f 5176 5155 5196
f 5072 5156 5240
f 5247 5018 5226
f 5212 5110 5288
f 5214 5228 5125
f 5140 5160 5291
f 5215 5291 5160
f 5163 5114 5272
f 5273 5253 5128
f 5255 5309 5079
f 5322 5084 5241
f 5131 5200 5257
f 5201 5166 5202
f 5166 5186 5276
f 5167 5221 5242
f 5323 5221 5132
f 5133 5168 5169
f 5108 5144 5203
f 5294 5170 5231
f 5170 5086 5231
f 5259 5231 5086
f 5086 5146 5259
f 5204 5278 5171
f 5326 5033 5232
f 5205 5134 5295
f 5233 5295 5134
f 5148 5296 5173
f 5135 5206 5243
f 5145 5223 5137
f 5120 9995 5104
f 5298 5224 5067
f 5067 5122 5298
f 5122 5190 5298
f 5244 5192 5175
f 5175 5093 5244
f 5193 5194 5266
f 9705 5056 5324
f 5154 5324 5056
f 5211 5324 5154
f 5225 5196 5155
f 5240 5155 5095
f 5095 5109 5240
f 5156 5177 5247
f 5178 5019 5331
f 5139 5179 5227
f 4975 5198 5213
f 5251 5250 5077
f 5229 5181 5305
f 5181 5140 5305
f 5182 5161 5270
f 5128 5183 5273
f 5309 5005 5079
f 5419 5080 5185
f 5185 5130 5419
f 5292 5130 5081
f 5217 5082 5199
f 5218 5100 5219
f 5274 5219 5100
f 5220 5275 5200
f 5166 5276 5202
f 5167 5276 5186
f 5187 5172 5313
f 5172 5326 5279
f 5188 5135 5222
f 5206 5137 5223
f 5258 5223 5145
f 9995 5120 5282
f 5207 5189 5234
f 5190 5091 5298
f 5262 5298 5091
f 5235 5262 5091
f 5299 5235 5151
f 5209 5210 5263
f 5210 5191 5264
f 5244 5264 5191
f 5191 5192 5244
f 5236 5244 5093
f 5072 5240 5109
f 5268 5331 5019
f 5157 5139 5268
f 5227 5268 5139
f 5249 5179 5158
f 5369 5289 5197
f 5180 5369 5197
f 5159 5333 5446
f 5112 5126 5303
f 5060 5229 5113
f 5335 5305 5140
f 5162 5142 5307
f 5308 5142 5163
f 5273 5183 5403
f 5131 5257 5274
f 5275 5257 5200
f 5202 5220 5201
f 5167 5242 5277
f 5203 5144 5349
f 5238 5349 5144
f 5259 5146 5377
f 5278 5377 5146
f 5279 5313 5172
f 5261 5282 5120
f 5208 5224 5283
f 5284 5174 5209
f 5209 5263 5284
f 5264 5263 5210
f 5236 5193 5237
f 5266 5237 5193
f 5239 5351 5195
f 5245 5176 5196
f 5196 5225 5245
f 5248 5247 5226
f 5368 5249 5158
f 5158 5197 5401
f 5289 5401 5197
f 5213 5180 5020
f 5303 5214 5112
f 5077 5304 5251
f 5161 5162 5307
f 5163 5272 5308
f 5184 5254 5216
f 5419 5130 5292
f 5218 5219 5241
f 5310 5242 5221
f 5323 5310 5221
f 5133 5169 5230
f 5204 5187 5278
f 5232 5205 5260
f 5148 5222 5280
f 5222 5135 5243
f 5314 5281 5223
f 5258 5314 5223
f 5234 5261 5207
f 5234 5189 5297
f 5283 5297 5208
f 5302 5245 5225
f 5246 5302 5225
f 5225 5155 5246
f 5155 5240 5246
f 5288 5248 5226
f 5226 5212 5288
f 5227 5179 5344
f 5249 5344 5179
f 5333 5111 5318
f 5111 5076 5318
f 5290 5113 5229
f 5252 5335 5140
f 5140 5291 5252
f 5306 5215 5182
f 5182 5270 5306
f 5403 5216 5418
f 5309 5164 5005
f 5420 5292 5081
f 5081 5256 5388
f 5293 5220 5202
f 5260 5326 5232
f 5297 5283 5354
f 5235 5299 5262
f 5244 5236 5301
f 5237 5301 5236
f 5324 5349 5238
f 5324 5211 5350
f 5267 5350 5211
f 5287 5240 5156
f 5110 5178 5429
f 5076 5228 5318
f 5305 5290 5229
f 5291 5215 5269
f 5215 5306 5269
f 5308 5307 5142
f 5273 5336 5253
f 5164 5309 5373
f 5241 5219 5449
f 5276 5167 5347
f 5310 5277 5242
f 5323 5133 5311
f 5133 5230 5311
f 5313 5353 5187
f 5280 5296 5148
f 5281 5243 5206
f 5206 5223 5281
f 5330 5283 5224
f 5330 5224 5362
f 5151 5174 5299
f 5301 5264 5244
f 5266 5265 5237
f 5169 5203 5230
f 5339 5230 5203
f 5349 5339 5203
f 5239 5176 5341
f 5176 5245 5341
f 5285 9607 5245
f 5245 5302 5285
f 5246 5240 5286
f 5156 5247 5287
f 5247 5248 5316
f 5248 5288 5316
f 5178 5331 5429
f 5268 5227 5344
f 5400 5368 5158
f 5158 5401 5400
f 5332 5369 5180
f 5213 5332 5180
f 5446 5198 5159
f 5319 5250 5251
f 5290 5304 5113
f 5309 5255 5387
f 5255 5080 5387
f 5358 5387 5080
f 5256 5165 5337
f 5450 5449 5219
f 5293 5202 5347
f 5202 5276 5347
f 5277 5347 5167
f 5258 5294 5312
f 5294 5231 5352
f 5231 5259 5352
f 5278 5187 5353
f 5280 5222 5327
f 5243 5327 5222
f 5314 5258 5312
f 5282 5261 5380
f 5234 5297 5328
f 5298 5362 5224
f 5356 5284 5263
f 5300 5356 5263
f 5264 5300 5263
f 5351 5454 5195
f 5351 5239 5340
f 5239 5341 5340
f 5240 5287 5286
f 5316 5287 5247
f 5288 5110 5398
f 5345 5318 5228
f 5413 5303 5126
f 5126 5250 5413
f 5290 5305 5334
f 5164 5254 5184
f 5277 5310 5359
f 5311 5230 5338
f 5278 5353 5377
f 5380 5261 5234
f 5283 5330 5329
f 5174 5284 5355
f 5264 5301 5300
f 5301 5237 5397
f 5265 5397 5237
f 5267 5195 5350
f 5454 5350 5195
f 5316 5286 5287
f 5344 5249 5317
f 5249 5368 5317
f 5251 5304 5370
f 5507 5252 5291
f 5271 5306 5270
f 5272 5253 5321
f 5469 5253 5336
f 5080 5419 5358
f 5081 5388 5420
f 5374 5337 5165
f 5322 5241 5404
f 5257 5389 5274
f 5377 5393 5259
f 5205 5378 5260
f 5205 5295 5379
f 9995 5282 5443
f 5380 5443 5282
f 5328 5380 5234
f 5328 5297 5354
f 5356 5355 5284
f 5397 5300 5301
f 5266 9997 5265
f 5343 5285 5302
f 5286 5343 5302
f 5302 5246 5286
f 5286 5316 5315
f 5110 5429 5398
f 5228 5214 5345
f 5304 5290 5370
f 5305 5335 5334
f 5269 5507 5291
f 5415 5271 5307
f 5307 5308 5320
f 5308 5272 5321
f 5469 5321 5253
f 5254 5418 5216
f 5386 5373 5309
f 5217 5374 5165
f 5449 5404 5241
f 5257 5275 5500
f 5220 5500 5275
f 5312 5294 5325
f 5313 5279 5360
f 5279 5326 5360
f 5260 5394 5326
f 5312 5281 5314
f 5362 5298 5427
f 5396 5355 5356
f 5265 5428 5397
f 9607 5285 5342
f 5343 5342 5285
f 5366 5315 5316
f 5316 5288 5366
f 5398 5366 5288
f 5214 5303 5402
f 5303 5413 5402
f 5319 5413 5250
f 5319 5251 5385
f 5251 5370 5385
f 5435 5335 5252
f 5309 5387 5386
f 5581 5374 5217
f 5199 5581 5217
f 5219 5274 5375
f 5389 5375 5274
f 5257 5500 5389
f 5348 5438 5323
f 5323 5311 5348
f 5339 5338 5230
f 5453 5349 5324
f 5350 5492 5324
f 5351 5421 5454
f 5312 5325 5392
f 5294 5352 5325
f 5393 5352 5259
f 5326 5394 5360
f 5378 5394 5260
f 5443 5425 9995
f 5380 5328 5361
f 5410 5262 5299
f 5268 5399 5331
f 5317 5368 5367
f 5333 5318 5446
f 5346 5370 5290
f 5371 5346 5290
f 5334 5371 5290
f 5320 5415 5307
f 5256 5337 5388
f 5450 5219 5375
f 5347 5277 5451
f 5359 5451 5277
f 5438 5405 5310
f 5310 5323 5438
f 5339 5349 5390
f 5341 9607 5363
f 5295 5233 5379
f 5424 5233 5296
f 5424 5296 5514
f 5408 5243 5281
f 5361 5328 5395
f 5328 5354 5395
f 5329 5354 5283
f 5362 5329 5330
f 5545 5298 5262
f 5299 5174 5473
f 5174 5355 5473
f 5397 5381 5300
f 5364 5382 5342
f 5342 5343 5364
f 5383 5364 5343
f 5286 5383 5343
f 5286 5315 5365
f 5331 5399 5429
f 5268 5344 5399
f 5431 5332 5213
f 5384 5431 5213
f 5213 5198 5384
f 5446 5384 5198
f 5345 5214 5402
f 5465 5413 5319
f 5319 5385 5465
f 5269 5306 5468
f 5271 5415 5372
f 5320 5308 5416
f 5308 5321 5416
f 5417 5416 5321
f 5373 5254 5164
f 5322 5404 5569
f 5293 5347 5595
f 5557 5595 5347
f 5451 5557 5347
f 5311 5338 5570
f 5390 5349 5453
f 5453 5324 5492
f 5350 5454 5357
f 5340 5422 5421
f 5421 5351 5340
f 5325 5352 5440
f 5352 5393 5440
f 5360 5441 5313
f 5423 5394 5378
f 5233 5424 5379
f 5296 5280 5514
f 5281 5312 5408
f 5354 5409 5395
f 5354 5329 5409
f 5473 5410 5299
f 5396 5356 5474
f 5357 5492 5350
f 5391 5341 5363
f 9607 5342 5363
f 5382 5363 5342
f 5365 5383 5286
f 5344 5317 5445
f 5317 5367 5445
f 5370 5346 5467
f 5484 5371 5334
f 5435 5484 5334
f 5334 5335 5435
f 5468 5507 5269
f 5306 5436 5468
f 5321 5469 5417
f 5273 5508 5336
f 5418 5254 5470
f 5387 5358 5437
f 5488 5358 5419
f 5471 5420 5388
f 5359 5310 5376
f 5310 5405 5376
f 5510 5348 5311
f 5392 5408 5312
f 5393 5377 5490
f 5441 5353 5313
f 5458 5378 5205
f 5379 5458 5205
f 5456 5514 5280
f 5280 5327 5459
f 5408 5327 5243
f 5356 5300 5381
f 5452 5570 5338
f 5339 5452 5338
f 5463 5365 5315
f 5315 5366 5444
f 5399 5344 5445
f 5368 5400 5430
f 5412 5401 5289
f 5289 5369 5412
f 5369 5332 5412
f 5446 5318 5432
f 5432 5318 5464
f 5370 5434 5385
f 5370 5467 5434
f 5346 5414 5467
f 5346 5371 5414
f 5507 5435 5252
f 5508 5469 5336
f 5254 5373 5470
f 5569 5404 5509
f 5375 5389 5499
f 5472 5451 5359
f 5359 5376 5472
f 5440 5392 5325
f 5490 5377 5406
f 5377 5353 5406
f 5406 5353 5491
f 5407 5441 5360
f 5456 5280 5459
f 5327 5408 5459
f 5443 5380 5426
f 5262 5410 5545
f 5526 5473 5355
f 5355 5396 5526
f 5381 5474 5356
f 9997 5428 5265
f 5365 5364 5383
f 5398 5444 5366
f 5430 5367 5368
f 5332 5431 5412
f 5318 5345 5464
f 5414 5371 5538
f 5320 5416 5608
f 5273 5403 5508
f 5437 5386 5387
f 5388 5337 5542
f 5337 5374 5645
f 5581 5199 5582
f 5448 5322 5569
f 5390 5452 5339
f 5363 5439 5391
f 5360 5394 5407
f 5423 5407 5394
f 5361 5426 5380
f 5545 5427 5298
f 5474 5526 5396
f 5381 5397 5442
f 5397 5428 5442
f 5428 9997 9985
f 5315 5444 5463
f 5411 5429 5399
f 5445 5411 5399
f 5400 5401 5535
f 5401 5412 5535
f 5496 5431 5384
f 5433 5464 5345
f 5345 5402 5433
f 5465 5385 5466
f 5538 5371 5484
f 5579 5468 5436
f 5518 5508 5403
f 5418 5518 5403
f 5373 5386 5470
f 5489 5488 5419
f 5489 5419 5292
f 5471 5292 5420
f 5448 5582 5199
f 5322 5448 5199
f 5404 5449 5509
f 5220 5293 5648
f 5595 5648 5293
f 5491 5353 5441
f 5423 5378 9558
f 5458 9558 5378
f 5515 5459 5408
f 5502 5409 5329
f 5329 5362 5502
f 5382 5364 5493
f 5364 5365 5462
f 5481 5535 5412
f 5412 5431 5481
f 5402 5413 5433
f 5447 5433 5413
f 5465 5447 5413
f 5434 5466 5385
f 5483 5467 5414
f 5435 5507 5485
f 5608 5415 5320
f 5610 5471 5388
f 5542 5610 5388
f 5570 5510 5311
f 5363 5455 5461
f 5490 5530 5440
f 5440 5393 5490
f 5407 5423 5457
f 5424 5458 5379
f 5443 5477 5425
f 5427 5502 5362
f 5442 5428 5476
f 9985 5476 5428
f 5462 5493 5364
f 5365 5463 5462
f 5479 5444 5398
f 5494 5479 5398
f 5429 5494 5398
f 5495 5400 5535
f 5496 5481 5431
f 5482 5447 5465
f 5483 5414 5538
f 5485 5484 5435
f 5486 5579 5436
f 5436 5372 5486
f 5517 5608 5416
f 5555 5417 5469
f 5437 5358 5594
f 5684 5449 5450
f 5389 5500 5556
f 5452 5390 5562
f 5563 5422 5340
f 5439 5563 5340
f 5363 5461 5439
f 5458 5424 5512
f 5460 5515 5408
f 5443 5426 5618
f 5474 5381 5475
f 5381 5442 5475
f 5604 5475 5442
f 5476 5604 5442
f 5477 5443 5618
f 5529 5426 5361
f 5361 5395 5529
f 5478 5529 5395
f 5493 5504 5382
f 5522 5462 5463
f 5367 5430 5524
f 5495 5430 5400
f 5384 5446 5506
f 5432 5506 5446
f 5567 5434 5467
f 5485 5507 5712
f 5372 5415 5626
f 5498 5416 5417
f 5470 5487 5418
f 5389 5556 5499
f 5562 5570 5452
f 5520 5453 5492
f 5521 5357 5454
f 5421 5521 5454
f 5422 5584 5421
f 5455 5677 5461
f 5392 5460 5408
f 5490 5406 5501
f 5395 5409 5478
f 5577 5410 5473
f 5392 5440 5511
f 5440 5530 5511
f 5491 5501 5406
f 5407 5457 5559
f 9558 5559 5457
f 5456 5459 5770
f 5515 5770 5459
f 5503 5455 5504
f 5547 5504 5493
f 5534 5494 5429
f 5523 5534 5429
f 5429 5411 5523
f 5480 5411 5445
f 5524 5480 5445
f 5524 5445 5367
f 5432 5464 5497
f 5567 5467 5483
f 5484 5485 5525
f 5508 5555 5469
f 5487 5518 5418
f 5437 5519 5386
f 5645 5542 5337
f 5684 5509 5449
f 5648 5500 5220
f 5628 5405 5438
f 5438 5348 5596
f 5475 5560 5474
f 5528 5604 5476
f 5409 5502 5633
f 5427 5545 5676
f 5533 5547 5493
f 5463 5444 5522
f 5411 5480 5523
f 5535 5481 5505
f 5481 5496 5505
f 5506 5496 5384
f 5432 5497 5506
f 5464 5433 9646
f 5558 9646 5433
f 5485 5712 5539
f 5579 5486 5540
f 5486 5372 5607
f 5372 5626 5607
f 5626 5415 5608
f 5555 5498 5417
f 5541 5487 5470
f 5471 5489 5292
f 5450 5375 5684
f 5375 5499 5776
f 5472 5557 5451
f 5405 5472 5376
f 5596 5628 5438
f 5501 5530 5490
f 5491 5441 5602
f 5770 5514 5456
f 5453 5520 5390
f 5520 5492 5752
f 5357 5752 5492
f 5521 5421 5584
f 5546 5677 5455
f 5531 5546 5455
f 5455 5503 5531
f 5504 5547 5532
f 5480 5524 5549
f 5495 5524 5430
f 5505 5496 5551
f 5506 5551 5496
f 9646 5497 5464
f 5447 5558 5433
f 5466 5434 5553
f 5538 5484 5525
f 5539 5525 5485
f 5697 5507 5468
f 5508 5518 5627
f 5580 5488 5489
f 5569 5583 5448
f 5647 5776 5499
f 5500 5648 5556
f 5597 5596 5348
f 5348 5510 5597
f 5562 5390 5520
f 5573 5460 5392
f 5511 5573 5392
f 5602 5501 5491
f 5512 5424 5513
f 5424 5514 5513
f 5618 5561 5477
f 5427 5633 5502
f 5661 5545 5410
f 5577 5661 5410
f 5543 5473 5526
f 5527 5526 5474
f 5560 5527 5474
f 5476 9985 5528
f 5584 5422 5611
f 5563 5611 5422
f 5563 5439 5564
f 5461 5564 5439
f 5503 5504 5532
f 5493 5462 5533
f 5462 5522 5533
f 5479 5522 5444
f 5590 5589 5535
f 5535 5505 5590
f 5550 5590 5505
f 5551 5550 5505
f 5506 5497 5552
f 5606 5447 5482
f 5466 5606 5482
f 5567 5553 5434
f 5507 5697 5712
f 5644 5518 5487
f 5489 5471 5580
f 5581 5645 5374
f 5562 5629 5570
f 9558 5458 5614
f 5614 5458 5512
f 5516 5515 5460
f 5633 5478 5409
f 5577 5473 5543
f 5560 5475 5616
f 5475 5604 5616
f 5528 9985 5544
f 5511 5530 5574
f 5441 5407 5688
f 5603 5559 9558
f 5770 5515 5516
f 5471 5610 5580
f 5509 5646 5569
f 5684 5375 5776
f 5595 5557 5739
f 5557 5472 5650
f 5565 5533 5522
f 5522 5479 5565
f 5479 5494 5565
f 5534 5523 5548
f 5549 5523 5480
f 5552 5551 5506
f 5497 9646 5536
f 5567 5483 5554
f 5711 5554 5483
f 5538 5711 5483
f 5579 5697 5468
f 5579 5540 5625
f 5527 5575 5526
f 5426 5529 5719
f 5529 5478 5719
f 5676 5633 5427
f 5530 5501 5652
f 5688 5602 5441
f 5654 5407 5559
f 5614 5603 9558
f 5564 5461 5586
f 5677 5586 5461
f 5531 5503 5679
f 5533 5565 5598
f 5534 5587 5494
f 5534 5548 5566
f 5523 5549 5548
f 5549 5524 5588
f 5524 5495 5589
f 5495 5535 5589
f 5590 5550 5591
f 5550 5551 5601
f 5536 5552 5497
f 5578 5537 5447
f 5606 5578 5447
f 5711 5538 5525
f 5607 5540 5486
f 5608 5517 5672
f 5517 5416 5498
f 5508 5627 5555
f 5568 5627 5518
f 5714 5541 5470
f 5519 5714 5470
f 5470 5386 5519
f 5519 5437 5593
f 5488 5594 5358
f 5582 5448 5583
f 5646 5509 5715
f 5556 5648 5699
f 5405 5650 5472
f 5675 5597 5510
f 5575 5543 5526
f 5604 5528 5617
f 5544 5617 5528
f 5605 5576 5544
f 5544 5561 5605
f 5618 5426 5703
f 5719 5703 5426
f 5752 5705 5520
f 5565 5494 5587
f 5566 5587 5534
f 9612 5548 5549
f 5549 5588 9612
f 5622 5588 5524
f 5524 5589 5622
f 5590 5591 5641
f 5591 5550 5601
f 5552 5601 5551
f 5568 5518 5644
f 5628 5596 5716
f 5716 5596 5597
f 5570 5675 5510
f 5537 5572 5558
f 5573 5511 5574
f 5501 5602 5613
f 5688 5407 5654
f 5603 5654 5559
f 5513 5514 5656
f 5516 5460 5657
f 5577 5543 5658
f 5560 5616 5615
f 5576 5617 5544
f 5752 5357 5521
f 5781 5752 5521
f 5584 5634 5521
f 5533 5598 5547
f 9612 5566 5548
f 9612 5588 9614
f 5592 5606 5466
f 5553 5592 5466
f 5758 5553 5567
f 5525 5539 5682
f 5437 5594 5593
f 5738 5715 5509
f 5684 5738 5509
f 5499 5556 5647
f 5674 5650 5405
f 5571 5572 5668
f 5572 5537 5668
f 5652 5574 5530
f 5585 5652 5501
f 5585 5501 5613
f 5602 5688 5653
f 5513 5614 5512
f 5631 5527 5560
f 5615 5631 5560
f 5618 5686 5561
f 5719 5478 5704
f 5661 5676 5545
f 5687 5661 5577
f 5668 9647 5571
f 5592 5553 5643
f 5554 5758 5567
f 5712 5671 5539
f 5517 5498 5672
f 5609 5487 5541
f 5519 5593 5673
f 5818 5580 5610
f 5582 5583 5751
f 5628 5674 5405
f 5675 5570 5629
f 5611 5634 5584
f 5513 5656 5769
f 5770 5656 5514
f 5532 5689 5503
f 5587 5566 5599
f 5566 9612 5600
f 5622 9614 5588
f 5641 5589 5590
f 5591 5601 5623
f 5601 5552 5624
f 5617 5632 5604
f 5605 5561 5686
f 5633 5704 5478
f 5658 5687 5577
f 5669 5668 5537
f 5606 5592 5696
f 5670 5682 5539
f 5593 5594 5737
f 5488 5737 5594
f 5646 5583 5569
f 5699 5647 5556
f 5629 5562 5651
f 5520 5651 5562
f 5546 5531 5612
f 5689 5679 5503
f 5532 5547 5619
f 5636 5619 5547
f 5636 5547 5598
f 5587 5598 5565
f 5600 5599 5566
f 5621 9613 9614
f 5622 5621 9614
f 5589 5641 5664
f 5623 5666 5641
f 5641 5591 5623
f 5653 5613 5602
f 5654 5603 5655
f 5630 5657 5573
f 5616 5604 5660
f 5632 5660 5604
f 5668 5667 9647
f 5669 5537 5578
f 5578 5606 5696
f 5758 5733 5553
f 5758 5554 5734
f 5554 5711 5734
f 5670 5539 5671
f 5579 5625 5697
f 5713 5625 5540
f 5773 5713 5607
f 5607 5626 5773
f 5608 5672 5683
f 5555 5672 5498
f 5644 5487 5609
f 5609 5541 5698
f 5542 5645 5793
f 5583 5646 5760
f 5649 5648 5595
f 5595 5739 5649
f 5650 5739 5557
f 5597 5675 5761
f 5705 5651 5520
f 5781 5521 5753
f 5634 5753 5521
f 9739 5634 5611
f 5564 5586 5782
f 5677 5546 5706
f 5689 5532 5635
f 5532 5619 5635
f 5620 5598 5587
f 5587 5599 5620
f 5621 5637 9613
f 5621 5622 5640
f 5622 5589 5664
f 5624 5623 5601
f 5574 5630 5573
f 5527 5631 5575
f 5659 5742 5615
f 5615 5616 5659
f 5616 5660 5659
f 5797 5632 5617
f 5686 5618 5703
f 5676 5812 5633
f 5612 5706 5546
f 5678 5612 5531
f 5531 5679 5678
f 5620 5636 5598
f 5620 5599 5662
f 5599 5600 9593
f 5600 5680 9593
f 5680 9613 5637
f 5637 5621 5638
f 5639 5638 5621
f 5621 5640 5639
f 5664 5640 5622
f 5624 5642 5623
f 5624 9647 5667
f 5694 5668 5669
f 5669 5578 5695
f 5643 5696 5592
f 5643 5553 5733
f 5626 5608 5773
f 5555 5627 5807
f 5644 5749 5568
f 5541 5714 5698
f 5580 5737 5488
f 5740 5674 5628
f 5761 5716 5597
f 5675 5629 5700
f 5651 5700 5629
f 5652 5585 5722
f 5585 5613 5723
f 5654 5767 5688
f 5657 5770 5516
f 5765 5658 5543
f 5543 5575 5765
f 5685 5575 5631
f 5576 5797 5617
f 5812 5720 5633
f 5676 5661 5812
f 5705 5701 5651
f 5782 9739 5564
f 5782 5586 5725
f 5677 5725 5586
f 5662 5636 5620
f 9593 5662 5599
f 5637 5726 5680
f 5637 5638 5690
f 5663 5638 5639
f 5664 5641 5665
f 5666 5665 5641
f 5692 5665 5666
f 5666 5623 5692
f 5642 5692 5623
f 5693 5642 5624
f 5710 5694 5669
f 5734 5711 5805
f 5711 5525 5759
f 5525 5682 5759
f 5682 5670 5806
f 5671 5712 5791
f 5697 5625 5735
f 5608 5683 5773
f 5749 5644 5736
f 5673 5714 5519
f 5715 5760 5646
f 5826 5699 5648
f 5648 5649 5826
f 5716 5740 5628
f 5723 5613 5743
f 5653 5743 5613
f 5811 5631 5615
f 5615 5742 5811
f 5720 5704 5633
f 5687 5812 5661
f 5630 5574 5800
f 5721 5800 5574
f 5574 5652 5721
f 5723 5763 5585
f 5688 5813 5653
f 5654 5655 5767
f 5717 5767 5655
f 5513 5769 5718
f 5770 5657 5724
f 5679 5689 5744
f 5636 5662 5707
f 5624 5667 5693
f 5681 5693 5667
f 5667 5668 5681
f 5694 5710 5772
f 5695 5710 5669
f 5696 5695 5578
f 5696 5643 5748
f 5733 5748 5643
f 5774 5807 5627
f 5737 5580 5775
f 5818 5610 5542
f 5581 5582 5853
f 5650 5674 5933
f 5701 5700 5651
f 9737 5753 5634
f 5575 5685 5765
f 5631 5811 5685
f 5659 5660 5702
f 5652 5722 5721
f 5614 5513 5764
f 5718 5764 5513
f 5656 5770 5796
f 5657 5630 5799
f 9594 5635 5619
f 5707 5619 5636
f 9593 5680 5708
f 5726 5708 5680
f 5690 5726 5637
f 5690 5638 5709
f 5638 5663 5709
f 5691 5709 5663
f 5692 5642 5730
f 5731 5730 5642
f 5693 5731 5642
f 5681 5694 5747
f 5671 5791 5670
f 5712 5697 5735
f 5807 5842 5555
f 5609 5736 5644
f 5750 5673 5593
f 5737 5750 5593
f 5775 5580 5948
f 5853 5582 5751
f 5776 5738 5684
f 5753 9737 5741
f 5585 5763 5762
f 5813 5688 5767
f 5799 5724 5657
f 9737 9739 9740
f 5725 5677 5756
f 5706 5756 5677
f 5679 5744 5823
f 5726 5690 5727
f 5690 5709 5745
f 5691 5665 5728
f 5665 5692 5729
f 5730 5729 5692
f 5681 5732 5693
f 5694 5772 5747
f 5625 5713 5841
f 5842 5672 5555
f 5627 5568 5774
f 5645 5581 5809
f 5933 5739 5650
f 5740 5933 5674
f 5754 5765 5685
f 5778 5742 5659
f 5702 5778 5659
f 5660 5632 5830
f 5797 5830 5632
f 5704 5720 5861
f 5701 5705 5819
f 5705 5752 5822
f 5782 9740 9739
f 5679 5823 5678
f 5708 9594 9593
f 5757 5745 5709
f 5728 5757 5709
f 5709 5691 5728
f 5729 5728 5665
f 5732 5731 5693
f 5747 5732 5681
f 5772 5710 5849
f 5695 5849 5710
f 5695 5696 5748
f 5805 5711 5882
f 5759 5882 5711
f 5851 5791 5712
f 5712 5735 5851
f 5749 5774 5568
f 5818 5542 5886
f 5751 5583 5845
f 5738 5760 5715
f 5716 5761 5856
f 5777 5761 5675
f 5762 5722 5585
f 5743 5653 5801
f 5813 5801 5653
f 5767 5717 5877
f 5768 5877 5717
f 5796 5769 5656
f 5858 5685 5811
f 5723 5743 5763
f 5764 5768 5717
f 5847 5783 5706
f 5612 5847 5706
f 5814 5744 5689
f 5689 5635 5814
f 5745 5727 5690
f 5804 5729 5730
f 5746 5804 5730
f 5731 5746 5730
f 5747 5772 5787
f 5695 5748 5946
f 5733 5758 5840
f 5734 5789 5758
f 5749 5736 5843
f 5844 5792 5609
f 5609 5698 5844
f 5714 5844 5698
f 5775 5750 5737
f 5776 5647 5810
f 5647 5699 5854
f 5649 5739 5903
f 5740 5716 5794
f 5777 5675 5700
f 5700 5701 5795
f 5811 5742 5829
f 5797 5576 5766
f 5576 5605 5766
f 5686 5703 5936
f 5779 5936 5703
f 5703 5719 5779
f 5704 5779 5719
f 5658 5765 5780
f 5764 5718 5802
f 5831 5799 5630
f 5756 5706 5783
f 5708 5771 9594
f 5727 5745 5816
f 5745 5757 5784
f 5785 5757 5728
f 5728 5729 5785
f 5787 5732 5747
f 5849 5695 5788
f 5946 5788 5695
f 5670 5791 5953
f 5713 5773 5884
f 5867 5683 5672
f 5672 5842 5867
f 5933 5740 5855
f 5781 5822 5752
f 5829 5742 5778
f 5778 5702 5821
f 5658 5780 5687
f 5819 5795 5701
f 5847 5612 5912
f 5612 5678 5835
f 5771 5814 5635
f 5635 9594 5771
f 5815 5771 5708
f 5708 5726 5815
f 5825 5815 5726
f 5726 5727 5825
f 5816 5745 5784
f 5746 5731 5786
f 5732 5786 5731
f 5789 5840 5758
f 5789 5734 5805
f 5735 5625 5851
f 5749 5843 5774
f 5736 5609 5792
f 5673 5750 5974
f 5809 5793 5645
f 5845 5583 5760
f 5738 5776 5920
f 5854 5810 5647
f 5855 5740 5794
f 5761 5777 5846
f 5762 5763 5832
f 5763 5743 5833
f 5768 5764 5802
f 5828 5780 5765
f 5858 5754 5685
f 5873 5821 5702
f 5797 5859 5830
f 5766 5605 5686
f 5720 5812 5798
f 5969 5798 5812
f 5743 5875 5833
f 5876 5767 5877
f 5958 5718 5769
f 5834 5958 5769
f 5724 5796 5770
f 5724 5799 5827
f 5678 5823 5835
f 5757 5785 5817
f 5785 5729 5803
f 5786 5804 5746
f 5839 5732 5787
f 5682 5790 5759
f 5682 5806 5866
f 5953 5806 5670
f 5683 5884 5773
f 5843 5736 5870
f 5844 5714 5808
f 5580 5818 5948
f 5853 5809 5581
f 5776 5810 5955
f 5903 5739 5888
f 5819 5705 5905
f 5822 5905 5705
f 5781 5755 5822
f 5781 5753 5741
f 5977 5828 5765
f 5765 5754 5977
f 5829 5778 5820
f 5821 5820 5778
f 5890 5873 5702
f 5702 5660 5890
f 5830 5890 5660
f 5766 5860 5797
f 5741 5755 5781
f 9740 5782 5894
f 5725 5894 5782
f 5835 5912 5612
f 5823 5744 5970
f 5836 5970 5744
f 5814 5836 5744
f 5815 5814 5771
f 5784 5757 5896
f 5804 5803 5729
f 5772 5839 5787
f 5849 5848 5772
f 5748 5733 5880
f 5931 5840 5789
f 5789 5805 5931
f 5882 5898 5805
f 5759 5790 5883
f 5843 5869 5774
f 5736 5792 5870
f 5974 5808 5714
f 5714 5673 5974
f 5760 5738 5902
f 5738 5920 5902
f 5826 5854 5699
f 5933 5888 5739
f 5856 5794 5716
f 5700 5795 5777
f 5967 5800 5721
f 5833 5857 5763
f 5801 5875 5743
f 5813 5767 5876
f 5766 5686 5874
f 5798 5861 5720
f 5832 5722 5762
f 5802 5718 5958
f 5831 5827 5799
f 5725 5756 5894
f 5756 5783 5895
f 5847 5862 5783
f 5878 5825 5727
f 5727 5816 5878
f 5817 5896 5757
f 5785 5803 5864
f 5804 5786 5838
f 5840 5880 5733
f 5931 5805 5898
f 5866 5790 5682
f 5850 5953 5791
f 5791 5851 5850
f 5776 5955 5920
f 5887 5955 5810
f 5810 5854 5887
f 5856 5761 5889
f 5761 5846 5889
f 5926 5811 5829
f 5812 5687 5969
f 5801 5813 5909
f 5802 5939 5877
f 5769 5796 5834
f 5796 5724 5893
f 5862 5895 5783
f 5824 5836 5814
f 5814 5815 5824
f 5944 5824 5815
f 5913 5944 5815
f 5815 5825 5913
f 5817 5785 5864
f 5837 5865 5804
f 5839 5772 5848
f 5848 5849 5879
f 5986 5946 5748
f 5882 5759 5883
f 5841 5851 5625
f 5844 5870 5792
f 5750 5775 5900
f 5885 5900 5775
f 5794 5956 5855
f 5905 5991 5819
f 5926 5858 5811
f 5860 5859 5797
f 5686 5936 5874
f 5979 5779 5704
f 5687 5780 5969
f 5963 5822 5755
f 5755 5741 5925
f 5865 5864 5803
f 5803 5804 5865
f 5804 5838 5837
f 5915 5986 5748
f 5748 5880 5915
f 5790 5866 5899
f 5853 5919 5809
f 5871 5845 5760
f 5760 5902 5871
f 5826 5649 5922
f 5903 5922 5649
f 5856 5956 5794
f 5967 5831 5800
f 5909 5813 5876
f 5724 5827 5893
f 5858 5926 5906
f 5890 5830 5891
f 5859 5891 5830
f 5861 5979 5704
f 5967 5892 5831
f 5975 5722 5832
f 5857 5833 5976
f 5833 5875 5976
f 5802 5958 5957
f 5893 5834 5796
f 5910 9741 9740
f 5894 5910 9740
f 5894 5756 5895
f 5847 6025 5862
f 5878 6009 5825
f 5878 5816 5863
f 5816 5784 5863
f 5784 5896 5863
f 5838 5839 5837
f 5848 5837 5839
f 5840 5931 5881
f 5953 5866 5806
f 5851 5841 5916
f 5884 5852 5841
f 5683 5867 5966
f 5774 5868 5807
f 5775 5948 5885
f 5854 5826 5921
f 5922 5921 5826
f 5872 5795 5819
f 5819 5991 5872
f 5820 5821 5907
f 5873 5907 5821
f 5969 5780 5992
f 5949 5863 5896
f 5897 5896 5817
f 5837 5848 5914
f 5879 5849 6011
f 6012 6011 5849
f 5849 5788 6012
f 5840 5881 5880
f 5916 5850 5851
f 5683 5932 5884
f 5868 5842 5807
f 5870 5869 5843
f 5900 5974 5750
f 5886 5542 5901
f 5542 5793 5901
f 5919 5853 5751
f 6016 5990 5751
f 5751 5845 6016
f 5892 5940 5831
f 5927 5721 5722
f 5857 5832 5763
f 5909 5876 6036
f 5827 5831 5940
f 5967 5721 5927
f 5976 5875 5937
f 5875 5801 5938
f 5939 5802 6087
f 5895 5862 6025
f 6025 5847 5911
f 5912 5911 5847
f 5912 5835 5929
f 6066 5970 5836
f 5836 5824 5943
f 5930 5865 5837
f 5881 5915 5880
f 5852 5916 5841
f 5947 5867 5842
f 6016 5845 5871
f 5777 5795 5904
f 5872 5904 5795
f 5963 5905 5822
f 5829 5820 5934
f 5820 5907 5934
f 6062 5992 5780
f 5780 5828 6062
f 5908 5937 5875
f 5938 5908 5875
f 5909 5938 5801
f 5876 5877 5978
f 5939 5978 5877
f 5957 6087 5802
f 5944 5943 5824
f 5825 6009 5913
f 5817 5864 5897
f 5930 5864 5865
f 5914 5930 5837
f 5945 5914 5848
f 5848 5879 5945
f 5882 5883 5965
f 5852 5884 5917
f 5884 5932 5917
f 5947 5842 5868
f 5869 5868 5774
f 5818 5886 6002
f 5793 5809 5918
f 5919 5918 5809
f 5887 5854 5921
f 5889 5923 5856
f 5846 5777 6003
f 5777 5904 6003
f 5963 5755 5924
f 5925 9736 5755
f 6006 5754 5858
f 5858 5906 6006
f 5934 5926 5829
f 5907 5873 5960
f 5873 5890 5961
f 5891 5961 5890
f 5859 5860 6022
f 5766 6022 5860
f 5892 5967 5981
f 5975 5927 5722
f 5941 5895 5928
f 5895 6025 5928
f 5950 5949 5896
f 5896 5897 5950
f 6011 6128 5879
f 5952 5931 5898
f 5899 5883 5790
f 5899 5866 6000
f 5973 5916 5852
f 6013 5870 5844
f 6002 5948 5818
f 6145 6002 5886
f 5855 6103 5933
f 5923 5956 5856
f 5926 5934 6117
f 5874 5935 5766
f 5980 5979 5861
f 5861 5798 5980
f 5938 5909 5982
f 6036 5982 5909
f 5978 5939 6087
f 5834 5893 6065
f 5894 5895 5941
f 5835 5823 5942
f 5897 5864 5951
f 5930 5914 5951
f 6111 5945 5879
f 5987 5952 5898
f 5898 5882 5987
f 5965 5987 5882
f 5953 6000 5866
f 5808 6043 5844
f 5948 6069 5885
f 5901 6145 5886
f 5751 5990 5919
f 5922 5903 6116
f 5963 5991 5905
f 5754 6006 5977
f 6085 5934 5907
f 5961 5960 5873
f 5936 5968 5874
f 6072 5993 5832
f 5832 5857 6072
f 6009 5878 6049
f 5985 5949 5950
f 5897 5951 5950
f 5864 5930 5951
f 6128 6111 5879
f 6040 6012 5788
f 5952 5881 5931
f 5954 5953 5850
f 5916 5954 5850
f 5966 5932 5683
f 6013 5844 6043
f 5974 5900 6014
f 5955 5887 6173
f 5888 5933 6054
f 6103 6054 5933
f 5991 5904 5872
f 9736 5924 5755
f 5977 5959 5828
f 5926 6117 5906
f 5891 5859 6021
f 6022 6021 5859
f 5935 5962 5766
f 5975 5832 5993
f 5908 5994 5937
f 6036 5876 5978
f 6065 5958 5834
f 5940 5892 5995
f 9741 5910 5997
f 5928 6047 5941
f 5911 5912 5983
f 5912 5929 5983
f 5943 6066 5836
f 5863 5949 5971
f 5788 5946 6129
f 5868 5869 6001
f 5808 5974 6051
f 5901 5793 6044
f 9734 5924 9736
f 5960 6085 5907
f 5962 6022 5766
f 6024 5980 5798
f 5969 6024 5798
f 5959 6062 5828
f 5997 5910 5998
f 5970 5942 5823
f 5944 6126 5943
f 5878 5863 6049
f 5984 5971 5949
f 5949 5985 5984
f 6089 5972 5951
f 5951 5914 6089
f 5914 5945 6089
f 6129 6040 5788
f 5915 5881 6027
f 5852 5917 5989
f 6051 6043 5808
f 6069 5948 6015
f 5918 6044 5793
f 5920 6102 5902
f 5920 5955 6052
f 5955 6173 6052
f 5956 6032 5855
f 6019 5923 5889
f 5994 5976 5937
f 5908 5938 6055
f 5982 6055 5938
f 5957 5958 6123
f 6065 6037 5958
f 6083 5977 6006
f 5934 6070 6117
f 5960 5961 6060
f 5968 5936 6071
f 5936 5779 6071
f 5991 6004 5904
f 5963 5924 6005
f 6005 5924 9734
f 9741 5997 5996
f 5964 5998 5910
f 6047 5964 5941
f 6047 5928 6048
f 5944 5913 5999
f 5971 6049 5863
f 6026 5985 5950
f 5950 5951 5972
f 5946 5986 6129
f 5987 5965 6028
f 5965 5883 6028
f 5883 5899 6068
f 5899 6000 6029
f 5973 5852 5989
f 5966 5867 6080
f 6002 6015 5948
f 5919 6081 5918
f 5871 5902 6186
f 6102 6186 5902
f 6052 6102 5920
f 6017 6173 5887
f 6017 5887 5921
f 5921 5922 6133
f 6046 6019 5889
f 5889 5846 6046
f 6003 6046 5846
f 5967 5927 5981
f 6036 5978 6056
f 5893 5827 6008
f 5827 5940 6008
f 5940 5995 6008
f 6060 5961 6020
f 6137 6071 5779
f 5779 5979 6137
f 5984 5985 6067
f 5950 5972 6026
f 5881 6041 6027
f 5899 6029 6068
f 5988 6000 5953
f 5954 5988 5953
f 5916 5973 6030
f 5932 5966 6132
f 6001 6042 5868
f 6013 6113 5870
f 6051 5974 6014
f 6069 5900 5885
f 6044 6145 5901
f 6053 5903 5888
f 6054 6053 5888
f 6003 5904 6033
f 6087 5957 6123
f 6037 6123 5958
f 6075 6065 5893
f 6058 6070 5934
f 5934 6085 6058
f 6060 6059 5960
f 6020 5961 6136
f 5891 6136 5961
f 5983 6038 5911
f 6140 5999 5913
f 5881 5952 6041
f 5987 6028 6050
f 6068 6028 5883
f 5988 5954 6030
f 5916 6030 5954
f 6080 6132 5966
f 5867 5947 6031
f 6113 5869 5870
f 5990 6081 5919
f 6053 6116 5903
f 5855 6032 6103
f 6004 6033 5904
f 5975 5993 6035
f 5978 6087 6064
f 6008 6075 5893
f 5959 5977 6231
f 6085 5960 6059
f 5968 5935 5874
f 5892 5981 6063
f 6072 5857 6007
f 5857 5976 6007
f 5976 5994 6007
f 5994 5908 6055
f 6064 6056 5978
f 6065 6075 6074
f 6047 5998 5964
f 6039 6078 5929
f 5929 5835 6039
f 6208 6140 5913
f 5913 6009 6208
f 5984 6067 6088
f 6090 6129 5986
f 5986 5915 6090
f 6050 5952 5987
f 6013 6043 6114
f 6016 5871 6199
f 6018 6017 5921
f 5921 6133 6018
f 5923 6032 5956
f 6059 6060 6104
f 5891 6021 6061
f 5962 5935 6023
f 5980 6137 5979
f 5969 5992 6024
f 5992 6062 6167
f 6035 5927 5975
f 6007 5994 6122
f 5983 5929 6078
f 5942 5970 6066
f 5943 6193 6066
f 6009 6049 6168
f 6067 5985 6010
f 6079 6029 6000
f 6092 6079 6000
f 6000 5988 6092
f 5917 5932 6132
f 6031 6080 5867
f 5947 6042 6031
f 6113 6093 5869
f 6045 6103 6032
f 6033 6046 6003
f 6096 5963 6005
f 6006 5906 6084
f 6084 5906 6117
f 6063 5981 6034
f 5981 5927 6034
f 5993 6072 6213
f 6138 6008 5995
f 5996 5997 9742
f 6038 5983 6139
f 5944 5999 6126
f 5971 5984 6088
f 6112 6128 6011
f 6011 6012 6112
f 6040 6112 6012
f 6050 6041 5952
f 5917 6132 6131
f 6001 5869 6093
f 5922 6116 6133
f 6095 5923 6019
f 5991 5963 6163
f 5977 6083 6231
f 6084 6083 6006
f 6022 6061 6021
f 5980 6024 6206
f 6121 6062 5959
f 6231 6121 5959
f 5892 6063 6109
f 6055 5982 6107
f 6109 5995 5892
f 6077 9742 5997
f 6124 6077 5997
f 5998 6124 5997
f 6025 5911 6099
f 6038 6099 5911
f 5835 5942 6039
f 5942 6066 6125
f 6009 6168 6208
f 6067 6010 6169
f 5985 6026 6010
f 6050 6028 6171
f 6221 6171 6028
f 5988 6030 6092
f 6158 6092 6030
f 6016 6210 5990
f 6032 5923 6045
f 6163 6004 5991
f 6005 9738 6096
f 6231 6083 6097
f 6071 6120 5968
f 6200 6034 5927
f 6072 6007 6202
f 6036 6056 6073
f 6138 6075 6008
f 6154 6153 5998
f 6047 6154 5998
f 6049 5971 6253
f 5972 6142 6026
f 6089 5945 6143
f 5945 6111 6143
f 5915 6027 6090
f 6281 6090 6027
f 6027 6041 6100
f 6326 6100 6041
f 6028 6068 6221
f 6158 6030 6130
f 5973 6130 6030
f 6159 6113 6013
f 6114 6043 6256
f 6043 6051 6256
f 5900 6069 6160
f 6307 6145 6044
f 5918 6307 6044
f 6211 6173 6017
f 6018 6211 6017
f 6212 6054 6103
f 5923 6095 6187
f 6070 6058 6057
f 6136 5891 6178
f 6061 6178 5891
f 6061 6022 6086
f 5935 5968 6120
f 5992 6167 6024
f 9742 6077 6076
f 6124 5998 6153
f 6219 6154 6047
f 6047 6048 6219
f 6099 6038 6207
f 6126 6193 5943
f 6168 6049 6194
f 6141 6010 6026
f 6142 6141 6026
f 6100 6281 6027
f 6041 6050 6183
f 6001 6031 6042
f 6051 6014 6101
f 6210 6016 6199
f 6199 5871 6186
f 6053 6054 6146
f 6033 6004 6082
f 5927 6035 6200
f 6271 6035 5993
f 5993 6213 6271
f 6122 5994 6105
f 6055 6106 5994
f 5982 6036 6227
f 6073 6227 6036
f 6251 6073 6056
f 6056 6064 6251
f 6057 6117 6070
f 6085 6059 6205
f 6059 6104 6205
f 6104 6060 6098
f 6020 6098 6060
f 6023 6022 5962
f 6121 6167 6062
f 6122 6189 6007
f 6106 6055 6107
f 6107 5982 6227
f 6087 6123 6150
f 6204 6037 6065
f 6074 6204 6065
f 5928 6025 6099
f 6078 6139 5983
f 6126 5999 6180
f 6169 6088 6067
f 6170 6169 6010
f 6040 6129 6182
f 6221 6068 6091
f 6068 6029 6091
f 6114 6159 6013
f 5918 6081 6267
f 5990 6210 6081
f 6102 6052 6115
f 6116 6053 6094
f 6053 6146 6094
f 6019 6046 6095
f 6033 6095 6046
f 9738 6218 6096
f 6023 6086 6022
f 5935 6229 6023
f 6166 6120 6071
f 6137 6166 6071
f 6202 6007 6189
f 6106 6105 5994
f 6227 6073 6108
f 6123 6037 6204
f 6151 6138 5995
f 5995 6109 6151
f 6155 6219 6048
f 6048 5928 6155
f 5999 6140 6180
f 6194 6049 6253
f 6088 6169 6235
f 6182 6112 6040
f 6029 6079 6184
f 5989 6130 5973
f 5989 6131 6209
f 6114 6256 6159
f 6282 6256 6051
f 6212 6146 6054
f 6096 6163 5963
f 6176 6084 6117
f 6058 6085 6228
f 6205 6228 6085
f 6061 6086 6178
f 6206 6137 5980
f 6109 6063 6152
f 6174 6152 6063
f 6063 6034 6174
f 6213 6072 6201
f 6251 6108 6073
f 6099 6155 5928
f 6141 6170 6010
f 6089 6143 6127
f 6158 6157 6092
f 6093 6113 6237
f 6014 5900 6283
f 5900 6160 6283
f 6188 6187 6095
f 6033 6082 6162
f 6082 6004 6134
f 6163 6134 6004
f 6164 6083 6084
f 6176 6164 6084
f 6098 6118 6104
f 6206 6024 6230
f 6139 6207 6038
f 6110 6125 6066
f 6066 6193 6110
f 6156 6253 5971
f 5971 6088 6156
f 5972 6089 6127
f 6029 6184 6091
f 6157 6079 6092
f 6185 6130 5989
f 6001 6144 6031
f 6238 6282 6051
f 6101 6014 6283
f 6437 6307 5918
f 5918 6267 6437
f 6186 6102 6115
f 6133 6116 6357
f 6103 6045 6161
f 6045 5923 6187
f 6216 6074 6075
f 6075 6138 6216
f 6119 6086 6023
f 6119 6023 6229
f 6270 6229 5935
f 6120 6270 5935
f 6202 6201 6072
f 6108 6251 6149
f 6064 6087 6150
f 6245 6151 6109
f 6152 6245 6109
f 6235 6156 6088
f 6127 6142 5972
f 6209 6185 5989
f 6001 6093 6144
f 6222 6144 6093
f 6018 6133 6211
f 6094 6357 6116
f 6095 6033 6162
f 6135 6163 6096
f 6096 6218 6135
f 6020 6136 6165
f 6229 6269 6119
f 6166 6270 6120
f 6244 6189 6122
f 6122 6105 6244
f 6106 6175 6105
f 6106 6107 6361
f 6203 6150 6123
f 6123 6204 6203
f 6216 6204 6074
f 6124 6153 6263
f 6139 6078 6191
f 6274 6078 6039
f 6192 6274 6039
f 6039 5942 6192
f 5942 6125 6192
f 6129 6090 6220
f 6131 6132 6197
f 6051 6101 6238
f 6015 6002 6172
f 6357 6211 6133
f 6103 6308 6212
f 6148 6117 6057
f 6057 6058 6228
f 6217 6205 6104
f 6104 6118 6217
f 6178 6165 6136
f 6178 6086 6190
f 6167 6230 6024
f 6150 6251 6064
f 6151 6216 6138
f 6125 6110 6313
f 6169 6170 6278
f 6170 6141 6195
f 6141 6142 6279
f 6143 6111 6325
f 6128 6325 6111
f 6182 6129 6220
f 6281 6100 6378
f 6183 6326 6041
f 6289 6183 6050
f 6171 6289 6050
f 6132 6080 6197
f 6222 6093 6237
f 6159 6237 6113
f 6015 6160 6069
f 6002 6145 6172
f 6095 6162 6188
f 6284 6176 6117
f 6117 6148 6284
f 6098 6020 6177
f 6166 6137 6206
f 6200 6241 6034
f 6202 6189 6243
f 6215 6227 6108
f 6149 6215 6108
f 6077 6232 6076
f 6154 6263 6153
f 6099 6219 6155
f 6207 6139 6252
f 6252 6139 6179
f 6191 6179 6139
f 6143 6254 6127
f 6325 6128 6364
f 6128 6112 6364
f 6112 6182 6181
f 6290 6221 6091
f 6157 6158 6292
f 6158 6130 6185
f 6147 6308 6103
f 6187 6161 6045
f 6163 6135 6268
f 6098 6248 6118
f 6177 6020 6165
f 6086 6119 6249
f 6269 6249 6119
f 6134 6163 6268
f 6218 6268 6135
f 6193 6126 6447
f 6528 6208 6168
f 6156 6235 6266
f 6169 6278 6235
f 6195 6141 6279
f 6196 6171 6221
f 6304 6079 6157
f 6185 6292 6158
f 6185 6209 6293
f 6080 6031 6198
f 6306 6198 6031
f 6380 6238 6101
f 6240 6295 6052
f 6052 6173 6240
f 6211 6240 6173
f 6187 6188 6224
f 6174 6034 6260
f 6242 6200 6035
f 6035 6271 6242
f 6175 6106 6361
f 6361 6107 6226
f 6399 6251 6150
f 6203 6399 6150
f 6228 6205 6247
f 6177 6248 6098
f 6165 6178 6190
f 6249 6190 6086
f 6274 6191 6078
f 6180 6447 6126
f 6314 6326 6183
f 6198 6197 6080
f 6031 6144 6306
f 6256 6282 6257
f 6145 6307 6368
f 6239 6186 6223
f 6186 6115 6223
f 6244 6105 6214
f 6226 6107 6227
f 6310 6203 6204
f 6261 6310 6204
f 6097 6083 6246
f 6164 6246 6083
f 6190 6249 6340
f 6343 6230 6167
f 6167 6121 6343
f 6259 6121 6231
f 6231 6097 6312
f 6219 6099 6234
f 6192 6125 6376
f 6313 6376 6125
f 6168 6194 6275
f 6195 6278 6170
f 6142 6127 6254
f 6181 6364 6112
f 6220 6181 6182
f 6335 6289 6171
f 6290 6091 6236
f 6292 6304 6157
f 6327 6237 6159
f 6368 6172 6145
f 6186 6337 6199
f 6295 6115 6052
f 6161 6147 6103
f 6224 6161 6187
f 6268 6322 6134
f 6241 6260 6034
f 6200 6242 6241
f 6271 6213 6225
f 6213 6201 6250
f 6201 6202 6250
f 6243 6250 6202
f 6189 6244 6243
f 6175 6214 6105
f 6297 6215 6149
f 6149 6251 6298
f 6204 6216 6261
f 6248 6217 6118
f 6269 6229 6342
f 6121 6299 6343
f 6121 6259 6299
f 6134 6258 6082
f 6077 6124 6233
f 6124 6263 6233
f 6263 6154 6363
f 6264 6363 6154
f 6154 6219 6264
f 6099 6207 6265
f 6110 6193 6313
f 6194 6253 6275
f 6303 6254 6143
f 6220 6090 6288
f 6090 6281 6288
f 6183 6289 6314
f 6091 6184 6236
f 6255 6184 6079
f 6079 6304 6255
f 6305 6294 6209
f 6209 6197 6305
f 6199 6356 6210
f 6295 6223 6115
f 6345 6261 6216
f 6216 6151 6262
f 6151 6245 6262
f 6245 6152 6311
f 6057 6228 6429
f 6360 6270 6166
f 9574 6268 6218
f 6218 6232 9574
f 6265 6234 6099
f 6207 6324 6265
f 6447 6313 6193
f 6180 6140 6391
f 6143 6325 6303
f 6220 6288 6424
f 6290 6196 6221
f 6144 6222 6306
f 6210 6267 6081
f 6224 6188 6369
f 6262 6345 6216
f 6097 6246 6312
f 6331 6246 6164
f 6176 6331 6164
f 6057 6429 6148
f 6247 6429 6228
f 6217 6247 6205
f 6248 6177 6319
f 6342 6229 6359
f 6270 6359 6229
f 6166 6206 6402
f 6231 6312 6259
f 6232 6077 6333
f 6191 6274 6348
f 6302 6140 6208
f 6253 6156 6276
f 6235 6278 6277
f 6236 6184 6291
f 6336 6304 6292
f 6294 6293 6209
f 6198 6353 6197
f 6380 6282 6238
f 6239 6337 6186
f 6211 6357 6468
f 6188 6162 6309
f 6258 6309 6162
f 6339 6241 6242
f 6242 6271 6339
f 6227 6215 6272
f 6297 6149 6298
f 6245 6311 6419
f 6165 6319 6177
f 6190 6320 6165
f 6342 6341 6269
f 6402 6360 6166
f 6214 6318 6244
f 6175 6329 6214
f 6226 6227 6272
f 6399 6203 6344
f 6419 6262 6245
f 6264 6219 6300
f 6234 6265 6273
f 6265 6324 6301
f 6389 6324 6207
f 6346 6389 6207
f 6207 6252 6346
f 6302 6391 6140
f 6275 6253 6276
f 6156 6266 6349
f 6277 6266 6235
f 6279 6142 6280
f 6142 6254 6280
f 6100 6326 6378
f 6171 6196 6315
f 6353 6305 6197
f 6237 6379 6222
f 6159 6256 6327
f 6257 6327 6256
f 6101 6283 6380
f 6368 6307 6381
f 6267 6210 6356
f 6356 6199 6337
f 6146 6357 6094
f 6308 6147 6317
f 6188 6309 6369
f 6258 6134 6322
f 6217 6248 6401
f 6319 6165 6472
f 6320 6472 6165
f 6249 6269 6321
f 6206 6230 6402
f 6339 6271 6225
f 6250 6225 6213
f 6318 6433 6243
f 6243 6244 6318
f 6404 6345 6262
f 6419 6404 6262
f 6174 6311 6152
f 9574 6232 6285
f 6232 6333 6285
f 6233 6286 6077
f 6233 6263 6287
f 6363 6287 6263
f 6234 6300 6219
f 6348 6179 6191
f 6352 6181 6220
f 6315 6335 6171
f 6292 6185 6463
f 6367 6463 6185
f 6306 6222 6379
f 6327 6466 6237
f 6015 6172 6160
f 6211 6296 6240
f 6212 6438 6146
f 6358 6247 6217
f 6217 6401 6358
f 6319 6371 6248
f 6340 6320 6190
f 6321 6340 6249
f 6269 6341 6321
f 6360 6359 6270
f 6174 6260 6328
f 6243 6398 6250
f 6399 6298 6251
f 6310 6344 6203
f 6286 6333 6077
f 6301 6375 6265
f 6447 6180 6391
f 6208 6528 6302
f 6413 6528 6168
f 6168 6377 6413
f 6275 6377 6168
f 6156 6349 6276
f 6424 6352 6220
f 6378 6288 6281
f 6185 6293 6367
f 6355 6257 6282
f 6380 6355 6282
f 6296 6211 6468
f 6357 6146 6382
f 6308 6438 6212
f 6470 6312 6246
f 6246 6331 6470
f 6370 6247 6358
f 6362 6323 9574
f 6285 6362 9574
f 6287 6286 6233
f 6363 6264 6334
f 6300 6334 6264
f 6273 6300 6234
f 6273 6265 6375
f 6346 6252 6347
f 6179 6347 6252
f 6348 6274 6446
f 6274 6192 6446
f 6376 6446 6192
f 6254 6303 6414
f 6289 6335 6314
f 6236 6316 6290
f 6255 6291 6184
f 6354 6379 6237
f 6466 6354 6237
f 6356 6437 6267
f 6239 6406 6337
f 6174 6328 6420
f 6418 6250 6398
f 6297 6272 6215
f 6298 6435 6297
f 6456 6284 6148
f 6332 6429 6247
f 6370 6332 6247
f 6360 6402 6492
f 6322 6268 6323
f 6285 6333 6474
f 6277 6278 6422
f 6477 6422 6278
f 6195 6279 6449
f 6280 6351 6279
f 6394 6255 6304
f 6353 6294 6305
f 6580 6381 6307
f 6307 6437 6580
f 6454 6382 6146
f 6438 6454 6146
f 6438 6308 6519
f 6317 6519 6308
f 6369 6309 6396
f 6258 6396 6309
f 6260 6241 6338
f 6241 6339 6338
f 6433 6398 6243
f 6329 6175 6361
f 6311 6174 6420
f 6400 6176 6284
f 6230 6343 6372
f 6412 6376 6313
f 6447 6412 6313
f 6276 6377 6275
f 6350 6278 6195
f 6195 6449 6350
f 6537 6424 6288
f 6288 6378 6537
f 6378 6326 6496
f 6393 6326 6314
f 6335 6479 6314
f 6335 6315 6366
f 6316 6196 6290
f 6463 6336 6292
f 6223 6406 6239
f 6468 6357 6382
f 6147 6161 6317
f 6418 6225 6250
f 6399 6532 6298
f 6310 6261 6385
f 6443 6419 6311
f 6400 6331 6176
f 6284 6456 6400
f 6371 6401 6248
f 6472 6320 6430
f 6473 6430 6320
f 6320 6340 6473
f 6431 6340 6321
f 6230 6372 6417
f 6373 6258 6322
f 6273 6334 6300
f 6375 6301 6410
f 6301 6324 6411
f 6278 6350 6477
f 6280 6254 6414
f 6303 6478 6414
f 6393 6496 6326
f 6452 6293 6294
f 6488 6198 6306
f 6466 6327 6467
f 6327 6257 6516
f 6407 6317 6161
f 6161 6224 6407
f 6397 6339 6225
f 6318 6214 6403
f 6361 6483 6329
f 6226 6272 6434
f 6330 6434 6272
f 6341 6431 6321
f 6373 6322 6387
f 6322 6323 6428
f 6323 6362 6428
f 6374 6474 6333
f 6286 6374 6333
f 6390 6347 6179
f 6348 6390 6179
f 6392 6377 6276
f 6279 6351 6449
f 6325 6364 6436
f 6352 6364 6181
f 6426 6479 6335
f 6335 6366 6426
f 6236 6415 6316
f 6236 6291 6427
f 6294 6353 6395
f 6464 6488 6306
f 6379 6464 6306
f 6160 6380 6283
f 6172 6368 6453
f 6356 6337 6406
f 6406 6223 6489
f 6418 6397 6225
f 6403 6481 6318
f 6329 6403 6214
f 6383 6330 6272
f 6297 6383 6272
f 6385 6344 6310
f 6441 6148 6429
f 6431 6473 6340
f 6343 6299 6372
f 6481 6433 6318
f 6329 6586 6403
f 6226 6483 6361
f 6384 6383 6297
f 6435 6384 6297
f 6435 6298 6532
f 6388 6362 6285
f 6392 6276 6349
f 6424 6537 6365
f 6425 6393 6314
f 6314 6479 6425
f 6451 6394 6304
f 6304 6336 6451
f 6497 6367 6293
f 6353 6198 6416
f 6408 6407 6224
f 6373 6396 6258
f 6485 6470 6331
f 6400 6485 6331
f 6441 6456 6148
f 6544 6542 6358
f 6358 6401 6544
f 6342 6386 6341
f 6402 6230 6417
f 6299 6259 6459
f 6338 6328 6260
f 6338 6339 6531
f 6339 6397 6531
f 6404 6494 6345
f 6420 6443 6311
f 6285 6474 6388
f 6287 6421 6286
f 6287 6363 6460
f 6334 6460 6363
f 6301 6411 6410
f 6390 6348 6462
f 6446 6462 6348
f 6303 6325 6436
f 6316 6315 6196
f 6463 6451 6336
f 6452 6497 6293
f 6395 6452 6294
f 6160 6172 6453
f 6381 6453 6368
f 6437 6356 6405
f 6295 6489 6223
f 6439 6224 6369
f 6396 6439 6369
f 6387 6322 6428
f 6370 6358 6559
f 6542 6559 6358
f 6319 6490 6371
f 6386 6342 6432
f 6359 6432 6342
f 6545 6372 6299
f 6259 6312 6459
f 6460 6421 6287
f 6273 6375 6409
f 6324 6389 6411
f 6389 6535 6526
f 6461 6389 6346
f 6508 6346 6347
f 6643 6392 6349
f 6349 6266 6448
f 6266 6277 6448
f 6364 6352 6423
f 6496 6537 6378
f 6415 6236 6427
f 6427 6291 6450
f 6394 6450 6255
f 6394 6451 6514
f 6497 6463 6367
f 6488 6416 6198
f 6257 6355 6516
f 6296 6295 6240
f 6493 6330 6383
f 6385 6261 6602
f 6429 6332 6572
f 6559 6332 6370
f 6490 6503 6371
f 6471 6490 6319
f 6319 6472 6471
f 6299 6459 6545
f 6423 6436 6364
f 6415 6512 6316
f 6296 6468 6498
f 6522 6531 6397
f 6397 6418 6522
f 6433 6486 6398
f 6385 6602 6505
f 6400 6456 6440
f 6503 6544 6401
f 6401 6371 6503
f 6359 6360 6492
f 6312 6470 6459
f 6483 6482 6329
f 6344 6385 6505
f 6602 6261 6345
f 6345 6494 6602
f 6516 6467 6327
f 6380 6160 6529
f 6160 6453 6529
f 6453 6381 6517
f 6580 6517 6381
f 6406 6405 6356
f 6500 6396 6373
f 6375 6410 6445
f 6461 6535 6389
f 6446 6376 6510
f 6376 6412 6510
f 6447 6391 6609
f 6302 6528 6527
f 6277 6422 6448
f 6414 6351 6280
f 6366 6315 6553
f 6427 6480 6415
f 6386 6431 6341
f 6492 6432 6359
f 6328 6548 6420
f 6614 6522 6418
f 6442 6493 6383
f 6383 6384 6442
f 6435 6442 6384
f 6399 6344 6484
f 6505 6484 6344
f 6404 6419 6506
f 6443 6506 6419
f 6409 6375 6475
f 6445 6475 6375
f 6526 6411 6389
f 6366 6553 6426
f 6315 6316 6553
f 6514 6450 6394
f 6295 6296 6518
f 6317 6407 6455
f 6439 6408 6224
f 6387 6428 9761
f 6456 6441 6457
f 6648 6441 6429
f 6429 6572 6648
f 6492 6402 6458
f 6402 6417 6458
f 6531 6584 6328
f 6328 6338 6531
f 6418 6398 6585
f 6486 6585 6398
f 6532 6399 6484
f 6506 6494 6404
f 6507 9761 6362
f 6362 6388 6507
f 6334 6273 6444
f 6409 6444 6273
f 6508 6461 6346
f 6412 6447 6476
f 6495 6609 6391
f 6391 6302 6495
f 6511 6413 6377
f 6392 6511 6377
f 6551 6422 6477
f 6512 6553 6316
f 6512 6415 6577
f 6480 6577 6415
f 6623 6452 6395
f 6465 6464 6354
f 6354 6466 6465
f 6580 6437 6540
f 6405 6593 6437
f 6489 6295 6518
f 6382 6454 6469
f 6407 6408 6499
f 6440 6485 6400
f 6472 6430 6530
f 6586 6481 6403
f 6586 6329 6482
f 6443 6420 6547
f 6444 6460 6334
f 6510 6462 6446
f 6609 6476 6447
f 6449 6351 6596
f 6352 6424 6552
f 6591 6496 6393
f 6425 6479 6611
f 6480 6427 6513
f 6427 6450 6513
f 6623 6395 6487
f 6416 6487 6395
f 6557 6516 6355
f 6592 6529 6453
f 6438 6660 6454
f 6558 6499 6408
f 6408 6439 6558
f 6457 6440 6456
f 6502 6572 6332
f 6332 6559 6502
f 6459 6470 6504
f 6500 6387 9757
f 6387 9761 9757
f 6444 6421 6460
f 6525 6410 6411
f 6411 6526 6525
f 6347 6390 6509
f 6462 6509 6390
f 6393 6425 6591
f 6451 6463 6539
f 6463 6497 6579
f 6515 6488 6464
f 6464 6465 6515
f 6466 6467 6556
f 6516 6556 6467
f 6674 6557 6355
f 6355 6380 6674
f 6517 6592 6453
f 6593 6540 6437
f 6518 6296 6688
f 6469 6498 6468
f 6468 6382 6469
f 6660 6469 6454
f 6455 6519 6317
f 6499 6455 6407
f 6567 6439 6396
f 6520 6567 6396
f 6548 6328 6584
f 6600 6486 6433
f 6433 6481 6600
f 6548 6547 6420
f 6470 6485 6501
f 6441 6648 6457
f 6503 6490 6560
f 6471 6472 6530
f 6473 6521 6430
f 6562 6473 6431
f 6431 6386 6582
f 6535 6461 6719
f 6756 6349 6448
f 6477 6350 6551
f 6303 6436 6727
f 6552 6424 6365
f 6553 6512 6565
f 6613 6674 6380
f 6380 6529 6613
f 6569 6531 6522
f 6614 6418 6585
f 6571 6483 6226
f 6226 6434 6571
f 6330 6493 6574
f 6442 6435 6532
f 6432 6491 6386
f 6569 6667 6531
f 6434 6330 6575
f 6374 6523 6474
f 6409 6475 6524
f 6525 6564 6410
f 6462 6510 6550
f 6590 6350 6449
f 6449 6596 6590
f 6536 6596 6351
f 6351 6414 6536
f 6673 6591 6425
f 6425 6611 6673
f 6513 6577 6480
f 6623 6497 6452
f 6406 6541 6405
f 6406 6489 6676
f 6489 6518 6626
f 6438 6566 6660
f 6566 6438 6519
f 9757 6520 6500
f 6470 6501 6583
f 6544 6503 6632
f 6490 6471 6573
f 6530 6573 6471
f 6562 6561 6473
f 6695 6562 6431
f 6582 6695 6431
f 6491 6582 6386
f 6432 6492 6629
f 6504 6545 6459
f 6583 6504 6470
f 6482 6483 6601
f 6574 6575 6330
f 6546 6574 6493
f 6493 6442 6546
f 6533 6506 6443
f 6443 6547 6533
f 6444 6409 6524
f 6564 6445 6410
f 6719 6461 6549
f 6461 6508 6549
f 6508 6347 6509
f 6509 6462 6550
f 6302 6527 6495
f 6589 6643 6349
f 6349 6756 6589
f 6414 6478 6536
f 6727 6478 6303
f 6552 6423 6352
f 6513 6450 6554
f 6514 6554 6450
f 6579 6539 6463
f 6556 6599 6465
f 6465 6466 6556
f 6516 6557 6659
f 6498 6688 6296
f 6503 6560 6632
f 6573 6560 6490
f 6473 6561 6521
f 6417 6372 6651
f 6372 6545 6651
f 6522 6614 6570
f 6571 6434 6575
f 6494 6506 6533
f 6563 6388 6474
f 6523 6563 6474
f 6421 6444 6576
f 6524 6475 6608
f 6475 6445 6608
f 6594 6564 6525
f 6719 6772 6535
f 6588 6550 6510
f 6510 6412 6588
f 6476 6588 6412
f 6620 6422 6551
f 6350 6590 6621
f 6478 6727 6622
f 6553 6565 6656
f 6577 6685 6512
f 6514 6451 6538
f 6487 6416 6612
f 6416 6488 6612
f 6659 6556 6516
f 6676 6489 6626
f 6518 6581 6626
f 6688 6581 6518
f 6567 6558 6439
f 6485 6440 6669
f 6544 6543 6542
f 6570 6569 6522
f 6532 6546 6442
f 6724 6620 6551
f 6551 6350 6621
f 6622 6536 6478
f 6553 6656 6426
f 6515 6612 6488
f 6592 6613 6529
f 6676 6541 6406
f 6499 6558 6647
f 6733 6558 6567
f 6669 6501 6485
f 6440 6457 6669
f 6714 6683 6572
f 6572 6502 6714
f 6573 6530 6605
f 6432 6629 6491
f 6492 6458 6629
f 6668 6545 6504
f 6667 6584 6531
f 6585 6708 6614
f 6571 6601 6483
f 6799 6533 6547
f 6534 6799 6547
f 6606 6640 6507
f 6507 6388 6606
f 6643 6589 6863
f 6727 6436 6728
f 6611 6479 6655
f 6426 6655 6479
f 6565 6512 6597
f 6538 6451 6539
f 6497 6623 6555
f 6543 6559 6542
f 6530 6521 6605
f 6548 6584 6747
f 6634 6575 6574
f 6574 6546 6634
f 6532 6616 6546
f 6484 6616 6532
f 6617 6505 6602
f 6547 6548 6534
f 6525 6526 6594
f 6642 6594 6526
f 6526 6535 6642
f 6595 6549 6508
f 6508 6509 6595
f 6528 6413 6741
f 6620 6448 6422
f 6725 6724 6551
f 6621 6725 6551
f 6597 6512 6685
f 6554 6514 6578
f 6515 6465 6646
f 6599 6646 6465
f 6659 6599 6556
f 6816 6674 6613
f 6593 6405 6541
f 6455 6499 6786
f 6631 6633 6560
f 6560 6573 6631
f 6629 6458 6650
f 6417 6650 6458
f 6563 6606 6388
f 6564 6594 6703
f 6392 6643 6831
f 6610 6365 6537
f 6537 6496 6610
f 6758 6610 6496
f 6496 6591 6758
f 6597 6656 6565
f 6539 6579 6687
f 6598 6579 6497
f 6497 6555 6598
f 6469 6660 6744
f 6566 6519 6627
f 6567 6568 6733
f 6585 6486 6615
f 6583 6501 6750
f 6648 6572 6670
f 6559 6543 6630
f 6632 6560 6633
f 6521 6561 6605
f 6491 6825 6582
f 6747 6534 6548
f 6569 6570 6662
f 6600 6663 6486
f 6634 6546 6628
f 6616 6628 6546
f 6484 6505 6635
f 6617 6635 6505
f 6494 6533 6636
f 6618 6587 9974
f 6523 9652 6912
f 6619 6444 6524
f 6607 6619 6524
f 6524 6608 6684
f 6509 6550 6654
f 6550 6588 6654
f 6511 6741 6413
f 6511 6392 6831
f 6365 6881 6552
f 6655 6645 6611
f 6685 6577 6705
f 6554 6657 6513
f 6578 6514 6658
f 6487 6624 6623
f 6599 6659 6782
f 6803 6517 6580
f 6558 6733 6647
f 6669 6604 6501
f 6714 6502 6630
f 6502 6559 6630
f 6632 6543 6544
f 6573 6605 6631
f 6605 6561 6682
f 6825 6695 6582
f 6652 6668 6504
f 6504 6583 6652
f 6662 6667 6569
f 6840 6570 6614
f 6708 6585 6615
f 6615 6486 6663
f 6523 6738 6563
f 6576 6444 6641
f 6445 6564 6702
f 6423 6728 6436
f 6423 6552 6742
f 6656 6655 6426
f 6646 6612 6515
f 6519 6455 6627
f 6786 6627 6455
f 9759 6568 9757
f 6572 6683 6670
f 6633 6631 6672
f 6561 6562 6682
f 6677 6639 9974
f 6639 9767 6618
f 6563 6738 6818
f 6738 6523 6912
f 6608 6445 6700
f 6642 6703 6594
f 6753 6535 6772
f 6719 6549 6773
f 6721 6773 6549
f 6549 6595 6721
f 6704 6527 6528
f 6528 6741 6704
f 6590 6596 6726
f 6577 6513 6705
f 6657 6705 6513
f 6625 6624 6487
f 6541 6760 6593
f 6732 6498 6469
f 6469 6744 6732
f 6566 6837 6660
f 6481 6586 6710
f 6586 6482 6664
f 6601 6664 6482
f 6617 6602 6679
f 6636 6679 6602
f 6602 6494 6636
f 6534 6763 6799
f 6631 6605 9964
f 6695 6682 6562
f 6651 6650 6417
f 6698 6651 6545
f 6750 6652 6583
f 9981 6677 9974
f 6700 6445 6702
f 6535 6753 6642
f 6595 6509 6653
f 6654 6588 6849
f 6704 6495 6527
f 6832 6756 6448
f 6644 6448 6620
f 6821 6621 6590
f 6726 6821 6590
f 6727 6728 6757
f 6742 6552 6881
f 6591 6673 6758
f 6656 6597 6729
f 6554 6578 6657
f 6538 6658 6514
f 6759 6598 6555
f 6647 6733 6661
f 9758 6733 6568
f 6840 6662 6570
f 6708 6840 6614
f 6710 6600 6481
f 6484 6635 6693
f 6617 6679 6843
f 6618 6765 6587
f 6563 6818 6606
f 6912 9652 6717
f 6619 6641 6444
f 6654 6653 6509
f 6448 6644 6832
f 6611 6645 6673
f 6775 6729 6597
f 6685 6775 6597
f 6578 6658 6686
f 6623 6624 6555
f 6923 6555 6624
f 6624 6625 6781
f 6852 6613 6592
f 6803 6580 6675
f 6580 6540 6675
f 6688 6498 6732
f 6744 6660 6761
f 6710 6709 6600
f 6664 6710 6586
f 6799 6712 6533
f 6534 6747 6763
f 6638 6765 6618
f 6545 6668 6698
f 6501 6604 6750
f 6714 6630 6649
f 6630 6543 6715
f 6633 6770 6632
f 9767 6639 6665
f 6457 6648 6699
f 6671 6543 6632
f 6632 6770 6671
f 9964 6605 6713
f 6605 6682 6713
f 6491 6749 6825
f 6691 6778 6747
f 6747 6584 6691
f 6667 6691 6584
f 6666 6707 6667
f 6663 6796 6615
f 6780 6678 6575
f 6575 6634 6780
f 6746 6780 6634
f 6628 6746 6634
f 6693 6616 6484
f 6843 6635 6617
f 6636 6533 6712
f 6681 6637 6603
f 6735 6681 6603
f 6603 6587 6735
f 6689 6665 6639
f 6640 6606 6737
f 6755 6723 6476
f 6476 6609 6755
f 6863 6831 6643
f 6742 6728 6423
f 6687 6538 6539
f 6598 6687 6579
f 6625 6612 6706
f 6612 6646 6706
f 6835 6557 6674
f 6803 6592 6517
f 6760 6540 6593
f 6676 6626 6743
f 6626 6581 6743
f 6761 6785 6744
f 6911 6786 6499
f 6499 6647 6911
f 6457 6699 6669
f 6648 6670 6699
f 6671 6715 6543
f 6770 6633 6672
f 6650 6651 6697
f 6737 6771 6640
f 6716 6737 6606
f 6654 6754 6653
f 6723 6588 6476
f 6495 6755 6609
f 6794 6644 6620
f 6724 6794 6620
f 6766 6705 6657
f 6730 6686 6658
f 6802 6646 6599
f 6599 6782 6802
f 6782 6659 6731
f 6659 6557 6731
f 6966 6743 6581
f 6691 6667 6707
f 6796 6692 6615
f 6600 6709 6663
f 6601 6571 6779
f 6765 6694 6587
f 6690 6665 6689
f 6662 6666 6667
f 6692 6708 6615
f 6575 6779 6571
f 6682 6695 6895
f 6805 6604 6669
f 6699 6805 6669
f 6751 6683 6714
f 6606 6818 6716
f 6607 6641 6619
f 6739 6684 6752
f 6700 6752 6684
f 6702 6564 6703
f 6703 6642 6819
f 6862 6819 6642
f 6723 6849 6588
f 6755 6495 7072
f 6536 6726 6596
f 6536 6622 6864
f 6880 6864 6622
f 6727 6880 6622
f 6610 6881 6365
f 6658 6538 6730
f 6687 6730 6538
f 6783 6731 6557
f 6557 6835 6783
f 6836 6676 6743
f 6689 6639 6734
f 6690 6762 6665
f 6664 6601 6779
f 6678 6780 6869
f 6843 6693 6635
f 6712 6711 6636
f 6680 6637 6764
f 6808 6764 6637
f 6637 6681 6808
f 6694 6735 6587
f 6713 6682 6844
f 6491 6629 6696
f 6650 6696 6629
f 6715 6649 6630
f 6739 6792 6607
f 6700 6702 6701
f 6722 6754 6654
f 6849 6722 6654
f 6741 6511 6831
f 6831 6863 7073
f 6657 6578 6800
f 6965 6852 6592
f 6966 6581 6885
f 6817 6885 6581
f 6581 6688 6817
f 6688 6732 6817
f 6744 6785 6784
f 6837 6761 6660
f 6838 6911 6647
f 6734 6777 6689
f 6662 6840 6891
f 6796 6663 6811
f 6664 6745 6710
f 6678 6779 6575
f 6843 6814 6693
f 6825 6895 6695
f 6696 6749 6491
f 6697 6651 6896
f 6651 6698 6896
f 7002 6698 6668
f 6792 6641 6607
f 6752 6793 6739
f 6701 6752 6700
f 6703 6718 6702
f 6642 6753 6977
f 6741 6831 6830
f 6673 6645 6822
f 6800 6766 6657
f 6686 6730 6801
f 6598 6815 6687
f 6816 6835 6674
f 6613 6852 6816
f 6592 6803 6965
f 6760 6675 6540
f 6541 6676 6836
f 6627 6837 6566
f 6786 6949 6627
f 6661 6838 6647
f 6762 6776 9769
f 6798 6663 6709
f 6745 6798 6709
f 6709 6710 6745
f 6616 6693 6947
f 6814 6947 6693
f 6711 6679 6636
f 6898 6765 6638
f 6736 6898 6638
f 9964 6713 6748
f 6826 6750 6604
f 6751 6670 6683
f 6769 6751 6649
f 6649 6715 6769
f 9976 6770 6672
f 6701 6702 6718
f 6773 6720 6719
f 6849 6723 6740
f 6724 6725 6820
f 6902 6758 6673
f 6822 6902 6673
f 6645 6833 6822
f 6578 6686 6800
f 6815 6730 6687
f 6884 6923 6624
f 6624 6781 6884
f 6802 6706 6646
f 6783 7044 6731
f 6837 6627 6949
f 6776 9774 9769
f 6807 6777 6734
f 6762 6690 6824
f 6690 6777 6861
f 6691 6707 6906
f 6708 6692 6840
f 6745 6664 6841
f 6779 6841 6664
f 6767 6748 6713
f 6713 6844 6767
f 6805 6826 6604
f 6714 6649 6751
f 6788 6912 6717
f 6717 6641 6788
f 6718 6703 6790
f 6642 6977 6862
f 6720 6773 6991
f 6829 6704 6741
f 6741 6830 6829
f 6645 6655 6833
f 6598 6759 6866
f 6555 6923 6759
f 6836 6760 6541
f 6796 6919 6692
f 6779 6678 6812
f 6780 6746 6842
f 6746 6628 6842
f 6905 6711 6712
f 6712 6799 6905
f 6778 6763 6747
f 6809 6681 6735
f 6735 6694 6809
f 6810 6809 6694
f 6765 6810 6694
f 6844 6682 6768
f 6652 7002 6668
f 6845 6652 6750
f 6750 6826 6845
f 6805 6699 6915
f 6846 6715 6671
f 6827 6846 6671
f 6671 6770 6827
f 6716 6818 7065
f 6793 6752 6789
f 6719 6720 6978
f 6722 6917 6754
f 7072 6723 6755
f 6832 6589 6756
f 6794 6724 6820
f 6791 6621 6821
f 6757 6728 6774
f 6728 6742 6774
f 7028 6881 6610
f 6729 6775 6850
f 6851 9727 6685
f 6685 6705 6851
f 6759 6923 6834
f 6733 9758 6968
f 6861 6824 6690
f 6778 6691 6906
f 6906 6707 6854
f 6870 6854 6707
f 6707 6666 6870
f 6853 6870 6666
f 6666 6662 6853
f 6662 6891 6853
f 6919 6840 6692
f 6843 6679 7013
f 6679 6711 7013
f 6680 6764 9966
f 6810 6765 6898
f 6848 6898 6736
f 9582 6766 6800
f 6815 6883 6730
f 6866 6815 6598
f 6803 6675 6924
f 6743 6983 6836
f 6784 6732 6744
f 6925 6661 6733
f 6733 6968 6925
f 6895 6768 6682
f 6896 6857 6697
f 6897 6699 6670
f 6670 6751 6897
f 6846 6769 6715
f 6827 6770 9976
f 6787 6839 6771
f 6771 6737 6787
f 6788 6926 6912
f 6739 6793 6792
f 6701 6789 6752
f 6773 6721 6991
f 6653 6721 6595
f 6828 6495 6704
f 6878 6863 6589
f 6589 6832 6878
f 6725 6621 6879
f 6621 6791 6879
f 6864 6726 6536
f 6727 6757 7026
f 6959 7028 6610
f 6775 6685 6850
f 9727 6850 6685
f 9582 6851 6705
f 9774 6776 6875
f 6776 6888 6823
f 6776 6762 6888
f 6762 6824 6804
f 6861 6777 6806
f 6807 6806 6777
f 6811 6663 6797
f 6798 6797 6663
f 6841 6798 6745
f 6812 6841 6779
f 6812 6678 6962
f 6869 6962 6678
f 6628 6616 6813
f 6947 6813 6616
f 6963 6799 6763
f 6847 6808 6681
f 6924 6965 6803
f 7035 6818 6738
f 6912 7035 6738
f 6641 6792 6788
f 6819 6790 6703
f 6772 6719 6978
f 6653 6754 6917
f 7072 6495 6828
f 6880 6727 7026
f 6742 6881 6774
f 6610 6758 6959
f 6902 6959 6758
f 6850 6795 6729
f 6823 6875 6776
f 6804 6888 6762
f 6748 6767 6856
f 6650 6697 6929
f 9610 6788 6792
f 6753 6772 6978
f 6829 6828 6704
f 7027 6774 6881
f 6902 6822 6960
f 6833 6940 6822
f 6841 6868 6798
f 6799 6963 6905
f 6964 6963 6763
f 6763 6778 6964
f 6681 6809 6847
f 6908 6800 6686
f 6801 6908 6686
f 6834 6922 6759
f 6706 6802 7017
f 7104 7017 6802
f 6948 7104 6802
f 6802 6782 6948
f 6969 6787 6737
f 6737 6716 6969
f 6767 6844 6856
f 6873 6844 6768
f 6895 6825 6928
f 6696 6650 6929
f 6857 6929 6697
f 6848 6899 6898
f 6842 6869 6780
f 9582 6800 6865
f 6908 6865 6800
f 6884 6781 7016
f 6782 6731 6948
f 6981 7044 6783
f 6783 6835 6981
f 7018 6885 6817
f 6817 6732 7018
f 6784 7018 6732
f 7034 6949 6786
f 6701 6718 6877
f 6862 6901 6819
f 6644 6794 6832
f 6794 6820 6957
f 6940 6960 6822
f 6861 9984 6890
f 6768 6895 6927
f 6928 6825 6749
f 6929 6749 6696
f 6897 6915 6699
f 6769 6931 6751
f 6809 6810 6933
f 6871 6894 6848
f 9610 6792 6867
f 6876 6789 6701
f 6701 6877 6876
f 6790 6877 6718
f 6916 6862 6977
f 6978 6977 6753
f 6829 6830 6938
f 6820 6725 7222
f 6879 7222 6725
f 6908 6801 6909
f 6801 6883 6909
f 6999 6982 6852
f 6852 6965 6999
f 6887 6911 6838
f 6838 6661 6887
f 6787 9760 6839
f 6891 6840 6903
f 6840 6919 6903
f 6919 6796 6942
f 6811 6942 6796
f 6868 6841 6944
f 6842 6628 6813
f 6814 6843 6994
f 7013 6994 6843
f 6856 6844 6873
f 6845 6826 6951
f 6915 6826 6805
f 6952 6931 6769
f 6846 6952 6769
f 6846 6827 6874
f 9966 7047 6893
f 6764 6808 7047
f 6847 6809 7025
f 6898 6933 6810
f 6894 6899 6848
f 6872 9771 6934
f 6901 6790 6819
f 6991 6721 7070
f 6722 6849 6937
f 7222 6957 6820
f 6958 6791 6821
f 6821 6726 6958
f 6864 6958 6726
f 6655 6795 6882
f 6866 6883 6815
f 6922 6866 6759
f 7017 7016 6706
f 6835 6816 7171
f 6982 6816 6852
f 6761 6837 6886
f 6818 7035 7065
f 6792 6793 6867
f 6797 6798 6943
f 6868 6943 6798
f 6945 6944 6841
f 6841 6812 6945
f 6962 6869 6946
f 6778 6906 6892
f 6855 9794 9792
f 9794 6855 9784
f 6856 6873 9967
f 6927 6873 6768
f 6749 6929 6971
f 6915 7004 6826
f 6931 6986 6751
f 6858 9778 6935
f 9943 6935 9778
f 6859 6860 9763
f 6890 6824 6861
f 6916 6901 6862
f 7048 7070 6721
f 6721 6653 7048
f 6917 7048 6653
f 6849 6740 6937
f 6830 6831 7049
f 6831 7073 7049
f 6940 6833 7075
f 6833 6655 7075
f 6882 7075 6655
f 9582 6865 6921
f 7016 7084 6884
f 6948 6731 7032
f 7171 6981 6835
f 6743 6966 7173
f 6967 7018 6784
f 6785 6761 7061
f 7062 7061 6761
f 6661 6925 7112
f 6789 7021 6793
f 6876 9765 6789
f 6941 7011 6855
f 6855 9792 6941
f 6942 7012 6919
f 7077 6946 6869
f 6869 6842 7077
f 6906 6854 6907
f 9791 6907 6854
f 6854 6870 9791
f 7039 6808 6847
f 7025 7039 6847
f 6871 6872 6934
f 9771 9766 6934
f 6824 7024 6804
f 6913 6890 9984
f 7002 6652 7003
f 6897 6985 6915
f 6897 6751 6986
f 6935 7001 6858
f 7066 6860 6875
f 6900 6876 6877
f 6877 6790 6936
f 6829 6938 7258
f 6939 6863 6878
f 6757 6774 7074
f 7027 6881 6992
f 7028 6992 6881
f 6909 6980 6908
f 6883 6866 6998
f 7084 6923 6884
f 6966 6885 7033
f 6886 7062 6761
f 6786 6911 7063
f 7000 6887 6661
f 6661 7112 7000
f 6787 6969 7086
f 6912 6926 6970
f 6867 7020 9610
f 6789 9765 6950
f 6823 7066 6875
f 6853 6891 6918
f 6996 6918 6891
f 6891 6903 6996
f 6904 6811 6943
f 6811 6797 6943
f 6943 6868 6920
f 6962 6945 6812
f 6892 6964 6778
f 6894 6871 6954
f 6873 6914 9967
f 6927 6895 6928
f 6896 6698 6930
f 6698 7002 6930
f 6951 7003 6652
f 6652 6845 6951
f 7004 6951 6826
f 6972 6985 6897
f 6986 6972 6897
f 6953 6952 6846
f 6846 6874 6953
f 6874 9963 6953
f 7039 6987 6808
f 6933 6975 6809
f 6933 6898 6989
f 6898 6899 6989
f 6955 6954 6871
f 6900 6877 7007
f 6937 7071 6722
f 6828 6829 7008
f 7258 7008 6829
f 7073 6863 7221
f 7161 6958 6864
f 7040 6941 9792
f 6903 6919 6961
f 6942 6811 6904
f 6892 6906 7099
f 6907 7099 6906
f 6932 6893 7047
f 6921 6865 7030
f 6865 6908 6980
f 7044 7032 6731
f 6983 6910 6836
f 6743 7173 7045
f 7035 6912 6970
f 7009 9949 9958
f 7001 7015 6976
f 6976 6858 7001
f 6935 9943 9944
f 6823 6888 6984
f 6857 6896 6930
f 6931 6952 6973
f 6936 7007 6877
f 6790 6901 6990
f 7008 7072 6828
f 6939 7221 6863
f 7095 6832 6794
f 6864 6880 7202
f 7026 7202 6880
f 7040 6993 6941
f 6996 6903 6961
f 6919 7012 6961
f 6907 9791 9780
f 6921 9724 9582
f 7030 6865 6980
f 6883 7014 6909
f 6923 7084 6834
f 7104 7152 7017
f 7297 6675 6760
f 6836 7297 6760
f 6983 6743 7045
f 6785 6967 6784
f 6886 6837 6949
f 7063 7034 6786
f 7019 7063 6911
f 6911 6887 7019
f 9626 7112 6925
f 6925 6968 9626
f 9625 9760 7086
f 9760 6787 7086
f 6716 7065 6969
f 7020 6867 7021
f 6867 6793 7021
f 7037 6890 6913
f 9968 7037 6913
f 7046 6914 6873
f 6873 6927 7046
f 6928 7046 6927
f 6929 6857 7118
f 6857 6930 7118
f 6985 7004 6915
f 6931 6973 6986
f 7005 6973 6952
f 6974 7047 6808
f 6989 6975 6933
f 6899 6894 6989
f 7122 6989 6894
f 6901 6916 6990
f 7071 7048 6917
f 6878 6832 6939
f 7052 6939 6832
f 6957 7222 7050
f 7053 6960 6940
f 9945 7011 7010
f 6993 7011 6941
f 7040 9779 9789
f 7029 7012 6942
f 6904 7029 6942
f 6868 6944 6920
f 6813 6947 7165
f 6963 6995 6905
f 6979 6963 6964
f 7014 6883 6997
f 6816 6982 7171
f 6836 6910 7297
f 6949 7034 6886
f 6789 6950 7022
f 6950 9777 7022
f 6888 6889 6984
f 7024 6889 6804
f 6971 6928 6749
f 7118 6971 6929
f 7025 6809 6975
f 6954 7122 6894
f 6955 7091 6954
f 7001 6935 7057
f 6900 9770 6876
f 7093 6936 6790
f 6790 6990 7093
f 6916 6977 7069
f 7324 6991 7070
f 6938 6830 7049
f 7339 6794 6957
f 6959 6902 7108
f 6945 6962 7041
f 6946 7041 6962
f 6842 6813 7042
f 6711 6905 7078
f 6995 7078 6905
f 6979 6995 6963
f 6964 6892 6979
f 7099 6979 6892
f 7146 7099 6907
f 7033 7173 6966
f 6968 9625 9626
f 7086 7064 9625
f 7066 6823 7036
f 6984 7036 6823
f 6889 7024 7023
f 6890 7024 6824
f 6952 6953 7005
f 7006 7005 6953
f 6974 6808 6987
f 7122 6954 7091
f 6976 7015 6956
f 9944 7057 6935
f 7069 6990 6916
f 6977 6978 7069
f 6978 6720 7200
f 6991 7200 6720
f 7218 7070 7048
f 6740 7178 6937
f 7095 7052 6832
f 7139 7161 6864
f 7026 6757 7096
f 7074 7096 6757
f 7009 9945 7010
f 9788 6996 6961
f 6904 6943 7144
f 7129 7110 6943
f 6943 6920 7129
f 7042 6813 7165
f 6921 7079 9724
f 6980 6909 7126
f 7014 7126 6909
f 7060 6998 6866
f 6866 6922 7060
f 6922 6834 7060
f 7044 6981 7085
f 7033 6885 7018
f 7019 6887 7195
f 6887 7000 7195
f 7021 6789 7115
f 7022 7115 6789
f 7015 7001 7080
f 6914 7037 9968
f 6951 7004 7088
f 7004 6985 7089
f 6986 6973 7120
f 7177 6973 7005
f 7025 6975 7106
f 6989 7122 9578
f 7091 6955 7107
f 7047 7038 6932
f 6975 6989 7106
f 7200 7128 6978
f 7071 6937 7138
f 7028 6959 7051
f 6940 7075 7053
f 7097 9953 7009
f 7009 7010 7098
f 7144 6943 7110
f 7041 6944 6945
f 7077 6842 7042
f 7165 6947 7111
f 6814 7111 6947
f 6814 6994 7111
f 7078 7013 6711
f 7126 7124 6980
f 7102 6997 6998
f 6834 7084 7103
f 7087 7022 9777
f 9777 9768 7087
f 6956 7015 7192
f 9954 9948 7058
f 9770 6900 7127
f 7007 7127 6900
f 6936 7092 7007
f 7217 7069 6978
f 7128 7217 6978
f 6991 7324 7200
f 7027 7074 6774
f 7097 7009 7098
f 7011 6993 7109
f 7029 6904 7144
f 6920 6944 7129
f 7076 7129 6944
f 6946 7077 7183
f 7078 6994 7013
f 7030 6980 7123
f 7152 7130 7016
f 7016 7017 7152
f 7194 7085 6981
f 7269 7171 6982
f 7210 6982 6999
f 6999 6965 7210
f 7020 7021 7176
f 7023 7024 7117
f 7157 7117 7024
f 7024 6890 7157
f 7120 7189 6972
f 6972 6986 7120
f 7005 7006 7121
f 7038 7159 7006
f 7039 7025 7090
f 7305 7090 7025
f 7050 7222 7477
f 7053 7203 6960
f 7223 7140 7075
f 6882 7223 7075
f 7041 7076 6944
f 6994 7078 7145
f 7055 6995 6979
f 6979 7099 7055
f 7079 6921 7123
f 6921 7030 7123
f 9950 7126 7031
f 7192 7043 6956
f 7100 7015 7080
f 7056 7080 7001
f 7057 7056 7001
f 7193 7104 6948
f 7131 7230 6924
f 6924 6675 7131
f 6886 7034 7249
f 7063 7249 7034
f 7035 6970 7133
f 6984 7067 7036
f 6890 7037 7157
f 7068 7037 6914
f 6914 7046 7068
f 7046 6928 7068
f 6971 7118 7136
f 7119 7089 6985
f 6985 6972 7119
f 7189 7119 6972
f 7158 7120 6973
f 6973 7177 7158
f 6987 7039 7090
f 7025 6988 7305
f 7097 7142 9953
f 6993 7040 7162
f 7054 7162 7012
f 7012 7029 7054
f 7183 7041 6946
f 7100 7192 7015
f 7101 7056 7057
f 7149 7058 9948
f 7081 7149 9948
f 7060 7102 6998
f 7170 7060 6834
f 7130 7084 7016
f 7085 7032 7044
f 7154 7020 7114
f 7176 7114 7020
f 7066 7036 7134
f 6889 7023 7156
f 7135 7068 6928
f 6928 6971 7135
f 7234 7003 6951
f 7089 7088 7004
f 7159 7121 7006
f 7025 7106 6988
f 7106 6989 9578
f 7127 7007 7092
f 7069 7094 6990
f 7138 6937 7257
f 7178 7257 6937
f 7072 7008 7179
f 7050 7339 6957
f 6864 7202 7139
f 7027 6992 7309
f 7108 7051 6959
f 7203 6902 6960
f 9729 7223 6882
f 7216 7255 6936
f 7093 7216 6936
f 7094 7093 6990
f 7201 6740 6723
f 6723 7072 7201
f 6794 7339 7095
f 6879 6791 7259
f 6791 6958 7259
f 7202 7026 7096
f 7010 7011 7109
f 7144 7054 7029
f 7057 7058 7101
f 6997 7102 7169
f 6834 7103 7170
f 6675 7297 7131
f 7231 7033 7018
f 7153 7113 7086
f 7086 6969 7153
f 6969 7065 7212
f 7065 7035 7212
f 7133 7212 7035
f 7133 6970 7175
f 7067 6984 7155
f 7117 7156 7023
f 7136 7135 6971
f 7105 6930 7002
f 7002 7003 7105
f 7160 7159 7038
f 7038 7047 7160
f 7047 6974 7160
f 6987 7215 6974
f 7091 7107 7254
f 7092 6936 7255
f 7200 7238 7128
f 7218 7324 7070
f 7218 7048 7239
f 7071 7239 7048
f 7178 6740 7394
f 7201 7394 6740
f 7072 7179 7201
f 7073 7221 7476
f 7221 6939 7241
f 7339 7050 7477
f 7074 7275 7096
f 7261 6992 7028
f 7028 7051 7261
f 7203 7108 6902
f 7180 7203 7053
f 7140 7053 7075
f 7142 7141 9953
f 7109 7098 7010
f 6993 7162 7143
f 7184 7099 7146
f 7079 7123 7181
f 7124 7123 6980
f 7124 7126 7125
f 9782 7043 7265
f 7101 7058 7149
f 7082 7167 7081
f 6997 7169 7059
f 7151 7103 7084
f 7193 6948 7032
f 7173 7172 7045
f 7173 7033 7248
f 7018 6967 7231
f 7064 7086 7113
f 7115 7022 7087
f 7087 9768 7116
f 7067 7134 7036
f 7156 7155 6984
f 6984 6889 7156
f 7068 7197 7037
f 6951 7088 7234
f 7122 7091 7191
f 7069 7217 7290
f 7476 7049 7073
f 6939 7052 7241
f 7309 7074 7027
f 7141 7142 7182
f 7143 7109 6993
f 7054 7163 7162
f 7129 7076 7207
f 7041 7183 7263
f 7184 7055 7099
f 7185 9785 7166
f 7149 7148 7101
f 7167 7149 7081
f 7102 7060 7247
f 7151 7187 7103
f 7152 7104 7268
f 7193 7268 7104
f 7193 7032 7370
f 7085 7370 7032
f 7211 7210 6965
f 6965 6924 7211
f 7230 7211 6924
f 6910 6983 7132
f 6983 7045 7132
f 7045 7172 7132
f 6785 7188 6967
f 6785 7061 7188
f 7000 7112 7279
f 9747 7116 9764
f 9764 7134 9747
f 7136 7251 7135
f 7121 7177 7005
f 7236 7121 7159
f 7199 6987 7090
f 7090 7305 7199
f 7254 7191 7091
f 7340 7259 6958
f 7097 7098 7205
f 7144 7110 7164
f 7246 7183 7077
f 7042 7246 7077
f 7145 7165 7111
f 7111 6994 7145
f 6995 7055 7225
f 7186 7166 9782
f 7265 7186 9782
f 7265 7043 7226
f 7056 7101 7147
f 7083 7059 7168
f 7059 7169 7168
f 6981 7171 7194
f 7061 7062 7188
f 7232 7112 9626
f 6970 7154 7175
f 7176 7299 7114
f 7176 7021 7213
f 7021 7115 7213
f 7087 7213 7115
f 7117 7157 7196
f 7157 7037 7272
f 7197 7272 7037
f 7135 7197 7068
f 7136 7118 7214
f 7119 7088 7089
f 7160 6974 7215
f 7191 7137 7122
f 9723 7079 7181
f 7123 7124 7224
f 7125 7126 9950
f 7092 7323 7127
f 7093 7094 7216
f 7217 7128 7238
f 7222 6879 7422
f 7259 7422 6879
f 7621 7340 6958
f 6958 7161 7621
f 7096 7503 7202
f 7074 7309 7260
f 7261 7309 6992
f 7051 7108 7242
f 7053 7140 7180
f 7245 7054 7144
f 7164 7110 7206
f 7129 7206 7110
f 7225 7078 6995
f 7055 7184 7225
f 7147 7101 7148
f 7150 7167 7082
f 7168 7150 7082
f 7102 7247 7278
f 7229 7247 7060
f 7187 7170 7103
f 7297 7495 7131
f 7248 7033 7231
f 7188 7231 6967
f 7174 7064 7113
f 6969 7212 7153
f 7067 9747 7134
f 7214 7251 7136
f 7118 6930 7214
f 7236 7177 7121
f 6987 7199 7237
f 7254 9772 7289
f 7123 7327 7181
f 7224 7124 7125
f 7472 7216 7094
f 7094 7069 7290
f 7220 7258 6938
f 6938 7049 7220
f 7275 7503 7096
f 7223 7341 7140
f 9960 7125 9950
f 7205 7182 7142
f 7142 7097 7205
f 7098 7109 7243
f 7109 7143 7244
f 7144 7164 7245
f 7076 7041 7347
f 7263 7347 7041
f 7042 7165 7246
f 7208 7100 7080
f 7056 7208 7080
f 7148 7149 7294
f 7102 7278 7169
f 7060 7170 7229
f 7084 7130 7151
f 7173 7352 7172
f 7112 7232 7279
f 7175 7154 7281
f 7155 7156 7328
f 7196 7233 7117
f 6930 7105 7214
f 7252 7234 7088
f 7088 7119 7285
f 7119 7189 7335
f 7160 7236 7159
f 7160 7215 7321
f 7237 7215 6987
f 7092 7255 7362
f 7408 7291 7095
f 7095 7339 7408
f 7108 7203 7325
f 7181 7271 9723
f 7271 7181 7327
f 7224 7327 7123
f 7182 7204 7141
f 7143 7162 7311
f 7163 7311 7162
f 7347 7207 7076
f 7184 7146 7276
f 7192 7226 7043
f 7209 7149 7167
f 7150 7295 7167
f 7495 7230 7131
f 7248 7352 7173
f 7249 7062 6886
f 7249 7063 7354
f 7250 7063 7019
f 7019 7195 7250
f 7195 7000 7371
f 7279 7371 7000
f 7213 7087 9744
f 7155 7328 7067
f 7233 7156 7117
f 7272 7196 7157
f 7329 7105 7003
f 7003 7234 7329
f 7285 7252 7088
f 7189 7120 7287
f 7158 7287 7120
f 7158 7177 7287
f 6988 7106 7190
f 7106 9578 7190
f 9602 7190 9578
f 9578 7137 9602
f 7094 7290 7307
f 7238 7200 7380
f 7179 7008 7240
f 7052 7095 7291
f 7242 7108 7325
f 7180 7292 7203
f 7365 7292 7180
f 7205 7098 7243
f 7245 7163 7054
f 7206 7129 7207
f 7183 7246 7348
f 7264 7145 7078
f 7078 7225 7264
f 7276 7225 7184
f 7208 7192 7100
f 7294 7147 7148
f 7295 7209 7167
f 7295 7150 7227
f 7150 7168 7228
f 7169 7228 7168
f 7266 7169 7278
f 7267 7151 7130
f 7194 7171 7411
f 7171 7269 7411
f 7188 7062 7413
f 7174 7113 7270
f 7356 7212 7133
f 7287 7286 7189
f 7287 7177 7235
f 7236 7235 7177
f 7274 7236 7160
f 7306 7199 7305
f 9602 7137 7322
f 7345 7245 7164
f 7206 7345 7164
f 7263 7183 7348
f 7276 7146 7185
f 7277 7166 7186
f 7150 7228 7227
f 7266 7228 7169
f 7388 7231 7188
f 7250 7354 7063
f 7371 7250 7195
f 7283 7328 7156
f 7156 7233 7283
f 7198 7272 7197
f 7197 7135 7198
f 7135 7251 7198
f 7214 7273 7251
f 7252 7285 7303
f 7335 7285 7119
f 7335 7189 7286
f 7218 7239 7219
f 7008 7258 7240
f 7490 7220 7049
f 7242 7261 7051
f 9959 7224 7125
f 7204 7182 7310
f 7243 7109 7366
f 7109 7244 7366
f 7185 7166 7277
f 7208 7056 7147
f 7149 7209 7333
f 7130 7152 7268
f 7387 7132 7172
f 7352 7387 7172
f 7133 7175 7280
f 7196 7300 7233
f 7302 7273 7214
f 7214 7105 7302
f 7237 7288 7215
f 7378 7237 7199
f 7199 7306 7378
f 7253 7322 7137
f 7137 7191 7253
f 7254 7253 7191
f 7362 7323 7092
f 7255 7216 7256
f 7308 7290 7217
f 7238 7308 7217
f 7364 7238 7380
f 7239 7071 7474
f 7138 7474 7071
f 7337 7476 7221
f 7221 7241 7337
f 7291 7241 7052
f 7140 7365 7180
f 7223 9722 7341
f 7182 7205 7395
f 7243 7262 7205
f 7311 7244 7143
f 7344 7311 7163
f 7246 7165 7368
f 7145 7264 7331
f 7192 7208 7385
f 7315 7247 7229
f 7229 7170 7315
f 7267 7187 7151
f 7268 7267 7130
f 7463 7085 7194
f 7355 7279 7232
f 7280 7356 7133
f 7281 7280 7175
f 7400 7317 7213
f 9744 7400 7213
f 7067 7328 7416
f 7300 7484 7233
f 7196 7272 7320
f 7198 7251 7301
f 7252 7329 7234
f 7274 7235 7236
f 6988 7190 7360
f 7253 7254 7336
f 7307 7472 7094
f 7308 7238 7435
f 7364 7435 7238
f 7219 7239 7474
f 7477 7222 7422
f 7341 7365 7140
f 7395 7310 7182
f 7395 7205 7262
f 7293 7344 7163
f 7163 7245 7293
f 7206 7207 7424
f 7276 7264 7225
f 7277 7276 7185
f 7186 7265 7332
f 7208 7147 7313
f 7333 7294 7149
f 7278 7247 7314
f 7396 7314 7247
f 7396 7247 7315
f 7170 7316 7315
f 7268 7193 7462
f 7386 7269 6982
f 6982 7210 7386
f 7334 7386 7210
f 7210 7211 7334
f 7353 7413 7062
f 7270 7113 7483
f 7299 7176 7317
f 7176 7213 7317
f 7282 7318 9747
f 9747 7067 7282
f 7416 7282 7067
f 7272 7198 7357
f 7251 7273 7301
f 7284 7329 7252
f 7303 7284 7252
f 7287 7235 7376
f 7274 7160 7321
f 7304 7321 7215
f 7487 7305 6988
f 7289 7336 7254
f 7256 7362 7255
f 7472 7256 7216
f 7453 7200 7420
f 7324 7420 7200
f 7324 7218 7330
f 7260 7275 7074
f 7424 7345 7206
f 7346 7424 7207
f 7207 7347 7346
f 7348 7347 7263
f 7349 7368 7165
f 7165 7145 7349
f 7331 7349 7145
f 7265 7226 7332
f 7385 7312 7226
f 7226 7192 7385
f 7227 7460 7295
f 7428 7187 7267
f 7462 7410 7268
f 7411 7463 7194
f 7211 7230 7334
f 7298 7397 6910
f 7132 7298 6910
f 7532 7387 7352
f 7062 7249 7353
f 7373 7153 7212
f 7212 7356 7373
f 7224 9959 7342
f 7283 7233 7484
f 7320 7300 7196
f 7302 7301 7273
f 7329 7302 7105
f 7288 7304 7215
f 7237 7378 7377
f 7487 7306 7305
f 7360 7487 6988
f 7380 7200 7453
f 7219 7330 7218
f 7474 7138 7525
f 7257 7525 7138
f 7475 7201 7179
f 7179 7240 7475
f 7476 7490 7049
f 7622 7139 7202
f 7202 7503 7622
f 7366 7262 7243
f 7383 7293 7245
f 7345 7383 7245
f 7384 7348 7246
f 7368 7384 7246
f 7542 7333 7209
f 7227 7228 7296
f 7228 7266 7296
f 7314 7266 7278
f 7398 7248 7231
f 7388 7398 7231
f 7465 7353 7249
f 7113 7153 7414
f 7373 7446 7153
f 7317 7399 7299
f 7320 7272 7468
f 7303 7285 7335
f 7286 7287 7376
f 7235 7274 7359
f 7304 7288 7402
f 7190 9603 7360
f 7289 7323 7336
f 7290 7308 7363
f 7257 7178 7551
f 7394 7551 7178
f 7240 7258 7501
f 7220 7501 7258
f 7635 7621 7161
f 7161 7139 7635
f 7327 7224 7342
f 7310 7395 7440
f 7366 7244 7367
f 7369 7331 7264
f 7264 7276 7369
f 7332 7277 7186
f 7208 7313 7385
f 7313 7147 7426
f 7294 7333 9609
f 7460 7209 7295
f 7444 7296 7266
f 7266 7314 7444
f 7481 7316 7170
f 7187 7481 7170
f 7267 7268 7410
f 7370 7085 7482
f 6910 7495 7297
f 7328 7283 7319
f 7301 7302 7392
f 7237 7377 7288
f 7336 7323 7379
f 7434 7472 7307
f 7338 7337 7241
f 7241 7291 7338
f 7552 7309 7261
f 7242 7552 7261
f 7203 7292 7608
f 7343 9951 7204
f 7204 7310 7343
f 7382 7343 7310
f 7311 7367 7244
f 7460 7227 7351
f 7412 7352 7248
f 7413 7388 7188
f 7413 7353 7496
f 7249 7354 7465
f 7371 7279 7389
f 7355 7389 7279
f 7483 7372 7270
f 7153 7446 7414
f 7429 7356 7280
f 7282 7431 7318
f 7416 7328 7515
f 7357 7468 7272
f 7393 7392 7302
f 7376 7335 7286
f 7362 7379 7323
f 7472 7407 7256
f 7363 7307 7290
f 7330 7420 7324
f 7475 7394 7201
f 7325 7203 7437
f 7439 7438 7365
f 7365 7341 7439
f 7478 7326 7271
f 7271 7327 7409
f 7327 7342 7409
f 7328 7319 7515
f 7302 7329 7393
f 7329 7284 7375
f 7376 7432 7335
f 7359 7376 7235
f 7377 7402 7288
f 7404 9603 7322
f 7322 7253 7404
f 7253 7336 7361
f 7407 7362 7256
f 7307 7363 7434
f 7476 7337 7454
f 7291 7408 7421
f 7552 7260 7309
f 7478 9728 7326
f 7409 7478 7271
f 9951 7343 7381
f 7311 7344 7455
f 7350 7369 7276
f 7276 7277 7350
f 7277 7332 7350
f 7332 7226 7312
f 7147 7294 7426
f 7542 9609 7333
f 7398 7412 7248
f 7250 7535 7354
f 7399 7430 7281
f 7431 7282 9748
f 7320 7468 7374
f 7468 7357 7390
f 7357 7198 7391
f 7301 7391 7198
f 7301 7392 7358
f 7375 7393 7329
f 7284 7303 7449
f 7303 7335 7401
f 7335 7432 7401
f 7274 7321 7486
f 7419 7486 7321
f 7321 7304 7419
f 7402 7377 7606
f 7361 7404 7253
f 7361 7336 7379
f 7525 7257 7500
f 7551 7500 7257
f 7526 7475 7240
f 7608 7437 7203
f 7455 7367 7311
f 7425 7346 7347
f 7347 7348 7425
f 7384 7479 7348
f 7458 7350 7332
f 7209 7460 7459
f 7427 7444 7314
f 7314 7396 7427
f 7428 7481 7187
f 7577 7462 7193
f 7193 7370 7577
f 7352 7412 7532
f 7414 7483 7113
f 7430 7467 7281
f 7484 7319 7283
f 7300 7320 7374
f 7391 7390 7357
f 7449 7375 7284
f 7401 7449 7303
f 7274 7486 7359
f 7487 7360 7433
f 7360 9603 7433
f 7379 7406 7361
f 7362 7406 7379
f 7491 7552 7242
f 7538 7242 7325
f 7438 7292 7365
f 7409 7342 7554
f 7395 7262 7440
f 7262 7366 7440
f 7293 7571 7344
f 7441 7571 7293
f 7293 7383 7441
f 7479 7425 7348
f 7349 7331 7457
f 7331 7369 7457
f 7542 7209 7459
f 7315 7316 7494
f 7410 7461 7267
f 7482 7577 7370
f 7463 7482 7085
f 7495 6910 7397
f 7467 7429 7280
f 7280 7281 7467
f 9748 7282 7447
f 7416 7447 7282
f 7391 7301 7358
f 7448 7393 7375
f 9603 7404 7403
f 7551 7394 7436
f 7421 7338 7291
f 7341 9726 7439
f 9725 7439 9726
f 7381 7343 9570
f 7343 7382 9570
f 7440 7382 7310
f 7383 7345 7456
f 7424 7456 7345
f 7368 7349 7493
f 7350 7457 7369
f 7413 7398 7388
f 7465 7496 7353
f 7250 7371 7535
f 7372 7466 7355
f 7429 7373 7356
f 7417 7515 7319
f 7319 7484 7417
f 7468 7390 7485
f 7393 7358 7392
f 7450 7432 7376
f 7376 7359 7450
f 7359 7418 7546
f 7359 7486 7418
f 7402 7419 7304
f 7565 7378 7306
f 9603 7403 7433
f 7406 7405 7361
f 7406 7362 7452
f 7407 7452 7362
f 7435 7364 7550
f 7330 7219 7489
f 7474 7489 7219
f 7342 7492 7554
f 7455 7440 7366
f 7367 7455 7366
f 7571 7423 7344
f 7456 7424 7541
f 7457 7493 7349
f 7385 7313 7442
f 7427 7396 7445
f 7396 7315 7445
f 7386 7334 7464
f 7230 7543 7334
f 7132 7387 7531
f 7535 7465 7354
f 7355 7579 7389
f 7497 7414 7446
f 7467 7430 7537
f 7430 7399 7563
f 7317 7400 7415
f 7400 9752 7415
f 7515 7545 7416
f 7516 7484 7300
f 7300 7374 7516
f 7469 7485 7390
f 7390 7391 7469
f 7449 7448 7375
f 7432 7450 7471
f 7377 7378 7498
f 7565 7498 7378
f 7405 7404 7361
f 7405 7406 7451
f 7473 7363 7308
f 7435 7473 7308
f 7502 7421 7408
f 7408 7339 7502
f 7339 7477 7648
f 7538 7491 7242
f 7382 7440 7505
f 7441 7383 7456
f 7384 7368 7493
f 7507 7458 7332
f 7332 7312 7507
f 7312 7385 7480
f 7313 7426 7443
f 7509 7351 7296
f 7296 7444 7509
f 7462 7461 7410
f 7512 7411 7269
f 7269 7386 7512
f 7543 7464 7334
f 7298 7132 7641
f 7531 7641 7132
f 7532 7531 7387
f 7372 7483 7466
f 7536 7466 7483
f 7483 7414 7497
f 7317 7563 7399
f 7545 7447 7416
f 7519 7358 7393
f 7647 7306 7487
f 7433 7403 7566
f 7473 7434 7363
f 7420 7330 7489
f 7648 7502 7339
f 7259 7583 7422
f 7503 7275 7504
f 7275 7260 7567
f 7608 7292 7636
f 7346 7541 7424
f 7457 7350 7573
f 7350 7458 7558
f 7442 7480 7385
f 7443 7442 7313
f 7528 9609 7529
f 9609 7542 7529
f 7315 7494 7445
f 7316 7481 7494
f 7428 7267 7510
f 7511 7510 7267
f 7267 7461 7511
f 7495 7543 7230
f 7398 7533 7412
f 7371 7389 7514
f 7355 7466 7579
f 7563 7537 7430
f 7358 7469 7391
f 7393 7448 7519
f 7470 7449 7401
f 7547 7402 7606
f 7647 7565 7306
f 7404 7405 7488
f 7451 7488 7405
f 7451 7406 7452
f 7473 9592 7434
f 7727 7394 7475
f 7337 7338 7774
f 7597 7635 7139
f 7139 7622 7597
f 7325 7437 7538
f 7438 7439 7568
f 9728 7478 7539
f 9570 7555 7381
f 7609 9570 7382
f 7540 7440 7455
f 7455 7344 7423
f 7493 7479 7384
f 7480 7507 7312
f 7351 7508 7460
f 7444 7427 7509
f 7481 7428 7494
f 7482 7463 7613
f 7535 7371 7513
f 7514 7513 7371
f 7389 7579 7514
f 7616 7497 7446
f 7446 7373 7616
f 7415 7563 7317
f 7520 7516 7374
f 7374 7468 7520
f 7485 7469 7518
f 7448 7449 7470
f 7401 7432 7470
f 7471 7470 7432
f 7546 7450 7359
f 7486 7546 7418
f 7407 7524 7452
f 7499 7434 9592
f 7380 7453 7620
f 7501 7526 7240
f 7490 7476 7634
f 7552 7567 7260
f 7505 7609 7382
f 7541 7586 7456
f 7541 7346 7527
f 7346 7425 7527
f 7425 7479 7527
f 7507 7558 7458
f 7459 7460 7508
f 7600 7445 7494
f 7461 7462 7576
f 7462 7577 7576
f 7639 7386 7464
f 7397 7626 7495
f 7533 7532 7412
f 7534 7398 7413
f 7413 7560 7534
f 7615 7496 7465
f 7561 7579 7466
f 7536 7580 7466
f 7429 7467 7660
f 9743 7563 7415
f 7517 7520 7468
f 7485 7517 7468
f 7519 7448 7521
f 7448 7470 7521
f 7471 7593 7470
f 7471 7450 7522
f 7498 7606 7377
f 7566 7487 7433
f 7581 7403 7404
f 7488 7581 7404
f 7407 7472 7524
f 7472 7434 7524
f 7499 7524 7434
f 7620 7364 7380
f 7740 7436 7394
f 7394 7727 7740
f 7706 7501 7220
f 7490 7706 7220
f 7774 7454 7337
f 7568 7636 7292
f 7292 7438 7568
f 7570 7539 7478
f 7478 7409 7570
f 7556 7505 7440
f 7440 7540 7556
f 7423 7540 7455
f 7506 7527 7479
f 7479 7493 7506
f 7442 7443 7681
f 7589 7508 7351
f 7509 7427 7599
f 7427 7445 7638
f 7669 7600 7494
f 7510 7494 7428
f 7613 7577 7482
f 7639 7512 7386
f 7640 7639 7464
f 7495 7625 7543
f 7397 7298 7626
f 7513 7602 7535
f 7616 7373 7698
f 7373 7429 7698
f 7545 7515 7594
f 7515 7417 7591
f 7417 7484 7617
f 7484 7516 7617
f 7592 7517 7485
f 7592 7485 7518
f 7469 7358 7564
f 7546 7522 7450
f 7546 7486 7523
f 7673 7473 7435
f 7550 7673 7435
f 7453 7420 7633
f 7489 7633 7420
f 7489 7474 7819
f 7774 7687 7454
f 7477 7422 7583
f 7583 7259 7666
f 7259 7340 7666
f 7568 7439 7569
f 7555 9570 7585
f 7441 7456 7586
f 7598 7506 7493
f 7572 7598 7493
f 7493 7457 7572
f 7573 7572 7457
f 7759 7480 7442
f 7530 7542 7459
f 7509 7589 7351
f 7599 7624 7509
f 7638 7599 7427
f 7511 7461 7576
f 7626 7625 7495
f 7580 7561 7466
f 7497 7536 7483
f 7522 7618 7471
f 7566 7403 7549
f 7403 7581 7549
f 7550 7364 7632
f 7525 7819 7474
f 7475 7526 7727
f 7741 7634 7476
f 7476 7454 7741
f 7338 7421 7607
f 7340 7621 7666
f 9725 7569 7439
f 7539 7553 9728
f 7554 7584 7409
f 7652 7540 7423
f 7557 7573 7350
f 7350 7558 7557
f 7528 7681 7443
f 7508 7530 7459
f 7624 7589 7509
f 7613 7463 7614
f 7559 7614 7463
f 7463 7411 7559
f 7411 7512 7559
f 7641 7531 7578
f 7534 7533 7398
f 7537 7660 7467
f 7604 7537 7563
f 9748 7447 7735
f 7515 7591 7594
f 7358 7519 7564
f 7735 7447 7544
f 7545 7544 7447
f 7595 7564 7519
f 7519 7521 7595
f 7546 7523 7646
f 7486 7419 7703
f 7547 7419 7402
f 7547 7606 7671
f 7452 7524 7631
f 7473 7673 7619
f 7454 7687 7741
f 7583 7648 7477
f 7504 7275 7567
f 7552 7491 7675
f 7528 7529 7575
f 7542 7575 7529
f 7532 7578 7531
f 7413 7496 7560
f 7536 7497 7603
f 7617 7591 7417
f 7564 7518 7469
f 7593 7702 7521
f 7593 7471 7618
f 7487 7566 7548
f 7620 7664 7364
f 7633 7620 7453
f 7665 7727 7526
f 7706 7526 7501
f 7421 7502 7607
f 7491 7538 7709
f 7691 7538 7437
f 7437 7608 7691
f 7650 7555 7585
f 7651 7585 9570
f 7441 7586 7653
f 7654 7586 7541
f 7541 7527 7654
f 7587 7612 7527
f 7527 7506 7587
f 7574 7558 7507
f 7507 7480 7574
f 7480 7759 7680
f 7530 7575 7542
f 7638 7445 7600
f 7576 7577 7590
f 7464 7543 7640
f 7626 7298 7753
f 7641 7753 7298
f 7615 7560 7496
f 7603 7580 7536
f 7702 7595 7521
f 7522 7546 7646
f 7486 7703 7523
f 7628 7703 7419
f 7419 7547 7628
f 7548 7647 7487
f 7499 7631 7524
f 7632 7364 7664
f 7633 7489 7818
f 7489 7819 7818
f 7500 7551 7674
f 7436 7674 7551
f 7538 7691 7676
f 7649 7569 9725
f 7554 7677 7584
f 7650 7677 7555
f 7556 7540 7610
f 7571 7611 7423
f 7441 7678 7571
f 7527 7612 7654
f 7598 7587 7506
f 7530 7508 7731
f 7508 7589 7658
f 7600 7669 7761
f 7715 7578 7532
f 7465 7535 7601
f 7602 7601 7535
f 7660 7537 7562
f 7544 7545 7627
f 7594 7627 7545
f 7564 7595 7644
f 7723 7498 7565
f 7566 7549 7548
f 7663 7488 7451
f 7451 7452 7663
f 7631 7663 7452
f 7704 7819 7525
f 7525 7500 7704
f 7674 7704 7500
f 7490 7582 7706
f 7338 7793 7774
f 7338 7607 7793
f 7688 7502 7648
f 7504 7622 7503
f 7552 7675 7567
f 7609 7651 9570
f 7540 7652 7610
f 7572 7573 7679
f 7573 7557 7679
f 7695 7557 7558
f 7748 7558 7574
f 7680 7574 7480
f 7759 7442 7656
f 7696 7658 7589
f 7494 7510 7750
f 7577 7613 7733
f 7465 7601 7615
f 7579 7561 7717
f 7547 7671 7628
f 7671 7606 7763
f 7606 7498 7763
f 7549 7581 7629
f 7666 7689 7583
f 7743 7691 7608
f 7569 7649 7710
f 7623 7553 7539
f 7539 7570 7623
f 7678 7611 7571
f 7678 7441 7653
f 7587 7598 7612
f 7748 7695 7558
f 7637 7588 7575
f 7575 7530 7637
f 7799 7511 7576
f 7590 7577 7733
f 7514 7579 7814
f 7579 7717 7845
f 7580 7717 7561
f 7683 7594 7591
f 7592 7518 7643
f 7596 7702 7593
f 7683 7627 7594
f 7516 7520 7701
f 7564 7644 7643
f 7702 7644 7595
f 7548 7549 7629
f 7581 7488 7630
f 7663 7630 7488
f 7582 7490 7707
f 7634 7707 7490
f 7607 7502 7688
f 7767 7570 7409
f 7584 7767 7409
f 7505 7556 7758
f 7610 7758 7556
f 7744 7610 7652
f 7611 7652 7423
f 7746 7612 7598
f 7598 7572 7746
f 7624 7599 7697
f 7750 7669 7494
f 7590 7799 7576
f 7640 7543 7682
f 7785 7682 7543
f 7532 7533 7715
f 7659 7560 7615
f 7845 7814 7579
f 7698 7718 7616
f 7618 7522 7645
f 7646 7645 7522
f 7763 7498 7723
f 7565 7647 7723
f 7647 7548 7755
f 7739 7499 9592
f 9592 7619 7739
f 7636 7743 7608
f 7668 7636 7568
f 9569 7651 7609
f 7609 7505 9569
f 7586 7654 7653
f 7442 7681 7656
f 7624 7696 7589
f 7559 7512 7857
f 7625 7785 7543
f 7578 7715 7822
f 7560 7659 7716
f 7513 7514 7814
f 7717 7580 7786
f 7603 7786 7580
f 7762 7698 7429
f 7591 7617 7683
f 7661 7701 7520
f 7662 7661 7520
f 7520 7517 7662
f 7517 7592 7662
f 7643 7662 7592
f 7518 7564 7643
f 7605 7618 7645
f 7581 7630 9618
f 7673 7550 7726
f 7632 7726 7550
f 7688 7648 7742
f 7709 7675 7491
f 7709 7538 7676
f 9606 7649 9725
f 7767 7623 7570
f 7692 7650 7585
f 7585 7651 7692
f 7655 7746 7572
f 7679 7655 7572
f 7681 7588 7657
f 7530 7731 7713
f 7731 7508 7784
f 7658 7784 7508
f 7697 7696 7624
f 7761 7638 7600
f 7714 7510 7511
f 7642 7602 7513
f 7660 7762 7429
f 7537 7604 7562
f 7699 7562 7604
f 7604 9750 7699
f 7702 7596 7605
f 7646 7523 7738
f 7703 7738 7523
f 7724 7755 7548
f 7548 7629 7724
f 7705 7665 7526
f 7526 7706 7705
f 7634 7741 7792
f 7689 7648 7583
f 7667 7621 7635
f 7635 7597 7667
f 7569 7668 7568
f 7553 7623 7711
f 7612 7746 7693
f 7679 7557 7694
f 7588 7637 7730
f 7713 7730 7637
f 7637 7530 7713
f 7714 7511 7799
f 7752 7639 7640
f 7682 7752 7640
f 7682 7785 7871
f 7626 7913 7625
f 7641 7578 7753
f 7534 7560 7716
f 7615 7601 7659
f 7642 7513 7814
f 7720 7735 7544
f 7544 7627 7720
f 7837 7684 7617
f 7617 7516 7837
f 7701 7837 7516
f 7645 7646 7827
f 7738 7827 7646
f 7670 7738 7703
f 7628 7671 7722
f 7755 7723 7647
f 7663 7631 7672
f 7725 7739 7619
f 7619 7673 7725
f 7620 7633 7904
f 7792 7707 7634
f 7906 7622 7504
f 7649 9606 7778
f 7830 7711 7623
f 7767 7830 7623
f 7745 7653 7654
f 7654 7612 7745
f 7693 7745 7612
f 7557 7695 7694
f 7574 7680 7749
f 7730 7657 7588
f 7658 7696 7844
f 7761 7760 7638
f 7714 7750 7510
f 7733 7613 7614
f 7559 7857 7614
f 7533 7534 7715
f 7601 7602 7659
f 7627 7683 7700
f 7721 7661 7662
f 7643 7644 7736
f 7644 7702 7737
f 7722 7703 7628
f 7685 9618 7630
f 7663 7686 7630
f 7818 7904 7633
f 7741 7687 7708
f 7766 7504 7567
f 7690 7766 7567
f 7776 7743 7636
f 7636 7668 7776
f 7584 7728 7767
f 7779 7712 7650
f 7759 7656 7821
f 7760 7697 7599
f 7599 7638 7760
f 7822 7753 7578
f 7642 7659 7602
f 7786 7603 7787
f 7603 7497 7754
f 7718 7754 7497
f 7497 7616 7718
f 7660 7562 7834
f 7562 7699 7719
f 9745 7699 9750
f 7684 7700 7683
f 7643 7721 7662
f 7671 7763 7862
f 9618 7685 7764
f 7686 7685 7630
f 7672 7686 7663
f 7739 7672 7631
f 7631 7499 7739
f 7688 7742 7943
f 7765 7666 7621
f 7621 7667 7765
f 7675 7690 7567
f 7584 7677 7728
f 7712 7728 7677
f 7779 7650 7692
f 7692 7651 9569
f 7678 7820 7611
f 7678 7653 7768
f 7655 7679 7747
f 7679 7694 7747
f 7574 7749 7748
f 7783 7656 7681
f 7657 7783 7681
f 7752 7857 7512
f 7512 7639 7752
f 7626 7753 7913
f 7858 7913 7753
f 7716 7813 7534
f 7700 7720 7627
f 7683 7617 7684
f 7788 7701 7661
f 7605 7645 7790
f 7771 7670 7703
f 7671 7862 7722
f 7708 7687 7829
f 7689 7742 7648
f 7757 7676 7691
f 7691 7743 7757
f 7710 7668 7569
f 7778 7710 7649
f 7711 7778 9606
f 7744 7797 7610
f 7611 7744 7652
f 7820 7678 7768
f 7866 7809 7653
f 7745 7866 7653
f 7769 7746 7655
f 7781 7747 7694
f 7729 7781 7694
f 7694 7695 7729
f 7695 7748 7729
f 7732 7761 7669
f 7736 7721 7643
f 7737 7736 7644
f 7702 7605 7737
f 7827 7790 7645
f 7703 7722 7771
f 7801 7722 7862
f 7763 7723 7918
f 7793 7607 7756
f 7607 7688 7756
f 7689 7666 7765
f 7794 7675 7709
f 7832 7748 7749
f 7782 7749 7680
f 7680 7759 7782
f 7844 7784 7658
f 7669 7750 7732
f 7751 7750 7714
f 7799 7751 7714
f 7799 7590 7812
f 7857 7733 7614
f 7682 7871 7752
f 7625 7913 7928
f 7800 7915 7715
f 7715 7534 7800
f 7734 7813 7716
f 7716 7659 7734
f 7754 7787 7603
f 7872 7719 7699
f 7699 9745 7872
f 7825 7735 7720
f 7700 7684 7770
f 7661 7721 7898
f 7905 7740 7727
f 7774 7829 7687
f 7906 7597 7622
f 7766 7906 7504
f 7775 7794 7709
f 7709 7676 7775
f 7797 7796 7610
f 7809 7768 7653
f 7693 7746 7769
f 7747 7769 7655
f 7735 7825 7816
f 7720 7700 7825
f 7898 7789 7661
f 7790 7737 7605
f 7790 7827 7817
f 7738 7670 7828
f 7723 7802 7918
f 7723 7755 7802
f 7839 7802 7755
f 7674 7436 7942
f 7436 7740 7942
f 7792 7741 7708
f 7676 7757 7795
f 7711 7830 7842
f 7729 7748 7832
f 7749 7782 7832
f 7730 7783 7657
f 7811 7844 7696
f 7590 7733 7812
f 7823 7734 7659
f 7659 7642 7823
f 7786 7787 7988
f 7736 7898 7721
f 7883 7764 7685
f 7726 7632 7873
f 7664 7873 7632
f 7664 7620 7805
f 7904 7805 7620
f 7665 7905 7727
f 7705 7706 7791
f 7806 7791 7706
f 7706 7582 7806
f 7707 7806 7582
f 7766 7690 7969
f 7795 7775 7676
f 7777 7668 7710
f 7710 7778 7777
f 7728 7712 7808
f 7779 7808 7712
f 7745 7693 7850
f 7769 7780 7693
f 7869 7782 7759
f 7821 7869 7759
f 7783 7730 7810
f 7730 7713 7810
f 7876 7713 7731
f 7784 7876 7731
f 7856 7761 7732
f 7733 7857 7926
f 7915 7822 7715
f 7813 7800 7534
f 7845 7717 7824
f 7834 7762 7660
f 7834 7562 7719
f 7825 7700 7916
f 7700 7770 7916
f 7789 7788 7661
f 7738 7828 7827
f 7900 7862 7763
f 7918 7900 7763
f 7685 7686 9585
f 7772 9585 7686
f 7804 7772 7672
f 7672 7739 7804
f 7739 7725 7804
f 7704 7674 7848
f 7942 7848 7674
f 7665 7705 7773
f 7791 7773 7705
f 7943 7968 7688
f 7690 7675 7969
f 7864 7830 7767
f 7956 7779 7692
f 7831 7956 7692
f 7692 9569 7831
f 7758 7610 7874
f 7798 7797 7744
f 7744 7611 7798
f 7611 7820 7798
f 7780 7850 7693
f 7888 7769 7747
f 7832 7781 7729
f 7876 7810 7713
f 7760 7854 7697
f 7878 7812 7733
f 7733 7926 7878
f 7785 7625 7928
f 7786 7824 7717
f 7787 7754 7815
f 7754 7718 7815
f 7718 7698 7815
f 7837 7846 7684
f 7839 7755 7724
f 7903 7725 7673
f 7726 7903 7673
f 7840 7819 7704
f 7793 7829 7774
f 7793 7756 7884
f 7841 7743 7776
f 7711 7842 7863
f 7767 7728 7808
f 7874 9569 7758
f 7850 7866 7745
f 7843 7780 7769
f 7891 7821 7656
f 7656 7783 7851
f 7854 7811 7696
f 7696 7697 7854
f 7854 7760 7855
f 7760 7761 7856
f 7642 7814 7823
f 7824 7786 7988
f 7815 7833 7787
f 7846 7770 7684
f 7898 7736 7826
f 7736 7737 7826
f 7801 7771 7722
f 7804 7803 7772
f 7829 7793 7807
f 7884 7807 7793
f 7756 7688 7968
f 7969 7906 7766
f 7775 7795 7954
f 7795 7757 7954
f 7743 7841 7757
f 7874 7831 9569
f 7796 7874 7610
f 7798 7820 7887
f 7889 7888 7747
f 7889 7747 7781
f 7750 7751 7732
f 7734 7879 7813
f 7988 7787 7833
f 7815 7698 7979
f 7698 7762 7979
f 7762 7834 7979
f 7898 7880 7789
f 7817 7838 7737
f 7724 7764 7963
f 7883 7963 7764
f 7903 7726 7873
f 7689 7991 7742
f 7797 7798 7965
f 7888 7843 7769
f 7891 7656 7851
f 7876 7784 7853
f 7760 7856 7855
f 7799 7893 7751
f 7799 7812 7893
f 7857 7752 7927
f 7871 7894 7752
f 7753 7822 7858
f 7996 7800 7813
f 7734 7823 7859
f 7929 7835 7834
f 7834 7719 7929
f 7933 7788 7789
f 7827 7939 7817
f 7847 7939 7827
f 7827 7828 7847
f 7801 7862 7899
f 7935 7904 7818
f 7818 7819 7935
f 7819 7840 7935
f 7848 7840 7704
f 7708 7921 7792
f 7991 7943 7742
f 7922 7906 7969
f 7675 7794 7969
f 7907 7777 7778
f 7863 7907 7778
f 7863 7842 7886
f 7808 7864 7767
f 7796 7797 7924
f 7965 7798 7887
f 7843 7867 7780
f 7781 7832 7868
f 7875 7890 7821
f 7821 7891 7875
f 7876 7870 7810
f 7928 7871 7785
f 7996 7915 7800
f 7813 7879 7996
f 7896 7895 7823
f 7814 7896 7823
f 7701 7788 7897
f 7789 7880 7933
f 7737 7838 7881
f 7940 7771 7801
f 7803 9585 7772
f 7805 7904 7985
f 7936 7942 7740
f 7740 7905 7936
f 7707 7792 7921
f 7849 7841 7776
f 7776 7668 7849
f 7668 7777 7849
f 7908 7830 7864
f 7971 7956 7831
f 7820 7768 7947
f 7809 7866 7865
f 7867 7850 7780
f 7832 7782 7925
f 7783 7810 7852
f 7870 7852 7810
f 7853 7784 7877
f 7784 7844 7877
f 7859 7879 7734
f 7845 7896 7814
f 7988 7860 7824
f 7835 7979 7834
f 7719 7872 7929
f 7836 7816 7861
f 7816 7825 7930
f 7770 7931 7916
f 7837 7701 8015
f 7897 8015 7701
f 7881 7826 7737
f 7838 7817 7939
f 7801 7899 7940
f 7963 7839 7724
f 7803 7804 7902
f 7804 7725 7902
f 7903 7902 7725
f 7873 7664 7920
f 7805 7920 7664
f 7791 7806 8043
f 7806 7707 7921
f 7765 7991 7689
f 7965 7924 7797
f 7768 7809 7947
f 7972 7865 7866
f 7869 7821 7890
f 7877 7844 7912
f 7844 7811 7912
f 7894 7927 7752
f 7915 7858 7822
f 7895 7859 7823
f 7846 7931 7770
f 7847 7828 7934
f 7828 7670 7917
f 9585 7901 7685
f 7849 7777 7993
f 7907 7993 7777
f 7874 7971 7831
f 7865 7947 7809
f 7925 7868 7832
f 7869 7925 7782
f 7851 7783 7949
f 7870 7876 7975
f 7877 7911 7853
f 7912 7811 7959
f 7854 7959 7811
f 7960 7855 7856
f 7892 7856 7732
f 7732 7751 7892
f 7927 7926 7857
f 7928 8013 7871
f 7913 7858 7978
f 7914 7978 7858
f 7915 7914 7858
f 7845 7824 7896
f 7966 7930 7825
f 7825 7916 7966
f 7846 7837 8015
f 7933 7897 7788
f 7917 7934 7828
f 7917 7670 7999
f 7670 7771 7999
f 7901 9585 8042
f 7902 8019 7803
f 7773 7905 7665
f 7921 8043 7806
f 7885 7969 7794
f 7794 7775 7885
f 7886 7907 7863
f 7908 7842 7830
f 7946 7808 7779
f 7867 7843 7948
f 7889 7781 7958
f 7781 7868 7958
f 7852 7949 7783
f 7824 7860 7896
f 7979 7835 7952
f 7989 7929 7872
f 7872 7836 7989
f 7836 7861 7989
f 7932 7931 7846
f 7881 7982 7826
f 7862 7900 7899
f 7882 7918 7802
f 7802 7839 7882
f 7963 7882 7839
f 7685 7901 7883
f 7923 7954 7757
f 7757 7841 7923
f 7907 7886 7945
f 7864 7808 7909
f 7947 7887 7820
f 7910 7925 7869
f 7890 7875 8011
f 8083 7891 7851
f 7949 8083 7851
f 7975 7876 7950
f 7853 7950 7876
f 7912 7911 7877
f 7959 7854 7951
f 7854 7855 7951
f 7833 7815 7937
f 7982 7898 7826
f 7939 7881 7838
f 7985 8061 7805
f 7991 8003 7943
f 7796 7964 7874
f 7866 7850 7972
f 7867 7948 7957
f 7843 7888 7948
f 7888 7889 7958
f 7869 7890 7910
f 7893 7812 8023
f 7878 8006 7812
f 7894 7871 8051
f 7961 7937 7815
f 7815 7979 7961
f 7835 7929 7938
f 7816 7930 7990
f 7982 7880 7898
f 7934 7939 7847
f 7934 7917 7983
f 7771 7940 7999
f 7899 7900 8008
f 7901 7963 7883
f 8019 7919 7803
f 7920 7805 8061
f 7985 7904 8091
f 7935 8091 7904
f 7773 7791 8078
f 8043 8078 7791
f 8045 7667 7597
f 7597 7906 8045
f 7944 8045 7906
f 7906 7922 7944
f 7841 7849 7923
f 7993 7907 7945
f 7886 7842 7955
f 7842 7908 7955
f 7909 7908 7864
f 7956 7946 7779
f 7867 7972 7850
f 7949 7852 8049
f 7870 8049 7852
f 7911 7950 7853
f 7960 7951 7855
f 7892 7960 7856
f 7893 7892 7751
f 8006 8023 7812
f 7977 7927 7894
f 8051 7977 7894
f 7978 7928 7913
f 7861 7816 7990
f 7953 7933 7880
f 7941 7900 7918
f 7903 7873 7984
f 8046 7944 7922
f 7885 7775 7992
f 8033 7923 7849
f 7946 7909 7808
f 7964 7971 7874
f 7965 8005 7924
f 8048 7958 7868
f 7910 7890 8082
f 7959 7951 7995
f 8013 8051 7871
f 8007 7914 7915
f 7896 7860 8056
f 7938 7952 7835
f 7929 7989 7938
f 7980 7989 7861
f 7990 7980 7861
f 7880 7982 7953
f 7934 7998 7939
f 7882 7941 7918
f 8019 7902 7967
f 7967 7902 7903
f 7903 7984 7967
f 7807 8059 7829
f 7807 7884 8030
f 7756 8030 7884
f 8003 8031 7943
f 7922 7969 8046
f 7993 8033 7849
f 7971 8010 7956
f 7796 7924 8004
f 8005 8004 7924
f 7958 7948 7888
f 8048 7868 7925
f 7925 7910 8048
f 7891 8083 7875
f 7911 7912 8084
f 7959 8012 7912
f 7995 7951 7960
f 7892 7893 8036
f 7977 7926 7927
f 8071 8007 7915
f 7915 7996 8071
f 7996 7879 7987
f 7879 7859 8052
f 8027 7988 7833
f 7916 7931 8028
f 7932 7846 7997
f 8015 7997 7846
f 8015 7897 8016
f 7998 7934 7962
f 7899 8008 7940
f 8044 7921 7708
f 7954 7992 7775
f 7954 7923 7986
f 8033 7986 7923
f 7955 7970 7886
f 7909 7946 8065
f 7957 7948 7973
f 7974 7973 7948
f 7948 7958 7974
f 8036 7960 7892
f 8036 7893 8023
f 8013 7928 8024
f 7859 7895 8052
f 7966 7916 8028
f 7932 8028 7931
f 7881 7939 7998
f 7934 8018 7962
f 7983 7917 7999
f 8000 7963 7901
f 8041 8000 7901
f 7935 7840 7848
f 8104 7765 7667
f 7667 8045 8104
f 7986 7992 7954
f 7945 7886 7970
f 7957 7972 7867
f 7994 7974 7958
f 7994 7958 8048
f 8012 8084 7912
f 7995 8012 7959
f 7878 7926 7976
f 7926 7977 7976
f 7914 8007 7978
f 7987 7879 8129
f 7895 7896 8026
f 8056 8026 7896
f 7937 8027 7833
f 8115 7990 7930
f 7966 8115 7930
f 7933 7953 7981
f 7998 7982 7881
f 8018 7934 7983
f 7941 8008 7900
f 7920 7984 7873
f 7848 7942 8058
f 7942 7936 8058
f 8059 8002 7829
f 7968 7943 8155
f 7909 8064 7908
f 8122 7946 7956
f 7956 8010 8122
f 8035 8005 7965
f 7887 8035 7965
f 7950 7911 8096
f 8084 8096 7911
f 7978 8024 7928
f 8052 8129 7879
f 7860 7988 8056
f 7961 7979 8110
f 7901 8042 8118
f 8063 8058 7936
f 7936 7905 8063
f 7905 7773 8063
f 7756 7968 8155
f 8155 7943 8031
f 8079 7991 7765
f 7765 8104 8079
f 8064 7955 7908
f 7964 8010 7971
f 7964 7796 8004
f 7947 8035 7887
f 8047 7947 7865
f 8111 7875 8083
f 8021 7995 7960
f 7960 8036 8021
f 7979 7952 8110
f 8073 7952 7938
f 7938 7989 8073
f 8017 8016 7897
f 7897 7933 8017
f 7933 7981 8017
f 7940 8008 7999
f 8000 7882 7963
f 7984 7920 8061
f 8001 8061 7985
f 8043 7921 8120
f 8030 8059 7807
f 7992 7986 8060
f 7986 8033 8060
f 7993 7945 8034
f 8093 7972 7957
f 7973 8093 7957
f 8111 8011 7875
f 8049 7870 8095
f 7975 8095 7870
f 8138 8006 7878
f 7878 7976 8138
f 8053 8056 7988
f 8027 8053 7988
f 8088 8073 7989
f 7989 7980 8088
f 8115 7966 8014
f 8028 8014 7966
f 7997 8089 7932
f 7998 7953 7982
f 8008 7941 8075
f 7935 7848 8101
f 8044 7708 8002
f 7708 7829 8002
f 8080 8033 7993
f 8034 8080 7993
f 8068 7865 7972
f 8095 7975 8107
f 8055 7975 7950
f 8096 8055 7950
f 8021 8036 8022
f 8013 8024 8108
f 8024 7978 8086
f 7996 7987 8114
f 8129 8165 7987
f 7990 8037 7980
f 7953 7998 8038
f 7999 8040 7983
f 8009 7941 7882
f 7882 8000 8009
f 8057 8009 8000
f 7967 7984 8029
f 8061 8077 7984
f 8091 7935 8062
f 8101 8062 7935
f 8058 8101 7848
f 8168 8063 7773
f 7773 8078 8168
f 8030 7756 8155
f 7991 8031 8003
f 8233 8045 7944
f 8060 8033 8032
f 8004 8020 7964
f 8035 8067 8005
f 7865 8068 8047
f 7910 8082 8048
f 8049 8083 7949
f 8138 8023 8006
f 7978 8007 8071
f 8071 7996 8114
f 8165 8114 7987
f 8052 7895 8025
f 8027 7937 8140
f 7961 8140 7937
f 8115 8037 7990
f 7953 8038 8098
f 8057 8000 8041
f 8019 7967 8029
f 8077 8029 7984
f 8120 7921 8044
f 8059 8030 8143
f 8103 8031 7991
f 8079 8103 7991
f 7969 7885 8046
f 7945 7970 8034
f 7909 8065 8092
f 8010 7964 8020
f 8020 8004 8145
f 8005 8067 8004
f 7974 7994 8094
f 7994 8048 8069
f 8055 8107 7975
f 8050 8084 8012
f 7995 8050 8012
f 8113 8036 8023
f 8071 8086 7978
f 8053 8027 8140
f 8072 8110 7952
f 7980 8037 8088
f 8028 8116 8014
f 8089 7997 8142
f 7981 7953 8098
f 8039 8018 7983
f 7999 8008 8186
f 8041 7901 8118
f 8118 8042 8076
f 7919 8019 8132
f 8029 8132 8019
f 8001 7985 8090
f 8091 8090 7985
f 8155 8102 8030
f 8066 8065 7946
f 8011 8111 8070
f 7995 8021 8182
f 7977 8051 8085
f 8073 8072 7952
f 7932 8116 8028
f 8054 8038 7998
f 8040 8039 7983
f 8167 7941 8009
f 8143 8030 8102
f 8080 8032 8033
f 8122 8010 8169
f 8106 8169 8010
f 8161 8047 8068
f 8093 8068 7972
f 7973 7974 8081
f 8094 8081 7974
f 8069 8094 7994
f 8082 7890 8188
f 8011 8188 7890
f 8050 7995 8182
f 8138 8113 8023
f 8138 7976 8164
f 7977 8085 8171
f 8051 8013 8108
f 8026 8025 7895
f 8026 8056 8109
f 8116 7932 8089
f 7997 8015 8142
f 8016 8142 8015
f 8040 7999 8186
f 8074 8186 8008
f 8074 8008 8075
f 8167 8075 7941
f 8009 8057 8167
f 8119 8076 8042
f 7919 8119 8042
f 8046 8133 7944
f 7970 7955 8105
f 8122 8066 7946
f 8020 8106 8010
f 8035 7947 8178
f 7947 8047 8178
f 8093 7973 8081
f 8171 7976 7977
f 8086 8108 8024
f 8056 8053 8087
f 8098 8017 7981
f 8098 8038 8148
f 8188 8011 8070
f 8184 8140 7961
f 8110 8184 7961
f 8016 8017 8142
f 8097 8142 8017
f 8017 8098 8097
f 8054 8148 8038
f 7962 8018 8099
f 8018 8131 8099
f 8039 8131 8018
f 8119 7919 8132
f 8063 8168 8268
f 8133 8233 7944
f 8046 7885 7992
f 8080 8034 8105
f 8034 7970 8105
f 8067 8145 8004
f 8118 8100 8041
f 8077 8061 8153
f 8001 8153 8061
f 8268 8058 8063
f 8120 8078 8043
f 8060 8032 8134
f 8064 8092 8121
f 8159 8135 8020
f 8020 8145 8159
f 8145 8067 8160
f 8067 8035 8205
f 8093 8161 8068
f 8069 8136 8094
f 8082 8069 8048
f 8083 8049 8126
f 8095 8126 8049
f 8022 8036 8137
f 8108 8085 8051
f 8109 8056 8087
f 8185 8110 8072
f 8073 8088 8130
f 8132 8029 8219
f 8029 8077 8174
f 8078 8124 8168
f 8002 8120 8044
f 8156 8105 7955
f 7955 8064 8157
f 8064 8121 8157
f 8093 8081 8125
f 8136 8125 8081
f 8094 8136 8081
f 8111 8083 8196
f 8083 8126 8196
f 8055 8096 8127
f 8189 8127 8096
f 8112 8096 8084
f 8050 8112 8084
f 8022 8182 8021
f 8036 8113 8137
f 8183 8129 8052
f 8052 8025 8183
f 8072 8073 8130
f 8077 8153 8174
f 8154 8090 8091
f 8062 8154 8091
f 8079 8104 8190
f 7992 8060 8176
f 8157 8156 7955
f 8135 8106 8020
f 8067 8205 8160
f 8125 8161 8093
f 8188 8070 8224
f 8249 8224 8070
f 8070 8111 8249
f 8096 8112 8189
f 8171 8164 7976
f 8128 8171 8085
f 8109 8172 8026
f 8166 8130 8088
f 8088 8037 8166
f 8089 8142 8227
f 8099 8148 8054
f 8099 8131 8117
f 8074 8075 8151
f 8075 8167 8123
f 8120 8124 8078
f 8262 8104 8045
f 8045 8233 8262
f 8134 8176 8060
f 8134 8032 8223
f 8092 8065 8248
f 8065 8066 8248
f 8146 8136 8069
f 8069 8082 8181
f 8188 8181 8082
f 8107 8055 8127
f 8108 8128 8085
f 8114 8165 8251
f 8165 8129 8192
f 8025 8026 8172
f 8184 8110 8194
f 8130 8185 8072
f 8115 8141 8037
f 8196 8249 8111
f 8137 8182 8022
f 8210 8137 8113
f 8211 8210 8113
f 8113 8138 8211
f 8183 8280 8129
f 8172 8139 8025
f 8193 8087 8053
f 8053 8140 8193
f 8194 8110 8185
f 8131 8039 8040
f 8075 8123 8151
f 8200 8100 8118
f 8076 8200 8118
f 8174 8219 8029
f 8001 8090 8153
f 8154 8062 8202
f 8120 8002 8175
f 8059 8175 8002
f 8059 8143 8187
f 8176 8144 7992
f 8223 8032 8080
f 8100 8057 8041
f 8232 8103 8079
f 8104 8262 8190
f 8159 8145 8204
f 8170 8161 8125
f 8125 8136 8170
f 8162 8196 8126
f 8095 8162 8126
f 8164 8171 8289
f 8192 8266 8165
f 8141 8166 8037
f 8116 8089 8215
f 8173 8097 8098
f 8098 8148 8173
f 8099 8149 8148
f 8150 8117 8131
f 8229 8150 8131
f 8131 8040 8229
f 8186 8229 8040
f 8151 8186 8074
f 8167 8057 8152
f 8062 8101 8202
f 8101 8058 8202
f 8222 8155 8031
f 8031 8103 8222
f 8079 8190 8232
f 8234 8233 8133
f 8046 7992 8191
f 8144 8191 7992
f 8177 8176 8134
f 8156 8080 8105
f 8237 8157 8121
f 8273 8066 8122
f 8178 8205 8035
f 8179 8178 8047
f 8047 8161 8179
f 8107 8162 8095
f 8127 8238 8107
f 8189 8112 8163
f 8182 8209 8050
f 8172 8109 8147
f 8184 8242 8140
f 8185 8130 8166
f 8099 8117 8149
f 8174 8153 8220
f 8168 8124 8203
f 8133 8046 8234
f 8177 8134 8223
f 8121 8092 8158
f 8248 8158 8092
f 8122 8169 8273
f 8146 8069 8276
f 8180 8276 8069
f 8181 8180 8069
f 8107 8238 8162
f 8171 8128 8279
f 8212 8086 8071
f 8071 8114 8212
f 8114 8251 8225
f 8192 8129 8280
f 8183 8025 8139
f 8147 8109 8226
f 8109 8087 8226
f 8193 8226 8087
f 8141 8115 8272
f 8014 8272 8115
f 8227 8142 8216
f 8097 8216 8142
f 8148 8149 8173
f 8153 8090 8220
f 8234 8046 8191
f 8158 8237 8121
f 8135 8169 8106
f 8239 8238 8127
f 8050 8163 8112
f 8182 8137 8197
f 8240 8128 8108
f 8108 8086 8240
f 8225 8212 8114
f 8242 8193 8140
f 8184 8194 8214
f 8272 8014 8199
f 8014 8116 8199
f 8116 8215 8199
f 8097 8173 8195
f 8149 8117 8228
f 8244 8123 8167
f 8167 8152 8244
f 8057 8100 8152
f 8203 8268 8168
f 8175 8284 8120
f 8143 8102 8245
f 8160 8204 8145
f 8178 8287 8205
f 8170 8179 8161
f 8276 8136 8146
f 8209 8250 8050
f 8197 8137 8210
f 8198 8211 8138
f 8138 8164 8198
f 8171 8279 8289
f 8266 8251 8165
f 8139 8256 8183
f 8147 8213 8172
f 8194 8185 8252
f 8228 8117 8150
f 8150 8229 8217
f 8281 8186 8151
f 8151 8123 8244
f 8119 8200 8076
f 8187 8175 8059
f 8285 8102 8155
f 8176 8177 8246
f 8223 8080 8236
f 8156 8236 8080
f 8206 8179 8170
f 8250 8163 8050
f 8289 8198 8164
f 8215 8089 8227
f 8173 8149 8292
f 8149 8228 8292
f 8186 8217 8229
f 8281 8217 8186
f 8100 8200 8260
f 8218 8200 8119
f 8132 8218 8119
f 8231 8090 8154
f 8058 8268 8253
f 8285 8245 8102
f 8177 8223 8246
f 8156 8157 8304
f 8273 8169 8269
f 8135 8269 8169
f 8178 8179 8287
f 8170 8136 8206
f 8264 8206 8136
f 8276 8264 8136
f 8181 8188 8207
f 8224 8207 8188
f 8127 8189 8239
f 8209 8182 8197
f 8240 8086 8212
f 8139 8172 8213
f 8243 8252 8185
f 8185 8166 8243
f 8258 8243 8166
f 8141 8258 8166
f 8195 8216 8097
f 8152 8100 8260
f 8219 8218 8132
f 8230 8219 8174
f 8202 8231 8154
f 8245 8187 8143
f 8155 8222 8285
f 8191 8286 8394
f 8235 8286 8191
f 8191 8144 8235
f 8144 8176 8235
f 8156 8304 8247
f 8237 8304 8157
f 8269 8135 8159
f 8204 8160 8263
f 8207 8180 8181
f 8209 8208 8250
f 8280 8266 8192
f 8280 8183 8256
f 8242 8226 8193
f 8252 8214 8194
f 8201 8220 8090
f 8231 8201 8090
f 8253 8202 8058
f 8203 8124 8221
f 8124 8120 8221
f 8284 8221 8120
f 8234 8191 8394
f 8287 8179 8270
f 8249 8196 8265
f 8196 8162 8265
f 8314 8239 8189
f 8198 8289 8315
f 8128 8240 8279
f 8226 8242 8241
f 8272 8258 8141
f 8244 8152 8283
f 8261 8260 8200
f 8218 8261 8200
f 8174 8220 8230
f 8245 8349 8187
f 8263 8343 8204
f 8206 8270 8179
f 8238 8265 8162
f 8189 8163 8314
f 8209 8197 8208
f 8277 8197 8210
f 8198 8255 8211
f 8251 8297 8225
f 8242 8184 8257
f 8214 8257 8184
f 8215 8309 8199
f 8151 8244 8259
f 8152 8260 8283
f 8236 8156 8247
f 8066 8273 8248
f 8159 8204 8343
f 8239 8306 8238
f 8267 8213 8147
f 8147 8226 8267
f 8272 8199 8323
f 8215 8227 8309
f 8195 8173 8291
f 8173 8292 8291
f 8292 8228 8367
f 8150 8367 8228
f 8230 8220 8355
f 8201 8355 8220
f 8348 8268 8203
f 8103 8232 8222
f 8374 8232 8190
f 8384 8262 8233
f 8233 8234 8384
f 8176 8246 8235
f 8223 8319 8246
f 8247 8319 8236
f 8205 8263 8160
f 8264 8275 8206
f 8224 8295 8207
f 8306 8265 8238
f 8277 8208 8197
f 8212 8225 8297
f 8256 8139 8271
f 8257 8241 8242
f 8272 8300 8258
f 8216 8309 8227
f 8259 8281 8151
f 8317 8202 8253
f 8221 8348 8203
f 8284 8175 8318
f 8302 8285 8222
f 8236 8319 8223
f 8269 8159 8274
f 8287 8263 8205
f 8275 8270 8206
f 8210 8211 8278
f 8280 8336 8266
f 8139 8213 8308
f 8213 8267 8322
f 8226 8241 8267
f 8252 8243 8299
f 8291 8216 8195
f 8281 8259 8324
f 8317 8231 8202
f 8175 8187 8318
f 8303 8222 8232
f 8232 8374 8303
f 8304 8254 8247
f 8276 8364 8264
f 8265 8288 8249
f 8306 8239 8344
f 8296 8250 8208
f 8255 8278 8211
f 8351 8345 8279
f 8256 8321 8280
f 8271 8321 8256
f 8308 8271 8139
f 8298 8267 8241
f 8241 8257 8298
f 8214 8252 8299
f 8300 8299 8243
f 8243 8258 8300
f 8309 8323 8199
f 8217 8310 8150
f 8244 8282 8259
f 8316 8260 8261
f 8318 8187 8349
f 8349 8245 8311
f 8301 8311 8245
f 8245 8285 8301
f 8190 8262 8374
f 8235 8246 8370
f 8246 8319 8370
f 8273 8269 8274
f 8274 8159 8343
f 8270 8275 8320
f 8364 8275 8264
f 8224 8249 8288
f 8239 8314 8344
f 8163 8250 8314
f 8278 8277 8210
f 8289 8279 8345
f 8279 8240 8351
f 8240 8212 8334
f 8266 8297 8251
f 8283 8282 8244
f 8327 8253 8268
f 8221 8284 8368
f 8158 8248 8293
f 8248 8273 8293
f 8263 8287 8305
f 8180 8294 8276
f 8180 8207 8295
f 8288 8265 8313
f 8306 8313 8265
f 8208 8277 8296
f 8315 8255 8198
f 8212 8297 8334
f 8299 8290 8214
f 8300 8272 8323
f 8291 8292 8354
f 8361 8367 8150
f 8218 8316 8261
f 8341 8218 8219
f 8219 8230 8341
f 8230 8355 8341
f 8393 8355 8201
f 8231 8393 8201
f 8384 8374 8262
f 8363 8293 8273
f 8295 8294 8180
f 8224 8288 8295
f 8278 8255 8307
f 8289 8345 8315
f 8240 8334 8351
f 8266 8336 8335
f 8321 8336 8280
f 8322 8308 8213
f 8310 8361 8150
f 8324 8217 8281
f 8326 8317 8253
f 8253 8327 8326
f 8318 8368 8284
f 8394 8384 8234
f 8254 8319 8247
f 8274 8363 8273
f 8287 8270 8312
f 8320 8312 8270
f 8313 8295 8288
f 8331 8296 8277
f 8271 8308 8337
f 8353 8216 8291
f 8354 8360 8291
f 8367 8354 8292
f 8268 8348 8327
f 8302 8301 8285
f 8303 8302 8222
f 8304 8237 8328
f 8158 8328 8237
f 8343 8376 8274
f 8294 8364 8276
f 8350 8314 8250
f 8277 8278 8332
f 8297 8266 8346
f 8335 8346 8266
f 8214 8298 8257
f 8340 8283 8260
f 8394 8286 8420
f 8286 8235 8362
f 8254 8304 8328
f 8312 8305 8287
f 8313 8306 8365
f 8250 8296 8350
f 8333 8255 8315
f 8404 8333 8315
f 8345 8351 8357
f 8321 8271 8358
f 8407 8337 8308
f 8352 8299 8300
f 8323 8338 8300
f 8323 8309 8366
f 8309 8216 8353
f 8360 8353 8291
f 8340 8282 8283
f 8260 8316 8340
f 8349 8342 8318
f 8362 8420 8286
f 8362 8235 8370
f 8328 8158 8329
f 8158 8293 8329
f 8376 8363 8274
f 8364 8320 8275
f 8350 8344 8314
f 8277 8332 8331
f 8307 8332 8278
f 8345 8404 8315
f 8334 8297 8372
f 8358 8271 8337
f 8308 8322 8407
f 8359 8322 8267
f 8298 8359 8267
f 8290 8299 8408
f 8352 8300 8338
f 8217 8324 8339
f 8282 8373 8259
f 8325 8340 8316
f 8316 8218 8325
f 8348 8221 8368
f 8303 8374 8382
f 8343 8263 8377
f 8305 8377 8263
f 8313 8378 8295
f 8346 8372 8297
f 8346 8335 8437
f 8336 8321 8347
f 8298 8214 8391
f 8290 8391 8214
f 8408 8299 8352
f 8338 8323 8366
f 8353 8366 8309
f 8217 8339 8310
f 8341 8325 8218
f 8430 8393 8231
f 8430 8231 8317
f 8326 8430 8317
f 8410 8326 8327
f 8370 8319 8386
f 8330 8377 8305
f 8305 8312 8330
f 8294 8371 8364
f 8294 8295 8356
f 8378 8356 8295
f 8383 8306 8344
f 8388 8344 8350
f 8396 8296 8331
f 8334 8372 8351
f 8359 8407 8322
f 8259 8373 8324
f 8311 8369 8349
f 8293 8363 8329
f 8377 8376 8343
f 8344 8388 8383
f 8396 8350 8296
f 8307 8255 8389
f 8255 8333 8379
f 8345 8357 8404
f 8358 8347 8321
f 8381 8358 8337
f 8338 8446 8352
f 8413 8282 8340
f 8327 8348 8410
f 8401 8410 8348
f 8371 8403 8364
f 8395 8313 8365
f 8306 8383 8365
f 8332 8396 8331
f 8307 8389 8332
f 8379 8389 8255
f 8335 8336 8390
f 8347 8390 8336
f 8359 8298 8391
f 8408 8391 8290
f 8354 8367 8400
f 8392 8413 8340
f 8392 8340 8325
f 8393 8341 8355
f 8342 8349 8369
f 8394 8385 8384
f 8319 8254 8460
f 8328 8460 8254
f 8329 8411 8328
f 8329 8363 8402
f 8403 8312 8320
f 8320 8364 8403
f 8404 8357 8380
f 8337 8407 8381
f 8366 8353 8406
f 8400 8367 8418
f 8368 8401 8348
f 8368 8318 8342
f 8382 8374 8431
f 8375 8420 8362
f 8370 8375 8362
f 8294 8356 8387
f 8412 8383 8388
f 8437 8335 8398
f 8390 8398 8335
f 8390 8347 8416
f 8338 8366 8399
f 8366 8406 8399
f 8361 8418 8367
f 8373 8450 8324
f 8460 8386 8319
f 8371 8294 8387
f 8395 8378 8313
f 8396 8388 8350
f 8379 8333 8443
f 8414 8380 8357
f 8472 8357 8351
f 8351 8372 8472
f 8424 8472 8372
f 8372 8346 8424
f 8347 8358 8405
f 8391 8408 8483
f 8446 8338 8399
f 8448 8353 8360
f 8360 8354 8448
f 8310 8339 8428
f 8324 8450 8339
f 8411 8460 8328
f 8456 8432 8329
f 8402 8456 8329
f 8376 8402 8363
f 8376 8377 8402
f 8330 8312 8457
f 8471 8365 8383
f 8333 8463 8443
f 8346 8397 8424
f 8437 8397 8346
f 8405 8416 8347
f 8358 8381 8417
f 8445 8417 8381
f 8448 8406 8353
f 8361 8310 8428
f 8325 8341 8392
f 8386 8375 8370
f 8411 8329 8432
f 8377 8330 8433
f 8378 8387 8356
f 8400 8448 8354
f 8392 8341 8419
f 8341 8393 8419
f 8368 8342 8459
f 8477 8302 8303
f 8374 8384 8431
f 8384 8385 8431
f 8402 8377 8433
f 8457 8421 8330
f 8387 8403 8371
f 8434 8387 8378
f 8396 8332 8423
f 8333 8404 8463
f 8357 8472 8414
f 8416 8405 8426
f 8381 8407 8445
f 8359 8391 8440
f 8483 8440 8391
f 8408 8352 8446
f 8476 8446 8399
f 8428 8418 8361
f 8452 8419 8393
f 8393 8430 8452
f 8401 8368 8485
f 8342 8369 8459
f 8453 8459 8369
f 8369 8311 8454
f 8311 8301 8454
f 8303 8382 8477
f 8382 8431 8477
f 8375 8386 8469
f 8421 8433 8330
f 8458 8312 8403
f 8442 8403 8387
f 8378 8395 8434
f 8383 8412 8471
f 8388 8396 8412
f 8423 8412 8396
f 8487 8332 8389
f 8463 8404 8380
f 8435 8424 8397
f 8397 8437 8435
f 8415 8435 8437
f 8398 8390 8438
f 8416 8438 8390
f 8405 8358 8427
f 8483 8408 8441
f 8409 8476 8399
f 8399 8406 8409
f 8400 8418 8449
f 8413 8373 8282
f 8453 8369 8454
f 8510 8301 8302
f 8457 8312 8458
f 8422 8395 8365
f 8426 8405 8427
f 8484 8409 8406
f 8449 8448 8400
f 8435 8415 8444
f 8466 8445 8407
f 8407 8359 8466
f 8446 8441 8408
f 8428 8339 8467
f 8451 8413 8392
f 8420 8385 8394
f 8460 8411 8455
f 8432 8455 8411
f 8433 8421 8524
f 8442 8458 8403
f 8365 8471 8422
f 8487 8423 8332
f 8424 8464 8472
f 8429 8430 8326
f 8326 8410 8429
f 8491 8410 8401
f 8459 8485 8368
f 8460 8469 8386
f 8434 8495 8387
f 8389 8379 8487
f 8488 8463 8380
f 8380 8414 8488
f 8358 8417 8427
f 8475 8427 8417
f 8439 8475 8417
f 8417 8445 8439
f 8447 8484 8406
f 8406 8448 8447
f 8450 8467 8339
f 8392 8419 8451
f 8419 8452 8451
f 8429 8452 8430
f 8516 8429 8410
f 8491 8516 8410
f 8302 8477 8510
f 8420 8375 8468
f 8468 8375 8469
f 8433 8523 8402
f 8494 8524 8421
f 8421 8457 8494
f 8495 8442 8387
f 8434 8395 8422
f 8379 8443 8461
f 8436 8444 8415
f 8440 8466 8359
f 8521 8450 8373
f 8413 8521 8373
f 8485 8491 8401
f 8510 8454 8301
f 8385 8420 8468
f 8456 8402 8523
f 8524 8523 8433
f 8487 8379 8461
f 8463 8462 8443
f 8414 8472 8488
f 8424 8425 8464
f 8425 8435 8481
f 8435 8444 8481
f 8473 8415 8437
f 8398 8473 8437
f 8398 8438 8474
f 8438 8416 8465
f 8445 8466 8482
f 8442 8495 8470
f 8412 8423 8528
f 8529 8528 8423
f 8423 8487 8529
f 8464 9649 8472
f 8473 8436 8415
f 8496 8474 8438
f 8438 8465 8496
f 8416 8426 8465
f 8426 8427 8465
f 8497 8465 8427
f 8498 8497 8427
f 8475 8498 8427
f 8482 8439 8445
f 8447 8448 8508
f 8449 8418 8499
f 8418 8428 8499
f 8521 8413 8451
f 8501 8451 8452
f 8452 8429 8516
f 8485 8459 8492
f 8503 8494 8457
f 8457 8458 8503
f 8467 8499 8428
f 8450 8509 8467
f 8431 8385 8511
f 8469 8460 8478
f 8512 8478 8460
f 8455 8512 8460
f 8470 8458 8442
f 8517 8471 8412
f 8480 8461 8443
f 8443 8462 8480
f 8463 8488 8513
f 8534 8514 8472
f 9649 8534 8472
f 8481 8530 8425
f 8444 8436 8506
f 8436 8473 8489
f 8474 8473 8398
f 8439 8549 8475
f 8476 8531 8446
f 8448 8449 8508
f 8499 8467 8500
f 8509 8500 8467
f 8450 8521 8509
f 8452 8516 8501
f 8385 8468 8542
f 8468 8469 8478
f 8434 8422 8479
f 8517 8422 8471
f 8528 8517 8412
f 8513 8462 8463
f 8514 8488 8472
f 8444 8506 8505
f 8483 8563 8440
f 8441 8446 8531
f 8451 8501 8490
f 8492 8459 8551
f 8459 8453 8551
f 8486 8551 8453
f 8453 8454 8486
f 8511 8477 8431
f 8478 8542 8468
f 8512 8455 8493
f 8432 8493 8455
f 8432 8456 8493
f 8523 8493 8456
f 8524 8494 8525
f 8503 8458 8526
f 8470 8526 8458
f 8495 8434 8479
f 8461 8480 8519
f 8462 8519 8480
f 8505 8530 8481
f 8481 8444 8505
f 8562 8506 8436
f 8436 8489 8562
f 8489 8473 8474
f 8497 8496 8465
f 8520 8498 8475
f 8439 8482 8536
f 8466 8536 8482
f 8466 8440 8563
f 8484 8447 8507
f 8499 8508 8449
f 8565 8541 8451
f 8451 8490 8565
f 8511 8385 8542
f 8479 8422 8527
f 8518 8529 8487
f 8487 8461 8518
f 8504 8518 8461
f 8533 8462 8513
f 8489 8474 8515
f 8496 8515 8474
f 8549 8520 8475
f 8536 8549 8439
f 8441 8563 8483
f 8476 8409 8531
f 8409 8484 8507
f 8447 8508 8507
f 8521 8451 8541
f 8491 8485 8543
f 8486 8454 8510
f 8510 8477 8522
f 8511 8522 8477
f 8502 8525 8494
f 8494 8503 8502
f 8470 8495 8544
f 8479 8544 8495
f 8527 8422 8517
f 8504 8461 8519
f 8545 8513 8488
f 8515 8562 8489
f 8496 8497 8535
f 8498 8535 8497
f 8550 8507 8508
f 8508 8499 9562
f 8499 8500 9562
f 8540 8509 8521
f 8492 8543 8485
f 8526 8502 8503
f 8526 8470 8544
f 8535 8515 8496
f 8441 8574 8563
f 8531 8574 8441
f 8409 8507 8538
f 8508 9562 8550
f 8500 8509 8539
f 8569 8516 8491
f 8588 8551 8486
f 8522 8486 8510
f 8522 8511 8552
f 8527 8517 8583
f 8519 8462 8571
f 8545 8533 8513
f 8488 8546 8545
f 8488 8514 8546
f 8530 8505 8556
f 8557 8505 8506
f 8506 8562 8557
f 8547 8535 8498
f 8498 8548 8547
f 8520 8548 8498
f 8563 8536 8466
f 8531 8409 8537
f 8409 8538 8537
f 8501 8516 8490
f 8516 8569 8580
f 8511 8542 8581
f 8542 8478 8581
f 8493 8523 8570
f 8502 8582 8525
f 8479 8527 8532
f 8518 8504 8577
f 8504 8519 8577
f 8571 8577 8519
f 8514 8534 8546
f 8555 8534 9649
f 9562 8500 8539
f 8580 8490 8516
f 8543 8569 8491
f 8610 8543 8492
f 8551 8610 8492
f 8486 8522 8552
f 8493 8599 8512
f 8523 8524 8570
f 8524 8525 8582
f 8582 8502 8566
f 8502 8526 8566
f 8532 8544 8479
f 8528 8529 8584
f 8529 8518 8584
f 9651 8530 9648
f 8515 8535 8558
f 8550 8559 8507
f 8532 8567 8544
f 8517 8528 8583
f 8577 8571 8590
f 8591 8571 8462
f 8568 8462 8533
f 8533 8545 8593
f 8561 8556 8505
f 8558 8562 8515
f 8538 8507 8559
f 8539 8509 8564
f 8509 8540 8564
f 8521 8541 8540
f 8569 8543 8632
f 8478 8512 8599
f 8582 8570 8524
f 8580 8565 8490
f 8486 8552 8588
f 8599 8581 8478
f 8493 8570 8618
f 8532 8527 8553
f 8527 8583 8553
f 8568 8591 8462
f 8592 8568 8533
f 8546 8593 8545
f 8546 8534 8554
f 8555 8554 8534
f 9648 8530 8604
f 8505 8557 8561
f 8557 8562 8573
f 8535 8547 8558
f 8548 8520 8595
f 8520 8549 8607
f 8549 8536 8607
f 8596 8607 8536
f 8563 8596 8536
f 8574 8531 8586
f 8531 8537 8586
f 8559 8608 8538
f 8559 8550 8560
f 8560 9562 8579
f 8541 8565 8598
f 8588 8575 8551
f 8584 8583 8528
f 8518 8577 8585
f 8592 8533 8593
f 8593 8546 8572
f 8554 8572 8546
f 8556 8604 8530
f 8578 8561 8557
f 8557 8573 8578
f 8607 8595 8520
f 8608 8586 8537
f 8537 8538 8608
f 9650 9648 8604
f 8578 8620 8561
f 9560 8573 8562
f 8562 8558 9560
f 9562 8539 8579
f 8597 8579 8539
f 8539 8564 8597
f 8598 8540 8541
f 8552 8511 8576
f 8599 8493 8618
f 8570 8582 8613
f 8601 8600 8567
f 8567 8532 8601
f 8553 8601 8532
f 8585 8584 8518
f 8632 8580 8569
f 8611 8575 8588
f 8588 8552 8611
f 8581 8576 8511
f 8613 8618 8570
f 8623 8613 8582
f 8571 8591 8590
f 8556 8561 8605
f 8606 8605 8561
f 8620 8606 8561
f 8563 8574 8596
f 8586 8596 8574
f 8559 8560 8609
f 8609 8587 8559
f 8560 8579 8609
f 8630 8564 8540
f 8565 8580 8631
f 8575 8610 8551
f 8599 8612 8581
f 8590 8614 8577
f 8593 8572 8625
f 9650 8604 8619
f 8604 8556 8605
f 8595 8659 8548
f 8630 8597 8564
f 8540 8598 8630
f 8552 8576 8654
f 8576 8581 8643
f 8589 8623 8582
f 8582 8566 8589
f 8566 9584 8589
f 8601 8553 8635
f 8602 8635 8553
f 8553 8583 8602
f 8585 8577 8614
f 8590 8591 8657
f 8568 8657 8591
f 8603 8572 8554
f 8573 8594 8578
f 8548 8659 8547
f 8587 8608 8559
f 8565 8631 8598
f 8622 8610 8575
f 8575 8611 8617
f 8583 8584 8602
f 8614 8590 8665
f 8593 8636 8592
f 8625 8572 8603
f 8603 9650 8671
f 8619 8671 9650
f 9560 8558 8615
f 8558 8547 8659
f 8609 8579 8621
f 8579 8597 8621
f 8580 8632 8640
f 8632 8543 8616
f 8543 8610 8616
f 8617 8622 8575
f 8611 8552 8654
f 8643 8654 8576
f 8643 8581 8633
f 8581 8612 8633
f 8612 8599 8644
f 8618 8644 8599
f 8645 8589 9584
f 9584 8600 8645
f 8600 8601 8634
f 8585 8602 8584
f 8590 8657 8665
f 8626 8619 8604
f 8604 8605 8626
f 8605 8606 8658
f 8659 8615 8558
f 8595 8607 8660
f 8662 8639 8596
f 8596 8586 8662
f 8628 8662 8586
f 8586 8608 8628
f 8651 8587 8609
f 8609 8621 8651
f 8622 8616 8610
f 8644 8633 8612
f 8644 8618 8667
f 8618 8613 8667
f 8645 8623 8589
f 8634 8645 8600
f 8635 8634 8601
f 8665 8656 8614
f 8624 8657 8568
f 8636 8624 8568
f 8568 8592 8636
f 8593 8625 8636
f 8658 8626 8605
f 8620 8578 8627
f 8578 8594 8627
f 8595 8660 8659
f 8607 8596 8639
f 8629 8621 8597
f 8630 8629 8597
f 8602 8585 8655
f 8656 8655 8585
f 8585 8614 8656
f 8637 8636 8625
f 8638 8625 8603
f 8647 8606 8620
f 8620 8627 8647
f 8639 8660 8607
f 8608 8587 8628
f 8640 8631 8580
f 8616 8677 8632
f 8622 8641 8616
f 8642 8622 8617
f 8617 8611 8642
f 8653 8642 8611
f 8654 8653 8611
f 8646 8635 8602
f 8638 8637 8625
f 8603 8671 8638
f 8626 8704 8619
f 8647 8658 8606
f 8725 8647 8627
f 8683 8627 8594
f 8648 8683 8594
f 8659 8649 8615
f 8661 8639 8662
f 8651 8621 8674
f 8630 8598 8700
f 8631 8700 8598
f 8677 8640 8632
f 8652 8641 8622
f 8642 8652 8622
f 8644 8667 8718
f 8645 8634 8669
f 8634 8635 8646
f 8602 8655 8646
f 8671 8619 8710
f 8649 8648 8615
f 8659 8660 8650
f 8661 8660 8639
f 8684 8628 8587
f 8587 8651 8684
f 8616 8641 8677
f 8652 8663 8641
f 8653 8652 8642
f 8654 8643 8686
f 8643 8633 8687
f 8613 8623 8668
f 8623 8645 8668
f 8669 8668 8645
f 8665 8657 8692
f 8624 8636 8681
f 8666 8637 8638
f 8704 8710 8619
f 8721 8704 8626
f 8649 8659 8693
f 8673 8661 8662
f 8662 8628 8673
f 8651 8674 8684
f 8629 8674 8621
f 8630 8700 8699
f 8676 8700 8631
f 8701 8631 8640
f 8640 8677 8701
f 8663 8677 8641
f 8663 8652 8664
f 8652 8653 8664
f 8653 8654 8680
f 8686 8680 8654
f 8687 8686 8643
f 8687 8633 8688
f 8633 8644 8688
f 8718 8688 8644
f 8668 8689 8613
f 8634 8646 8669
f 8646 8655 8690
f 8670 8692 8657
f 8624 8670 8657
f 8626 8658 8721
f 8659 8650 8693
f 8661 8672 8660
f 8628 8684 8673
f 8675 8629 8630
f 8630 8699 8675
f 8631 8701 8676
f 8678 8663 8664
f 8664 8653 8678
f 8653 8680 8679
f 8667 8613 8689
f 8669 8646 8690
f 8691 8690 8655
f 8655 8656 8691
f 8656 8665 8692
f 8681 8636 8637
f 8658 8647 8698
f 8627 8683 8682
f 8660 8672 8650
f 8674 8629 8695
f 8675 8695 8629
f 8685 8677 8663
f 8663 8678 8685
f 8679 8678 8653
f 8680 8686 8702
f 8668 8669 8694
f 8691 8656 8707
f 8624 8719 8670
f 8720 8681 8637
f 8666 8720 8637
f 8638 8671 8751
f 8698 8647 8725
f 8693 8683 8649
f 8679 8680 8697
f 8702 8697 8680
f 8689 8718 8667
f 8692 8707 8656
f 8681 8719 8624
f 8735 8720 8666
f 8638 8709 8666
f 8658 8698 8769
f 8725 8627 8711
f 8627 8682 8711
f 8675 8714 8695
f 8715 8700 8676
f 8676 8701 8715
f 8726 8701 8677
f 8677 8685 8726
f 8696 8726 8685
f 8685 8678 8696
f 8678 8679 8696
f 8732 8696 8679
f 8679 8697 8732
f 8717 8702 8686
f 8687 8717 8686
f 8689 8668 8723
f 8708 8707 8692
f 8670 8708 8692
f 8710 8704 8703
f 8698 8725 8770
f 8682 8683 8705
f 8650 8672 8713
f 8661 8673 8752
f 8716 8727 8696
f 8696 8732 8716
f 8702 8732 8697
f 8718 8728 8688
f 8706 8694 8690
f 8690 8691 8706
f 8729 8735 8666
f 8709 8729 8666
f 8758 8769 8698
f 8682 8705 8711
f 8712 8683 8693
f 8672 8661 8752
f 8714 9597 8695
f 8675 8699 8722
f 8699 8700 8722
f 8715 8722 8700
f 8726 8696 8731
f 8727 8731 8696
f 8687 8688 8717
f 8707 8706 8691
f 8719 8708 8670
f 8721 8703 8704
f 8721 8658 8730
f 8769 8730 8658
f 8737 8711 8705
f 8713 8712 8693
f 8693 8650 8713
f 9597 8752 8673
f 8701 8726 8715
f 8747 8716 8732
f 8732 8702 8762
f 8718 8689 8728
f 8728 8689 8723
f 8733 8723 8706
f 8706 8707 8733
f 8671 8710 8751
f 8736 8751 8710
f 8710 8703 8736
f 8759 8737 8705
f 8722 8714 8675
f 8731 8727 8746
f 8748 8754 8702
f 8702 8717 8748
f 8717 8688 8728
f 8707 8708 8755
f 8708 8719 8734
f 8724 8734 8719
f 8719 8681 8724
f 8681 8720 8724
f 8735 8724 8720
f 8729 8709 8757
f 8709 8638 8750
f 8751 8750 8638
f 8703 8721 8768
f 8730 8768 8721
f 8770 8758 8698
f 8777 8725 8711
f 8705 8712 8745
f 8738 8713 8672
f 8672 8752 8738
f 9597 8714 8753
f 8739 8753 8714
f 8714 8722 8739
f 8726 8731 8760
f 8747 8727 8716
f 8754 8762 8702
f 8728 8723 8743
f 8733 8743 8723
f 8755 8708 8734
f 8735 8729 8744
f 8750 8757 8709
f 8777 8770 8725
f 8745 8759 8705
f 8712 8713 8771
f 8752 9597 8753
f 8715 8726 8741
f 8760 8741 8726
f 8762 8742 8732
f 8728 8748 8717
f 8743 8749 8728
f 8755 8733 8707
f 8744 8729 8756
f 8757 8756 8729
f 8765 8768 8730
f 8784 8737 8759
f 8771 8745 8712
f 8740 8739 8722
f 8722 8715 8740
f 8741 8740 8715
f 8772 8741 8760
f 8746 8760 8731
f 8761 8746 8727
f 8747 8761 8727
f 8742 8747 8732
f 8754 8748 8781
f 8743 8733 8755
f 8755 8734 8767
f 8724 8735 8763
f 8744 8763 8735
f 8757 8750 8764
f 8751 8736 8792
f 8730 8769 8765
f 8737 8777 8711
f 8738 8771 8713
f 8796 8738 8752
f 8785 8753 8739
f 8740 8785 8739
f 8740 8741 8779
f 8763 8767 8734
f 8734 8724 8763
f 8768 8736 8703
f 8770 8819 8758
f 8759 8745 9557
f 8752 8753 8796
f 8779 8785 8740
f 8741 8772 8779
f 8780 8760 8746
f 8766 8748 8728
f 8728 8749 8766
f 8774 8749 8743
f 8743 8755 8774
f 8818 8750 8751
f 8765 8769 8811
f 8783 8777 8737
f 8738 8796 8771
f 8761 8780 8746
f 8742 8773 8747
f 8789 8742 8762
f 8766 8781 8748
f 8767 8774 8755
f 8763 8744 8775
f 8744 8756 8775
f 8756 8757 8782
f 8764 8782 8757
f 8768 8765 8794
f 8837 8769 8758
f 8737 8784 8783
f 9853 8759 9557
f 8778 8796 8753
f 8785 8778 8753
f 8786 8772 8760
f 8787 8780 8761
f 8773 8761 8747
f 8789 8762 8798
f 8762 8754 8798
f 8767 8763 8800
f 8775 8756 8776
f 8782 8776 8756
f 8792 8818 8751
f 9557 8771 8795
f 8780 8786 8760
f 8781 8798 8754
f 8790 8766 8749
f 8749 8774 8790
f 8794 8793 8768
f 9853 8784 8759
f 8791 8790 8774
f 8803 8779 8772
f 8786 8803 8772
f 8761 8773 8787
f 8773 8742 8789
f 8781 8766 8799
f 8790 8799 8766
f 8800 8791 8774
f 8774 8767 8800
f 8801 8800 8763
f 8763 8775 8801
f 8776 8801 8775
f 8818 8764 8750
f 8736 8768 8793
f 8811 8794 8765
f 8819 8770 8869
f 8770 8777 8820
f 8777 8783 8820
f 8784 9853 9848
f 8796 8795 8771
f 8812 8796 8778
f 8785 8779 8812
f 8787 8786 8780
f 8787 8773 8788
f 8773 8789 8788
f 8799 8798 8781
f 8810 8809 8776
f 8782 8810 8776
f 8811 8769 8837
f 8805 8783 8784
f 9848 8805 8784
f 8778 8785 8812
f 8786 8787 8797
f 8788 8797 8787
f 8788 8789 9859
f 8798 9859 8789
f 8801 8776 8809
f 8817 8782 8764
f 8764 8832 8817
f 8842 8792 8736
f 8736 8793 8842
f 8812 9849 8795
f 8795 8796 8812
f 8803 8812 8779
f 8803 8786 9850
f 8786 8797 9850
f 9847 9859 8798
f 9851 9847 8798
f 8798 8799 9851
f 8799 8790 9851
f 8764 8818 8832
f 8804 8822 8793
f 8793 8794 8804
f 8819 8837 8758
f 8813 8812 8803
f 9850 8813 8803
f 8782 8817 8810
f 8826 8818 8792
f 8833 8826 8792
f 8792 8842 8833
f 8842 8793 8822
f 8794 8811 8836
f 8820 8869 8770
f 8820 8783 8851
f 8815 9844 8816
f 8836 8811 8827
f 8837 8819 8823
f 8783 8805 8851
f 8805 9848 8824
f 9849 8812 8813
f 9846 8806 8825
f 8838 8814 8807
f 8807 8815 8838
f 8815 8816 8830
f 8821 8816 9855
f 9855 8808 8821
f 8808 8809 8821
f 8817 8832 8882
f 8818 8826 8832
f 9854 8825 8829
f 8806 8814 8852
f 8831 8830 8816
f 8816 8821 8831
f 8810 8817 8841
f 8804 8794 8836
f 8837 8827 8811
f 8869 8823 8819
f 8851 8862 8820
f 8805 8824 8828
f 8834 8825 8806
f 8852 8834 8806
f 8838 8852 8814
f 8830 8838 8815
f 8809 8810 8841
f 8828 8851 8805
f 8828 8824 8850
f 8829 8850 8824
f 8825 8863 8829
f 8871 8854 8831
f 8831 8821 8871
f 8864 8809 8841
f 8822 8804 8835
f 8836 8835 8804
f 8869 8820 8862
f 8834 8863 8825
f 8854 8830 8831
f 8881 8871 8821
f 8821 8809 8881
f 8842 8822 8839
f 9631 8835 8836
f 8849 9631 8836
f 8823 8827 8837
f 8850 8829 8843
f 8863 8843 8829
f 8838 8830 8853
f 8844 8853 8830
f 8809 8864 8881
f 8832 8826 8845
f 8855 8826 8833
f 8833 8842 8855
f 8842 8839 8855
f 8850 8878 8828
f 8853 8852 8838
f 8854 8844 8830
f 8855 8839 8846
f 8839 9632 8846
f 8847 8846 9632
f 9630 8840 8860
f 8856 8860 8840
f 8856 8840 8848
f 8840 9628 8848
f 9628 8835 9631
f 8836 8827 8849
f 8878 8883 8828
f 8817 8882 8887
f 8847 9630 8859
f 8823 8858 8827
f 8848 9631 8857
f 8861 8857 9631
f 9631 8849 8861
f 8858 8849 8827
f 8916 8862 8851
f 8843 8878 8850
f 8863 8870 8843
f 8841 8817 8887
f 8845 8895 8832
f 8855 8845 8826
f 8855 8846 8875
f 8859 9630 8873
f 8876 8860 8856
f 8856 8848 8865
f 8857 8866 8848
f 8851 8828 8916
f 8895 8882 8832
f 8860 8873 9630
f 8856 8865 8876
f 8866 8865 8848
f 8858 8823 8880
f 8869 8880 8823
f 8878 8843 8870
f 8875 8868 8855
f 8872 8879 8847
f 8847 8859 8872
f 8873 8898 8859
f 8877 8861 8849
f 8849 8858 8877
f 8853 8844 8867
f 8894 8867 8844
f 8841 8887 8890
f 8845 8855 8868
f 8873 8860 8888
f 8860 8876 8888
f 8904 8876 8865
f 8866 8904 8865
f 8861 8900 8857
f 8834 8852 8874
f 8885 8874 8852
f 8852 8853 8885
f 8854 8871 8902
f 8859 8898 8872
f 8910 8877 8858
f 8883 8916 8828
f 8870 8863 8884
f 8863 8834 8884
f 8890 8864 8841
f 8845 8868 8896
f 8893 8900 8861
f 8861 8877 8893
f 8880 8910 8858
f 8869 8862 8880
f 8916 8880 8862
f 8884 8912 8870
f 8834 8874 8884
f 8854 8894 8844
f 8871 8881 8886
f 8896 8895 8845
f 8897 8896 8868
f 8868 8875 8897
f 8875 8879 8908
f 8929 8898 8873
f 8904 8899 8876
f 8904 8866 8938
f 8853 8867 8901
f 8902 8894 8854
f 8889 8886 8881
f 8908 8897 8875
f 8872 8908 8879
f 8892 8929 8873
f 8888 8876 8903
f 8915 8866 8857
f 8900 8915 8857
f 8953 8916 8883
f 8878 8911 8883
f 8886 8902 8871
f 8881 8864 8889
f 8917 8887 8882
f 8882 8895 8917
f 8873 8888 8892
f 8876 8899 8903
f 8905 8893 8877
f 8877 8910 8905
f 8911 8953 8883
f 8912 8878 8870
f 8901 8885 8853
f 8867 8894 8901
f 8907 8889 8864
f 8890 8907 8864
f 8917 8890 8887
f 8891 8908 8872
f 8866 8915 8938
f 8917 8935 8890
f 8900 8893 8905
f 8910 8880 8923
f 8916 8923 8880
f 8911 8878 8906
f 8912 8906 8878
f 8895 8896 8917
f 8897 8917 8896
f 8891 8927 8908
f 8891 8872 8909
f 8898 8909 8872
f 8933 8898 8934
f 8929 8934 8898
f 8892 8888 8920
f 8903 8920 8888
f 8899 8904 8918
f 8905 8921 8900
f 8905 8910 8922
f 8912 8884 8932
f 8913 8932 8884
f 8884 9561 8913
f 9561 8885 8919
f 8889 8907 8926
f 8920 8941 8892
f 8904 8938 8918
f 8938 8915 8930
f 8921 8915 8900
f 8885 8901 8925
f 8914 8917 8897
f 8897 8908 8914
f 8927 8914 8908
f 8937 8927 8891
f 8933 8909 8898
f 8929 8892 8941
f 8921 8905 8964
f 8923 8922 8910
f 8906 8912 8931
f 9561 8919 8924
f 8901 8894 8940
f 8894 8902 8944
f 8926 8907 8961
f 8890 8961 8907
f 8909 8937 8891
f 8903 8899 8942
f 8915 8921 8930
f 8953 8923 8916
f 8932 8931 8912
f 8947 8913 9561
f 8924 8947 9561
f 8919 8885 8925
f 8940 8925 8901
f 8886 8944 8902
f 8886 8889 8926
f 8935 8961 8890
f 8914 8935 8917
f 8914 8927 8936
f 8905 8922 8964
f 8922 8923 8943
f 8926 8948 8886
f 8929 8928 8934
f 8941 8920 8946
f 8920 8903 8946
f 8899 8918 8942
f 8930 8921 8952
f 8967 8911 8906
f 8924 8919 8968
f 8955 8940 8894
f 8936 8945 8914
f 8972 8936 8927
f 8927 8937 8972
f 8941 8928 8929
f 8918 8938 8980
f 8938 8930 8951
f 8921 8964 8952
f 8967 8953 8911
f 8931 8967 8906
f 8954 8931 8932
f 8947 8924 8963
f 8968 8963 8924
f 8940 8919 8925
f 8886 8948 8960
f 8935 8914 8945
f 8909 8933 8958
f 8959 8933 8934
f 8942 8946 8903
f 8953 8967 8966
f 8931 8975 8967
f 8940 8939 8919
f 8955 8970 8940
f 8894 8944 8955
f 8960 8944 8886
f 8972 8949 8936
f 8937 8909 8958
f 8957 8942 8918
f 8922 8943 8964
f 8923 8953 8943
f 8939 8940 8970
f 8926 8961 8971
f 8936 8949 8945
f 8962 8959 8934
f 8928 8962 8934
f 8928 8941 8950
f 8941 8946 8950
f 8946 8942 8957
f 8918 8980 8957
f 8951 8980 8938
f 8954 8975 8931
f 8939 8968 8919
f 8948 8926 8971
f 8958 8972 8937
f 8956 8950 8946
f 8946 8957 8956
f 8951 9032 8980
f 8951 8930 9012
f 9006 8943 8953
f 8970 8955 8982
f 9002 8955 8944
f 9012 8930 8974
f 8952 8974 8930
f 9017 8974 8952
f 8964 9017 8952
f 8953 8966 9006
f 8963 8996 8947
f 8944 8960 9002
f 8961 8935 9583
f 8935 8945 9583
f 8972 8958 8978
f 9010 8958 8933
f 9010 8933 8959
f 8962 8928 8950
f 8950 8956 8979
f 8956 8957 8984
f 8973 8984 8957
f 8957 8980 8973
f 8943 8965 8964
f 8943 9006 8989
f 8996 8986 8947
f 8981 8968 8939
f 8969 8981 8939
f 8960 8948 8971
f 8985 8973 8980
f 8945 8949 8977
f 8999 8977 8949
f 8949 8972 8999
f 8962 8950 8979
f 8984 8979 8956
f 8965 9017 8964
f 8989 8965 8943
f 8963 8968 8991
f 8981 8991 8968
f 8970 8982 8976
f 8955 9002 8982
f 9583 8945 8977
f 8978 8999 8972
f 9022 8959 8962
f 8962 8979 9022
f 8988 8984 8973
f 8985 8988 8973
f 9007 8966 8967
f 8967 8975 9007
f 8975 8954 9008
f 8996 8963 8990
f 8976 8982 8997
f 9062 9013 9002
f 8977 8999 9014
f 9015 8978 8958
f 9022 9010 8959
f 8985 8980 9032
f 8994 8993 8979
f 8979 8984 8994
f 8951 9012 9084
f 9008 9007 8975
f 9615 9008 8954
f 8991 8990 8963
f 9002 8960 9003
f 8961 9583 8992
f 8983 8992 9583
f 8993 9022 8979
f 8988 8994 8984
f 8985 9032 9065
f 8995 8986 9001
f 8986 8996 9001
f 8991 8981 9020
f 9003 9062 9002
f 8971 9003 8960
f 8971 8961 9039
f 8992 9039 8961
f 8999 8978 9009
f 9000 8965 8989
f 8989 9006 9018
f 8990 8991 9024
f 9020 9024 8991
f 9020 8981 9038
f 9004 8992 8983
f 8983 8998 9004
f 9014 8998 8987
f 9010 9022 9050
f 8993 8994 9016
f 8988 8985 9036
f 8965 9005 9017
f 8965 9000 9005
f 9038 8981 8969
f 9045 9007 9008
f 9636 9008 9615
f 8995 9636 9615
f 8990 9001 8996
f 9025 8997 8982
f 8978 9015 9080
f 8994 8988 9052
f 9036 9052 8988
f 9065 9036 8985
f 9005 9000 9034
f 9018 9000 8989
f 9040 9006 8966
f 9045 9040 8966
f 8966 9007 9045
f 9637 8995 9001
f 9635 9637 9001
f 9001 8990 9635
f 8990 9024 9019
f 9054 9025 8982
f 8982 9002 9054
f 9002 9013 9054
f 9003 8971 9026
f 9039 9026 8971
f 9009 9014 8999
f 9021 9015 8958
f 8958 9010 9021
f 9022 8993 9011
f 8993 9016 9011
f 9032 8951 9084
f 9005 9034 9061
f 9034 9000 9023
f 9000 9018 9023
f 9020 9038 9069
f 9004 8998 9027
f 9022 9011 9029
f 9030 9011 9016
f 9031 9016 8994
f 9052 9031 8994
f 9635 8990 9019
f 8992 9004 9079
f 9021 9080 9015
f 9033 9114 8974
f 8974 9017 9033
f 9018 9006 9067
f 9063 9079 9004
f 9004 9027 9063
f 9028 9027 8998
f 9014 9028 8998
f 9014 9009 9028
f 9022 9029 9050
f 9016 9031 9030
f 9084 9012 9066
f 9005 9061 9060
f 9008 9636 9048
f 9046 9048 9636
f 9041 9635 9019
f 9037 9041 9019
f 9035 9042 9024
f 9024 9020 9035
f 9038 8969 9053
f 8969 8997 9053
f 8997 9025 9053
f 9003 9026 9078
f 9039 9078 9026
f 8992 9055 9039
f 9029 9011 9043
f 9051 9043 9011
f 9011 9030 9051
f 9059 9030 9031
f 9065 9032 9083
f 9005 9033 9017
f 9067 9023 9018
f 9048 9045 9008
f 9069 9035 9020
f 9062 9049 9013
f 9078 9062 9003
f 8992 9079 9055
f 9010 9057 9021
f 9050 9029 9058
f 9030 9072 9071
f 9059 9072 9030
f 9059 9031 9044
f 9031 9052 9044
f 9074 9052 9036
f 8974 9066 9012
f 9033 9005 9060
f 9075 9061 9034
f 9006 9040 9067
f 9042 9041 9037
f 9053 9069 9038
f 9049 9054 9013
f 9078 9039 9055
f 9029 9043 9058
f 9051 9030 9071
f 9084 9083 9032
f 9089 9075 9034
f 9023 9089 9034
f 9635 9041 9634
f 9025 9094 9053
f 9063 9027 9064
f 9028 9070 9027
f 9058 9057 9050
f 9114 9033 9141
f 9089 9023 9047
f 9067 9047 9023
f 9045 9048 9085
f 9086 9048 9046
f 9046 9638 9086
f 9097 9060 9061
f 9099 9085 9048
f 9086 9099 9048
f 9042 9035 9068
f 9035 9069 9076
f 9070 9064 9027
f 9009 8978 9056
f 9080 9056 8978
f 9043 9051 9081
f 9071 9081 9051
f 9082 9044 9052
f 9074 9082 9052
f 9065 9074 9036
f 9114 9066 8974
f 9068 9041 9042
f 9094 9069 9053
f 9025 9054 9101
f 9077 9101 9054
f 9054 9049 9077
f 9078 9055 9092
f 9009 9123 9028
f 9081 9096 9043
f 9059 9044 9073
f 9075 9097 9061
f 9068 9035 9087
f 9076 9088 9035
f 9094 9025 9101
f 9049 9062 9116
f 9078 9116 9062
f 9010 9050 9057
f 9096 9058 9043
f 9071 9072 9106
f 9073 9072 9059
f 9074 9065 9107
f 9083 9107 9065
f 9102 9141 9033
f 9033 9060 9102
f 9085 9040 9045
f 9634 9041 9110
f 9100 9068 9090
f 9091 9076 9069
f 9092 9055 9678
f 9055 9079 9678
f 9070 9028 9105
f 9123 9105 9028
f 9124 9009 9056
f 9057 9058 9125
f 9112 9073 9044
f 9044 9082 9112
f 9111 9041 9100
f 9068 9087 9090
f 9035 9088 9087
f 9104 9116 9078
f 9104 9078 9092
f 9095 9678 9079
f 9079 9063 9095
f 9064 9095 9063
f 9127 9125 9058
f 9096 9081 9093
f 9071 9093 9081
f 9066 9083 9084
f 9075 9103 9097
f 9115 9040 9085
f 9099 9115 9085
f 9110 9041 9111
f 9087 9088 9134
f 9088 9076 9091
f 9094 9091 9069
f 9117 9095 9064
f 9064 9070 9117
f 9124 9123 9009
f 9106 9093 9071
f 9072 9073 9106
f 9082 9074 9113
f 9138 9066 9114
f 9097 9102 9060
f 9075 9089 9098
f 9047 9098 9089
f 9067 9040 9588
f 9121 9086 9638
f 9105 9117 9070
f 9056 9080 9118
f 9080 9021 9118
f 9021 9057 9125
f 9108 9103 9075
f 9040 9115 9588
f 9134 9133 9087
f 9678 9095 9679
f 9129 9113 9074
f 9107 9129 9074
f 9138 9083 9066
f 9098 9047 9109
f 9121 9099 9086
f 9132 9111 9100
f 9100 9090 9132
f 9092 9185 9104
f 9073 9112 9137
f 9102 9097 9131
f 9103 9131 9097
f 9098 9108 9075
f 9091 9094 9140
f 9094 9101 9140
f 9105 9123 9136
f 9118 9021 9119
f 9125 9119 9021
f 9093 9106 9137
f 9106 9073 9137
f 9128 9112 9082
f 9113 9128 9082
f 9114 9141 9174
f 9115 9099 9120
f 9122 9143 9110
f 9110 9111 9122
f 9132 9122 9111
f 9133 9132 9090
f 9090 9087 9133
f 9091 9134 9088
f 9127 9126 9125
f 9127 9058 9096
f 9112 9128 9157
f 9083 9129 9107
f 9138 9114 9174
f 9099 9121 9148
f 9077 9049 9154
f 9116 9104 9135
f 9185 9135 9104
f 9680 9185 9092
f 9117 9155 9095
f 9679 9095 9155
f 9117 9105 9150
f 9136 9150 9105
f 9093 9156 9096
f 9165 9128 9113
f 9145 9129 9083
f 9141 9102 9131
f 9131 9103 9130
f 9103 9108 9130
f 9109 9588 9147
f 9121 9110 9148
f 9143 9148 9110
f 9133 9134 9139
f 9101 9077 9140
f 9049 9116 9154
f 9135 9154 9116
f 9124 9136 9123
f 9119 9125 9126
f 9157 9137 9112
f 9113 9129 9165
f 9138 9145 9083
f 9108 9098 9142
f 9160 9588 9115
f 9161 9122 9132
f 9134 9091 9144
f 9091 9140 9144
f 9142 9167 9108
f 9147 9142 9098
f 9098 9109 9147
f 9147 9588 9160
f 9143 9122 9176
f 9161 9176 9122
f 9161 9132 9149
f 9132 9133 9149
f 9139 9149 9133
f 9177 9139 9134
f 9134 9144 9177
f 9056 9118 9196
f 9119 9151 9118
f 9093 9137 9156
f 9158 9157 9128
f 9196 9124 9056
f 9151 9196 9118
f 9180 9127 9096
f 9156 9180 9096
f 9186 9156 9137
f 9131 9130 9146
f 9130 9108 9167
f 9200 9160 9115
f 9115 9120 9200
f 9148 9120 9099
f 9153 9177 9144
f 9195 9140 9077
f 9077 9154 9195
f 9174 9141 9159
f 9166 9159 9141
f 9141 9131 9166
f 9146 9166 9131
f 9146 9130 9167
f 9155 9162 9680
f 9150 9155 9117
f 9136 9173 9150
f 9119 9126 9152
f 9164 9152 9126
f 9126 9127 9164
f 9180 9164 9127
f 9147 9169 9142
f 9120 9148 9170
f 9143 9176 9171
f 9161 9149 9184
f 9178 9153 9144
f 9144 9140 9178
f 9140 9195 9178
f 9680 9205 9185
f 9163 9151 9119
f 9119 9152 9163
f 9137 9157 9186
f 9165 9158 9128
f 9165 9129 9187
f 9138 9174 9189
f 9167 9142 9168
f 9142 9169 9168
f 9190 9147 9160
f 9171 9170 9148
f 9148 9143 9171
f 9184 9172 9161
f 9155 9150 9173
f 9180 9156 9181
f 9129 9145 9187
f 9145 9138 9189
f 9190 9169 9147
f 9183 9190 9160
f 9160 9200 9183
f 9176 9161 9172
f 9177 9153 9203
f 9185 9234 9135
f 9680 9162 9211
f 9155 9173 9162
f 9242 9162 9173
f 9182 9186 9157
f 9157 9158 9182
f 9188 9187 9145
f 9189 9188 9145
f 9215 9189 9174
f 9207 9166 9146
f 9146 9167 9175
f 9168 9175 9167
f 9170 9208 9120
f 9170 9171 9208
f 9171 9176 9217
f 9176 9172 9217
f 9149 9139 9201
f 9177 9201 9139
f 9177 9203 9202
f 9234 9195 9154
f 9206 9173 9136
f 9179 9136 9124
f 9124 9196 9226
f 9231 9163 9152
f 9164 9192 9152
f 9186 9181 9156
f 9158 9165 9187
f 9166 9207 9199
f 9146 9175 9207
f 9169 9190 9168
f 9120 9208 9200
f 9184 9149 9210
f 9202 9201 9177
f 9191 9203 9153
f 9153 9178 9191
f 9154 9135 9234
f 9173 9206 9242
f 9136 9179 9206
f 9151 9163 9196
f 9192 9231 9152
f 9164 9180 9212
f 9180 9181 9193
f 9159 9215 9174
f 9216 9208 9171
f 9217 9216 9171
f 9217 9172 9209
f 9220 9209 9172
f 9172 9184 9220
f 9210 9220 9184
f 9242 9211 9162
f 9124 9226 9179
f 9212 9192 9164
f 9180 9193 9212
f 9158 9187 9194
f 9214 9194 9187
f 9187 9188 9214
f 9188 9189 9197
f 9215 9197 9189
f 9166 9221 9159
f 9168 9190 9198
f 9190 9183 9246
f 9149 9201 9210
f 9178 9195 9204
f 9230 9234 9185
f 9211 9205 9680
f 9196 9163 9227
f 9182 9158 9213
f 9194 9213 9158
f 9246 9198 9190
f 9228 9219 9200
f 9200 9208 9228
f 9202 9203 9223
f 9204 9191 9178
f 9196 9227 9226
f 9193 9181 9218
f 9181 9186 9218
f 9186 9182 9213
f 9168 9198 9207
f 9198 9199 9207
f 9219 9183 9200
f 9201 9202 9223
f 9195 9224 9204
f 9225 9242 9206
f 9261 9227 9163
f 9231 9261 9163
f 9218 9186 9235
f 9186 9213 9235
f 9214 9188 9197
f 9166 9199 9221
f 9228 9208 9222
f 9217 9209 9236
f 9201 9233 9210
f 9223 9203 9191
f 9195 9234 9224
f 9205 9230 9185
f 9205 9211 9259
f 9206 9179 9225
f 9214 9197 9232
f 9209 9220 9229
f 9234 9230 9271
f 9226 9225 9179
f 9254 9192 9212
f 9193 9254 9212
f 9214 9213 9194
f 9197 9215 9239
f 9222 9208 9236
f 9216 9236 9208
f 9216 9217 9236
f 9236 9209 9229
f 9237 9229 9220
f 9220 9210 9237
f 9210 9233 9237
f 9223 9241 9201
f 9223 9191 9241
f 9204 9224 9253
f 9259 9230 9205
f 9242 9225 9279
f 9218 9254 9193
f 9232 9197 9239
f 9221 9215 9159
f 9221 9199 9245
f 9199 9198 9245
f 9225 9226 9279
f 9226 9227 9260
f 9231 9273 9261
f 9192 9247 9231
f 9238 9254 9218
f 9213 9214 9255
f 9232 9256 9214
f 9262 9239 9215
f 9198 9246 9291
f 9219 9266 9183
f 9240 9250 9229
f 9233 9201 9251
f 9234 9258 9224
f 9242 9265 9211
f 9261 9272 9227
f 9218 9235 9243
f 9235 9213 9243
f 9255 9243 9213
f 9232 9239 9244
f 9221 9262 9215
f 9228 9275 9219
f 9228 9222 9248
f 9236 9248 9222
f 9236 9229 9250
f 9229 9237 9240
f 9201 9241 9251
f 9253 9224 9258
f 9234 9271 9258
f 9265 9259 9211
f 9260 9279 9226
f 9272 9260 9227
f 9247 9273 9231
f 9254 9247 9192
f 9218 9243 9238
f 9244 9256 9232
f 9221 9245 9290
f 9291 9245 9198
f 9275 9266 9219
f 9250 9249 9236
f 9237 9233 9269
f 9233 9251 9269
f 9253 9191 9204
f 9256 9255 9214
f 9290 9262 9221
f 9248 9267 9228
f 9251 9241 9270
f 9241 9191 9252
f 9191 9253 9252
f 9262 9289 9239
f 9291 9290 9245
f 9267 9275 9228
f 9248 9236 9249
f 9250 9257 9249
f 9250 9240 9276
f 9240 9237 9264
f 9269 9264 9237
f 9253 9258 9278
f 9242 9279 9265
f 9243 9288 9238
f 9282 9256 9244
f 9246 9183 9266
f 9248 9249 9611
f 9276 9257 9250
f 9264 9276 9240
f 9251 9270 9269
f 9252 9270 9241
f 9272 9261 9280
f 9273 9309 9261
f 9254 9238 9287
f 9288 9287 9238
f 9274 9288 9243
f 9243 9255 9281
f 9256 9281 9255
f 9267 9248 9611
f 9611 9249 9263
f 9249 9257 9263
f 9270 9252 9277
f 9309 9280 9261
f 9287 9247 9254
f 9295 9282 9244
f 9289 9244 9239
f 9246 9292 9291
f 9252 9253 9278
f 9271 9230 9307
f 9265 9279 9332
f 9322 9332 9279
f 9281 9274 9243
f 9282 9281 9256
f 9298 9290 9291
f 9266 9292 9246
f 9268 9263 9257
f 9276 9268 9257
f 9283 9269 9270
f 9277 9283 9270
f 9278 9277 9252
f 9258 9312 9278
f 9230 9259 9313
f 9279 9260 9322
f 9272 9322 9260
f 9264 9269 9301
f 9258 9271 9328
f 9265 9313 9259
f 9247 9309 9273
f 9247 9287 9303
f 9244 9289 9295
f 9306 9268 9276
f 9269 9283 9294
f 9328 9312 9258
f 9230 9313 9307
f 9272 9280 9284
f 9282 9295 9310
f 9262 9290 9326
f 9267 9611 9305
f 9263 9268 9293
f 9285 9306 9276
f 9276 9264 9285
f 9264 9301 9285
f 9269 9294 9301
f 9286 9283 9277
f 9277 9278 9286
f 9312 9319 9278
f 9322 9272 9284
f 9267 9336 9275
f 9336 9267 9305
f 9294 9283 9311
f 9284 9280 9308
f 9302 9308 9280
f 9309 9302 9280
f 9309 9247 9333
f 9247 9303 9333
f 9297 9303 9287
f 9287 9288 9297
f 9324 9314 9274
f 9274 9281 9324
f 9281 9282 9310
f 9298 9291 9335
f 9291 9292 9315
f 9316 9293 9268
f 9316 9268 9306
f 9306 9285 9299
f 9286 9311 9283
f 9278 9319 9286
f 9296 9328 9271
f 9271 9307 9296
f 9265 9332 9321
f 9323 9297 9288
f 9288 9274 9323
f 9314 9323 9274
f 9281 9310 9325
f 9326 9289 9262
f 9290 9298 9351
f 9315 9335 9291
f 9292 9266 9304
f 9266 9275 9304
f 9336 9304 9275
f 9305 9611 9330
f 9299 9285 9300
f 9285 9301 9300
f 9339 9313 9265
f 9265 9321 9339
f 9325 9324 9281
f 9351 9326 9290
f 9298 9335 9351
f 9318 9300 9301
f 9301 9294 9318
f 9311 9327 9294
f 9340 9302 9309
f 9333 9340 9309
f 9306 9299 9317
f 9299 9300 9317
f 9311 9286 9338
f 9319 9338 9286
f 9312 9320 9319
f 9328 9320 9312
f 9325 9310 9356
f 9310 9295 9356
f 9326 9329 9289
f 9315 9292 9304
f 9347 9316 9306
f 9306 9317 9347
f 9327 9337 9294
f 9338 9327 9311
f 9322 9284 9308
f 9295 9289 9329
f 9330 9350 9305
f 9331 9338 9319
f 9349 9296 9307
f 9307 9313 9349
f 9332 9322 9344
f 9308 9344 9322
f 9308 9302 9345
f 9302 9340 9345
f 9342 9333 9303
f 9303 9297 9342
f 9314 9324 9325
f 9363 9356 9295
f 9351 9334 9326
f 9295 9329 9363
f 9330 9316 9358
f 9300 9318 9348
f 9304 9336 9346
f 9305 9357 9336
f 9348 9317 9300
f 9318 9337 9353
f 9327 9338 9337
f 9320 9331 9319
f 9321 9332 9371
f 9344 9371 9332
f 9345 9340 9382
f 9341 9340 9333
f 9333 9342 9341
f 9325 9343 9314
f 9334 9329 9326
f 9350 9357 9305
f 9360 9347 9317
f 9366 9328 9296
f 9349 9366 9296
f 9339 9321 9371
f 9341 9382 9340
f 9351 9335 9379
f 9315 9379 9335
f 9346 9364 9304
f 9346 9336 9357
f 9358 9316 9369
f 9316 9347 9369
f 9348 9360 9317
f 9348 9318 9353
f 9313 9339 9349
f 9355 9297 9323
f 9323 9314 9355
f 9314 9343 9355
f 9343 9325 9368
f 9375 9363 9329
f 9338 9331 9380
f 9370 9349 9339
f 9339 9371 9370
f 9344 9308 9406
f 9342 9297 9362
f 9334 9375 9329
f 9334 9351 9391
f 9347 9360 9369
f 9360 9348 9361
f 9348 9353 9361
f 9354 9338 9380
f 9331 9320 9365
f 9320 9328 9366
f 9367 9371 9344
f 9362 9341 9342
f 9355 9362 9297
f 9368 9325 9356
f 9304 9376 9315
f 9352 9357 9350
f 9358 9352 9350
f 9353 9337 9378
f 9346 9357 9364
f 9369 9359 9358
f 9378 9361 9353
f 9365 9381 9331
f 9387 9366 9349
f 9345 9406 9308
f 9362 9355 9643
f 9644 9643 9355
f 9343 9644 9355
f 9363 9375 9384
f 9379 9391 9351
f 9376 9379 9315
f 9364 9376 9304
f 9364 9357 9377
f 9359 9352 9358
f 9386 9369 9360
f 9360 9361 9386
f 9337 9354 9378
f 9380 9331 9381
f 9320 9366 9365
f 9406 9367 9344
f 9372 9406 9345
f 9382 9372 9345
f 9356 9363 9400
f 9395 9375 9334
f 9334 9391 9395
f 9400 9399 9368
f 9368 9356 9400
f 9357 9352 9377
f 9361 9378 9386
f 9378 9354 9393
f 9380 9393 9354
f 9373 9394 9362
f 9374 9343 9390
f 9343 9368 9390
f 9384 9400 9363
f 9352 9359 9385
f 9365 9366 9412
f 9387 9412 9366
f 9349 9370 9387
f 9371 9367 9388
f 9415 9388 9367
f 9406 9415 9367
f 9341 9362 9394
f 9409 9642 9374
f 9374 9390 9383
f 9384 9375 9401
f 9395 9401 9375
f 9391 9379 9419
f 9377 9396 9364
f 9377 9352 9420
f 9369 9386 9405
f 9428 9386 9378
f 9392 9428 9378
f 9378 9393 9392
f 9388 9370 9371
f 9409 9374 9383
f 9402 9395 9391
f 9379 9376 9403
f 9420 9352 9385
f 9381 9411 9380
f 9381 9365 9440
f 9412 9440 9365
f 9412 9387 9413
f 9398 9431 9372
f 9372 9382 9398
f 9341 9398 9382
f 9390 9860 9383
f 9401 9400 9384
f 9403 9419 9379
f 9376 9364 9404
f 9396 9404 9364
f 9405 9359 9369
f 9397 9392 9393
f 9411 9393 9380
f 9440 9411 9381
f 9387 9370 9413
f 9370 9388 9414
f 9431 9406 9372
f 9341 9394 9398
f 9394 9645 9416
f 9410 9645 9389
f 9408 9410 9389
f 9642 9408 9389
f 9417 9390 9368
f 9368 9399 9417
f 9419 9402 9391
f 9404 9403 9376
f 9385 9427 9420
f 9385 9359 9427
f 9433 9428 9392
f 9397 9433 9392
f 9411 9397 9393
f 9414 9441 9370
f 9415 9414 9388
f 9407 9398 9394
f 9416 9645 9410
f 9409 9408 9642
f 9409 9383 9437
f 9418 9417 9399
f 9395 9402 9426
f 9405 9427 9359
f 9405 9386 9450
f 9413 9370 9441
f 9415 9406 9423
f 9398 9407 9693
f 9442 9418 9399
f 9399 9400 9442
f 9400 9401 9442
f 9401 9395 9444
f 9396 9377 9420
f 9386 9428 9450
f 9397 9411 9421
f 9412 9413 9429
f 9431 9423 9406
f 9416 9410 9447
f 9436 9447 9410
f 9408 9409 9459
f 9437 9459 9409
f 9434 9425 9417
f 9418 9434 9417
f 9402 9419 9453
f 9404 9396 9438
f 9420 9438 9396
f 9422 9421 9411
f 9411 9440 9422
f 9440 9412 9429
f 9414 9415 9430
f 9410 9408 9436
f 9395 9426 9444
f 9453 9426 9402
f 9419 9403 9449
f 9455 9427 9405
f 9450 9455 9405
f 9445 9429 9413
f 9441 9445 9413
f 9423 9430 9415
f 9423 9431 9435
f 9431 9398 9432
f 9693 9432 9398
f 9459 9436 9408
f 9444 9442 9401
f 9428 9433 9451
f 9439 9433 9421
f 9422 9439 9421
f 9430 9441 9414
f 9432 9435 9431
f 9447 9446 9416
f 9447 9436 9481
f 9444 9426 9443
f 9453 9443 9426
f 9449 9453 9419
f 9404 9438 9464
f 9438 9420 9454
f 9427 9454 9420
f 9427 9455 9467
f 9422 9440 9457
f 9423 9435 9694
f 9436 9459 9481
f 9437 9860 9460
f 9425 9460 9860
f 9442 9444 9443
f 9403 9404 9464
f 9456 9455 9450
f 9451 9450 9428
f 9439 9451 9433
f 9439 9422 9457
f 9440 9429 9457
f 9445 9468 9429
f 9441 9430 9473
f 9452 9442 9469
f 9442 9443 9469
f 9449 9463 9453
f 9467 9454 9427
f 9468 9457 9429
f 9445 9441 9458
f 9473 9458 9441
f 9446 9447 9448
f 9481 9448 9447
f 9459 9437 9460
f 9425 9434 9461
f 9452 9461 9434
f 9452 9469 9462
f 9443 9453 9470
f 9438 9454 9465
f 9451 9456 9450
f 9461 9452 9462
f 9469 9443 9478
f 9463 9470 9453
f 9449 9403 9466
f 9403 9464 9466
f 9467 9465 9454
f 9467 9455 9499
f 9456 9499 9455
f 9490 9456 9451
f 9462 9469 9475
f 9449 9466 9463
f 9464 9438 9465
f 9451 9439 9490
f 9692 9695 9474
f 9448 9481 9485
f 9481 9459 9496
f 9459 9460 9496
f 9485 9477 9448
f 9460 9425 9486
f 9443 9470 9478
f 9465 9484 9464
f 9499 9489 9467
f 9490 9439 9479
f 9457 9479 9439
f 9468 9471 9457
f 9468 9445 9472
f 9492 9472 9445
f 9445 9458 9492
f 9476 9458 9473
f 9461 9486 9425
f 9475 9461 9462
f 9463 9466 9504
f 9466 9464 9484
f 9465 9467 9489
f 9457 9471 9479
f 9491 9471 9468
f 9472 9491 9468
f 9476 9492 9458
f 9482 9475 9469
f 9469 9478 9482
f 9478 9470 9483
f 9463 9504 9483
f 9484 9504 9466
f 9499 9456 9490
f 9694 9480 9493
f 9494 9480 9692
f 9692 9474 9494
f 9477 9494 9474
f 9486 9496 9460
f 9470 9463 9483
f 9465 9624 9484
f 9465 9489 9624
f 9471 9491 9508
f 9461 9475 9501
f 9475 9482 9501
f 9502 9482 9478
f 9478 9483 9502
f 9504 9503 9483
f 9504 9484 9497
f 9471 9508 9479
f 9491 9472 9523
f 9472 9492 9523
f 9476 9473 9493
f 9473 9694 9493
f 9494 9477 9495
f 9486 9461 9487
f 9503 9502 9483
f 9488 9497 9484
f 9623 9488 9484
f 9484 9624 9623
f 9499 9498 9489
f 9524 9523 9492
f 9509 9492 9476
f 9493 9480 9500
f 9494 9500 9480
f 9495 9510 9494
f 9481 9496 9485
f 9501 9487 9461
f 9504 9497 9505
f 9624 9489 9498
f 9490 9479 9522
f 9508 9522 9479
f 9515 9508 9491
f 9523 9515 9491
f 9524 9492 9509
f 9476 9493 9509
f 9506 9509 9493
f 9500 9506 9493
f 9500 9494 9510
f 9477 9485 9511
f 9496 9511 9485
f 9496 9486 9530
f 9511 9510 9495
f 9495 9477 9511
f 9522 9498 9499
f 9499 9490 9522
f 9487 9530 9486
f 9503 9504 9521
f 9504 9505 9521
f 9497 9488 9513
f 9525 9524 9509
f 9501 9507 9512
f 9498 9534 9623
f 9509 9506 9526
f 9500 9510 9516
f 9510 9511 9529
f 9517 9529 9511
f 9511 9496 9517
f 9530 9517 9496
f 9487 9501 9530
f 9512 9530 9501
f 9498 9522 9534
f 9509 9526 9525
f 9529 9533 9510
f 9518 9512 9507
f 9505 9514 9521
f 9505 9497 9513
f 9534 9532 9623
f 9508 9515 9528
f 9515 9523 9528
f 9533 9516 9510
f 9533 9529 9547
f 9519 9527 9518
f 9512 9518 9531
f 9527 9531 9518
f 9519 9520 9527
f 9545 9527 9520
f 9520 9521 9545
f 9521 9514 9545
f 9522 9528 9540
f 9537 9528 9523
f 9535 9537 9523
f 9523 9524 9535
f 9524 9525 9535
f 9526 9535 9525
f 9543 9517 9530
f 9514 9505 9539
f 9505 9513 9539
f 9540 9534 9522
f 9526 9516 9533
f 9529 9517 9543
f 9530 9512 9543
f 9531 9527 9538
f 9534 9536 9532
f 9526 9731 9535
f 9531 9543 9512
f 9539 9532 9536
f 9543 9547 9529
f 9546 9545 9514
f 9539 9546 9514
f 9536 9534 9552
f 9731 9526 9549
f 9542 9541 9533
f 9533 9547 9542
f 9550 9531 9538
f 9551 9546 9539
f 9552 9861 9536
f 9534 9540 9552
f 9541 9549 9526
f 9537 9535 9556
f 9732 9556 9535
f 9731 9732 9535
f 9550 9541 9542
f 9547 9550 9542
f 9544 9547 9543
f 9538 9545 9733
f 9552 9540 9555
f 9540 9548 9555
f 9541 9553 9549
f 9544 9550 9547
f 9733 9541 9550
f 9733 9545 9554
f 9546 9554 9545
f 9546 9551 9554
f 9554 9861 9732
f 9556 9732 9861
f 9861 9555 9556
f 8712 8705 8683
f 633 9622 634
f 1006 1016 990
f 4678 4743 4702
f 871 834 835
f 9433 9397 9421
f 6684 6607 6524
f 5694 5681 5668
f 1756 1820 1796
f 7909 8092 8064
f 743 760 853
f 853 760 782
f 9041 9068 9100
f 3655 3713 3688
f 4916 5127 5044
f 6998 6997 6883
f 5123 4982 5069
f 8424 8435 8425
f 6871 6934 6955
f 1170 1044 1098
f 4953 4911 4968
f 7299 7399 7281
f 3794 9617 9616
f 8771 9557 8745
f 9558 5457 5423
f 3688 3654 3655
f 9563 4377 9599
f 1558 9566 1488
f 6730 6883 6801
f 5607 5713 5540
f 3375 3410 3311
f 7711 7863 7778
f 3483 3501 3413
f 9526 9533 9541
f 9552 9555 9861
f 3734 3751 3790
f 1337 1428 1360
f 7270 7372 7355
f 6722 7071 6917
f 6291 6255 6450
f 634 680 647
f 252 280 319
f 7227 7296 7351
f 8648 8649 8683
f 1702 1754 1701
f 755 658 761
f 5877 5768 5802
f 5611 5563 9739
f 5563 5564 9739
f 9506 9500 9516
f 9508 9528 9522
f 6416 6395 6353
f 5657 5460 5573
f 6739 6607 6684
f 6197 6209 6131
f 9539 9513 9532
f 4756 4645 4733
f 4218 4207 4158
f 7168 7082 7083
f 596 567 597
f 369 368 353
f 7681 7528 7588
f 7588 7528 7575
f 8594 9560 8615
f 8594 8573 9560
f 8874 9561 8884
f 8874 8885 9561
f 7521 7470 7593
f 9562 8560 8550
f 6500 6373 6387
f 9563 4459 4405
f 463 9564 421
f 2532 2617 2593
f 7593 7618 7596
f 7605 7596 7618
f 6706 7016 6781
f 3876 3923 3906
f 8976 8997 8969
f 6530 6430 6521
f 6354 6464 6379
f 1124 1159 1053
f 499 567 473
f 596 473 567
f 9337 9318 9294
f 5917 6131 5989
f 721 736 676
f 5941 5964 5894
f 5894 5964 5910
f 9565 1112 1140
f 1128 1129 1193
f 1115 1193 1129
f 9566 1558 1584
f 789 809 771
f 771 809 9567
f 4738 4884 9568
f 4898 9568 4884
f 6082 6258 6162
f 7505 7758 9569
f 4544 4543 4504
f 4067 4068 4147
f 9024 9042 9019
f 9042 9037 9019
f 3906 3875 3876
f 3717 9571 3582
f 1378 1420 1301
f 1439 1558 1428
f 4953 5070 4982
f 1706 1697 9572
f 4807 4733 4789
f 4847 4733 4807
f 6706 6781 6625
f 6788 9610 6926
f 9573 544 519
f 3790 3858 3784
f 5439 5340 5391
f 9574 6323 6268
f 9501 9482 9507
f 9482 9502 9507
f 9337 9338 9354
f 7174 7270 7355
f 7232 7174 7355
f 9551 9536 9861
f 9539 9536 9551
f 986 891 1066
f 1066 891 906
f 4727 4714 4764
f 4909 4889 4851
f 5182 5044 5127
f 924 881 775
f 881 9575 775
f 775 9575 860
f 5171 5049 5204
f 5171 5064 5049
f 5049 5031 5204
f 6804 6889 6888
f 5037 4889 4923
f 2469 2472 2484
f 5786 5732 5838
f 5838 5732 5839
f 1075 9576 1086
f 8594 8615 8648
f 807 830 9577
f 7137 9578 7122
f 4072 4002 3990
f 1079 986 1066
f 5614 5764 5603
f 5764 5717 5603
f 5603 5717 5655
f 5210 5123 5191
f 5152 5192 5191
f 3581 9571 3466
f 3581 3582 9571
f 6684 6608 6700
f 1847 1750 1859
f 7554 7492 7677
f 7492 7555 7677
f 4161 4311 4347
f 4161 4219 4311
f 251 311 205
f 268 205 311
f 4378 9579 4316
f 2734 2754 2789
f 2779 2693 9580
f 2693 2735 9580
f 3157 3153 3232
f 5841 5713 5884
f 776 924 737
f 9350 9330 9358
f 7038 7006 6932
f 6932 7006 6953
f 9452 9418 9442
f 9418 9452 9434
f 8847 8875 8846
f 8879 8875 8847
f 7677 7650 7712
f 6766 9582 6705
f 2463 2377 2473
f 2463 2424 2377
f 5436 5271 5372
f 5271 5436 5306
f 9014 8987 8977
f 8987 9583 8977
f 8987 8998 8983
f 8987 8983 9583
f 9584 8526 8567
f 9584 8566 8526
f 8567 8526 8544
f 8042 9585 7919
f 7919 9585 7803
f 596 597 735
f 735 597 662
f 673 596 735
f 4067 3906 4003
f 3906 3923 4003
f 433 9586 432
f 432 9586 463
f 8970 8969 8939
f 8969 8970 8976
f 5382 5504 5363
f 5363 5504 5455
f 1236 1159 1278
f 9587 4642 4661
f 9587 4613 4583
f 4612 4613 9587
f 6655 6656 6795
f 6656 6729 6795
f 9109 9047 9588
f 9067 9588 9047
f 4321 4386 4344
f 4344 4386 4385
f 7686 7672 7772
f 4344 4293 4321
f 4321 4293 4284
f 2656 2676 9590
f 9590 2693 2656
f 2473 9591 2463
f 2473 2609 9591
f 2609 2608 9591
f 4427 4385 4386
f 4385 4427 4494
f 5092 5053 5054
f 4968 5054 5053
f 6487 6612 6625
f 9592 7473 7619
f 9168 9207 9175
f 5707 9594 5619
f 5707 5662 9593
f 9594 5707 9593
f 905 9595 875
f 816 9595 850
f 875 9595 816
f 1850 1794 1754
f 1794 1850 1818
f 5691 5664 5665
f 5640 5664 5691
f 5640 5691 5663
f 4440 9677 9596
f 9596 9677 4406
f 9596 4461 4498
f 4461 9596 4406
f 9425 9860 9417
f 9417 9860 9390
f 8674 8695 8684
f 8695 9597 8684
f 8684 9597 8673
f 5107 5152 5105
f 3131 3119 3024
f 3177 3119 3131
f 4560 4580 4551
f 4572 4592 9598
f 4572 9598 4580
f 4280 9599 4229
f 4229 9599 4377
f 957 9600 970
f 9600 971 9601
f 957 971 9600
f 9603 7190 9602
f 7322 9603 9602
f 627 655 592
f 3828 3794 3795
f 762 9605 761
f 879 878 9604
f 761 9605 879
f 879 9604 761
f 7711 9606 7553
f 7553 9606 9725
f 9607 5341 5245
f 5391 5340 5341
f 6689 6777 6690
f 8669 8690 8694
f 8668 8694 8723
f 8723 8694 8706
f 869 870 929
f 929 942 941
f 929 872 942
f 943 942 9608
f 7443 7426 7528
f 7426 7294 7528
f 9609 7528 7294
f 6926 7154 6970
f 6926 9610 7154
f 7154 9610 7020
f 9316 9330 9293
f 9330 9611 9293
f 9611 9263 9293
f 5600 9613 5680
f 9614 9613 9612
f 5600 9612 9613
f 8913 8954 8932
f 8913 8947 8986
f 8995 9615 8986
f 8913 8986 8954
f 9615 8954 8986
f 3483 3624 3502
f 9616 9617 3502
f 9616 3502 3624
f 5161 5307 5270
f 5307 5271 5270
f 7764 7724 9618
f 7724 7629 9618
f 7629 7581 9618
f 7281 7154 7299
f 7299 7154 7114
f 9620 9621 575
f 9621 9620 9619
f 606 9619 9620
f 9622 606 9620
f 9532 9513 9488
f 9623 9624 9498
f 9488 9623 9532
f 7174 9625 7064
f 9625 7174 9626
f 7232 9626 7174
f 9521 9520 9503
f 9502 9519 9518
f 9502 9518 9507
f 9519 9503 9520
f 9502 9503 9519
f 5061 4915 9627
f 4915 4898 9627
f 8822 8835 8839
f 8847 9632 9630
f 9630 9629 8840
f 8835 9628 9629
f 9628 8840 9629
f 9630 9632 9629
f 8835 9632 8839
f 8835 9629 9632
f 9631 8848 9628
f 633 9633 606
f 670 9633 633
f 669 668 670
f 606 9633 621
f 670 646 9633
f 621 9633 646
f 646 670 668
f 9046 9636 9638
f 9635 9634 9637
f 9634 9638 9637
f 9110 9638 9634
f 9638 9110 9121
f 9636 8995 9637
f 9636 9637 9638
f 1015 1014 9641
f 1005 9639 987
f 1005 1030 9639
f 9639 9640 975
f 1005 1014 1030
f 9641 1014 1005
f 1030 9640 9639
f 1876 1915 1888
f 1926 1790 1915
f 1813 1915 1790
f 9343 9374 9644
f 9394 9373 9645
f 9644 9374 9643
f 9643 9389 9645
f 9645 9373 9643
f 9389 9643 9642
f 9642 9643 9374
f 5552 9647 5624
f 5552 5536 9647
f 5536 9646 9647
f 9646 5558 5572
f 9646 5572 5571
f 5571 9647 9646
f 8530 9651 8425
f 9651 9648 8555
f 9651 8555 9649
f 8425 9649 8464
f 9650 8555 9648
f 8554 8555 9650
f 8603 8554 9650
f 8425 9651 9649
f 4094 3916 4045
f 6421 6374 6286
f 6576 6641 6717
f 9652 6374 6421
f 9652 6523 6374
f 6421 6576 9652
f 9652 6576 6717
f 1049 9653 1040
f 1017 1087 1049
f 1012 985 9654
f 1037 1038 9655
f 9653 9655 1038
f 985 968 9654
f 1041 1049 1040
f 1041 1012 9654
f 1041 9654 1049
f 1040 9653 1038
f 968 1049 9654
f 800 780 9658
f 9657 692 614
f 780 9656 9658
f 707 781 9659
f 9656 9660 9658
f 9659 687 707
f 9657 9661 9662
f 9657 9662 692
f 800 9658 9659
f 9662 642 9660
f 9658 9660 642
f 9658 642 687
f 687 9659 9658
f 781 800 9659
f 9656 692 9660
f 9660 692 9662
f 9661 641 9662
f 1142 1113 1128
f 1114 1128 1065
f 916 9664 9666
f 969 9663 9664
f 1119 9665 1142
f 874 9667 949
f 9665 1128 1113
f 1142 9665 1113
f 1065 1128 9663
f 9665 9664 9663
f 1128 9665 9663
f 9667 9665 949
f 9667 9666 9664
f 949 1119 963
f 949 9665 1119
f 9665 9667 9664
f 9667 825 9666
f 9670 968 9671
f 930 9668 9671
f 847 859 911
f 847 922 9668
f 9668 889 9669
f 9608 889 930
f 9668 978 9671
f 911 922 847
f 9671 978 9673
f 9673 9670 9671
f 9668 922 978
f 9668 930 889
f 847 9668 9669
f 978 9672 9673
f 9676 4406 9677
f 4147 4243 4250
f 9674 9675 9676
f 9676 4250 4243
f 9675 4250 9676
f 9674 9676 9677
f 9678 9679 9680
f 9155 9680 9679
f 9680 9092 9678
f 9681 9682 396
f 317 352 9688
f 352 396 9682
f 9685 9684 339
f 9681 9683 9684
f 339 9683 325
f 9682 9681 9684
f 352 9682 9688
f 9681 384 9683
f 9686 9683 384
f 9682 9684 9685
f 9687 352 317
f 339 9684 9683
f 9682 9685 9688
f 339 303 9685
f 4782 9690 4921
f 4919 4932 9691
f 9691 4748 4764
f 5085 5103 9689
f 4932 9690 9691
f 4782 4748 9690
f 4921 9690 4932
f 4764 4919 9691
f 5145 4921 5103
f 4921 4932 9689
f 9690 4748 9691
f 5103 4921 9689
f 9430 9694 9473
f 9416 9424 9394
f 9430 9423 9694
f 9435 9432 9480
f 9432 9693 9692
f 9407 9695 9693
f 9692 9693 9695
f 9416 9446 9424
f 9435 9480 9694
f 9692 9480 9432
f 9446 9695 9424
f 9407 9394 9424
f 9407 9424 9695
f 4663 4638 4640
f 4680 4640 4638
f 4727 9697 4690
f 4701 9697 4727
f 4690 9697 4715
f 4716 4704 4730
f 4704 4680 4639
f 9696 4639 9697
f 4704 4639 4730
f 9697 4701 9696
f 4663 4640 4679
f 4730 4639 9696
f 393 9703 427
f 9701 346 347
f 9703 9702 427
f 9701 351 9703
f 351 9701 318
f 296 9698 295
f 347 318 9701
f 9699 9700 346
f 9698 318 347
f 347 320 9698
f 9703 393 9701
f 335 9700 9699
f 9699 346 9701
f 393 9699 9701
f 5238 9705 5324
f 5144 9705 5238
f 9706 9705 5108
f 5008 4847 9704
f 9704 4807 9706
f 4848 5056 9706
f 4807 9704 4847
f 9704 9706 5108
f 4848 9706 4807
f 9707 2484 2472
f 2443 9711 9710
f 9710 9711 2422
f 9711 2359 2422
f 9708 2679 9709
f 2484 9710 2422
f 2484 9707 9710
f 2508 9710 9707
f 9709 2519 9708
f 2359 9711 2321
f 2607 2508 9709
f 2519 9709 9707
f 9707 9709 2508
f 9715 9719 4653
f 4574 4636 4594
f 4635 4594 4636
f 4659 9721 4641
f 4623 9713 9719
f 4653 9719 4673
f 4624 4635 9713
f 4636 9720 4635
f 9718 4673 9719
f 9721 9716 9712
f 9721 4658 9716
f 9717 9718 9713
f 4674 9717 9720
f 9713 9718 9719
f 9716 9720 4596
f 9715 4609 9719
f 4658 4674 9720
f 9720 9717 4635
f 9712 9716 9714
f 9721 9712 4641
f 4658 9720 9716
f 4635 9717 9713
f 4596 9714 9716
f 4609 4623 9719
f 9717 4674 9718
f 6850 9727 9730
f 7553 9725 9728
f 9726 7341 9722
f 9724 7079 9723
f 7271 7326 9723
f 9724 9729 9727
f 7326 9726 9722
f 9722 7223 9729
f 6795 6850 6882
f 9729 9723 9722
f 9727 6851 9724
f 9728 9725 9726
f 7326 9728 9726
f 6851 9582 9724
f 9723 9729 9724
f 6882 6850 9730
f 9730 9729 6882
f 9730 9727 9729
f 7326 9722 9723
f 9537 9548 9528
f 9541 9733 9553
f 9732 9553 9554
f 9554 9553 9733
f 9550 9544 9531
f 9531 9544 9543
f 9731 9553 9732
f 9550 9538 9733
f 9549 9553 9731
f 9735 6076 6232
f 6218 9735 6232
f 6218 6076 9735
f 9734 9736 5996
f 5634 9739 9737
f 9737 9740 5741
f 5996 9742 9734
f 9734 9742 6005
f 9741 9736 5925
f 9738 6005 9742
f 6076 9738 9742
f 5741 9741 5925
f 9740 9741 5741
f 6218 9738 6076
f 9741 5996 9736
f 7087 7116 9744
f 9743 9750 7563
f 7816 7836 7735
f 7563 9750 7604
f 7116 9749 9744
f 7400 9744 9749
f 7836 9745 7735
f 9752 9746 7415
f 7836 7872 9745
f 7415 9746 9743
f 9748 9743 7431
f 9751 9746 9752
f 9751 9749 7116
f 9750 9743 9748
f 9746 7431 9743
f 7431 9751 7318
f 7318 9751 9747
f 9745 9748 7735
f 7116 9747 9751
f 9749 9751 9752
f 9745 9750 9748
f 9752 7400 9749
f 7431 9746 9751
f 3404 3292 3387
f 3246 3387 3292
f 3246 3053 3126
f 2924 9755 2829
f 2988 3081 3102
f 3126 3053 2998
f 9754 3045 9755
f 3053 3246 9753
f 3053 9753 3081
f 9755 2924 9754
f 3292 9753 3246
f 6568 9759 9758
f 9760 9625 6968
f 6520 6568 6567
f 6568 6520 9757
f 9759 9757 6640
f 6507 6640 9757
f 6839 9756 6771
f 9758 6839 6968
f 6507 9757 9761
f 6771 9759 6640
f 6362 9761 6428
f 9759 6771 9756
f 9760 6968 6839
f 6839 9758 9756
f 9758 9759 9756
f 7107 9772 7254
f 9764 9763 7134
f 7134 9763 7066
f 7323 9772 7127
f 7289 9772 7323
f 6665 9769 9767
f 6618 9767 6638
f 6638 9769 9773
f 6871 6848 6872
f 9768 9764 7116
f 6875 9776 9774
f 6875 6860 9776
f 9775 9777 9766
f 7066 9763 6860
f 6934 9766 6955
f 6955 9766 9762
f 6638 9773 6736
f 6859 9776 6860
f 9769 9774 9773
f 6859 9775 9776
f 6859 9763 9764
f 9772 6955 9770
f 9777 9775 9768
f 9772 9770 7127
f 6955 9762 9770
f 9770 9762 9765
f 9767 9769 6638
f 9775 9771 9776
f 6736 9771 6872
f 6859 9764 9768
f 9766 9771 9775
f 9772 7107 6955
f 9771 9773 9774
f 9771 9774 9776
f 9777 6950 9765
f 9762 9777 9765
f 6736 6872 6848
f 9765 6876 9770
f 9777 9762 9766
f 6736 9773 9771
f 9768 9775 6859
f 6961 7012 9788
f 7162 9788 7012
f 6907 9780 7146
f 7040 9788 7162
f 7166 9785 9797
f 6956 9783 6976
f 6918 9790 6853
f 9786 6976 9796
f 6996 9781 6918
f 6858 6976 9786
f 6853 9790 6870
f 9787 9795 9786
f 9780 9791 9793
f 6996 9789 9781
f 9797 9785 9799
f 9787 9798 9799
f 9794 9779 9792
f 9787 9793 9795
f 9793 9781 9795
f 6870 9790 9791
f 9798 9796 9783
f 9798 9786 9796
f 9797 9782 7166
f 9798 9783 9797
f 9786 9778 6858
f 9790 6918 9781
f 7185 7146 9780
f 9787 9799 9780
f 9784 9947 9795
f 9789 9779 9781
f 9799 9798 9797
f 9780 9785 7185
f 9796 6976 9783
f 9789 9788 7040
f 9793 9791 9790
f 6996 9788 9789
f 9792 9779 7040
f 9947 9786 9795
f 9794 9781 9779
f 9786 9947 9778
f 9785 9780 9799
f 9781 9794 9795
f 9787 9786 9798
f 9783 9782 9797
f 9787 9780 9793
f 9790 9781 9793
f 9946 9947 9784
f 9795 9794 9784
f 65 9810 33
f 9802 33 9810
f 68 55 9812
f 9805 9841 6
f 9814 35 9825
f 7 6 9841
f 9819 9827 3
f 3 18 9819
f 26 25 9804
f 83 9803 9828
f 30 83 9828
f 9807 9839 9834
f 9831 9822 9800
f 9830 9800 26
f 9829 9832 9843
f 9834 9839 9802
f 9817 3 9827
f 18 2 9819
f 9809 9825 9829
f 9826 9807 9836
f 9824 94 9802
f 9828 9813 30
f 9811 9820 9815
f 9809 9829 9805
f 9808 9837 9816
f 9813 9822 31
f 9804 9830 26
f 9809 9812 9814
f 9816 9807 9826
f 9812 9809 9805
f 9843 9808 9816
f 9806 9832 9825
f 9826 9820 9842
f 9800 9803 26
f 9808 9843 61
f 9833 9811 9821
f 94 33 9802
f 9800 9822 9828
f 9831 9818 9823
f 9823 9818 9840
f 9832 9806 61
f 9843 9832 61
f 9814 9825 9809
f 9826 9842 9841
f 9842 7 9841
f 9811 9833 9820
f 9838 9811 9815
f 9815 9826 9836
f 9826 9815 9820
f 9818 9831 9835
f 9802 9839 9824
f 9819 9840 9827
f 23 9801 9835
f 9816 9839 9807
f 9819 9823 9840
f 9824 9839 9837
f 9816 9826 9843
f 24 9830 9804
f 9811 9838 22
f 9801 9838 9835
f 9826 9841 9829
f 9831 9830 24
f 9801 22 9838
f 9838 9840 9818
f 9835 9838 9818
f 9810 9817 9836
f 9811 22 9821
f 9823 9819 2
f 9803 9800 9828
f 9828 9822 9813
f 9829 9825 9832
f 9823 2 9831
f 2 9822 9831
f 9840 9836 9817
f 9827 9840 9817
f 68 9812 9805
f 9836 9834 9802
f 9831 24 9835
f 9841 9805 9829
f 9807 9834 9836
f 9815 9836 9840
f 9826 9829 9843
f 9810 9836 9802
f 31 9822 2
f 9800 9830 9831
f 9815 9840 9838
f 9837 9839 9816
f 9842 9820 8
f 8797 9846 9850
f 9557 9857 9853
f 8809 8808 8801
f 8806 9846 8802
f 9845 9858 9854
f 8801 9852 8800
f 8801 8808 9852
f 8800 9852 8791
f 8807 9844 8815
f 8790 9856 9851
f 8802 8797 8814
f 8814 8806 8802
f 9848 9853 9845
f 9845 9850 9858
f 8795 9857 9557
f 8813 9850 9845
f 8790 8791 9856
f 9851 9856 9855
f 9845 9853 9857
f 9844 9847 9855
f 9849 9845 9857
f 9857 8795 9849
f 9854 9858 8825
f 8814 8797 8788
f 9845 9854 9848
f 9848 9854 8829
f 9859 9847 9844
f 8797 8802 9846
f 8824 9848 8829
f 8813 9845 9849
f 9855 9856 8808
f 9852 8808 9856
f 8814 8788 8807
f 9855 9847 9851
f 9859 9844 8807
f 9859 8807 8788
f 9858 9846 8825
f 9846 9858 9850
f 8791 9852 9856
f 9855 8816 9844
f 9373 9362 9643
f 2954 3013 3024
f 6396 6500 6520
f 929 870 872
f 6042 5947 5868
f 1750 1847 1743
f 8600 9584 8567
f 7737 7790 7817
f 9698 320 295
f 4679 4640 4703
f 5482 5465 5466
f 9622 633 606
f 5630 5800 5831
f 6956 7043 9783
f 9783 7043 9782
f 9526 9506 9516
f 541 532 490
f 5663 5639 5640
f 3911 3941 3934
f 651 527 471
f 527 440 471
f 1014 1015 1046
f 9477 9474 9446
f 9448 9477 9446
f 9695 9446 9474
f 5447 5537 5558
f 780 751 9656
f 8099 8054 7962
f 8054 7998 7962
f 9556 9555 9537
f 9555 9548 9537
f 4636 4596 9720
f 3268 3098 3219
f 9528 9548 9540
f 9437 9383 9860
f 4935 4842 4936
f 4842 4835 4936
f 9527 9545 9538
f 9861 9554 9551
f 50 44 1
f 50 9874 44
f 11 53 9904
f 9884 9904 9908
f 9867 9911 10
f 9864 9900 89
f 36 9892 9882
f 13 9866 14
f 9862 51 9897
f 9881 9897 51
f 9875 9874 50
f 43 9872 9893
f 49 9899 9872
f 49 9906 9899
f 48 9906 49
f 46 41 9905
f 46 9905 9891
f 9886 9873 4
f 9870 9880 9879
f 9879 9880 9876
f 9885 9878 9905
f 9875 9877 9879
f 1 9901 9885
f 9884 9908 9910
f 9898 9895 9896
f 13 9873 9866
f 9910 9907 9884
f 44 9901 1
f 9887 9863 9895
f 9885 9905 9883
f 9870 9899 9880
f 9900 9864 9865
f 9883 9898 9896
f 41 40 9905
f 9875 9878 9874
f 9879 9878 9875
f 9885 9901 9878
f 9879 9877 9870
f 9908 9911 9867
f 9863 9869 9909
f 9896 9902 9897
f 9868 9890 9871
f 5 9888 16
f 9886 9884 9907
f 9896 9885 9883
f 9863 9887 9866
f 9873 9869 9866
f 9868 17 9888
f 9871 9890 9905
f 9906 9871 9880
f 9872 9870 9893
f 5 9868 9888
f 9882 9892 9909
f 9864 9882 9909
f 9863 9909 9902
f 9869 9907 9865
f 9903 9868 5
f 49 9872 43
f 9903 9890 9868
f 9872 9899 9870
f 9893 9870 9877
f 9867 9865 9910
f 9865 9867 9900
f 9902 9896 9895
f 9897 9902 9862
f 9907 9869 9873
f 9905 9890 9891
f 9894 9897 1
f 44 9874 9901
f 9866 9887 14
f 9876 9878 9879
f 9880 9905 9876
f 40 9883 9905
f 1 9897 9881
f 9880 9871 9905
f 17 9871 9906
f 9904 9884 9886
f 9910 9908 9867
f 9886 9907 9873
f 40 9898 9883
f 9891 9890 9889
f 9894 9896 9897
f 9896 9894 9885
f 9865 9907 9910
f 9863 9866 9869
f 9902 9909 9862
f 9874 9878 9901
f 9903 9889 9890
f 9904 53 9908
f 9892 9862 9909
f 1 9885 9894
f 9867 89 9900
f 9906 9880 9899
f 9863 9902 9895
f 53 9911 9908
f 9904 9886 12
f 9864 9909 9865
f 9905 9878 9876
f 9868 9871 17
f 9865 9909 9869
f 3576 9933 9913
f 9933 9912 9914
f 9933 9914 9913
f 9912 9915 9914
f 9912 3569 9915
f 3569 9923 9915
f 3569 9916 9923
f 3598 9923 9916
f 3598 9921 9923
f 3544 9922 9921
f 3430 9922 3544
f 9914 9924 9913
f 3430 9919 9922
f 9914 9915 9927
f 9927 9920 9917
f 9928 9922 9920
f 9924 9914 9927
f 3344 9918 9925
f 3232 3253 9929
f 3253 3322 9918
f 9915 9923 9928
f 9918 9929 3253
f 9922 9928 9921
f 9924 9917 3484
f 3562 9913 9924
f 3484 3562 9924
f 9926 3423 9917
f 9922 9919 9920
f 9925 9918 9926
f 9918 3322 9926
f 9926 3322 3423
f 9927 9928 9920
f 9928 9927 9915
f 9927 9917 9924
f 3484 9917 3423
f 9928 9923 9921
f 9917 9920 9926
f 9920 9925 9926
f 9925 9920 9919
f 3227 3209 3189
f 9933 9941 9912
f 3569 9912 9930
f 3227 3296 9936
f 3351 9937 9935
f 9941 3555 9937
f 3339 9931 9937
f 9932 9936 9934
f 9934 9936 3296
f 3296 9942 9931
f 9937 9931 9941
f 9934 9940 9932
f 9912 9941 9930
f 9940 9934 3339
f 9939 9942 9938
f 9935 9937 3555
f 9942 9930 9941
f 9933 3555 9941
f 9930 9942 9939
f 3489 9930 9939
f 9937 3351 3339
f 3296 9938 9942
f 3227 9936 3209
f 3569 9930 3489
f 3209 9936 9932
f 9934 3296 9931
f 3339 9934 9931
f 9941 9931 9942
f 6997 7059 7014
f 7342 9959 7492
f 9961 9953 7141
f 7014 7031 7126
f 7057 9944 7058
f 7082 7081 7083
f 6855 7011 9784
f 9945 9784 7011
f 9957 9953 9961
f 9950 7031 9956
f 9948 7083 7081
f 9958 9945 7009
f 9943 9958 9962
f 9954 7058 9944
f 9953 9957 9952
f 9948 9954 9955
f 9952 9955 9962
f 9961 9960 9950
f 9953 9952 9949
f 7125 9960 9959
f 9961 9956 9957
f 9950 9956 9961
f 9943 9778 9947
f 9784 9945 9946
f 9956 9952 9957
f 9955 7083 9948
f 7204 9951 7141
f 7381 7555 7492
f 9946 9958 9947
f 9949 9952 9962
f 9955 9956 7031
f 9954 9962 9955
f 9961 9959 9960
f 7059 7031 7014
f 9956 9955 9952
f 9958 9943 9947
f 7059 9955 7031
f 7009 9953 9949
f 7492 9959 9951
f 9951 7381 7492
f 9943 9962 9954
f 9943 9954 9944
f 9959 7141 9951
f 7059 7083 9955
f 9949 9962 9958
f 9946 9945 9958
f 9961 7141 9959
f 6764 7047 9966
f 9984 9967 6913
f 9981 9973 6677
f 6913 9967 9968
f 9967 9969 6856
f 9965 9983 9975
f 6861 6806 9975
f 6827 9963 6874
f 6618 9974 6639
f 6856 9972 6748
f 6893 6932 9963
f 9982 9980 9972
f 9978 9970 9981
f 9977 9983 9965
f 9969 9975 9983
f 6807 6734 6806
f 6953 9963 6932
f 6748 9980 9964
f 9968 9967 6914
f 9982 9972 9977
f 9977 9970 9982
f 9979 9966 6893
f 6603 6637 9978
f 9970 9978 6637
f 9979 6893 9963
f 9970 9973 9981
f 9969 9967 9984
f 9980 6672 9964
f 9980 6748 9972
f 6827 9976 9963
f 9972 9969 9983
f 9975 9984 6861
f 9971 9966 9979
f 9975 9969 9984
f 6637 9971 9970
f 9963 9976 9979
f 6856 9969 9972
f 9973 9970 9977
f 9977 9972 9983
f 9981 9974 6603
f 9979 9982 9970
f 9979 9970 9971
f 9980 9976 6672
f 6680 9971 6637
f 9980 9982 9976
f 6806 6734 9965
f 9981 6603 9978
f 9977 9965 9973
f 6806 9965 9975
f 9982 9979 9976
f 6672 6631 9964
f 6734 9973 9965
f 4777 9989 4732
f 4717 9987 9999
f 5266 9988 9997
f 4771 9990 4745
f 4746 10001 9989
f 9998 10000 5194
f 4912 9992 9986
f 4879 9987 4820
f 9999 9987 9992
f 4665 9993 9996
f 4732 10001 4689
f 4731 9994 9989
f 5104 9995 9998
f 4689 9990 4665
f 10000 9998 9995
f 9996 4732 4665
f 9997 9988 9985
f 9985 5477 5544
f 4665 9990 4771
f 4665 4771 4717
f 9995 5425 9988
f 4665 4681 9993
f 4778 9996 9993
f 9987 4879 9992
f 9988 5477 9985
f 9988 5425 5477
f 5194 10000 5266
f 9989 9991 4746
f 9989 9994 9991
f 4666 9999 9992
f 5561 5544 5477
f 9986 9992 5014
f 10000 9995 9988
f 9994 4762 9991
f 4879 5014 9992
f 9999 4666 4681
f 10001 4732 9989
f 9998 9986 5014
f 9988 5266 10000
f 9986 9998 5194
f 4732 4689 4665
f 4792 9991 4762
f 9887 9895 14
f 9889 46 9891
f 3562 3576 9913
f 9966 9971 6680
f 10002 4793 4731
f 9994 4731 4793
f 6587 6603 9974
f 6677 9973 6639
f 9973 6734 6639
f 9769 6665 6762
