v -0.0273676 0.0459102 -0.0824586
v 0.335085 0.0456871 -0.13494
v 0.350542 0.0357801 -0.0608299
v 0.0339049 0.034592 0.0576509
v 0.0741712 0.0696414 -0.14379
v 0.466736 0.039252 0.0665455
v 0.466875 0.0411465 0.0489576
v 0.456645 0.0436602 0.00606615
v -0.0151346 0.056324 -0.129093
v -0.0584998 0.0337276 0.0940651
v -0.00909684 0.0292958 0.126258
v 0.0114179 0.0295886 0.107124
v 0.041113 0.0382987 0.00807534
v 0.0378437 0.0370319 -0.0179748
v 0.044165 0.0370601 -0.0468767
v 0.077252 0.0713481 -0.145152
v 0.0441948 0.0846982 -0.175697
v 0.337923 0.0403011 -0.0989644
v 0.347212 0.0377776 -0.0647041
v 0.371256 0.043273 0.0701004
v 0.463746 0.0443122 0.0290499
v 0.431549 0.044925 -0.0471822
v 0.421124 0.0493528 -0.0819953
v 0.4033 0.0526774 -0.146818
v 0.384587 0.0578911 -0.178829
v 0.375058 0.0570537 -0.178318
v 0.41312 0.0527823 -0.118433
v 0.403731 0.0547069 -0.154107
v 0.393772 0.0578995 -0.171634
v 0.3411 0.057921 -0.170952
v 0.327689 0.0498237 -0.148284
v 0.330135 0.0481588 -0.137113
v 0.360587 0.0409257 -0.00504371
v 0.392953 0.0445812 0.101697
v 0.404053 0.040728 0.113802
v -0.0572836 0.0461009 -0.0166042
v -0.063633 0.0475914 0.00892835
v 0.026922 0.0344787 0.0846308
v 0.0405258 0.0385255 0.0289522
v 0.0526661 0.041619 -0.0711919
v 0.0566575 0.0456719 -0.0804139
v 0.0744908 0.0619795 -0.124784
v 0.00114568 0.0732913 -0.162471
v -0.0222647 0.0508242 -0.0984177
v 0.0372758 0.0382352 0.0528814
v 0.0637578 0.0521196 -0.0987208
v 0.0598774 0.0841838 -0.171131
v 0.0284826 0.0853589 -0.178295
v 0.0138786 0.0803043 -0.174637
v -0.0245975 0.05382 -0.101526
v -0.0494889 0.0448387 -0.0347148
v -0.0467164 0.0323204 0.116377
v -0.0290611 0.0294442 0.123484
v 0.432858 0.0420494 0.125735
v 0.449467 0.0405282 0.116815
v 0.467063 0.0403849 0.080421
v 0.333481 0.0567903 -0.160326
v 0.332781 0.0451758 -0.12304
v 0.352514 0.0372198 -0.048461
v 0.388033 0.0503446 0.0969936
v 0.381705 0.0413928 0.0863387
v 0.450214 0.0482017 -0.0141158
v 0.400647 0.0571579 -0.161219
v 0.33802 0.0459562 -0.0975814
v 0.359536 0.0387604 -0.0187854
v 0.3649 0.0425124 0.051964
v 0.382319 0.0585234 0.0861628
v 0.460487 0.0392313 0.10283
v 0.0427828 0.0389484 -0.0297856
v 0.0749801 0.0784681 -0.154052
v -0.00740718 0.0708185 -0.149463
v -0.0150658 0.0621795 -0.134872
v 0.468666 0.0557968 0.0632857
v 0.424697 0.051642 -0.0765829
v 0.421565 0.0667288 -0.104881
v 0.376804 0.0597889 -0.181155
v 0.368381 0.0601461 -0.181889
v 0.331152 0.0575189 -0.150223
v 0.351114 0.0434064 -0.0470958
v 0.0499386 0.047477 -0.0504576
v 0.0776683 0.0779424 -0.132427
v 0.453139 0.0507023 -0.00947351
v 0.351865 0.0591305 -0.177912
v 0.340582 0.0476462 -0.0858206
v 0.0551771 0.0507027 -0.0674752
v -0.021825 0.0611221 -0.110815
v -0.0664855 0.0538824 0.0340562
v -0.0680224 0.0406557 0.0445544
v -0.0657226 0.0368972 0.0582535
v -0.0539686 0.0382772 0.111835
v 0.465077 0.05134 0.0331498
v 0.436253 0.0485874 -0.0466659
v 0.335097 0.0536261 -0.0994475
v 0.361751 0.0416957 0.0223991
v 0.46437 0.0439212 0.100122
v 0.0455536 0.0455294 -0.033877
v 0.0738969 0.0669811 -0.116783
v 0.0695471 0.0841233 -0.162484
v 0.0637057 0.093325 -0.163697
v -0.0444974 0.0519775 -0.0516956
v -0.0388733 0.0365744 0.127799
v 0.461512 0.0537045 0.0154941
v 0.405446 0.0628275 -0.149869
v 0.331768 0.0525736 -0.130814
v 0.36482 0.0513101 0.0416508
v 0.398505 0.0576663 0.11526
v 0.415786 0.0430197 0.124538
v 0.449431 0.0457081 0.123161
v 0.459155 0.0467113 0.113436
v 0.0199646 0.0405244 0.102125
v 0.0728957 0.090768 -0.153891
v -0.0171608 0.0697145 -0.129224
v -0.0504894 0.0562178 -0.0375276
v -0.0217957 0.0344163 0.133335
v -0.00527556 0.0345742 0.12937
v 0.00669776 0.0326756 0.117904
v 0.448101 0.0557491 -0.0296392
v 0.440503 0.0600569 -0.051416
v 0.413391 0.0601652 -0.12542
v 0.398593 0.066208 -0.163126
v 0.330578 0.0647868 -0.140308
v 0.34845 0.0444284 -0.056726
v 0.35533 0.0488378 -0.00512406
v 0.359095 0.0529768 0.0194489
v 0.394009 0.0584241 0.108437
v 0.404849 0.0538442 0.120213
v 0.434985 0.0495677 0.129373
v 0.467247 0.0494114 0.0808114
v 0.0374629 0.0455343 0.0517058
v 0.0417911 0.0544228 0.0211955
v 0.0684966 0.0592845 -0.101626
v 0.0130885 0.0908196 -0.169079
v -0.0272877 0.0592114 -0.0947104
v -0.0391467 0.0641986 -0.0693295
v -0.0605921 0.0399183 0.093142
v 0.467222 0.056657 0.0431413
v 0.393545 0.0728109 -0.168889
v 0.333782 0.0692699 -0.156612
v 0.332088 0.0531987 -0.121987
v 0.418461 0.059972 0.128873
v 0.443841 0.0629789 0.123007
v 0.0321577 0.0435021 0.0729842
v 0.0440392 0.0491524 0.00675013
v 0.0690277 0.0644767 -0.085401
v 0.0752659 0.0712915 -0.108604
v 0.0354622 0.102972 -0.170728
v 0.428189 0.0619981 -0.0813195
v 0.338435 0.0564523 -0.0469695
v 0.372258 0.0552432 0.0658745
v 0.000757583 0.0844278 -0.159371
v -0.00909758 0.080243 -0.147607
v -0.0612282 0.0608084 0.00251303
v -0.0538127 0.0507066 0.109939
v -0.0219742 0.0461038 0.133943
v 0.456231 0.0565274 -0.00709324
v 0.41573 0.0690746 -0.128217
v 0.409188 0.0706831 -0.145902
v 0.349231 0.0773323 -0.170836
v 0.339029 0.0670499 -0.166012
v 0.337212 0.0545327 -0.0764241
v 0.0285425 0.0526774 0.0806865
v 0.0544808 0.0531717 -0.0492715
v 0.0781769 0.07941 -0.12239
v 0.0224241 0.0946771 -0.172691
v -0.0466559 0.0643367 -0.0498942
v -0.0654334 0.0571376 0.0539094
v -0.0629783 0.0515384 0.080696
v 0.00631746 0.0453886 0.124602
v 0.0198116 0.0489271 0.105111
v 0.464195 0.0598618 0.0259611
v 0.330852 0.0687324 -0.121447
v 0.332717 0.0603549 -0.0983494
v 0.454484 0.0607887 0.115285
v 0.46429 0.0585151 0.0971174
v 0.0357797 0.0545849 0.0488414
v 0.0508767 0.0940349 -0.170596
v -0.0245162 0.0688117 -0.104103
v -0.0567671 0.060389 -0.0198586
v -0.0604063 0.059167 0.0815636
v -0.00604111 0.0483433 0.132746
v 0.464925 0.0656322 0.0310216
v 0.457986 0.0647701 -0.00479696
v 0.40469 0.0739904 -0.154118
v 0.371454 0.076733 -0.178387
v 0.359801 0.0742922 -0.176466
v 0.347741 0.0577671 -0.00679367
v 0.367444 0.0585441 0.0494068
v 0.0772691 0.0801866 -0.11387
v 0.0756309 0.0976821 -0.147599
v 0.0615512 0.103719 -0.162484
v -0.031335 0.0734835 -0.091865
v -0.0667002 0.0626611 0.0307828
v -0.0583326 0.0544076 0.0966569
v -0.0161624 0.0535974 0.132896
v 0.0126152 0.0481378 0.117644
v 0.44265 0.0687598 -0.0575894
v 0.414623 0.0757236 -0.130848
v 0.384166 0.07557 -0.175325
v 0.398496 0.065868 0.110953
v 0.430107 0.0624296 0.128258
v 0.0256605 0.0651369 0.0921611
v 0.0489005 0.0543568 -0.00905024
v 0.0624205 0.0577386 -0.0416041
v -0.0137283 0.0803081 -0.135446
v -0.0276287 0.0794398 -0.105259
v -0.051147 0.0655458 -0.0337911
v -0.0432765 0.0519115 0.122995
v -0.033385 0.0508565 0.12931
v 0.450492 0.0635614 -0.0281086
v 0.338098 0.0743398 -0.15971
v 0.332062 0.0704328 -0.148519
v 0.361218 0.0636162 0.0381466
v 0.374865 0.06676 0.069009
v 0.385478 0.0689403 0.0919278
v 0.411518 0.0599176 0.125956
v 0.464944 0.0662317 0.0675773
v 0.0349372 0.0618488 0.0582617
v 0.0377309 0.0593043 0.0462247
v 0.0728524 0.0661385 -0.0684648
v 0.0734731 0.0719353 -0.0985467
v 0.00672211 0.0921408 -0.16283
v -0.0643933 0.0695821 0.0335397
v -0.0662324 0.0648966 0.0539558
v -0.0522856 0.0628304 0.0980068
v -0.0472957 0.0571633 0.114668
v 0.429395 0.0724927 -0.0953233
v 0.42519 0.0696311 -0.0967564
v 0.414595 0.0809847 -0.135013
v 0.395797 0.0789874 -0.164567
v 0.386066 0.0815391 -0.172061
v 0.350199 0.0622318 0.00605239
v 0.408782 0.07329 0.118215
v 0.450986 0.0670951 0.11183
v 0.0511499 0.0628869 0.00808806
v 0.053958 0.0611902 -0.00307946
v 0.0780288 0.0914471 -0.138245
v 0.0135385 0.102322 -0.163723
v -0.00658601 0.0883456 -0.146986
v -0.0401089 0.0734199 -0.063976
v 0.449441 0.0697149 -0.0293747
v 0.425208 0.080205 -0.111631
v 0.403321 0.0824779 -0.155375
v 0.351925 0.088497 -0.17137
v 0.337131 0.0608199 -0.039863
v 0.356549 0.0673168 0.0223693
v 0.418455 0.0719839 0.12385
v 0.43129 0.0714538 0.122969
v 0.0791323 0.084363 -0.104739
v 0.046763 0.10561 -0.168526
v 0.0203695 0.0996064 -0.168674
v -0.0344256 0.0767317 -0.0919913
v -0.0399946 0.0754698 -0.0696413
v -0.0458824 0.074889 -0.0319065
v 0.0184401 0.0653639 0.105715
v 0.372378 0.083337 -0.17659
v 0.334769 0.0807337 -0.154259
v 0.336089 0.066143 -0.0369242
v 0.369454 0.0711086 0.0547877
v 0.398204 0.0745405 0.108366
v 0.461537 0.0706731 0.0405574
v -0.0498563 0.0747762 0.0042156
v -0.0601805 0.0671377 0.0724048
v -0.0228404 0.0641595 0.123984
v 0.00472271 0.0614005 0.124073
v 0.0433076 0.0665233 0.0329632
v 0.0687832 0.101945 -0.156897
v -0.00959943 0.0929601 -0.141641
v -0.0262524 0.0846388 -0.113798
v 0.454479 0.07108 -0.00195849
v 0.442536 0.0732245 -0.0853302
v 0.363264 0.0907252 -0.175689
v 0.330109 0.0734256 -0.137136
v 0.437699 0.0733568 0.114781
v 0.460152 0.0694314 0.0881039
v 0.455838 0.0713598 0.0126597
v 0.0671438 0.0635828 -0.0376517
v -0.0209307 0.0849895 -0.119589
v -0.0351818 0.0905662 -0.120904
v -0.0432746 0.0815276 -0.0923844
v -0.0429725 0.0771358 -0.0509341
v -0.0569881 0.0673474 -0.00327071
v -0.0619907 0.0717717 0.041243
v 0.449425 0.0733784 -0.0606859
v 0.447147 0.0777921 -0.0772761
v 0.447588 0.0810488 -0.091939
v 0.395622 0.0861023 -0.164375
v 0.329903 0.0639285 -0.0749642
v 0.389058 0.079357 0.0862006
v 0.0782257 0.0764553 -0.0854776
v 0.0800087 0.0906627 -0.124297
v 0.0801067 0.0981958 -0.13587
v 0.0470974 0.117651 -0.165289
v -0.0456525 0.0783454 0.0532159
v -0.037283 0.069066 0.100379
v -0.00501887 0.0672983 0.125238
v 0.00584979 0.0687481 0.115868
v 0.437137 0.0783746 -0.102269
v 0.41585 0.0879833 -0.130113
v 0.373942 0.0916103 -0.175863
v 0.331324 0.0770515 -0.125643
v 0.403239 0.0783574 0.107126
v 0.428834 0.0796122 0.115088
v 0.436601 0.0815843 0.0987802
v 0.448515 0.0752262 0.0905359
v 0.457696 0.0763586 -0.00835418
v 0.455429 0.0743565 -0.0267447
v 0.0223613 0.0723149 0.0878264
v 0.0359021 0.0777002 0.0434701
v 0.0743585 0.0693665 -0.0619341
v 0.0331241 0.109766 -0.169037
v -0.0393485 0.0854057 -0.111193
v -0.042368 0.081116 -0.0302303
v -0.0429509 0.0799908 0.0213421
v -0.0554935 0.0724449 0.0565481
v -0.0381066 0.0736545 0.0870196
v 0.457665 0.0725648 0.0599148
v 0.446016 0.0803535 0.0559103
v 0.010673 0.07699 0.0899682
v -0.0449073 0.0797195 -0.0733501
v -0.0171169 0.0727266 0.117699
v 0.441172 0.0837432 -0.100139
v 0.330128 0.0694271 -0.0965022
v 0.38078 0.0808969 0.0692086
v 0.393473 0.0821997 0.0849128
v 0.415384 0.0801422 0.111436
v 0.451946 0.075594 0.0180563
v 0.029024 0.0738371 0.0681315
v 0.0581547 0.0687787 -0.00766496
v 0.069437 0.0754886 -0.0347491
v 0.0678581 0.109993 -0.156621
v 0.0068397 0.102414 -0.156379
v -0.00875834 0.0978468 -0.134084
v -0.0160219 0.0939305 -0.125831
v -0.0460791 0.0870146 -0.0429193
v -0.0312804 0.083011 0.0323213
v -0.0256249 0.0753648 0.108191
v 0.349911 0.0722598 0.00113275
v 0.365348 0.0749188 0.0365167
v 0.427705 0.0833119 0.10407
v 0.436708 0.0821408 0.078639
v 0.0806367 0.0879363 -0.091959
v 0.0813925 0.0969795 -0.106156
v 0.0754902 0.105501 -0.147341
v 0.0580802 0.115375 -0.16253
v -0.0487538 0.0901994 -0.0701984
v -0.02255 0.0797637 0.0938094
v -0.0176344 0.0791682 0.103707
v 0.0519022 0.0735817 0.00649158
v -0.0127295 0.102461 -0.132697
v -0.0194136 0.10451 -0.132233
v 0.0222416 0.0799373 0.0698534
v 0.433646 0.0812238 0.0380011
v 0.454795 0.0794713 -0.04397
v 0.428818 0.0889027 -0.116444
v 0.385147 0.091505 -0.171643
v 0.343715 0.0876368 -0.16483
v 0.327237 0.0826601 -0.100208
v 0.328048 0.0779026 -0.0880143
v 0.459765 0.0856857 0.00703632
v 0.458707 0.0817562 -0.017304
v 0.0604386 0.0802463 -0.0132639
v 0.0810706 0.0879125 -0.0720684
v 0.0803724 0.100731 -0.124389
v 0.0777993 0.110495 -0.136532
v 0.0402578 0.12538 -0.161531
v -0.0475329 0.0926257 -0.0991098
v -0.0455459 0.0916652 -0.0345435
v 0.45637 0.0896624 -0.0389782
v 0.446779 0.0851235 -0.071877
v 0.400122 0.0934782 -0.153878
v 0.362162 0.102638 -0.172074
v 0.331674 0.0858243 -0.128023
v 0.363701 0.0823029 0.0165818
v 0.373812 0.0814519 0.0452091
v 0.0466961 0.081546 0.0121772
v 0.0689475 0.0804425 -0.0300524
v 0.0773249 0.0816399 -0.0557641
v 0.00859791 0.110985 -0.149365
v -0.0358463 0.0980402 -0.120827
v -0.0321656 0.0842625 0.0170408
v 0.404509 0.0979986 -0.146406
v 0.328657 0.0774969 -0.0571879
v 0.334817 0.0756952 -0.0388431
v 0.382228 0.0837568 0.0523265
v 0.455002 0.0896869 0.0188021
v 0.0567111 0.126194 -0.157004
v 0.00730679 0.116904 -0.143577
v -0.00218558 0.106925 -0.138715
v -0.047492 0.101689 -0.108571
v -0.0515964 0.100568 -0.0698664
v -0.0316009 0.0860735 0.00541423
v -0.0186056 0.0908682 0.0200546
v -0.0040802 0.0861233 0.047677
v 0.430525 0.0962445 -0.106732
v 0.333976 0.087672 -0.140216
v 0.416962 0.0855764 0.0404436
v -0.0389237 0.107721 -0.115325
v -0.0397369 0.083478 -0.0101907
v -0.0160293 0.0870199 0.0263674
v 0.452199 0.0955163 -0.0596359
v 0.45172 0.0888822 -0.0906897
v 0.326324 0.0912459 -0.109949
v 0.32614 0.0864833 -0.0681218
v 0.348732 0.083799 -0.0145782
v 0.360942 0.084869 0.00737438
v 0.394579 0.0875834 0.0410467
v 0.0843767 0.0968737 -0.0863877
v 0.0799524 0.111929 -0.124694
v -0.0113322 0.110563 -0.134641
v -0.03048 0.104346 -0.121834
v -0.0492461 0.0995608 -0.0475753
v 0.0165418 0.0924966 0.0331011
v 0.04652 0.0873348 0.0137395
v 0.0785796 0.0839303 -0.0317415
v 0.0890733 0.0875563 -0.0535266
v 0.381098 0.104581 -0.167861
v 0.353724 0.112837 -0.16355
v 0.345248 0.104001 -0.159039
v 0.337865 0.0956046 -0.149288
v 0.330577 0.0969218 -0.127625
v 0.335809 0.0854324 -0.0361667
v 0.38251 0.0884528 0.0347089
v 0.0813755 0.104875 -0.114039
v 0.0749886 0.122413 -0.138781
v 0.0265653 0.116681 -0.161844
v 0.0205269 0.118233 -0.155519
v 0.0124131 0.087206 0.0450631
v 0.0351471 0.0873924 0.0262844
v 0.0699022 0.0849113 -0.00885834
v 0.0884811 0.0889594 -0.0449531
v 0.392087 0.101393 -0.159855
v 0.341211 0.0854429 -0.0225586
v 0.358501 0.0864823 0.0069842
v 0.431975 0.0869662 0.0360869
v 0.443855 0.0809908 0.0322811
v -0.0448041 0.101117 -0.0262159
v 0.0270222 0.0910897 0.0296027
v 0.0398309 0.087636 0.0197415
v 0.462458 0.0933475 -0.00571505
v 0.452847 0.0958583 -0.0934931
v 0.427312 0.101287 -0.11253
v 0.324559 0.0954094 -0.0972456
v 0.323635 0.0902025 -0.0810665
v 0.0854159 0.111401 -0.0988053
v -0.052689 0.11685 -0.104931
v -0.0390908 0.10323 -0.0123342
v -0.0251954 0.094743 0.0123682
v -0.000681094 0.0907892 0.030619
v 0.417822 0.103264 -0.13567
v 0.412093 0.101811 -0.144584
v 0.392825 0.108531 -0.157875
v 0.328703 0.100214 -0.115186
v 0.3543 0.0893449 0.0105451
v 0.37161 0.0894049 0.0239979
v 0.447435 0.094089 0.0242674
v 0.0864482 0.102973 -0.0903364
v 0.0794912 0.12092 -0.124999
v 0.0474232 0.134141 -0.155244
v 0.0217017 0.131847 -0.147108
v -0.0403375 0.121305 -0.112331
v 0.433438 0.0997594 -0.103568
v 0.335086 0.105675 -0.140456
v 0.332261 0.087362 -0.0190469
v 0.40945 0.0912759 0.040049
v 0.0687042 0.122497 -0.150352
v 0.0077832 0.123761 -0.1447
v 4.93609e-005 0.122637 -0.142555
v -0.0226465 0.112926 -0.117578
v -0.0351611 0.0934967 -0.00104726
v 0.00166754 0.0994693 0.0276036
v 0.449765 0.108807 -0.101626
v 0.442239 0.102341 -0.099785
v 0.422823 0.111294 -0.106767
v 0.411246 0.114245 -0.146947
v 0.370768 0.107821 -0.17083
v 0.332864 0.105815 -0.130515
v 0.320456 0.0905 -0.0450894
v 0.0914254 0.102168 -0.0417902
v 0.0708515 0.131878 -0.138735
v 0.0320636 0.135574 -0.152287
v 0.00599317 0.132663 -0.150361
v -0.00356647 0.12155 -0.134825
v -0.0153063 0.11359 -0.125359
v -0.011104 0.0972435 0.0227005
v 0.0336463 0.0934459 0.0262353
v 0.457048 0.0949018 -0.0287917
v 0.452718 0.102105 -0.0235562
v 0.318631 0.100849 -0.0950525
v 0.392732 0.0934073 0.0382758
v 0.463885 0.0972165 0.0114033
v 0.0212473 0.0991427 0.0282981
v 0.340085 0.110584 -0.151256
v 0.328921 0.0915367 -0.0206775
v 0.0886008 0.106235 -0.0673048
v 0.0902659 0.101321 -0.0772871
v 0.0918563 0.111831 -0.0892162
v -0.0452624 0.110564 -0.111573
v -0.0128073 0.1052 0.0125929
v 0.420964 0.109237 -0.121855
v 0.401095 0.112263 -0.159249
v 0.335033 0.112554 -0.138562
v 0.317955 0.106814 -0.112441
v 0.343874 0.0910721 -1.79303e-005
v 0.432023 0.0998781 0.0204651
v 0.449457 0.0984971 0.0161072
v 0.0912351 0.124904 -0.107308
v 0.0319951 0.139708 -0.152391
v 0.0199134 0.141699 -0.156923
v 0.00674555 0.136188 -0.126763
v -0.0535208 0.110683 -0.0993368
v -0.0588804 0.109799 -0.059529
v -0.0290948 0.106056 -0.00114217
v 0.0613805 0.0970625 0.00621885
v 0.0873583 0.0991774 -0.0311111
v 0.454795 0.0960642 -0.0395615
v 0.392601 0.120389 -0.165385
v 0.345942 0.117945 -0.156182
v 0.34458 0.123574 -0.14874
v 0.32204 0.0996014 -0.0611836
v 0.341309 0.102557 -0.00801106
v 0.0790722 0.124809 -0.117065
v 0.0593784 0.136269 -0.14844
v -0.0594232 0.1189 -0.0843274
v -0.0607987 0.113123 -0.0391211
v 0.0429673 0.0989342 0.0178033
v 0.453058 0.10064 -0.0483517
v 0.452155 0.100798 -0.0865153
v 0.432348 0.110256 -0.0987816
v 0.379921 0.116104 -0.163777
v 0.363505 0.119326 -0.162919
v 0.408607 0.0975327 0.0334365
v 0.459924 0.101908 0.0147108
v 0.0769599 0.13555 -0.124244
v 0.0757405 0.130864 -0.128169
v 0.0700992 0.142179 -0.137875
v 0.0414055 0.143675 -0.150052
v 0.00327886 0.134782 -0.146647
v -0.0258492 0.122133 -0.11286
v 0.00644235 0.105097 0.0230471
v 0.0791262 0.105265 -0.0113605
v 0.461488 0.103897 0.00432905
v 0.452825 0.119737 -0.101312
v 0.384971 0.127348 -0.16567
v 0.320008 0.0940163 -0.0386363
v 0.375961 0.0938124 0.0292652
v 0.019518 0.149992 -0.154543
v -0.00096721 0.12816 -0.120539
v -0.0120136 0.124547 -0.112578
v -0.0653851 0.118546 -0.0491865
v -0.0553402 0.110923 -0.0305542
v 0.0734383 0.0948435 -0.00854993
v 0.453801 0.106663 -0.0611934
v 0.456834 0.11151 -0.0741582
v 0.321661 0.112602 -0.129874
v 0.362221 0.0957005 0.0165427
v 0.408788 0.103698 0.0239288
v 0.437928 0.101181 0.018712
v 0.0908971 0.107953 -0.0488919
v 0.0826585 0.117189 -0.0653773
v 0.0602728 0.145248 -0.144144
v 0.010798 0.142091 -0.154937
v 0.0112842 0.148227 -0.140941
v -0.0126626 0.131553 -0.110008
v -0.0349732 0.137763 -0.115237
v -0.0572259 0.124653 -0.100715
v -0.0290743 0.112008 -0.00513111
v 0.417337 0.118298 -0.128455
v 0.408846 0.125638 -0.145574
v 0.35937 0.129117 -0.157452
v 0.324993 0.125989 -0.126544
v 0.320636 0.112116 -0.100192
v 0.0881222 0.114247 -0.0778336
v -0.045161 0.138946 -0.112051
v -0.0484003 0.125582 -0.110161
v 0.00808986 0.112044 0.0121445
v 0.0332056 0.113999 0.0138193
v 0.324307 0.103233 -0.0285771
v 0.393507 0.106377 0.0212593
v 0.436363 0.105738 0.0256327
v 0.455015 0.109132 0.00698517
v 0.0876081 0.135952 -0.108237
v 0.0884901 0.131077 -0.115352
v -0.0591256 0.115884 -0.0351338
v -0.0461559 0.116894 -0.0281903
v 0.0697565 0.105247 0.00121456
v 0.419326 0.123094 -0.103695
v 0.389798 0.135702 -0.154417
v 0.326076 0.107982 -0.0600115
v 0.35846 0.103769 0.00734984
v 0.37645 0.105283 0.0176227
v 0.00646248 0.143119 -0.116257
v 0.44841 0.113295 0.00768891
v 0.448629 0.107242 -0.0246777
v 0.443364 0.122132 -0.104201
v 0.427255 0.124032 -0.102159
v 0.413082 0.125218 -0.110358
v 0.412556 0.128497 -0.136113
v 0.351179 0.126362 -0.154161
v 0.323496 0.11512 -0.0575906
v 0.415491 0.108432 0.0297338
v 0.0811781 0.124896 -0.0777671
v 0.0888861 0.126299 -0.0963693
v 0.0653637 0.148562 -0.132628
v 0.0551885 0.152534 -0.138064
v -0.0593983 0.120379 -0.0381528
v 0.00627138 0.116756 -0.0159278
v 0.0510341 0.103905 0.0133911
v 0.0978139 0.111841 -0.0349826
v 0.32666 0.110042 -0.0733969
v 0.391753 0.10946 0.0198159
v 0.412163 0.106138 0.024858
v 0.444986 0.107531 0.0237774
v 0.455039 0.113535 -0.0561408
v 0.100072 0.116833 -0.0386513
v 0.0896794 0.116061 -0.045756
v 0.0842895 0.136446 -0.0962774
v 0.0258496 0.146916 -0.156296
v -0.0613452 0.140314 -0.0957171
v -0.0643566 0.125127 -0.075663
v -0.0324178 0.120602 -0.0322951
v -0.00677061 0.118263 -0.0203323
v 0.374819 0.138621 -0.161171
v 0.328065 0.117119 -0.0738629
v 0.32749 0.111675 -0.0266058
v 0.372658 0.114939 0.0107386
v 0.425221 0.111116 0.0312221
v 0.448898 0.111821 -0.0127856
v 0.452113 0.115011 -0.0437576
v 0.46587 0.122578 -0.0771046
v 0.0209255 0.16399 -0.138623
v -0.0683028 0.131278 -0.0428498
v -0.0579909 0.126378 -0.0384433
v 0.013703 0.120683 -0.0117205
v 0.0279262 0.117758 -0.00509766
v 0.0613518 0.114559 0.0103703
v 0.466065 0.123042 -0.0642358
v 0.356072 0.139189 -0.151794
v 0.334331 0.127815 -0.140205
v 0.331434 0.126218 -0.0952319
v 0.324435 0.113296 -0.0418654
v 0.0777807 0.131738 -0.0732627
v 0.0763591 0.143022 -0.0875539
v 0.0171138 0.159842 -0.134443
v -0.0233056 0.130847 -0.112962
v -0.0682247 0.125296 -0.0479534
v -0.0352211 0.122463 -0.0284404
v 0.0345161 0.123853 -0.0091409
v 0.0439881 0.118215 0.00168398
v 0.0446658 0.112127 0.0149945
v 0.0651584 0.110994 0.00927739
v 0.458228 0.109727 -0.0959721
v 0.322004 0.122771 -0.0684609
v 0.359201 0.118355 0.0025474
v 0.39414 0.111148 0.0292616
v 0.447262 0.116242 0.00206206
v 0.0793815 0.146761 -0.119707
v -0.00345119 0.141328 -0.106937
v -0.0296409 0.152813 -0.114932
v -0.0561961 0.143376 -0.104389
v -0.0510326 0.125247 -0.0269238
v 0.0962344 0.116379 -0.0300664
v 0.409789 0.136036 -0.132913
v 0.40296 0.133638 -0.137107
v 0.320984 0.118282 -0.114
v 0.440158 0.113247 0.0259322
v 0.0599196 0.155837 -0.134289
v 0.0255637 0.166873 -0.138653
v -0.0335512 0.116605 -0.00972756
v -0.0314041 0.115781 0.00452753
v -0.0126856 0.111403 0.00181886
v -0.00296619 0.114918 0.00327059
v 0.055741 0.118967 0.00593336
v 0.413501 0.130881 -0.10717
v 0.388058 0.141234 -0.135652
v 0.338869 0.135589 -0.139339
v 0.332265 0.129562 -0.091967
v 0.320726 0.124533 -0.0621187
v 0.40807 0.116839 0.035894
v -0.0666054 0.133115 -0.0702247
v 0.0398308 0.122416 -0.00757688
v 0.0669298 0.119663 0.00771676
v 0.0800493 0.118057 -0.0103825
v 0.346207 0.141455 -0.136925
v 0.339355 0.113344 -0.0128082
v 0.456586 0.12124 -0.0171705
v 0.461559 0.124457 -0.0451502
v 0.0772421 0.147512 -0.0958774
v 0.0672788 0.157363 -0.120855
v 0.0505638 0.165814 -0.129779
v 0.0142167 0.152031 -0.12025
v -0.0562028 0.128114 -0.0251864
v 0.102962 0.125299 -0.0534434
v 0.467578 0.132705 -0.0773662
v 0.451476 0.132409 -0.10342
v 0.394146 0.148102 -0.137176
v 0.404843 0.113635 0.0351572
v 0.439586 0.119106 0.0220469
v 0.0365337 0.161587 -0.144943
v -0.0406436 0.154782 -0.116399
v -0.064679 0.144925 -0.0825752
v 0.396051 0.149906 -0.134544
v 0.353185 0.145875 -0.140382
v 0.335705 0.140725 -0.125022
v 0.331784 0.139093 -0.117116
v 0.332346 0.123284 -0.0347619
v 0.360837 0.120003 0.00785255
v 0.0811667 0.152082 -0.101529
v 0.0765218 0.151406 -0.106596
v -0.0491403 0.160586 -0.111074
v -0.0600299 0.143638 -0.0509389
v -0.0600162 0.137638 -0.0334606
v -0.0604144 0.133196 -0.0286931
v -0.028676 0.117686 0.0145996
v 0.0475203 0.127719 -0.00392248
v 0.0870841 0.124753 -0.023445
v 0.4631 0.13126 -0.0890651
v 0.444142 0.138171 -0.109164
v 0.417681 0.137301 -0.105588
v 0.37276 0.152168 -0.143102
v 0.366492 0.152617 -0.143807
v 0.319735 0.131594 -0.081181
v 0.325332 0.121992 -0.045989
v 0.33038 0.135159 -0.0459587
v 0.355614 0.121831 -0.00372686
v 0.41871 0.119902 0.0308589
v 0.45579 0.126605 -0.0155205
v 0.465251 0.131985 -0.0445292
v -0.0348332 0.17555 -0.117998
v -0.0574327 0.163287 -0.099842
v -0.0161259 0.1188 0.00858889
v 0.0326783 0.127686 -0.00301349
v 0.0826886 0.133056 -0.0283135
v 0.0998122 0.128696 -0.0419304
v 0.46796 0.14201 -0.0863873
v 0.410417 0.136009 -0.108831
v 0.317387 0.138258 -0.0923076
v 0.346537 0.126698 0.00934442
v 0.37424 0.116631 0.0263803
v 0.38246 0.117444 0.0340151
v 0.385356 0.122268 0.0386777
v 0.443062 0.12446 0.0108328
v 0.468686 0.135458 -0.05716
v 0.0917749 0.160828 -0.104391
v 0.025201 0.17103 -0.130372
v 0.0221961 0.162471 -0.111072
v 0.00798225 0.151408 -0.109366
v -0.0643839 0.14169 -0.0605599
v -0.0540502 0.133754 -0.0203794
v -0.0214748 0.120365 0.0151085
v -0.00102029 0.121278 0.00527674
v 0.107529 0.141741 -0.0665286
v 0.43491 0.138805 -0.110773
v 0.438694 0.124027 0.0160022
v 0.033549 0.16915 -0.132823
v -0.00595057 0.151747 -0.104628
v 0.0702415 0.135315 -0.0179145
v 0.397249 0.150182 -0.11791
v 0.358074 0.128745 -0.00713006
v 0.355835 0.124468 -0.000206525
v 0.0724522 0.162368 -0.109558
v -0.00375588 0.16417 -0.108922
v -0.0241168 0.17252 -0.119027
v -0.0618274 0.155473 -0.0826403
v -0.0345035 0.122284 0.00978675
v 0.0290332 0.132342 0.00302295
v 0.0574176 0.13015 0.00369446
v 0.0647959 0.125896 0.00639783
v 0.080574 0.138317 -0.0360048
v 0.0976262 0.142419 -0.0539804
v 0.376846 0.159352 -0.14084
v 0.32119 0.150657 -0.118495
v 0.316924 0.147122 -0.0831058
v 0.317621 0.138713 -0.0694
v 0.346527 0.136121 -0.0394265
v 0.339102 0.133589 0.00128775
v 0.365723 0.127566 0.0324016
v 0.398254 0.124491 0.0380168
v 0.433992 0.131816 0.00121008
v 0.448596 0.130557 -0.0111741
v 0.109312 0.152068 -0.0739293
v 0.0960755 0.15674 -0.103673
v 0.0712597 0.166547 -0.108574
v -0.0473343 0.135608 -0.0143939
v -0.0014449 0.125577 0.00442328
v 0.0512891 0.138937 0.00302617
v 0.103689 0.146822 -0.0632634
v 0.440223 0.15679 -0.115953
v 0.350567 0.15321 -0.13792
v 0.321523 0.160555 -0.126742
v 0.315871 0.154206 -0.110848
v 0.403881 0.125684 0.0339447
v 0.461093 0.132505 -0.0307499
v -0.0389225 0.144566 -0.02226
v -0.0298218 0.126333 0.0153805
v -0.000504804 0.137696 -0.00312029
v 0.0207142 0.140231 0.00185795
v 0.0635582 0.148366 -0.0421286
v 0.0748388 0.150022 -0.0520308
v 0.104235 0.154646 -0.0696589
v 0.1017 0.161788 -0.0936688
v 0.063672 0.165891 -0.119044
v 0.0576189 0.173464 -0.114092
v 0.035734 0.174937 -0.127381
v 0.469269 0.142667 -0.0752737
v 0.452662 0.15058 -0.106092
v 0.42322 0.157635 -0.122455
v 0.416843 0.155125 -0.119946
v 0.398232 0.153913 -0.11389
v 0.338607 0.161652 -0.13897
v 0.347653 0.128889 -0.0260665
v 0.358935 0.138394 -0.0208508
v -0.0595517 0.157006 -0.0775124
v -0.0499922 0.146546 -0.0424794
v -0.010056 0.133705 0.00116177
v 0.0312355 0.138805 0.00376943
v 0.047498 0.145553 -0.00430614
v 0.0650569 0.13493 -0.00659103
v 0.0834837 0.154765 -0.0648723
v 0.108292 0.159816 -0.0794382
v 0.0586255 0.144943 -0.0304425
v 0.0660384 0.155425 -0.0513206
v 0.0361009 0.178566 -0.125775
v 0.018192 0.164346 -0.105657
v -0.047262 0.158305 -0.0566006
v -0.0135056 0.128608 0.0158455
v 0.414365 0.128208 0.0226142
v 0.460723 0.1412 -0.0366317
v 0.464776 0.146488 -0.0551874
v 0.460596 0.1453 -0.0989658
v 0.405784 0.152768 -0.113519
v 0.361923 0.159306 -0.142543
v 0.436959 0.149066 -0.115574
v 0.381613 0.16176 -0.125069
v 0.32374 0.14516 -0.0691835
v 0.341434 0.144763 -0.0592699
v 0.439084 0.135948 -0.00807538
v 0.457233 0.138172 -0.028269
v 0.0802685 0.157091 -0.0637134
v 0.0916657 0.158686 -0.0674071
v 0.10455 0.163409 -0.0709163
v 0.034769 0.177021 -0.11423
v -0.041084 0.178993 -0.11396
v -0.0478963 0.164629 -0.0631928
v -0.032509 0.139675 -0.00491769
v 0.318854 0.15938 -0.105489
v 0.355065 0.142547 -0.0421799
v 0.355561 0.143938 -0.018704
v 0.391289 0.127143 0.0405349
v 0.458173 0.148353 -0.0431111
v 0.0385129 0.144262 0.000924862
v 0.0845902 0.159773 -0.052359
v 0.106018 0.172218 -0.0863539
v 0.081763 0.170208 -0.107823
v 0.0523522 0.182999 -0.122291
v -0.0549756 0.170494 -0.10334
v -0.0527699 0.185012 -0.0985541
v -0.0250599 0.125509 0.0224321
v -0.0194472 0.123733 0.0235612
v 0.360642 0.13775 -0.00834973
v 0.336235 0.139789 -0.00735518
v 0.373998 0.1281 0.0391602
v 0.44867 0.144732 -0.018145
v 0.467855 0.147111 -0.0828823
v 0.382324 0.165682 -0.124306
v 0.369574 0.16973 -0.130622
v 0.346087 0.167001 -0.145301
v 0.330837 0.165491 -0.135926
v 0.31793 0.164845 -0.116336
v 0.323849 0.166476 -0.0980984
v 0.326344 0.158905 -0.0917899
v 0.332695 0.154782 -0.0809775
v 0.336955 0.157441 -0.0805443
v -0.0180641 0.1321 0.0289883
v -0.00239491 0.133335 0.0221075
v 0.0430378 0.153469 -0.0264957
v 0.096055 0.166594 -0.0971697
v 0.035052 0.178795 -0.110584
v 0.0232059 0.175781 -0.108988
v 0.00498658 0.180115 -0.115682
v -0.05506 0.172288 -0.0811819
v 0.334962 0.138454 0.00554123
v 0.404264 0.135985 0.0333133
v 0.414783 0.133638 0.0211723
v 0.431888 0.136947 0.00173811
v 0.466564 0.154461 -0.0895596
v 0.426662 0.167183 -0.125357
v 0.401699 0.169226 -0.130786
v 0.326357 0.167866 -0.129703
v 0.350006 0.149849 -0.0473477
v 0.00653559 0.146651 -0.00677881
v 0.0553875 0.159139 -0.0381538
v 0.0694002 0.157184 -0.041843
v 0.0837765 0.176071 -0.0913711
v 0.0820594 0.177438 -0.104553
v 0.0635168 0.184719 -0.117619
v 0.0197812 0.187656 -0.113756
v -0.0583463 0.174965 -0.0951931
v -0.0323339 0.148961 -0.0176759
v 0.359118 0.136329 0.0263641
v 0.430811 0.145617 0.00655051
v 0.464556 0.149189 -0.0709578
v 0.354221 0.172063 -0.141352
v 0.347068 0.150109 -0.0595321
v 0.0122466 0.1587 -0.0186224
v 0.0316501 0.160371 -0.0280775
v 0.0612895 0.158397 -0.0317542
v 0.0510642 0.186955 -0.114078
v -0.0224139 0.188545 -0.122754
v -0.0246392 0.142543 0.00184431
v -0.0207353 0.134588 0.0219321
v 0.344038 0.146854 -0.0118627
v 0.368227 0.141206 0.0411896
v 0.394364 0.137577 0.0402957
v 0.379508 0.177565 -0.136793
v 0.32995 0.172528 -0.123122
v -0.00200987 0.144944 -0.00546128
v 0.0485961 0.160307 -0.040041
v 0.0703514 0.159978 -0.0395325
v 0.0967994 0.170063 -0.0615386
v -0.0575656 0.178658 -0.0892393
v -0.0374193 0.162187 -0.0378615
v 0.333808 0.153937 -0.015186
v 0.32592 0.151802 0.00228608
v 0.34657 0.13722 0.0153615
v 0.448276 0.153346 -0.0355856
v 0.464781 0.161185 -0.0772032
v 0.34918 0.178457 -0.140703
v 0.32188 0.173314 -0.108991
v 0.332527 0.1625 -0.0855011
v 0.336141 0.156106 -0.045206
v 0.0637394 0.162215 -0.0308395
v 0.104987 0.1687 -0.0702555
v 0.0690001 0.187982 -0.113665
v 0.0465751 0.191837 -0.112219
v -0.00117936 0.18406 -0.118172
v -0.0475949 0.170563 -0.0640219
v -0.0347041 0.164513 -0.0299119
v 0.454342 0.157662 -0.0497745
v 0.438791 0.17316 -0.117971
v 0.360969 0.180072 -0.141438
v 0.329492 0.16717 -0.083719
v 0.33715 0.16324 -0.0751719
v 0.334313 0.161874 -0.0557145
v 0.0786168 0.165455 -0.0472826
v 0.0988958 0.180238 -0.0809702
v 0.0725003 0.184113 -0.0958485
v -0.0227813 0.147797 0.0040143
v -0.0023327 0.133779 0.0299385
v 0.0150167 0.14605 0.0234467
v 0.358642 0.148355 0.0254903
v 0.423723 0.147701 0.0144367
v 0.457556 0.159046 -0.0643217
v 0.454171 0.163535 -0.103585
v 0.40326 0.173605 -0.132524
v 0.36086 0.183926 -0.139884
v 0.354901 0.179699 -0.124192
v 0.0842245 0.173907 -0.0593823
v 0.101266 0.178173 -0.0890609
v 0.0882177 0.185382 -0.0938319
v 0.0651759 0.192662 -0.106257
v -0.00319746 0.193255 -0.111217
v -0.0476694 0.176429 -0.0586596
v 0.0163656 0.14743 0.0315429
v 0.354611 0.144954 0.0206018
v 0.449958 0.147133 -0.0228462
v 0.411568 0.17624 -0.128241
v 0.344829 0.176464 -0.115274
v 0.315629 0.169414 -0.0492887
v 0.0176936 0.170115 -0.0205486
v 0.0717054 0.170023 -0.0486274
v 0.0874253 0.184384 -0.0782265
v 0.0902824 0.192952 -0.0898522
v 0.0763932 0.191614 -0.0991934
v 0.0578497 0.195351 -0.112015
v 0.0491998 0.196927 -0.109965
v -0.0308645 0.198961 -0.117401
v -0.0519549 0.178355 -0.0755943
v 0.325691 0.161732 -0.017902
v 0.315839 0.159084 -0.0105404
v 0.388783 0.145794 0.0400709
v 0.428093 0.157881 -0.000952322
v 0.368743 0.185732 -0.142607
v 0.343826 0.179638 -0.107641
v 0.328592 0.170798 -0.0688149
v 0.329856 0.172973 -0.0549505
v 0.0431583 0.168689 -0.0375697
v 0.0150341 0.194966 -0.105625
v -0.0215957 0.196047 -0.121067
v -0.0239729 0.203855 -0.119191
v -0.0592725 0.188311 -0.0874416
v -0.0191818 0.140471 0.027513
v -0.00840364 0.133091 0.0342665
v 0.402157 0.147086 0.0307549
v 0.437569 0.149284 -0.00308057
v 0.459281 0.165993 -0.064981
v 0.464142 0.172014 -0.0668331
v 0.462614 0.170357 -0.0856206
v 0.405035 0.183526 -0.118614
v 0.38793 0.185048 -0.135815
v 0.35991 0.186484 -0.131884
v 0.322675 0.17442 -0.0910229
v 0.0649209 0.168363 -0.0408831
v 0.0833977 0.196564 -0.0988999
v 0.0587275 0.204276 -0.112375
v 0.00924897 0.201249 -0.110133
v -0.0569765 0.189738 -0.0777952
v -0.0138595 0.135525 0.0363003
v 0.362885 0.14998 0.0439029
v 0.381579 0.150423 0.0444394
v 0.447311 0.1778 -0.109692
v 0.339051 0.177069 -0.105587
v 0.332633 0.175088 -0.0590904
v 0.0326916 0.173957 -0.0314257
v -0.00464936 0.209332 -0.117758
v -0.0127034 0.209111 -0.118227
v -0.0577696 0.193412 -0.0873492
v 0.303315 0.184964 -0.0595039
v 0.317715 0.164576 0.000693352
v 0.334963 0.15936 0.0080637
v 0.37485 0.143644 0.0467094
v 0.398831 0.156503 0.0281771
v 0.416488 0.15893 0.01347
v 0.442416 0.160929 -0.0313243
v 0.453371 0.165286 -0.0543976
v 0.368285 0.19333 -0.140621
v 0.360884 0.193786 -0.134088
v 0.348595 0.185017 -0.114773
v 0.0647278 0.169686 -0.0315041
v 0.0589586 0.176515 -0.0410102
v 0.0248324 0.20639 -0.117024
v 0.0145504 0.214296 -0.119399
v -0.0364428 0.198266 -0.11175
v -0.0377662 0.174151 -0.0279425
v 0.427332 0.178894 -0.115918
v 0.40918 0.186814 -0.109364
v 0.391754 0.187101 -0.129741
v 0.339625 0.194375 -0.11988
v 0.338723 0.185126 -0.0926268
v 0.330046 0.181722 -0.0875739
v 0.329225 0.184499 -0.0830195
v 0.327772 0.180885 -0.0741386
v 0.0586054 0.170687 -0.0177926
v 0.0612576 0.195281 -0.0794569
v 0.0531108 0.215551 -0.115856
v 0.0493124 0.209689 -0.116826
v -0.00544667 0.214791 -0.119149
v -0.0118336 0.21985 -0.113319
v 0.341825 0.197581 -0.12332
v 0.311527 0.184766 -0.0671007
v 0.296627 0.18045 -0.0229963
v 0.304792 0.170007 -0.00892884
v 0.349451 0.160517 0.0155398
v 0.347672 0.174356 0.0155097
v 0.357526 0.161235 0.0423539
v 0.375636 0.157528 0.0493762
v 0.461757 0.178404 -0.0501457
v 0.0581553 0.181475 -0.0575949
v 0.0690115 0.204644 -0.0924256
v -0.0258442 0.160661 -0.00305484
v -0.0250514 0.160803 0.0110927
v 0.456742 0.180997 -0.0856589
v 0.299479 0.182272 -0.0433277
v 0.398178 0.163856 0.028067
v 0.425126 0.16443 -3.65216e-005
v 0.0273602 0.179686 -0.0213538
v 0.0519197 0.167661 -0.0204277
v 0.0664825 0.169612 -0.0232433
v 0.0712692 0.176887 -0.0279839
v 0.0529545 0.22131 -0.108468
v -0.0173819 0.160229 0.0433146
v -0.011057 0.157736 0.0472516
v -0.00631527 0.147396 0.043654
v 0.430726 0.191373 -0.110899
v 0.370349 0.197085 -0.128614
v 0.336807 0.203038 -0.116163
v 0.29513 0.185902 -0.022156
v 0.302029 0.177285 -0.00672747
v 0.341041 0.183192 0.0111505
v 0.0338355 0.178512 -0.0257567
v 0.0621194 0.178837 -0.0366113
v -0.0597544 0.196634 -0.0733691
v -0.0628488 0.195378 -0.0537547
v -0.0475521 0.182654 -0.0393459
v 0.00400658 0.150162 0.0443617
v 0.464504 0.175529 -0.069475
v 0.36405 0.197858 -0.131038
v 0.308368 0.194723 -0.0798239
v 0.302611 0.195435 -0.0685835
v 0.307396 0.183995 -0.0013862
v 0.415119 0.164356 0.0129516
v 0.439114 0.16965 -0.0243069
v 0.453144 0.173453 -0.0436695
v 0.0575801 0.199459 -0.0709275
v 0.0735892 0.206358 -0.099598
v 0.0670757 0.208271 -0.10796
v -0.0449939 0.209484 -0.0913755
v -0.0249042 0.160682 0.0256654
v 0.0351723 0.21569 -0.117511
v -0.0275044 0.213288 -0.11212
v -0.0353813 0.212681 -0.104032
v -0.0564672 0.208329 -0.0698976
v 0.0752695 0.185557 -0.0250484
v 0.0590222 0.193679 -0.0464472
v 0.0562149 0.213651 -0.0947446
v 0.409085 0.191806 -0.107564
v 0.326671 0.202851 -0.113762
v 0.298922 0.193643 -0.0414925
v 0.459068 0.184538 -0.0647618
v 0.453065 0.18844 -0.0929616
v 0.37042 0.197139 -0.109538
v 0.310695 0.20176 -0.0919011
v 0.294958 0.188328 -0.018962
v 0.0366259 0.166461 0.0167545
v 0.0385012 0.180616 -0.0111095
v 0.0511389 0.184427 -0.00103191
v 0.056416 0.188639 -0.053547
v 0.0561172 0.206503 -0.0827204
v -0.0218469 0.158973 0.0354976
v 0.0261972 0.156431 0.0333156
v 0.404283 0.200514 -0.1085
v 0.364068 0.203927 -0.108516
v 0.315551 0.208035 -0.0983112
v 0.302564 0.201277 -0.0649333
v 0.353687 0.169675 0.0455753
v 0.367992 0.160761 0.0518356
v 0.380425 0.161904 0.0474167
v 0.443431 0.16882 -0.0331238
v 0.0384535 0.177603 0.00123062
v 0.0438626 0.182259 -0.0023556
v 0.0552415 0.177594 -0.0102845
v 0.0633794 0.182222 -0.0159273
v 0.0503721 0.216228 -0.0874973
v -0.0268654 0.175238 0.0185712
v 0.0105421 0.147588 0.0390458
v 0.449505 0.188455 -0.102051
v 0.348912 0.204926 -0.110667
v 0.306269 0.208629 -0.0829258
v 0.304576 0.205524 -0.0567801
v 0.298307 0.197428 -0.0274181
v 0.299881 0.193038 -0.00533669
v 0.427177 0.171387 -1.23381e-005
v 0.0401796 0.167337 0.0262538
v 0.0576792 0.207176 -0.0582849
v -0.0359054 0.220262 -0.0982257
v -0.0462246 0.213488 -0.0809828
v -0.0598612 0.19581 -0.0431229
v -0.033531 0.191874 -0.00185707
v 0.441499 0.190979 -0.108586
v 0.376838 0.20102 -0.106344
v 0.347815 0.213765 -0.110723
v 0.336256 0.214363 -0.11014
v 0.385401 0.172105 0.0448896
v 0.460321 0.18799 -0.0531412
v 0.0649779 0.207022 -0.045471
v 0.0121485 0.227043 -0.112831
v -0.0426685 0.189452 -0.0218202
v 0.423636 0.202273 -0.109687
v 0.325915 0.210629 -0.109635
v 0.346916 0.182447 0.0207516
v 0.0703608 0.187779 -0.00331926
v 0.0754622 0.191446 -0.0322564
v -0.0238462 0.171395 0.0352983
v 0.454034 0.194174 -0.0836748
v 0.372067 0.21498 -0.113656
v 0.330628 0.217083 -0.105511
v 0.307832 0.200897 0.000933989
v 0.435511 0.176927 -0.00750345
v 0.458444 0.189738 -0.0434773
v 0.459364 0.191622 -0.0655197
v 0.0437672 0.235456 -0.109301
v 0.0143684 0.16864 0.0520554
v 0.0315478 0.164565 0.0392805
v 0.0824363 0.197268 0.000526165
v 0.0513735 0.231743 -0.105925
v -0.063798 0.205044 -0.056609
v 0.0488622 0.174375 0.0280008
v 0.349338 0.181258 0.0466729
v 0.419291 0.171301 0.011094
v 0.396446 0.210023 -0.111222
v 0.439293 0.212521 -0.0970273
v 0.341888 0.219563 -0.108569
v 0.320515 0.217004 -0.0902029
v 0.307606 0.216983 -0.0732515
v 0.426913 0.178982 0.00973035
v 0.445058 0.18318 -0.0225702
v 0.453591 0.184766 -0.037573
v 0.0805283 0.19636 -0.0280874
v 0.056523 0.216337 -0.0681657
v 0.0541824 0.225376 -0.0736823
v 0.0497853 0.22396 -0.0898499
v -0.0421755 0.225603 -0.0863135
v -0.0670497 0.211194 -0.0496341
v 0.0541254 0.184167 0.0104744
v 0.0604426 0.216685 -0.0552367
v 0.0290774 0.238207 -0.108783
v -0.000756921 0.230458 -0.106128
v 0.361113 0.163969 0.0506208
v 0.371215 0.22314 -0.113011
v 0.32449 0.194529 0.00507159
v 0.0853856 0.200329 -0.0189617
v 0.0740205 0.208503 -0.0392088
v -0.0227585 0.18158 0.0435708
v 0.0347108 0.178976 0.0487663
v 0.396388 0.176932 0.034446
v 0.45833 0.195518 -0.053485
v 0.460259 0.197969 -0.0678834
v 0.40554 0.213736 -0.110882
v 0.338745 0.225363 -0.0975104
v 0.302464 0.201798 -0.0382972
v 0.448366 0.207349 -0.0896676
v 0.427431 0.210083 -0.106555
v 0.0562913 0.236649 -0.0884762
v -0.0333758 0.237877 -0.0890241
v -0.043369 0.209195 -0.0102274
v 0.381824 0.225613 -0.114843
v 0.311935 0.21934 -0.0840298
v 0.388178 0.183592 0.042448
v 0.407645 0.168871 0.0207358
v 0.452382 0.196831 -0.023141
v 0.454386 0.194986 -0.0367377
v 0.0731619 0.195264 0.0100354
v 0.0832321 0.209257 -0.0305664
v 0.017687 0.239152 -0.106169
v -0.00326084 0.241209 -0.0964739
v -0.0378032 0.233916 -0.0885296
v -0.0538218 0.221152 -0.0720295
v -0.0634916 0.221381 -0.0567957
v 0.00582277 0.17017 0.0549753
v 0.0652377 0.188221 0.0263028
v 0.431974 0.219314 -0.0953655
v 0.324207 0.224013 -0.0894359
v 0.308366 0.2188 -0.078646
v 0.316516 0.231393 -0.0555688
v 0.30794 0.215649 -0.0387773
v 0.338625 0.207037 0.0120454
v 0.343586 0.1996 0.0157012
v 0.363305 0.182742 0.0582351
v 0.373955 0.181548 0.0523614
v 0.395843 0.186517 0.0385808
v 0.058159 0.228188 -0.0675958
v -0.0314889 0.207768 0.0186641
v 0.052244 0.239543 -0.101773
v -0.0655691 0.208901 -0.0386801
v 0.407327 0.190259 0.035449
v 0.422481 0.184747 0.019443
v 0.438999 0.188702 0.00924055
v 0.315106 0.237765 -0.0743648
v 0.30588 0.21734 -0.0333215
v 0.297841 0.209095 -0.0190628
v 0.0858308 0.204567 0.0102852
v 0.0894465 0.208714 -0.00893375
v 0.07587 0.225728 -0.0488513
v 0.0270413 0.247957 -0.104031
v -0.0531455 0.201555 -0.0271837
v -0.0312952 0.194897 0.00659513
v -0.0127888 0.175019 0.0526447
v 0.045007 0.184367 0.046052
v 0.0599726 0.18884 0.0367654
v 0.364225 0.188774 0.0582195
v 0.444924 0.188289 -0.00834172
v 0.454549 0.202347 -0.0433711
v 0.461034 0.200791 -0.058712
v 0.383949 0.230501 -0.113205
v 0.355042 0.228479 -0.104356
v 0.30839 0.225237 -0.0372834
v 0.406789 0.223436 -0.105238
v 0.367648 0.240904 -0.112455
v 0.321235 0.234515 -0.0888257
v 0.350469 0.181616 0.0562589
v 0.0795312 0.200302 0.0186958
v 0.0706391 0.239904 -0.0668852
v 0.0592737 0.250554 -0.0896713
v 0.00279983 0.246179 -0.0896041
v -0.0257311 0.242811 -0.0869841
v -0.0595691 0.234455 -0.0690121
v -0.00920892 0.191526 0.0587512
v 0.449291 0.215854 -0.0827586
v 0.347601 0.193394 0.034689
v 0.081565 0.231205 -0.0468782
v 0.0643157 0.242287 -0.0776653
v 0.02678 0.259047 -0.0986214
v -0.0529731 0.223843 -0.0169463
v 0.00194257 0.18015 0.0594875
v 0.0264249 0.180671 0.0546986
v 0.0789332 0.206742 0.0355428
v 0.411587 0.228886 -0.0880549
v 0.378477 0.239443 -0.109683
v 0.357878 0.241284 -0.110222
v 0.345906 0.232454 -0.0973989
v 0.300108 0.217495 -0.00180117
v 0.356667 0.18539 0.0605665
v 0.420651 0.191326 0.0264954
v 0.0780361 0.199081 0.0262749
v 0.0372792 0.248851 -0.105039
v -0.0406592 0.243626 -0.0812401
v -0.0670163 0.223237 -0.0316778
v -0.0346019 0.20565 0.00196781
v 0.333746 0.242566 -0.0960663
v 0.295783 0.22353 -0.0187748
v 0.294804 0.222312 -0.00955183
v 0.352535 0.202636 0.0666367
v 0.0879963 0.232317 -0.0389347
v 0.0117107 0.248446 -0.0919155
v -0.0161728 0.248044 -0.0820683
v -0.0574235 0.236367 -0.0722629
v -0.0687244 0.227396 -0.0442496
v -0.0176645 0.196253 0.0528704
v 0.316328 0.238292 -0.0822859
v 0.298884 0.231975 -0.0283085
v 0.456441 0.208212 -0.0292888
v 0.0718848 0.247543 -0.0714895
v 0.0400819 0.201837 0.0621423
v 0.46242 0.211264 -0.0612117
v 0.392955 0.235047 -0.0983202
v 0.37936 0.246802 -0.100958
v 0.343812 0.205739 0.0434788
v 0.377465 0.192915 0.0523856
v 0.402154 0.195985 0.0436921
v 0.436563 0.200392 0.0262359
v 0.453786 0.205409 -0.0137328
v 0.0839535 0.212374 0.0338201
v 0.0504481 0.249501 -0.0991432
v 0.0067825 0.25477 -0.0883068
v -0.0702879 0.231952 -0.038779
v 0.0653504 0.208988 0.0478064
v 0.439368 0.226975 -0.0785137
v 0.292009 0.23592 -0.0122898
v 0.448001 0.196024 0.00303265
v 0.0899042 0.217012 0.0030207
v -0.00205604 0.251639 -0.0834796
v -0.0585653 0.241496 -0.0662089
v 0.464985 0.216075 -0.0483699
v 0.447541 0.231446 -0.0664487
v 0.327704 0.246576 -0.0937613
v 0.316154 0.236181 -0.049846
v 0.309055 0.228897 0.00407809
v 0.34131 0.222727 0.0358791
v 0.368653 0.198292 0.0662453
v 0.393815 0.1993 0.0510154
v 0.0911751 0.227828 -0.0204394
v -0.0413618 0.250053 -0.0712055
v -0.0272799 0.194683 0.0364942
v 0.355303 0.255545 -0.108428
v 0.309903 0.251257 -0.041522
v 0.090086 0.227229 -0.028768
v 0.0383125 0.264728 -0.0959953
v 0.0871262 0.211916 0.0176439
v 0.0875164 0.247568 -0.0495552
v 0.0743743 0.254589 -0.0708212
v 0.0205339 0.267396 -0.0958832
v -0.0236449 0.258014 -0.0744569
v -0.0653759 0.241229 -0.0592957
v -0.0690907 0.233177 -0.0312645
v -0.00335826 0.191298 0.0622108
v 0.0541274 0.204104 0.0538023
v 0.464824 0.21179 -0.0373962
v 0.453756 0.229894 -0.0588788
v 0.420089 0.23563 -0.0772056
v 0.34491 0.249772 -0.105079
v 0.343257 0.215061 0.0247543
v 0.344449 0.201618 0.0505503
v 0.301711 0.245126 0.00470711
v 0.332284 0.230359 0.0133335
v 0.417932 0.197563 0.0369478
v 0.452944 0.211043 -0.00431052
v -0.0306195 0.253579 -0.0751921
v 0.0212638 0.195171 0.0649906
v 0.461237 0.227441 -0.0461383
v 0.399616 0.237063 -0.0911407
v 0.368105 0.248156 -0.109674
v 0.322226 0.251205 -0.0774165
v 0.295314 0.23608 -0.00269946
v 0.462562 0.21619 -0.0212468
v 0.0542501 0.267947 -0.0858928
v -0.0115494 0.265608 -0.0770269
v -0.0293892 0.215658 0.0344151
v 0.32484 0.217842 0.00637104
v 0.363933 0.210067 0.0733937
v 0.374123 0.206775 0.0710526
v 0.450629 0.212333 0.00403631
v 0.0675912 0.261889 -0.0783428
v -0.0654767 0.245039 -0.0221492
v -0.0397537 0.234794 0.00506403
v 0.0337941 0.201939 0.065234
v 0.412356 0.236192 -0.083001
v 0.385526 0.252531 -0.0938119
v 0.326787 0.255694 -0.0882121
v 0.344417 0.205592 0.0598908
v 0.386851 0.205839 0.0644054
v 0.428535 0.208544 0.0455547
v 0.441608 0.208546 0.0220412
v 0.028315 0.269908 -0.0956504
v -0.0322759 0.26427 -0.0678591
v -0.04383 0.262795 -0.0615787
v -0.0354166 0.232043 0.0120823
v 0.0846802 0.228207 0.0422235
v 0.361797 0.269158 -0.100875
v 0.34413 0.263455 -0.104168
v 0.332301 0.258606 -0.0955288
v 0.318893 0.248725 -0.0534725
v 0.290717 0.251206 -0.0195924
v 0.321977 0.252003 0.015987
v 0.350454 0.219621 0.0735575
v 0.0943324 0.244282 -0.0228457
v 0.0843132 0.261457 -0.0583452
v 0.0336715 0.27555 -0.0890558
v 0.011646 0.200191 0.0680411
v 0.330067 0.261256 -0.0728164
v 0.324098 0.252908 -0.0634533
v 0.463483 0.223769 -0.0205827
v 0.0895442 0.235889 0.0357943
v 0.0923892 0.240449 -0.00798202
v 0.0572021 0.275718 -0.0788925
v -0.0652213 0.25673 -0.0504781
v -0.0242757 0.210613 0.048769
v 0.409064 0.253302 -0.0816365
v 0.403767 0.250399 -0.087025
v 0.297138 0.248804 -0.0303055
v 0.332212 0.243605 0.0510974
v 0.343974 0.214516 0.0647788
v 0.088511 0.225382 0.0185669
v 0.0936126 0.259627 -0.0448533
v -0.0189439 0.271479 -0.0702453
v -0.0580217 0.257297 -0.0602724
v -0.00418903 0.214073 0.0699153
v 0.441611 0.245593 -0.0578001
v 0.344507 0.273892 -0.100311
v 0.336682 0.234862 0.025362
v 0.411068 0.215305 0.0624936
v 0.0974131 0.265204 -0.0357219
v 0.0665819 0.268916 -0.0770345
v 0.0698533 0.280286 -0.0691387
v 0.0060342 0.284657 -0.08957
v -0.0313759 0.229391 0.0270069
v -0.0113933 0.209464 0.0638481
v 0.465824 0.225058 -0.0307216
v 0.351409 0.27464 -0.102959
v 0.291511 0.252236 -0.00302927
v 0.336913 0.238347 0.0352388
v 0.397853 0.213333 0.0655425
v 0.422679 0.2189 0.0590626
v 0.0821956 0.269003 -0.0611954
v 0.00342138 0.270657 -0.0907948
v -0.00533044 0.275354 -0.0858398
v -0.0702135 0.249039 -0.0348011
v -0.070468 0.26184 -0.0283373
v 0.290232 0.250214 -0.00546285
v 0.450679 0.218374 0.00874424
v 0.0223938 0.280839 -0.0892181
v -0.0666925 0.255959 -0.0211316
v 0.02162 0.211945 0.0736974
v 0.454902 0.241083 -0.0447832
v 0.426013 0.255542 -0.061243
v 0.339396 0.273083 -0.0923607
v 0.331582 0.269018 -0.0696123
v 0.315911 0.259067 -0.0491098
v 0.329239 0.280252 -0.0678242
v 0.335215 0.235122 0.0594849
v 0.374684 0.218624 0.0790245
v 0.432629 0.203472 0.0333659
v 0.465055 0.230998 -0.0181689
v -0.0529981 0.243985 -0.00859277
v 0.0038809 0.199757 0.0671629
v 0.0360907 0.220495 0.0757738
v -0.0203296 0.292792 -0.0771038
v 0.438163 0.253654 -0.0502448
v 0.416263 0.26723 -0.0721521
v 0.445115 0.229091 0.0342864
v 0.457429 0.233045 0.00108934
v 0.0994833 0.279862 -0.0376697
v -0.0371999 0.273576 -0.0623147
v -0.055104 0.269866 -0.0506328
v -0.0705068 0.26811 -0.0391219
v 0.0512499 0.216489 0.0665383
v 0.463652 0.246924 -0.0259619
v 0.400559 0.278191 -0.0827082
v 0.393343 0.270829 -0.0874936
v 0.299218 0.271772 -0.0376475
v 0.385706 0.219557 0.0758433
v 0.406398 0.220964 0.0687489
v 0.452 0.231234 0.0164393
v 0.0926297 0.256477 -0.00620939
v 0.0473098 0.28403 -0.0762589
v -0.0108073 0.229055 0.0710836
v 0.0716782 0.23363 0.0609077
v 0.0775798 0.227686 0.0495878
v 0.338535 0.275455 -0.0804182
v 0.328109 0.251184 0.0207137
v 0.0955273 0.27478 -0.0462081
v 0.0604504 0.288245 -0.0705028
v 0.0168521 0.296354 -0.0799808
v 0.330876 0.245789 0.0661954
v 0.417919 0.227565 0.067333
v 0.0914639 0.24835 0.00842535
v 0.00036129 0.296405 -0.0848701
v -0.0333867 0.299553 -0.0622511
v -0.0495897 0.259327 -0.00247723
v -0.0224482 0.225746 0.0558825
v 0.00875519 0.22011 0.0758046
v 0.409554 0.274567 -0.077554
v 0.367139 0.286109 -0.0986909
v 0.335873 0.279961 -0.0749257
v 0.283044 0.274206 -0.0153613
v 0.284654 0.265779 -0.00674572
v 0.29354 0.25945 0.00534125
v 0.30753 0.258605 0.0131217
v 0.380305 0.240454 0.0910307
v 0.396952 0.230712 0.0811788
v 0.435668 0.227874 0.0504717
v 0.0973672 0.268953 -0.0236136
v 0.283834 0.277323 -0.020332
v 0.279821 0.289682 0.00952639
v 0.442626 0.231598 0.0409866
v 0.0935529 0.254629 0.0288605
v 0.100254 0.280877 -0.0307034
v -0.0337494 0.287467 -0.0612089
v -0.0564455 0.284356 -0.0501153
v 0.457329 0.251776 -0.0347267
v 0.310189 0.275675 -0.0476387
v 0.340883 0.233629 0.0710878
v 0.381853 0.226841 0.0833913
v 0.0864895 0.250485 0.0501016
v 0.0934768 0.280593 -0.0472058
v 0.0672869 0.292356 -0.062857
v -0.0401123 0.25508 0.00852651
v -0.0175378 0.225266 0.0631952
v 0.00498944 0.234625 0.0801701
v 0.442993 0.263587 -0.0444426
v 0.357039 0.284027 -0.100858
v 0.34426 0.296399 -0.0787245
v 0.31939 0.267533 0.0246714
v 0.370677 0.237234 0.0888061
v 0.405736 0.227927 0.0751977
v 0.099378 0.288139 -0.0248216
v 0.0468544 0.300193 -0.0715155
v -0.0673959 0.279426 -0.0394484
v -0.0649353 0.268832 -0.0145576
v -0.0366483 0.262786 0.0240203
v 0.0428926 0.220904 0.0742313
v 0.459113 0.257176 -0.0252942
v 0.287509 0.289189 0.0223341
v 0.463495 0.247093 -0.016591
v 0.0951857 0.265242 0.0410239
v 0.0928193 0.286884 -0.0420349
v -0.0693832 0.276449 -0.0270824
v -0.0285361 0.24312 0.037731
v 0.0342556 0.225736 0.0777232
v 0.336595 0.287715 -0.0743758
v 0.457662 0.250809 -4.46974e-005
v 0.0909967 0.277874 0.00393153
v -0.052429 0.294507 -0.0513621
v 0.0653013 0.229569 0.0640058
v 0.432907 0.27455 -0.0552681
v 0.321186 0.291099 -0.065063
v 0.305907 0.288763 -0.0484151
v 0.288061 0.270883 -0.0248124
v 0.287872 0.275016 0.0106893
v 0.33222 0.251246 0.0390045
v 0.43028 0.235692 0.0614415
v 0.0867393 0.284936 -0.0501345
v 0.0540026 0.305761 -0.063341
v -0.012302 0.297983 -0.0832344
v -0.0675561 0.286707 -0.0175001
v 0.0197639 0.252578 0.0893655
v 0.0553946 0.258618 0.0917538
v 0.375509 0.297451 -0.0937351
v 0.344114 0.306868 -0.0734291
v 0.293537 0.284446 -0.0361899
v 0.280811 0.279078 -0.00838745
v 0.45472 0.24409 0.0121579
v 0.0998641 0.292126 -0.0327961
v 0.062132 0.30329 -0.0511685
v -0.0397356 0.306897 -0.0561567
v -0.0427437 0.275174 0.0133625
v 0.0526952 0.23649 0.0793195
v 0.45058 0.26556 -0.0355523
v 0.364259 0.305179 -0.0940474
v 0.319387 0.27791 0.0338976
v 0.0449 0.310395 -0.0675534
v -0.00129192 0.307375 -0.0789108
v -0.0264991 0.235372 0.0505674
v 0.347892 0.290046 -0.0931686
v 0.304573 0.276589 0.023076
v 0.323788 0.268137 0.0467281
v 0.092902 0.292805 -0.0389893
v 0.0279043 0.30042 -0.0763572
v -0.0156041 0.247724 0.0736099
v 0.0772287 0.248585 0.062957
v 0.424347 0.285601 -0.0606141
v 0.320951 0.305088 -0.0637206
v 0.444312 0.247532 0.0465346
v 0.450369 0.246869 0.0283232
v 0.463612 0.256564 -0.0105059
v 0.0933408 0.29523 -0.00610576
v -0.0642519 0.289036 -0.0113865
v -0.052228 0.277512 -0.000854053
v 0.00444724 0.259943 0.0899869
v 0.0636938 0.250671 0.0790237
v 0.411086 0.288623 -0.070813
v 0.392388 0.294697 -0.0832036
v 0.409035 0.241424 0.0840543
v 0.420781 0.24089 0.0778148
v 0.0690689 0.305678 -0.0434283
v 0.0707291 0.299224 -0.0468971
v 0.021109 0.244038 0.0860006
v 0.0956471 0.265947 0.0324405
v -0.0196642 0.306011 -0.078715
v -0.0579471 0.312287 -0.0368651
v -0.0274722 0.27961 0.0503901
v -0.00244985 0.233594 0.0776801
v 0.0417371 0.258144 0.0975928
v 0.0906487 0.263527 0.0480358
v 0.395108 0.245258 0.0907078
v 0.425137 0.250043 0.0789293
v 0.433985 0.243169 0.0612605
v 0.460211 0.270259 -0.0168545
v 0.447752 0.2818 -0.034361
v 0.294619 0.305725 -0.0408727
v 0.279168 0.30141 -0.0210351
v 0.433844 0.254848 0.0708587
v 0.452739 0.260161 0.0247161
v 0.458438 0.262236 0.0028237
v 0.46074 0.278106 -0.00961681
v 0.0915115 0.27008 0.0140449
v 0.0732661 0.259269 0.0690524
v 0.340462 0.254077 0.0829473
v 0.44649 0.258309 0.0431858
v 0.089482 0.304925 -0.037675
v -0.0544186 0.312184 -0.0438551
v -0.050421 0.299149 0.0122626
v -0.00998381 0.241175 0.0764215
v 0.382656 0.308164 -0.0862437
v 0.358449 0.313702 -0.0839946
v 0.269873 0.31174 -0.00427075
v 0.270619 0.307794 0.00571105
v 0.313836 0.282018 0.0307241
v 0.319435 0.274707 0.0580022
v 0.40948 0.258001 0.0934287
v 0.456312 0.260237 0.0117225
v 0.0949439 0.312564 -0.0329025
v 0.0169135 0.319921 -0.0745252
v -0.0069835 0.32427 -0.07516
v -0.0246019 0.31716 -0.0714477
v -0.0668614 0.294904 -0.0257867
v 0.0368375 0.266193 0.102664
v 0.0839623 0.269331 0.0574121
v 0.456883 0.28051 -0.0224177
v 0.337932 0.323283 -0.0713407
v 0.28301 0.290512 0.0179281
v 0.323907 0.27737 0.0817561
v 0.348685 0.247232 0.0853667
v 0.0951993 0.31987 -0.0120513
v 0.0292263 0.251548 0.0923067
v 0.0919965 0.279621 0.0529264
v 0.43642 0.283196 -0.0483155
v 0.319361 0.280323 0.0480009
v 0.323969 0.265038 0.0718686
v 0.355686 0.244931 0.0874274
v 0.36541 0.245912 0.091657
v -0.0298336 0.310516 -0.068147
v 0.0727695 0.272017 0.0698958
v 0.397303 0.306452 -0.073586
v 0.381557 0.320339 -0.0846521
v 0.356682 0.319651 -0.0805616
v 0.0919942 0.281946 0.0163243
v 0.0470416 0.32111 -0.0490541
v -0.0645809 0.307519 -0.0165182
v -0.0382315 0.281454 0.0298984
v -0.0231254 0.254109 0.0649308
v 0.0502573 0.256011 0.0936498
v 0.44117 0.252329 0.0568493
v 0.446453 0.272979 0.0512232
v 0.454924 0.273542 0.0190986
v 0.0174341 0.33127 -0.0643434
v -0.00838569 0.266502 0.0867775
v 0.0988216 0.284866 0.0465655
v 0.460055 0.28888 -0.0108671
v 0.0445831 0.316262 -0.0517461
v 0.0314607 0.315381 -0.0724541
v -0.0221301 0.27578 0.0760784
v 0.417817 0.305782 -0.0556187
v 0.412157 0.317912 -0.0574565
v 0.362508 0.330294 -0.0823287
v 0.343776 0.271554 0.094085
v 0.39292 0.264521 0.103109
v 0.436219 0.267994 0.0728466
v 0.073624 0.308342 -0.0414147
v -0.0115712 0.339339 -0.0696478
v 0.0208521 0.263665 0.0951922
v 0.372549 0.317202 -0.0900361
v 0.0992675 0.300827 -0.0263407
v 0.0960432 0.323206 -0.0186186
v 0.0866089 0.322977 -0.0375005
v -0.0581619 0.308051 0.00375063
v 0.451103 0.295922 -0.0263357
v 0.320346 0.323539 -0.0615968
v 0.30951 0.295699 0.0380622
v 0.456387 0.289583 0.019743
v 0.459084 0.292451 -0.00364368
v 0.0816882 0.285463 0.0602379
v 0.100719 0.298277 0.0484784
v 0.0994539 0.296149 0.0345287
v -0.0265068 0.337231 -0.0625254
v 0.0574986 0.269968 0.0946733
v 0.266826 0.324039 0.0192898
v 0.305871 0.302365 0.0400065
v 0.41995 0.25746 0.0879605
v 0.0699244 0.287879 0.0704037
v 0.0585859 0.330532 -0.0465859
v 0.0169951 0.337034 -0.0550215
v 0.0503448 0.278238 0.106129
v 0.45267 0.302745 -0.0223295
v 0.315812 0.342012 -0.0551191
v 0.364045 0.274669 0.10529
v 0.377088 0.27181 0.107485
v 0.383708 0.261461 0.102817
v 0.446128 0.279154 0.0526074
v 0.452198 0.278831 0.0310101
v 0.0902097 0.30558 0.0165643
v 0.00490196 0.339363 -0.0657325
v -0.0309639 0.281742 0.0431896
v 0.045462 0.28449 0.112058
v 0.457214 0.300045 -0.0136833
v 0.413926 0.332687 -0.0539839
v 0.275624 0.312691 0.028631
v 0.285235 0.304879 0.0327679
v 0.318939 0.274965 0.0620359
v 0.314927 0.287872 0.0763427
v 0.413061 0.268188 0.0986422
v 0.0543973 0.285902 0.105008
v 0.0223027 0.330179 -0.0569119
v -0.0251207 0.266953 0.0610311
v 0.339445 0.331221 -0.0695457
v 0.303813 0.313494 -0.0515212
v 0.425237 0.270182 0.0918257
v 0.0614241 0.278875 0.0887183
v 0.0917786 0.319026 0.0276498
v -0.0256731 0.351621 -0.0593545
v -0.0424058 0.326921 -0.0483364
v 0.280916 0.322668 -0.0270359
v 0.26923 0.311257 0.00178117
v 0.310978 0.300772 0.0581963
v 0.317409 0.29776 0.0892526
v 0.442525 0.277221 0.0617066
v 0.0747694 0.302932 0.070282
v 0.0950592 0.292947 0.0557666
v 0.432968 0.311975 -0.037747
v 0.273766 0.317671 -0.0169138
v 0.26973 0.320541 -0.00928342
v 0.32611 0.299144 0.0968128
v 0.449846 0.286294 0.039722
v 0.0681626 0.298391 0.0741357
v 0.0841133 0.302614 0.0648726
v 0.100742 0.309526 0.0402198
v 0.0884191 0.338177 -0.0296904
v -0.00610421 0.342172 -0.0686247
v -0.0551197 0.318055 0.0143009
v 0.0308062 0.270572 0.103488
v 0.402735 0.27369 0.1059
v 0.0899281 0.32188 0.00750988
v 0.0257832 0.337627 -0.0521054
v -0.0454917 0.298248 0.0266257
v 0.382904 0.334084 -0.079576
v 0.350818 0.2812 0.103004
v 0.389862 0.27995 0.111537
v 0.373137 0.331936 -0.0833298
v 0.264125 0.3316 0.0116505
v 0.423333 0.279573 0.098907
v 0.452519 0.295597 0.0351129
v 0.458727 0.31204 0.00113173
v 0.0810819 0.309935 0.0732985
v -0.0599992 0.331127 -0.0110574
v -0.0270618 0.290912 0.07224
v 0.0132928 0.285792 0.101022
v -0.0333865 0.340014 -0.0546794
v -0.0543153 0.331617 -0.0321418
v 0.01218 0.295078 0.1058
v 0.300248 0.333197 -0.0438855
v 0.313352 0.294418 0.0802249
v 0.441845 0.288967 0.0815434
v 0.455959 0.306671 0.0251795
v 0.460383 0.302666 0.0105504
v 0.0892576 0.33005 0.0265632
v 0.0953418 0.324186 -0.0252993
v 0.0758228 0.341555 -0.0386699
v 0.0702878 0.337844 -0.041821
v 0.0121482 0.350918 -0.0508751
v 0.0398519 0.295289 0.119906
v 0.348682 0.34287 -0.0672813
v 0.275597 0.324708 0.0358483
v 0.403059 0.317494 0.128617
v 0.408731 0.301511 0.118823
v 0.0606178 0.306067 0.0848379
v 0.102927 0.310131 0.0515091
v 0.0967306 0.313937 0.0343226
v 0.00115822 0.349935 -0.0549839
v -0.0422474 0.352985 -0.0348251
v -0.0297697 0.299477 0.0560945
v 0.32707 0.341559 -0.0601422
v 0.285967 0.336034 -0.0297385
v 0.265437 0.344362 0.00339295
v 0.302693 0.322675 0.0664125
v 0.362313 0.298697 0.117361
v 0.446776 0.288833 0.0569358
v 0.0534124 0.301936 0.110664
v 0.0879314 0.329609 0.0163219
v -0.0602041 0.326681 -0.018664
v -0.0614544 0.31822 -0.00270261
v 0.0268727 0.29155 0.114432
v 0.448557 0.312383 -0.0226317
v 0.37642 0.351268 -0.073255
v 0.364206 0.347017 -0.072217
v 0.288982 0.32395 0.0469318
v 0.30197 0.320848 0.0593097
v 0.373301 0.293315 0.11791
v 0.403975 0.298805 0.118978
v 0.0971666 0.304218 0.0589426
v 0.101802 0.31699 0.0599317
v 0.0521714 0.356247 -0.0437609
v -0.0098865 0.355927 -0.0571392
v -0.0189135 0.357036 -0.0587767
v -0.057145 0.324536 0.0130838
v 0.386728 0.351038 -0.071078
v 0.412286 0.295273 0.113849
v 0.0771736 0.318997 0.0885511
v -0.0333478 0.360325 -0.0466176
v -0.0533676 0.331329 0.0279478
v -0.0378629 0.306493 0.0445043
v -0.003464 0.292351 0.0968566
v 0.0261715 0.29767 0.1162
v 0.391995 0.332567 -0.072966
v 0.396588 0.353792 -0.0639377
v 0.271851 0.338359 -0.0129679
v 0.305869 0.324527 0.0948271
v 0.451718 0.311704 0.0482873
v 0.0659574 0.313968 0.0865953
v 0.0896155 0.344992 0.00252763
v 0.0431648 0.351752 -0.0472305
v -0.0284306 0.365405 -0.0495917
v -0.0186619 0.284806 0.0840557
v 0.00276584 0.305303 0.104692
v 0.455295 0.320192 -0.0102984
v 0.437432 0.337387 -0.0300392
v 0.425924 0.344838 -0.0406305
v 0.41157 0.350877 -0.05309
v 0.321929 0.350884 -0.0556431
v 0.311831 0.307074 0.0895779
v 0.345422 0.29433 0.106734
v 0.0843457 0.319944 0.0798712
v 0.103512 0.325939 0.0497162
v 0.0152445 0.306968 0.111186
v 0.0487499 0.312078 0.123846
v 0.451924 0.332965 -0.0158092
v 0.265058 0.33314 0.00501379
v 0.0260888 0.358802 -0.0483504
v -0.0584013 0.335638 0.0039108
v 0.456849 0.351861 -0.00635505
v 0.415264 0.369055 -0.0458572
v 0.315192 0.327622 0.104318
v 0.435395 0.295495 0.0949766
v 0.454655 0.316428 0.0377506
v 0.457808 0.321637 0.0116736
v 0.0885661 0.317038 0.0718168
v 0.0981099 0.328293 0.0704207
v 0.091219 0.340397 0.0372609
v -0.00443609 0.361435 -0.0500537
v 0.380828 0.288694 0.11631
v -0.0471506 0.334045 0.0476212
v -0.0339332 0.320279 0.0717935
v 0.0300829 0.304389 0.118651
v 0.0563888 0.310968 0.0947456
v 0.3735 0.371852 -0.0624804
v 0.364991 0.358543 -0.0684456
v 0.295289 0.355112 -0.03169
v 0.276958 0.344157 -0.0188197
v 0.293107 0.34486 0.0657914
v 0.105746 0.33285 0.0624027
v 0.0804138 0.359299 -0.0288005
v 0.068674 0.361929 -0.035329
v -0.0152327 0.367938 -0.0500468
v -0.0550969 0.350199 -0.0150892
v -0.0583094 0.336498 0.0156569
v -0.0410552 0.339081 0.0596575
v -0.0295378 0.313453 0.0825047
v 0.0335589 0.297451 0.120091
v 0.269597 0.352338 -0.00502451
v 0.266222 0.347509 0.0277421
v 0.297055 0.332338 0.0623929
v 0.302913 0.337228 0.0963093
v 0.413262 0.3086 0.1176
v 0.449583 0.305123 0.0703619
v -0.0520941 0.346377 -0.0247471
v 0.0436191 0.30924 0.127195
v 0.0843898 0.327767 0.0906418
v 0.334252 0.314241 0.10918
v 0.354808 0.321973 0.125316
v 0.424184 0.300323 0.105613
v 0.446847 0.319842 0.0799607
v 0.457175 0.336266 0.040073
v 0.460668 0.345609 0.00522604
v 0.0998713 0.344285 0.0512949
v 0.0895775 0.350128 -0.0186988
v -0.0143072 0.315026 0.0980378
v 0.272029 0.356944 0.0431374
v 0.296973 0.345401 0.0748798
v 0.384833 0.329741 0.136254
v -0.0569578 0.351604 0.03237
v -0.0249471 0.316664 0.0906906
v 0.302308 0.324616 0.0822888
v 0.342363 0.320019 0.117736
v 0.37832 0.333647 0.136985
v 0.0891258 0.331908 0.0818195
v -0.0377167 0.328859 0.0600709
v 0.0387232 0.314749 0.126264
v 0.282216 0.342755 0.0534147
v 0.0144673 0.369628 -0.0463444
v -0.0564492 0.358309 0.0126846
v -0.049781 0.328159 0.0385863
v -0.00961258 0.332185 0.105098
v 0.0259298 0.322785 0.112965
v 0.0752601 0.327081 0.0974522
v 0.388626 0.376459 -0.0586026
v 0.335981 0.360896 -0.0582226
v 0.324536 0.370379 -0.0489261
v 0.31247 0.362935 -0.0439495
v 0.274257 0.343983 0.0437488
v 0.0912406 0.345984 -0.00907273
v 0.0761952 0.363722 -0.0304185
v 0.0410804 0.37709 -0.0360042
v 0.0504713 0.321109 0.118992
v 0.0559257 0.328386 0.102351
v 0.353613 0.367228 -0.0616882
v 0.452959 0.332472 0.0657983
v 0.0863934 0.350321 0.0203932
v -0.0361243 0.372741 -0.0348134
v 0.405484 0.372362 -0.0515652
v 0.277125 0.36759 -0.00997874
v 0.392676 0.315357 0.129351
v 0.453671 0.322815 0.0481247
v 0.460203 0.339474 0.0143493
v 0.0269433 0.369354 -0.044432
v -0.0221514 0.370589 -0.0489494
v -0.0333323 0.333786 0.0903141
v 0.0332322 0.324912 0.121065
v 0.272253 0.372527 0.00426061
v 0.435879 0.314978 0.0950313
v 0.102188 0.344917 0.0766336
v 0.085433 0.362601 -0.0208235
v -0.0310399 0.384217 -0.0299474
v -0.0540704 0.370269 0.00232175
v 0.441567 0.348611 -0.0256985
v 0.0949016 0.354542 0.0987369
v -0.000956192 0.374842 -0.046004
v -0.0442062 0.355026 0.0678107
v 0.0625846 0.330144 0.0997785
v 0.410109 0.333762 0.131505
v 0.415067 0.331786 0.125576
v 0.106221 0.341538 0.0648292
v 0.086277 0.370993 -0.00787418
v -0.0119442 0.376055 -0.0460416
v -0.0252682 0.38428 -0.0347378
v -0.0511306 0.368453 -0.0100819
v -0.0395444 0.346216 0.0866038
v 0.00862614 0.32707 0.1086
v 0.0429766 0.321201 0.131829
v 0.0515243 0.330565 0.112103
v 0.0781566 0.345791 0.112084
v 0.287962 0.362424 -0.0239911
v 0.418207 0.325114 0.115458
v 0.423922 0.327254 0.107642
v 0.430177 0.334841 0.099589
v 0.0937496 0.348596 0.045082
v 0.0882744 0.355893 0.0385212
v 0.0869845 0.351256 0.0315148
v 0.0772306 0.376836 -0.0241083
v 0.0226968 0.343123 0.113232
v 0.424716 0.368759 -0.0389979
v 0.353182 0.387603 -0.0532195
v 0.303135 0.365337 -0.0337733
v 0.281662 0.35418 -0.0209689
v 0.281625 0.370602 -0.0149479
v 0.269043 0.370422 0.0332222
v 0.270998 0.367265 0.040379
v 0.360911 0.342854 0.134365
v 0.00841986 0.386892 -0.0370115
v -0.0581702 0.350398 0.0192467
v -0.0266897 0.345914 0.102063
v 0.457717 0.366727 -0.000420288
v 0.397291 0.377187 -0.0544361
v 0.348475 0.343463 0.128956
v 0.463061 0.356651 0.0365014
v 0.10638 0.35386 0.065249
v 0.0860884 0.370785 -0.00105908
v 0.0840713 0.378646 -0.0104941
v -0.0538986 0.378404 0.00469
v -0.0391905 0.341612 0.0699369
v -0.00413585 0.344712 0.109009
v 0.0902015 0.348333 0.107737
v 0.382028 0.38236 -0.0573748
v 0.341115 0.376276 -0.054197
v 0.315771 0.381302 -0.0351699
v 0.277422 0.355898 0.0542345
v 0.280486 0.363233 0.0615765
v 0.307925 0.347322 0.105109
v 0.418571 0.336095 0.120247
v 0.455754 0.340537 0.0507602
v 0.464539 0.357504 0.0203447
v 0.0848091 0.340676 0.106098
v 0.294573 0.356421 0.078751
v 0.393905 0.332321 0.135973
v 0.448466 0.338025 0.0773297
v 0.0806947 0.380041 -0.0177688
v 0.0515728 0.343668 0.114713
v 0.0837707 0.371285 0.0324993
v 0.0859386 0.362884 0.0119314
v 0.0256487 0.382662 -0.0369811
v -0.0447407 0.395447 8.35334e-005
v -0.0493785 0.385738 -0.000983438
v -0.0594947 0.377454 0.0270378
v 0.0247645 0.352028 0.120451
v 0.0852596 0.373148 0.0397943
v 0.0354386 0.335087 0.135889
v 0.315939 0.387675 -0.032704
v 0.295067 0.380074 -0.0233007
v 0.370306 0.332216 0.134781
v 0.423196 0.349026 0.110586
v 0.0928517 0.355417 0.110466
v 0.10747 0.356196 0.0771418
v 0.0674148 0.386089 -0.0252426
v -0.051245 0.359714 0.0587975
v 0.0463068 0.364745 0.129885
v 0.449112 0.370651 -0.0130107
v 0.298186 0.356383 0.0955049
v 0.108848 0.372464 0.0896171
v 0.0471043 0.383161 -0.0306797
v -0.0447747 0.368538 0.0817008
v 0.373695 0.399744 -0.0504845
v 0.336998 0.395396 -0.0416245
v 0.275968 0.380514 0.0535165
v 0.432623 0.350491 0.0941814
v 0.459673 0.369813 0.0467246
v 0.104829 0.356341 0.0833333
v 0.102637 0.359448 0.0621502
v 0.0727681 0.380124 -0.025713
v 0.0292446 0.340465 0.130654
v 0.0890601 0.369267 0.130193
v 0.445995 0.387772 -0.0132669
v 0.389837 0.400915 -0.0484939
v 0.274548 0.383512 0.0118472
v 0.26641 0.365765 0.022095
v 0.404355 0.345456 0.13877
v 0.0981326 0.353123 0.0901774
v 0.00679658 0.397643 -0.0283743
v -0.0137823 0.393282 -0.0304719
v -0.0379296 0.358094 0.0977586
v 0.0211548 0.366325 0.136054
v 0.0449276 0.354203 0.133217
v 0.325986 0.390486 -0.0379427
v 0.289986 0.387189 -0.0173974
v 0.280549 0.389034 -0.00183544
v 0.362033 0.361411 0.13715
v 0.0897459 0.373445 0.0497031
v 0.0607048 0.379842 -0.0300544
v -0.0252377 0.402506 -0.0135598
v -0.0590194 0.36768 0.0391911
v -0.0432122 0.372434 0.0962587
v 0.0435381 0.336142 0.134988
v 0.0613072 0.376317 0.127921
v 0.297559 0.37807 0.100448
v 0.417312 0.359211 0.135308
v 0.0946045 0.374684 0.125901
v 0.0613174 0.358088 0.116336
v 0.0801652 0.36886 0.130739
v 0.435182 0.374968 -0.0280818
v 0.405318 0.39105 -0.0458274
v 0.289223 0.395193 -0.0127579
v 0.291672 0.371288 0.0808638
v 0.302237 0.366658 0.10649
v 0.333851 0.362161 0.12374
v 0.0996415 0.372859 0.103686
v 0.0354846 0.395502 -0.0246434
v 0.321976 0.349455 0.11544
v 0.414371 0.373739 0.141211
v 0.463118 0.371122 0.0152727
v 0.0823602 0.386198 0.0372974
v 0.0196077 0.364558 0.118625
v 0.402151 0.362885 0.144268
v 0.0831614 0.383103 0.001463
v -0.0549812 0.379681 0.0625778
v 0.0145478 0.349144 0.111669
v 0.0195948 0.381056 0.1266
v 0.460417 0.386075 0.00389243
v 0.422499 0.396686 -0.0325847
v 0.362377 0.394601 -0.0516712
v 0.349386 0.357726 0.130881
v 0.424442 0.361802 0.121497
v 0.455807 0.354585 0.053149
v 0.464069 0.372283 0.0250347
v 0.0800757 0.391949 -0.00961908
v -0.0553487 0.390186 0.0166491
v 0.275248 0.393355 0.0431589
v 0.342752 0.386618 0.132166
v 0.435472 0.364112 0.0889282
v 0.109653 0.371933 0.0811611
v 0.101711 0.377839 0.0692818
v -0.0314325 0.346795 0.0993221
v 0.0185579 0.380349 0.149346
v 0.0526168 0.369422 0.124508
v 0.0710091 0.379853 0.136225
v 0.302827 0.395444 -0.0255487
v 0.420434 0.356977 0.130866
v 0.10814 0.383663 0.0823939
v 0.0814117 0.380035 0.0237481
v -0.0334016 0.403103 -0.00465009
v -0.0466052 0.372186 0.07749
v -0.0162741 0.356112 0.109097
v 0.0141103 0.367549 0.116315
v 0.0365134 0.353846 0.143289
v 0.327814 0.397409 -0.0370115
v 0.283817 0.397004 0.0033383
v 0.276259 0.390256 0.0199166
v 0.0157087 0.400542 -0.0245777
v -0.0582707 0.385213 0.0500716
v 0.399596 0.398054 -0.0464604
v 0.351724 0.400086 -0.0450688
v 0.449344 0.362772 0.0679203
v 0.466321 0.381775 0.0208889
v 0.0864814 0.386521 0.0480321
v 0.0722543 0.397264 -0.0170561
v 0.0153636 0.385747 0.142229
v 0.0277618 0.361025 0.145398
v 0.048717 0.369664 0.127689
v 0.282219 0.387922 0.0705131
v 0.293869 0.395878 0.0938906
v 0.323733 0.378631 0.122871
v 0.442236 0.36187 0.0803108
v 0.10781 0.382665 0.10028
v -0.0518301 0.396688 0.0821518
v 0.411763 0.39684 -0.0401248
v 0.295076 0.402757 -0.0166036
v 0.378873 0.371323 0.144839
v 0.397542 0.355721 0.143115
v 0.433614 0.371531 0.0915278
v 0.0914155 0.383172 0.0558815
v 0.0801549 0.393185 0.0306896
v 0.0483027 0.395337 -0.0231517
v 0.0540688 0.388486 0.135162
v 0.44213 0.395465 -0.0157167
v 0.416692 0.406221 -0.0339907
v 0.280166 0.411197 0.038448
v 0.401859 0.383493 0.14936
v 0.464664 0.391194 0.036073
v 0.093864 0.385587 0.136276
v 0.104366 0.389227 0.0767049
v 0.0816091 0.391433 -0.00100101
v 0.0407945 0.400271 -0.0188396
v -0.0122595 0.405778 -0.0175835
v -0.054023 0.400889 0.0257642
v 0.436359 0.403141 -0.0188618
v 0.396016 0.389407 0.151671
v 0.463502 0.394768 0.0128651
v 0.0981137 0.38756 0.11874
v 0.365615 0.408559 -0.043027
v 0.284299 0.405519 0.0695685
v 0.430241 0.371049 0.0989657
v 0.451896 0.387536 0.064049
v 0.110153 0.383047 0.0942322
v 0.0644455 0.397779 -0.0199981
v -0.0421579 0.384358 0.105057
v 0.0160236 0.400577 0.13377
v 0.0370806 0.382517 0.146344
v 0.464389 0.400948 0.0291417
v -0.00508767 0.395933 0.120372
v 0.0813457 0.384592 0.144704
v 0.0889706 0.392312 0.146736
v 0.305775 0.405577 -0.0248082
v 0.290235 0.402388 -0.00906001
v 0.289048 0.404994 0.00203653
v 0.279324 0.396806 0.0188009
v 0.273401 0.389154 0.0309208
v 0.285147 0.397096 0.0787843
v -0.0515624 0.40205 0.019016
v 0.0382397 0.395932 0.1456
v 0.319071 0.403216 -0.0315242
v 0.432406 0.384599 0.124636
v 0.431561 0.378642 0.104541
v 0.0957718 0.391609 0.0649673
v 0.0345118 0.40733 -0.00989584
v -0.0525799 0.409766 0.0311598
v -0.0574058 0.402062 0.0703843
v -0.0340212 0.380171 0.110035
v -0.0260801 0.377911 0.112385
v 0.0296689 0.385627 0.15346
v 0.0490908 0.40364 0.146519
v 0.280123 0.410695 0.0469494
v 0.299601 0.394374 0.107613
v 0.442407 0.38404 0.0773955
v 0.0791574 0.398603 -0.00467736
v 0.062631 0.404721 -0.0160112
v 0.000253098 0.403835 -0.0225062
v 0.000503126 0.414646 -0.00903826
v -0.0285024 0.412138 -4.80961e-005
v -0.039926 0.40806 0.00845034
v -0.042344 0.418047 0.0212881
v 0.401962 0.409572 -0.0405679
v 0.297659 0.412636 -0.0144532
v 0.295147 0.404511 0.0960136
v 0.310681 0.372115 0.115005
v 0.459398 0.387573 0.0505031
v 0.012151 0.411612 -0.0108528
v -0.0200835 0.407352 -0.0119631
v 0.016511 0.399391 0.159478
v 0.0700857 0.395066 0.151074
v 0.460824 0.402402 0.00671777
v 0.434252 0.384445 0.115861
v 0.0766628 0.398526 -0.0112942
v -0.0588184 0.401622 0.0574303
v -0.00971801 0.377834 0.11617
v 0.377146 0.412622 -0.0419316
v 0.281334 0.409501 0.0557409
v 0.105522 0.399386 0.0816372
v -0.0594444 0.411644 0.0606824
v -0.0468476 0.395928 0.0932558
v 0.304839 0.412481 -0.0215735
v 0.288871 0.414502 0.087484
v 0.371068 0.396576 0.147855
v 0.382393 0.398615 0.152898
v 0.428782 0.387135 0.132492
v 0.436086 0.39099 0.0933866
v 0.0963884 0.402511 0.140161
v 0.101244 0.406085 0.12744
v 0.11235 0.400808 0.100397
v -0.0495755 0.413238 0.0958641
v 0.0254001 0.40631 0.156792
v 0.0522442 0.416951 0.162888
v 0.326377 0.408794 -0.0271684
v 0.429038 0.414035 0.138874
v 0.103909 0.396015 0.115698
v 0.0776071 0.402633 0.0247855
v 0.0758667 0.406501 -0.000103683
v 0.0124795 0.396598 0.153237
v 0.0407758 0.402011 0.14567
v 0.455011 0.405081 0.000264691
v 0.345442 0.406696 -0.0390189
v 0.286211 0.408655 0.0176135
v 0.389783 0.374512 0.148098
v 0.439656 0.396012 0.0811247
v 0.44569 0.398737 0.0706526
v 0.456636 0.402129 0.055535
v -0.0571613 0.413906 0.0789597
v -0.0452909 0.397456 0.105122
v 0.0132446 0.404709 0.129535
v 0.0327651 0.417303 0.156938
v 0.368588 0.415151 -0.0378397
v 0.321676 0.413795 -0.0215218
v 0.301538 0.411174 0.111635
v 0.421054 0.386398 0.139327
v 0.44124 0.401623 0.103008
v 0.110254 0.403784 0.111793
v 0.0623421 0.408641 -0.0137933
v 0.428627 0.412198 -0.0224532
v 0.385007 0.409432 -0.0442729
v 0.332705 0.405866 0.133473
v 0.373375 0.412204 0.15389
v 0.415054 0.396324 0.146244
v 0.44091 0.403585 0.11196
v 0.109576 0.402008 0.0900943
v -0.0366646 0.417043 0.0123767
v -0.0308971 0.417744 0.119687
v 0.00887008 0.407736 0.146478
v 0.0759404 0.405541 0.160231
v 0.331001 0.413351 -0.0218248
v 0.360346 0.397946 0.142441
v 0.0811823 0.392857 0.00806377
v 0.00852642 0.401404 0.125286
v 0.00812137 0.406557 0.151669
v 0.0196992 0.41881 0.162981
v 0.420788 0.420721 -0.0277074
v 0.28354 0.415356 0.0327822
v 0.319452 0.411009 0.127902
v 0.110559 0.420203 0.0931769
v 0.449372 0.415582 -0.00122024
v 0.316129 0.428287 0.129374
v 0.307031 0.389582 0.115673
v 0.443937 0.408844 0.0751013
v 0.464856 0.408111 0.0272292
v 0.0788601 0.400687 0.00283007
v 0.0737894 0.405828 -0.00837086
v 0.044459 0.406502 -0.0121376
v -0.0302227 0.421422 0.0119256
v -0.0384977 0.424068 0.0225301
v -0.0510028 0.419118 0.0388543
v 0.00489798 0.423013 0.161523
v 0.0115292 0.414211 0.162728
v 0.0577675 0.426481 0.173344
v 0.462395 0.416095 0.012857
v 0.30883 0.425424 0.12296
v 0.46256 0.405568 0.0375177
v 0.0907247 0.416937 0.156158
v 0.104261 0.426747 0.135913
v 0.0859272 0.397594 0.0523067
v 0.0557533 0.408101 -0.0144269
v -0.0226311 0.422214 0.0075054
v -0.0567167 0.419355 0.0556898
v 0.00232999 0.424459 0.15455
v 0.0848927 0.397364 0.15318
v 0.434852 0.419121 -0.0157739
v 0.414592 0.418351 -0.0318464
v 0.294765 0.414043 0.00488592
v 0.282536 0.418638 0.0478279
v 0.302933 0.422912 0.115942
v 0.407172 0.419755 0.156061
v 0.425048 0.431115 0.145502
v 0.464264 0.409227 0.017292
v 0.100587 0.410674 0.07561
v 0.0750447 0.409149 0.00798726
v -0.0055431 0.420658 0.00105914
v -0.0131719 0.417044 -0.00427934
v -0.0452586 0.427694 0.0347344
v -0.00376098 0.423786 0.125218
v 0.0113366 0.418262 0.137285
v 0.00833714 0.428005 0.167363
v 0.386271 0.425342 0.16037
v 0.113997 0.419993 0.112048
v 0.113196 0.417278 0.103047
v 0.105549 0.41475 0.0830119
v 0.0813372 0.400087 0.0434349
v 0.0670325 0.408817 -0.0105749
v -0.0419197 0.407638 0.113142
v -0.00685415 0.415197 0.123143
v 0.375079 0.425295 -0.0270088
v 0.28613 0.426056 0.0576901
v 0.433568 0.412984 0.133915
v 0.441999 0.408187 0.0838506
v 0.084393 0.409556 0.0541394
v 0.0452028 0.427032 0.171162
v 0.427669 0.422697 -0.0227785
v 0.400664 0.417497 -0.0366065
v 0.303261 0.415261 -0.018978
v 0.392649 0.424956 0.160787
v 0.399342 0.426272 0.160343
v 0.098012 0.425316 0.147747
v 0.0375162 0.412504 0.00023653
v 0.00964686 0.42057 0.13168
v 0.342424 0.414774 -0.02516
v 0.29547 0.426738 0.1008
v 0.447172 0.423176 0.0708197
v 0.465352 0.413934 0.0366526
v 0.092592 0.441901 0.164206
v 0.0756324 0.408551 0.014544
v 0.0694016 0.409105 -0.00521069
v -0.0466844 0.411372 0.107948
v 0.365807 0.426286 0.154218
v 0.445242 0.412044 0.0963485
v 0.111337 0.417409 0.1178
v 0.0240372 0.418557 0.00954162
v -0.050503 0.420137 0.0935396
v -0.0369275 0.412998 0.116714
v 0.00170225 0.431347 0.148972
v 0.0302625 0.431397 0.170537
v 0.0319458 0.439633 0.174563
v 0.0653835 0.436506 0.17785
v 0.0729506 0.430403 0.17412
v 0.309893 0.416386 -0.0224191
v 0.286854 0.426321 0.0362475
v 0.381216 0.442678 0.16204
v 0.400374 0.468729 0.164582
v 0.450694 0.414429 0.0642534
v 0.0175152 0.416034 0.000369948
v -0.0499459 0.430635 0.0446704
v -0.0584437 0.421347 0.0733189
v 0.0893279 0.410791 0.0609954
v 0.0781215 0.404852 0.0358874
v -0.0564591 0.424482 0.0646342
v -0.0516218 0.430739 0.093021
v 0.049791 0.442932 0.175438
v 0.447525 0.426249 -0.00150625
v 0.359913 0.418686 -0.0300106
v 0.334987 0.417977 -0.0184599
v 0.299606 0.416397 -0.00557691
v -0.056062 0.43085 0.0837172
v -0.000716931 0.450045 0.164935
v 0.0801326 0.442208 0.176558
v 0.398215 0.42293 -0.0329073
v 0.290108 0.421503 0.0263065
v 0.286207 0.427988 0.0432646
v 0.334047 0.444574 0.142893
v 0.459059 0.412343 0.050873
v 0.0183384 0.43304 0.171482
v 0.0644965 0.445666 0.177951
v 0.293112 0.438212 0.0916356
v 0.451669 0.428543 0.0894813
v 0.0746741 0.410231 0.0156316
v 0.0469838 0.411596 -0.00608769
v -0.0542905 0.431054 0.0610896
v -0.0586906 0.431431 0.07477
v 0.466189 0.415268 0.0243448
v 0.305543 0.417914 -0.0202424
v 0.28851 0.423445 0.0746888
v 0.438509 0.412759 0.12664
v 0.440862 0.412147 0.121646
v 0.446812 0.422736 0.0794331
v 0.0996519 0.438025 0.151481
v 0.11351 0.425724 0.101154
v -0.0468105 0.427081 0.106441
v 0.00262864 0.435012 0.129376
v 0.078034 0.453709 0.180621
v 0.418368 0.426158 -0.0281547
v 0.409405 0.426679 -0.0298533
v 0.38935 0.424018 -0.0311489
v 0.349226 0.422543 -0.0188467
v 0.292982 0.425067 0.023407
v 0.304762 0.446864 0.115139
v 0.307504 0.435009 0.121219
v 0.34445 0.434634 0.147008
v 0.0196316 0.449782 0.172175
v 0.0852749 0.453959 0.178162
v 0.115558 0.442071 0.124014
v 0.110304 0.426178 0.0863633
v 0.105228 0.422971 0.0779106
v 0.0751168 0.412303 0.0316252
v -0.00371313 0.444389 0.150884
v 0.464336 0.427017 0.0370846
v 0.460327 0.425596 0.0135902
v 0.305542 0.418902 -0.0172184
v 0.3181 0.45075 0.131315
v 0.450553 0.429672 0.10871
v 0.458822 0.43039 0.0519468
v 0.109891 0.444784 0.134823
v 0.0567633 0.410521 -0.0111355
v 0.00660501 0.421894 0.00708444
v -0.00556882 0.42787 0.0153271
v -0.0186261 0.428782 0.0148437
v -0.0301433 0.432876 0.0242747
v -0.056694 0.439441 0.0770562
v -0.0418242 0.431199 0.111813
v -0.00220833 0.447283 0.125331
v 0.293706 0.416877 0.0161435
v 0.370073 0.449792 0.15964
v 0.450582 0.42675 0.0629922
v 0.0494485 0.455713 0.171069
v 0.0512788 0.410899 -0.00972601
v 0.00718846 0.439905 0.135198
v 0.30783 0.422562 -0.000463132
v -0.00321944 0.447602 0.158908
v 0.070375 0.409969 0.00104072
v -0.0455519 0.442815 0.103097
v -0.0175397 0.435308 0.120796
v 0.43508 0.425534 -0.0160631
v 0.361235 0.426787 -0.0192211
v 0.348684 0.425153 -0.015245
v 0.326612 0.417342 -0.0196162
v 0.319201 0.418203 -0.023396
v 0.296466 0.443174 0.0998144
v 0.414054 0.431465 0.155367
v 0.0935892 0.466383 0.171711
v 0.0778835 0.41349 0.0431563
v 0.00257937 0.449419 0.129393
v 0.44914 0.42067 0.104845
v 0.46251 0.427386 0.0224435
v 0.01394 0.460186 0.168077
v 0.0367431 0.414355 0.00415165
v 0.461373 0.430477 0.0142881
v 0.331694 0.420119 -0.0190826
v 0.289195 0.435424 0.048619
v 0.295526 0.453186 0.0900116
v 0.331821 0.458209 0.143599
v 0.43484 0.443382 0.136217
v -0.00741392 0.461382 0.161011
v -0.0391592 0.433646 0.0319555
v -0.0333502 0.441995 0.115379
v -0.0107775 0.465092 0.15132
v 0.446512 0.430902 -0.00315302
v 0.409799 0.453689 0.161388
v 0.419333 0.476718 0.156396
v 0.448321 0.439356 0.1166
v 0.457658 0.437055 0.048996
v 0.0338081 0.458766 0.168432
v 0.052367 0.464363 0.172903
v 0.0829879 0.470408 0.180736
v 0.0844344 0.416946 0.052174
v 0.0521135 0.41055 -0.00784983
v -0.0502114 0.4369 0.0594733
v -0.00737076 0.451214 0.153174
v 0.404227 0.429016 -0.0277264
v 0.312344 0.418345 -0.0227729
v 0.293203 0.441479 0.07703
v 0.391047 0.457807 0.165135
v 0.452231 0.442568 0.0642594
v 0.0629926 0.40993 -0.00666001
v 0.0357187 0.470655 0.167168
v 0.42968 0.430551 -0.0220883
v 0.343279 0.469317 0.151382
v 0.424386 0.472622 0.151366
v 0.119603 0.44518 0.117049
v 0.0455516 0.411772 -0.00413894
v -0.0506407 0.441477 0.0630854
v -0.0506312 0.448479 0.091943
v 0.0701404 0.460144 0.179676
v 0.0745022 0.474413 0.18279
v 0.391448 0.42962 -0.0247894
v 0.300331 0.423556 0.0131633
v 0.369455 0.471418 0.162178
v 0.428605 0.463411 0.145228
v 0.440388 0.430563 0.127668
v 0.452595 0.436253 0.0604737
v -0.0461998 0.437155 0.0442789
v 0.00296199 0.460937 0.134541
v 0.375905 0.432072 -0.0180375
v 0.289167 0.430837 0.0367148
v 0.291978 0.44359 0.0556081
v 0.442113 0.455274 0.127878
v 0.0837496 0.421185 0.0480546
v 0.0724613 0.41181 0.0188023
v 0.382068 0.473076 0.165531
v 0.071572 0.414085 0.0224322
v -0.0430447 0.444421 0.106498
v -0.0334973 0.453047 0.111454
v -0.0134852 0.476203 0.147626
v 0.316139 0.465873 0.129376
v 0.450646 0.433721 0.0775073
v 0.0041391 0.458635 0.168012
v 0.00432771 0.474368 0.16265
v 0.0662655 0.500672 0.180985
v 0.115183 0.453192 0.13044
v -0.0235322 0.433672 0.0234283
v -0.0478065 0.442896 0.0511192
v -0.0112061 0.45835 0.119353
v 0.305892 0.424097 0.00613543
v 0.117764 0.446343 0.102256
v 0.0340467 0.416383 0.00806905
v -0.0562332 0.442919 0.0823838
v -0.00110625 0.465484 0.123468
v 0.455082 0.45161 0.0613251
v 0.456384 0.445948 0.0460027
v 0.46311 0.437767 0.0225121
v 0.31281 0.420206 -0.0149699
v 0.31162 0.422956 -0.0037186
v 0.291716 0.438563 0.0353436
v 0.454606 0.450626 0.106346
v 0.106922 0.460232 0.151023
v 0.113909 0.437052 0.0846394
v 0.078454 0.418728 0.0409418
v 0.0144227 0.424696 0.0171112
v -0.00904413 0.432065 0.0218799
v -0.0358603 0.437812 0.0312835
v -0.0100716 0.475855 0.157722
v 0.0204159 0.474315 0.162944
v 0.0423459 0.47737 0.172426
v 0.0889998 0.480843 0.172435
v 0.103013 0.475404 0.163114
v 0.323924 0.414887 -0.026202
v 0.300388 0.467198 0.102181
v 0.452577 0.462808 0.113422
v 0.0739676 0.415775 0.0307991
v 0.0660496 0.4068 0.00131527
v 0.45851 0.438373 0.036548
v 0.424944 0.4327 -0.02314
v 0.29712 0.431128 0.0175909
v 0.291852 0.431438 0.0286055
v 0.296372 0.461641 0.0919205
v 0.309848 0.468644 0.120991
v 0.333845 0.494755 0.147119
v 0.39589 0.485798 0.163697
v -0.00577028 0.490401 0.155855
v 0.0762889 0.498998 0.171429
v 0.114629 0.469113 0.135481
v -0.0413742 0.443172 0.03945
v 0.45685 0.460347 0.102527
v 0.457731 0.445919 0.0960334
v 0.110422 0.480584 0.150452
v 0.110712 0.432577 0.0765435
v 0.096153 0.419727 0.0681878
v 0.0701105 0.40972 0.00711491
v -0.0395102 0.459881 0.102869
v 0.0622738 0.490449 0.184243
v 0.0988782 0.479382 0.166104
v 0.461087 0.45224 0.0741888
v 0.441275 0.434755 -0.013129
v 0.343239 0.424649 -0.016417
v 0.330737 0.417592 -0.0234481
v 0.293225 0.448376 0.0477526
v 0.322534 0.491759 0.137459
v 0.0539346 0.408611 -0.00813484
v 0.0388667 0.409605 -0.000322504
v -0.0399791 0.445242 0.0395769
v 0.406574 0.43333 -0.0232881
v 0.387533 0.432896 -0.0196229
v 0.349942 0.478864 0.154582
v 0.0597195 0.405444 -0.00491819
v 0.0423599 0.405813 -0.0039617
v -0.0447554 0.443223 0.0441727
v -0.0539579 0.457024 0.0757372
v 0.0953787 0.48841 0.165095
v 0.106561 0.493416 0.154678
v 0.418663 0.434596 -0.022935
v 0.315313 0.418255 -0.0216399
v 0.374737 0.4919 0.162505
v -0.0135938 0.487505 0.148683
v 0.0513908 0.488867 0.181911
v 0.111767 0.48869 0.146461
v 0.10669 0.434359 0.0643839
v 0.0746496 0.420383 0.0328694
v 0.0306058 0.417017 0.0113252
v -0.0291559 0.437765 0.0283217
v -0.0510335 0.449157 0.0570558
v 0.00232115 0.466046 0.129931
v 0.458273 0.444129 0.0118765
v 0.450531 0.438944 0.000550279
v 0.308376 0.477359 0.115507
v 0.36134 0.495653 0.15771
v 0.41618 0.4952 0.154965
v 0.440767 0.471517 0.129586
v 0.0253847 0.41994 0.013675
v 0.0101383 0.428927 0.0203617
v -0.0122688 0.436126 0.0254961
v -0.0503688 0.4569 0.0891943
v -0.0121783 0.472661 0.111479
v 0.454233 0.447145 0.0541596
v 0.303718 0.427619 0.00916289
v 0.311749 0.487647 0.12121
v -0.0535263 0.449282 0.0691475
v 0.460766 0.446627 0.0323961
v 0.346089 0.425461 -0.0178259
v 0.428601 0.488823 0.1445
v 0.458699 0.473132 0.0759429
v -0.0151931 0.488723 0.14146
v 0.120367 0.469846 0.121944
v 0.0699329 0.414866 0.0221061
v -0.0479885 0.467179 0.0870586
v -0.0017051 0.478874 0.119536
v 0.436653 0.437328 -0.0171759
v 0.335375 0.414502 -0.026541
v 0.294673 0.438264 0.0211895
v 0.379855 0.507927 0.161624
v 0.436281 0.485869 0.135036
v 0.0671161 0.408854 0.00999731
v 0.0297756 0.412758 0.00505186
v -0.0301297 0.461633 0.109465
v 0.0968029 0.497301 0.161062
v 0.358044 0.430075 -0.0151199
v 0.300244 0.474208 0.0994981
v 0.351878 0.501945 0.154295
v 0.461162 0.456235 0.0749323
v 0.0609934 0.403317 0.00137913
v 0.0475588 0.401338 -0.00560649
v 0.0231028 0.422485 0.0153733
v -0.000234723 0.493119 0.155941
v 0.0473015 0.52248 0.175884
v 0.459927 0.449836 0.0302438
v 0.318232 0.41966 -0.0153594
v 0.315675 0.42359 -0.0078513
v 0.453712 0.480267 0.103737
v 0.112888 0.497137 0.134619
v 0.0683578 0.416528 0.0221808
v -0.0191588 0.49816 0.140308
v 0.0132947 0.49398 0.155571
v 0.459025 0.447524 0.0173116
v 0.371429 0.434004 -0.0167581
v 0.292435 0.445533 0.0332337
v 0.391291 0.502928 0.162437
v 0.0236217 0.491522 0.161531
v 0.036061 0.520562 0.170805
v 0.0550925 0.524509 0.172859
v 0.121939 0.461611 0.107679
v -0.0312447 0.442808 0.0338094
v -0.035552 0.469907 0.101033
v -0.0105804 0.490748 0.12968
v 0.337618 0.41031 -0.030631
v 0.327053 0.41321 -0.0268973
v 0.303803 0.430033 0.00470644
v 0.297701 0.462152 0.0756738
v 0.29697 0.470197 0.0885376
v 0.451516 0.461424 0.0501794
v 0.452638 0.456866 0.0413858
v -0.00962983 0.503389 0.150058
v 0.0299408 0.505442 0.165279
v -0.00645837 0.440631 0.0242155
v -0.00209021 0.483917 0.123132
v 0.325419 0.516433 0.139343
v 0.385262 0.521513 0.158619
v 0.458228 0.462284 0.0639546
v 0.113376 0.442902 0.0750863
v 0.054926 0.401205 -0.00389455
v -0.0524281 0.462323 0.0802364
v -0.0117245 0.498092 0.123815
v 0.415753 0.437746 -0.0211861
v 0.357783 0.43236 -0.0180255
v 0.350164 0.427126 -0.0201689
v 0.322632 0.416664 -0.0210089
v 0.0810914 0.510126 0.165626
v 0.438591 0.502916 0.123647
v -0.017559 0.51377 0.135753
v 0.013334 0.507999 0.149476
v -0.0470789 0.455233 0.0485646
v -0.0525927 0.462938 0.0573854
v -0.0283283 0.48213 0.0976988
v 0.427256 0.438881 -0.0204732
v 0.408543 0.512765 0.15482
v 0.450609 0.483467 0.110482
v 0.457067 0.476199 0.0871691
v 0.0991606 0.515375 0.152128
v 0.106195 0.51346 0.143079
v 0.118765 0.48593 0.112884
v 0.115975 0.453961 0.0910521
v 0.00513863 0.433956 0.0212842
v -0.0215076 0.44318 0.0289913
v 0.451214 0.456625 0.0274979
v 0.443721 0.442381 -0.00903516
v 0.397594 0.436529 -0.0184778
v 0.318806 0.421504 -0.0151707
v 0.312798 0.42574 -0.00532534
v 0.0412334 0.526388 0.172994
v 0.103451 0.513418 0.147586
v 0.107542 0.450271 0.0522169
v -0.0524871 0.470656 0.071255
v 0.384278 0.437386 -0.0162412
v 0.331792 0.41052 -0.0296433
v 0.314576 0.508953 0.126156
v 0.354626 0.524556 0.156357
v 0.421623 0.520994 0.138493
v 0.0629708 0.523443 0.165219
v 0.112589 0.460029 0.0764246
v 0.103601 0.445835 0.0416598
v 0.00775945 0.433209 0.0195459
v 0.449414 0.462651 0.044709
v 0.454642 0.452051 0.0173549
v 0.327483 0.412352 -0.0274807
v 0.323463 0.416868 -0.0216642
v 0.110496 0.438083 0.0686799
v 0.0348745 0.402403 -0.0031386
v -0.0347106 0.484693 0.0909485
v -0.00619673 0.483725 0.112076
v -0.00403895 0.493894 0.111943
v -0.00684766 0.518122 0.140832
v 0.45336 0.47533 0.0580822
v 0.383423 0.447574 -0.017462
v 0.291798 0.454605 0.0395397
v 0.294738 0.480203 0.0798149
v 0.116984 0.483981 0.0850343
v 0.108126 0.455953 0.0537088
v -0.0343237 0.44849 0.0355645
v 0.0224018 0.521847 0.1524
v 0.0307651 0.538409 0.159467
v 0.366752 0.440617 -0.0189428
v 0.295642 0.48966 0.0904768
v 0.399044 0.511399 0.159858
v 0.449973 0.495161 0.0917968
v 0.119753 0.461323 0.0978205
v 0.10036 0.435581 0.04777
v 0.0450933 0.39692 -0.00544125
v 0.0151389 0.428201 0.0147668
v -0.0142037 0.484433 0.103994
v -0.0137004 0.508414 0.117333
v -0.016794 0.502355 0.131305
v -0.0192732 0.510611 0.130306
v 0.0798082 0.540768 0.143854
v 0.45247 0.452969 0.0108427
v 0.39294 0.443274 -0.0167417
v 0.344503 0.417041 -0.0262361
v 0.294413 0.464942 0.0541839
v 0.457944 0.472306 0.0691456
v 0.0725077 0.42109 0.0280259
v 0.0239278 0.406866 -0.000563608
v 0.0232167 0.420319 0.0103639
v 0.0248881 0.546268 0.145363
v 0.0666702 0.528095 0.159903
v 0.297903 0.433962 0.0138993
v 0.362058 0.545622 0.14857
v 0.11428 0.465504 0.0801955
v 0.0788823 0.424218 0.0342216
v 0.0526428 0.398682 -0.00301423
v 0.427254 0.523176 0.130022
v 0.091836 0.428806 0.0453621
v 0.0628936 0.405457 0.00545929
v -0.0314053 0.449894 0.0331337
v -0.0198496 0.495136 0.0917299
v -0.0207298 0.521728 0.125982
v -0.0178266 0.526395 0.129004
v 0.0438725 0.542497 0.161996
v 0.0916946 0.517372 0.157664
v 0.113557 0.517649 0.113171
v 0.447095 0.471944 0.0460283
v 0.29267 0.44088 0.018056
v 0.290505 0.448316 0.0261545
v 0.402983 0.556123 0.131109
v -0.0541976 0.473251 0.0568954
v -0.0485457 0.480872 0.0769129
v -0.0068597 0.502496 0.103743
v 0.0349275 0.551619 0.153155
v 0.448366 0.45226 0.00301748
v 0.437917 0.452888 -0.00983492
v 0.427636 0.441974 -0.019847
v 0.308429 0.425128 -0.00935809
v 0.290077 0.493132 0.0741385
v -0.0142984 0.440379 0.0262784
v -0.0512147 0.48618 0.0601989
v 0.436074 0.442453 -0.0158348
v 0.416563 0.44436 -0.0207965
v 0.431401 0.522696 0.120155
v 0.453368 0.489566 0.0816335
v -0.0380727 0.453807 0.0383857
v 0.0049105 0.524305 0.138428
v 0.447087 0.462017 0.0278831
v 0.335774 0.538578 0.140257
v 0.418836 0.544642 0.12414
v 0.116012 0.483388 0.0766338
v 0.0533596 0.403958 -0.000468247
v 0.0217076 0.412127 0.00306422
v -0.0447408 0.482097 0.0829382
v -0.0165155 0.515477 0.111012
v 0.306225 0.520195 0.112695
v 0.436654 0.516214 0.103153
v 0.451094 0.491219 0.0714436
v 0.0337579 0.396091 -0.00683113
v -0.0106821 0.4458 0.0231709
v 0.0113732 0.531835 0.137201
v 0.0494162 0.541522 0.158484
v 0.0547106 0.562698 0.128444
v 0.445547 0.461315 0.00563873
v 0.343611 0.413553 -0.0292204
v 0.290917 0.500621 0.0812629
v 0.305206 0.506555 0.113075
v 0.356876 0.551664 0.141319
v 0.384678 0.546862 0.146901
v 0.447394 0.484892 0.0474779
v 0.0488218 0.397726 -0.00562977
v -0.0531544 0.468843 0.048313
v -0.00882318 0.511415 0.101186
v 0.10487 0.532698 0.121589
v 0.325598 0.414011 -0.0290149
v 0.293271 0.481543 0.0647217
v 0.444794 0.468305 0.037483
v 0.115875 0.503978 0.105472
v -0.0490824 0.460887 0.0477862
v -0.0316342 0.49332 0.0844957
v -0.0100395 0.535584 0.127211
v 0.0184512 0.545083 0.134662
v 0.0844393 0.566101 0.113646
v 0.333485 0.409929 -0.0355403
v 0.302426 0.426437 -0.00914777
v 0.395803 0.548251 0.141276
v 0.447323 0.462018 0.0153103
v 0.0968803 0.439584 0.0345692
v 0.0607154 0.416059 0.0117345
v 0.396359 0.44824 -0.0162823
v 0.31953 0.418174 -0.0245946
v 0.317854 0.53619 0.125131
v 0.448367 0.496568 0.0708118
v 0.447316 0.491164 0.0529362
v -0.0204641 0.532194 0.113372
v 0.0549376 0.544887 0.148775
v 0.0758626 0.559148 0.125659
v 0.39323 0.562181 0.127603
v 0.440765 0.510183 0.0880911
v 0.444513 0.499275 0.0557114
v 0.0278447 0.560823 0.13657
v 0.115783 0.52131 0.101648
v 0.114321 0.477716 0.0726371
v 0.0863817 0.432397 0.0275123
v 0.066433 0.422036 0.00749339
v 0.0121349 0.42395 0.00782338
v -0.0287273 0.45257 0.028562
v 0.355961 0.432311 -0.0235192
v 0.342093 0.410201 -0.03504
v 0.299455 0.427034 -0.0144101
v 0.0756263 0.425927 0.0244945
v 0.0355886 0.392087 -0.0119094
v -0.0349601 0.460772 0.0249483
v -0.0142724 0.542366 0.114586
v 0.00756493 0.540985 0.126597
v 0.440514 0.457949 -0.00479461
v 0.350209 0.418238 -0.0317509
v 0.321611 0.41555 -0.0319755
v 0.298128 0.430438 -0.00305101
v 0.288354 0.444985 0.00847254
v 0.287813 0.456227 0.0258828
v 0.383317 0.564469 0.128498
v 0.0188338 0.396748 -0.00901383
v 0.0942301 0.546475 0.124767
v 0.0997088 0.53678 0.127592
v 0.432216 0.450395 -0.0174793
v 0.427933 0.44671 -0.0204768
v 0.419566 0.449196 -0.0253001
v 0.406238 0.452294 -0.0271578
v 0.359783 0.436327 -0.020191
v 0.296284 0.524462 0.0945372
v 0.416506 0.553678 0.106245
v 0.0428547 0.394585 -0.0106778
v 0.0128009 0.403757 -0.00633081
v 0.00506419 0.43587 0.015141
v -0.0202986 0.522908 0.113775
v 0.0656547 0.548739 0.139945
v 0.305057 0.534686 0.107016
v 0.441862 0.488775 0.0349047
v 0.439564 0.47687 0.0318173
v 0.118098 0.512278 0.0666667
v 0.0216337 0.392552 -0.0126076
v -0.00953639 0.498471 0.0988252
v 0.41458 0.448237 -0.0244362
v 0.309224 0.421438 -0.0195483
v 0.287092 0.461205 0.0258309
v 0.290777 0.470605 0.0419103
v 0.289668 0.478107 0.0442317
v 0.431414 0.526465 0.0835551
v 0.115364 0.483463 0.0607945
v 0.0107213 0.410425 -0.00285481
v -0.0398959 0.494862 0.0751897
v 0.0427771 0.562339 0.136652
v 0.31424 0.546726 0.112622
v 0.409306 0.554542 0.127545
v 0.117159 0.498387 0.0654009
v 0.107341 0.46747 0.0544192
v 0.0966252 0.440538 0.0272497
v 0.0274606 0.390366 -0.0150855
v 0.00683239 0.43226 0.0104059
v -0.00871228 0.446079 0.0170219
v -0.052828 0.479811 0.0446135
v -0.0244679 0.502411 0.0775904
v 0.380918 0.452276 -0.0238294
v 0.292107 0.438128 0.00382287
v 0.282391 0.460476 0.0120334
v 0.421453 0.547816 0.0918879
v -0.0170645 0.523751 0.0992247
v -0.00737297 0.547819 0.112007
v 0.0155978 0.533818 0.140014
v 0.113507 0.529377 0.0999637
v 0.35551 0.426465 -0.032165
v 0.343627 0.409373 -0.0415208
v 0.30481 0.424993 -0.0219003
v 0.336548 0.554719 0.126712
v 0.398514 0.579215 0.0845107
v 0.44172 0.469284 0.00412247
v -0.0217627 0.452222 0.0240448
v 0.0379821 0.567714 0.130792
v 0.437753 0.468986 -0.00560112
v 0.361619 0.438743 -0.0335145
v 0.349693 0.413704 -0.0380908
v 0.282229 0.505015 0.0615475
v 0.43839 0.505972 0.0361372
v 0.106774 0.453599 0.0337773
v 0.0982111 0.44211 0.0141514
v 0.0814975 0.430908 0.0146149
v 0.0547979 0.415335 -0.0116035
v -0.0146377 0.503649 0.0850914
v 0.0778755 0.569432 0.112407
v 0.299101 0.535795 0.0964326
v 0.366844 0.567359 0.127656
v 0.440396 0.506911 0.0574265
v 0.00837484 0.560162 0.105632
v 0.109012 0.472627 0.0575054
v 0.0479288 0.401909 -0.0105247
v -0.0480252 0.493156 0.0652024
v 0.277758 0.510715 0.0549838
v 0.290819 0.530368 0.0808781
v 0.345214 0.565337 0.116821
v 0.428873 0.530921 0.109863
v 0.433957 0.518113 0.0610784
v 0.10638 0.546869 0.0987524
v 0.103388 0.446375 0.0183386
v 0.0517761 0.410479 -0.0109219
v -0.0374714 0.457425 0.0321732
v 0.433742 0.483601 0.0226601
v 0.436933 0.476113 0.0169493
v 0.4309 0.459386 -0.0189935
v 0.286093 0.437571 -0.0144192
v -0.00947467 0.447388 0.0111995
v -0.0182792 0.549185 0.0978889
v 0.0188473 0.567656 0.115232
v 0.119484 0.543587 0.0705975
v 0.426629 0.4889 0.00587888
v 0.387866 0.452222 -0.0216756
v 0.28328 0.471346 0.0142139
v 0.28564 0.48073 0.0317446
v 0.279993 0.499322 0.0450301
v 0.422488 0.548127 0.0745739
v -0.0162125 0.453387 -0.000741699
v -0.024497 0.458746 0.0155856
v -0.0473004 0.466841 0.0367544
v -0.0269399 0.509632 0.0640888
v 0.00381917 0.553986 0.108161
v 0.378488 0.456366 -0.0336637
v 0.310983 0.422015 -0.0389041
v 0.2928 0.544761 0.0836276
v 0.120656 0.495827 0.042574
v 0.110619 0.477413 0.0339146
v -0.00378226 0.434443 -0.00402055
v -0.0108161 0.524241 0.075374
v 0.0564595 0.572599 0.114576
v 0.406284 0.456021 -0.0343456
v 0.317235 0.420756 -0.0330937
v 0.301195 0.425492 -0.0246033
v 0.28751 0.5174 0.0737426
v 0.381085 0.577189 0.109258
v 0.123445 0.502234 0.0377694
v -0.0413958 0.468861 0.0216085
v -0.0519434 0.491267 0.0476677
v -0.0216754 0.54152 0.092083
v 0.0461258 0.574435 0.116216
v 0.0981166 0.560486 0.0978897
v 0.419899 0.455097 -0.0306459
v 0.339767 0.408615 -0.0432879
v 0.334127 0.409744 -0.0460781
v 0.290914 0.431933 -0.0159732
v 0.283949 0.445178 -0.00557728
v 0.279311 0.459184 -0.000185824
v 0.304135 0.555484 0.0924641
v 0.361851 0.578787 0.108051
v 0.438525 0.499682 0.0299049
v -0.000355408 0.427869 -0.00362581
v 0.0369456 0.577145 0.116787
v 0.367684 0.447822 -0.0367428
v 0.279083 0.523756 0.056179
v 0.328033 0.564791 0.1024
v 0.424388 0.539932 0.0569112
v 0.118086 0.490253 0.0412465
v 0.086051 0.43542 0.00676845
v 0.0160361 0.390383 -0.0234406
v 0.0119715 0.397906 -0.0128139
v -0.0506314 0.497858 0.0515045
v 0.0503739 0.58198 0.098375
v 0.0921699 0.563903 0.104475
v 0.282805 0.453049 0.00478225
v 0.271415 0.516355 0.044667
v 0.394632 0.577653 0.096527
v 0.435332 0.514318 0.0464104
v 0.119134 0.528608 0.0755218
v 0.12091 0.51538 0.0482636
v 0.0735601 0.427502 0.00645183
v 0.00247363 0.407831 -0.0130938
v -0.00723187 0.444497 0.00488064
v 0.122307 0.536942 0.0561422
v 0.431722 0.471083 -0.0196677
v 0.395657 0.457787 -0.032318
v 0.387996 0.460704 -0.0367255
v 0.281876 0.537555 0.0635204
v 0.410132 0.568969 0.0707228
v 0.030188 0.390428 -0.0237525
v -0.0473304 0.501929 0.0528153
v 0.434138 0.497031 0.0211533
v 0.434257 0.474361 -0.00868696
v 0.370947 0.578331 0.109787
v 0.120844 0.486935 0.00991174
v -0.0195517 0.456072 0.00967637
v -0.0105811 0.517624 0.0745076
v -0.0130804 0.558521 0.0908189
v 0.112421 0.549354 0.081637
v 0.292589 0.428037 -0.0248534
v 0.430953 0.52345 0.0190965
v 0.0863622 0.436136 -0.00185798
v 0.04165 0.396604 -0.0171946
v -0.0511494 0.478521 0.0322226
v -0.019678 0.543761 0.0718774
v 0.0700684 0.571484 0.112286
v 0.426142 0.486126 -0.00900294
v 0.363523 0.440854 -0.0477377
v 0.353808 0.417079 -0.0447953
v 0.286445 0.550028 0.0680324
v 0.108691 0.45242 0.0104218
v -0.0527424 0.482519 0.0351568
v -0.051625 0.501359 0.0385147
v -0.0164478 0.537068 0.0452837
v 0.0296275 0.576768 0.115853
v 0.115916 0.52354 0.0928945
v 0.382925 0.461561 -0.0398859
v 0.361837 0.436892 -0.0411993
v 0.349894 0.410688 -0.0539173
v 0.386528 0.578313 0.103353
v 0.00534411 0.396882 -0.0235137
v -0.000789426 0.414008 -0.0128073
v -0.0409944 0.475538 0.00386912
v -0.047116 0.47963 0.0152872
v -0.00697604 0.568497 0.0804439
v 0.373213 0.45058 -0.0285434
v 0.34331 0.408231 -0.0522092
v 0.404216 0.576116 0.0753175
v 0.0190081 0.389934 -0.0338271
v -0.011349 0.444057 -0.0105081
v -0.0473085 0.506672 0.0412022
v -0.0292918 0.515869 0.0491393
v -0.0148592 0.531516 0.0767765
v 0.422127 0.495184 -0.00296299
v 0.298783 0.420548 -0.0486928
v 0.277768 0.478719 0.00828005
v 0.355126 0.575609 0.110836
v 0.0278234 0.392312 -0.0359818
v -0.0084197 0.443122 -0.0011741
v 0.0832889 0.577969 0.088626
v 0.426489 0.496249 0.00808394
v 0.429291 0.480804 -0.0225943
v 0.422896 0.471898 -0.0369714
v 0.426159 0.45611 -0.0251352
v 0.282582 0.432929 -0.0316726
v 0.277395 0.439109 -0.0331711
v 0.276543 0.453937 -0.0123564
v 0.291117 0.562287 0.0664873
v 0.421678 0.550097 0.0448383
v 0.427962 0.517078 0.00195014
v 0.108138 0.472468 0.0350233
v 0.106885 0.467258 0.034193
v -0.0398248 0.509382 0.0495921
v -0.0141283 0.527673 0.06086
v 0.0164625 0.578979 0.0984494
v 0.0945952 0.577507 0.0737224
v 0.100719 0.570679 0.0737372
v 0.408802 0.462016 -0.0438487
v 0.355363 0.415726 -0.0598684
v 0.323374 0.417373 -0.0520507
v 0.283274 0.428434 -0.0428006
v 0.316676 0.57065 0.0816572
v 0.110869 0.458626 0.00266678
v 0.102728 0.443208 -0.01261
v -0.0315811 0.465904 0.00790724
v -0.0163891 0.518384 0.0614191
v -0.0196879 0.554821 0.0824947
v 0.0393515 0.583721 0.0992642
v 0.359267 0.422876 -0.0583384
v 0.332317 0.412794 -0.0559323
v 0.268096 0.510658 0.0339437
v 0.379856 0.592762 0.0723132
v 0.434042 0.511195 0.0173219
v -0.0496067 0.485211 0.0176373
v -0.0522501 0.504408 0.031294
v -0.0476835 0.512391 0.0295221
v -0.0167875 0.525796 0.0496138
v -0.0211575 0.550062 0.0736608
v -0.0218273 0.558777 0.0606188
v -0.00679622 0.575875 0.0676596
v 0.00570511 0.576307 0.0854583
v 0.124725 0.551015 0.0466087
v 0.272638 0.529061 0.044495
v 0.326354 0.57851 0.080208
v 0.345712 0.585647 0.0857434
v 0.406779 0.575014 0.061492
v 0.4264 0.533838 0.0333132
v 0.113843 0.473763 -0.00143051
v 0.106079 0.446912 -0.0042303
v 0.0603861 0.421376 -0.013975
v -0.0373221 0.474526 -0.00604183
v 0.020707 0.585627 0.0926843
v 0.076196 0.585704 0.0795853
v 0.425032 0.486415 -0.0225637
v 0.314609 0.419378 -0.0533368
v 0.273024 0.449734 -0.0257872
v 0.268455 0.491928 0.0104272
v 0.12549 0.497301 0.0181057
v 0.119914 0.551896 0.0636662
v 0.361689 0.433756 -0.0593445
v 0.345561 0.40953 -0.0643216
v 0.336889 0.410303 -0.0583549
v 0.27831 0.554933 0.0527631
v 0.431156 0.520821 0.012721
v 0.126884 0.501927 0.0222164
v 0.0951346 0.439575 -0.00513116
v -0.0531093 0.497995 0.0301161
v 0.118635 0.55941 0.0598068
v 0.123993 0.514628 0.0332376
v 0.36598 0.449806 -0.050387
v 0.272449 0.462722 -0.0142048
v 0.362489 0.58851 0.0867715
v 0.10898 0.449984 -0.0289975
v 0.079086 0.434472 -0.020964
v 0.0349271 0.396642 -0.0343414
v -0.0161035 0.561012 0.0816476
v 0.0192049 0.593251 0.0752377
v 0.0253147 0.590768 0.0854632
v 0.0315368 0.588199 0.091481
v 0.0626036 0.587578 0.0826758
v 0.114204 0.571742 0.0540181
v 0.421463 0.50181 -0.00552434
v 0.416241 0.474326 -0.0469366
v 0.406993 0.458792 -0.0396335
v 0.394239 0.464605 -0.0460513
v 0.340016 0.410026 -0.0640325
v 0.324879 0.416964 -0.0639562
v 0.264163 0.501122 0.0147168
v 0.26004 0.521845 0.0252521
v 0.303398 0.566447 0.0752253
v 0.367927 0.603254 0.055191
v 0.414779 0.564743 0.0379715
v 0.0739735 0.430014 -0.0127568
v 0.0456874 0.589768 0.0822604
v 0.13038 0.496582 -0.00593499
v -0.00887791 0.41181 -0.0287791
v -0.0119713 0.432022 -0.0220241
v -0.0523031 0.507844 0.016227
v 0.059498 0.593108 0.0687082
v 0.0877986 0.587387 0.0634481
v 0.267556 0.545669 0.0384944
v 0.383196 0.594576 0.0632779
v 0.37189 0.459274 -0.0494777
v 0.26464 0.455508 -0.0353392
v -0.0220245 0.526577 0.0352538
v 0.00810376 0.586311 0.0713495
v 0.0996487 0.579984 0.0625552
v 0.12966 0.57075 0.033731
v 0.125209 0.556627 0.0471451
v 0.426089 0.542645 0.0158874
v 0.0444745 0.408189 -0.0317265
v -0.0273776 0.523303 0.0334468
v 0.0745358 0.59185 0.0656255
v 0.127654 0.540855 0.0330907
v 0.4151 0.462271 -0.0403304
v 0.355011 0.416196 -0.075155
v 0.00523396 0.392194 -0.0416546
v -0.0152232 0.439421 -0.0236693
v -0.0250415 0.462772 -0.000212512
v 0.0149622 0.597103 0.0604128
v 0.254772 0.537226 0.0250454
v 0.413084 0.568478 0.01177
v 0.417069 0.500703 -0.0220426
v 0.398735 0.466814 -0.0518802
v 0.0608182 0.426364 -0.0301464
v 0.0458295 0.416377 -0.0412099
v 0.0331434 0.400292 -0.0443515
v 0.123839 0.575036 0.0399335
v 0.285492 0.581139 0.0424282
v 0.419751 0.558216 0.0121284
v 0.415052 0.511641 -0.0234339
v 0.265902 0.47937 -0.0108083
v 0.0840401 0.4365 -0.0249161
v 0.0517639 0.417427 -0.0285504
v -0.00285177 0.399425 -0.0316238
v -0.0136071 0.41885 -0.0326864
v -0.0484639 0.490484 -0.00208692
v 0.131946 0.527971 0.0182987
v 0.257461 0.544687 0.0249488
v 0.305402 0.583064 0.0542085
v 0.356825 0.603194 0.0574491
v 0.342671 0.412295 -0.0776074
v 0.253392 0.516893 0.0112537
v 0.132919 0.510658 0.00976518
v 0.116383 0.474379 -0.0152776
v 0.0942326 0.439796 -0.0277397
v -0.0284323 0.468086 -0.0194073
v -0.05281 0.499376 0.0137215
v -0.0398391 0.521277 0.023427
v 0.134142 0.559528 0.021784
v 0.279451 0.568891 0.047402
v 0.386446 0.472057 -0.0577329
v 0.364232 0.451785 -0.0622216
v 0.264207 0.46206 -0.0293321
v 0.259012 0.494438 -0.0038105
v -0.0446666 0.483646 -0.0048452
v -0.0512169 0.498496 -0.00250845
v -0.0225268 0.557373 0.038679
v 0.0301443 0.598757 0.0643851
v 0.115711 0.581268 0.0434609
v 0.341977 0.596735 0.0627459
v 0.371423 0.604987 0.0473776
v 0.405248 0.4734 -0.0576131
v 0.314319 0.418237 -0.0707185
v 0.141863 0.515153 -0.00902875
v 0.103615 0.444296 -0.0329136
v -0.0206707 0.457117 -0.019834
v -0.0516124 0.506602 -0.00265683
v -0.0488919 0.517521 0.00616433
v 0.315279 0.582254 0.0643974
v 0.427715 0.533298 -0.00489942
v 0.413603 0.523208 -0.0307477
v 0.418939 0.495983 -0.0355126
v 0.424009 0.486101 -0.0402592
v 0.294289 0.423321 -0.0406155
v 0.109703 0.452796 -0.0163803
v 0.0204467 0.396678 -0.0615198
v -0.000545627 0.394837 -0.0382665
v -0.0133653 0.574589 0.0582384
v 0.42445 0.528515 -0.0106412
v 0.421123 0.487756 -0.0532936
v 0.297551 0.418431 -0.0626741
v 0.255551 0.488886 -0.0141293
v -0.0459302 0.520709 0.0109089
v -0.0244878 0.570231 0.0244125
v -0.00168547 0.587285 0.0474013
v 0.125107 0.579449 0.033581
v 0.315087 0.59103 0.0498223
v 0.360409 0.606239 0.050445
v 0.392892 0.589604 0.0574057
v 0.405776 0.578426 0.0310705
v 0.333841 0.414977 -0.0800558
v 0.284816 0.424125 -0.0524773
v 0.267089 0.448013 -0.04072
v 0.137097 0.502379 -0.0134329
v 0.0663248 0.43197 -0.0398309
v -0.0198127 0.539366 0.0196113
v 0.134416 0.540718 0.0153149
v 0.422435 0.490307 -0.0379873
v 0.378246 0.464961 -0.0500193
v 0.0301663 0.400301 -0.0521536
v -0.0160755 0.404136 -0.0579703
v -0.0257939 0.531315 0.0150854
v -0.0181404 0.54599 0.0292237
v -0.0173842 0.574645 0.0480491
v 0.0735333 0.595684 0.0577943
v 0.104251 0.592126 0.03929
v 0.242126 0.548578 0.00548095
v 0.252115 0.563082 0.0160161
v 0.266614 0.565589 0.0337474
v 0.381233 0.478295 -0.0753984
v 0.0431566 0.416335 -0.0501446
v -0.0194727 0.410557 -0.0517853
v -0.029811 0.471909 -0.039155
v -0.0377218 0.47829 -0.0269391
v 0.00914897 0.596559 0.0510863
v 0.0201612 0.600694 0.0571514
v 0.0585481 0.602341 0.0458141
v 0.0763675 0.601527 0.0402719
v 0.0938589 0.597626 0.0377656
v 0.135331 0.568158 0.0227481
v 0.427143 0.545177 -0.00501256
v 0.418243 0.484659 -0.0587435
v 0.398231 0.472936 -0.060873
v 0.254507 0.478158 -0.0295678
v 0.144804 0.505066 -0.0247904
v 0.127434 0.485868 -0.02426
v -0.00381696 0.3966 -0.0667772
v -0.042235 0.483502 -0.0196497
v 0.334536 0.60292 0.0443867
v 0.424034 0.53807 -0.0224375
v 0.412474 0.507596 -0.0574662
v 0.362112 0.434764 -0.0738699
v 0.151804 0.515642 -0.0215027
v 0.112843 0.467279 -0.0232047
v 0.0704009 0.437678 -0.0673815
v -0.00915449 0.585154 0.0363508
v 0.115497 0.588442 0.0324805
v 0.308026 0.591664 0.0398277
v 0.348548 0.415153 -0.0915963
v 0.264378 0.443769 -0.0533025
v 0.250106 0.497111 -0.0136071
v 0.106644 0.446934 -0.032363
v 0.0138567 0.393082 -0.054171
v -0.0478135 0.521927 -0.0113692
v -0.0193579 0.580177 0.0231823
v 0.0294584 0.608002 0.0398284
v 0.411671 0.510868 -0.0408342
v 0.366275 0.459047 -0.0623568
v 0.240351 0.505821 -0.0202685
v 0.234939 0.523486 -0.0127919
v 0.0929547 0.441104 -0.0466824
v -0.017985 0.439486 -0.0333774
v -0.0245106 0.4609 -0.0428079
v 0.137236 0.574265 0.0198434
v 0.144617 0.54991 -0.000877898
v 0.390186 0.597908 0.0163653
v 0.402954 0.581433 0.0178283
v 0.42349 0.55362 -0.0197406
v 0.411074 0.524534 -0.0395658
v 0.371507 0.464999 -0.0595894
v 0.323913 0.417553 -0.0800297
v 0.221406 0.518123 -0.0339859
v 0.062022 0.435463 -0.0699714
v 0.0231123 0.403443 -0.0759019
v -0.023746 0.420467 -0.0637218
v -0.0472257 0.505395 -0.0323211
v -0.0217638 0.571875 0.0393462
v 0.290352 0.59553 0.0193422
v 0.362588 0.613313 0.0317926
v 0.360301 0.428835 -0.0993892
v 0.276719 0.432343 -0.0491473
v 0.244363 0.485821 -0.0338946
v 0.113383 0.46048 -0.0455474
v 0.0994676 0.445614 -0.0634351
v 0.0519182 0.424946 -0.0502999
v -0.0413883 0.526761 0.00563132
v 0.348097 0.606526 0.0461525
v 0.281758 0.417658 -0.0783729
v 0.25927 0.452217 -0.0482929
v 0.00240387 0.395547 -0.0676513
v -0.0261432 0.544536 -0.00670748
v 0.00779904 0.603635 0.0331406
v 0.024442 0.605861 0.0459007
v 0.0674351 0.607128 0.0328834
v 0.351245 0.611187 0.0372574
v 0.411482 0.483029 -0.0656087
v 0.391797 0.480133 -0.0754547
v 0.366165 0.466757 -0.0766879
v 0.360124 0.425355 -0.0785149
v 0.287055 0.416219 -0.0794931
v 0.251057 0.462306 -0.0501817
v 0.247518 0.476106 -0.0430651
v 0.233871 0.492266 -0.0411992
v 0.140172 0.489069 -0.046514
v -0.0255934 0.42891 -0.063931
v -0.0268505 0.467237 -0.0412515
v -0.0509831 0.50785 -0.0134914
v -0.0247352 0.565246 0.0175717
v 0.423079 0.549873 -0.0402848
v -0.0424791 0.489052 -0.0368414
v -0.0289919 0.537834 -0.00371226
v 0.272794 0.586147 0.0237161
v 0.372091 0.611415 0.0288375
v 0.386259 0.602755 0.0236886
v 0.410968 0.568105 -0.0138624
v 0.424967 0.544209 -0.0226999
v 0.362376 0.455956 -0.0813763
v 0.35241 0.415381 -0.0841152
v 0.333359 0.41753 -0.0945872
v 0.258125 0.438091 -0.077019
v 0.119513 0.472038 -0.0545341
v 0.0543066 0.431537 -0.0681831
v 0.038657 0.419453 -0.070305
v -0.0227753 0.41651 -0.0710864
v -0.0222336 0.551286 0.00868325
v 0.0483701 0.607088 0.0350875
v 0.1168 0.597761 0.0133287
v 0.324661 0.610414 0.0195907
v 0.405298 0.57551 -0.0016543
v 0.421415 0.556271 -0.0295335
v 0.41807 0.489481 -0.0639111
v 0.400852 0.480382 -0.0707955
v 0.375985 0.473002 -0.0700916
v 0.361885 0.437751 -0.0899864
v 0.316323 0.417777 -0.0916985
v -0.0480864 0.519367 -0.0189725
v 0.127015 0.592447 0.00792238
v 0.133256 0.58081 0.0176073
v 0.237853 0.57068 0.0023455
v 0.260664 0.579404 0.0196064
v 0.415317 0.500549 -0.0637118
v 0.415765 0.496181 -0.0728544
v 0.294619 0.415466 -0.082381
v 0.158815 0.515345 -0.038523
v 0.137467 0.496556 -0.0246242
v 0.0924513 0.442598 -0.0636037
v -0.0243288 0.577363 0.00570827
v -0.00313631 0.596761 0.0265351
v 0.0218913 0.610594 0.0313096
v 0.065745 0.611912 0.0228122
v 0.157729 0.562414 -0.0109132
v 0.408216 0.521772 -0.0509537
v 0.355873 0.420611 -0.0940923
v 0.306132 0.416602 -0.0849201
v 0.292264 0.411753 -0.105404
v -0.024482 0.453297 -0.0488022
v -0.0273554 0.465465 -0.055811
v -0.0316074 0.541453 -0.0194965
v -0.0116569 0.587462 0.0237881
v -0.00534038 0.599607 0.00584129
v 0.266431 0.589977 0.0147603
v 0.365711 0.620074 -0.00275997
v 0.411718 0.529292 -0.0445968
v 0.410738 0.487806 -0.0754923
v 0.341258 0.417239 -0.102878
v 0.220767 0.484237 -0.0685608
v 0.418172 0.562252 -0.0294953
v 0.407536 0.526733 -0.0610194
v 0.275754 0.420836 -0.0779387
v 0.268163 0.420026 -0.0942508
v 0.242275 0.461437 -0.0660663
v 0.22431 0.504532 -0.0421301
v 0.154182 0.494175 -0.058762
v 0.0133269 0.397568 -0.0736283
v -0.0490227 0.52048 -0.0285189
v -0.0463397 0.529474 -0.0219182
v 0.0155136 0.607696 0.0347578
v 0.395838 0.587488 0.000447396
v 0.420458 0.541427 -0.0410951
v 0.411856 0.508516 -0.0468851
v 0.274926 0.414594 -0.0982848
v 0.158322 0.501958 -0.0530898
v 0.0876549 0.440128 -0.0811803
v -0.0111742 0.400063 -0.0621941
v -0.0143282 0.404856 -0.075271
v -0.039775 0.483732 -0.0462907
v -0.0276901 0.550803 -0.0189696
v -0.0269156 0.566069 0.00029227
v 0.31724 0.602708 0.0272965
v 0.381659 0.607545 -0.00100702
v 0.412974 0.507306 -0.0784864
v 0.412687 0.493872 -0.080465
v 0.381828 0.484316 -0.0858901
v 0.365854 0.470885 -0.0868104
v 0.263021 0.42802 -0.0868215
v 0.105724 0.449482 -0.0636529
v -0.0448766 0.495945 -0.0306198
v 0.0166068 0.613808 0.0148586
v 0.0297525 0.613297 0.0201462
v 0.152042 0.58011 6.17607e-005
v 0.154653 0.573016 -0.0020347
v 0.380384 0.607595 0.0257175
v 0.400106 0.583252 -0.0155064
v 0.362939 0.438928 -0.103662
v 0.167736 0.511904 -0.0560645
v 0.111493 0.455346 -0.0634867
v 0.058898 0.434316 -0.0834236
v 0.0159575 0.400435 -0.086626
v 0.106872 0.59957 0.0231406
v 0.211457 0.570076 -0.0169318
v 0.335793 0.614119 0.0212558
v 0.354595 0.618381 0.0157828
v 0.391732 0.486917 -0.0862904
v 0.208043 0.501642 -0.0687446
v -0.0247256 0.582279 -0.0134962
v -0.0166324 0.590387 -0.0103158
v 0.14392 0.581611 0.00637073
v 0.304222 0.600839 0.0180051
v 0.420611 0.542817 -0.0542509
v 0.409871 0.530689 -0.0586857
v 0.413422 0.502016 -0.0817054
v 0.362514 0.461706 -0.0918089
v 0.36167 0.462801 -0.103316
v 0.238657 0.454977 -0.0819677
v 0.163092 0.495843 -0.0706099
v 0.153017 0.485993 -0.0746258
v -0.0315046 0.475159 -0.0550991
v -0.0274832 0.571833 -0.00603098
v 0.0440449 0.615388 0.0117591
v 0.0824028 0.612815 0.0163308
v 0.422565 0.549671 -0.0532447
v 0.374023 0.478594 -0.0829592
v 0.0462135 0.426446 -0.0821836
v -0.0261547 0.449261 -0.0647201
v -0.04117 0.534755 -0.0264516
v -0.0320923 0.544376 -0.0287665
v 0.164278 0.580852 -0.0106135
v 0.421723 0.555713 -0.039356
v 0.402837 0.487449 -0.0815154
v 0.261165 0.425554 -0.0995717
v 0.0534964 0.432924 -0.100931
v -0.0212513 0.415251 -0.0946583
v 0.0684013 0.615003 0.0129247
v 0.0978827 0.603451 0.0237841
v 0.228298 0.582406 -0.00796658
v 0.269614 0.59296 0.0113498
v 0.326145 0.617423 0.00370692
v 0.342152 0.622154 0.00421285
v 0.378943 0.610623 -0.0105831
v 0.410495 0.514161 -0.079972
v 0.368652 0.479157 -0.0961
v 0.36335 0.47025 -0.0980119
v 0.355168 0.424112 -0.116749
v 0.279678 0.412097 -0.104828
v 0.246932 0.440556 -0.0956965
v 0.232236 0.589063 -0.0114912
v 0.405894 0.582751 -0.0296525
v 0.41346 0.572797 -0.0280295
v 0.318299 0.417441 -0.111135
v 0.306864 0.415259 -0.111177
v -0.0101193 0.405137 -0.0946428
v -0.0487233 0.522623 -0.0454083
v -0.0450237 0.532247 -0.0383204
v 0.136232 0.589132 0.00347663
v 0.166024 0.567812 -0.0172903
v 0.13115 0.473762 -0.0763552
v 0.0980977 0.444015 -0.0796229
v -0.00281932 0.401001 -0.0942271
v -0.0425372 0.498462 -0.0581702
v 0.0100323 0.608655 0.0210481
v 0.3029 0.610137 -0.00732613
v 0.34196 0.626059 -0.00794784
v 0.409949 0.579593 -0.0465679
v 0.418785 0.566546 -0.0448086
v 0.409754 0.508702 -0.101783
v 0.20533 0.517929 -0.0565664
v 0.388505 0.594628 -0.0124589
v 0.411569 0.540464 -0.0728021
v 0.40784 0.495847 -0.0905383
v 0.376324 0.490095 -0.104147
v 0.244099 0.446876 -0.0873768
v 0.211602 0.491604 -0.0725834
v 0.174934 0.507493 -0.0711371
v 0.0351524 0.417549 -0.0915951
v 0.0310554 0.413782 -0.112723
v 0.0104083 0.61725 -0.00195676
v 0.0443869 0.6204 -0.00148898
v 0.0573412 0.616525 0.00624217
v 0.0879277 0.624584 -0.00874299
v 0.200588 0.577059 -0.0196432
v 0.374444 0.61396 -0.0242632
v 0.382637 0.601889 -0.0259035
v 0.405967 0.523975 -0.0807137
v 0.360102 0.430644 -0.116187
v 0.346901 0.424899 -0.133522
v 0.312787 0.420953 -0.123701
v 0.19252 0.508815 -0.0721817
v 0.0694443 0.436927 -0.0858608
v 0.00494045 0.39967 -0.093932
v -0.0270578 0.43109 -0.0917754
v -0.0327335 0.547444 -0.0384013
v -0.0298227 0.564721 -0.0159423
v -0.0324004 0.565021 -0.0312027
v 0.154066 0.590617 -0.0101604
v 0.387265 0.598101 -0.027322
v 0.339421 0.419923 -0.118665
v 0.226348 0.467913 -0.0824059
v 0.399827 0.492539 -0.0943177
v 0.206294 0.48226 -0.0909274
v 0.170603 0.498901 -0.085215
v 0.146874 0.48326 -0.0722441
v 0.122832 0.46549 -0.079879
v 0.0142321 0.402228 -0.103282
v 0.072321 0.621979 -0.00452211
v 0.0933636 0.614565 0.00758438
v 0.108305 0.61221 -0.00209314
v 0.173762 0.588715 -0.0209527
v 0.180635 0.582004 -0.0230497
v 0.177608 0.577772 -0.0208639
v 0.197368 0.582157 -0.0237521
v 0.213414 0.582265 -0.0199859
v 0.332409 0.625715 -0.012657
v -0.0273754 0.436063 -0.0791023
v -0.0404445 0.489796 -0.059838
v 0.236524 0.59152 -0.0111279
v 0.421448 0.559335 -0.0582955
v 0.207122 0.473297 -0.100674
v 0.179338 0.503505 -0.0823184
v 0.111246 0.450386 -0.105349
v -0.027894 0.45832 -0.0841204
v -0.0293211 0.471416 -0.0781264
v 0.354291 0.624027 -0.00350909
v 0.401182 0.590882 -0.033765
v 0.420012 0.57041 -0.0550329
v 0.405468 0.532142 -0.0818663
v 0.283166 0.410895 -0.110766
v 0.217761 0.459535 -0.106637
v 0.100045 0.444363 -0.103366
v -0.0330253 0.48175 -0.079113
v -0.0455263 0.51091 -0.0498615
v -0.0386665 0.543614 -0.0555812
v 0.124121 0.601911 -0.00380673
v 0.255287 0.596724 -0.00718429
v 0.292191 0.607559 -0.00967538
v 0.362858 0.44282 -0.114223
v 0.258051 0.42357 -0.114976
v 0.199623 0.494453 -0.0868191
v 0.1595 0.486041 -0.0907116
v 0.13773 0.470193 -0.102238
v 0.0619681 0.435739 -0.0995181
v -0.00882416 0.606888 -0.0255917
v -0.00916682 0.602231 -0.00988499
v 0.0018876 0.613682 -0.00801673
v 0.0999092 0.618346 -0.0039279
v 0.371577 0.617329 -0.00929966
v 0.38188 0.492446 -0.103411
v 0.150992 0.479352 -0.0936166
v 0.130521 0.466814 -0.0982429
v 0.0467232 0.428568 -0.125794
v 0.0444372 0.426935 -0.106539
v 0.0242719 0.406392 -0.0912813
v 0.0939351 0.625281 -0.012215
v 0.123065 0.60877 -0.0137727
v 0.359937 0.622379 -0.00330492
v 0.333243 0.42367 -0.131984
v 0.243818 0.433725 -0.121498
v 0.138314 0.596893 -0.00874024
v 0.290703 0.610824 -0.0163921
v 0.320346 0.621308 -0.0123634
v 0.345902 0.62694 -0.0104729
v 0.356972 0.628411 -0.0329125
v 0.404011 0.589825 -0.0567435
v 0.359166 0.437155 -0.136504
v 0.319714 0.422799 -0.130722
v 0.176829 0.495146 -0.101785
v 0.167039 0.486252 -0.106604
v -0.0480048 0.52205 -0.0692969
v 0.409767 0.51542 -0.0917497
v 0.405217 0.502452 -0.11067
v 0.232797 0.443178 -0.113453
v 0.193819 0.485119 -0.102957
v 0.190032 0.49847 -0.0907072
v 0.0858003 0.438915 -0.104574
v 0.0120708 0.403177 -0.114189
v -0.0187295 0.59016 -0.0234538
v 0.186244 0.589958 -0.0269265
v 0.209551 0.589187 -0.0279858
v 0.247987 0.60058 -0.0162463
v 0.397763 0.594201 -0.0378472
v 0.408394 0.542983 -0.0848839
v 0.30446 0.418991 -0.13688
v 0.122003 0.458018 -0.104758
v 0.0643979 0.433806 -0.12132
v -0.0262684 0.442066 -0.109724
v -0.0481326 0.515585 -0.0603845
v -0.0309727 0.574983 -0.0340903
v 0.379143 0.606031 -0.0507887
v 0.416824 0.575746 -0.0657341
v 0.314613 0.423658 -0.139165
v 0.288557 0.411844 -0.117848
v 0.103155 0.439427 -0.13213
v 0.0112591 0.404277 -0.125996
v -0.0123918 0.60055 -0.0207107
v -0.0018743 0.612078 -0.0159244
v 0.0185393 0.619971 -0.00242204
v 0.400777 0.497421 -0.105593
v 0.397168 0.497007 -0.107439
v 0.226075 0.450271 -0.109207
v 0.180843 0.487653 -0.107618
v 0.054779 0.431082 -0.130592
v 0.0406763 0.424277 -0.119363
v -0.0490214 0.524244 -0.0783299
v 0.0528065 0.624705 -0.0186203
v 0.0826224 0.626044 -0.0113505
v 0.366871 0.482132 -0.116815
v 0.355009 0.439284 -0.150448
v 0.289512 0.413016 -0.150035
v 0.207282 0.457298 -0.124999
v 0.0764709 0.43746 -0.100003
v 0.163336 0.595206 -0.0214416
v 0.169585 0.592606 -0.021503
v 0.235811 0.603485 -0.0287986
v 0.415709 0.554433 -0.0775893
v 0.40568 0.527662 -0.0987069
v 0.384794 0.499246 -0.115706
v -0.00192021 0.405894 -0.118815
v -0.0404214 0.497632 -0.0862125
v 0.0384356 0.625322 -0.0176896
v 0.143449 0.596969 -0.0128711
v 0.420713 0.566287 -0.0652259
v 0.408753 0.508962 -0.119414
v 0.235177 0.436913 -0.127013
v 0.199712 0.468758 -0.11535
v 0.170685 0.479923 -0.11777
v 0.13577 0.464013 -0.116153
v -0.0381135 0.489465 -0.0777055
v -0.0469132 0.534496 -0.0651219
v -0.0347303 0.565302 -0.0467417
v -0.033738 0.572148 -0.0502185
v -0.00361928 0.616265 -0.0383493
v 0.0104283 0.620122 -0.0194554
v 0.353821 0.428702 -0.132507
v 0.263089 0.414919 -0.13511
v 0.0238809 0.40844 -0.12169
v -0.0107655 0.40746 -0.104302
v 0.0644407 0.622853 -0.0100616
v 0.100338 0.625992 -0.0170737
v 0.404701 0.529194 -0.115774
v 0.408535 0.516376 -0.110825
v 0.362038 0.471669 -0.126335
v 0.186523 0.467771 -0.128368
v 0.118166 0.447178 -0.131041
v 0.0935035 0.437057 -0.126583
v -0.0225908 0.429693 -0.111338
v -0.049026 0.5294 -0.0771961
v 0.126138 0.612116 -0.0221416
v 0.196947 0.591637 -0.0309333
v 0.281657 0.410347 -0.152061
v 0.266895 0.412083 -0.14117
v -0.016592 0.423651 -0.121105
v -0.0280288 0.448226 -0.100782
v -0.0425485 0.509024 -0.0804872
v -0.0297004 0.578913 -0.0507646
v 0.0265934 0.620447 0.000100061
v 0.145709 0.603625 -0.0243914
v 0.408424 0.549182 -0.10009
v 0.347764 0.434922 -0.152263
v 0.329713 0.432876 -0.159939
v 0.274428 0.410695 -0.124497
v 0.0405456 0.425369 -0.136182
v -0.0309565 0.481861 -0.0962525
v -0.0411843 0.542478 -0.0762738
v -0.0228534 0.585718 -0.0429225
v 0.263501 0.606836 -0.0212661
v 0.298778 0.613238 -0.0162058
v 0.371449 0.613853 -0.0487575
v 0.40264 0.50451 -0.123659
v 0.37451 0.494755 -0.122061
v 0.196812 0.45919 -0.132932
v 0.0296529 0.413129 -0.131525
v -0.0373974 0.493771 -0.098249
v -0.0361502 0.550845 -0.0625895
v 0.109114 0.623306 -0.0204221
v 0.118838 0.623795 -0.0290648
v 0.175998 0.600136 -0.0320781
v 0.21861 0.599441 -0.0333629
v 0.393979 0.599949 -0.057681
v 0.4176 0.564134 -0.0824644
v 0.385307 0.505952 -0.135153
v 0.377319 0.500935 -0.1337
v 0.172308 0.471191 -0.129232
v 0.151863 0.472685 -0.115817
v 0.0826752 0.432843 -0.14306
v -0.0290905 0.477413 -0.105499
v -0.0155836 0.599864 -0.0408953
v 0.0321194 0.628291 -0.0296472
v 0.190801 0.598456 -0.0351983
v 0.358592 0.447327 -0.15572
v 0.307441 0.425441 -0.161792
v 0.276889 0.409839 -0.14191
v 0.247222 0.424405 -0.145294
v 0.220933 0.441923 -0.134118
v 0.157361 0.468968 -0.129551
v 0.0585862 0.430446 -0.149827
v -0.0483304 0.527898 -0.0913073
v 0.0239637 0.628502 -0.0336124
v 0.331356 0.634387 -0.0357986
v 0.415027 0.563195 -0.0965268
v 0.36215 0.472915 -0.137119
v 0.00352845 0.412336 -0.14384
v -0.0438819 0.540165 -0.0839997
v -0.0358675 0.569544 -0.0683785
v 0.402541 0.596062 -0.0699651
v 0.41414 0.582057 -0.0785593
v 0.360744 0.463568 -0.132444
v 0.360681 0.452194 -0.146685
v 0.169715 0.463287 -0.143089
v -0.0243521 0.589764 -0.0627631
v 0.134984 0.612366 -0.0302224
v 0.255739 0.609216 -0.0326407
v 0.343551 0.633095 -0.0332259
v 0.361872 0.625183 -0.0382752
v 0.415987 0.577884 -0.0842165
v 0.405152 0.532376 -0.104234
v 0.252515 0.418664 -0.154619
v 0.238799 0.423974 -0.171406
v 0.21055 0.443077 -0.147297
v 0.007091 0.408049 -0.136632
v -0.0255068 0.453676 -0.124576
v -0.0278285 0.467299 -0.105518
v 0.0646631 0.630594 -0.0333056
v 0.078382 0.629818 -0.0214145
v 0.154262 0.606468 -0.0324334
v 0.199518 0.60285 -0.0393114
v 0.288481 0.61918 -0.0356089
v 0.375773 0.608998 -0.0562662
v 0.405691 0.593322 -0.0795836
v 0.404381 0.538543 -0.120496
v 0.318456 0.429136 -0.157001
v 0.137855 0.456791 -0.13775
v -0.0429126 0.51239 -0.0936917
v 0.00857879 0.624655 -0.0412205
v 0.279055 0.614669 -0.0310241
v 0.389698 0.604419 -0.0645063
v 0.4128 0.584303 -0.086849
v 0.410188 0.557188 -0.105639
v 0.407541 0.517667 -0.125449
v 0.367626 0.482701 -0.134634
v 0.360082 0.468213 -0.148339
v 0.288057 0.41417 -0.159477
v -0.0399917 0.500407 -0.10088
v -0.0394749 0.551831 -0.0784969
v -0.0191667 0.596734 -0.0570494
v 0.0573381 0.627983 -0.0295053
v 0.192684 0.606382 -0.0408539
v 0.210854 0.60438 -0.0390409
v 0.305849 0.629322 -0.0389844
v 0.297763 0.423058 -0.168952
v 0.225719 0.43634 -0.142584
v -0.0106404 0.433789 -0.146027
v -0.0207692 0.439364 -0.128608
v -0.0357923 0.492988 -0.110602
v 0.043071 0.628402 -0.0324487
v 0.0865005 0.635705 -0.0329996
v 0.416105 0.568638 -0.0991942
v 0.407034 0.513001 -0.135324
v 0.157373 0.46236 -0.144168
v 0.0877643 0.433524 -0.142976
v 0.231901 0.606944 -0.0358824
v 0.408504 0.555195 -0.109764
v 0.394298 0.504059 -0.126705
v 0.371844 0.490115 -0.14771
v 0.281142 0.41159 -0.174416
v 0.203076 0.441741 -0.160242
v 0.146363 0.457837 -0.146593
v 0.100774 0.436382 -0.148032
v 0.0226336 0.407681 -0.134692
v -0.0425323 0.51402 -0.10441
v -0.0460177 0.536751 -0.0962206
v -0.00786761 0.613189 -0.0439265
v 0.414389 0.572932 -0.101129
v 0.176797 0.459959 -0.146128
v 0.0173808 0.627157 -0.0352004
v 0.0973742 0.63799 -0.03695
v 0.25991 0.412258 -0.172464
v 0.182399 0.451953 -0.156162
v 0.0288815 0.41295 -0.144284
v 0.0161851 0.408978 -0.146177
v -0.047005 0.525743 -0.105001
v -0.0358221 0.578313 -0.0725742
v 0.142247 0.614802 -0.039169
v 0.159268 0.609908 -0.0373225
v 0.212638 0.611934 -0.0444993
v 0.407358 0.548302 -0.114452
v 0.38872 0.511176 -0.145725
v 0.361897 0.476725 -0.152366
v 0.360117 0.460709 -0.162038
v 0.266373 0.410285 -0.180617
v 0.0478957 0.429078 -0.146089
v 0.0368046 0.422915 -0.145514
v -0.0194282 0.450015 -0.142493
v 0.339836 0.442239 -0.168886
v 0.121879 0.44458 -0.150138
v 0.0732295 0.429832 -0.161881
v -0.00459384 0.419542 -0.14115
v -0.0277597 0.474745 -0.141456
v -0.0450424 0.548716 -0.0945473
v 0.00221471 0.622279 -0.0500134
v 0.248178 0.611503 -0.0411088
v 0.254685 0.613904 -0.042347
v 0.337614 0.636651 -0.0445797
v 0.363062 0.623431 -0.0460625
v 0.371897 0.611332 -0.0623282
v 0.407338 0.517794 -0.138049
v 0.275402 0.409835 -0.176996
v 0.270902 0.40991 -0.182259
v 0.199045 0.440942 -0.166135
v 0.168038 0.450248 -0.16812
v 0.0364033 0.421497 -0.176678
v 0.0134168 0.41237 -0.160634
v -0.0379306 0.56188 -0.0818157
v 0.0492016 0.629773 -0.0377889
v 0.171305 0.616637 -0.0425907
v 0.388508 0.607949 -0.0754317
v 0.403315 0.512758 -0.140267
v 0.380311 0.506287 -0.148307
v 0.36295 0.483374 -0.165135
v 0.357427 0.457128 -0.174418
v 0.0423561 0.428392 -0.16973
v 0.397895 0.602716 -0.080061
v 0.409832 0.59052 -0.0910972
v 0.410947 0.586417 -0.0987395
v 0.286355 0.414946 -0.176159
v 0.150986 0.449512 -0.165277
v -0.0305113 0.484097 -0.114693
v -0.0420865 0.517517 -0.119439
v -0.0480522 0.546805 -0.104728
v 0.153227 0.615841 -0.0421406
v 0.17269 0.607685 -0.0373423
v 0.322709 0.637687 -0.0467172
v 0.352785 0.630971 -0.0500249
v 0.408191 0.563599 -0.120788
v 0.406191 0.525407 -0.138727
v 0.361276 0.464281 -0.172901
v 0.211936 0.431617 -0.171936
v 0.0482473 0.430356 -0.161528
v 0.0325665 0.418544 -0.178211
v -0.024249 0.464386 -0.14315
v -0.0374683 0.499202 -0.125885
v 0.0169642 0.631321 -0.0498649
v 0.0854041 0.636319 -0.0390456
v 0.266806 0.618916 -0.0423655
v 0.313525 0.636478 -0.0478205
v 0.355927 0.626869 -0.0624107
v 0.407576 0.588637 -0.101954
v 0.373573 0.495133 -0.154883
v 0.111181 0.434913 -0.173321
v -0.0373712 0.575098 -0.0830729
v -0.0332358 0.584212 -0.0816365
v 0.103383 0.638507 -0.0382706
v 0.364873 0.616194 -0.0671034
v 0.41148 0.573468 -0.109989
v 0.251287 0.416844 -0.170643
v 0.133344 0.447404 -0.159574
v 0.10063 0.432299 -0.166951
v -0.028866 0.481266 -0.128066
v -0.0288642 0.59198 -0.0827516
v -0.0110955 0.609316 -0.0494756
v 0.288652 0.631552 -0.0490588
v 0.395807 0.604256 -0.0880431
v 0.389979 0.517202 -0.158869
v 0.0868303 0.429651 -0.166971
v -0.0444838 0.523612 -0.115769
v -0.019336 0.5985 -0.0658669
v 0.0555807 0.632341 -0.0448047
v 0.107482 0.635545 -0.0354393
v 0.19339 0.619445 -0.0465318
v 0.241494 0.615848 -0.0500023
v 0.311529 0.431995 -0.176584
v 0.23499 0.424718 -0.177421
v -0.0400584 0.560364 -0.094106
v 0.0106098 0.629394 -0.0499881
v 0.0767866 0.634748 -0.0449025
v 0.230752 0.613223 -0.0456027
v 0.24786 0.618597 -0.0534546
v 0.372939 0.610948 -0.069596
v 0.403285 0.542868 -0.131411
v 0.403733 0.534082 -0.126396
v 0.351532 0.450283 -0.171959
v 0.337027 0.446776 -0.179752
v 0.222623 0.429242 -0.169951
v 0.201691 0.624368 -0.0490044
v 0.384253 0.608431 -0.0791664
v 0.402032 0.59768 -0.098687
v 0.40619 0.521668 -0.153001
v 0.401595 0.518296 -0.15522
v 0.200408 0.432399 -0.186444
v 0.178228 0.445386 -0.171942
v 0.0253034 0.414213 -0.169976
v -0.0109651 0.611367 -0.0642992
v 0.0228708 0.631944 -0.0485407
v 0.337877 0.453308 -0.192361
v 0.28485 0.417946 -0.202582
v -0.0329373 0.491268 -0.150493
v -0.0486802 0.537602 -0.112517
v 0.0371003 0.631986 -0.0473479
v 0.134176 0.616831 -0.0359864
v 0.328724 0.639327 -0.0537023
v 0.40647 0.584644 -0.114598
v 0.407108 0.553341 -0.125332
v 0.402729 0.5211 -0.156655
v 0.346277 0.45656 -0.185844
v 0.307253 0.438776 -0.199186
v 0.229727 0.424676 -0.189099
v 0.135369 0.442539 -0.175436
v 0.06319 0.429593 -0.169746
v -0.0198368 0.460633 -0.150944
v 0.121318 0.63304 -0.0412133
v 0.265872 0.624885 -0.0498615
v 0.311495 0.640609 -0.0579225
v 0.344227 0.635535 -0.0502253
v 0.404763 0.591679 -0.107733
v 0.405787 0.527708 -0.157298
v 0.362704 0.473105 -0.182692
v 0.293979 0.426179 -0.204546
v 0.211835 0.425523 -0.194177
v -0.0028315 0.443387 -0.171181
v -0.0406246 0.505987 -0.11221
v 0.139407 0.62528 -0.0469276
v 0.365027 0.615016 -0.0771714
v 0.407919 0.57653 -0.1172
v 0.382064 0.509421 -0.153675
v 0.323808 0.43821 -0.179906
v 0.0492452 0.431256 -0.184041
v 0.00608997 0.424371 -0.168447
v -0.0156382 0.604049 -0.0752461
v -0.0060083 0.616806 -0.0657119
v 0.195575 0.628129 -0.0508711
v 0.405324 0.533629 -0.156276
v 0.378591 0.515987 -0.173239
v 0.317512 0.443693 -0.201467
v 0.300296 0.431807 -0.193656
v 0.185801 0.437718 -0.185987
v 0.104059 0.428974 -0.191868
v -0.0392181 0.505178 -0.13849
v -0.0212002 0.598863 -0.0781827
v 0.22638 0.618436 -0.0495008
v 0.245609 0.419314 -0.193191
v 0.239697 0.421381 -0.202886
v 0.163679 0.444245 -0.185442
v 0.122084 0.436402 -0.183545
v 0.0953544 0.428856 -0.179963
v 0.403694 0.560579 -0.135372
v -0.035077 0.496765 -0.137891
v -0.0413598 0.512478 -0.144676
v -0.0427738 0.525573 -0.141387
v -0.0440287 0.530818 -0.140397
v -0.00302717 0.619594 -0.0590605
v 0.0260951 0.634317 -0.0576785
v 0.233788 0.620113 -0.0547381
v 0.356223 0.619201 -0.0811219
v 0.358082 0.465509 -0.185852
v 0.0178562 0.417308 -0.176252
v 0.012311 0.420783 -0.175323
v -0.0476048 0.532201 -0.118932
v -0.0452603 0.558849 -0.1157
v -0.0393758 0.56999 -0.108659
v 0.0507014 0.633394 -0.0544546
v 0.12087 0.638029 -0.0456564
v 0.347605 0.463522 -0.194825
v 0.215701 0.422083 -0.213955
v 0.0537686 0.430878 -0.192012
v -0.0181956 0.602929 -0.089584
v 0.00524063 0.629928 -0.0680555
v 0.0852993 0.636552 -0.0478617
v 0.160545 0.623909 -0.0502378
v 0.351108 0.627686 -0.068264
v 0.401912 0.549568 -0.141323
v 0.362584 0.474814 -0.191522
v 0.174975 0.438991 -0.197985
v 0.0712263 0.427688 -0.187463
v -0.0353962 0.496789 -0.152371
v 0.289573 0.635826 -0.0539584
v 0.328908 0.639938 -0.0694169
v 0.346288 0.632411 -0.0630169
v 0.396557 0.605661 -0.0982599
v 0.402432 0.573488 -0.129458
v 0.36541 0.494761 -0.176694
v 0.366888 0.482636 -0.190505
v 0.0325093 0.421549 -0.190752
v -0.0355219 0.581884 -0.0964007
v 0.400784 0.548274 -0.149772
v 0.399513 0.521811 -0.163385
v 0.111777 0.427775 -0.211569
v 0.0444891 0.429127 -0.194547
v 0.0116591 0.632424 -0.0607421
v 0.0219398 0.634795 -0.0638857
v 0.214848 0.627604 -0.0541659
v 0.27093 0.629843 -0.0550613
v 0.390124 0.609207 -0.0971802
v 0.401098 0.598813 -0.112855
v 0.406088 0.528269 -0.165502
v 0.35329 0.471685 -0.198946
v 0.272499 0.414921 -0.214814
v 0.15842 0.439358 -0.194931
v -0.00479354 0.448128 -0.172171
v -0.0266271 0.48604 -0.165153
v 0.235004 0.625934 -0.0637525
v 0.245288 0.624914 -0.0654057
v 0.402456 0.583568 -0.124925
v 0.400727 0.579423 -0.133763
v 0.402125 0.567129 -0.139719
v 0.285226 0.423244 -0.22552
v 0.27626 0.415469 -0.211956
v -0.0487755 0.552683 -0.124378
v -0.00355218 0.619717 -0.0763721
v 0.0716438 0.633418 -0.0542636
v 0.104035 0.642301 -0.0467477
v 0.111282 0.641857 -0.0463705
v 0.253084 0.623745 -0.0588356
v 0.28932 0.639944 -0.0608157
v 0.324938 0.640916 -0.0616297
v 0.347596 0.624022 -0.0811625
v 0.369057 0.613251 -0.0882501
v 0.394199 0.610096 -0.107383
v 0.132878 0.434958 -0.19724
v 0.00869167 0.433555 -0.186226
v -0.0214721 0.475157 -0.164377
v -0.0343548 0.589422 -0.102728
v -0.0292488 0.595218 -0.0934208
v -0.0115924 0.609593 -0.083161
v 0.129126 0.63553 -0.0487446
v 0.142862 0.629282 -0.0515693
v 0.148101 0.623905 -0.0490954
v 0.339209 0.636605 -0.0626806
v 0.400104 0.596872 -0.12032
v 0.304469 0.439852 -0.21159
v 0.298202 0.434709 -0.232123
v 0.190055 0.428921 -0.207004
v 0.0463019 0.430423 -0.203584
v 0.0195119 0.634261 -0.0596968
v 0.0473819 0.634207 -0.0593025
v 0.0970036 0.64127 -0.0507033
v 0.34109 0.631763 -0.0758618
v 0.36088 0.616377 -0.0858174
v 0.400719 0.560069 -0.146033
v 0.406863 0.537245 -0.171171
v 0.370211 0.491756 -0.202601
v 0.342785 0.461811 -0.202864
v 0.32553 0.454482 -0.218837
v 0.267856 0.413485 -0.209785
v 0.252614 0.418444 -0.222134
v 0.164563 0.43688 -0.216304
v 0.09782 0.424553 -0.21827
v -0.049818 0.539382 -0.13087
v 0.00675878 0.633089 -0.07372
v 0.120992 0.642224 -0.0510542
v 0.362402 0.616343 -0.0923237
v 0.404713 0.542006 -0.163138
v 0.383498 0.521004 -0.173141
v 0.0291075 0.424649 -0.201174
v -0.011719 0.463829 -0.172018
v -0.0398912 0.57238 -0.11305
v 0.21376 0.631473 -0.0597601
v 0.255748 0.629455 -0.0685456
v 0.229511 0.421741 -0.221343
v 0.403037 0.567728 -0.14531
v 0.372415 0.496184 -0.197767
v 0.213594 0.420151 -0.229585
v 0.336567 0.635678 -0.0732116
v 0.382069 0.614422 -0.101938
v 0.405635 0.561555 -0.153399
v 0.402789 0.528546 -0.173376
v 0.33449 0.456311 -0.207574
v 0.32952 0.452254 -0.206839
v 0.262223 0.417085 -0.229093
v 0.244896 0.421061 -0.237408
v 0.20572 0.423401 -0.213566
v 0.159458 0.43534 -0.223249
v 0.121722 0.429151 -0.214823
v 0.0656731 0.427227 -0.203808
v 0.0489763 0.432325 -0.213851
v 0.0117252 0.43987 -0.203224
v 0.309952 0.642869 -0.0646199
v 0.398262 0.606199 -0.116375
v 0.388183 0.523721 -0.173329
v 0.349538 0.472095 -0.207958
v 0.313058 0.450384 -0.219349
v 0.177041 0.434235 -0.214158
v -0.0131254 0.473001 -0.178652
v -0.0492047 0.556723 -0.13175
v -0.0482995 0.564474 -0.12419
v -0.0397131 0.574831 -0.116433
v 0.111999 0.644177 -0.051436
v 0.153882 0.630804 -0.0560952
v 0.169164 0.629308 -0.0558678
v 0.340189 0.472519 -0.23517
v 0.191453 0.425337 -0.225855
v 0.0912639 0.424426 -0.212108
v 0.0162703 0.43295 -0.20368
v -0.000595161 0.452941 -0.188636
v 0.352362 0.619406 -0.0867223
v 0.380112 0.616591 -0.106618
v 0.401745 0.577201 -0.146598
v 0.375735 0.513336 -0.182263
v 0.0773706 0.42559 -0.203709
v -0.000439372 0.625147 -0.0783924
v 0.27301 0.638039 -0.0636999
v 0.298322 0.642565 -0.0630565
v 0.401477 0.549501 -0.157377
v 0.143884 0.428657 -0.218446
v -0.0076807 0.615051 -0.0890407
v 0.0133266 0.634539 -0.0701357
v 0.0714882 0.633716 -0.0621731
v 0.146712 0.632513 -0.0552388
v 0.18857 0.632365 -0.0560337
v 0.397382 0.590856 -0.13027
v 0.344839 0.475455 -0.232625
v 0.31306 0.453114 -0.229328
v 0.196928 0.422112 -0.238517
v -0.0385452 0.585333 -0.111436
v 0.00378439 0.630824 -0.0737007
v 0.302114 0.644217 -0.0669855
v 0.387876 0.532597 -0.187895
v 0.365158 0.489674 -0.206587
v 0.235788 0.421377 -0.243091
v 0.181587 0.42813 -0.239214
v 0.17055 0.434619 -0.231015
v 0.0672389 0.427413 -0.237252
v 0.00707575 0.443963 -0.196696
v -0.0366963 0.507476 -0.161165
v -0.0410884 0.53505 -0.152601
v -0.033769 0.589942 -0.106592
v -0.000731409 0.629109 -0.0805907
v 0.0794667 0.634438 -0.0552738
v 0.135395 0.638395 -0.0542736
v 0.32741 0.639272 -0.0732694
v 0.405844 0.546724 -0.177685
v 0.162106 0.434464 -0.236147
v 0.0324469 0.430085 -0.215925
v -0.0350086 0.508319 -0.172899
v 0.0513049 0.633989 -0.0656536
v 0.0903163 0.636867 -0.0569943
v 0.199398 0.633823 -0.0580066
v 0.249577 0.629699 -0.0717656
v 0.270918 0.638044 -0.0666373
v 0.321304 0.641719 -0.0678251
v 0.332539 0.635748 -0.0769422
v 0.387473 0.613295 -0.11492
v 0.405389 0.564517 -0.162555
v 0.398773 0.534678 -0.185168
v 0.326342 0.466354 -0.235937
v 0.289725 0.43534 -0.254593
v 0.27792 0.423896 -0.2411
v 0.26886 0.421481 -0.24331
v 0.147784 0.428453 -0.244716
v 0.127795 0.426471 -0.236695
v 0.101593 0.424399 -0.254213
v 0.0491321 0.434073 -0.237641
v -0.0453505 0.572586 -0.122178
v 0.0381865 0.634269 -0.0659184
v 0.225585 0.630903 -0.0673019
v 0.292954 0.643946 -0.0654389
v 0.376172 0.502251 -0.205092
v 0.107065 0.424657 -0.234341
v 0.209596 0.634364 -0.0611031
v 0.239435 0.629399 -0.0720546
v 0.358148 0.617726 -0.09893
v 0.397492 0.591893 -0.13781
v 0.401271 0.552199 -0.16637
v 0.375571 0.512384 -0.191812
v -0.0468644 0.57236 -0.128338
v -0.0175959 0.605284 -0.100565
v 0.134598 0.641494 -0.056191
v 0.339855 0.628473 -0.0825696
v 0.351537 0.618475 -0.0953626
v 0.402768 0.578019 -0.153104
v 0.350359 0.481739 -0.22992
v 0.331573 0.464754 -0.230424
v 0.179355 0.428316 -0.249675
v -0.00291162 0.463783 -0.198763
v -0.0271089 0.598205 -0.106229
v 0.0191361 0.632867 -0.0739406
v 0.117644 0.643867 -0.0522139
v 0.397552 0.586819 -0.136399
v 0.40632 0.569859 -0.159313
v 0.405319 0.538088 -0.180452
v 0.364788 0.497732 -0.2157
v 0.304546 0.441896 -0.234478
v 0.0218189 0.429036 -0.206491
v -0.00922348 0.471698 -0.187597
v -0.0397857 0.534011 -0.163144
v 0.10118 0.641591 -0.0565761
v 0.177862 0.635446 -0.0610003
v 0.315459 0.642414 -0.070279
v 0.336384 0.623407 -0.0908559
v 0.353829 0.482794 -0.216759
v 0.160032 0.432238 -0.248999
v -0.0483255 0.542037 -0.138702
v 0.106759 0.643943 -0.0520287
v 0.401401 0.559591 -0.170029
v 0.0163459 0.440789 -0.220495
v 0.0034065 0.457739 -0.211654
v -0.0333736 0.508779 -0.178055
v -0.0439545 0.585217 -0.117919
v 0.0340196 0.633934 -0.0718363
v 0.255347 0.636672 -0.0760634
v 0.344086 0.620512 -0.0931133
v 0.398298 0.602381 -0.125892
v 0.357886 0.488147 -0.214345
v 0.233998 0.425098 -0.271619
v -0.0284379 0.497866 -0.177779
v -0.0384496 0.519962 -0.169031
v -0.0452647 0.577911 -0.128305
v 0.200994 0.638326 -0.0600564
v 0.37169 0.618879 -0.107133
v 0.400045 0.588295 -0.146981
v 0.223874 0.420239 -0.247152
v 0.204622 0.423357 -0.264452
v 0.169277 0.431836 -0.24976
v -0.0393738 0.523112 -0.162326
v 0.0484169 0.634447 -0.0675444
v 0.17458 0.641228 -0.061928
v 0.321772 0.464781 -0.246005
v 0.252554 0.423789 -0.253571
v 0.142605 0.427531 -0.254552
v -0.0375263 0.526028 -0.180834
v 0.283156 0.641146 -0.0643258
v 0.397716 0.59754 -0.137452
v 0.403617 0.543478 -0.187926
v 0.300546 0.440345 -0.246709
v 0.0284981 0.432739 -0.223471
v -0.0403587 0.54596 -0.158324
v 0.163216 0.633928 -0.0603559
v 0.379076 0.617811 -0.112474
v 0.378883 0.617663 -0.117176
v 0.397507 0.546943 -0.194738
v 0.180469 0.429871 -0.269211
v -0.0465403 0.559909 -0.142198
v 0.274433 0.432442 -0.269627
v 0.0210917 0.438956 -0.231018
v -0.0423383 0.590556 -0.12025
v -0.00886426 0.614495 -0.0961396
v -0.00365096 0.626243 -0.0842316
v 0.0385291 0.634703 -0.0720791
v 0.195181 0.63669 -0.0591461
v 0.321018 0.63903 -0.0741442
v 0.401821 0.56267 -0.176557
v 0.404821 0.555043 -0.181228
v 0.383197 0.531102 -0.191993
v 0.363518 0.503378 -0.222163
v 0.313142 0.455315 -0.258991
v 0.159878 0.43366 -0.257479
v -0.0346354 0.518746 -0.187391
v -0.033697 0.596279 -0.113415
v -0.0270966 0.602864 -0.111414
v 0.078673 0.634558 -0.0648951
v 0.104778 0.642505 -0.0567346
v 0.335808 0.479809 -0.246653
v 0.259455 0.427623 -0.265432
v 0.124577 0.426629 -0.257801
v 0.0843705 0.425189 -0.249624
v 0.0264086 0.44268 -0.246676
v -0.0160827 0.490593 -0.19939
v -0.0427668 0.581477 -0.129522
v 0.00174939 0.629409 -0.0830265
v 0.209372 0.424951 -0.274496
v 0.0425506 0.435745 -0.235294
v -0.0129225 0.485411 -0.203752
v -0.0199079 0.495768 -0.195741
v -0.0440836 0.559306 -0.149594
v -0.014945 0.612216 -0.101834
v 0.0882191 0.634978 -0.0630941
v 0.401227 0.582864 -0.154988
v 0.330788 0.476845 -0.256497
v 0.319342 0.467803 -0.274555
v 0.164128 0.434063 -0.268642
v 0.0619681 0.430486 -0.250364
v -0.00970832 0.482073 -0.221715
v 0.0921348 0.634622 -0.0651391
v 0.330598 0.633044 -0.0808696
v 0.396601 0.604729 -0.128229
v 0.377769 0.515607 -0.220183
v 0.137091 0.430697 -0.275381
v 0.0548577 0.636277 -0.0689823
v 0.14816 0.639156 -0.0590792
v 0.16696 0.638807 -0.0617404
v 0.206473 0.638457 -0.061786
v 0.224058 0.638824 -0.072207
v 0.261132 0.64038 -0.0741912
v 0.333322 0.620853 -0.0993277
v 0.35519 0.498063 -0.245125
v 0.110674 0.643679 -0.0553183
v 0.229465 0.635798 -0.0737324
v 0.279299 0.643155 -0.0671159
v 0.386655 0.612377 -0.121206
v 0.398095 0.596479 -0.141989
v 0.40626 0.574485 -0.164565
v 0.403412 0.553544 -0.189192
v 0.358799 0.499595 -0.226958
v 0.248725 0.432158 -0.285872
v 0.108557 0.428648 -0.27079
v 0.0864061 0.432283 -0.277714
v -0.0187974 0.500559 -0.208265
v -0.039882 0.540565 -0.178209
v -0.0434407 0.583642 -0.133351
v -0.0428054 0.593765 -0.12125
v -0.0173692 0.609781 -0.104098
v 0.0938052 0.636833 -0.06191
v 0.248317 0.636026 -0.0778594
v 0.33167 0.628636 -0.0852965
v 0.355965 0.620005 -0.104551
v 0.0129677 0.451422 -0.237032
v 0.130862 0.642651 -0.0558912
v 0.274075 0.64224 -0.0679785
v 0.373401 0.510808 -0.220781
v 0.362565 0.509157 -0.22832
v 0.19722 0.429975 -0.281995
v -0.00742745 0.623885 -0.0892875
v 0.343913 0.619637 -0.100073
v 0.345585 0.495814 -0.258765
v 0.217794 0.430456 -0.290696
v 0.152777 0.431806 -0.268125
v 0.0286414 0.632858 -0.0755122
v 0.145633 0.642294 -0.0560354
v 0.402527 0.580823 -0.16577
v 0.380963 0.528573 -0.223013
v 0.351755 0.498585 -0.252908
v 0.261011 0.439917 -0.293783
v 0.182387 0.433622 -0.286007
v -0.030914 0.514012 -0.193732
v -0.036419 0.523621 -0.19578
v -0.0482793 0.570855 -0.141747
v 0.11964 0.643565 -0.0553835
v 0.299329 0.639231 -0.0670535
v 0.326569 0.623866 -0.092317
v 0.362371 0.522461 -0.243845
v 0.170049 0.432772 -0.269838
v -0.0389341 0.556769 -0.164052
v 0.0600714 0.634866 -0.0695746
v 0.21028 0.640118 -0.0636295
v 0.387896 0.610544 -0.126419
v 0.336335 0.487071 -0.269729
v 0.312169 0.463159 -0.279719
v 0.225083 0.437855 -0.305173
v 0.122296 0.43406 -0.285364
v 0.0365998 0.444329 -0.259773
v -0.0393416 0.596142 -0.122848
v -0.0354763 0.600038 -0.118461
v 0.00954392 0.629153 -0.0822786
v 0.0823463 0.632385 -0.0687586
v 0.234547 0.643075 -0.0786764
v 0.288766 0.642594 -0.0665014
v 0.327067 0.626002 -0.088151
v 0.370253 0.62029 -0.109965
v 0.393111 0.603105 -0.140166
v 0.395592 0.589952 -0.153007
v 0.400556 0.585384 -0.16437
v 0.403798 0.56128 -0.185489
v 0.396734 0.556536 -0.197651
v 0.383754 0.545755 -0.203781
v 0.359828 0.513059 -0.250858
v 0.285514 0.446669 -0.285118
v 0.195 0.434802 -0.294952
v 0.157753 0.441686 -0.288217
v 0.14209 0.438872 -0.293802
v -0.00719034 0.478316 -0.229447
v -0.0391649 0.531236 -0.186884
v 0.158783 0.641943 -0.0589563
v 0.330777 0.621893 -0.0956919
v 0.36943 0.531092 -0.236003
v 0.275628 0.449809 -0.299564
v -0.0140178 0.616788 -0.0987028
v 0.186037 0.641232 -0.0607734
v 0.238602 0.647608 -0.0793154
v 0.281449 0.634649 -0.0650531
v 0.307658 0.638212 -0.0692801
v 0.325193 0.636352 -0.0773843
v 0.322167 0.632235 -0.0787056
v 0.397909 0.57651 -0.176067
v 0.402265 0.562086 -0.192817
v 0.382342 0.54409 -0.221761
v 0.365099 0.528568 -0.239513
v 0.239136 0.448161 -0.318964
v -0.0237584 0.509012 -0.21138
v -0.035975 0.602189 -0.120137
v -0.0232054 0.608241 -0.110319
v 0.0250833 0.632308 -0.0760052
v 0.0422218 0.633525 -0.0711907
v 0.0997495 0.638995 -0.0598194
v 0.107451 0.64181 -0.0569456
v 0.132837 0.642277 -0.0561006
v 0.363851 0.521108 -0.250262
v 0.0813983 0.441344 -0.29398
v 0.0342748 0.451114 -0.272508
v 0.0180198 0.450872 -0.253837
v -0.0416664 0.528692 -0.196481
v -0.0451492 0.541271 -0.183017
v -0.0463011 0.571446 -0.150882
v -0.000721267 0.626957 -0.0863267
v 0.0541448 0.633561 -0.0704834
v 0.259865 0.641914 -0.0757725
v 0.384414 0.611137 -0.130709
v 0.379538 0.536101 -0.230664
v 0.357728 0.51037 -0.257121
v 0.349044 0.503566 -0.264249
v 0.340454 0.496002 -0.27332
v 0.296322 0.454443 -0.284229
v 0.171601 0.441353 -0.298514
v 0.100325 0.433949 -0.283994
v 0.00522165 0.460709 -0.22981
v -0.0155544 0.491172 -0.230396
v -0.0476677 0.56938 -0.154744
v -0.0490418 0.578883 -0.146872
v -0.0401578 0.589167 -0.133146
v 0.173878 0.646293 -0.0600771
v 0.371335 0.620432 -0.113238
v 0.390787 0.59612 -0.15558
v 0.383775 0.557711 -0.207856
v 0.057579 0.4382 -0.273012
v -0.0467293 0.552567 -0.172268
v -0.0452802 0.580753 -0.141973
v 0.00303063 0.627856 -0.0847972
v 0.223733 0.645564 -0.0737937
v 0.222703 0.644111 -0.0700793
v 0.248943 0.644833 -0.0794558
v 0.274372 0.637606 -0.0658898
v 0.358701 0.621708 -0.10782
v 0.3956 0.583307 -0.173947
v 0.399583 0.568714 -0.193143
v 0.394693 0.563187 -0.200956
v 0.387714 0.548258 -0.222111
v 0.380581 0.538031 -0.236249
v 0.367107 0.521267 -0.255139
v 0.319752 0.478946 -0.291087
v 0.292343 0.464766 -0.307539
v 0.262652 0.454229 -0.316439
v -0.0233557 0.495426 -0.236865
v -0.0314473 0.510254 -0.217721
v 0.0808268 0.632703 -0.0718156
v 0.117703 0.642686 -0.0557323
v 0.201421 0.642055 -0.0595642
v 0.270601 0.639798 -0.0680815
v 0.32036 0.627858 -0.0851127
v 0.399982 0.574726 -0.184866
v 0.392871 0.558785 -0.211208
v 0.307466 0.473507 -0.297828
v 0.226213 0.446767 -0.319447
v 0.0439761 0.454151 -0.290333
v -0.050036 0.565466 -0.163973
v -0.00834913 0.623292 -0.092632
v 0.11819 0.640254 -0.0582426
v 0.181288 0.645955 -0.0602579
v 0.210384 0.643091 -0.0633102
v 0.341224 0.620673 -0.102413
v 0.396093 0.589069 -0.165743
v 0.397596 0.566916 -0.19917
v 0.350655 0.504771 -0.274053
v 0.173857 0.445783 -0.309768
v 0.154024 0.446985 -0.302169
v -0.0101304 0.483363 -0.241855
v -0.0314762 0.610684 -0.111488
v -0.0232519 0.60945 -0.111138
v 0.233798 0.63906 -0.0658221
v 0.256062 0.641371 -0.0724687
v 0.388916 0.606706 -0.137276
v 0.384954 0.603699 -0.145464
v 0.204001 0.44539 -0.315564
v 0.195802 0.448648 -0.32718
v -0.0498686 0.545252 -0.197217
v 0.0311494 0.632317 -0.073954
v 0.0424088 0.634045 -0.067509
v 0.088635 0.633891 -0.0696772
v 0.312621 0.62832 -0.0749978
v 0.387363 0.55117 -0.226223
v 0.322919 0.482737 -0.296118
v 0.230004 0.451094 -0.330224
v 0.139386 0.447248 -0.311097
v 0.109762 0.446737 -0.308263
v -0.0478924 0.590119 -0.139176
v 0.0681516 0.633234 -0.0718031
v 0.0961085 0.636617 -0.0600781
v 0.246784 0.633761 -0.0591399
v 0.158948 0.448699 -0.319165
v 0.131907 0.445848 -0.310972
v 0.0858612 0.447084 -0.306431
v 0.0580683 0.451381 -0.298016
v 0.0103066 0.466509 -0.279912
v 0.0109261 0.46506 -0.267946
v -0.039211 0.604349 -0.120039
v -0.0168347 0.622396 -0.0952277
v -0.00266206 0.628828 -0.0839692
v 0.0825175 0.634526 -0.0692186
v 0.194622 0.644461 -0.0585516
v 0.219741 0.642901 -0.0621726
v 0.190417 0.451081 -0.333328
v -0.0159547 0.485282 -0.250329
v -0.0547847 0.558959 -0.178308
v -0.0519536 0.575638 -0.158976
v 0.0178519 0.632987 -0.0727144
v 0.0525021 0.633846 -0.0555768
v 0.106206 0.638508 -0.0576624
v 0.265678 0.637449 -0.0654175
v 0.317816 0.624209 -0.0985703
v 0.354646 0.620812 -0.107492
v 0.375425 0.537654 -0.253404
v 0.294712 0.468295 -0.31516
v 0.249703 0.456759 -0.333648
v 0.238014 0.457711 -0.33938
v 0.129442 0.449562 -0.326012
v 0.0164481 0.634162 -0.0713893
v 0.040423 0.635147 -0.0578743
v 0.0965565 0.636407 -0.0546083
v 0.141516 0.642821 -0.0557502
v 0.206936 0.64357 -0.0583961
v 0.232038 0.633927 -0.0567379
v 0.236068 0.633644 -0.0563108
v 0.325032 0.621728 -0.102439
v 0.382213 0.612429 -0.130368
v 0.297269 0.631223 -0.0663916
v 0.305319 0.629522 -0.0693873
v 0.36421 0.620912 -0.10993
v 0.394904 0.600397 -0.152342
v 0.398946 0.591844 -0.165989
v 0.353389 0.515666 -0.280692
v 0.0986424 0.451268 -0.322324
v 0.0693104 0.454598 -0.317295
v 0.0421307 0.457586 -0.301181
v -0.0376107 0.60798 -0.119404
v 0.121584 0.639595 -0.0536683
v 0.158132 0.644297 -0.0571539
v 0.315373 0.628102 -0.0799107
v 0.318322 0.627317 -0.0829288
v 0.315518 0.625903 -0.0940896
v 0.350532 0.621838 -0.103143
v 0.373304 0.619434 -0.115945
v 0.390837 0.607929 -0.140674
v 0.400652 0.58268 -0.179568
v 0.397314 0.577485 -0.199649
v 0.299936 0.48794 -0.333248
v 0.16588 0.45579 -0.341253
v -0.0318848 0.514489 -0.227103
v -0.0430898 0.534548 -0.209719
v 0.143431 0.640366 -0.050389
v 0.179249 0.646655 -0.0580042
v 0.390868 0.563754 -0.216508
v 0.366173 0.532904 -0.272042
v 0.36542 0.525688 -0.267088
v 0.160053 0.450122 -0.332107
v 0.0525429 0.459685 -0.314461
v 0.0292325 0.465429 -0.302021
v 0.00138376 0.477825 -0.281472
v -0.00695218 0.478055 -0.263015
v -0.0118703 0.488188 -0.267899
v 0.101526 0.631743 -0.0386429
v 0.218077 0.636528 -0.0523743
v 0.223994 0.63734 -0.0551915
v 0.391241 0.607134 -0.147177
v -0.665841 0.915971 -0.0203912
v -0.672902 0.897087 -0.0184706
v -0.664918 0.915587 -0.0133023
v 0.282528 0.630522 -0.060833
v 0.3496 0.623966 -0.0931093
v 0.362396 0.622727 -0.103561
v 0.399819 0.581196 -0.187844
v 0.390227 0.572482 -0.215072
v 0.387792 0.560625 -0.230466
v 0.332667 0.501138 -0.303979
v -0.0236387 0.503378 -0.256731
v -0.0266701 0.505194 -0.246719
v -0.0155271 0.623689 -0.095441
v 0.0379908 0.636088 -0.0590684
v 0.0672297 0.634194 -0.0446094
v 0.122705 0.628271 -0.036616
v 0.00998082 0.480301 -0.298967
v -0.0338836 0.524607 -0.230517
v -0.0540356 0.554301 -0.184485
v 0.000927773 0.630634 -0.0816342
v 0.232665 0.609663 -0.0331356
v 0.294802 0.626514 -0.0583377
v 0.316215 0.626547 -0.0721955
v 0.333826 0.625307 -0.0827222
v 0.397436 0.593561 -0.171233
v -0.657949 0.930146 -0.0286153
v -0.654246 0.939426 -0.0257399
v 0.964532 0.892767 -0.123842
v 0.956393 0.867429 -0.132515
v 0.397025 0.590431 -0.18186
v 0.382313 0.550829 -0.24565
v 0.324027 0.49767 -0.314829
v 0.264032 0.459872 -0.329388
v -0.0587055 0.565876 -0.178108
v 0.116977 0.629488 -0.0365524
v 0.141725 0.62218 -0.0297621
v 0.199742 0.612461 -0.0297395
v 0.29539 0.625784 -0.0571954
v 0.333439 0.626203 -0.08159
v 0.375147 0.6203 -0.114582
v -0.661426 0.9157 -0.0283474
v -0.656923 0.92313 -0.0160269
v -0.673062 0.898735 -0.0104655
v 0.966951 0.877587 -0.128725
v 0.37496 0.5445 -0.261288
v 0.206834 0.461203 -0.345388
v 0.110852 0.453065 -0.331048
v -0.0462295 0.595294 -0.139562
v 0.192925 0.610995 -0.0252185
v 0.288334 0.62403 -0.0517563
v -0.667727 0.899986 -0.00419082
v 0.968652 0.913421 -0.124495
v -0.669962 0.88702 -0.046046
v -0.651358 0.930501 -0.0390344
v 0.397019 0.582279 -0.196092
v -0.0616553 0.559404 -0.193639
v -0.0510399 0.584095 -0.1559
v -0.0238694 0.618799 -0.105436
v 0.0572903 0.636205 -0.051851
v 0.0794827 0.635268 -0.0437123
v 0.0834884 0.633933 -0.0402565
v 0.309913 0.626405 -0.0662885
v 0.39305 0.601678 -0.162188
v -0.66926 0.88048 -0.0414025
v -0.661213 0.903007 -0.0299525
v -0.657443 0.916054 -0.00791894
v -0.670305 0.884712 -0.00345537
v 0.949068 0.872726 -0.133958
v 0.357133 0.529619 -0.288274
v -0.0318101 0.518709 -0.255163
v 0.00381529 0.63116 -0.0812629
v 0.102682 0.634125 -0.0408558
v 0.116618 0.631277 -0.0377124
v 0.220725 0.609333 -0.0279097
v 0.267169 0.616412 -0.0401189
v 0.373693 0.621378 -0.115324
v -0.661215 0.883105 -0.0510608
v -0.664007 0.893916 -0.0324373
v -0.671198 0.873849 -0.000738596
v 0.960486 0.883302 -0.113346
v 0.969589 0.917104 -0.11792
v 0.367397 0.54005 -0.280083
v 0.332155 0.509533 -0.314524
v 0.0663554 0.458751 -0.321842
v -0.0532854 0.544507 -0.21489
v -0.063672 0.566924 -0.188148
v -0.0487566 0.593971 -0.147869
v 0.362892 0.624526 -0.103791
v 0.380186 0.617789 -0.128137
v -0.669914 0.880888 -0.0483236
v -0.647318 0.936894 -0.0377992
v -0.661963 0.889124 0.00680691
v -0.668326 0.880683 -0.0132436
v 0.944619 0.904537 -0.166363
v 0.954142 0.902692 -0.136072
v 0.392885 0.574109 -0.22017
v 0.39136 0.563446 -0.242542
v 0.348465 0.528217 -0.308658
v 0.164434 0.463413 -0.349871
v 0.108993 0.462982 -0.343961
v -0.0489442 0.584044 -0.16482
v -0.0359917 0.610446 -0.119702
v -0.0112648 0.625605 -0.0932236
v 0.150226 0.623706 -0.0290733
v 0.278762 0.618241 -0.0466925
v -0.652961 0.913124 -0.0352515
v -0.668749 0.872079 0.00838341
v 0.974153 0.902874 -0.0973695
v 0.953038 0.928135 -0.147534
v -0.658924 0.898848 0.00450349
v -0.66316 0.868127 -0.0382687
v -0.0447616 0.608132 -0.130111
v -0.0404778 0.612239 -0.121885
v 0.0864107 0.635134 -0.0424834
v 0.180894 0.613561 -0.0255687
v 0.198264 0.614573 -0.0248986
v 0.386042 0.612526 -0.14125
v 0.393019 0.606966 -0.159875
v 0.392836 0.581887 -0.208313
v 0.329745 0.509632 -0.320927
v 0.324189 0.512543 -0.332201
v 0.0250165 0.474708 -0.310142
v -0.0538511 0.54665 -0.220851
v 0.968703 0.917557 -0.106756
v 0.943552 0.927418 -0.164971
v 0.946328 0.892187 -0.141354
v -0.658028 0.874952 -0.051375
v -0.652511 0.883286 -0.0428317
v -0.644505 0.921488 -0.044651
v -0.0223084 0.624808 -0.0989945
v 0.017975 0.634626 -0.0706949
v 0.313271 0.628622 -0.0689696
v 0.400266 0.595902 -0.183381
v 0.965767 0.893171 -0.108739
v 0.973958 0.910105 -0.093916
v 0.963704 0.92251 -0.128919
v 0.949803 0.939289 -0.130352
v 0.957331 0.92944 -0.137905
v 0.940475 0.942543 -0.150879
v 0.944596 0.900579 -0.150931
v 0.949542 0.884235 -0.133984
v -0.642556 0.931239 -0.041993
v -0.648302 0.934419 -0.017485
v -0.668995 0.879208 0.00827414
v -0.660585 0.856551 -0.0350978
v 0.181204 0.621139 -0.0264111
v 0.230662 0.613315 -0.0278044
v 0.249087 0.61205 -0.0332726
v 0.337193 0.627883 -0.0861533
v 0.366264 0.62481 -0.106862
v 0.395324 0.581082 -0.201952
v 0.398619 0.573228 -0.233545
v -0.010202 0.491951 -0.276987
v -0.0394288 0.540116 -0.233088
v 0.939051 0.937668 -0.164656
v 0.931602 0.916172 -0.171356
v 0.379901 0.555999 -0.273554
v 0.298591 0.502292 -0.347424
v 0.261421 0.47231 -0.346474
v 0.0557569 0.467963 -0.330029
v 0.0299628 0.635912 -0.0639268
v 0.305104 0.628889 -0.0632226
v -0.650328 0.898485 -0.0401333
v -0.644542 0.891778 -0.0416751
v -0.637354 0.943455 -0.0271218
v -0.629661 0.935924 -0.0101441
v -0.657789 0.864047 -0.0169147
v -0.661004 0.869359 -0.0212301
v 0.957865 0.887192 -0.102549
v 0.398971 0.58515 -0.221596
v 0.227777 0.476246 -0.361362
v -0.0204542 0.510317 -0.285482
v -0.0272543 0.514223 -0.272144
v -0.0697597 0.577623 -0.200307
v -0.0416322 0.596517 -0.15306
v 0.000164547 0.633619 -0.0794002
v 0.0408305 0.637826 -0.056839
v 0.161787 0.624638 -0.0287836
v 0.342176 0.627843 -0.0905803
v -0.633799 0.936696 -0.034072
v -0.638356 0.919678 0.00327863
v -0.654668 0.907046 0.000208973
v 0.956191 0.871873 -0.101384
v 0.96694 0.900736 -0.0905688
v 0.966661 0.918798 -0.0945088
v 0.924812 0.902688 -0.164096
v 0.941678 0.884905 -0.138229
v 0.393426 0.570706 -0.251358
v 0.377673 0.556159 -0.293432
v 0.171349 0.474387 -0.361575
v 0.0496201 0.479877 -0.339208
v -0.0592152 0.552744 -0.216
v -0.0682082 0.570335 -0.210425
v -0.0128231 0.629028 -0.0895562
v 0.0716368 0.636347 -0.0451862
v 0.271429 0.623783 -0.0421735
v 0.326413 0.629295 -0.0783402
v -0.630545 0.94141 -0.0214966
v -0.641904 0.925289 -0.00787936
v -0.657199 0.86896 0.0140515
v -0.661188 0.863483 0.00449517
v 0.931875 0.889523 -0.149861
v 0.945079 0.868936 -0.131372
v -0.645373 0.866704 -0.0475129
v -0.631284 0.9397 -0.0305441
v -0.652935 0.864067 -0.00893843
v -0.0333423 0.61943 -0.111206
v 0.147549 0.627221 -0.0316756
v 0.397739 0.600701 -0.176025
v 0.394769 0.589958 -0.20802
v 0.404412 0.590459 -0.227478
v 0.348718 0.536714 -0.320616
v -0.0356165 0.534515 -0.242064
v 0.965269 0.926079 -0.113785
v 0.928292 0.941009 -0.166015
v 0.933947 0.898841 -0.161685
v 0.945638 0.878963 -0.13099
v 0.398815 0.603956 -0.182201
v 0.279647 0.491066 -0.352192
v 0.113111 0.477668 -0.360017
v 0.0835204 0.474405 -0.348702
v -0.0453727 0.555308 -0.237894
v -0.0448749 0.605251 -0.137305
v -0.0221759 0.630606 -0.0946786
v 0.324434 0.629966 -0.0745536
v 0.36642 0.626066 -0.106404
v -0.633339 0.913727 -0.0441699
v -0.624939 0.931276 -0.0382096
v 0.400116 0.582147 -0.242348
v -0.00110485 0.495491 -0.305335
v -0.0143955 0.631624 -0.089064
v -0.00550086 0.635165 -0.0825781
v 0.0213299 0.638234 -0.0642705
v 0.230179 0.616736 -0.0279396
v 0.359321 0.628479 -0.0990311
v 0.378003 0.62265 -0.124353
v -0.642053 0.872455 -0.0351233
v -0.62819 0.923133 -0.0394754
v -0.647702 0.899695 0.00972967
v -0.644924 0.88869 0.0142018
v -0.657526 0.85843 -0.0250369
v 0.943827 0.861911 -0.099084
v 0.969505 0.910797 -0.0879738
v 0.94363 0.939399 -0.141778
v 0.255726 0.494136 -0.37106
v 0.232083 0.486398 -0.370799
v -0.0440528 0.592593 -0.162018
v -0.0410124 0.618596 -0.119727
v 0.250798 0.61831 -0.0332063
v 0.310914 0.630554 -0.0594376
v -0.655126 0.877712 0.0167343
v 0.955894 0.935032 -0.104924
v 0.928109 0.947139 -0.158263
v 0.92768 0.921833 -0.167406
v 0.936056 0.868957 -0.121395
v 0.38884 0.612886 -0.154867
v 0.381655 0.560048 -0.287896
v 0.306785 0.513321 -0.348534
v 0.175883 0.490183 -0.375065
v 0.137849 0.486502 -0.370333
v -0.0575509 0.591864 -0.172383
v -0.0449138 0.601843 -0.161062
v 0.0280407 0.640006 -0.0601535
v 0.0537824 0.638618 -0.0513085
v 0.1972 0.619207 -0.0260108
v 0.261953 0.622444 -0.0333221
v 0.335904 0.629631 -0.0822673
v 0.377147 0.624574 -0.123512
v 0.385747 0.616642 -0.141109
v -0.650785 0.864347 0.0104473
v 0.953651 0.890767 -0.0989715
v 0.953426 0.935361 -0.120854
v 0.92026 0.927756 -0.164889
v 0.920474 0.897749 -0.159008
v 0.936979 0.861756 -0.117322
v 0.401683 0.598772 -0.19128
v -0.0416365 0.546469 -0.255036
v -0.0679543 0.583371 -0.187434
v -0.0349045 0.608382 -0.146482
v 0.0834463 0.637848 -0.0362883
v 0.332709 0.632775 -0.0741645
v -0.646304 0.861236 -0.0486985
v -0.644445 0.875468 0.021282
v -0.640242 0.843568 -0.0405451
v 0.9499 0.899914 -0.0941863
v 0.945069 0.943645 -0.113822
v 0.377296 0.626412 -0.135504
v 0.394367 0.576494 -0.270288
v 0.367479 0.562018 -0.306792
v 0.029646 0.5 -0.346489
v -0.0348521 0.529876 -0.259961
v 0.124992 0.631842 -0.037996
v 0.237603 0.617795 -0.0247688
v 0.272438 0.624774 -0.0347239
v -0.647675 0.85272 -0.0494153
v -0.635424 0.898055 -0.0428996
v -0.619258 0.915544 -0.0390592
v -0.620838 0.939052 -0.0350696
v -0.618007 0.942135 -0.0267549
v -0.626071 0.928748 -0.00104901
v -0.64577 0.85029 -0.0250707
v 0.921355 0.89129 -0.152984
v 0.939863 0.880323 -0.122549
v 0.345318 0.541398 -0.327983
v 0.323816 0.531258 -0.342279
v 0.129657 0.503276 -0.383575
v -0.0639902 0.564992 -0.220703
v 0.0187003 0.639191 -0.0654759
v 0.0941445 0.636305 -0.0366079
v 0.386756 0.613767 -0.163179
v 0.392806 0.612464 -0.171433
v -0.635363 0.866552 -0.0445119
v -0.615422 0.941154 -0.0169677
v 0.942468 0.945684 -0.125995
v 0.914645 0.944403 -0.160776
v 0.929829 0.910995 -0.152455
v 0.388228 0.573542 -0.286609
v 0.309972 0.535229 -0.363515
v 0.293027 0.627762 -0.0485094
v 0.326341 0.632317 -0.0717886
v 0.365033 0.629471 -0.100915
v 0.361926 0.632081 -0.0958448
v 0.38014 0.621535 -0.154415
v -0.632417 0.883452 -0.0348153
v -0.633455 0.901262 0.0191004
v -0.636528 0.868892 -0.00440428
v -0.644902 0.864272 -0.0135561
v 0.956719 0.916863 -0.0809992
v 0.961123 0.922019 -0.0859373
v 0.9344 0.944515 -0.137895
v 0.919371 0.89265 -0.147466
v 0.930801 0.880303 -0.125178
v 0.926311 0.866477 -0.119484
v 0.375935 0.568297 -0.298775
v 0.333291 0.554599 -0.341076
v 0.267635 0.50735 -0.378351
v 0.0928848 0.493366 -0.368884
v 0.039356 0.520095 -0.373235
v 0.111176 0.635037 -0.0382242
v 0.159048 0.628671 -0.0246802
v -0.63405 0.860861 -0.0489093
v -0.637836 0.869477 -0.0351647
v -0.619702 0.936987 -0.00699565
v 0.923683 0.951868 -0.146284
v 0.913343 0.91661 -0.158667
v 0.923673 0.88485 -0.130323
v 0.928649 0.877616 -0.121521
v 0.367044 0.575879 -0.312589
v 0.282192 0.51561 -0.376006
v 0.0152012 0.486863 -0.318423
v -0.0316756 0.627018 -0.108779
v 0.223202 0.619315 -0.0189018
v 0.316405 0.63332 -0.0624406
v 0.3527 0.631623 -0.0844168
v -0.623209 0.884977 -0.033482
v -0.627376 0.911502 0.0136533
v -0.631669 0.885183 0.0244899
v 0.94523 0.879305 -0.0953694
v 0.958204 0.909272 -0.0839144
v 0.951579 0.934295 -0.0965451
v 0.919507 0.886168 -0.143207
v 0.401714 0.590938 -0.250275
v 0.395221 0.584088 -0.274105
v 0.346307 0.56062 -0.328343
v 0.160598 0.504703 -0.38496
v -0.0649877 0.590652 -0.206329
v -0.0673267 0.591451 -0.189618
v 0.0868682 0.641312 -0.0302795
v 0.11569 0.641308 -0.0344915
v 0.399785 0.608519 -0.183897
v 0.395908 0.606422 -0.196755
v -0.616074 0.936171 -0.0420285
v -0.613194 0.933347 -0.0058834
v -0.622698 0.918837 0.0104947
v -0.639287 0.866849 0.0163999
v -0.634535 0.865653 -0.0137245
v 0.932359 0.861597 -0.098329
v 0.937673 0.898085 -0.098645
v 0.905997 0.925114 -0.165352
v 0.922231 0.87067 -0.123662
v 0.343812 0.571285 -0.33497
v 0.241363 0.522724 -0.395849
v 0.0588259 0.52391 -0.383603
v 0.00835718 0.520973 -0.344032
v -0.0496813 0.558679 -0.231771
v -0.0668598 0.585221 -0.229509
v -0.0687963 0.581222 -0.219135
v -0.0349759 0.617193 -0.130112
v 0.0534423 0.640872 -0.0495254
v 0.147565 0.631529 -0.0278734
v 0.372202 0.629532 -0.119158
v -0.620299 0.875261 -0.0570903
v -0.61939 0.89459 -0.0374634
v -0.613248 0.904164 -0.0373494
v -0.605536 0.937823 -0.0424498
v -0.598247 0.938185 -0.0407202
v -0.626361 0.859962 -0.00293951
v 0.935624 0.874656 -0.091001
v 0.9534 0.926991 -0.082742
v 0.947292 0.944644 -0.101116
v 0.925946 0.953784 -0.132409
v 0.910674 0.95042 -0.152866
v 0.405462 0.601472 -0.23499
v 0.399636 0.594696 -0.257236
v -0.040161 0.547978 -0.274739
v -0.0392933 0.616436 -0.153367
v -0.0335727 0.611759 -0.149856
v 0.00796707 0.638524 -0.0738186
v 0.189763 0.622871 -0.0193388
v 0.297547 0.631745 -0.0473867
v 0.397882 0.619386 -0.172226
v -0.614678 0.891466 -0.0402847
v -0.616714 0.921771 -0.040994
v -0.626959 0.900736 0.0215152
v 0.93484 0.895214 -0.0991215
v 0.92737 0.903307 -0.134622
v 0.923743 0.890261 -0.129066
v 0.919241 0.88381 -0.127092
v 0.407477 0.610078 -0.220355
v 0.357736 0.57 -0.318706
v 0.197417 0.512478 -0.390847
v 0.105849 0.499014 -0.376441
v -0.0581128 0.606519 -0.189741
v -0.0655484 0.600855 -0.176296
v -0.0113685 0.640064 -0.0802264
v 0.0775478 0.641587 -0.0340562
v -0.613827 0.884394 -0.0542916
v -0.622025 0.881238 -0.0379197
v 0.934833 0.882427 -0.0904972
v 0.931514 0.954959 -0.107252
v 0.903754 0.934135 -0.165398
v 0.901175 0.911227 -0.157536
v 0.921627 0.907297 -0.138061
v 0.908233 0.876252 -0.134659
v 0.383954 0.582406 -0.299434
v 0.156068 0.520771 -0.395474
v -0.0218386 0.527345 -0.307182
v -0.0395687 0.558136 -0.290933
v -0.0426863 0.56486 -0.285672
v -0.067036 0.595675 -0.219035
v -0.0686715 0.583185 -0.203531
v 0.0974446 0.643176 -0.027658
v 0.130358 0.643754 -0.0297238
v 0.166058 0.632315 -0.0189263
v 0.23435 0.620474 -0.0184545
v 0.247725 0.621412 -0.0238754
v 0.268773 0.628189 -0.0279929
v -0.628281 0.855679 -0.051829
v -0.613074 0.869024 -0.0649786
v -0.604804 0.929789 -0.0511307
v -0.628873 0.874427 0.0261924
v -0.628471 0.863103 0.0139446
v 0.943989 0.912425 -0.0792765
v 0.914117 0.954663 -0.141019
v 0.926006 0.893846 -0.123515
v 0.899215 0.871579 -0.135554
v 0.39337 0.592404 -0.270887
v 0.38839 0.594607 -0.285051
v -0.00848516 0.526078 -0.331411
v -0.0368973 0.622596 -0.120144
v 0.0278751 0.642059 -0.0582053
v 0.193668 0.627975 -0.0123054
v 0.293039 0.638744 -0.0425578
v 0.343665 0.634341 -0.0736849
v 0.371917 0.630382 -0.140061
v -0.62636 0.843763 -0.0501456
v 0.926604 0.866194 -0.0885664
v 0.921303 0.900584 -0.126273
v 0.919849 0.862456 -0.114808
v 0.917654 0.894394 -0.124666
v 0.395967 0.618339 -0.188803
v 0.384209 0.593317 -0.299793
v 0.294154 0.567478 -0.394376
v -0.0389531 0.573869 -0.305042
v -0.0536615 0.5849 -0.243386
v -0.0525033 0.616483 -0.193193
v -0.0195626 0.638058 -0.0883156
v 0.314797 0.636758 -0.059626
v 0.364614 0.636196 -0.119199
v -0.604269 0.916271 -0.0538662
v -0.621151 0.88337 0.0233308
v -0.622009 0.854587 -0.00961758
v 0.927328 0.878726 -0.0841217
v 0.94358 0.940412 -0.0863362
v 0.928938 0.958099 -0.118318
v 0.896439 0.917421 -0.164538
v 0.386079 0.608107 -0.260655
v -0.0470319 0.568036 -0.246451
v -0.0652829 0.601986 -0.237022
v -0.0305368 0.620603 -0.133464
v 0.0106365 0.643598 -0.0680764
v 0.147412 0.635767 -0.0245325
v 0.156274 0.637118 -0.0186609
v 0.318921 0.63841 -0.0591778
v 0.375496 0.631368 -0.145754
v 0.387893 0.632199 -0.151134
v -0.603674 0.928259 -0.00835437
v -0.619899 0.8617 0.00943188
v -0.626198 0.846165 -0.0162974
v -0.624083 0.840664 -0.0214173
v 0.391114 0.609629 -0.251293
v 0.202035 0.535101 -0.39996
v -0.0603106 0.618554 -0.163373
v -0.0242213 0.630313 -0.121385
v -0.0230729 0.639619 -0.100209
v 0.049816 0.643084 -0.0481238
v 0.400404 0.62168 -0.193094
v -0.621504 0.835835 -0.039966
v -0.607576 0.880402 -0.0675684
v -0.601882 0.935454 -0.0208056
v -0.620153 0.876348 0.0236104
v 0.930703 0.895187 -0.0886892
v 0.938935 0.952664 -0.093989
v 0.892246 0.941003 -0.157256
v 0.909349 0.903052 -0.139431
v 0.901357 0.886572 -0.138262
v 0.406292 0.615121 -0.222908
v 0.383797 0.605993 -0.281503
v 0.367712 0.602994 -0.330291
v 0.223728 0.543287 -0.40174
v 0.133704 0.542054 -0.408049
v -0.00588684 0.558143 -0.351342
v -0.0557852 0.61843 -0.159179
v -0.0245095 0.633111 -0.122514
v -0.0264709 0.635046 -0.111101
v -0.0227002 0.638252 -0.0952294
v 0.0845787 0.646905 -0.0243207
v 0.220352 0.624669 -0.010194
v 0.35305 0.638604 -0.0891067
v 0.361532 0.640218 -0.114876
v 0.393128 0.625185 -0.16097
v 0.39182 0.633285 -0.15515
v -0.616641 0.848028 -0.0519999
v -0.60269 0.894683 -0.059118
v -0.592798 0.932767 -0.0544078
v -0.617567 0.898097 0.0181593
v 0.876081 0.930894 -0.162963
v 0.890583 0.886673 -0.143469
v 0.37372 0.625206 -0.248645
v 0.35228 0.582376 -0.332474
v 0.272572 0.555134 -0.400648
v 0.175857 0.553071 -0.409632
v 0.0688803 0.530164 -0.392353
v -0.0639314 0.609841 -0.174872
v -0.0305775 0.622673 -0.143999
v 0.0224266 0.64364 -0.0610018
v 0.0614161 0.646321 -0.0381932
v 0.139094 0.641733 -0.0265232
v 0.352091 0.641185 -0.0963523
v -0.590646 0.921315 -0.0621634
v -0.627294 0.868526 0.0227923
v 0.943572 0.919879 -0.0734111
v 0.919914 0.955762 -0.128109
v 0.885556 0.898798 -0.15584
v 0.894742 0.894303 -0.144487
v 0.894078 0.86743 -0.127153
v 0.912186 0.860484 -0.105065
v 0.384736 0.629159 -0.220821
v 0.375205 0.621502 -0.262894
v 0.0955134 0.541049 -0.403378
v 0.0089767 0.560438 -0.37008
v 0.235553 0.630334 -0.00650525
v 0.333496 0.638265 -0.0622602
v 0.346302 0.636432 -0.0747973
v 0.345579 0.642091 -0.0737069
v 0.39315 0.633241 -0.168359
v -0.599457 0.903777 -0.058462
v -0.592213 0.930276 -0.0166146
v -0.611573 0.851851 -0.00826449
v 0.929682 0.902459 -0.0801317
v 0.943501 0.932864 -0.0749664
v 0.8843 0.922646 -0.1684
v 0.883037 0.911475 -0.165885
v 0.402195 0.618395 -0.227505
v 0.305016 0.567454 -0.385028
v 0.0333285 0.559618 -0.387458
v -0.0509891 0.598641 -0.258393
v -0.0338575 0.627052 -0.146443
v 0.0413175 0.647031 -0.0482092
v 0.225337 0.629451 -0.00424901
v 0.280406 0.632458 -0.0340131
v 0.288384 0.641401 -0.0354251
v 0.334571 0.642271 -0.0573345
v 0.368623 0.636928 -0.135259
v -0.613027 0.868836 0.0156491
v -0.615478 0.841511 -0.0210404
v 0.935183 0.951791 -0.0926097
v 0.376951 0.618145 -0.281874
v 0.325413 0.575631 -0.365224
v 0.204534 0.56367 -0.408579
v -0.0467747 0.591017 -0.280925
v -0.055286 0.615504 -0.186451
v 0.389429 0.64023 -0.143662
v -0.599595 0.856163 -0.061491
v -0.588729 0.938331 -0.0343286
v -0.59882 0.9088 0.0023099
v 0.928247 0.913671 -0.0748341
v 0.900552 0.948846 -0.147486
v 0.886203 0.874005 -0.136363
v 0.8821 0.872843 -0.129985
v 0.407299 0.626961 -0.194875
v 0.376352 0.626395 -0.237078
v 0.373869 0.608548 -0.32504
v 0.270867 0.634426 -0.0226752
v 0.360758 0.642901 -0.122336
v -0.608111 0.858216 0.00317999
v 0.879254 0.88618 -0.145969
v 0.378467 0.626488 -0.263353
v 0.374872 0.614888 -0.315409
v 0.343752 0.596646 -0.35143
v 0.326869 0.590316 -0.368895
v 0.154554 0.562811 -0.412052
v -0.0683525 0.604816 -0.230923
v -0.0576212 0.614114 -0.207994
v -0.055344 0.637367 -0.149715
v -0.00550957 0.644882 -0.0735242
v 0.0735736 0.64902 -0.0264997
v 0.118302 0.64628 -0.0286901
v 0.198846 0.631311 -0.00484808
v 0.320568 0.641576 -0.0482902
v -0.613555 0.835339 -0.0411355
v -0.589999 0.866807 -0.0670645
v -0.578549 0.936156 -0.0326613
v 0.920833 0.89344 -0.0808975
v 0.895402 0.949112 -0.140358
v 0.866579 0.90715 -0.163987
v 0.871072 0.890083 -0.1511
v 0.872936 0.878517 -0.120645
v 0.89214 0.86378 -0.111518
v 0.39823 0.626886 -0.21582
v 0.227719 0.581148 -0.411041
v -0.0278957 0.639355 -0.137152
v -0.0211955 0.636745 -0.124827
v -0.0147397 0.642142 -0.114018
v -0.011769 0.646261 -0.0769082
v 0.0275699 0.652064 -0.0522395
v 0.29915 0.641878 -0.0429766
v 0.329794 0.641719 -0.0529218
v 0.346473 0.644644 -0.0878517
v 0.347746 0.647225 -0.0957968
v -0.59057 0.892001 -0.0673747
v -0.577263 0.929037 -0.0575802
v -0.595587 0.87625 0.0109192
v -0.600564 0.848376 -0.0177907
v 0.914537 0.884091 -0.0831076
v 0.927248 0.936851 -0.080239
v 0.868835 0.918291 -0.166047
v 0.387913 0.633817 -0.276618
v 0.373711 0.622384 -0.323568
v 0.355544 0.607626 -0.343415
v 0.311422 0.591271 -0.383788
v 0.0859881 0.574644 -0.404384
v -0.0484268 0.626517 -0.183839
v -0.0520154 0.628688 -0.151585
v 0.157265 0.641265 -0.0113883
v 0.335455 0.645504 -0.0610099
v -0.606595 0.844494 -0.0506679
v -0.591959 0.923832 -0.00992491
v -0.59522 0.892594 0.00977781
v 0.938571 0.926227 -0.072324
v 0.909755 0.951976 -0.113348
v 0.874779 0.939299 -0.152311
v 0.858269 0.897478 -0.152878
v 0.871641 0.882486 -0.139114
v 0.376094 0.62066 -0.299476
v -0.0557253 0.601882 -0.249842
v -0.0509715 0.620649 -0.196369
v -0.0613057 0.625127 -0.168726
v -0.020665 0.639772 -0.131392
v -0.021321 0.640367 -0.108308
v -0.0169837 0.64722 -0.0863449
v 0.0970407 0.645831 -0.0218196
v 0.355345 0.64946 -0.114618
v 0.379631 0.647059 -0.129041
v -0.602008 0.841571 -0.0384343
v -0.577918 0.922734 -0.0633342
v -0.604904 0.842168 -0.0296571
v 0.352273 0.624738 -0.339649
v 0.339424 0.610447 -0.357921
v 0.168535 0.584801 -0.413203
v -0.0403688 0.596274 -0.308333
v -0.0677235 0.618158 -0.233249
v -0.0185949 0.649296 -0.090988
v -0.00564667 0.651326 -0.069154
v 0.257356 0.632043 -0.0157415
v 0.365185 0.645006 -0.128377
v 0.405885 0.632327 -0.195507
v -0.582606 0.851257 -0.0482059
v -0.578907 0.933912 -0.0491524
v -0.592583 0.865968 0.0030068
v 0.918281 0.918296 -0.0762023
v 0.903769 0.939067 -0.0905216
v 0.919459 0.945196 -0.0908501
v 0.247716 0.586728 -0.410783
v 0.0492017 0.591936 -0.394021
v -0.024979 0.577829 -0.332959
v -0.0581267 0.636727 -0.160761
v -0.0589617 0.632332 -0.157751
v 0.00957576 0.651593 -0.0595876
v 0.20286 0.635293 0.00309059
v 0.38445 0.6484 -0.131741
v 0.390828 0.643603 -0.153257
v 0.374439 0.653134 -0.211497
v 0.377673 0.638644 -0.237511
v 0.390786 0.64236 -0.268603
v 0.37963 0.629044 -0.308005
v 0.210324 0.579781 -0.411537
v -0.047987 0.616095 -0.274854
v -0.0487705 0.63257 -0.183533
v 0.333906 0.650582 -0.0710938
v 0.36063 0.653682 -0.116638
v 0.403575 0.633733 -0.180492
v 0.399452 0.636241 -0.197755
v 0.378107 0.640248 -0.212429
v -0.586249 0.856226 -0.0590786
v -0.572965 0.913452 -0.06692
v 0.919299 0.929655 -0.077955
v 0.861035 0.924075 -0.160998
v 0.857119 0.907483 -0.160217
v 0.392456 0.654324 -0.16811
v 0.128367 0.652518 -0.0181679
v 0.346598 0.651746 -0.0961326
v -0.56707 0.927997 -0.0507454
v 0.90207 0.916291 -0.0808733
v 0.899725 0.945198 -0.102228
v 0.394266 0.650535 -0.252648
v 0.383771 0.647162 -0.276313
v 0.362454 0.639453 -0.322797
v 0.331353 0.616444 -0.361481
v 0.156617 0.612583 -0.412347
v 0.133777 0.569557 -0.412991
v 0.0627531 0.584517 -0.397789
v -0.045201 0.631443 -0.200132
v -0.0566067 0.640927 -0.163671
v -0.00720369 0.651209 -0.101311
v 0.0856989 0.649469 -0.0191822
v 0.215045 0.637203 0.00707835
v 0.288879 0.64711 -0.0294875
v 0.336979 0.659631 -0.0891025
v -0.575844 0.885631 -0.0692854
v -0.571297 0.928721 -0.0238906
v -0.573623 0.914051 -0.00742597
v 0.907398 0.902037 -0.0806242
v 0.845165 0.901446 -0.143832
v 0.39003 0.648955 -0.264743
v 0.377479 0.634986 -0.307493
v -0.0127384 0.605602 -0.348982
v -0.0504743 0.632059 -0.213683
v 0.0963475 0.65085 -0.0176774
v 0.116487 0.650999 -0.0225212
v 0.186578 0.636365 -0.00266546
v 0.314086 0.645422 -0.0399387
v 0.398954 0.64603 -0.160582
v 0.3781 0.652323 -0.222738
v -0.567514 0.857047 -0.0389098
v -0.571601 0.874322 -0.0635105
v -0.568004 0.931798 -0.0383363
v 0.899672 0.924462 -0.08271
v 0.851834 0.917012 -0.157139
v 0.861468 0.886684 -0.133622
v 0.292163 0.613137 -0.393908
v 0.218568 0.607886 -0.409239
v 0.117361 0.600372 -0.415513
v 0.107126 0.593413 -0.414325
v -0.0546713 0.616876 -0.258375
v 0.0398098 0.652293 -0.0450546
v 0.264374 0.640502 -0.0135753
v 0.340393 0.660238 -0.0946068
v -0.554891 0.892614 -0.0618996
v -0.550179 0.927846 -0.0428111
v -0.57881 0.856147 -0.0185339
v 0.895489 0.935414 -0.0899152
v 0.858116 0.941662 -0.136878
v 0.229263 0.623362 -0.403482
v 0.0500973 0.603842 -0.393726
v -0.0669317 0.622646 -0.24702
v -0.0550336 0.645742 -0.177162
v -0.0146808 0.651913 -0.0902498
v -0.0136574 0.65331 -0.077084
v -0.00853179 0.654809 -0.0687163
v 0.0549696 0.652117 -0.0359543
v 0.140235 0.647205 -0.0187872
v 0.168909 0.638868 -0.00738991
v 0.377143 0.652154 -0.187525
v 0.369103 0.667331 -0.180286
v -0.562737 0.931327 -0.0294907
v -0.573911 0.898659 0.0013821
v 0.887698 0.882409 -0.0892192
v 0.877952 0.916038 -0.0835053
v 0.87532 0.944302 -0.113064
v 0.860694 0.885225 -0.123794
v 0.264338 0.613022 -0.408543
v 0.124082 0.618188 -0.413824
v 0.0128821 0.599074 -0.3696
v -0.0306813 0.614033 -0.320358
v -0.05305 0.632273 -0.267576
v -0.0429196 0.639035 -0.201072
v -0.0568076 0.644152 -0.149291
v -0.0130459 0.648237 -0.117548
v 0.115971 0.65576 -0.0148948
v 0.351022 0.656632 -0.108647
v 0.377485 0.664152 -0.211955
v -0.565544 0.864204 -0.0526635
v -0.544722 0.920432 -0.051031
v 0.842408 0.89236 -0.128704
v 0.892145 0.898712 -0.0835958
v 0.321316 0.633669 -0.356305
v 0.173514 0.610451 -0.412446
v -0.0217622 0.598887 -0.340522
v -0.0623666 0.644578 -0.259541
v 0.236724 0.640326 0.00151902
v 0.272182 0.64177 -0.0187901
v 0.282528 0.645009 -0.0267653
v 0.325866 0.656832 -0.0643976
v 0.387795 0.653361 -0.135613
v 0.399644 0.650431 -0.160683
v 0.3819 0.6511 -0.181213
v 0.396381 0.657788 -0.251096
v -0.579742 0.880107 0.00386446
v -0.557277 0.928884 -0.0284666
v -0.562911 0.917072 -0.0122164
v -0.578852 0.870337 -0.00248167
v -0.567912 0.863416 -0.0181395
v 0.388848 0.666939 -0.22487
v 0.360491 0.656866 -0.299161
v 0.342437 0.644376 -0.333911
v -0.0454971 0.626276 -0.281675
v -0.066461 0.631178 -0.242768
v -0.0446606 0.651649 -0.227641
v -0.0478147 0.638636 -0.187825
v -0.0219198 0.647455 -0.126001
v 0.000714126 0.654217 -0.0608452
v 0.0847392 0.651413 -0.016769
v 0.170524 0.644423 0.000604694
v 0.32739 0.660262 -0.0705801
v 0.85055 0.935936 -0.145054
v 0.840226 0.912574 -0.147141
v 0.833967 0.899068 -0.133547
v 0.849074 0.888784 -0.116968
v 0.868914 0.893086 -0.0931531
v 0.877074 0.930485 -0.089079
v 0.306435 0.644217 -0.358405
v 0.188991 0.631505 -0.399696
v 0.0397785 0.617861 -0.386904
v -0.0613829 0.642317 -0.248679
v -0.0531005 0.653162 -0.182765
v -0.0579836 0.647765 -0.157417
v -0.05694 0.650019 -0.146827
v -0.00545216 0.65394 -0.106372
v 0.0626716 0.655277 -0.0266475
v 0.140062 0.656628 -0.00560863
v 0.152023 0.650216 -0.00544648
v -0.556285 0.878924 -0.0592943
v -0.550178 0.904327 -0.0585728
v 0.39918 0.648177 -0.17371
v 0.373196 0.660438 -0.279037
v 0.28392 0.640378 -0.375096
v 0.0909234 0.636145 -0.405117
v -0.00530918 0.619258 -0.35205
v -0.0279398 0.635014 -0.308369
v -0.00409219 0.662565 -0.061459
v 0.298772 0.650785 -0.0245853
v 0.320885 0.646353 -0.0410085
v -0.536268 0.887481 -0.0590899
v 0.882475 0.941193 -0.0999458
v 0.388303 0.671236 -0.263114
v 0.391832 0.659311 -0.260757
v 0.0392198 0.627133 -0.383769
v -0.0139977 0.630911 -0.336708
v -0.0500864 0.643564 -0.142954
v 0.00793465 0.654965 -0.0558707
v 0.266043 0.645348 -0.00970242
v 0.372424 0.657718 -0.110495
v -0.551506 0.864993 -0.0424478
v -0.560841 0.908044 -0.00667074
v -0.555736 0.898712 -0.00295285
v -0.574087 0.888265 0.00379001
v -0.572233 0.86651 -0.00957961
v -0.557708 0.871133 -0.00956617
v -0.0094476 0.659343 -0.071904
v 0.0210257 0.657237 -0.0468814
v 0.0988026 0.655431 -0.00735509
v 0.39288 0.664781 -0.135845
v 0.370506 0.670175 -0.151133
v 0.330547 0.658426 -0.325343
v 0.225574 0.644326 -0.38931
v 0.145404 0.636306 -0.402794
v -0.0556882 0.666492 -0.168686
v 0.842246 0.924512 -0.147934
v 0.824359 0.921128 -0.140199
v 0.838301 0.891288 -0.108688
v 0.880846 0.923647 -0.0849132
v -0.548658 0.874114 -0.0525329
v 0.392057 0.677094 -0.254325
v 0.373845 0.678159 -0.276347
v 0.358346 0.668097 -0.292428
v 0.25554 0.643849 -0.383092
v 0.0691404 0.6274 -0.402459
v -0.0289589 0.645059 -0.303791
v -0.0481762 0.662692 -0.27589
v -0.0567234 0.650592 -0.17232
v -0.0520814 0.655644 -0.140979
v -0.00396195 0.660184 -0.103371
v 0.0862208 0.655661 -0.00791721
v 0.19499 0.644387 0.0153466
v 0.835062 0.935337 -0.141265
v 0.850785 0.896336 -0.0943174
v 0.866733 0.94471 -0.125609
v 0.393414 0.676588 -0.243154
v 0.359981 0.676165 -0.288664
v 0.214705 0.654041 -0.383821
v 0.180115 0.641453 -0.394498
v 0.0288533 0.635545 -0.369817
v 0.00467163 0.63354 -0.353208
v -0.0149581 0.642163 -0.321835
v -0.0372491 0.659826 -0.20548
v -0.0496405 0.662685 -0.187543
v 0.00119817 0.661911 -0.056161
v 0.30866 0.653145 -0.023532
v 0.314691 0.663652 -0.0501328
v -0.0516219 0.64829 -0.272351
v -0.550755 0.931211 -0.0309351
v 0.82582 0.909625 -0.138372
v 0.863928 0.90457 -0.087665
v 0.390877 0.663088 -0.12575
v 0.369477 0.674304 -0.181883
v 0.37329 0.681259 -0.176419
v 0.308718 0.666463 -0.334642
v 0.248929 0.659926 -0.36891
v -0.0400407 0.65897 -0.196552
v 0.0291153 0.661075 -0.0375286
v 0.252048 0.645077 -0.00376545
v 0.37883 0.66102 -0.11187
v -0.0385025 0.646956 -0.281143
v -0.0484496 0.647296 -0.275608
v -0.549231 0.865598 -0.0284348
v -0.535251 0.868742 -0.0420184
v 0.818273 0.930523 -0.137054
v 0.838237 0.898896 -0.0900795
v 0.847986 0.94182 -0.138185
v -0.0497527 0.664959 -0.270846
v -0.0131294 0.652106 -0.117812
v 0.163207 0.651529 0.00657741
v 0.213157 0.645836 0.0175663
v 0.225386 0.643677 0.00979646
v 0.23544 0.651909 0.0100216
v 0.366864 0.672343 -0.161322
v -0.517346 0.885103 -0.0568596
v 0.385552 0.681966 -0.194287
v 0.301426 0.669721 -0.335167
v 0.147075 0.649377 -0.398582
v 0.0971296 0.654284 -0.396919
v 0.0552926 0.636121 -0.389844
v 0.0515688 0.649083 -0.370175
v -0.0364813 0.662627 -0.232816
v 0.120673 0.661597 -0.0017555
v 0.128123 0.658347 -0.00897749
v 0.321892 0.654246 -0.0442773
v 0.344575 0.668064 -0.0888356
v 0.364355 0.668757 -0.0901236
v 0.32265 0.67553 -0.314913
v 0.258239 0.667379 -0.359938
v 0.247444 0.67302 -0.367422
v 0.00610317 0.647473 -0.337514
v -0.53528 0.914927 -0.0549826
v -0.545969 0.924982 -0.0172815
v 0.828237 0.890259 -0.117654
v 0.846553 0.903923 -0.0854548
v -0.0512694 0.660713 -0.261069
v 0.00268853 0.66219 -0.0875197
v -0.00811629 0.659146 -0.0778298
v 0.064256 0.661973 -0.0154893
v 0.185751 0.644521 0.00978003
v 0.364896 0.676548 -0.165864
v 0.384652 0.696417 -0.243232
v -0.515289 0.910462 -0.0570891
v -0.549534 0.917204 -0.00989507
v 0.806077 0.908762 -0.133482
v 0.808049 0.893536 -0.122821
v 0.824997 0.89292 -0.100081
v 0.872088 0.910724 -0.0853681
v 0.347916 0.699349 -0.291308
v 0.296222 0.678336 -0.331598
v 0.177149 0.680851 -0.391293
v 0.115212 0.659807 -0.395835
v 0.0435789 0.656484 -0.354996
v -0.00136929 0.657583 -0.320204
v -0.00301989 0.672176 -0.0934726
v 0.00064559 0.6607 -0.0839616
v 0.0170157 0.66298 -0.04188
v 0.331469 0.671386 -0.0763823
v 0.386218 0.66862 -0.109136
v -0.535035 0.865777 -0.0252081
v 0.80725 0.918908 -0.135859
v 0.802452 0.890021 -0.10177
v 0.869883 0.937517 -0.0974308
v 0.360171 0.683141 -0.137865
v 0.348452 0.708569 -0.287485
v 0.320036 0.687957 -0.310984
v 0.241564 0.704599 -0.367469
v 0.201818 0.693595 -0.378253
v 0.15106 0.679522 -0.387403
v 0.129787 0.678506 -0.384263
v 0.0800079 0.659395 -0.375989
v 0.0362555 0.66444 -0.343711
v -0.0286126 0.669667 -0.225194
v 0.0519896 0.661073 -0.025889
v 0.203876 0.643283 0.0158872
v 0.253638 0.65124 0.00332807
v 0.295529 0.658693 -0.0067622
v 0.315862 0.65589 -0.031192
v 0.305143 0.666799 -0.0183455
v 0.312999 0.670362 -0.0509213
v 0.387233 0.672137 -0.10797
v -0.527279 0.876184 -0.0520035
v -0.515765 0.91927 -0.0526991
v -0.537878 0.928841 -0.0379081
v -0.537889 0.93204 -0.0240973
v -0.553035 0.88951 -0.00166233
v -0.552053 0.869431 -0.0138336
v 0.827772 0.946089 -0.133366
v 0.791547 0.893363 -0.118816
v 0.790965 0.888553 -0.107557
v 0.847381 0.946877 -0.124352
v 0.291221 0.688752 -0.332653
v 0.155316 0.684983 -0.376783
v 0.117522 0.671284 -0.384951
v 0.117936 0.679428 -0.367521
v 0.0877873 0.66654 -0.367803
v -0.0201096 0.659029 -0.298036
v -0.0369384 0.657553 -0.282969
v -0.0341358 0.679674 -0.283979
v -0.0431867 0.671376 -0.140225
v -0.0400459 0.668903 -0.127235
v 0.000190246 0.667512 -0.0579878
v 0.103026 0.658829 0.00131792
v 0.313021 0.676251 -0.0497256
v 0.37383 0.672905 -0.0883081
v 0.859974 0.94433 -0.114379
v 0.388747 0.684425 -0.210577
v 0.373334 0.709828 -0.254215
v 0.380761 0.690962 -0.263395
v 0.258655 0.701523 -0.358667
v -0.0196367 0.666622 -0.297332
v -0.0502575 0.677062 -0.163631
v 0.00759833 0.674033 -0.0529356
v 0.274882 0.653731 -0.00775871
v 0.802633 0.926015 -0.134281
v 0.839565 0.912122 -0.0790628
v 0.830802 0.950424 -0.12049
v -0.532604 0.925212 -0.0453143
v 0.368787 0.697657 -0.274406
v 0.238284 0.70837 -0.363104
v 0.13181 0.682332 -0.36837
v 0.0739597 0.672698 -0.357082
v 0.00478389 0.665895 -0.316662
v -0.0206776 0.688323 -0.296005
v -0.0210073 0.699481 -0.285351
v -0.0251487 0.682633 -0.252329
v -0.0279308 0.662915 -0.115366
v 0.0857003 0.658248 -0.00498136
v 0.303612 0.660954 -0.00966656
v 0.379596 0.675803 -0.0909858
v 0.385077 0.6777 -0.103683
v 0.770313 0.888594 -0.109211
v 0.857452 0.91849 -0.0816249
v 0.840985 0.934018 -0.0846031
v 0.383735 0.679922 -0.113216
v 0.385706 0.694701 -0.213668
v 0.314119 0.696951 -0.313821
v 0.288948 0.725877 -0.327891
v 0.199707 0.699686 -0.363484
v -0.0231093 0.697879 -0.293236
v -0.0529929 0.675873 -0.183356
v -0.037332 0.662719 -0.122479
v 0.00540108 0.668654 -0.0852341
v 0.0945126 0.658557 0.00121814
v 0.259694 0.652056 0.0015889
v 0.337384 0.678123 -0.0689155
v -0.535129 0.928472 -0.0192859
v -0.536619 0.913248 -0.00597237
v 0.858201 0.925992 -0.0831872
v 0.844405 0.941852 -0.0967853
v -0.497162 0.870185 -0.044285
v -0.496394 0.873958 -0.0495034
v -0.505857 0.901273 -0.0575092
v -0.531787 0.874941 -0.00826912
v 0.382797 0.695329 -0.166608
v 0.264164 0.718688 -0.348301
v 0.263953 0.727586 -0.337404
v 0.147386 0.693522 -0.361281
v 0.105831 0.696835 -0.357175
v 0.0565092 0.677965 -0.347365
v 0.0339258 0.677583 -0.330602
v 0.0170549 0.688004 -0.319051
v -0.0257291 0.674935 -0.219043
v -0.0454069 0.680267 -0.192487
v -0.0221716 0.672609 -0.103088
v 0.051241 0.665604 -0.0186256
v 0.132794 0.66139 -0.000533784
v 0.262626 0.659737 0.00905064
v 0.302452 0.673882 -0.0323852
v 0.321158 0.679479 -0.0554906
v 0.356015 0.694526 -0.113556
v 0.785121 0.902284 -0.125924
v -0.492322 0.91068 -0.0568098
v 0.355654 0.717959 -0.27472
v 0.227701 0.710735 -0.350619
v 0.0577292 0.690969 -0.339445
v -0.000108391 0.697646 -0.305914
v -0.0160448 0.693243 -0.24709
v 0.0338403 0.665349 -0.0273423
v 0.122191 0.66609 0.00625798
v 0.221646 0.658985 0.0241292
v 0.384942 0.67246 -0.136517
v 0.358136 0.688969 -0.12103
v 0.786248 0.935717 -0.127471
v 0.35874 0.696622 -0.0956486
v 0.382729 0.702702 -0.163515
v 0.207033 0.70977 -0.35129
v -0.0334013 0.66962 -0.202701
v -0.0516473 0.683832 -0.172801
v 0.249087 0.659006 0.0170535
v 0.363349 0.676483 -0.0773453
v -0.492647 0.879707 -0.0532632
v -0.487817 0.892465 -0.057393
v -0.536679 0.918988 -0.00843707
v 0.815817 0.942971 -0.131229
v 0.803827 0.908948 -0.0731904
v -0.521641 0.928906 -0.0378057
v -0.527311 0.928063 -0.0165727
v -0.542839 0.896746 -0.00243896
v -0.553357 0.879558 -0.00431593
v 0.310506 0.731797 -0.305183
v 0.00151963 0.714137 -0.302661
v 0.0099354 0.670315 -0.0704697
v 0.0188909 0.668553 -0.0313775
v 0.136758 0.665357 0.00829566
v 0.274889 0.659318 0.000501086
v 0.370272 0.687187 -0.0632286
v 0.766401 0.892894 -0.114793
v 0.830112 0.928992 -0.0762962
v 0.816486 0.950697 -0.119026
v 0.363565 0.685497 -0.119971
v 0.378872 0.693512 -0.157729
v 0.381002 0.703688 -0.199407
v 0.23128 0.721539 -0.336419
v 0.142821 0.703625 -0.356
v 0.0453295 0.700348 -0.328296
v 0.0170783 0.711535 -0.311181
v -0.00684728 0.721557 -0.27893
v -0.0282412 0.689519 -0.20754
v -0.0442973 0.698108 -0.162568
v -0.0318653 0.675839 -0.113736
v 0.0700474 0.664934 -0.0067848
v 0.197777 0.651914 0.0303412
v 0.32393 0.685597 -0.0493335
v 0.376388 0.687813 -0.0747049
v -0.533992 0.885839 -0.00351694
v 0.797018 0.89465 -0.0875765
v 0.822525 0.946983 -0.0944685
v -0.525644 0.86841 -0.0153721
v -0.507448 0.866067 -0.0324512
v -0.482215 0.921649 -0.0482656
v -0.518678 0.921851 -0.00960089
v 0.113339 0.716009 -0.348508
v 0.0690923 0.705297 -0.342061
v -0.0426218 0.695168 -0.194796
v -0.0366471 0.682143 -0.139742
v 0.0107981 0.668558 -0.0381897
v 0.0905669 0.664568 0.00860733
v 0.20136 0.655492 0.0346345
v 0.288694 0.663282 0.00599425
v 0.778422 0.914528 -0.128998
v 0.834995 0.949949 -0.112003
v -0.500547 0.924273 -0.0463892
v 0.333225 0.730543 -0.287123
v 0.287752 0.738072 -0.318504
v 0.246758 0.726995 -0.330082
v 0.180301 0.727435 -0.34224
v 0.171728 0.656695 0.0210664
v 0.37994 0.686935 -0.0890234
v 0.756095 0.899723 -0.116137
v 0.755714 0.8905 -0.108499
v 0.37439 0.687818 -0.106293
v 0.360332 0.723287 -0.262289
v 0.305365 0.746863 -0.292406
v 0.275669 0.737976 -0.323846
v 0.302531 0.666249 -0.00820105
v -0.511582 0.872039 -0.0103886
v 0.796579 0.949094 -0.120293
v 0.762518 0.90888 -0.123051
v 0.774697 0.88733 -0.0951989
v -0.50736 0.86577 -0.0242421
v -0.458651 0.878956 -0.0516493
v -0.473449 0.903425 -0.0562942
v -0.519691 0.892961 -0.00156879
v 0.355282 0.735187 -0.244867
v 0.332988 0.738313 -0.277847
v 0.0708477 0.73993 -0.324966
v 0.056042 0.724449 -0.326528
v 0.0312287 0.724863 -0.31404
v -0.0209081 0.693953 -0.215931
v 0.00782058 0.679311 -0.0746993
v 0.00596051 0.672221 -0.0414439
v 0.0368395 0.668705 -0.0212185
v 0.0863862 0.664156 0.00573427
v 0.229669 0.660391 0.0210512
v 0.362049 0.688378 -0.0531685
v 0.373813 0.712314 -0.209944
v 0.0156115 0.732292 -0.301411
v -0.0110706 0.712552 -0.295274
v -0.0189882 0.685439 -0.0932293
v -0.0141228 0.681028 -0.0893487
v 0.0123654 0.685042 -0.0634109
v 0.216123 0.651816 0.0220503
v 0.295618 0.665533 0.00484047
v 0.30655 0.687264 -0.0295075
v 0.335351 0.689256 -0.0494319
v -0.44328 0.890961 -0.0523742
v 0.776745 0.925518 -0.128105
v 0.76655 0.890324 -0.0805749
v 0.793257 0.900256 -0.078726
v 0.829886 0.941355 -0.0879876
v 0.376778 0.710725 -0.173515
v 0.240043 0.742137 -0.308127
v 0.146167 0.737984 -0.336782
v 0.1018 0.741369 -0.33064
v -0.0320627 0.690784 -0.1362
v 0.0141584 0.681314 -0.0289519
v 0.0219934 0.674303 -0.0203259
v 0.0345869 0.676756 -0.00486036
v 0.0561016 0.673211 -0.00377706
v 0.23679 0.670593 0.037066
v 0.375133 0.693238 -0.0725305
v 0.749854 0.886387 -0.0996792
v 0.807144 0.918806 -0.0674239
v -0.465568 0.913344 -0.0538162
v -0.492089 0.930681 -0.0304077
v -0.513471 0.930897 -0.0246172
v 0.254562 0.741051 -0.313428
v 0.00846982 0.736512 -0.290375
v -0.0143269 0.703991 -0.225408
v -0.0170701 0.719912 -0.208808
v -0.0475065 0.698219 -0.186172
v -0.0436627 0.71752 -0.17268
v 0.0152297 0.677987 -0.0599289
v 0.138849 0.667947 0.0167439
v 0.1804 0.656776 0.0297765
v 0.285519 0.667269 0.0162156
v 0.29274 0.685877 -0.01204
v 0.350539 0.691769 -0.0425257
v 0.757615 0.885798 -0.0965062
v 0.735186 0.884793 -0.0725686
v -0.4771 0.864551 -0.0200744
v -0.506075 0.882119 -0.0027106
v 0.378585 0.710983 -0.130688
v 0.379021 0.711339 -0.152779
v 0.221434 0.727029 -0.333328
v 0.171052 0.746527 -0.328111
v -0.037394 0.707677 -0.196395
v -0.031844 0.711134 -0.145401
v 0.127686 0.671333 0.0204127
v 0.18436 0.659696 0.0392627
v 0.251113 0.66421 0.0242387
v 0.292653 0.680457 -0.00890934
v 0.371202 0.69557 -0.0564356
v 0.375845 0.690874 -0.0947252
v 0.750545 0.925311 -0.119969
v 0.736233 0.891526 -0.104097
v -0.449746 0.922035 -0.0458043
v -0.478624 0.927383 -0.0391069
v 0.375308 0.714044 -0.114193
v 0.358699 0.728874 -0.176854
v 0.361167 0.727931 -0.232334
v 0.278567 0.744375 -0.3152
v 0.0486708 0.750715 -0.306608
v -0.00869285 0.711731 -0.227148
v -0.0073356 0.687219 -0.075534
v 0.0172975 0.685522 -0.0512382
v 0.191289 0.664873 0.0485985
v 0.203482 0.663447 0.0416532
v 0.26375 0.666961 0.0196948
v 0.289929 0.672186 0.0170924
v 0.292348 0.674968 0.0101198
v 0.330441 0.697629 -0.0307597
v 0.354431 0.707224 -0.0698328
v 0.353947 0.703184 -0.0925156
v 0.752269 0.916955 -0.121328
v -0.447294 0.863643 -0.0355431
v 0.356797 0.736775 -0.124517
v 0.355548 0.73542 -0.22745
v 0.0898542 0.750139 -0.322934
v -0.0240205 0.701254 -0.208486
v 0.0176613 0.683681 -0.0447116
v 0.303482 0.681067 -0.0337472
v 0.738608 0.907341 -0.114697
v 0.778178 0.918022 -0.0554824
v 0.823327 0.923898 -0.0723751
v -0.447909 0.912555 -0.052065
v -0.461609 0.925664 -0.0426779
v -0.510312 0.929573 -0.0181254
v -0.499164 0.868375 -0.0126813
v 0.375456 0.719118 -0.134575
v 0.334523 0.763371 -0.229176
v 0.303825 0.760083 -0.274026
v 0.288842 0.749656 -0.302454
v 0.0403789 0.758176 -0.291475
v -0.0114829 0.705146 -0.256206
v 0.0151974 0.678653 -0.0230603
v 0.154062 0.662054 0.0176967
v 0.223438 0.741792 -0.315379
v 0.180565 0.75308 -0.319639
v 0.0968095 0.757418 -0.318142
v -0.0279783 0.734427 -0.193204
v -0.0137485 0.697046 -0.0971574
v -0.00804084 0.693556 -0.0763355
v 0.271633 0.666698 0.0161277
v 0.324721 0.694622 -0.0343698
v -0.511231 0.918169 -0.00548896
v -0.512944 0.906717 -0.00191091
v 0.778085 0.953739 -0.10816
v 0.719825 0.884757 -0.0918609
v 0.731424 0.882681 -0.082371
v 0.774907 0.908418 -0.0604495
v 0.361643 0.706429 -0.0664288
v 0.376142 0.721275 -0.118021
v -0.0423438 0.724061 -0.1812
v 0.0152175 0.683246 -0.0342855
v -0.48451 0.86579 -0.0352987
v 0.795008 0.926497 -0.0607419
v 0.815035 0.95086 -0.102168
v 0.346286 0.735414 -0.264187
v 0.232996 0.756729 -0.287317
v 0.100133 0.769046 -0.304957
v 0.000314668 0.692754 -0.0632922
v 0.10329 0.665885 0.0105669
v -0.451039 0.869752 -0.0449996
v -0.4442 0.905098 -0.0528761
v 0.781407 0.944831 -0.120945
v -0.487862 0.931193 -0.0156287
v 0.81085 0.939482 -0.0738301
v 0.792357 0.948666 -0.0733528
v -0.458517 0.862724 -0.0257289
v -0.461833 0.931182 -0.0328017
v 0.347283 0.744266 -0.183856
v 0.220145 0.754529 -0.297411
v 0.174374 0.762912 -0.306872
v -0.00484114 0.716211 -0.234806
v -0.0370066 0.73091 -0.188277
v -0.00939343 0.701673 -0.083206
v 0.0157616 0.691905 -0.0521466
v 0.215511 0.668417 0.0378866
v 0.371209 0.698872 -0.0724277
v 0.793271 0.954656 -0.0960815
v -0.426072 0.872593 -0.0446477
v -0.428236 0.919035 -0.0464611
v -0.475586 0.868345 -0.00754771
v 0.35797 0.717702 -0.0825704
v 0.369433 0.720096 -0.0905885
v 0.375164 0.724456 -0.096716
v 0.280585 0.774576 -0.270382
v -0.019509 0.704946 -0.11159
v 0.0291963 0.681244 0.000912001
v 0.162431 0.674013 0.0473562
v 0.366042 0.694286 -0.0471969
v 0.364834 0.70982 -0.0366569
v 0.348538 0.713482 -0.0584941
v 0.753977 0.933684 -0.118586
v -0.417064 0.903855 -0.0494994
v -0.489497 0.87466 -0.00209899
v 0.266883 0.753071 -0.303747
v 0.157394 0.774119 -0.293518
v 0.00693856 0.74101 -0.277056
v 0.0082839 0.745839 -0.264992
v 0.0660846 0.675053 0.00628774
v 0.12116 0.674056 0.0255902
v 0.145244 0.683493 0.0521932
v 0.221993 0.666538 0.0323684
v 0.277935 0.675725 0.0333535
v 0.280144 0.680303 0.0368454
v 0.349889 0.700711 -0.0244426
v 0.713967 0.880917 -0.0711171
v 0.746672 0.89052 -0.0679846
v 0.756297 0.89754 -0.0634009
v 0.762067 0.910669 -0.0516848
v 0.785095 0.955384 -0.0825548
v 0.364022 0.723821 -0.164614
v 0.134646 0.77143 -0.301
v -0.00604168 0.727377 -0.211656
v -0.0396259 0.734705 -0.175469
v -0.0221838 0.712408 -0.119642
v -0.00391945 0.698871 -0.0637925
v 0.0195605 0.688036 -0.00814495
v 0.314052 0.701832 -0.0157672
v 0.360667 0.706453 -0.0228693
v -0.429577 0.859152 -0.0196013
v -0.421262 0.865599 -0.0379448
v -0.47562 0.931496 -0.028113
v -0.493853 0.905343 0.00378717
v 0.345143 0.746424 -0.155497
v 0.332776 0.770638 -0.209526
v 0.00807449 0.745623 -0.250469
v -0.0172742 0.733422 -0.200634
v 0.0226045 0.681225 -0.007333
v 0.0845147 0.669757 0.0140967
v 0.184378 0.663704 0.0461325
v 0.31451 0.708328 -0.00321786
v 0.355854 0.704035 -0.0199353
v 0.37199 0.727296 -0.11152
v 0.359179 0.736517 -0.115049
v 0.24112 0.760177 -0.284553
v -0.0334616 0.744509 -0.183926
v 0.0978289 0.672476 0.0252972
v 0.258514 0.67776 0.0384025
v 0.284218 0.693682 0.0105653
v 0.290272 0.697005 2.55851e-005
v -0.44523 0.928412 -0.0383187
v -0.47778 0.93333 -0.0171639
v 0.687239 0.913556 -0.0958008
v 0.7046 0.903009 -0.100193
v 0.707368 0.886883 -0.0893115
v 0.712247 0.882021 -0.0810652
v 0.730501 0.889191 -0.0588911
v 0.7901 0.953917 -0.106872
v -0.447531 0.861394 -0.0173559
v -0.481859 0.925857 -0.00332223
v -0.499498 0.895338 0.00163012
v 0.322053 0.76827 -0.240931
v 0.20096 0.760882 -0.296096
v -0.0329801 0.730743 -0.155205
v 0.143951 0.672422 0.0295309
v 0.715794 0.911921 -0.107654
v 0.791142 0.933826 -0.0596865
v -0.422756 0.883376 -0.0480389
v -0.46236 0.934945 -0.0141399
v -0.478064 0.890918 0.00897598
v -0.484671 0.882111 0.00417551
v 0.352389 0.727696 -0.0512753
v 0.366044 0.73304 -0.0527398
v 0.337688 0.762268 -0.192351
v -0.0114729 0.726754 -0.0867997
v 0.0204083 0.691417 -0.0142176
v 0.195412 0.66893 0.0516348
v 0.360517 0.716818 -0.011025
v 0.745732 0.947467 -0.109422
v 0.734702 0.937011 -0.111309
v 0.711214 0.894626 -0.0979605
v 0.735129 0.899231 -0.0476738
v -0.493585 0.924076 -0.00499948
v 0.208782 0.767274 -0.272861
v 0.0553952 0.763628 -0.294953
v 0.0102112 0.748568 -0.211706
v -0.02571 0.732449 -0.129818
v -0.0123222 0.709657 -0.0863081
v 0.0339733 0.68205 0.00775442
v 0.277861 0.699343 0.0313436
v 0.350527 0.708898 -0.00573846
v 0.351489 0.71657 -0.0459884
v 0.743877 0.953657 -0.103549
v 0.684717 0.878776 -0.0642888
v 0.33704 0.758391 -0.119356
v -0.00341933 0.748802 -0.195544
v 0.116232 0.681717 0.0407416
v 0.25594 0.674288 0.0333449
v 0.29848 0.703925 -0.00279197
v 0.69501 0.883119 -0.0797359
v -0.406461 0.922387 -0.042538
v -0.415236 0.93059 -0.0351638
v -0.432579 0.934556 -0.0284086
v -0.457312 0.93651 -0.0108079
v -0.452522 0.864823 -0.00629118
v 0.309689 0.790931 -0.226264
v 0.0319421 0.768149 -0.268237
v 0.0242882 0.770988 -0.242877
v 0.0511507 0.680695 0.00798141
v 0.0759267 0.678393 0.01995
v 0.249416 0.684198 0.0511452
v 0.283244 0.688371 0.0205807
v 0.717049 0.922124 -0.108738
v 0.673017 0.880033 -0.0653915
v 0.749296 0.909884 -0.0452556
v 0.773193 0.929362 -0.0511689
v 0.758695 0.961926 -0.0887303
v -0.40548 0.91417 -0.0469882
v -0.487158 0.912662 0.00460289
v 0.371139 0.731983 -0.0668172
v 0.32027 0.785921 -0.218483
v 0.292156 0.780454 -0.254074
v 0.0843855 0.787928 -0.271045
v 0.0251115 0.766839 -0.26083
v 0.011572 0.748098 -0.221616
v -0.00326409 0.707674 -0.050615
v 0.0209638 0.696822 -0.03454
v 0.0223782 0.692976 -0.0263298
v 0.283329 0.682261 0.031565
v 0.358856 0.720234 -0.0148727
v 0.348252 0.72473 -0.0231385
v 0.715209 0.882108 -0.0629447
v 0.789853 0.941334 -0.0630283
v -0.464336 0.873528 0.00246722
v 0.337576 0.757388 -0.159162
v 0.269019 0.78546 -0.259007
v 0.119707 0.787417 -0.276053
v 0.0983929 0.79495 -0.264142
v 0.0483475 0.782783 -0.259696
v 0.0235969 0.690033 0.00769982
v 0.178852 0.665082 0.0451429
v 0.278414 0.704466 0.0307798
v 0.297454 0.718079 0.0210288
v 0.673529 0.926277 -0.0898932
v -0.455239 0.930163 0.00187553
v -0.474435 0.918442 0.00647239
v -0.451249 0.8698 0.00268631
v -0.431814 0.860368 -0.00412387
v 0.373398 0.73333 -0.0807994
v 0.370594 0.738005 -0.0871395
v 0.348061 0.749066 -0.10829
v 0.214348 0.77641 -0.2547
v -0.0115958 0.714125 -0.0788605
v -0.00803238 0.711914 -0.0573792
v 0.0631028 0.68594 0.0222879
v 0.135485 0.6886 0.0552543
v 0.304716 0.720718 0.0210971
v 0.355029 0.716201 0.00194248
v 0.355966 0.720802 -0.0247244
v 0.717705 0.945078 -0.10168
v 0.678424 0.877857 -0.0408446
v 0.773324 0.939191 -0.0541653
v 0.770344 0.959843 -0.0860762
v 0.250741 0.786892 -0.257479
v 0.174294 0.774048 -0.284371
v 0.148487 0.785761 -0.274787
v -0.0356275 0.752708 -0.167825
v 0.155261 0.684389 0.0608556
v 0.270038 0.678431 0.0397338
v -0.41955 0.857462 -0.00729283
v -0.38866 0.931995 -0.031317
v 0.701106 0.940959 -0.0977285
v 0.668947 0.876459 -0.0479419
v 0.71239 0.88565 -0.0500702
v 0.322953 0.780937 -0.146371
v 0.279468 0.796292 -0.241222
v 0.0313209 0.783745 -0.226616
v 0.0177002 0.760837 -0.234225
v -0.0237249 0.763916 -0.177363
v -0.0124362 0.73614 -0.0925961
v -0.00422486 0.715252 -0.0413096
v 0.237274 0.674185 0.0426974
v 0.326159 0.714309 0.00294882
v 0.346929 0.714643 0.00789813
v -0.392965 0.903476 -0.0459199
v 0.696326 0.886618 -0.0346519
v 0.331644 0.771182 -0.169889
v 0.322825 0.790141 -0.203416
v 0.304787 0.779754 -0.244848
v 0.242786 0.783691 -0.258358
v 0.136948 0.795943 -0.260671
v -0.0321274 0.763179 -0.133682
v 0.025042 0.701412 -0.013701
v 0.0238056 0.698679 0.00303188
v 0.219282 0.67761 0.0489965
v -0.413 0.860263 -0.0287517
v -0.378335 0.881504 -0.0413379
v -0.387924 0.890738 -0.044589
v -0.460463 0.912197 0.0138454
v -0.47112 0.900438 0.0120472
v 0.677025 0.888238 -0.0786021
v 0.781618 0.951169 -0.0693387
v 0.332599 0.762778 -0.126735
v 0.259691 0.790826 -0.253253
v 0.0189274 0.704246 -0.0295975
v 0.203088 0.679479 0.0573487
v 0.273096 0.689258 0.054787
v 0.282907 0.708633 0.0274025
v -0.367237 0.869793 -0.0358257
v -0.370759 0.92529 -0.0343535
v -0.433773 0.938878 -0.000644662
v -0.462481 0.882352 0.00999316
v 0.653051 0.88406 -0.0619328
v 0.34664 0.727074 -0.0245302
v 0.351729 0.753458 -0.0846229
v 0.0223267 0.768793 -0.207351
v -0.0360416 0.74294 -0.164922
v 0.0326433 0.687903 0.0192097
v 0.239677 0.693064 0.0666952
v 0.321141 0.72309 0.0243221
v -0.353015 0.865456 -0.0307431
v -0.398894 0.941532 -0.0162733
v -0.43193 0.93867 -0.0158736
v 0.673885 0.905502 -0.0880079
v 0.755219 0.920725 -0.0426189
v 0.756974 0.958574 -0.0641506
v 0.749624 0.95831 -0.0981311
v 0.352461 0.735065 -0.0324916
v 0.371621 0.744583 -0.039481
v 0.346677 0.76131 -0.0840565
v 0.193925 0.779618 -0.254322
v -0.0204509 0.750583 -0.107881
v 0.0430922 0.687869 0.0224187
v 0.102216 0.682444 0.0405109
v 0.229457 0.688868 0.064381
v 0.262099 0.693976 0.068752
v -0.377728 0.853912 -0.0182923
v -0.381554 0.858308 -0.0270288
v -0.362448 0.900974 -0.040917
v -0.376787 0.915584 -0.0415625
v -0.435795 0.865098 0.00407466
v 0.715095 0.956956 -0.0921625
v 0.660512 0.901095 -0.0794438
v 0.655443 0.878112 -0.0516723
v 0.723928 0.903699 -0.0346199
v -0.353317 0.880316 -0.0374974
v -0.470748 0.926419 0.00114613
v 0.327103 0.771358 -0.137113
v 0.229851 0.777953 -0.258477
v 0.0701959 0.797906 -0.24937
v -0.0108629 0.740659 -0.0736711
v 0.082029 0.682183 0.0317876
v 0.0824921 0.688808 0.0426867
v 0.355169 0.727762 0.0183773
v 0.724886 0.967959 -0.076397
v -0.374683 0.851567 -0.00779437
v -0.444281 0.894776 0.0201588
v -0.440043 0.873731 0.0129449
v 0.371923 0.74517 -0.0497756
v 0.360405 0.755598 -0.0611954
v 0.338907 0.766584 -0.107251
v 0.196851 0.785606 -0.240586
v 0.18812 0.678197 0.0642319
v 0.348335 0.731012 -0.00410087
v 0.736721 0.913442 -0.0347653
v 0.754247 0.9312 -0.041449
v -0.372077 0.862739 -0.0317622
v -0.415695 0.941336 -0.00520584
v 0.356074 0.769175 -0.0500021
v 0.32365 0.792584 -0.187247
v 0.234247 0.797111 -0.239267
v 0.217093 0.795781 -0.23124
v 0.177729 0.794748 -0.232773
v 0.153037 0.797326 -0.249668
v 0.116239 0.804943 -0.251249
v 0.0999045 0.812809 -0.237803
v 0.00889479 0.754282 -0.201248
v 0.0906415 0.687916 0.0448237
v 0.129104 0.687729 0.0519293
v 0.687644 0.933451 -0.0945819
v 0.350483 0.742076 -0.0137485
v 0.37131 0.753066 -0.0167924
v 0.370397 0.756577 -0.027866
v 0.0206132 0.773133 -0.194676
v -0.0284794 0.768908 -0.168726
v -0.0272964 0.748499 -0.127408
v -0.0117551 0.752088 -0.0866114
v -0.00983296 0.719291 -0.0500655
v 0.00858726 0.714717 -0.0234992
v 0.0198289 0.715423 -0.00533995
v 0.24809 0.695462 0.0695992
v 0.262267 0.700648 0.0773039
v -0.432316 0.934813 0.00649305
v -0.442994 0.926551 0.0115172
v 0.735556 0.96684 -0.0710372
v 0.354744 0.763684 -0.0592345
v 0.34434 0.77726 -0.0985403
v 0.257459 0.813127 -0.225773
v 0.0611015 0.812487 -0.228358
v -0.0119523 0.730362 -0.0618005
v 0.0237074 0.709366 -0.00641404
v 0.024122 0.697535 0.0179647
v 0.177809 0.676816 0.0629415
v 0.291273 0.715445 0.024426
v 0.35378 0.722105 0.0165679
v -0.45048 0.904468 0.0182008
v -0.419623 0.860956 0.00824928
v 0.717778 0.964483 -0.0841517
v 0.304219 0.806622 -0.212607
v -0.0204165 0.77786 -0.16899
v -0.0311919 0.775569 -0.14
v -0.0296413 0.769323 -0.115007
v 0.299331 0.732543 0.044588
v -0.353998 0.914296 -0.0359356
v 0.651171 0.87756 -0.035519
v 0.672541 0.881887 -0.0285271
v 0.713389 0.908653 -0.0230535
v 0.35286 0.734116 0.0165601
v 0.346481 0.73637 0.00363605
v 0.335086 0.770707 -0.116764
v 0.0487302 0.799678 -0.237141
v -0.00410035 0.772134 -0.176646
v 0.0645664 0.696874 0.0444324
v -0.371879 0.850859 0.0023394
v -0.368707 0.930719 -0.0282977
v -0.38527 0.944842 0.0015363
v 0.695544 0.954416 -0.0876957
v 0.640701 0.910613 -0.0714105
v 0.364963 0.745836 -0.0158125
v 0.361228 0.763427 -0.0384166
v -0.0300014 0.774632 -0.157235
v -0.0119539 0.727518 -0.0414241
v 0.209927 0.690256 0.0694114
v -0.357054 0.851732 -0.0102782
v -0.355697 0.857611 -0.0239342
v 0.695659 0.89283 -0.025991
v 0.719819 0.917174 -0.0225519
v 0.732051 0.922883 -0.0284824
v 0.746883 0.963451 -0.0678282
v -0.437848 0.914694 0.0214438
v -0.446275 0.884884 0.0169754
v 0.324992 0.78462 -0.126828
v 0.316854 0.798034 -0.136284
v 0.320131 0.797868 -0.172401
v 0.197257 0.796647 -0.222232
v 0.132911 0.816991 -0.227197
v 0.112377 0.814438 -0.236265
v 0.041776 0.807013 -0.198822
v 0.025691 0.709298 0.00425363
v 0.0348608 0.697973 0.0398291
v 0.093552 0.695647 0.0565757
v 0.194862 0.690818 0.0743238
v 0.272731 0.700335 0.0518811
v 0.638072 0.887839 -0.0568079
v 0.734902 0.932626 -0.0296247
v 0.742685 0.941973 -0.0378499
v -0.393827 0.938025 -0.0241066
v 0.345396 0.747398 0.0062012
v 0.368276 0.755381 -0.0408066
v 0.0373795 0.789042 -0.237887
v 0.0330871 0.806889 -0.174575
v -0.0308802 0.781099 -0.145113
v -0.00244641 0.721986 -0.0247901
v 0.157091 0.689203 0.0696867
v 0.342846 0.724518 0.0325834
v 0.639257 0.900193 -0.0660865
v 0.64013 0.879177 -0.0410377
v 0.72031 0.968789 -0.0484886
v 0.353503 0.734515 0.0277232
v 0.371786 0.757825 -0.000446905
v 0.349685 0.771191 -0.0740431
v 0.314563 0.807402 -0.194655
v 0.232892 0.811368 -0.223051
v 0.00775473 0.770588 -0.184757
v 0.0324788 0.695309 0.0300769
v 0.115715 0.693391 0.059907
v 0.169081 0.686949 0.0729709
v 0.267405 0.712483 0.0657716
v -0.409124 0.941316 0.00817784
v -0.411091 0.938571 0.0134644
v -0.431785 0.905099 0.0261814
v 0.705854 0.92588 -0.0117572
v 0.349197 0.741498 0.0303464
v 0.349402 0.751938 0.00796455
v 0.331759 0.778421 -0.119977
v 0.315846 0.800869 -0.150434
v 0.27687 0.815007 -0.219262
v 0.206093 0.811829 -0.207294
v -0.00733573 0.790218 -0.166305
v -0.0131509 0.741157 -0.0574652
v 0.0232499 0.717418 0.00755292
v 0.34819 0.732841 0.0435362
v -0.339763 0.858943 -0.0210238
v -0.337341 0.891673 -0.0336953
v -0.446084 0.919898 0.015179
v 0.675497 0.948657 -0.0836086
v 0.643194 0.881577 -0.0515046
v 0.744077 0.95161 -0.0454497
v -0.351028 0.922206 -0.0299545
v -0.427032 0.874401 0.020943
v 0.192273 0.702725 0.0878231
v 0.210817 0.700531 0.083067
v 0.308125 0.734405 0.0437582
v 0.322363 0.732232 0.0433735
v 0.360563 0.776885 -0.0349543
v 0.363512 0.793903 -0.0632779
v 0.351121 0.794053 -0.0899834
v 0.299356 0.826919 -0.195416
v 0.239225 0.824318 -0.211198
v 0.0899753 0.822362 -0.223493
v -0.024935 0.765596 -0.106722
v 0.0256438 0.716704 0.024553
v 0.716885 0.96393 -0.0351423
v -0.3346 0.873349 -0.0293849
v -0.424441 0.867586 0.0159537
v -0.387688 0.854196 0.012968
v 0.371666 0.766401 0.00025883
v 0.168671 0.806049 -0.217071
v 0.0463539 0.8112 -0.209124
v 0.0322135 0.791715 -0.19038
v -0.0162162 0.792071 -0.160843
v -0.0268859 0.791389 -0.146098
v -0.0115158 0.761979 -0.0844876
v 0.34765 0.740014 0.0195108
v 0.650814 0.920381 -0.0790762
v 0.660239 0.88782 -0.016443
v 0.692322 0.909518 -0.0108716
v 0.714868 0.936495 -0.0163925
v -0.345828 0.904663 -0.0357566
v -0.383266 0.944385 -0.00437417
v -0.414297 0.931937 0.020157
v 0.0541792 0.818815 -0.212361
v 0.1815 0.68132 0.0692076
v 0.276853 0.721222 0.057743
v 0.340448 0.733439 0.0512049
v 0.658913 0.95359 -0.0739945
v 0.649032 0.933443 -0.0770173
v -0.398297 0.939762 0.0177427
v -0.39983 0.862037 0.0230535
v 0.366004 0.778289 -0.00695279
v 0.371273 0.799039 -0.0431605
v 0.31532 0.810227 -0.181659
v 0.29208 0.817369 -0.210576
v 0.175612 0.811893 -0.202121
v 0.122847 0.817884 -0.230151
v -0.0109351 0.760655 -0.074133
v -0.0149861 0.738211 -0.0291147
v 0.0121668 0.723855 0.00158747
v 0.136109 0.699672 0.0739138
v 0.268628 0.718351 0.0671343
v 0.301172 0.742258 0.0590539
v 0.663581 0.938058 -0.0829558
v 0.637543 0.948638 -0.0661246
v 0.714494 0.958291 -0.0263674
v 0.708415 0.972505 -0.0657748
v 0.366643 0.768373 -0.013499
v 0.325035 0.798357 -0.118803
v 0.310512 0.819896 -0.167754
v -0.00984972 0.729747 -0.0257587
v 0.0253836 0.704622 0.0370113
v 0.0385282 0.703368 0.0521385
v 0.0441113 0.698512 0.0445199
v 0.0572592 0.699753 0.0478562
v 0.267652 0.700819 0.0688587
v 0.261841 0.723081 0.0845066
v 0.693428 0.967916 -0.0742482
v 0.626823 0.88291 -0.0178941
v 0.662391 0.87951 -0.0298421
v 0.672408 0.89588 -0.0110146
v 0.367451 0.757408 0.0108771
v 0.364226 0.785094 -0.0351574
v 0.287545 0.841882 -0.190152
v 0.150721 0.806045 -0.23437
v 0.0724714 0.825689 -0.216661
v -0.0233218 0.788722 -0.156539
v -0.0176711 0.772068 -0.0902758
v -0.331287 0.919098 -0.0243367
v -0.345313 0.937419 -0.0122805
v -0.365125 0.940808 -0.0127033
v -0.399655 0.923158 0.0354196
v 0.683841 0.961887 -0.0776351
v -0.317497 0.897381 -0.025022
v 0.0230316 0.724692 0.0275757
v 0.0251824 0.711936 0.0397571
v 0.230857 0.703627 0.0812231
v 0.624595 0.881806 -0.0256427
v 0.6864 0.938755 0.000288614
v 0.721803 0.948333 -0.0246886
v -0.391229 0.943711 0.00673655
v -0.406228 0.88255 0.0363568
v 0.264662 0.848057 -0.191228
v 0.0159199 0.800099 -0.168572
v -0.000285493 0.730946 0.00119438
v 0.260038 0.714373 0.0879983
v 0.31033 0.745419 0.0618722
v 0.350977 0.742109 0.0399055
v 0.671929 0.969116 -0.0652813
v 0.609329 0.913138 -0.0558251
v 0.621289 0.883796 -0.0363283
v 0.694501 0.974829 -0.0573408
v -0.409098 0.910452 0.0369286
v -0.399518 0.869328 0.0314199
v 0.343668 0.756628 0.0226497
v 0.316394 0.806966 -0.126433
v 0.310759 0.813876 -0.139909
v 0.304252 0.828204 -0.182868
v 0.224068 0.830703 -0.197284
v -0.0292993 0.780639 -0.106531
v -0.0182316 0.778445 -0.0826097
v -0.0182506 0.764059 -0.046361
v 0.0285327 0.709548 0.049778
v 0.0752608 0.700713 0.0568346
v 0.156434 0.701779 0.0867505
v 0.251561 0.706165 0.0862518
v 0.292781 0.731412 0.049868
v 0.349652 0.743298 0.0497705
v 0.643017 0.897131 -0.000999444
v -0.324546 0.861841 -0.0171716
v 0.375533 0.769722 0.0245969
v 0.365942 0.782932 -0.0130953
v 0.353197 0.801616 -0.0855405
v 0.346471 0.802837 -0.0962152
v 0.251606 0.84075 -0.198344
v 0.246983 0.822514 -0.215345
v 0.130022 0.700072 0.0724102
v 0.625322 0.886115 -0.0104127
v -0.334609 0.85211 -0.00507624
v -0.401449 0.9288 0.0298248
v -0.373109 0.871397 0.0449471
v -0.360488 0.859177 0.0351167
v 0.339495 0.805124 -0.104046
v 0.0880918 0.839848 -0.202716
v 0.0254265 0.800202 -0.173322
v -0.0254182 0.762216 -0.0170707
v -0.020625 0.750272 -0.0122952
v 0.170122 0.707803 0.0966848
v 0.189688 0.715943 0.100812
v 0.620467 0.894714 -0.0509454
v 0.589522 0.900981 -0.0418739
v 0.615497 0.889199 -0.0425265
v 0.707377 0.973329 -0.049181
v -0.385825 0.943087 0.0204811
v -0.374443 0.859234 0.0295547
v -0.361033 0.853728 0.0210743
v 0.317996 0.815301 -0.118608
v 0.305145 0.830014 -0.164093
v 0.140553 0.819073 -0.217166
v 0.0411172 0.814047 -0.181211
v -0.031618 0.785894 -0.129253
v -0.0188119 0.773737 -0.0680791
v -0.00129175 0.73928 0.019039
v 0.0526638 0.706629 0.0598378
v 0.083686 0.71635 0.0792174
v 0.336522 0.741284 0.0661107
v 0.618112 0.904149 -0.0557623
v 0.60924 0.885161 -0.0267272
v 0.647102 0.906731 0.0053322
v 0.662402 0.914122 0.00533752
v 0.369252 0.769585 0.0323769
v 0.365168 0.800969 -0.0602438
v -0.0331079 0.791905 -0.113722
v 0.281159 0.738566 0.0776676
v 0.34544 0.739913 0.0573457
v 0.348484 0.749672 0.0608456
v -0.307904 0.859825 -0.00361877
v -0.300118 0.8655 -0.00818488
v -0.349143 0.946657 0.00237587
v 0.629121 0.924229 -0.0667281
v 0.607652 0.886306 -0.0152134
v -0.376155 0.945853 0.0105556
v -0.344297 0.948857 0.0105958
v 0.374615 0.775032 0.0111251
v -0.0205252 0.779866 -0.0894034
v -0.0251819 0.775804 -0.0549925
v -0.0124418 0.742868 0.00590947
v 0.166417 0.700759 0.0889981
v 0.246697 0.720197 0.103517
v 0.68803 0.924836 -0.00201287
v 0.677961 0.973332 -0.0590717
v -0.344086 0.851776 0.0147772
v -0.309217 0.883519 -0.0213752
v -0.333771 0.930279 -0.0166819
v 0.537312 0.860091 0.00556608
v 0.295693 0.845138 -0.177823
v 0.187429 0.822226 -0.187766
v 0.118716 0.834536 -0.207992
v 0.00188211 0.809617 -0.159917
v 0.133937 0.713286 0.0913712
v 0.178449 0.706173 0.0943108
v 0.355743 0.808585 -0.0779733
v 0.307938 0.829465 -0.1276
v 0.101156 0.836347 -0.208001
v -0.0329766 0.799207 -0.105805
v -0.0146084 0.749913 0.0188473
v 0.0404247 0.712773 0.067181
v -0.322238 0.91391 -0.0239894
v -0.340379 0.944618 -0.00122581
v -0.407747 0.893951 0.0382459
v 0.539985 0.86384 -0.00470651
v 0.645307 0.966843 -0.0560329
v 0.614732 0.894236 0.00345796
v 0.349458 0.766071 0.0353237
v 0.375173 0.795281 0.0082361
v 0.379133 0.80219 -0.0236694
v 0.277519 0.843058 -0.193517
v 0.0280104 0.823556 -0.157047
v -0.0172438 0.806862 -0.148922
v 0.0254681 0.717743 0.0523282
v 0.11481 0.711169 0.0841375
v -0.307753 0.872894 -0.0174259
v -0.292507 0.887189 -0.0189889
v -0.386556 0.929694 0.0349684
v -0.391125 0.906337 0.0452603
v 0.549581 0.85777 0.0226502
v 0.372702 0.789725 0.00929207
v 0.154671 0.823717 -0.192781
v 0.127436 0.836192 -0.201236
v 0.0737795 0.838367 -0.201599
v 0.0166312 0.729455 0.0217161
v 0.0177561 0.736456 0.0401194
v 0.0239275 0.729237 0.0478084
v 0.23161 0.718179 0.0968984
v 0.290351 0.751365 0.0827706
v -0.358567 0.933661 0.0411568
v 0.69122 0.953017 -0.00617357
v 0.594352 0.911102 -0.0504564
v 0.59155 0.892542 -0.00766335
v 0.588069 0.895097 -0.0335396
v 0.586836 0.892913 -0.0231611
v -0.372092 0.94327 0.0231444
v -0.387468 0.914599 0.0444416
v -0.377324 0.883069 0.0490805
v 0.538973 0.870535 -0.0139586
v 0.529102 0.853471 0.0278477
v 0.548807 0.864537 0.0275087
v 0.343587 0.764845 0.0399739
v 0.381731 0.793728 0.0358087
v 0.350447 0.827072 -0.0874568
v 0.198909 0.813027 -0.202568
v 0.159148 0.828322 -0.182737
v -0.0174157 0.819542 -0.136624
v 0.0328979 0.715393 0.0665803
v 0.332341 0.746331 0.0738259
v 0.631872 0.939226 -0.0664794
v 0.588601 0.918755 -0.0509033
v 0.688694 0.962036 -0.00986011
v 0.692069 0.971509 -0.0244821
v 0.65884 0.97876 -0.0342615
v 0.30346 0.837528 -0.134085
v 0.299177 0.843168 -0.160389
v -0.0249785 0.821473 -0.121146
v -0.0309891 0.808033 -0.119419
v -0.0178035 0.784387 -0.0704788
v -0.0264201 0.770824 -0.0314228
v 0.0701763 0.711497 0.0709341
v 0.267177 0.726023 0.0784377
v 0.338978 0.755863 0.0886474
v -0.285197 0.863641 0.00328795
v -0.292729 0.901841 -0.020012
v -0.31639 0.941336 -0.00291683
v 0.546987 0.865788 0.0325963
v -0.286283 0.862052 0.0122582
v -0.305866 0.857418 0.00839116
v 0.680674 0.977006 -0.0403876
v 0.638642 0.959941 -0.0606108
v 0.609707 0.946878 -0.0585051
v 0.574189 0.905366 -0.0368569
v 0.580039 0.896365 -0.00905969
v 0.000770758 0.82755 -0.147269
v 0.0991453 0.711197 0.078526
v 0.161387 0.72511 0.112279
v 0.224608 0.716192 0.0951927
v 0.541308 0.86403 0.0225157
v -0.333899 0.949296 0.014133
v -0.372377 0.894777 0.0531755
v 0.536449 0.874986 -0.0181738
v 0.521164 0.871759 -0.0120871
v 0.627849 0.90677 0.00952507
v 0.60505 0.933293 -0.0582172
v 0.382977 0.803708 -0.0109073
v -0.0282612 0.794076 -0.0947922
v -0.0347343 0.780259 -0.0354154
v -0.0241096 0.759371 0.00193491
v 0.254554 0.715459 0.0963368
v 0.557268 0.875193 0.0360445
v 0.557805 0.877886 0.0403123
v -0.304583 0.859683 0.0221174
v -0.275146 0.886604 -0.0130102
v -0.383236 0.920072 0.0434462
v 0.520504 0.863215 0.00241885
v 0.657497 0.922118 0.0106305
v 0.66432 0.954237 0.00687866
v 0.677609 0.969107 -0.00981743
v 0.670506 0.977609 -0.022872
v 0.612377 0.957135 -0.0563631
v 0.38485 0.80976 -0.0173637
v 0.398309 0.821096 -0.00296661
v 0.379134 0.812573 -0.0293675
v 0.364901 0.815932 -0.0504195
v 0.249182 0.85267 -0.18682
v -0.0199065 0.801571 -0.0738685
v 0.0271217 0.727199 0.0713089
v -0.289202 0.862419 0.0209327
v -0.284209 0.877758 -0.0122187
v -0.299117 0.920937 -0.0161105
v -0.307917 0.929047 -0.0120895
v -0.354063 0.891757 0.0612327
v -0.363652 0.875797 0.0516501
v 0.5985 0.900729 0.00719737
v 0.5971 0.925558 -0.0548136
v 0.581784 0.909814 -0.0446173
v 0.360283 0.791867 0.0724042
v 0.383175 0.787475 0.0410133
v 0.380771 0.819977 -0.0229827
v 0.324748 0.816866 -0.111993
v 0.322907 0.842668 -0.105407
v 0.306983 0.842725 -0.119761
v 0.294355 0.859383 -0.152821
v 0.277193 0.872455 -0.165341
v 0.146054 0.830061 -0.190698
v 0.129272 0.846061 -0.184916
v 0.106573 0.850864 -0.191159
v 0.0668393 0.83634 -0.200568
v 0.0587754 0.839051 -0.187257
v -0.0347123 0.811628 -0.105604
v -0.0347773 0.773653 -0.00378059
v 0.0606012 0.723397 0.0848824
v 0.252773 0.730335 0.107211
v 0.343958 0.752092 0.0773117
v 0.550467 0.876302 0.0357641
v 0.52079 0.866581 -0.00567908
v 0.49865 0.848441 0.0136604
v 0.346209 0.774994 0.0538368
v 0.378439 0.78424 0.051721
v 0.381231 0.804169 0.00843535
v 0.281662 0.873885 -0.160178
v 0.240136 0.8507 -0.185742
v 0.0524644 0.833745 -0.181371
v 0.22264 0.732749 0.110401
v 0.259136 0.732265 0.0958883
v -0.298047 0.934941 -0.0113224
v -0.360606 0.939386 0.0329123
v -0.339607 0.857317 0.0337789
v 0.583164 0.902896 0.00844185
v 0.653021 0.947214 0.013827
v 0.65774 0.975706 -0.0457996
v 0.58136 0.936545 -0.0583337
v 0.396013 0.815874 -0.00196751
v 0.344181 0.837078 -0.0941264
v 0.29955 0.844225 -0.142333
v 0.273181 0.858873 -0.17993
v 0.179824 0.819924 -0.190035
v 0.0647364 0.850211 -0.179575
v 0.00907387 0.827071 -0.15153
v -0.0109598 0.75208 0.032347
v 0.170739 0.725168 0.111946
v 0.265927 0.744874 0.0999053
v 0.539749 0.869848 0.0406542
v -0.337618 0.86693 0.0497045
v 0.52591 0.880763 -0.0223884
v 0.528495 0.858674 0.0186334
v -0.0217609 0.796257 -0.0600007
v 0.58931 0.906713 0.0128159
v 0.610898 0.923493 0.0144487
v 0.572426 0.923919 -0.0506184
v 0.569861 0.903731 -0.0256044
v 0.341556 0.77259 0.0640507
v 0.33724 0.819358 -0.103289
v 0.317291 0.827353 -0.114572
v 0.0600807 0.852463 -0.168508
v -0.0330464 0.806753 -0.0975652
v 0.532298 0.861198 0.0403429
v 0.559533 0.885701 0.0382714
v -0.308862 0.870649 0.0500782
v -0.323225 0.947038 0.00419565
v -0.34894 0.946016 0.0227659
v 0.0227967 0.736981 0.0553096
v 0.0450718 0.714937 0.0716369
v 0.081817 0.723156 0.0859264
v 0.256816 0.74368 0.107208
v 0.25846 0.750573 0.110743
v 0.299704 0.760042 0.0863088
v 0.347231 0.784013 0.0702387
v 0.38816 0.801281 0.0449704
v 0.409192 0.827919 0.0113286
v 0.366716 0.834169 -0.0422185
v 0.117036 0.862395 -0.173703
v 0.382773 0.805995 0.0224606
v 0.393585 0.817343 0.0172663
v 0.149712 0.841656 -0.166727
v -0.0314275 0.823859 -0.105468
v -0.273147 0.895576 -0.0145244
v -0.274496 0.917123 -0.0157531
v -0.285423 0.929615 -0.0153983
v -0.356425 0.869501 0.0496929
v -0.0313715 0.794705 -0.0399448
v -0.0426224 0.783467 -0.0164601
v 0.0356367 0.723974 0.0802803
v 0.153196 0.718035 0.103928
v 0.532498 0.879077 0.0483889
v 0.621497 0.964569 -0.0534059
v 0.552693 0.88675 0.0386558
v 0.547236 0.886902 0.0449878
v 0.509876 0.881979 -0.0211424
v 0.499486 0.86717 -0.0119191
v 0.501785 0.864855 0.000789866
v -0.269896 0.906618 -0.0154552
v -0.307827 0.948303 0.00663525
v -0.341625 0.931759 0.0492863
v -0.354571 0.916175 0.0550568
v -0.0299511 0.769319 0.0127862
v 0.105434 0.724074 0.0966158
v 0.250122 0.729499 0.110201
v 0.372688 0.780781 0.0502738
v 0.363811 0.8272 -0.0495339
v 0.139926 0.841369 -0.177485
v 0.114044 0.852815 -0.187344
v -0.0091414 0.829472 -0.134236
v 0.518094 0.86474 0.0591717
v 0.552674 0.892232 0.0507519
v 0.664622 0.933902 0.0106125
v 0.622603 0.970895 -0.0453693
v 0.554456 0.907485 -0.0281656
v 0.251442 0.86819 -0.172772
v 0.242854 0.865157 -0.173509
v 0.225277 0.854222 -0.173817
v 0.206409 0.834211 -0.182629
v 0.167539 0.837597 -0.167464
v -0.019292 0.829264 -0.12074
v -0.00727658 0.759676 0.053474
v 0.0868968 0.723159 0.0871818
v 0.203507 0.734332 0.112749
v 0.280121 0.749552 0.092342
v 0.328843 0.758638 0.0936484
v 0.342426 0.774994 0.0723077
v -0.268102 0.871482 -0.00168817
v -0.296924 0.941457 -0.00631675
v -0.339178 0.940201 0.0412305
v -0.36726 0.907869 0.0538968
v 0.601602 0.908979 0.0112664
v 0.64055 0.977824 -0.0345989
v 0.561016 0.91242 -0.0397765
v 0.504183 0.87251 -0.0168939
v 0.486742 0.847672 0.0032808
v 0.291769 0.85864 -0.1655
v -0.0325411 0.816351 -0.0906374
v -0.0199646 0.813909 -0.0684409
v 0.128721 0.716183 0.0932315
v -0.25219 0.867273 0.0211521
v -0.279845 0.866631 0.032308
v -0.203338 0.850413 0.00999535
v 0.583866 0.906665 0.01653
v 0.656931 0.972422 -0.00047035
v -0.213115 0.836756 0.060559
v 0.483159 0.847072 0.0523486
v 0.500609 0.855067 0.0609561
v 0.56235 0.890353 0.0453535
v 0.355411 0.834614 -0.0746724
v 0.194668 0.833676 -0.176887
v 0.0880781 0.859623 -0.180502
v -0.0348121 0.801491 -0.0354027
v -0.026534 0.77118 0.039167
v 0.39385 0.818081 0.0337622
v -0.283484 0.936521 -0.0110544
v -0.334111 0.948466 0.0218414
v -0.263215 0.865429 0.0300313
v 0.474915 0.850729 -0.00276902
v 0.482784 0.851298 0.0137218
v 0.598021 0.927754 0.0183322
v 0.549768 0.911649 -0.0314943
v 0.516151 0.859414 0.0594621
v 0.406439 0.831618 0.000239806
v 0.381266 0.831306 -0.0267439
v 0.180536 0.84179 -0.163831
v 0.121486 0.86129 -0.171748
v 0.077784 0.8569 -0.180804
v 0.0415655 0.828369 -0.162025
v -0.0318502 0.831855 -0.0979549
v -0.0432016 0.781664 0.00460095
v 0.0194427 0.744429 0.0600646
v 0.244894 0.732811 0.116457
v 0.279043 0.774953 0.117669
v 0.327949 0.765861 0.104825
v 0.527957 0.869234 0.045924
v 0.518164 0.879923 0.0592338
v 0.567415 0.911834 0.0503563
v -0.258814 0.870031 0.00556249
v -0.294143 0.877483 0.0542664
v 0.530653 0.897495 -0.0308565
v 0.47243 0.852951 -0.00913598
v 0.635624 0.932439 0.0161793
v 0.658958 0.975645 -0.00686628
v 0.588139 0.94993 -0.057903
v 0.503381 0.860861 0.00671386
v 0.484696 0.862354 -0.00479157
v 0.400341 0.84258 -0.0182698
v 0.358989 0.840466 -0.0558227
v 0.00671171 0.843809 -0.138579
v -0.247158 0.879408 0.00280755
v -0.251006 0.904054 -0.0105448
v -0.333761 0.885216 0.063156
v -0.291825 0.870249 0.0391958
v -0.276238 0.872783 0.0473184
v -0.0464801 0.793545 -0.0158233
v -0.0533884 0.792407 -0.00399656
v 0.199812 0.756072 0.127658
v 0.308147 0.763445 0.0912938
v 0.383532 0.787968 0.0505219
v 0.576365 0.911779 0.0427933
v 0.590577 0.930524 0.0244707
v 0.602815 0.964431 -0.0510538
v 0.352709 0.848161 -0.0783981
v 0.296748 0.857038 -0.130717
v -0.240085 0.869565 0.0228878
v -0.258494 0.887712 -0.00787744
v -0.276774 0.936203 -0.00710425
v -0.0294846 0.813937 -0.0462988
v -0.0174594 0.770069 0.0561083
v 0.00971342 0.746755 0.0498368
v 0.153101 0.734038 0.119131
v 0.343322 0.771576 0.0998318
v 0.390149 0.799733 0.0588588
v 0.612455 0.936112 0.0193575
v 0.612594 0.951608 0.022907
v 0.647402 0.965769 0.0098317
v 0.639481 0.980155 -0.00365668
v 0.570541 0.936498 -0.0548599
v 0.531827 0.905808 -0.0323063
v 0.490218 0.866606 -0.00654242
v 0.470187 0.852017 0.0121347
v -0.195525 0.835112 0.0533227
v 0.369462 0.84416 -0.0417565
v 0.288574 0.871777 -0.151892
v 0.231484 0.874443 -0.158313
v 0.178671 0.855065 -0.148808
v -0.00801318 0.838994 -0.120778
v -0.199189 0.857884 0.00530881
v -0.25033 0.896331 -0.00992687
v -0.26446 0.919567 -0.0107799
v -0.285832 0.943145 -0.00266563
v -0.294788 0.947682 0.00624033
v -0.306855 0.948109 0.027345
v -0.346862 0.924882 0.0527253
v 0.0422205 0.737563 0.0989715
v 0.286921 0.76393 0.10035
v 0.422688 0.835294 0.0171025
v 0.624539 0.98096 -0.0229063
v 0.556494 0.922047 -0.0417557
v 0.545409 0.915167 -0.0325205
v 0.462751 0.851213 -0.0087057
v 0.449373 0.852569 0.00435919
v -0.225438 0.8502 0.082059
v 0.140764 0.850592 -0.160827
v 0.109101 0.87466 -0.161992
v 0.0302673 0.844929 -0.141245
v 0.00122745 0.844707 -0.130528
v -0.231447 0.883743 0.00229899
v -0.30686 0.94939 0.0153156
v -0.318971 0.880184 0.0609983
v -0.306914 0.878754 0.0587035
v 0.146084 0.727106 0.111268
v 0.238576 0.731804 0.115
v 0.250525 0.755515 0.122712
v 0.344736 0.774483 0.093781
v 0.359391 0.79888 0.084324
v 0.394836 0.811549 0.0806456
v 0.634998 0.963875 0.0154589
v 0.57772 0.953795 -0.0532848
v 0.558478 0.935468 -0.044749
v 0.510751 0.902097 -0.0287999
v 0.478024 0.870895 -0.0152133
v -0.221732 0.840843 0.0678164
v 0.348673 0.849435 -0.0869721
v 0.339081 0.850998 -0.0954397
v -0.30036 0.886892 0.0641215
v -0.0548556 0.809666 -0.0201736
v 0.0826485 0.734862 0.0992229
v 0.11896 0.736603 0.113776
v 0.207788 0.744064 0.118979
v 0.512882 0.87647 0.0618855
v 0.586477 0.961971 -0.0483225
v 0.572522 0.945178 -0.0554663
v 0.496918 0.898897 -0.0304277
v 0.466865 0.880939 -0.0268083
v 0.474121 0.867741 -0.0120873
v 0.358717 0.848251 -0.0554006
v 0.316348 0.839655 -0.110606
v 0.0468651 0.852959 -0.143875
v -0.188971 0.870891 0.00310826
v -0.328576 0.914029 0.0643464
v -0.298579 0.899327 0.0698276
v -0.230587 0.877213 0.0153126
v -0.0651189 0.801574 0.025447
v -0.047513 0.78961 0.0258933
v 0.130252 0.736827 0.115862
v 0.334941 0.77808 0.116638
v -0.206631 0.841635 0.072829
v 0.63573 0.981955 -0.0111776
v 0.629483 0.982286 -0.0135854
v 0.604938 0.973706 -0.0396849
v 0.537678 0.926796 -0.0334206
v 0.533692 0.916212 -0.0263553
v 0.386771 0.844124 -0.0314995
v 0.248352 0.884849 -0.15634
v -0.162001 0.838303 0.00874821
v -0.175451 0.855289 0.0114295
v -0.18183 0.854822 0.0123317
v -0.225349 0.89002 -0.00146055
v -0.343921 0.903697 0.0626794
v -0.0675528 0.802959 0.0129195
v -0.213215 0.845417 0.0791401
v 0.022889 0.748412 0.0761769
v 0.0289816 0.737841 0.0881547
v 0.245139 0.748769 0.126333
v 0.320058 0.775837 0.117747
v 0.396565 0.822198 0.0597019
v 0.401075 0.826407 0.0363559
v 0.425009 0.840996 0.0396673
v 0.533046 0.893862 0.0621432
v 0.543861 0.896031 0.0564418
v 0.487438 0.873961 -0.0222718
v 0.0728963 0.862972 -0.170006
v 0.0517958 0.849563 -0.15487
v 0.0380343 0.845332 -0.143805
v -0.237854 0.898957 -0.0070422
v -0.0432184 0.815896 -0.0348147
v -0.083837 0.810848 0.0123553
v 0.050466 0.744046 0.107508
v 0.239379 0.74632 0.129448
v 0.291926 0.770807 0.104483
v 0.388236 0.808565 0.0842599
v 0.507457 0.872917 0.0716254
v 0.577746 0.92832 0.0451404
v 0.522786 0.912072 -0.0319314
v 0.49466 0.880321 -0.0237268
v -0.205082 0.874346 -0.000893614
v -0.286377 0.946351 0.0194964
v -0.311664 0.940687 0.049997
v -0.226082 0.86177 0.0875729
v 0.0604639 0.735961 0.098637
v 0.218544 0.746251 0.121873
v 0.59779 0.940218 0.0244364
v 0.524894 0.895496 -0.0298069
v 0.297548 0.859779 -0.123073
v 0.212815 0.863034 -0.154993
v 0.134657 0.858049 -0.157267
v 0.0338725 0.858839 -0.131346
v 0.165707 0.855653 -0.145112
v -0.00417908 0.850758 -0.110545
v -0.219237 0.899713 -0.00465232
v -0.286504 0.893494 0.0683422
v -0.186702 0.847826 0.0809147
v -0.181939 0.843599 0.0609444
v -0.159036 0.831867 0.0565737
v -0.0786641 0.807776 0.0288769
v -0.0272624 0.782877 0.0628789
v 0.259635 0.76177 0.118842
v 0.268648 0.77087 0.121968
v 0.298076 0.777783 0.112624
v 0.342928 0.79322 0.0939625
v 0.379194 0.804901 0.0847901
v 0.503667 0.864264 0.0690547
v 0.497261 0.880746 0.0827189
v 0.594734 0.946592 0.0275483
v 0.351148 0.862953 -0.0813446
v 0.303313 0.858049 -0.11284
v 0.29163 0.874729 -0.135907
v 0.267465 0.87674 -0.164179
v 0.206422 0.860846 -0.153159
v 0.0645713 0.870429 -0.150476
v -0.0242289 0.84187 -0.103455
v -0.27539 0.94323 0.0137819
v -0.312168 0.945285 0.0395573
v -0.292875 0.909825 0.0716809
v -0.02643 0.827844 -0.0524958
v -0.19678 0.84781 0.0802513
v -0.138964 0.817922 0.0590243
v -0.124112 0.814709 0.0600085
v -0.103198 0.810666 0.0425001
v 0.0165174 0.758179 0.0784611
v 0.0706104 0.74692 0.110422
v 0.348952 0.796434 0.088412
v 0.430477 0.847908 0.055314
v 0.589513 0.977404 -0.025707
v 0.589336 0.973806 -0.031045
v 0.484319 0.886857 -0.0290686
v 0.448243 0.855879 -0.0186568
v 0.392408 0.858523 -0.0324608
v 0.363626 0.849428 -0.0462669
v 0.356017 0.861958 -0.0545137
v 0.153384 0.856411 -0.143888
v 0.0719715 0.873203 -0.155105
v -0.147869 0.849544 0.000202002
v -0.162466 0.863847 0.00532429
v -0.281002 0.882424 0.061865
v -0.201735 0.854096 0.0867033
v -0.175549 0.845686 0.0623589
v -0.0510683 0.797451 0.0391473
v -0.000846047 0.767787 0.0740848
v 0.0348675 0.735618 0.0936447
v 0.591681 0.980505 0.00230323
v 0.460869 0.877666 -0.0215827
v 0.435668 0.858804 -0.00988453
v 0.0168605 0.860457 -0.127476
v -0.176341 0.869866 0.00584862
v -0.254835 0.923041 -0.00458439
v -0.31565 0.925027 0.062879
v 0.340082 0.775026 0.108654
v 0.34835 0.812422 0.110481
v 0.401166 0.827809 0.0678783
v 0.416551 0.838505 0.0460254
v 0.451299 0.85471 0.0659946
v 0.539523 0.909048 0.06629
v 0.627381 0.975641 0.00744876
v 0.575223 0.965452 -0.0345
v 0.558891 0.948377 -0.040542
v 0.53135 0.925072 -0.0323209
v 0.450904 0.85899 -0.023014
v -0.0459609 0.829517 -0.0371569
v -0.0631025 0.821865 -0.0141536
v -0.0704508 0.827678 -0.00873339
v -0.0670113 0.810834 -0.00185275
v 0.408756 0.853186 -0.0196405
v 0.338455 0.863853 -0.0926659
v -0.264933 0.932943 0.00105555
v 0.0244391 0.762791 0.0982882
v 0.162909 0.748569 0.130604
v 0.205403 0.768742 0.136909
v 0.392341 0.819602 0.0948064
v 0.495677 0.873814 0.0806134
v 0.594909 0.955979 0.0267008
v 0.610136 0.969684 0.0154388
v 0.4375 0.867182 -0.0313025
v 0.287319 0.883972 -0.133433
v 0.093536 0.875749 -0.16094
v -0.0206311 0.858144 -0.0934685
v -0.10668 0.847422 -0.0116492
v -0.133872 0.846429 -0.00302773
v -0.185612 0.88074 0.000472371
v -0.245368 0.912803 -0.007538
v -0.290545 0.925074 0.0683325
v -0.265414 0.880333 0.0644299
v -0.170041 0.847999 0.079721
v -0.165376 0.843571 0.068816
v -0.144544 0.832788 0.0690075
v -0.111017 0.815863 0.0658429
v 0.0170973 0.768591 0.0942185
v 0.0302821 0.747308 0.0985313
v 0.36181 0.817407 0.107051
v 0.398356 0.815922 0.0768918
v 0.505667 0.882656 0.0704161
v 0.508705 0.890797 0.0705133
v 0.557665 0.922961 0.0574436
v 0.547432 0.941828 -0.0380371
v 0.524238 0.920872 -0.0340932
v 0.513817 0.918396 -0.0309228
v 0.101516 0.874277 -0.163407
v -0.205408 0.885633 -0.00204598
v -0.207473 0.90417 -0.00560814
v -0.234135 0.919341 -0.00372212
v -0.301419 0.934672 0.0602205
v -0.237243 0.879229 0.0751966
v -0.132421 0.819366 0.0667738
v -0.0775146 0.811956 0.0456385
v -0.0593569 0.807852 0.0449132
v -0.0125133 0.780188 0.0791802
v 0.104624 0.746279 0.119979
v 0.213668 0.759006 0.131351
v 0.229369 0.749789 0.131925
v 0.343098 0.800955 0.110796
v 0.401765 0.826301 0.0925826
v 0.40775 0.837334 0.0701126
v 0.538077 0.937491 -0.0342615
v 0.280928 0.886615 -0.143059
v 0.259187 0.890855 -0.150197
v -0.00265326 0.858419 -0.103808
v -0.0292842 0.835949 -0.0523155
v -0.127962 0.854139 -0.00534029
v -0.2876 0.947566 0.03528
v -0.267446 0.891158 0.0702449
v -0.243025 0.880742 0.0715934
v -0.234715 0.881801 0.0877278
v 0.00366598 0.779567 0.095585
v 0.250167 0.770578 0.131937
v 0.565476 0.959054 -0.0363019
v 0.448353 0.884873 -0.0247859
v 0.431135 0.865431 -0.0299311
v -0.203694 0.863786 0.0929843
v 0.0422448 0.756694 0.117046
v 0.0854184 0.749972 0.116861
v 0.326281 0.778014 0.120914
v 0.546207 0.924921 0.0667058
v 0.579471 0.944097 0.0421301
v 0.575078 0.960524 0.0393017
v 0.476683 0.894091 -0.0309904
v 0.314567 0.863382 -0.100893
v 0.26924 0.894085 -0.143707
v 0.0807612 0.872584 -0.162145
v 0.00901647 0.867362 -0.11672
v -0.106866 0.854116 -0.0141822
v -0.143012 0.864252 -0.00404614
v -0.240963 0.930025 0.00235644
v -0.25605 0.939175 0.0101023
v -0.184226 0.854389 0.0952746
v -0.120519 0.828599 0.0862932
v 0.129321 0.75152 0.129753
v 0.144238 0.753888 0.135295
v 0.383585 0.818947 0.0990697
v 0.419879 0.847372 0.0688123
v 0.599593 0.976402 0.0113406
v 0.500506 0.911812 -0.0317061
v 0.36661 0.859851 -0.0429693
v 0.344837 0.863564 -0.0888403
v 0.297584 0.871393 -0.110389
v 0.291851 0.883613 -0.105789
v 0.229632 0.89477 -0.137807
v 0.197865 0.861384 -0.148332
v 0.125572 0.861197 -0.167284
v -0.0274151 0.850954 -0.0911311
v -0.0638987 0.831942 -0.0151414
v -0.272309 0.90222 0.073055
v -0.209681 0.872801 0.0940817
v -0.102248 0.817709 0.0785372
v -0.0719234 0.814345 0.059979
v -0.0304654 0.788742 0.0728325
v 0.153193 0.760725 0.140918
v 0.239459 0.76274 0.138753
v 0.343534 0.793943 0.116121
v 0.51913 0.906195 0.0731663
v 0.596297 0.981021 -0.00911996
v 0.529973 0.944278 -0.0342647
v 0.525162 0.930421 -0.0340899
v 0.481876 0.904887 -0.0327689
v 0.338415 0.873025 -0.0888619
v 0.293882 0.874694 -0.117647
v 0.248154 0.900181 -0.14024
v 0.175307 0.867489 -0.133546
v 0.0391063 0.872692 -0.120259
v -0.160499 0.876915 0.000947267
v -0.172108 0.888707 -0.00439372
v -0.218776 0.913186 -0.00351631
v -0.29211 0.943534 0.0508319
v -0.0435852 0.794731 0.0619018
v 0.231244 0.763604 0.143458
v 0.283667 0.783699 0.123881
v 0.314117 0.788562 0.134765
v 0.592346 0.964768 0.0238356
v 0.580174 0.978424 -0.0181397
v 0.410417 0.881264 -0.0412001
v 0.420762 0.869738 -0.0275996
v 0.380117 0.858604 -0.037959
v 0.368903 0.867366 -0.0414914
v 0.281757 0.895425 -0.12743
v 0.239382 0.883063 -0.154801
v 0.116407 0.884339 -0.145696
v 0.0638857 0.888458 -0.124308
v 0.0460895 0.869809 -0.125717
v -0.149371 0.884005 -0.00447314
v -0.277285 0.947526 0.0289555
v -0.270181 0.912183 0.073878
v -0.22978 0.876391 0.0892865
v -0.0546616 0.815598 0.0637055
v 0.0218597 0.778811 0.10982
v 0.0325199 0.760751 0.113364
v 0.109949 0.757786 0.13222
v 0.342689 0.808847 0.115104
v -0.0294221 0.843747 -0.0487241
v 0.562605 0.941355 0.0535529
v 0.586388 0.975089 0.0177017
v 0.51346 0.933602 -0.0293726
v 0.0732272 0.886752 -0.137697
v -0.249977 0.902193 0.0782522
v -0.238423 0.894939 0.0864978
v -0.0514772 0.805419 0.0548186
v 0.338834 0.79769 0.126171
v 0.401532 0.83502 0.103451
v 0.407851 0.838075 0.0982445
v 0.480609 0.885013 0.0978556
v 0.501904 0.898519 0.0778334
v 0.565958 0.97876 -0.00987983
v 0.567726 0.97037 -0.0263366
v 0.54567 0.961103 -0.0288866
v 0.541732 0.952203 -0.0331737
v 0.481084 0.915023 -0.0332785
v 0.40794 0.873273 -0.0301607
v 0.348643 0.872793 -0.0784046
v 0.156193 0.866538 -0.130609
v 0.00411327 0.875642 -0.0931734
v -0.207263 0.919254 -0.00418984
v -0.152606 0.84253 0.0756714
v -0.114963 0.820288 0.0798871
v -0.06111 0.820728 0.0750201
v 0.182835 0.755425 0.131908
v 0.195121 0.783176 0.146379
v 0.408292 0.840622 0.0848614
v 0.527204 0.936254 0.0751109
v 0.579376 0.972567 0.0274807
v 0.581525 0.979535 0.0101424
v 0.5562 0.974685 -0.0166064
v 0.488059 0.925227 -0.0319128
v 0.475309 0.883765 -0.0285837
v 0.451132 0.90149 -0.0326974
v 0.353051 0.873355 -0.0555658
v 0.3433 0.890413 -0.0770514
v 0.0518706 0.867007 -0.134488
v -0.118334 0.864629 -0.00723865
v -0.19012 0.901612 -0.00370025
v -0.19742 0.87854 0.100266
v -0.172479 0.859221 0.102604
v -0.0452074 0.813818 0.0730521
v -0.0316547 0.798867 0.0851695
v -0.0121423 0.794143 0.0940926
v 0.417752 0.855991 0.0868618
v 0.471138 0.875725 0.0942891
v 0.491575 0.90132 0.0818086
v 0.546832 0.937311 0.06564
v 0.498856 0.930496 -0.0317225
v 0.425718 0.879463 -0.0364044
v 0.394742 0.870532 -0.0332094
v 0.306102 0.867494 -0.103678
v 0.0200241 0.878392 -0.114294
v -0.0217315 0.851617 -0.0511742
v -0.0394735 0.840913 -0.0417954
v 0.494238 0.891607 0.0804873
v 0.575742 0.980377 0.00161518
v 0.294677 0.886946 -0.0967437
v -0.270101 0.924591 0.0710958
v -0.215498 0.891494 0.0937378
v -0.133363 0.838794 0.0792957
v 0.143032 0.764053 0.142768
v 0.549434 0.968929 -0.0224882
v 0.406016 0.878436 -0.031073
v 0.185461 0.876411 -0.12709
v 0.166664 0.881233 -0.114178
v 0.139419 0.868603 -0.135657
v 0.112182 0.888879 -0.14256
v -0.0212475 0.866341 -0.0857192
v -0.0571136 0.849676 -0.0197987
v -0.0967218 0.863181 -0.0147789
v -0.186624 0.911723 -0.00414674
v -0.222827 0.929123 0.00364629
v -0.231527 0.94364 0.0212047
v -0.263999 0.944924 0.0219283
v -0.265306 0.946438 0.0372169
v -0.269579 0.935314 0.0636731
v -0.240283 0.915575 0.0842978
v -0.0815067 0.827006 0.0967187
v 0.223437 0.763853 0.142813
v 0.266473 0.785349 0.137497
v 0.289924 0.792539 0.133636
v 0.341416 0.807463 0.129606
v 0.392857 0.831308 0.106267
v 0.561408 0.959181 0.0455164
v 0.555277 0.97962 0.0287002
v 0.51954 0.953559 -0.027085
v 0.436406 0.895268 -0.0279875
v 0.403142 0.886263 -0.0400815
v 0.381699 0.879325 -0.0394239
v 0.345902 0.890328 -0.071271
v 0.326855 0.893461 -0.0811037
v -0.001174 0.869007 -0.0933003
v -0.155605 0.890452 -0.004893
v -0.163758 0.896928 -0.00705245
v -0.266699 0.94015 0.0583649
v -0.250154 0.915799 0.0771513
v 0.0529051 0.760371 0.121701
v 0.320597 0.794484 0.138623
v 0.342359 0.817932 0.125538
v 0.386212 0.834705 0.111562
v 0.529353 0.943017 0.073713
v 0.565062 0.983507 0.00185291
v 0.533785 0.95835 -0.0296105
v 0.464046 0.912589 -0.0332775
v 0.457935 0.904491 -0.0330368
v 0.396033 0.883579 -0.0358724
v 0.325846 0.882384 -0.0874026
v -0.0839455 0.870908 -0.0199229
v -0.10756 0.873505 -0.00778155
v -0.212765 0.927331 -0.000541873
v -0.256859 0.944621 0.0509303
v -0.180863 0.867076 0.104778
v 0.117477 0.766035 0.140656
v 0.209371 0.779048 0.146956
v 0.244357 0.776307 0.141666
v 0.334437 0.80497 0.13473
v 0.552335 0.961326 0.0497748
v 0.56067 0.971495 0.0362181
v 0.575411 0.979325 0.0200371
v 0.569079 0.983535 0.0118013
v 0.271605 0.902797 -0.131066
v -0.136273 0.875005 -0.00669383
v -0.0388035 0.805221 0.0801208
v 0.18996 0.779011 0.144447
v 0.238292 0.787364 0.152631
v 0.413006 0.852231 0.0934204
v 0.422219 0.85736 0.0788699
v 0.546376 0.977789 -0.0168148
v 0.477161 0.930323 -0.0322739
v 0.415055 0.898978 -0.03264
v 0.411815 0.891323 -0.0396133
v 0.39761 0.892861 -0.0428312
v 0.390993 0.88956 -0.0366324
v 0.361718 0.884635 -0.0417092
v 0.144515 0.871039 -0.128142
v -0.0404665 0.869834 -0.032239
v 0.0317103 0.774755 0.120147
v 0.0960201 0.769805 0.138605
v 0.230426 0.776002 0.151692
v 0.256584 0.783023 0.14031
v 0.360879 0.828142 0.116229
v 0.42278 0.86602 0.0880355
v 0.483036 0.891689 0.0963108
v 0.483631 0.915492 0.0874614
v 0.506383 0.951816 -0.0266244
v 0.481071 0.943054 -0.0292366
v 0.304236 0.883967 -0.0926224
v 0.148139 0.877797 -0.118657
v 0.122178 0.884504 -0.138986
v -0.177792 0.921295 -0.00235001
v -0.22794 0.938968 0.0135624
v -0.235252 0.9468 0.0313594
v -0.144846 0.85623 0.0950372
v -0.0396772 0.821845 0.0891071
v 0.00740404 0.787847 0.107422
v 0.39806 0.853206 0.117025
v 0.411795 0.855202 0.101798
v 0.461154 0.880487 0.10093
v 0.53991 0.972003 -0.0222766
v 0.428321 0.899663 -0.0280128
v 0.352338 0.882168 -0.0505231
v 0.33956 0.893025 -0.0786251
v 0.266686 0.923713 -0.107045
v 0.0180265 0.889556 -0.103985
v 0.00162309 0.879472 -0.0851239
v -0.0157663 0.879194 -0.079257
v -0.13651 0.888904 -0.00704968
v -0.196775 0.932927 0.00642165
v -0.166437 0.874819 0.113003
v -0.154041 0.865043 0.107483
v -0.0487574 0.820473 0.0769202
v -0.0317404 0.809849 0.0967437
v 0.370401 0.829192 0.112756
v 0.469857 0.898018 0.106087
v 0.555217 0.98402 0.00583936
v 0.552383 0.98091 -0.0113795
v 0.522242 0.964078 -0.0228889
v 0.387542 0.896862 -0.0413147
v 0.377137 0.894459 -0.0399286
v 0.31253 0.885545 -0.0883062
v 0.184926 0.885091 -0.117578
v -0.158701 0.90586 -0.00764537
v -0.216046 0.937316 0.00708235
v -0.250342 0.93029 0.0715485
v -0.216395 0.900847 0.0923849
v -0.107223 0.839799 0.101291
v -0.0982858 0.826591 0.0938942
v 0.0262515 0.785061 0.121249
v 0.0381738 0.7722 0.125569
v 0.074579 0.770408 0.130278
v 0.130862 0.776914 0.149908
v 0.278866 0.796357 0.139901
v 0.342834 0.822585 0.131284
v 0.407565 0.848143 0.106707
v 0.546127 0.946969 0.0629082
v 0.549934 0.976926 0.0365553
v 0.53899 0.979831 -0.0110677
v 0.525247 0.971501 -0.0183078
v 0.357856 0.874794 -0.0458465
v 0.342878 0.898036 -0.0706837
v 0.285767 0.897468 -0.106102
v 0.259847 0.906811 -0.131223
v 0.207524 0.883546 -0.13091
v 0.132472 0.879024 -0.12952
v -0.0314891 0.860771 -0.0413993
v -0.243109 0.946587 0.0440341
v -0.186681 0.884455 0.102321
v -0.00336226 0.791521 0.0991777
v 0.0663221 0.769929 0.128534
v 0.345561 0.824496 0.124881
v 0.515135 0.927154 0.0781424
v 0.538426 0.958317 0.0583205
v 0.497169 0.947641 -0.0262977
v 0.446006 0.896967 -0.031266
v 0.389961 0.904207 -0.0433774
v 0.291124 0.896555 -0.0899895
v 0.215788 0.894797 -0.125754
v 0.0437422 0.888807 -0.106057
v -0.0624225 0.862358 -0.0170774
v -0.244674 0.942959 0.05886
v -0.00502823 0.800873 0.108638
v 0.170234 0.772259 0.145341
v 0.264648 0.798917 0.151334
v 0.366444 0.844853 0.123468
v 0.443916 0.921788 -0.033236
v 0.34693 0.90277 -0.0432789
v 0.27904 0.90686 -0.115737
v 0.235504 0.903403 -0.133235
v 0.139881 0.884826 -0.113992
v 0.0821078 0.896812 -0.130454
v 0.0828924 0.908631 -0.116441
v -0.110818 0.899537 -0.00716628
v -0.23516 0.949552 0.0493727
v -0.203891 0.904903 0.0967303
v -0.0944192 0.838683 0.106114
v -0.0506035 0.826363 0.0889217
v 0.0116178 0.801964 0.125458
v 0.0224581 0.793008 0.124727
v 0.10515 0.780608 0.149388
v 0.308774 0.812179 0.152713
v 0.323083 0.815098 0.146612
v 0.483565 0.898548 0.0871123
v 0.516009 0.948218 0.0782077
v 0.52463 0.964441 0.062629
v 0.537335 0.974357 0.042292
v 0.550855 0.983167 0.0190564
v 0.518039 0.957485 0.072521
v 0.545593 0.983637 0.0091937
v 0.513872 0.970166 -0.0179789
v 0.496419 0.961233 -0.020012
v 0.356721 0.8949 -0.0407514
v 0.282083 0.904095 -0.110159
v 0.244146 0.913918 -0.123762
v -0.227366 0.949221 0.0300923
v -0.125935 0.85623 0.0957485
v -0.118715 0.852135 0.0934089
v -0.10286 0.854167 0.110319
v 0.205947 0.783635 0.149317
v 0.21959 0.7824 0.155786
v 0.228094 0.793744 0.161288
v 0.236079 0.804828 0.165176
v 0.296743 0.805835 0.150243
v 0.346707 0.831928 0.130416
v 0.410417 0.861288 0.10712
v 0.0258104 0.897585 -0.0996643
v -0.0214104 0.872786 -0.0419999
v -0.152576 0.910531 -0.00815848
v -0.221038 0.945436 0.0174268
v -0.116206 0.842691 0.0974735
v 0.151363 0.775714 0.150236
v 0.458618 0.909939 0.111387
v 0.466843 0.908053 0.105059
v 0.506443 0.959551 -0.0235855
v 0.470102 0.938696 -0.0295494
v 0.411437 0.917628 -0.0295284
v 0.406728 0.911355 -0.0289397
v 0.332504 0.903693 -0.074828
v 0.275429 0.908802 -0.119026
v 0.0524219 0.886703 -0.11249
v -0.0163438 0.876811 -0.0461905
v -0.0530553 0.862415 -0.0184077
v -0.0730441 0.874195 -0.0185926
v -0.133323 0.902493 -0.00797155
v -0.217425 0.933037 0.07982
v -0.217419 0.918975 0.0858849
v 0.0909591 0.785063 0.148332
v 0.255501 0.797878 0.154585
v 0.337234 0.829514 0.141444
v 0.40034 0.884744 0.117586
v 0.415305 0.870118 0.0961111
v 0.544583 0.982762 0.0297908
v 0.431011 0.919929 -0.033482
v 0.419321 0.905866 -0.0279958
v 0.0713051 0.905516 -0.111859
v 0.00635447 0.888357 -0.0785647
v -0.00761355 0.888902 -0.0747671
v -0.0331173 0.878935 -0.0348524
v -0.19297 0.926384 0.00158525
v -0.234456 0.943555 0.0669096
v -0.238784 0.934179 0.0752096
v -0.192271 0.915695 0.0979116
v -0.112685 0.857765 0.0970485
v 0.0354579 0.7889 0.133651
v 0.049389 0.778147 0.13566
v 0.202341 0.800306 0.160168
v 0.335183 0.821131 0.144322
v 0.34167 0.833806 0.135061
v 0.392837 0.908405 -0.0413898
v 0.223816 0.914649 -0.116637
v 0.120118 0.898911 -0.121819
v -0.0471664 0.881616 -0.0232718
v -0.0836597 0.883897 -0.013835
v -0.201888 0.94179 0.0154649
v -0.221375 0.950971 0.0431547
v -0.113311 0.864843 0.103036
v -0.0704471 0.836392 0.109238
v 0.0443173 0.794062 0.143374
v 0.473881 0.919131 0.0919855
v 0.530683 0.969096 0.0514147
v 0.530629 0.981622 -0.00782617
v 0.468824 0.913047 0.0959661
v 0.5389 0.985624 0.0186494
v 0.525836 0.986846 -0.0047675
v 0.0985374 0.91426 -0.113693
v -0.234884 0.95047 0.0569001
v -0.0380801 0.830545 0.0985797
v -0.0246013 0.816668 0.108996
v 0.285994 0.812821 0.157086
v 0.295804 0.814901 0.156988
v 0.356954 0.84738 0.130683
v 0.410024 0.876307 0.101435
v 0.515295 0.989192 -0.000164555
v 0.467805 0.925497 -0.0324385
v 0.148981 0.892354 -0.104632
v 0.0121183 0.884035 -0.102856
v -0.0972475 0.890084 -0.00558604
v -0.122684 0.917813 -0.00671795
v -0.151933 0.933494 0.00232538
v -0.209556 0.951116 0.0404802
v 0.0684905 0.788119 0.143402
v 0.0749395 0.794967 0.150619
v 0.272736 0.807751 0.154985
v 0.376236 0.851186 0.122522
v 0.49421 0.937652 0.0839675
v 0.51938 0.979662 -0.0107721
v 0.339122 0.909979 -0.0632038
v 0.305102 0.913719 -0.0705163
v 0.108031 0.90143 -0.12829
v 0.0909275 0.902793 -0.126244
v -0.0199852 0.885673 -0.038168
v -0.0465391 0.834793 0.103319
v 0.166108 0.794354 0.157535
v 0.184029 0.793637 0.154505
v 0.462436 0.917831 0.105698
v 0.462529 0.94848 -0.0262435
v 0.403658 0.915266 -0.0301665
v 0.382709 0.911424 -0.0455715
v 0.351678 0.907752 -0.0404585
v 0.325244 0.913099 -0.0704447
v 0.29571 0.904595 -0.080546
v 0.210126 0.902866 -0.114529
v 0.103254 0.904401 -0.12566
v 0.0130101 0.893318 -0.082432
v -0.106967 0.860202 0.104275
v -0.0321603 0.828382 0.101954
v 0.114992 0.78903 0.156557
v 0.130546 0.784205 0.154304
v 0.199023 0.790329 0.151834
v 0.299733 0.824793 0.160286
v 0.525731 0.984018 0.0339546
v 0.527205 0.986633 0.0241317
v 0.507269 0.982439 -0.00369839
v 0.501257 0.968904 -0.0159967
v 0.420037 0.919125 -0.0322491
v 0.132028 0.891402 -0.111904
v -0.0100832 0.898671 -0.0669358
v -0.0744259 0.888805 -0.019026
v -0.0848357 0.893011 -0.00640993
v -0.149625 0.922234 -0.00521781
v -0.193305 0.944543 0.0197747
v -0.204694 0.947925 0.027737
v -0.2122 0.949609 0.0634295
v -0.141451 0.887683 0.121165
v -0.107912 0.872009 0.107696
v -0.0805414 0.848717 0.112973
v 0.275748 0.818192 0.16336
v 0.399985 0.870453 0.120296
v 0.509705 0.971963 0.0583908
v 0.518568 0.974147 0.0528282
v 0.363435 0.910824 -0.041776
v 0.315239 0.91128 -0.0713145
v 0.244895 0.927624 -0.107792
v 0.114234 0.906184 -0.118338
v 0.103565 0.925904 -0.0991154
v 0.0135299 0.907603 -0.0652339
v -0.00862839 0.81795 0.121576
v 0.466126 0.965968 -0.0146323
v 0.449254 0.938803 -0.0300631
v 0.347497 0.916067 -0.0392371
v 0.333605 0.915447 -0.0663863
v 0.270226 0.922226 -0.103969
v 0.0557604 0.908198 -0.0952294
v 0.028712 0.911322 -0.0877282
v -0.055049 0.880621 -0.0200967
v -0.172997 0.938027 0.00880668
v -0.216076 0.941553 0.0721366
v -0.178718 0.904082 0.103263
v -0.146265 0.874308 0.114671
v 0.137637 0.792217 0.159496
v 0.468807 0.923944 0.0950896
v 0.478435 0.947348 0.0857989
v 0.3716 0.926665 -0.0410581
v 0.37193 0.917076 -0.0447657
v 0.181622 0.896377 -0.10381
v 0.136385 0.900847 -0.097101
v 0.117849 0.916045 -0.0987652
v 0.0674799 0.915004 -0.0977103
v 0.0208463 0.901819 -0.0928574
v -0.0722644 0.902954 -0.00719675
v -0.200926 0.955898 0.0504829
v -0.202938 0.938666 0.0807763
v -0.207116 0.931425 0.0854442
v -0.0580802 0.844698 0.115229
v -0.0384431 0.844497 0.114928
v 0.387766 0.86828 0.127027
v 0.406709 0.884311 0.105549
v 0.45901 0.925918 0.098266
v 0.496541 0.968325 0.075777
v 0.527689 0.984634 0.00557668
v 0.47717 0.95767 -0.0215225
v 0.270118 0.926363 -0.0922939
v 0.232691 0.927137 -0.106929
v 0.228111 0.915462 -0.118764
v 0.213777 0.918103 -0.104566
v 0.191542 0.926181 -0.0810563
v 0.0445222 0.903235 -0.0941436
v -0.0018202 0.905529 -0.0652657
v -0.0134762 0.895034 -0.0399966
v -0.0568329 0.901975 -0.0196559
v -0.096401 0.865283 0.115799
v 0.0185662 0.807738 0.135229
v 0.219323 0.799159 0.165019
v 0.257171 0.809855 0.16369
v 0.334929 0.841849 0.148479
v 0.37409 0.86865 0.129727
v 0.402514 0.888458 0.109259
v 0.455205 0.921939 0.109868
v 0.513101 0.981941 0.0434664
v 0.449694 0.95353 -0.0241019
v 0.415816 0.930491 -0.0316648
v 0.389869 0.935622 -0.0247438
v 0.330796 0.930615 -0.051427
v 0.327005 0.922676 -0.0642874
v 0.255684 0.923087 -0.112818
v -0.0431203 0.898325 -0.0224585
v -0.187565 0.936263 0.0871977
v -0.100282 0.869264 0.10762
v -0.0946389 0.860482 0.117324
v -0.00518168 0.834262 0.13716
v 0.0521025 0.793728 0.145291
v 0.272308 0.824675 0.167596
v 0.454712 0.907377 0.111986
v 0.5131 0.98781 0.0316964
v 0.499242 0.992371 0.0200271
v 0.479319 0.969516 -0.0130713
v 0.341456 0.915116 -0.0425918
v 0.262006 0.925584 -0.107932
v 0.194325 0.897848 -0.110492
v 0.12737 0.906172 -0.0981159
v 0.0213607 0.909463 -0.0795556
v -0.132029 0.928108 -0.00330048
v -0.194651 0.95285 0.0387919
v -0.212072 0.954199 0.05759
v -0.196725 0.947163 0.0698628
v -0.195525 0.923643 0.0925076
v -0.180617 0.91817 0.0997254
v 0.00770246 0.820839 0.135537
v 0.0146305 0.823946 0.143557
v 0.110459 0.801935 0.164456
v 0.194699 0.804167 0.160885
v 0.366794 0.867777 0.13245
v 0.404659 0.930146 -0.029655
v 0.151757 0.912065 -0.0858602
v 0.0265572 0.919985 -0.07556
v -0.101204 0.911871 -0.00653768
v -0.166297 0.893569 0.110284
v -0.0272762 0.840123 0.115285
v -0.0173686 0.829553 0.123643
v 0.391869 0.877251 0.127575
v 0.435761 0.937895 -0.0300035
v 0.383652 0.931833 -0.0293263
v 0.107757 0.92905 -0.0930485
v 0.0800737 0.921424 -0.0984642
v -0.0325216 0.901062 -0.0303776
v -0.160944 0.944965 0.0146044
v -0.201749 0.960014 0.0607067
v 0.460704 0.940459 0.0947157
v 0.444496 0.963912 -0.0173465
v 0.349294 0.928304 -0.0389868
v 0.242653 0.945627 -0.0857791
v 0.174702 0.896718 -0.0996614
v 0.0450425 0.918684 -0.0796594
v 0.0184573 0.908187 -0.0694772
v 0.00349395 0.915372 -0.0583626
v -0.00691051 0.907561 -0.0604785
v -0.0553959 0.915752 -0.0169041
v -0.190541 0.957746 0.0538287
v -0.180742 0.940828 0.0854732
v -0.159998 0.922611 0.103317
v -0.106074 0.884688 0.11669
v -0.0855162 0.860007 0.118733
v 0.152385 0.801244 0.163264
v 0.34406 0.851616 0.145342
v 0.355679 0.861437 0.138499
v 0.493451 0.972924 0.0703732
v 0.493345 0.977504 0.0573505
v 0.505446 0.991207 0.00189774
v 0.224061 0.938057 -0.0917535
v 0.205972 0.918367 -0.0978107
v 0.167299 0.90052 -0.0938744
v 0.0514917 0.918304 -0.0815564
v 0.0292662 0.918184 -0.0818385
v -0.0993808 0.932098 -0.00187917
v -0.115564 0.932004 -0.00158706
v -0.134105 0.940196 0.00434821
v 0.0284188 0.806663 0.140259
v 0.233448 0.814609 0.170849
v 0.430765 0.958554 -0.0213357
v 0.394621 0.942594 -0.0266091
v 0.340627 0.93331 -0.0347813
v 0.337331 0.926915 -0.0389157
v 0.302059 0.929309 -0.0608897
v 0.218603 0.928452 -0.0995966
v 0.170096 0.91519 -0.0788355
v -0.0419789 0.915031 -0.0197465
v -0.163594 0.949572 0.0225662
v -0.0956061 0.876423 0.112231
v -0.0489739 0.859482 0.124833
v 0.0423585 0.812365 0.151415
v 0.250791 0.817124 0.169745
v 0.311592 0.834057 0.158299
v 0.368056 0.890068 0.136405
v 0.437915 0.933208 0.115794
v 0.494363 0.991505 0.0060925
v 0.284836 0.913347 -0.0797554
v 0.281026 0.911429 -0.0869717
v -0.150702 0.943656 0.0111165
v -0.143515 0.897953 0.119187
v 0.207009 0.8123 0.16871
v 0.293429 0.831856 0.16417
v 0.332808 0.858156 0.156807
v 0.445324 0.936154 0.112573
v 0.491541 0.991366 0.0286974
v 0.48253 0.977767 -0.0045144
v 0.469979 0.973364 -0.00807434
v 0.178466 0.919373 -0.0780052
v -0.0196606 0.898364 -0.034618
v -0.0691507 0.914103 -0.00281948
v -0.167345 0.931804 0.0993205
v 0.358901 0.885047 0.144448
v 0.393909 0.891293 0.12581
v 0.391853 0.9034 0.125617
v 0.415773 0.910276 0.111875
v 0.488237 0.965904 0.0804228
v 0.484264 0.996297 0.0119115
v 0.386871 0.942812 -0.0236915
v 0.266138 0.941028 -0.072322
v 0.0237984 0.920124 -0.0634221
v -0.0131974 0.904637 -0.0334674
v -0.186706 0.963281 0.0615327
v -0.063688 0.859524 0.118649
v 0.326915 0.843612 0.157564
v 0.464325 0.959962 0.0862604
v 0.466186 0.985732 0.00554859
v 0.260688 0.944401 -0.0792604
v 0.0184283 0.921364 -0.0556525
v -0.178693 0.95549 0.0464139
v -0.117101 0.896737 0.125007
v -0.0928284 0.887329 0.117584
v -0.0792125 0.878623 0.130363
v -0.0366579 0.85716 0.127259
v -0.0236797 0.851841 0.129938
v -0.00964095 0.843582 0.138964
v 0.0884746 0.804619 0.161744
v 0.190814 0.81578 0.168533
v 0.282828 0.842716 0.170951
v 0.339651 0.876711 0.158334
v 0.418087 0.926612 0.11417
v 0.433041 0.947432 -0.0264643
v -0.00789795 0.907229 -0.0383766
v -0.0293355 0.91039 -0.0282246
v -0.138382 0.958206 0.02936
v -0.168177 0.952276 0.029929
v -0.164437 0.96005 0.0501326
v -0.160617 0.942143 0.0945108
v -0.151058 0.92169 0.106887
v -0.0866013 0.888534 0.120256
v 0.126231 0.808269 0.16907
v 0.405515 0.898391 0.109563
v 0.319052 0.938224 -0.0547208
v -0.0852775 0.924115 -0.00355975
v -0.125354 0.913368 0.126005
v -0.0864073 0.876809 0.126214
v -0.061576 0.871757 0.124569
v 0.0550814 0.825057 0.162823
v 0.265825 0.835113 0.172655
v 0.480303 0.987364 0.0496562
v 0.484613 0.995683 0.0206313
v 0.381414 0.955696 -0.0208044
v 0.373695 0.93581 -0.0323917
v 0.163756 0.914246 -0.0803069
v 0.0552357 0.940871 -0.0626986
v -0.00661508 0.916114 -0.032416
v -0.126704 0.95087 0.0133914
v -0.185927 0.958592 0.0670183
v -0.177498 0.948426 0.0793915
v -0.134908 0.92021 0.115956
v -0.12746 0.903294 0.125747
v -0.00218057 0.846658 0.14731
v 0.0199878 0.829297 0.150459
v 0.114297 0.811029 0.169977
v 0.308981 0.86317 0.169136
v 0.323066 0.85707 0.16239
v 0.473821 0.982596 0.0743813
v 0.497965 0.984102 0.0425617
v 0.418321 0.962393 -0.0182268
v 0.400532 0.957807 -0.0199918
v 0.35734 0.949817 -0.0302671
v 0.333313 0.932461 -0.0372777
v 0.324188 0.93872 -0.0519311
v 0.291781 0.91912 -0.071757
v 0.249404 0.943222 -0.0891852
v 0.090416 0.925237 -0.0987981
v -0.000633336 0.918883 -0.0515135
v -0.0136396 0.924657 -0.0220447
v -0.0297794 0.931695 -0.0208127
v -0.144344 0.930971 0.106659
v -0.0723769 0.881301 0.133252
v -0.0524314 0.874385 0.126936
v 0.176264 0.81472 0.16832
v 0.199089 0.826512 0.175322
v 0.226363 0.823612 0.174905
v 0.449224 0.939714 0.100528
v 0.446742 0.975832 -0.00481135
v 0.396343 0.949366 -0.0242645
v 0.337061 0.945839 -0.0306077
v 0.307303 0.939521 -0.0524832
v 0.208164 0.938547 -0.0814145
v 0.0837767 0.93117 -0.0886954
v 0.0302522 0.932847 -0.060909
v -0.103966 0.939928 0.00225588
v -0.154831 0.937275 0.0995351
v 0.0739779 0.817 0.164589
v 0.0946187 0.814937 0.169048
v 0.160169 0.815921 0.170289
v 0.395919 0.906348 0.115789
v 0.438267 0.94683 0.113432
v 0.449803 0.957599 0.0945169
v 0.448733 0.972316 0.0888319
v 0.467008 0.988836 0.061467
v 0.45294 0.988328 0.00974858
v 0.269404 0.942136 -0.0670113
v 0.251679 0.94893 -0.0820332
v 0.364752 0.901732 0.139997
v 0.393869 0.919567 0.119507
v 0.474844 0.997718 0.0128941
v 0.422646 0.968183 -0.0139725
v 0.38173 0.963964 -0.0162084
v 0.258586 0.942058 -0.0869856
v 0.129419 0.911321 -0.0898053
v 0.0901646 0.943641 -0.0766598
v 0.00395109 0.929747 -0.0425506
v -0.0434392 0.931815 -0.0154856
v -0.128192 0.954976 0.0195685
v -0.171807 0.966372 0.0627007
v -0.098796 0.906408 0.129978
v -0.0774611 0.88818 0.134292
v -0.030533 0.862333 0.133724
v 0.38879 0.91733 0.128928
v 0.465178 0.99545 0.0450425
v 0.0346503 0.930441 -0.0689607
v -0.00782931 0.930862 -0.0199003
v -0.0577635 0.921411 -0.00329348
v -0.154225 0.964704 0.0545259
v -0.162668 0.954538 0.0812244
v -0.0433697 0.868892 0.130094
v -0.0122382 0.854706 0.143518
v 0.367757 0.908077 0.138348
v 0.451224 1.00251 0.0192106
v 0.376477 0.947534 -0.0218806
v -0.0702827 0.93936 0.00304813
v -0.116228 0.944826 0.00780126
v 0.440804 0.948167 0.107185
v 0.327745 0.945755 -0.0333248
v 0.136865 0.915725 -0.081631
v 0.0685071 0.928893 -0.0832309
v -0.0017237 0.933519 -0.0242216
v -0.0631841 0.926067 -0.000218084
v -0.139499 0.963388 0.042762
v -0.154238 0.967928 0.0640897
v -0.157366 0.963411 0.0730492
v -0.0820798 0.891203 0.124424
v 0.0697228 0.83475 0.171304
v 0.0990439 0.825009 0.174177
v 0.183728 0.83155 0.178108
v 0.384183 0.899433 0.13365
v 0.409361 0.939672 0.116751
v 0.458424 0.993902 0.061222
v 0.474797 0.996783 0.0320718
v 0.431106 0.985651 0.00748387
v 0.316455 0.950692 -0.0445594
v 0.290136 0.947189 -0.0552198
v 0.032452 0.939223 -0.0612523
v 0.251677 0.844057 0.178513
v 0.34935 0.880198 0.152569
v 0.399319 0.920098 0.115177
v 0.430427 0.947392 0.115989
v 0.113477 0.937623 -0.0765621
v 0.0490388 0.942817 -0.0581068
v 0.0088455 0.929803 -0.0472478
v -0.148157 0.958259 0.0868422
v -0.0307249 0.870222 0.137625
v 0.242231 0.831151 0.176189
v 0.448878 0.983993 0.0842321
v 0.458148 1.00387 0.0193634
v 0.414334 0.978434 -0.00337481
v 0.36612 0.956903 -0.0183553
v 0.298598 0.953399 -0.0436621
v 0.177804 0.942206 -0.0552717
v 0.124785 0.927108 -0.076867
v -0.0936141 0.950548 0.00916246
v -0.10291 0.949574 0.0101008
v 0.0373232 0.836578 0.162167
v 0.207667 0.835154 0.180077
v 0.406805 0.970689 -0.0114916
v 0.372422 0.964782 -0.0164186
v -0.0519708 0.933131 0.0026676
v -0.121507 0.923676 0.124385
v -0.0400899 0.883602 0.133686
v 0.141608 0.827965 0.1783
v 0.422546 0.974315 0.114971
v 0.471872 0.97804 0.080207
v 0.454981 0.993671 0.0777813
v 0.453042 0.997061 0.073697
v 0.438628 0.993862 0.0154002
v 0.333215 0.944565 -0.031428
v -0.0616932 0.947401 0.00849724
v -0.016483 0.868559 0.147487
v -0.00689495 0.868064 0.152856
v 0.0230513 0.842147 0.158707
v 0.163808 0.833163 0.179808
v 0.310311 0.884833 0.175326
v 0.323979 0.887883 0.170526
v 0.35807 0.901382 0.149086
v 0.436923 0.959988 0.10223
v 0.318975 0.960547 -0.0243699
v 0.158147 0.928037 -0.0659615
v 0.130065 0.939456 -0.0596309
v 0.0262016 0.941298 -0.0409879
v 0.0242595 0.933724 -0.0470135
v 0.00828596 0.93991 -0.0333803
v -0.105113 0.965973 0.0308065
v 0.00429079 0.853309 0.154459
v 0.409192 0.957425 0.119828
v 0.451846 1.00208 0.0366361
v 0.423955 0.993159 0.0165609
v 0.411921 0.988053 0.010404
v 0.355313 0.961625 -0.0199248
v 0.347576 0.948949 -0.0318959
v 0.214474 0.942072 -0.0823991
v 0.195871 0.94567 -0.0664086
v 0.0984143 0.945285 -0.0759541
v 0.067297 0.949763 -0.0605501
v -0.116204 0.969099 0.0377583
v -0.140428 0.955976 0.0977134
v -0.0851623 0.908689 0.131636
v -0.0346883 0.892426 0.138241
v 0.120359 0.821971 0.175325
v 0.290894 0.862381 0.174035
v 0.353775 0.912301 0.156967
v 0.441704 1.00734 0.0267495
v -0.0714512 0.89975 0.140648
v 0.337208 0.888051 0.163555
v 0.357072 0.966597 -0.0144964
v 0.247976 0.965972 -0.0595091
v 0.170846 0.934554 -0.0585337
v 0.034386 0.945914 -0.054466
v 0.302063 0.950397 -0.0447868
v 0.264187 0.961198 -0.0516271
v 0.244407 0.957879 -0.07177
v -0.0129687 0.934223 -0.0151709
v -0.0359121 0.937751 -0.016905
v -0.0321342 0.951715 -0.00224979
v -0.0909412 0.961337 0.0195316
v -0.127275 0.967494 0.0445873
v -0.132526 0.962915 0.0974736
v -0.109915 0.934779 0.125723
v 0.205939 0.848744 0.186181
v 0.386404 0.938202 0.132068
v 0.392909 0.937137 0.122768
v 0.390287 0.97933 -0.00192376
v 0.380926 0.973984 -0.00738454
v 0.334713 0.967905 -0.0198212
v 0.311902 0.958417 -0.0379654
v 0.218091 0.947213 -0.0779151
v 0.10994 0.948437 -0.0665481
v 0.0182996 0.950764 -0.0265953
v -0.133138 0.973641 0.0661994
v -0.127704 0.944957 0.108553
v -0.103312 0.913572 0.131905
v -0.0480357 0.886259 0.134267
v 0.104853 0.838575 0.180239
v 0.175281 0.850331 0.189196
v 0.349427 0.914677 0.160846
v 0.400945 0.953305 0.122376
v 0.436834 0.987845 0.088951
v 0.283597 0.967181 -0.0388416
v 0.272292 0.949454 -0.0591114
v -0.0278723 0.945109 -0.0125289
v -0.133549 0.973141 0.0569031
v -0.133683 0.967223 0.0820509
v -0.0766485 0.91301 0.135278
v -0.0647871 0.895287 0.142912
v 0.438774 1.00546 0.0744317
v 0.445493 1.00151 0.0596182
v 0.435219 1.0088 0.0268247
v 0.340034 0.972453 -0.0165136
v 0.255381 0.960539 -0.0600499
v 0.151042 0.942664 -0.0490804
v 0.125526 0.946519 -0.0552545
v 0.102779 0.947579 -0.0720386
v 0.0107717 0.948857 -0.0218833
v -0.043727 0.952191 0.0121514
v -0.074412 0.907215 0.13445
v 0.143757 0.844603 0.187063
v 0.336099 0.905262 0.167409
v 0.378139 0.926455 0.136232
v -0.10137 0.924645 0.13204
v -0.0398986 0.898257 0.140428
v 0.0219161 0.859127 0.163998
v 0.219494 0.855276 0.188055
v 0.425479 0.964688 0.117024
v 0.422908 0.979901 0.105089
v 0.420667 1.00622 0.0279182
v 0.34376 0.962422 -0.0237931
v 0.325768 0.968296 -0.0161496
v 0.200013 0.955471 -0.0596441
v -0.0182738 0.953777 -0.00463091
v -0.0437032 0.938523 0.00189324
v 0.363089 0.981028 -0.00353331
v 0.211727 0.967666 -0.0513981
v -0.126382 0.976829 0.0644172
v -0.0814229 0.923467 0.13845
v -0.0631524 0.909325 0.148256
v 0.124383 0.849413 0.188155
v 0.270608 0.858249 0.177238
v 0.39056 0.949837 0.127758
v 0.419268 1.00034 0.0231233
v 0.320115 0.969559 -0.0150222
v 0.0875639 0.954001 -0.0633907
v 0.0362183 0.955969 -0.0398894
v -0.0488319 0.960037 0.0175564
v -0.120606 0.975289 0.078604
v 0.00846313 0.869129 0.161001
v 0.0415294 0.851079 0.168561
v 0.309496 0.901598 0.179263
v 0.362281 0.922062 0.145933
v 0.397713 0.973219 0.124171
v 0.440393 1.00039 0.0800902
v 0.161639 0.941862 -0.0483828
v 0.0501235 0.956257 -0.0434072
v -0.0737258 0.960382 0.0179429
v -0.123556 0.969901 0.0942647
v 0.335992 0.915487 0.16739
v 0.437822 1.00645 0.0485264
v 0.42514 1.01104 0.0372092
v 0.409359 1.01007 0.0328489
v 0.37144 0.984871 0.00428211
v 0.344537 0.981118 -0.00488487
v 0.294834 0.966477 -0.0306433
v 0.270349 0.96682 -0.0429211
v 0.138983 0.937433 -0.0574937
v 0.00804418 0.952111 -0.0155712
v -0.00705571 0.950342 -0.00572851
v -0.0149844 0.974299 0.010869
v -0.055967 0.968169 0.0255262
v -0.0783884 0.974163 0.0349833
v -0.115072 0.97722 0.0569998
v -0.0675984 0.925716 0.143459
v -0.0360367 0.910734 0.149105
v 0.0546274 0.851507 0.172933
v 0.248336 0.860447 0.184907
v 0.389332 0.961345 0.130134
v 0.363983 0.974214 -0.0102895
v 0.233374 0.963686 -0.0628541
v -0.0378814 0.954889 0.0125227
v -0.119242 0.977373 0.0707748
v 0.0847465 0.845865 0.178364
v 0.322948 0.902305 0.173521
v 0.42633 1.01031 0.0609482
v 0.306726 0.967116 -0.0287143
v 0.179065 0.956638 -0.0407715
v 0.042261 0.960692 -0.0382676
v 0.0361696 0.959422 -0.0386548
v -0.0993629 0.980254 0.0495033
v -0.101965 0.982017 0.0556129
v -0.111028 0.968721 0.105816
v -0.110919 0.961861 0.110251
v -0.0145016 0.887315 0.152154
v 0.295872 0.886183 0.180822
v 0.365755 0.934125 0.142834
v 0.383331 0.952446 0.13699
v 0.391398 0.98702 0.00838538
v 0.162483 0.953127 -0.0362994
v -0.110649 0.952023 0.115584
v -0.054401 0.909576 0.149687
v 0.102646 0.963413 -0.0501629
v 0.0597386 0.960027 -0.0436065
v 0.25715 0.872442 0.18762
v 0.351881 0.928604 0.15863
v 0.371866 0.942579 0.140082
v 0.425963 1.01076 0.0760653
v -0.079528 0.933991 0.140303
v -0.00367244 0.896004 0.158158
v 0.0471418 0.868423 0.175249
v 0.407996 0.990186 0.11651
v 0.330052 0.977466 -0.0140835
v 0.277388 0.980629 -0.0267353
v 0.256839 0.972893 -0.0419478
v 0.221124 0.972991 -0.0480969
v -0.0653245 0.969806 0.0272554
v -0.0938049 0.971008 0.0347098
v -0.106865 0.980405 0.0808046
v -0.0911957 0.964811 0.122628
v -0.0159463 0.909154 0.15411
v -0.0163078 0.899237 0.152284
v 0.0153015 0.882414 0.166096
v 0.0347605 0.871057 0.1718
v 0.164454 0.860064 0.19485
v 0.32072 0.918707 0.174377
v 0.359398 0.95479 0.144941
v 0.411691 0.993545 0.105003
v 0.417125 1.0083 0.0861631
v 0.379131 1.0104 0.0316692
v 0.313571 0.979753 -0.00775262
v 0.313201 0.972288 -0.0146338
v 0.292618 0.97001 -0.0265299
v 0.204571 0.972817 -0.0411973
v 0.126191 0.958864 -0.0362971
v 0.0304455 0.960029 -0.0266415
v -0.0901047 0.956162 0.126726
v 0.199992 0.863792 0.193635
v 0.347234 0.928101 0.162053
v 0.426087 1.00044 0.0876267
v 0.415398 1.01303 0.0383557
v 0.404596 0.999098 0.0218151
v 0.297481 0.981281 -0.0134025
v 0.264465 0.984588 -0.0248633
v 0.11108 0.962686 -0.0461971
v 0.0927536 0.951907 -0.0672405
v 0.0779624 0.96933 -0.0409576
v 0.052732 0.973 -0.0242142
v 0.0222437 0.962934 -0.0151518
v -0.00944768 0.967587 0.00645229
v -0.0617686 0.92523 0.147914
v -0.0562463 0.92126 0.153578
v 0.142402 0.860301 0.194764
v 0.346631 0.93762 0.159531
v 0.353323 0.943012 0.151358
v 0.385891 0.971639 0.131686
v 0.34959 0.987185 0.00171997
v 0.152846 0.954473 -0.0334865
v 0.0386564 0.970505 -0.0262954
v 0.00954956 0.966794 -0.0035502
v -0.0217649 0.96835 0.00750299
v -0.0921869 0.94196 0.130793
v -0.0230937 0.909723 0.150877
v 0.215744 0.866147 0.193154
v 0.379292 0.964106 0.140396
v 0.242761 0.981456 -0.0386957
v 0.0127993 0.977144 0.00462947
v 0.0373313 0.893744 0.176655
v 0.287521 0.899524 0.18788
v 0.352006 0.949537 0.149786
v 0.392042 0.978574 0.125482
v 0.354795 0.998105 0.0200703
v 0.326806 0.98815 -0.00501024
v 0.3224 0.984251 -0.00791839
v 0.095895 0.965753 -0.0487809
v -0.0655969 0.983457 0.0454436
v -0.098349 0.980095 0.100536
v -0.0664298 0.940953 0.145413
v 0.224243 0.877449 0.196181
v 0.336261 0.941053 0.160478
v 0.241335 0.967023 -0.0602159
v -0.0334295 0.968458 0.023396
v -0.086406 0.9875 0.0694539
v 0.299 0.91347 0.184575
v 0.405875 0.986595 0.119843
v -0.028655 0.967428 0.0186295
v -0.032122 0.975839 0.0322683
v -0.0928138 0.984821 0.0851025
v -0.105095 0.975782 0.10314
v 0.00623733 0.90402 0.163902
v 0.0226228 0.891287 0.169272
v 0.117239 0.861493 0.192973
v 0.275403 0.890311 0.190112
v 0.375521 1.00246 0.023868
v 0.331809 1.00147 0.0221029
v 0.33784 0.991062 0.0036619
v 0.193505 0.963054 -0.0448906
v 0.133932 0.95956 -0.031899
v 0.0591936 0.975082 -0.023455
v -0.0910007 0.983862 0.0544632
v -0.0707942 0.950794 0.138787
v 0.0678184 0.861 0.179103
v 0.354437 0.966311 0.146423
v 0.415161 1.01407 0.0760629
v 0.413529 1.01461 0.0563445
v -0.0177049 0.977952 0.0174385
v -0.0784692 0.980764 0.118652
v -0.0778066 0.970891 0.128284
v -0.0113903 0.915697 0.157856
v 0.182592 0.87561 0.201227
v 0.343016 0.953085 0.153884
v 0.376089 0.971793 0.140647
v 0.382538 0.987242 0.127194
v 0.137147 0.9742 -0.0149022
v 0.123685 0.975702 -0.0154312
v 0.112655 0.97542 -0.023211
v 0.00108767 0.971477 0.00754212
v -0.0691516 0.989843 0.0590182
v -0.0517824 0.936412 0.15557
v 0.0313001 0.899669 0.17491
v 0.313702 0.922275 0.177211
v 0.399897 1.00361 0.105608
v 0.376573 1.01759 0.0412202
v 0.147457 0.972626 -0.0162653
v -0.062773 0.99559 0.0821155
v -0.0584194 0.953535 0.143986
v -0.0358567 0.926567 0.157831
v 0.0606373 0.878075 0.181656
v 0.310327 0.992102 -0.0015083
v 0.2485 0.985644 -0.0299131
v 0.182141 0.971411 -0.0263986
v 0.0331612 0.978042 -0.00477791
v -0.082129 0.98953 0.0782352
v 0.280895 0.90647 0.190521
v 0.327318 0.936571 0.167099
v 0.395944 0.998177 0.118382
v 0.35985 1.01102 0.0337146
v 0.298809 1.00034 0.00477979
v 0.236808 0.992081 -0.0250962
v 0.230947 0.987481 -0.031932
v 0.00306108 0.985696 0.0206222
v -0.0117016 0.984043 0.0237929
v -0.0583298 0.995309 0.0716982
v 0.00394088 0.913154 0.163372
v 0.0173979 0.913515 0.167028
v 0.0622606 0.887291 0.183198
v 0.160502 0.873197 0.200775
v 0.235112 0.896801 0.198148
v 0.250765 0.897459 0.195509
v 0.308463 0.932387 0.178579
v 0.375294 0.994017 0.126969
v 0.362202 1.01735 0.0420267
v 0.320154 0.994808 0.00354371
v 0.290067 0.997238 0.00245304
v 0.178878 0.980219 -0.016175
v -0.0503388 0.984696 0.0470124
v -0.04785 0.932563 0.157302
v 0.0962048 0.874463 0.192893
v 0.186921 0.885176 0.203666
v 0.278408 0.917079 0.19024
v 0.216538 0.986273 -0.030875
v 0.163842 0.965944 -0.0251569
v -0.0139836 0.924936 0.160172
v 0.141661 0.87783 0.200904
v 0.369173 0.980995 0.13902
v 0.389127 1.01477 0.0980219
v 0.388444 1.02174 0.0737796
v 0.282154 0.988456 -0.013603
v -0.066441 0.978163 0.128542
v 0.122303 0.882587 0.198584
v 0.291836 0.925664 0.185523
v 0.331549 0.958604 0.15659
v 0.391457 1.01868 0.0862243
v 0.377741 1.02098 0.0487269
v 0.0568552 0.983106 -0.0110008
v -0.0256007 0.98342 0.0376307
v -0.0797665 0.987756 0.104223
v -0.0423652 0.947276 0.153765
v 0.387636 1.00406 0.115987
v 0.393293 1.01963 0.0520064
v 0.19553 0.985784 -0.0160394
v 0.162741 0.982389 -0.0103298
v 0.0426612 0.977338 -0.0193107
v -0.0692951 0.988344 0.11336
v 0.175003 0.884005 0.203599
v 0.330747 1.00934 0.0345427
v 0.0973365 0.981038 -0.0262371
v 0.0497188 0.992619 0.00550873
v -0.0416514 0.986738 0.0488775
v -0.0490434 0.993466 0.0624345
v -0.0575161 0.970873 0.137623
v 0.046763 0.901778 0.178019
v 0.113593 0.896176 0.196856
v 0.312022 0.945231 0.173299
v 0.103581 0.982602 -0.0195978
v -0.0310564 0.938597 0.159222
v 0.087538 0.981691 -0.0273921
v 0.0794517 0.995068 -0.00619773
v 0.0374981 0.98862 0.00744344
v -0.0595008 0.983012 0.127247
v -0.0150787 0.93496 0.162157
v 0.0296887 0.913648 0.174419
v 0.245138 0.910075 0.196126
v 0.342455 0.964643 0.15178
v 0.298282 1.00394 0.00834117
v 0.270427 0.994297 -0.0120186
v 0.0739042 0.984715 -0.0198573
v -0.0397705 0.959639 0.150514
v 0.0015397 0.925217 0.163766
v 0.195688 0.89495 0.208086
v 0.230622 0.909439 0.199475
v 0.373247 1.00621 0.117856
v 0.374336 1.02566 0.0734716
v 0.215621 0.999095 -0.0141903
v -0.025508 0.994571 0.0550422
v -0.0612342 0.993864 0.107526
v 0.0854921 0.889874 0.190041
v 0.281435 0.931271 0.18597
v 0.37604 1.0163 0.102919
v 0.322177 0.950301 0.163576
v 0.353962 0.980782 0.143553
v 0.344877 1.0072 0.129865
v 0.224693 0.999837 -0.01615
v 0.00261378 0.990963 0.0272627
v -0.00845641 0.944481 0.164412
v 0.309994 1.00539 0.0207734
v 0.129084 0.898687 0.200325
v 0.207267 0.904166 0.208894
v 0.253701 0.924566 0.192488
v 0.302657 0.951369 0.171023
v 0.367345 1.02641 0.0663849
v 0.280109 1.00663 0.00789583
v 0.061646 0.995548 0.00494021
v -0.0447634 0.99815 0.0765557
v -0.024569 0.960756 0.156638
v 0.0102292 0.931536 0.166384
v 0.17436 0.895139 0.207208
v 0.177888 0.904967 0.204112
v 0.261476 0.933747 0.188767
v 0.286486 0.944698 0.179738
v 0.356941 1.025 0.0605861
v 0.234802 1.00748 -0.00496453
v 0.256326 0.997586 -0.0110458
v 0.0903342 0.998846 -0.000607468
v -0.000100191 0.998145 0.0439103
v -0.0351021 0.996671 0.0655615
v -0.0354092 0.970163 0.146056
v 0.196627 0.898919 0.207231
v 0.219217 0.914913 0.209398
v 0.21122 0.900408 0.202314
v 0.241436 0.921418 0.196317
v 0.316045 0.963373 0.175519
v 0.326247 0.977246 0.153139
v 0.338106 0.991934 0.145179
v -0.0515077 0.987888 0.12292
v 0.0566787 0.915243 0.178286
v 0.203644 0.912489 0.203971
v 0.313959 0.959097 0.166247
v 0.360506 0.994091 0.134268
v 0.359156 1.01884 0.105157
v 0.372546 1.0228 0.0897585
v 0.358216 1.02879 0.0768865
v 0.329484 1.01465 0.0430683
v 0.284757 1.011 0.0145719
v 0.265645 1.00651 0.0025619
v 0.155272 0.993788 0.00139
v 0.128981 0.995978 0.00705345
v 0.00951466 0.997247 0.0339472
v -0.0120165 0.996817 0.0521912
v -0.0519971 0.997675 0.0836016
v -0.0539754 0.995747 0.106161
v 0.182425 0.994959 -0.00169562
v 0.0241879 0.993556 0.0203399
v 0.0452015 0.925492 0.172852
v 0.0710577 0.920018 0.18534
v 0.0832913 0.908441 0.187703
v 0.160913 0.904661 0.210661
v 0.258118 0.939427 0.188309
v 0.31719 0.975096 0.156448
v 0.349194 1.0236 0.0591924
v 0.0538026 0.998754 0.0139041
v 0.0425663 0.998237 0.020481
v -0.0363323 0.988448 0.125275
v -0.0184804 0.951477 0.161659
v 0.159893 0.892967 0.2044
v 0.22754 0.92247 0.201551
v 0.242235 0.932007 0.197908
v 0.292968 0.9512 0.177553
v 0.35067 1.00231 0.132294
v 0.102611 0.998608 0.00674479
v 0.0401701 1.00596 0.0360954
v -0.0260091 0.97957 0.14371
v 0.0536727 0.920752 0.182783
v 0.190371 0.910803 0.202912
v 0.315633 0.970203 0.16214
v 0.340188 0.981454 0.148329
v 0.356009 1.01386 0.116076
v 0.20267 1.00514 0.00197835
v 0.133786 1.00365 0.0157639
v 0.0258457 0.931714 0.169493
v 0.12038 0.907105 0.199446
v 0.228976 0.923753 0.206702
v 0.261701 1.02105 0.0198924
v 0.217737 1.00941 -0.00207621
v 0.190582 1.00686 0.00945439
v 0.0125542 1.00469 0.049591
v -0.0328066 1.00027 0.0841868
v -0.0374992 0.977979 0.138168
v 0.253024 0.939784 0.190875
v 0.275075 0.94667 0.183511
v 0.277752 0.950551 0.182545
v 0.349538 1.02981 0.0711456
v 0.342802 1.02861 0.0672568
v 0.264374 1.01279 0.00971858
v -0.0234021 1.0026 0.0911102
v -0.039399 0.997322 0.10278
v 0.0446822 0.935431 0.171485
v 0.210014 0.924086 0.203289
v 0.214312 0.920728 0.204731
v 0.347913 1.02114 0.109047
v 0.353563 1.0248 0.0913412
v 0.325054 1.02201 0.0571485
v 0.113737 0.997337 0.00884341
v 0.0841071 1.0086 0.0161255
v 0.0269705 1.00489 0.0398904
v 0.095686 0.915778 0.191549
v 0.135542 0.914578 0.205045
v 0.244515 0.934394 0.204849
v 0.230193 1.01267 0.000886276
v -0.00848616 0.95642 0.163313
v 0.0334254 0.943251 0.168389
v 0.05335 0.927864 0.181191
v 0.290621 0.966825 0.170457
v 0.300561 1.01774 0.0377608
v 0.106203 1.00472 0.0170167
v -0.00966743 1.00116 0.0637635
v -0.0139531 1.00185 0.0717544
v -0.0164486 1.00319 0.0801466
v -0.0284969 0.997233 0.112651
v -0.0155892 0.96594 0.157251
v 0.00365671 0.951338 0.166313
v 0.0216861 0.940012 0.167911
v 0.177144 0.920073 0.204497
v 0.333188 1.00182 0.140793
v -0.0132588 0.976709 0.149774
v 0.0919201 0.922606 0.193297
v 0.144855 0.912322 0.209211
v 0.262211 0.945946 0.196105
v 0.306501 0.9782 0.162931
v 0.336534 1.00728 0.133595
v 0.338288 1.01281 0.122298
v 0.325696 1.03176 0.06814
v 0.29207 1.02661 0.0473592
v 0.29067 1.02147 0.0366366
v 0.0668632 1.00641 0.0193277
v 0.211868 1.01962 0.0181254
v -0.0268127 0.989809 0.131475
v 0.109823 0.92073 0.198375
v 0.127372 0.924567 0.204497
v 0.267172 0.957983 0.18796
v 0.279363 0.965489 0.175825
v 0.298416 0.966289 0.169961
v 0.342958 1.02607 0.0978059
v 0.168583 1.00105 0.00790164
v 0.107102 1.01243 0.029769
v -0.00300128 0.974572 0.156358
v 0.132465 0.92322 0.214122
v 0.146952 0.916966 0.214923
v 0.194852 0.933592 0.206328
v 0.226046 0.937553 0.198786
v 0.260826 0.960232 0.190188
v 0.33303 1.01982 0.106974
v 0.325285 1.02492 0.0923579
v 0.209261 0.935188 0.20335
v 0.238817 0.937977 0.201811
v 0.311985 0.991992 0.152643
v 0.312955 1.03095 0.0630531
v 0.265665 1.02657 0.0306622
v -0.00932546 1.00252 0.0918988
v -0.0159926 0.989018 0.131786
v 0.0828226 0.940583 0.186289
v 0.227931 1.0189 0.00994857
v 0.0115316 1.00888 0.0675348
v 0.0562887 0.938894 0.17834
v 0.122821 0.926555 0.212626
v 0.236765 0.94878 0.192652
v 0.323968 1.00029 0.145125
v 0.171054 1.01558 0.0252913
v 0.0867541 1.01563 0.0306627
v 0.0443226 0.952337 0.167734
v 0.228237 0.950018 0.192511
v 0.317907 1.03144 0.0766502
v 0.24672 1.03194 0.0319886
v 0.0734409 1.01507 0.0315456
v -0.00835167 1.00415 0.0816609
v 0.0051872 0.967539 0.162752
v 0.0187028 0.962001 0.166651
v 0.0248788 0.966601 0.164952
v 0.320263 1.01046 0.137994
v 0.315716 1.02341 0.116997
v 0.140498 1.00848 0.0219738
v -0.00167802 1.00206 0.109466
v 0.0531964 0.950545 0.17425
v 0.0690829 0.942742 0.180476
v 0.090707 0.936162 0.191819
v 0.108209 0.925161 0.206379
v 0.238315 0.962763 0.179105
v 0.285245 0.981976 0.164259
v 0.303668 0.996655 0.152377
v 0.308197 1.03307 0.0665023
v 0.271313 1.03337 0.0457879
v 0.0330212 1.01171 0.053395
v -0.00882703 0.988866 0.135018
v -0.00409814 0.984686 0.145541
v 0.0103315 0.976985 0.159591
v 0.132379 0.935539 0.202746
v 0.170534 0.934009 0.202611
v 0.195812 0.941457 0.207087
v 0.209442 0.947529 0.202777
v 0.293655 0.991625 0.154971
v 0.323763 1.01676 0.127973
v 0.313309 1.02881 0.0875008
v 0.198356 1.02135 0.0265857
v 0.117886 1.01719 0.0372561
v 0.0545975 1.01803 0.0506371
v 0.0179754 1.0128 0.0889782
v 0.0421033 0.963691 0.163252
v 0.262447 0.972185 0.183867
v 0.210726 1.02697 0.0324371
v 0.14759 1.02119 0.034763
v 0.0249255 1.01326 0.0676378
v 0.159751 0.939753 0.205248
v 0.221766 0.952402 0.194594
v 0.297516 1.03354 0.0774187
v 0.175561 1.02429 0.0335257
v 0.0118542 1.00953 0.102927
v 0.0796355 0.95969 0.178006
v 0.112085 0.934726 0.205059
v 0.190928 0.946874 0.209175
v 0.233395 0.964507 0.179548
v 0.310596 1.01999 0.127145
v 0.286821 1.03606 0.071773
v 0.295104 1.03325 0.0604382
v 0.249489 1.03574 0.0390736
v 0.226043 1.02775 0.0260953
v 0.0612923 1.02158 0.0555129
v 0.00579146 0.991102 0.142601
v 0.00587177 0.982543 0.153948
v 0.0976576 0.950608 0.194058
v 0.105244 0.948746 0.19681
v 0.12486 0.949991 0.195882
v 0.298021 1.00592 0.144211
v 0.239595 1.03549 0.0383956
v 0.208381 1.02931 0.0380616
v 0.138472 1.02322 0.0401546
v 0.08094 1.02127 0.0432883
v 0.0490745 1.01997 0.0635518
v 0.0061047 1.00114 0.125734
v 0.0206371 0.985896 0.151717
v 0.221927 0.960113 0.193193
v 0.252131 0.979398 0.17158
v 0.264833 0.982499 0.175969
v 0.277021 0.999386 0.162107
v 0.306136 1.02979 0.100361
v 0.16041 1.02566 0.0407454
v 0.123373 1.02279 0.0462137
v 0.101921 1.02036 0.0449694
v 0.0248106 0.977458 0.15862
v 0.0422048 0.971685 0.157933
v 0.0708522 0.955757 0.175033
v 0.206911 0.953272 0.207285
v 0.274321 0.985983 0.173885
v 0.287486 0.996844 0.153288
v 0.292252 1.01435 0.135129
v 0.305134 1.01058 0.137038
v 0.198989 1.02915 0.0427501
v 0.159988 1.02598 0.0455745
v 0.0519413 0.963414 0.168467
v 0.114652 0.956149 0.190855
v 0.0336364 1.01801 0.082331
v 0.0211653 1.01006 0.112696
v 0.0163523 1.0001 0.135053
v 0.0635883 0.981289 0.15967
v 0.142811 0.941329 0.204327
v 0.282771 1.01164 0.14309
v 0.291481 1.0273 0.11419
v 0.29434 1.03444 0.0897666
v 0.273846 1.04034 0.0779656
v 0.245253 1.03996 0.0503798
v 0.225849 1.03587 0.044559
v 0.155665 1.02563 0.0569539
v 0.133619 1.02306 0.0596611
v 0.110243 1.02296 0.0540379
v 0.0862051 0.968578 0.1818
v 0.246628 0.985884 0.166722
v 0.250227 0.984902 0.166764
v 0.294327 1.03494 0.101999
v 0.192587 1.02919 0.0529638
v 0.0891035 1.02442 0.0577107
v 0.073904 1.02506 0.0653707
v 0.0611424 1.02401 0.0757266
v 0.0378598 1.01783 0.102267
v 0.0263086 0.997742 0.142088
v 0.0343136 0.994986 0.143132
v 0.0558616 0.982126 0.156684
v 0.270431 0.995667 0.16843
v 0.021462 1.00487 0.133215
v 0.289788 1.03673 0.0961028
v 0.181093 1.02888 0.0577227
v 0.110802 1.02402 0.0640334
v 0.217514 0.964275 0.201599
v 0.265345 1.04085 0.066363
v 0.258499 1.03999 0.0563274
v 0.233514 1.03959 0.0494292
v 0.0984848 1.02524 0.070815
v 0.170064 0.961271 0.228244
v 0.170225 0.948572 0.213811
v 0.251063 1.00094 0.154963
v 0.0336025 1.00453 0.133911
v 0.0438472 0.997827 0.14212
v 0.0592118 0.996762 0.149033
v 0.116619 0.962573 0.190989
v 0.150937 0.950865 0.213171
v 0.238044 0.98856 0.173477
v 0.267187 1.00779 0.157224
v 0.273361 1.01322 0.151573
v 0.273282 1.04033 0.0907979
v 0.236977 1.04286 0.0642882
v 0.151548 1.02903 0.0635403
v 0.078142 1.02572 0.0850213
v 0.0425099 1.0206 0.0875676
v 0.0720092 0.980301 0.165126
v 0.0922382 0.967951 0.184647
v 0.18892 0.955692 0.218052
v 0.258485 1.04341 0.0798752
v 0.0398691 1.01191 0.123302
v 0.0816972 0.987236 0.17103
v 0.23298 0.978863 0.180382
v 0.225086 1.03966 0.059963
v 0.181188 1.03116 0.0605798
v 0.0647772 1.02358 0.102243
v 0.106742 0.975014 0.180115
v 0.194183 0.96447 0.223548
v 0.207199 1.03701 0.0607586
v 0.120909 1.0252 0.0660869
v 0.0453184 1.00726 0.134006
v 0.068854 0.995391 0.155327
v 0.094621 0.977664 0.177737
v 0.16292 0.964702 0.230497
v 0.239312 1.0006 0.164799
v 0.269678 1.02504 0.139819
v 0.260595 1.04443 0.0896779
v 0.250534 1.04613 0.0805918
v 0.233089 1.04549 0.0693905
v 0.126983 1.03823 0.0754393
v 0.0576346 1.01688 0.124326
v 0.0985465 0.984927 0.171614
v 0.254754 1.01233 0.148785
v 0.191951 1.03887 0.0644538
v 0.148573 1.03738 0.0690104
v 0.0832084 1.02816 0.0896846
v 0.0725295 1.02373 0.114705
v 0.124018 0.970837 0.205121
v 0.134959 0.965691 0.213913
v 0.277946 1.02672 0.125899
v 0.265812 1.04066 0.105261
v 0.101713 1.03218 0.0816047
v 0.0619269 1.0086 0.141457
v 0.103651 0.986584 0.171919
v 0.11256 0.975583 0.188969
v 0.21839 0.977072 0.207906
v 0.245299 1.01367 0.145291
v 0.207749 1.04368 0.0682708
v 0.167203 1.04246 0.070253
v 0.111254 1.03078 0.0742734
v 0.0791647 0.999561 0.163827
v 0.117745 0.982425 0.202621
v 0.192502 0.971109 0.23174
v 0.0794228 1.02811 0.109436
v 0.0683516 1.0064 0.148266
v 0.176924 0.966756 0.235131
v 0.209175 0.97293 0.217826
v 0.22961 0.989211 0.191908
v 0.264101 1.02651 0.140793
v 0.22255 1.04748 0.0744916
v 0.146571 1.04176 0.075225
v 0.0698402 1.01585 0.13522
v 0.096905 0.996591 0.161992
v 0.103814 0.995903 0.167769
v 0.23381 0.998901 0.180695
v 0.254735 1.04565 0.107302
v 0.235275 1.04928 0.085015
v 0.191734 1.04765 0.0717661
v 0.0901627 1.03289 0.0958939
v 0.109237 0.988628 0.185748
v 0.235429 1.01128 0.165429
v 0.238453 1.01518 0.149622
v 0.247799 1.04754 0.096478
v 0.20526 1.05171 0.0768606
v 0.178612 1.04721 0.0741364
v 0.155189 1.04363 0.0821036
v 0.1183 1.04145 0.0831635
v 0.0815943 1.02929 0.122524
v 0.0763904 1.01998 0.145027
v 0.151762 0.972348 0.230721
v 0.174961 0.975132 0.246297
v 0.188354 0.980374 0.247637
v 0.251081 1.04024 0.125666
v 0.259598 1.03927 0.125047
v 0.183062 1.04648 0.0840256
v 0.108058 1.041 0.0892767
v 0.0925488 1.03668 0.103836
v 0.0772667 1.01311 0.154166
v 0.0954727 1.00922 0.154527
v 0.184705 1.04117 0.100397
v 0.219696 1.05411 0.0829527
v 0.182309 0.992045 0.259597
v 0.229843 1.02584 0.147797
v 0.178931 1.03937 0.105854
v 0.157874 1.03531 0.101162
v 0.100228 1.0182 0.147071
v 0.104051 1.01073 0.16296
v 0.105753 1.00809 0.171479
v 0.202102 0.982198 0.232455
v 0.244028 1.05532 0.106179
v 0.228003 1.05424 0.0954161
v 0.168561 1.03588 0.100272
v 0.147306 1.03537 0.107873
v 0.122888 1.03101 0.121209
v 0.109271 0.998211 0.192205
v 0.128968 0.986338 0.219048
v 0.225472 0.995504 0.205337
v 0.233298 1.0073 0.186721
v 0.109191 1.02327 0.143721
v 0.172774 0.992029 0.260457
v 0.224592 1.01628 0.216133
v 0.227589 1.03182 0.14425
v 0.193496 1.04057 0.115388
v 0.13836 1.00094 0.237012
v 0.204391 1.00038 0.24387
v 0.231648 1.03049 0.167487
v 0.211502 1.0389 0.131341
v 0.140018 1.03685 0.115688
v 0.120952 1.0305 0.128029
v 0.1214 1.00258 0.219769
v 0.154335 0.988083 0.246347
v 0.182031 1.0451 0.119613
v 0.181254 0.995239 0.269732
v 0.194964 0.996543 0.255056
v 0.217131 1.00257 0.223414
v 0.158598 1.04203 0.113712
v 0.167065 0.995537 0.268632
v 0.187277 0.994859 0.306571
v 0.104852 1.01897 0.181828
v 0.161519 0.993438 0.257924
v 0.211679 1.04243 0.140394
v 0.137966 1.04343 0.123578
v 0.127121 1.01103 0.232437
v 0.157951 0.998839 0.269886
v 0.156892 0.996238 0.295542
v 0.202153 1.00116 0.296763
v 0.206135 1.00883 0.251756
v 0.223243 1.03569 0.14745
v 0.234269 1.01762 0.176576
v 0.171423 1.04503 0.117703
v 0.156509 1.04634 0.119342
v 0.126377 1.04031 0.130165
v 0.155273 0.998606 0.25886
v 0.192506 0.997729 0.312631
v 0.211257 1.00906 0.285135
v 0.220556 1.02104 0.227256
v 0.157411 0.999316 0.311126
v 0.179799 0.998595 0.319921
v 0.207595 1.01065 0.261609
v 0.232484 1.02518 0.199626
v 0.193858 1.04556 0.126383
v 0.105338 1.02751 0.172967
v 0.201395 1.00405 0.308406
v 0.209877 1.00965 0.294789
v 0.147621 1.05283 0.125806
v 0.131696 1.0133 0.243939
v 0.230428 1.02371 0.20633
v 0.204198 1.04847 0.139503
v 0.116679 1.03663 0.140072
v 0.139842 1.00975 0.297557
v 0.16908 1.00377 0.323591
v 0.177634 1.05683 0.130656
v 0.140787 1.00903 0.258484
v 0.19507 1.00604 0.318471
v 0.219377 1.02392 0.23835
v 0.222526 1.04454 0.158294
v 0.141695 1.00646 0.287723
v 0.231302 1.03505 0.210191
v 0.108497 1.03288 0.160752
v 0.111734 1.01341 0.210712
v 0.229386 1.03962 0.16926
v 0.187084 1.05701 0.134858
v 0.167361 1.05817 0.129166
v 0.117385 1.05593 0.146038
v 0.105703 1.02426 0.200292
v 0.184167 1.00919 0.323378
v 0.10757 1.04538 0.167037
v 0.102943 1.0351 0.192833
v 0.128003 1.0191 0.288173
v 0.171858 1.01656 0.324612
v 0.225325 1.02952 0.241806
v 0.132143 1.05696 0.133135
v 0.114376 1.02367 0.2235
v 0.118403 1.02413 0.234814
v 0.118342 1.02436 0.24096
v 0.151351 1.00869 0.312435
v 0.203122 1.02078 0.310132
v 0.226034 1.02509 0.265077
v 0.14678 1.06122 0.130662
v 0.123159 1.05333 0.138277
v 0.190902 1.02158 0.321077
v 0.209521 1.01534 0.300773
v 0.231249 1.03806 0.230504
v 0.21785 1.05803 0.161999
v 0.102867 1.0414 0.185349
v 0.119794 1.02231 0.267111
v 0.124833 1.02946 0.295044
v 0.229708 1.03674 0.219332
v 0.225481 1.05596 0.170555
v 0.197723 1.05906 0.142453
v 0.196749 1.06931 0.124008
v 0.107165 1.03667 0.231811
v 0.228413 1.02872 0.271292
v 0.233742 1.03997 0.190637
v 0.105529 1.03515 0.212542
v 0.210916 1.03332 0.304927
v 0.164606 1.06643 0.120377
v 0.182011 1.0256 0.326065
v 0.237014 1.03892 0.253333
v 0.234289 1.04722 0.217588
v 0.235215 1.05059 0.201526
v 0.180079 1.06511 0.116771
v 0.158249 1.06666 0.13144
v 0.105073 1.05259 0.172971
v 0.113454 1.02933 0.268557
v 0.15822 1.03754 0.32324
v 0.158355 1.01846 0.320664
v 0.237232 1.04247 0.26415
v 0.200003 1.06659 0.148554
v 0.195726 1.06462 0.141199
v 0.133928 1.03311 0.308286
v 0.144116 1.03029 0.314932
v 0.101019 1.04519 0.20704
v 0.107799 1.03656 0.25521
v 0.115918 1.03273 0.282168
v 0.220346 1.02571 0.288644
v 0.152547 1.07334 0.119759
v 0.149932 1.06914 0.132742
v 0.169404 1.03212 0.329723
v 0.191411 1.03482 0.325124
v 0.238871 1.06095 0.207587
v 0.123558 1.06611 0.139446
v 0.100924 1.04867 0.232165
v 0.179085 1.03425 0.33173
v 0.19287 1.07125 0.117901
v 0.104928 1.06114 0.169473
v 0.103637 1.04739 0.255769
v 0.168666 1.04059 0.32956
v 0.231337 1.04787 0.282427
v 0.242257 1.05052 0.251715
v 0.232383 1.05356 0.182982
v 0.197247 1.07802 0.14662
v 0.133193 1.07109 0.135429
v 0.178325 1.04086 0.330693
v 0.189009 1.04339 0.326491
v 0.119025 1.04626 0.295916
v 0.141382 1.03989 0.316131
v 0.110998 1.07073 0.152078
v 0.0986515 1.05557 0.191668
v 0.149544 1.0434 0.322053
v 0.177454 1.07986 0.115623
v 0.241486 1.05006 0.238523
v 0.24607 1.0733 0.220817
v 0.231089 1.07888 0.175169
v 0.224322 1.06977 0.169693
v 0.163102 1.07851 0.115954
v 0.15384 1.08647 0.122932
v 0.152284 1.07501 0.133088
v 0.0978207 1.06556 0.181167
v 0.108665 1.04189 0.273231
v 0.193957 1.04891 0.325931
v 0.243887 1.06249 0.258266
v 0.203531 1.07721 0.153238
v 0.151516 1.08105 0.131059
v 0.0977078 1.06028 0.232328
v 0.108875 1.05632 0.279906
v 0.168085 1.04888 0.332752
v 0.215849 1.0426 0.303361
v 0.15933 1.08664 0.117717
v 0.136877 1.07968 0.135104
v 0.0923273 1.06526 0.216117
v 0.186898 1.05006 0.330498
v 0.20949 1.05185 0.312306
v 0.199233 1.08079 0.12416
v 0.0933845 1.06558 0.227689
v 0.198623 1.05514 0.322309
v 0.241354 1.07535 0.201155
v 0.180517 1.09165 0.115153
v 0.16746 1.08654 0.113281
v 0.0913872 1.07733 0.200168
v 0.17063 1.05968 0.329699
v 0.183623 1.06076 0.329303
v 0.193941 1.09494 0.133235
v 0.187491 1.08724 0.119766
v 0.144163 1.09126 0.134012
v 0.0806853 1.06887 0.218027
v 0.102289 1.06137 0.259511
v 0.247557 1.08032 0.205501
v 0.19221 1.09251 0.12498
v 0.119834 1.07395 0.140402
v 0.101577 1.08824 0.1526
v 0.0781162 1.07968 0.200797
v 0.248844 1.08009 0.217172
v 0.23659 1.07739 0.184579
v 0.225825 1.08392 0.168588
v 0.203213 1.09041 0.150344
v 0.100685 1.08204 0.255938
v 0.132057 1.06041 0.313024
v 0.163481 1.06653 0.324756
v 0.239249 1.05903 0.270473
v 0.112494 1.09263 0.140974
v 0.0953978 1.06986 0.23304
v 0.115854 1.05841 0.293418
v 0.178705 1.06309 0.333491
v 0.246225 1.06649 0.241291
v 0.243152 1.09039 0.192967
v 0.181944 1.09872 0.112454
v 0.156023 1.09641 0.10913
v 0.122577 1.08838 0.306418
v 0.147052 1.05448 0.320613
v 0.247552 1.09374 0.193267
v 0.162378 1.09669 0.108336
v 0.137098 1.10011 0.135352
v 0.0918768 1.08713 0.172401
v 0.0777487 1.08497 0.210614
v 0.0914134 1.0881 0.226791
v 0.155583 1.07089 0.320887
v 0.17854 1.06786 0.347586
v 0.191834 1.06945 0.32486
v 0.226858 1.06655 0.292421
v 0.249308 1.09049 0.234928
v 0.262228 1.08682 0.198781
v 0.162439 1.10713 0.106346
v 0.210324 1.06672 0.309647
v 0.187476 1.10346 0.106884
v 0.154288 1.09353 0.120074
v 0.0888338 1.08901 0.182442
v 0.238035 1.10387 0.171313
v 0.19652 1.10939 0.110612
v 0.186161 1.10676 0.102439
v 0.159851 1.07358 0.324374
v 0.194823 1.07897 0.32065
v 0.232483 1.10001 0.166997
v 0.198648 1.10454 0.144219
v 0.248595 1.10405 0.184821
v 0.21281 1.1038 0.151012
v 0.108934 1.11621 0.142043
v 0.141625 1.07254 0.317863
v 0.16603 1.07389 0.343033
v 0.197295 1.06966 0.317039
v 0.143798 1.10379 0.129972
v 0.117555 1.10258 0.138155
v 0.0856 1.094 0.188989
v 0.107069 1.0966 0.275471
v 0.131052 1.0871 0.312585
v 0.155833 1.08189 0.320016
v 0.191385 1.076 0.338391
v 0.250748 1.09745 0.212027
v 0.257365 1.09604 0.202446
v 0.104921 1.0936 0.146279
v 0.073225 1.09341 0.196278
v 0.0760536 1.09884 0.199126
v 0.220916 1.07326 0.300088
v 0.238794 1.09476 0.277283
v 0.243725 1.10507 0.180447
v 0.180873 1.11124 0.10592
v 0.146709 1.10203 0.114205
v 0.0879896 1.09984 0.204893
v 0.17492 1.07822 0.350253
v 0.185559 1.07586 0.347343
v 0.186739 1.09162 0.331911
v 0.216764 1.09166 0.301965
v 0.261277 1.10762 0.186167
v 0.15407 1.1098 0.112028
v 0.117434 1.11556 0.138058
v 0.0896961 1.101 0.168417
v 0.0742294 1.09631 0.19121
v 0.114881 1.08796 0.294499
v 0.167155 1.08559 0.339077
v 0.198936 1.0897 0.312477
v 0.232087 1.09881 0.289375
v 0.234463 1.08897 0.2849
v 0.228051 1.11046 0.159937
v 0.200211 1.11231 0.143655
v 0.17233 1.11752 0.104682
v 0.153769 1.11849 0.110554
v 0.261116 1.10481 0.183009
v 0.178601 1.11731 0.104565
v 0.142317 1.11911 0.124762
v 0.0862838 1.10936 0.179095
v 0.169543 1.09581 0.337801
v 0.13754 1.11552 0.131993
v 0.0740727 1.10854 0.194832
v 0.162591 1.09296 0.324635
v 0.249947 1.10678 0.194062
v 0.260102 1.1202 0.178112
v 0.213462 1.11629 0.149627
v 0.185358 1.11641 0.115796
v 0.130913 1.11669 0.135243
v 0.249935 1.10823 0.216696
v 0.249303 1.11466 0.192394
v 0.0891934 1.11233 0.167424
v 0.0909881 1.1069 0.219737
v 0.17956 1.09322 0.34079
v 0.226679 1.09938 0.294333
v 0.257968 1.11998 0.187825
v 0.248654 1.11684 0.17894
v 0.203385 1.12118 0.125108
v 0.195501 1.12114 0.119597
v 0.191132 1.09695 0.319538
v 0.206901 1.10113 0.304311
v 0.243817 1.09748 0.261993
v 0.232271 1.12072 0.161473
v 0.100425 1.11619 0.149322
v 0.0832468 1.11417 0.207978
v 0.112424 1.10678 0.286963
v 0.12576 1.11004 0.299425
v 0.222346 1.13412 0.154408
v 0.203441 1.12403 0.141387
v 0.191834 1.12813 0.121459
v 0.0959937 1.09775 0.241178
v 0.100196 1.11612 0.259586
v 0.13555 1.09764 0.310763
v 0.137563 1.10949 0.311532
v 0.157518 1.10426 0.315475
v 0.19235 1.10768 0.310041
v 0.219728 1.10825 0.296038
v 0.25123 1.12504 0.197706
v 0.247239 1.11945 0.212744
v 0.18303 1.12669 0.107275
v 0.172037 1.12645 0.10451
v 0.159488 1.12552 0.113029
v 0.094599 1.12918 0.151093
v 0.0939656 1.11781 0.230249
v 0.179553 1.1111 0.331359
v 0.238094 1.11748 0.26934
v 0.161819 1.13355 0.109539
v 0.13481 1.12491 0.134566
v 0.247987 1.10935 0.239159
v 0.262321 1.13017 0.175197
v 0.199244 1.12982 0.127605
v 0.142858 1.12947 0.127853
v 0.225418 1.1189 0.285253
v 0.248058 1.13137 0.209597
v 0.243956 1.1314 0.179105
v 0.201239 1.13118 0.143823
v 0.174147 1.13454 0.104394
v 0.0831086 1.12275 0.214505
v 0.111981 1.11676 0.287012
v 0.133147 1.11633 0.308002
v 0.143404 1.13452 0.126195
v 0.10284 1.13158 0.141507
v 0.0749683 1.12434 0.195183
v 0.171018 1.11547 0.32708
v 0.184968 1.11324 0.315575
v 0.189643 1.1209 0.306814
v 0.24096 1.13533 0.246161
v 0.236301 1.12918 0.165685
v 0.182596 1.13289 0.120512
v 0.0821931 1.13331 0.197328
v 0.117691 1.12468 0.300232
v 0.14045 1.1186 0.311249
v 0.208804 1.11723 0.30298
v 0.243938 1.13048 0.221349
v 0.253387 1.13186 0.191926
v 0.262524 1.14148 0.185055
v 0.258924 1.13605 0.178714
v 0.210223 1.13974 0.147005
v 0.204421 1.14011 0.132022
v 0.184147 1.13885 0.1212
v 0.0855455 1.12925 0.216261
v 0.24006 1.12709 0.25751
v 0.257565 1.14104 0.194501
v 0.199378 1.13636 0.126506
v 0.153057 1.13605 0.117358
v 0.131444 1.13765 0.137224
v 0.0987583 1.13482 0.259186
v 0.159576 1.11793 0.312038
v 0.167289 1.12072 0.324311
v 0.18369 1.12294 0.319645
v 0.239061 1.14704 0.171781
v 0.181317 1.13902 0.107334
v 0.0880036 1.12704 0.162117
v 0.176343 1.12213 0.324837
v 0.211839 1.12419 0.299876
v 0.225428 1.12656 0.286877
v 0.233948 1.12742 0.273207
v 0.244521 1.1426 0.186701
v 0.134605 1.14971 0.136275
v 0.133772 1.12767 0.31798
v 0.158985 1.12771 0.326305
v 0.209259 1.13295 0.310501
v 0.108705 1.13712 0.138735
v 0.106394 1.12476 0.278531
v 0.228684 1.13671 0.288799
v 0.245221 1.14689 0.192671
v 0.245293 1.14811 0.20687
v 0.23298 1.14261 0.161343
v 0.164495 1.15143 0.1092
v 0.156145 1.14391 0.119398
v 0.146166 1.14211 0.127027
v 0.126626 1.14794 0.14112
v 0.0834985 1.13882 0.17721
v 0.0916921 1.13362 0.232614
v 0.24798 1.14547 0.200725
v 0.20869 1.14775 0.145797
v 0.177009 1.14724 0.127415
v 0.168216 1.15031 0.10848
v 0.0810784 1.14107 0.196282
v 0.145393 1.12765 0.322128
v 0.196423 1.13401 0.320344
v 0.218921 1.13572 0.304976
v 0.235551 1.14377 0.265669
v 0.204646 1.14715 0.135294
v 0.200045 1.14473 0.130711
v 0.162949 1.13399 0.328262
v 0.230502 1.15713 0.163693
v 0.171643 1.15019 0.114126
v 0.240805 1.14992 0.241691
v 0.207303 1.15551 0.147407
v 0.156024 1.15012 0.127133
v 0.108999 1.15067 0.143377
v 0.0922866 1.14458 0.244467
v 0.102083 1.1402 0.271314
v 0.108626 1.13898 0.285016
v 0.219241 1.15615 0.154286
v 0.177965 1.1558 0.129387
v 0.0844849 1.16601 0.172882
v 0.124279 1.12917 0.311777
v 0.22294 1.14017 0.299549
v 0.164969 1.15683 0.109071
v 0.0980662 1.14701 0.147132
v 0.187104 1.13518 0.324757
v 0.200376 1.15986 0.136431
v 0.171383 1.15658 0.111905
v 0.160558 1.14184 0.32649
v 0.231263 1.14792 0.275733
v 0.170683 1.16265 0.120951
v 0.152008 1.15585 0.130458
v 0.0829707 1.14124 0.21236
v 0.190779 1.14527 0.322412
v 0.223239 1.15098 0.2884
v 0.244583 1.15825 0.208026
v 0.242652 1.15702 0.182487
v 0.142892 1.15407 0.314166
v 0.203317 1.16538 0.149968
v 0.199967 1.16485 0.135223
v 0.177633 1.1606 0.13153
v 0.158425 1.16234 0.113649
v 0.135835 1.164 0.14143
v 0.126398 1.16069 0.14613
v 0.151643 1.14068 0.325257
v 0.199985 1.14389 0.318287
v 0.205763 1.14901 0.310457
v 0.200096 1.16923 0.135893
v 0.10465 1.1636 0.150185
v 0.0798309 1.16747 0.196271
v 0.0979103 1.15356 0.26724
v 0.116954 1.13971 0.296173
v 0.239331 1.16973 0.249964
v 0.205667 1.17248 0.139012
v 0.163674 1.16977 0.118802
v 0.079328 1.1726 0.210906
v 0.233535 1.17851 0.175047
v 0.209007 1.17224 0.154453
v 0.192772 1.17382 0.132357
v 0.157073 1.16989 0.114996
v 0.152398 1.16504 0.129801
v 0.0931864 1.16637 0.159885
v 0.102062 1.15784 0.275736
v 0.129953 1.14656 0.306259
v 0.184063 1.15727 0.315421
v 0.225195 1.17742 0.164765
v 0.175654 1.16669 0.129326
v 0.135955 1.17016 0.141289
v 0.1242 1.17296 0.153729
v 0.0886254 1.15972 0.24468
v 0.113253 1.16206 0.288122
v 0.202023 1.1585 0.308489
v 0.212855 1.15524 0.299124
v 0.155706 1.17019 0.133306
v 0.0976394 1.17347 0.266492
v 0.171128 1.17726 0.124699
v 0.133955 1.17701 0.148355
v 0.154694 1.15501 0.317078
v 0.165323 1.15403 0.318539
v 0.233046 1.17192 0.264848
v 0.242656 1.16985 0.235291
v 0.244152 1.17525 0.200923
v 0.24014 1.18066 0.189706
v 0.202008 1.18149 0.143736
v 0.155527 1.17868 0.132156
v 0.218285 1.17314 0.286655
v 0.0967211 1.18841 0.174553
v 0.1597 1.16984 0.310309
v 0.243707 1.1774 0.212842
v 0.17684 1.18215 0.134632
v 0.167951 1.1839 0.123169
v 0.159248 1.17697 0.118759
v 0.115975 1.17586 0.287391
v 0.148032 1.16777 0.310623
v 0.231161 1.19517 0.184505
v 0.204776 1.18336 0.159238
v 0.184673 1.17844 0.132911
v 0.0869858 1.17742 0.176471
v 0.102948 1.18501 0.26775
v 0.126586 1.16709 0.300887
v 0.210867 1.17059 0.29606
v 0.142576 1.17875 0.144998
v 0.110722 1.17642 0.158274
v 0.0835249 1.18343 0.194451
v 0.181453 1.17121 0.307414
v 0.235616 1.1979 0.199867
v 0.198922 1.18808 0.139541
v 0.179969 1.18794 0.131532
v 0.163442 1.18637 0.124521
v 0.125166 1.18125 0.158816
v 0.113362 1.19364 0.169241
v 0.0855855 1.18686 0.221216
v 0.091114 1.17563 0.254334
v 0.169279 1.17026 0.309099
v 0.193728 1.16868 0.307424
v 0.200379 1.17415 0.301889
v 0.236842 1.18254 0.250358
v 0.145801 1.18368 0.141035
v 0.103171 1.18794 0.168835
v 0.222853 1.18424 0.270507
v 0.200889 1.18526 0.154844
v 0.127189 1.19125 0.166134
v 0.0863236 1.1801 0.237165
v 0.139337 1.16818 0.308336
v 0.233405 1.19124 0.246006
v 0.239477 1.19257 0.209764
v 0.218655 1.19298 0.169369
v 0.149781 1.1922 0.144589
v 0.132572 1.18793 0.154103
v 0.0860161 1.19254 0.205889
v 0.129371 1.17442 0.300039
v 0.138288 1.18551 0.295549
v 0.148552 1.17588 0.304938
v 0.180105 1.18404 0.29405
v 0.0954055 1.1889 0.252298
v 0.115964 1.18665 0.282668
v 0.222298 1.1976 0.177792
v 0.189412 1.18934 0.135917
v 0.168391 1.19285 0.128378
v 0.0925752 1.19891 0.194245
v 0.196506 1.19275 0.163982
v 0.238088 1.1952 0.221859
v 0.195585 1.19979 0.168251
v 0.15705 1.19368 0.133425
v 0.137242 1.19621 0.147789
v 0.172077 1.18025 0.298114
v 0.206732 1.18121 0.292267
v 0.21087 1.19762 0.17049
v 0.195871 1.19594 0.151055
v 0.191208 1.20224 0.153174
v 0.17142 1.19271 0.142022
v 0.163467 1.19564 0.138256
v 0.153479 1.1842 0.296052
v 0.211457 1.18654 0.283093
v 0.2189 1.20469 0.179481
v 0.119729 1.2001 0.173603
v 0.106921 1.19962 0.177437
v 0.0987786 1.19968 0.238331
v 0.187435 1.18832 0.289348
v 0.184693 1.20057 0.149185
v 0.0952061 1.2049 0.208051
v 0.0897899 1.19832 0.219379
v 0.119277 1.19569 0.278031
v 0.155495 1.18594 0.2972
v 0.184841 1.17806 0.313376
v 0.218629 1.19527 0.263506
v 0.226792 1.20738 0.196678
v 0.202835 1.20542 0.174778
v 0.148797 1.1982 0.135131
v 0.230804 1.206 0.211283
v 0.128353 1.19807 0.159543
v 0.124584 1.19979 0.16963
v 0.129229 1.18824 0.291125
v 0.189763 1.18538 0.313984
v 0.208542 1.19455 0.275385
v 0.193375 1.20515 0.158723
v 0.166082 1.20102 0.142447
v 0.103044 1.206 0.189404
v 0.0978181 1.20523 0.222478
v 0.152028 1.1832 0.311756
v 0.188189 1.18641 0.297231
v 0.228307 1.2016 0.23421
v 0.141586 1.20443 0.138384
v 0.133233 1.20091 0.146749
v 0.148993 1.19132 0.289786
v 0.217659 1.20298 0.248034
v 0.201883 1.20983 0.179749
v 0.138099 1.20747 0.149392
v 0.134286 1.20027 0.280752
v 0.189905 1.19493 0.282147
v 0.19796 1.1959 0.279809
v 0.202207 1.2028 0.266838
v 0.216031 1.20811 0.229926
v 0.218119 1.21401 0.207159
v 0.214862 1.21279 0.194132
v 0.182095 1.20851 0.154536
v 0.11323 1.20301 0.263775
v 0.149178 1.19831 0.283145
v 0.162783 1.18799 0.31837
v 0.17945 1.18676 0.314012
v 0.154038 1.18839 0.316711
v 0.127066 1.2061 0.16109
v 0.11806 1.20723 0.181705
v 0.109115 1.20988 0.191074
v 0.106973 1.21077 0.221957
v 0.108038 1.20852 0.237022
v 0.146051 1.19215 0.298651
v 0.188544 1.19477 0.288835
v 0.186098 1.20034 0.277033
v 0.222554 1.21176 0.218276
v 0.195995 1.20939 0.171842
v 0.139303 1.20968 0.16355
v 0.133072 1.21072 0.168107
v 0.117229 1.21007 0.248264
v 0.145476 1.19703 0.294209
v 0.182882 1.2014 0.290683
v 0.20711 1.20943 0.241673
v 0.189778 1.21152 0.163451
v 0.157767 1.20795 0.147697
v 0.127249 1.21069 0.185474
v 0.115338 1.2137 0.234716
v 0.126414 1.20458 0.271491
v 0.136284 1.20745 0.267138
v 0.147592 1.20927 0.152334
v 0.185495 1.20185 0.283012
v 0.13256 1.2104 0.255884
v 0.158374 1.19423 0.315656
v 0.181489 1.19549 0.309387
v 0.198265 1.21472 0.189906
v 0.145136 1.21872 0.163093
v 0.12486 1.206 0.17432
v 0.115164 1.21406 0.207879
v 0.187792 1.20429 0.269378
v 0.192064 1.21168 0.253538
v 0.197982 1.2098 0.251086
v 0.128062 1.21457 0.201203
v 0.144358 1.20327 0.292487
v 0.155517 1.19611 0.304252
v 0.152613 1.20393 0.296534
v 0.202427 1.21659 0.218997
v 0.16901 1.21167 0.149829
v 0.152321 1.21655 0.154494
v 0.191626 1.20543 0.279497
v 0.209797 1.21314 0.228706
v 0.192004 1.21775 0.17999
v 0.18042 1.21308 0.152543
v 0.167871 1.22086 0.157109
v 0.134069 1.21746 0.177359
v 0.130086 1.21571 0.21396
v 0.167998 1.19794 0.316126
v 0.174608 1.20479 0.306113
v 0.177179 1.21088 0.292769
v 0.190179 1.2096 0.283068
v 0.1916 1.21673 0.229713
v 0.195552 1.2175 0.200475
v 0.187582 1.22258 0.185046
v 0.19348 1.21797 0.213773
v 0.184492 1.21965 0.174326
v 0.134717 1.21732 0.191926
v 0.19039 1.21034 0.267253
v 0.190571 1.21495 0.241165
v 0.147039 1.22151 0.179621
v 0.138756 1.21967 0.20642
v 0.130477 1.21507 0.23823
v 0.144658 1.21162 0.28091
v 0.185149 1.2147 0.277807
v 0.137123 1.21935 0.230378
v 0.145606 1.21618 0.289713
v 0.186904 1.21613 0.260115
v 0.156232 1.22566 0.17161
v 0.142381 1.21517 0.259584
v 0.158197 1.20338 0.310391
v 0.182114 1.21764 0.271586
v 0.18616 1.21934 0.241413
v 0.186607 1.2216 0.199288
v 0.154174 1.21284 0.298084
v 0.172876 1.21291 0.29992
v 0.17615 1.21852 0.29528
v 0.175569 1.22587 0.194025
v 0.182017 1.22604 0.180135
v 0.162668 1.22543 0.164187
v 0.146302 1.22103 0.195483
v 0.139547 1.22112 0.215377
v 0.140353 1.22256 0.250168
v 0.148945 1.21646 0.271586
v 0.144569 1.21804 0.280844
v 0.166012 1.21319 0.301284
v 0.176612 1.22551 0.2102
v 0.175468 1.23127 0.177707
v 0.169401 1.22541 0.16833
v 0.1495 1.22071 0.256857
v 0.182696 1.2201 0.281846
v 0.175593 1.22021 0.257812
v 0.182562 1.22175 0.241998
v 0.187327 1.22122 0.21837
v 0.171097 1.22706 0.221598
v 0.144774 1.22579 0.249676
v 0.181149 1.22253 0.270261
v 0.153314 1.22754 0.185368
v 0.146764 1.2225 0.229094
v 0.151377 1.22249 0.273833
v 0.153147 1.22003 0.28755
v 0.18036 1.2274 0.280227
v 0.167279 1.23083 0.207008
v 0.170295 1.22968 0.229812
v 0.149475 1.22911 0.196113
v 0.151239 1.22672 0.25863
v 0.16428 1.22613 0.289183
v 0.186053 1.22441 0.264638
v 0.186167 1.22748 0.251314
v 0.182526 1.22808 0.243711
v 0.173906 1.2245 0.238019
v 0.164795 1.23167 0.178458
v 0.146851 1.22683 0.205787
v 0.146912 1.22604 0.213284
v 0.147104 1.2278 0.228407
v 0.147007 1.22874 0.243151
v 0.182275 1.2307 0.259945
v 0.154994 1.23617 0.19479
v 0.155218 1.22444 0.284423
v 0.171212 1.22344 0.292927
v 0.175189 1.23172 0.270207
v 0.166832 1.2351 0.199526
v 0.156696 1.23076 0.261594
v 0.175495 1.23823 0.186764
v 0.147318 1.23223 0.218692
v 0.168844 1.24044 0.200769
v 0.154318 1.23735 0.205259
v 0.173069 1.23649 0.256938
v 0.165878 1.23547 0.221291
v 0.161818 1.24232 0.192019
v 0.15524 1.23845 0.251321
v 0.158866 1.2354 0.259289
v 0.170138 1.23539 0.27624
v 0.173916 1.23851 0.273012
v 0.177757 1.23407 0.240911
v 0.172132 1.23904 0.231474
v 0.165999 1.23703 0.269392
v 0.150749 1.24449 0.198189
v 0.149684 1.23891 0.239404
v 0.167119 1.23843 0.25931
v 0.166145 1.24242 0.221798
v 0.167359 1.24311 0.197662
v 0.160266 1.24307 0.238625
v 0.165509 1.24615 0.233492
v 0.159422 1.24786 0.208694
v 0.16045 1.24577 0.216322
v 0.243247 1.02616 0.131709
v -0.558415 0.92506 -0.0198553
v 0.423187 0.481635 -0.0422726
v 0.251962 0.957349 0.190511
v 0.183939 1.06038 0.120254
v 0.332434 1.0334 0.0775692
v 0.398807 0.572255 -0.175664
v 0.328117 0.0867745 -0.0578573
v 0.297292 0.205303 -0.0130152
v 0.32427 0.26708 0.033094
v 0.340091 0.150987 -0.126526
v -0.060475 0.577134 -0.17915
v -0.0837706 0.900423 -0.00470323
v -0.096589 0.879432 -0.00886581
v -0.0310285 0.552852 -0.0378061
v 0.308357 0.304595 0.051789
v 0.320114 0.0934345 -0.0615734
v 0.347907 0.73878 -0.0119525
v 0.325487 0.144961 -0.0031515
v 0.359721 0.200313 -0.115287
v 0.394353 0.162513 -0.121697
v 0.455795 0.874819 -0.0213947
v 0.403569 0.54909 -0.187265
v -0.0103563 0.525164 0.135254
v 0.329224 0.143351 -0.116938
v -0.0192778 0.810865 -0.0607896
v 0.0969476 1.05924 0.219993
v -0.0119387 0.996152 0.111548
v 0.357199 0.934344 -0.0391081
v 0.346302 0.0872772 -0.00147695
v 0.328292 0.625554 -0.086992
v 0.242614 1.11861 0.174002
v -0.0483297 0.56942 -0.136016
v -0.0150617 0.513802 0.141624
v 0.45986 0.437473 0.0116051
v 0.3462 0.896184 -0.0511873
v 0.289656 0.710432 -0.333135
v 0.319237 0.716686 -0.306014
v 0.020509 0.152666 -0.0135509
v 0.3809 0.550663 -0.21271
v 0.284191 1.03416 0.103858
v 0.0838956 0.632824 -0.0427985
v 0.401525 0.565903 -0.173123
v 0.0669639 0.178747 -0.0616337
v 0.066455 0.190559 -0.0794565
v 0.442471 0.879537 -0.0271989
v 0.430306 0.893142 -0.0278402
v 0.0111158 0.166559 -0.104121
v -0.0139197 0.179273 -0.121794
v -0.013214 0.896597 -0.0555173
v 0.391684 0.641681 -0.260004
v 0.340424 0.158202 -0.0629914
v -0.128345 0.847549 0.0854837
v 0.391748 0.81 0.0467371
v 0.205354 1.17064 0.150288
v 0.20963 0.661412 -0.384687
v 0.225443 0.690588 -0.377298
v 0.179156 0.67543 -0.393002
v 0.197991 1.08707 0.143242
v 0.360978 0.44553 -0.130729
v 0.360482 0.463999 -0.124328
v 0.393414 0.921761 -0.0322699
v -0.0129765 0.116282 -0.0220301
v 0.00734675 0.114578 -0.00548427
v -0.0314624 0.115118 -0.0168561
v 0.0114609 0.115214 -0.0112804
v 0.177867 1.23078 0.185626
v 0.187134 1.22949 0.180641
v 0.341754 0.787853 0.0944344
v 0.343653 0.780707 0.105785
v -0.0607424 0.601064 -0.170127
v 0.187224 0.997023 0.280839
v 0.176623 0.994517 0.294772
v 0.17107 0.994931 0.315012
v 0.19681 1.003 0.264898
v 0.164303 0.995354 0.287068
v -0.00722145 0.117286 -0.0141394
v 0.20217 1.11347 0.121962
v 0.195543 1.10252 0.121218
v 0.1924 1.09861 0.14228
v 0.195134 1.10017 0.126888
v 0.196836 1.10941 0.137076
v 0.0269793 0.196563 -0.1066
v 0.0442563 0.202416 -0.112782
v -0.000440416 0.202322 -0.109902
v 0.170607 1.18391 0.312182
v 0.163368 1.18296 0.299248
v 0.174098 1.18228 0.29865
v 0.149881 1.18544 0.305621
v -0.0460315 0.640724 -0.281024
v -0.0272078 0.653138 -0.294317
v 0.160561 0.923335 0.203944
v 0.15274 0.91084 0.213028
v 0.140706 0.929463 0.20449
v 0.167085 0.914632 0.205899
v 0.378784 0.776245 0.0261361
v 0.318183 0.195638 -0.092968
v 0.318393 0.181306 -0.0654909
v 0.327917 0.197024 -0.107987
v 0.10396 0.13807 -0.067768
v 0.0863484 0.125381 -0.0565386
v 0.101481 0.152615 -0.0827209
v 0.0971784 0.156359 -0.0934687
v 0.091238 0.144721 -0.079984
v 0.0816383 0.125199 -0.0593517
v 0.083335 0.138582 -0.075307
v 0.0180514 0.171245 -0.0158427
v 0.00369285 0.155423 -0.00866845
v 0.0250573 0.158243 0.0173867
v -0.00515167 0.13888 0.005234
v 0.00392262 0.140475 0.0157955
v 0.341189 0.152064 -0.0275769
v 0.356605 0.145329 -0.0333195
v 0.31022 0.168954 -0.0433323
v 0.326285 0.160686 -0.0407671
v 0.309442 0.169072 -0.0188736
v 0.307589 0.171264 -0.0292794
v 0.378991 0.531262 -0.203485
v 0.378888 0.524459 -0.199387
v 0.379295 0.51278 -0.210748
v 0.381033 0.538975 -0.21196
v 0.0818263 1.10939 0.184926
v 0.069447 1.1153 0.187187
v 0.0827602 1.12361 0.183093
v 0.404936 0.0848925 0.0490971
v 0.418931 0.083831 0.0486621
v 0.401605 0.0843271 0.0823354
v 0.416152 0.0847463 0.0737871
v 0.427144 0.0842655 0.0797967
v 0.387537 0.0837521 0.069117
v 0.445145 0.079072 0.037895
v 0.43899 0.0833192 0.0675458
v -0.636923 0.849518 -0.0484695
v -0.657177 0.853921 -0.042486
v -0.654321 0.862854 -0.0460892
v 0.13773 1.21238 0.270392
v 0.143169 1.20418 0.275138
v 0.128993 1.21395 0.246522
v 0.143361 1.20618 0.284505
v -0.66786 0.887596 -0.0256879
v -0.667315 0.891852 -0.0298966
v -0.00183413 0.0738874 0.111835
v -0.0171332 0.0842847 0.055807
v -0.0336323 0.0807389 0.077018
v -0.00834591 0.0809095 0.0868203
v 0.0258235 0.08303 0.0503528
v 0.00965994 0.0837374 0.0633143
v 0.396442 0.605326 -0.203562
v 0.406005 0.617015 -0.206627
v 0.403792 0.605118 -0.214384
v -0.00384698 0.464453 0.140825
v -0.00944539 0.485009 0.134962
v 0.00129725 0.474819 0.128918
v 0.00274091 0.453872 0.140493
v 0.00865101 0.432896 0.139806
v 0.264029 0.635148 -0.0611665
v 0.164881 0.641329 -0.0516494
v 0.252031 0.639539 -0.0645011
v 0.102356 0.633402 -0.0450021
v 0.247175 0.61589 -0.041553
v 0.197633 0.626288 -0.0417686
v 0.169944 0.618342 -0.0314201
v 0.130847 0.63003 -0.0396106
v 0.231764 0.62357 -0.0461977
v 0.261324 0.613704 -0.0413849
v -0.0263998 0.857698 -0.0773604
v -0.0254609 0.837556 -0.0602082
v -0.0237209 0.819894 -0.0579996
v -0.0168158 0.885254 -0.0674715
v -0.0241956 0.865262 -0.0724952
v -0.0258402 0.819829 -0.0756222
v -0.0195639 0.863544 -0.0495348
v -0.0301537 0.8363 -0.0846958
v -0.0297025 0.825488 -0.0867544
v 0.150847 1.23921 0.229709
v 0.159706 1.24664 0.225625
v 0.167762 1.24217 0.245083
v 0.351018 0.71097 -0.0702867
v 0.349227 0.730918 -0.0339667
v 0.351102 0.706248 -0.0820442
v 0.357905 0.689381 -0.13056
v 0.349305 0.71878 -0.0510188
v 0.364907 0.686089 -0.147631
v 0.371001 0.697043 -0.136837
v 0.359775 0.710235 -0.102908
v 0.353288 0.722232 -0.0667497
v 0.426844 0.878636 0.0974351
v 0.430859 0.853899 0.0692557
v 0.422583 0.899833 0.108494
v 0.433638 0.870735 0.0908217
v 0.482685 0.875435 0.0908211
v 0.463227 0.894214 0.107705
v 0.434514 0.858451 0.0746062
v 0.41683 0.882539 0.100225
v 0.457201 0.864802 0.0818333
v 0.424725 0.864347 0.0832639
v -0.0186725 0.545905 0.046472
v -0.00875641 0.52059 0.0812903
v -0.00762581 0.510607 0.0932489
v 0.34583 0.765317 0.0673522
v 0.344347 0.753516 0.0424156
v 0.346853 0.758973 0.0737875
v 0.342367 0.761714 0.0512502
v 0.341205 0.782332 0.0813739
v 0.343956 0.751188 0.0212543
v 0.445477 0.844822 0.0164961
v 0.49389 0.856071 0.0634489
v 0.476055 0.860909 0.071111
v 0.427795 0.839494 0.00897816
v 0.465374 0.846494 0.0230749
v 0.544326 0.858977 0.0304927
v 0.449941 0.846457 0.0445054
v 0.532953 0.857339 0.0353724
v 0.418073 0.847066 -0.00754006
v 0.492672 0.851702 0.0288498
v 0.422122 0.859777 -0.014944
v 0.522694 0.852841 0.0330253
v 0.519787 0.855594 0.0510705
v 0.480974 0.845747 0.045901
v 0.506698 0.853367 0.0539194
v 0.446097 0.842394 0.0287048
v -0.205009 0.835893 0.0490245
v -0.217206 0.864834 0.0160776
v -0.242516 0.865618 0.0520808
v -0.229098 0.863923 0.0269112
v -0.232513 0.867148 0.0826782
v -0.225929 0.850948 0.0747759
v -0.193776 0.843842 0.019823
v -0.235835 0.87389 0.0668359
v -0.217872 0.841982 0.0529404
v -0.228921 0.856223 0.0436984
v -0.220218 0.882597 0.00259405
v -0.216247 0.872332 0.00957088
v -0.242313 0.862814 0.0369374
v -0.261396 0.866318 0.0405508
v -0.207401 0.860814 0.00583385
v -0.237935 0.861454 0.0427439
v -0.207649 0.85601 0.0159798
v -0.213443 0.850007 0.0347298
v -0.22481 0.844941 0.0639529
v -0.228798 0.862642 0.0681474
v -0.225098 0.850878 0.0512283
v -0.231973 0.863647 0.0590404
v 0.365775 0.0539162 -0.153354
v 0.422427 0.0475957 -0.0654848
v 0.369851 0.0406317 0.0156317
v 0.359982 0.0570403 -0.178361
v 0.395232 0.0551458 -0.164879
v 0.460143 0.0379436 0.0884819
v 0.395581 0.0416303 0.0979471
v 0.413614 0.0449264 0.035573
v 0.38033 0.0413595 0.0773247
v 0.433268 0.0402334 0.103129
v 0.368025 0.0391067 -0.00740488
v 0.431907 0.0446626 -0.0208709
v 0.441107 0.0396201 0.116623
v 0.335233 0.0527415 -0.155337
v 0.41903 0.0389961 0.118876
v 0.403791 0.044279 -0.0113127
v 0.404099 0.0438792 0.060283
v 0.361368 0.0364479 -0.0254139
v 0.403114 0.0513779 -0.0969286
v 0.342946 0.0406019 -0.102839
v 0.448207 0.0434965 -0.00606384
v 0.438714 0.046414 -0.0325197
v 0.354203 0.0510511 -0.145024
v 0.349696 0.046278 -0.128466
v 0.367519 0.0412798 0.0409607
v 0.409206 0.0397284 0.112529
v 0.441782 0.0463433 0.0330725
v 0.355152 0.0348086 -0.0528422
v 0.345804 0.0557949 -0.166652
v 0.43126 0.042465 0.081641
v 0.386054 0.0546496 -0.153866
v 0.380733 0.0534367 -0.132731
v 0.40383 0.0419994 0.0884159
v 0.445311 0.0455328 -0.0171459
v 0.394744 0.0433414 0.0212414
v 0.413625 0.0500695 -0.0936582
v 0.382819 0.0413319 -0.0156558
v 0.370861 0.040932 0.0622162
v 0.412682 0.0467332 -0.0426133
v 0.387449 0.0432624 0.04181
v 0.359244 0.0352005 -0.057695
v 0.456065 0.0395413 0.0730578
v 0.457187 0.0429882 0.0297999
v 0.39236 0.0423733 0.0811983
v 0.121677 1.03371 0.11141
v 0.221231 1.0422 0.110094
v 0.196554 1.04245 0.105298
v 0.108455 1.03957 0.0992674
v 0.2245 1.03251 0.126526
v 0.240331 1.05248 0.109405
v 0.209705 1.05128 0.0891662
v 0.0951079 1.03512 0.113637
v 0.0877588 1.01747 0.147323
v 0.234758 1.02783 0.128817
v 0.214043 1.03858 0.11802
v 0.108885 1.02691 0.131019
v 0.088328 1.02747 0.131097
v 0.228518 1.04361 0.111179
v 0.209981 1.04326 0.106599
v 0.126711 1.04106 0.0897926
v 0.189783 1.19504 0.306388
v 0.165487 1.24517 0.216833
v -0.0422085 0.0423915 -0.0359432
v 0.00190983 0.0390129 0.000991768
v -0.0642768 0.037781 0.0222854
v -0.0362093 0.0373905 0.0479059
v 0.0291037 0.037313 0.00749162
v -0.0569662 0.0327147 0.0821683
v 0.0554471 0.0769071 -0.152881
v -0.000285543 0.0386904 0.0288343
v 0.010346 0.0661811 -0.144946
v 0.0423927 0.0700104 -0.136269
v 0.00783617 0.072768 -0.161533
v 0.0349681 0.0355655 0.0374061
v -0.0149646 0.0521131 -0.109462
v -0.0119601 0.0548676 -0.129172
v 0.0311231 0.0567178 -0.114519
v -0.00577612 0.0610799 -0.144415
v 0.00710143 0.0514433 -0.105075
v 0.0124715 0.0567851 -0.122144
v 0.0299023 0.0724057 -0.14444
v -0.0352813 0.048586 -0.0687341
v -0.0631987 0.0386979 0.00769969
v 0.0369371 0.0412333 -0.0714435
v 0.000383071 0.0296184 0.101027
v 0.0176663 0.0444879 -0.0784
v 0.0172193 0.0310996 0.0916992
v 0.0304163 0.0365157 -0.0251178
v 0.0681352 0.078988 -0.164147
v 0.0683204 0.0533156 -0.110051
v 0.0535397 0.0637578 -0.125628
v 0.0580713 0.0520438 -0.101861
v -0.0531604 0.0401279 -0.00901661
v -0.00507205 0.0654675 -0.15365
v -0.0118554 0.0436102 -0.06473
v 0.0383992 0.0356665 -0.0462584
v 0.00384157 0.0415475 -0.0538701
v -0.0315531 0.0441398 -0.0547633
v 0.0461009 0.0382084 -0.0645114
v 0.0152391 0.0775411 -0.168682
v -0.0608429 0.0361758 0.0526065
v -0.0107839 0.0470826 -0.0883288
v -0.0115852 0.0401948 -0.015856
v 0.0710784 0.0611673 -0.126569
v -0.00293851 0.0273613 0.116354
v 0.0504976 0.0468314 -0.0903379
v 0.0314791 0.0830642 -0.174591
v 0.0111742 0.0358673 0.0600902
v -0.0295505 0.0310938 0.093443
v -0.0405755 0.0388701 0.00676601
v -0.0295456 0.0345277 0.0702723
v -0.0436501 0.0300868 0.110219
v 0.189016 0.541064 -0.0495161
v 0.180014 0.514478 -0.0670277
v 0.181977 0.532823 -0.0557017
v 0.187881 0.55865 -0.0363767
v 0.191591 0.576554 -0.0218859
v 0.172026 0.533042 -0.0465266
v 0.147429 0.53331 -0.00920608
v 0.158001 0.551667 -0.0149809
v 0.162523 0.545957 -0.0236621
v 0.175838 0.567136 -0.0233848
v 0.169621 0.557592 -0.0225596
v 0.186621 0.571808 -0.0251839
v 0.17562 0.523379 -0.0590337
v 0.154561 0.545971 -0.0119872
v 0.156949 0.530148 -0.0265595
v 0.179472 0.543778 -0.0458394
v 0.182491 0.557654 -0.0351266
v 0.141832 0.531345 0.00238142
v 0.198836 0.558428 -0.0324589
v 0.216599 0.537677 -0.0277332
v 0.2504 0.531594 0.0197472
v 0.190269 0.517699 -0.0652849
v 0.237654 0.532938 -0.00459099
v 0.213357 0.516472 -0.0499724
v 0.244702 0.542677 0.00815009
v 0.214038 0.52644 -0.0376842
v 0.232863 0.559793 -0.00140357
v 0.223954 0.567357 -0.00593835
v 0.242302 0.525222 0.00179349
v 0.193639 0.533021 -0.0531368
v 0.223379 0.551059 -0.0140555
v -0.181799 0.83337 0.0444731
v -0.18482 0.836208 0.0532216
v -0.18083 0.842846 0.0180165
v -0.197648 0.836997 0.0259578
v -0.196572 0.834734 0.0332713
v -0.153052 0.822017 0.0476312
v -0.153851 0.831212 0.0156961
v -0.0826847 0.818931 0.00228352
v -0.0807704 0.856634 -0.0176046
v -0.125989 0.82834 0.00896175
v -0.131053 0.835304 0.000301936
v -0.163916 0.82495 0.0448742
v -0.128967 0.817835 0.0291533
v -0.0989094 0.817751 0.00960706
v -0.107793 0.82514 0.00572237
v -0.169635 0.833305 0.0225814
v -0.0674521 0.846041 -0.0143829
v -0.0802773 0.83324 -0.00704517
v -0.101184 0.837373 -0.00697446
v -0.152783 0.828586 0.0269826
v 0.548269 0.903166 -0.0232329
v 0.582864 0.896378 -0.00215744
v 0.551254 0.879605 0.025859
v 0.526973 0.889906 -0.0256954
v 0.583812 0.915227 0.0260062
v 0.579495 0.921419 0.0401594
v 0.576594 0.9019 0.0209962
v 0.545351 0.881657 0.00357935
v 0.537169 0.887624 -0.0152613
v 0.568628 0.893432 0.00940155
v 0.544979 0.872996 0.0230358
v 0.545008 0.861128 0.00887728
v 0.565401 0.893478 0.0336509
v 0.569435 0.89822 -0.0119071
v 0.555493 0.884291 0.012882
v 0.539492 0.871721 0.00101241
v 0.542476 0.891608 -0.0124389
v 0.570399 0.894029 -0.000367154
v 0.532774 0.866227 0.0118002
v 0.553696 0.887618 0.00169261
v 0.563738 0.888521 0.0199715
v 0.570275 0.901809 0.0415823
v 0.86169 0.890433 -0.101673
v 0.928191 0.857485 -0.10918
v 0.955678 0.863138 -0.107759
v 0.881368 0.871097 -0.103144
v 0.952789 0.9185 -0.148149
v 0.969528 0.9057 -0.110993
v 0.949665 0.931736 -0.157328
v 0.946689 0.857904 -0.115881
v 0.960964 0.880776 -0.134386
v 0.945655 0.910733 -0.163113
v 0.910282 0.870318 -0.0879918
v 0.95812 0.889871 -0.131563
v 0.877834 0.872749 -0.105948
v 0.925736 0.861024 -0.0935402
v 0.958906 0.868594 -0.121655
v 0.906582 0.86374 -0.100554
v 0.961232 0.92245 -0.139
v 0.93713 0.903482 -0.166127
f 9 9893 9877
f 9877 9875 9
f 9864 89 88
f 89 9867 10
f 31 2 32
f 58 32 2
f 2 18 58
f 18 3 19
f 59 19 3
f 3 9817 59
f 65 59 9817
f 9817 9810 65
f 9824 9837 66
f 20 66 9837
f 9837 9808 20
f 61 20 9808
f 9806 34 61
f 9806 9825 35
f 35 9814 107
f 54 107 9814
f 9812 54 9814
f 116 11 9904
f 12 116 9904
f 12 9886 38
f 9886 4 38
f 39 4 9873
f 13 39 9873
f 15 14 9895
f 9895 9898 15
f 40 15 9898
f 9889 9903 42
f 9903 5 42
f 16 42 5
f 56 68 9805
f 9805 6 56
f 7 9842 21
f 9842 8 21
f 9833 8 9820
f 27 23 9835
f 9835 24 27
f 28 27 24
f 9893 9 72
f 50 9 9875
f 9862 9892 51
f 36 51 9892
f 9882 9864 37
f 88 37 9864
f 89 10 135
f 52 10 9911
f 53 52 9911
f 45 38 4
f 4 39 45
f 69 13 14
f 14 15 69
f 131 46 9889
f 42 131 9889
f 9888 70 16
f 9888 17 47
f 59 65 79
f 66 94 9824
f 9806 35 34
f 55 54 9812
f 56 95 68
f 62 82 8
f 8 9833 62
f 92 9821 22
f 22 9801 92
f 74 92 9801
f 9801 23 74
f 27 74 23
f 28 24 63
f 24 9804 63
f 29 63 9804
f 9804 25 29
f 25 26 76
f 77 76 26
f 26 9803 77
f 83 77 9803
f 9833 9821 62
f 92 62 9821
f 27 28 119
f 30 9813 57
f 78 57 9813
f 9813 31 78
f 31 32 78
f 104 78 32
f 18 19 64
f 20 61 60
f 60 61 34
f 55 68 108
f 36 9882 37
f 88 87 37
f 52 90 10
f 11 114 53
f 12 38 110
f 45 142 38
f 69 15 80
f 40 80 15
f 42 16 81
f 17 9906 48
f 71 43 9893
f 50 72 9
f 50 1 9881
f 45 39 129
f 13 69 143
f 41 46 131
f 131 42 97
f 98 70 9888
f 9888 47 98
f 150 49 43
f 72 71 9893
f 133 86 50
f 9881 133 50
f 36 100 51
f 10 90 135
f 52 53 101
f 53 114 101
f 11 116 115
f 116 12 110
f 35 107 126
f 107 54 127
f 54 55 108
f 109 108 68
f 56 6 128
f 7 73 6
f 21 8 102
f 8 82 102
f 75 74 27
f 119 75 27
f 32 58 104
f 139 104 58
f 58 18 139
f 64 139 18
f 122 19 59
f 79 122 59
f 33 94 123
f 105 94 66
f 20 149 66
f 20 60 67
f 91 73 7
f 7 21 91
f 102 91 21
f 92 82 62
f 28 63 103
f 120 103 63
f 25 137 29
f 25 76 198
f 77 83 185
f 57 159 30
f 139 64 93
f 64 19 122
f 65 33 123
f 149 105 66
f 35 106 34
f 35 126 106
f 127 140 107
f 108 127 54
f 95 109 68
f 128 6 73
f 129 142 45
f 39 13 143
f 80 96 69
f 40 41 85
f 131 85 41
f 47 17 176
f 43 71 150
f 112 71 72
f 72 50 86
f 9881 51 100
f 115 114 11
f 75 147 74
f 119 28 103
f 63 29 120
f 137 25 198
f 76 77 184
f 84 93 64
f 122 84 64
f 123 79 65
f 67 149 20
f 106 60 34
f 169 110 38
f 142 169 38
f 143 129 39
f 96 143 69
f 85 80 40
f 81 97 42
f 164 48 49
f 49 150 132
f 100 36 113
f 90 52 101
f 168 115 116
f 91 136 73
f 82 92 117
f 92 74 118
f 120 29 137
f 77 185 184
f 30 158 83
f 105 124 94
f 106 125 60
f 126 107 215
f 128 95 56
f 16 70 236
f 98 47 99
f 176 99 47
f 146 176 17
f 17 48 146
f 112 151 71
f 72 86 112
f 100 133 9881
f 36 37 152
f 167 88 89
f 135 167 89
f 153 135 90
f 102 136 91
f 102 82 155
f 82 117 155
f 117 92 118
f 147 118 74
f 184 198 76
f 138 159 57
f 57 78 138
f 104 121 78
f 84 122 160
f 123 94 124
f 67 60 125
f 200 140 127
f 174 109 95
f 128 174 95
f 129 143 130
f 236 70 111
f 70 98 111
f 99 111 98
f 132 164 49
f 133 100 134
f 113 134 100
f 116 110 195
f 209 155 117
f 158 185 83
f 139 121 104
f 160 93 84
f 140 215 107
f 108 109 173
f 169 195 110
f 202 143 96
f 96 80 162
f 131 97 145
f 151 150 71
f 133 177 86
f 113 36 178
f 152 178 36
f 207 153 90
f 101 207 90
f 101 114 154
f 154 114 180
f 114 115 180
f 195 168 116
f 102 155 170
f 117 118 209
f 75 119 156
f 157 119 103
f 103 120 157
f 159 158 30
f 121 138 78
f 148 160 122
f 122 79 148
f 105 149 187
f 215 106 126
f 141 127 108
f 73 174 128
f 142 129 161
f 175 161 129
f 129 130 175
f 131 144 85
f 145 97 163
f 97 81 163
f 81 16 236
f 99 176 190
f 146 249 176
f 164 146 48
f 150 221 132
f 112 86 177
f 134 177 133
f 178 165 113
f 166 87 88
f 88 167 166
f 167 135 193
f 153 193 135
f 101 154 208
f 136 102 170
f 119 157 156
f 137 183 120
f 138 121 211
f 93 171 139
f 160 172 93
f 187 124 105
f 173 141 108
f 169 142 161
f 202 130 143
f 162 202 96
f 80 85 162
f 145 144 131
f 151 112 204
f 177 204 112
f 165 134 113
f 208 207 101
f 168 180 115
f 181 136 170
f 170 155 182
f 227 118 147
f 147 75 227
f 157 120 183
f 186 148 79
f 124 186 123
f 187 149 213
f 214 213 149
f 149 67 214
f 199 67 125
f 141 200 127
f 174 173 109
f 216 174 73
f 144 162 85
f 144 145 220
f 236 163 81
f 236 111 189
f 238 221 150
f 150 151 238
f 204 238 151
f 177 134 191
f 192 152 37
f 37 87 192
f 166 223 87
f 167 179 166
f 155 209 182
f 118 227 196
f 75 156 197
f 156 157 197
f 183 197 157
f 159 138 210
f 138 211 210
f 79 123 186
f 187 212 124
f 199 214 67
f 106 199 125
f 201 169 161
f 161 175 217
f 175 130 218
f 188 220 145
f 145 163 188
f 266 189 111
f 111 99 266
f 99 190 266
f 164 132 250
f 221 250 132
f 165 178 206
f 223 192 87
f 167 193 179
f 154 180 194
f 264 180 168
f 182 181 170
f 197 227 75
f 183 137 229
f 230 229 137
f 137 198 230
f 158 159 210
f 121 139 272
f 171 272 139
f 171 93 172
f 172 160 287
f 186 124 231
f 212 231 124
f 232 199 106
f 215 232 106
f 274 173 174
f 174 216 274
f 73 136 216
f 218 217 175
f 203 202 162
f 162 144 203
f 250 146 164
f 191 205 177
f 134 165 191
f 281 206 178
f 178 152 281
f 152 192 222
f 166 179 223
f 193 153 225
f 207 225 153
f 194 208 154
f 195 264 168
f 182 209 240
f 209 118 196
f 270 196 227
f 226 270 227
f 185 255 184
f 211 121 272
f 160 148 287
f 148 186 244
f 187 213 212
f 173 274 233
f 181 216 136
f 217 201 161
f 218 130 234
f 235 234 130
f 202 235 130
f 188 163 290
f 236 290 163
f 249 190 176
f 205 204 177
f 191 165 239
f 165 206 239
f 206 281 253
f 222 281 152
f 223 222 192
f 179 193 224
f 225 224 193
f 254 264 195
f 195 169 254
f 209 196 240
f 197 183 228
f 242 228 183
f 255 230 198
f 198 184 255
f 171 172 322
f 244 287 148
f 199 232 259
f 215 140 246
f 200 141 247
f 141 173 233
f 201 254 169
f 276 235 202
f 202 203 276
f 203 144 219
f 144 220 219
f 250 310 146
f 250 221 237
f 267 238 204
f 277 267 204
f 204 205 277
f 251 205 191
f 223 179 262
f 224 262 179
f 263 225 207
f 207 208 263
f 208 194 263
f 194 180 295
f 275 260 181
f 181 182 275
f 269 275 182
f 182 240 269
f 283 240 196
f 270 283 196
f 227 197 241
f 183 229 242
f 243 271 185
f 185 158 243
f 210 211 256
f 256 211 272
f 172 287 322
f 186 231 257
f 212 245 231
f 213 258 212
f 214 199 259
f 232 215 246
f 140 200 246
f 247 246 200
f 233 247 141
f 216 181 260
f 203 219 276
f 220 188 248
f 290 248 188
f 236 189 291
f 310 249 146
f 267 221 238
f 251 191 252
f 191 239 252
f 239 206 253
f 264 295 180
f 297 270 226
f 241 226 227
f 228 241 197
f 286 242 229
f 229 230 286
f 356 158 210
f 210 256 356
f 257 244 186
f 258 245 212
f 316 274 216
f 216 260 316
f 327 201 217
f 217 218 265
f 218 234 265
f 276 219 309
f 289 309 219
f 219 220 289
f 248 289 220
f 291 290 236
f 343 291 189
f 221 267 331
f 277 205 268
f 251 252 279
f 280 252 239
f 253 280 239
f 222 223 282
f 314 282 223
f 223 262 314
f 224 225 294
f 306 269 240
f 283 306 240
f 270 297 285
f 241 297 226
f 255 185 271
f 356 243 158
f 272 171 300
f 322 300 171
f 257 287 244
f 258 338 245
f 213 214 288
f 259 288 214
f 247 233 273
f 304 273 233
f 233 274 304
f 265 327 217
f 328 234 235
f 189 266 343
f 266 190 330
f 190 249 344
f 292 344 249
f 249 310 292
f 237 425 250
f 237 221 331
f 268 333 277
f 311 251 279
f 319 279 252
f 281 222 261
f 282 261 222
f 262 224 315
f 294 315 224
f 294 225 263
f 295 263 194
f 284 283 270
f 355 286 230
f 230 255 299
f 271 299 255
f 256 272 395
f 300 395 272
f 287 358 322
f 231 245 337
f 246 247 302
f 273 302 247
f 316 260 317
f 315 314 262
f 264 254 296
f 254 201 307
f 265 234 348
f 235 276 328
f 330 343 266
f 310 250 425
f 277 332 267
f 278 333 268
f 268 311 278
f 275 269 326
f 306 305 269
f 284 353 283
f 285 401 284
f 284 270 285
f 299 355 230
f 258 213 323
f 288 323 213
f 288 259 301
f 259 232 301
f 325 301 232
f 232 246 325
f 302 325 246
f 304 303 273
f 316 304 274
f 9687 260 275
f 201 327 307
f 308 327 265
f 329 328 276
f 248 290 342
f 330 190 344
f 333 332 277
f 253 281 398
f 261 398 281
f 282 313 261
f 314 293 282
f 264 296 295
f 306 283 353
f 354 297 241
f 241 228 298
f 338 337 245
f 303 302 273
f 9687 317 260
f 234 328 348
f 289 377 309
f 248 341 289
f 290 291 363
f 291 343 364
f 292 310 365
f 331 267 378
f 332 378 267
f 333 278 349
f 319 280 334
f 312 334 280
f 280 253 312
f 398 312 253
f 293 313 282
f 9700 314 315
f 294 263 336
f 320 336 263
f 295 320 263
f 307 296 254
f 285 297 321
f 354 321 297
f 370 228 242
f 242 286 370
f 271 243 371
f 322 372 300
f 257 231 383
f 323 338 258
f 288 301 324
f 325 324 301
f 304 316 303
f 326 9687 275
f 353 360 306
f 351 318 307
f 307 327 351
f 265 348 308
f 377 329 276
f 276 309 377
f 425 237 426
f 333 388 332
f 278 311 389
f 311 279 366
f 261 313 380
f 9700 293 314
f 336 9700 315
f 315 294 336
f 318 9698 296
f 296 307 318
f 305 306 360
f 241 298 354
f 355 431 286
f 371 299 271
f 419 356 256
f 372 395 300
f 323 374 338
f 324 323 288
f 325 302 339
f 303 339 302
f 303 316 340
f 9688 340 316
f 317 9688 316
f 9687 326 435
f 342 341 248
f 342 290 363
f 363 291 364
f 237 331 426
f 378 426 331
f 279 319 366
f 319 334 345
f 391 398 261
f 380 391 261
f 313 293 335
f 9700 335 293
f 369 353 284
f 284 401 369
f 285 321 401
f 450 354 298
f 299 371 475
f 256 395 419
f 372 322 357
f 358 357 322
f 383 231 337
f 337 338 373
f 323 324 9686
f 9683 9686 324
f 324 325 9683
f 326 269 359
f 308 351 327
f 425 365 310
f 388 378 332
f 388 333 349
f 349 278 350
f 379 350 278
f 389 379 278
f 366 389 311
f 366 319 345
f 313 335 380
f 9700 336 346
f 347 346 336
f 336 320 347
f 298 228 381
f 370 381 228
f 370 286 431
f 382 403 287
f 287 257 382
f 257 383 382
f 374 373 338
f 384 374 323
f 9686 384 323
f 303 340 9685
f 9688 9685 340
f 359 269 305
f 361 348 328
f 329 361 328
f 377 289 362
f 341 362 289
f 423 342 363
f 424 364 343
f 292 386 344
f 367 334 312
f 312 398 367
f 351 308 9702
f 375 308 348
f 348 361 375
f 344 465 330
f 388 387 378
f 388 349 409
f 350 409 349
f 350 379 410
f 510 389 366
f 366 345 390
f 345 334 411
f 9702 9703 351
f 9687 435 352
f 475 355 299
f 358 287 403
f 354 394 321
f 243 356 417
f 418 417 356
f 395 372 420
f 421 382 383
f 337 405 404
f 405 337 373
f 435 326 385
f 359 385 326
f 368 360 353
f 376 361 329
f 329 377 376
f 362 341 407
f 423 363 408
f 363 364 408
f 465 424 343
f 343 330 465
f 390 510 366
f 411 390 345
f 380 335 399
f 335 9699 393
f 461 440 401
f 401 321 461
f 394 461 321
f 298 381 450
f 381 370 431
f 356 419 418
f 420 372 402
f 372 357 402
f 403 382 9564
f 382 421 9564
f 404 383 337
f 308 375 428
f 362 415 377
f 341 342 407
f 365 386 292
f 387 426 378
f 410 409 350
f 410 379 397
f 497 397 379
f 379 389 497
f 367 411 334
f 398 391 469
f 391 380 392
f 399 392 380
f 393 399 335
f 527 369 401
f 354 450 449
f 431 355 416
f 374 384 422
f 406 422 384
f 384 9681 406
f 396 406 9681
f 434 396 352
f 435 434 352
f 305 360 439
f 413 438 375
f 361 413 375
f 414 361 376
f 376 377 414
f 415 414 377
f 426 387 459
f 387 388 467
f 388 409 467
f 397 468 410
f 399 393 448
f 427 448 393
f 368 369 400
f 394 354 441
f 475 416 355
f 417 371 243
f 357 358 443
f 403 443 358
f 404 421 383
f 373 374 422
f 359 305 439
f 362 407 415
f 423 407 342
f 386 465 344
f 386 365 458
f 482 467 409
f 483 409 410
f 447 469 391
f 391 392 447
f 448 427 412
f 427 9702 437
f 428 437 9702
f 9702 308 428
f 438 428 375
f 429 413 361
f 440 527 401
f 431 451 381
f 431 416 529
f 416 475 529
f 419 395 462
f 402 357 442
f 396 434 464
f 439 360 368
f 407 423 456
f 423 408 444
f 408 364 457
f 424 457 364
f 365 425 480
f 483 482 409
f 367 398 436
f 448 392 399
f 414 429 361
f 414 415 430
f 441 461 394
f 441 354 449
f 395 420 462
f 443 442 357
f 421 404 432
f 433 432 404
f 404 405 433
f 454 433 405
f 405 373 454
f 422 454 373
f 406 396 464
f 434 435 455
f 415 407 495
f 456 495 407
f 444 456 423
f 479 424 465
f 426 480 425
f 459 480 426
f 467 466 387
f 468 483 410
f 497 389 445
f 510 445 389
f 367 436 411
f 446 436 398
f 469 446 398
f 427 437 412
f 438 437 428
f 430 429 414
f 368 400 515
f 527 400 369
f 440 461 472
f 450 381 500
f 451 500 381
f 529 451 431
f 418 419 492
f 420 402 452
f 421 432 463
f 422 406 489
f 464 489 406
f 455 464 434
f 385 455 435
f 439 490 359
f 439 368 486
f 457 444 408
f 458 365 480
f 466 459 387
f 447 392 484
f 392 448 484
f 485 437 438
f 368 515 486
f 472 471 440
f 441 449 499
f 419 462 492
f 476 462 420
f 420 452 476
f 402 442 452
f 443 403 9573
f 9586 433 453
f 433 454 453
f 545 454 422
f 385 359 490
f 495 478 415
f 460 538 397
f 397 497 460
f 390 411 511
f 470 484 448
f 412 470 448
f 438 413 485
f 429 430 514
f 527 552 400
f 461 441 473
f 499 473 441
f 474 499 449
f 474 449 450
f 450 500 474
f 417 418 517
f 492 517 418
f 403 9564 9573
f 477 9573 9564
f 9564 463 477
f 463 9586 503
f 9586 453 503
f 545 453 454
f 489 545 422
f 455 531 464
f 430 415 478
f 496 495 456
f 479 534 457
f 457 424 479
f 466 467 481
f 483 468 547
f 538 468 397
f 510 390 523
f 511 523 390
f 485 412 437
f 485 413 525
f 413 429 513
f 551 513 429
f 515 400 526
f 528 472 461
f 473 528 461
f 442 443 488
f 9573 488 443
f 477 463 544
f 493 544 463
f 463 503 493
f 489 464 531
f 385 490 455
f 478 495 494
f 444 496 456
f 444 457 521
f 522 479 465
f 465 386 522
f 386 458 522
f 481 459 466
f 481 467 537
f 467 482 537
f 538 548 468
f 524 511 411
f 469 447 446
f 512 446 447
f 491 470 412
f 485 491 412
f 525 413 513
f 551 429 514
f 515 487 486
f 552 526 400
f 500 451 516
f 530 529 475
f 530 475 371
f 371 417 530
f 502 476 452
f 442 502 452
f 544 9573 477
f 555 503 453
f 545 555 453
f 506 496 444
f 534 521 457
f 507 480 459
f 547 482 483
f 548 547 468
f 460 497 574
f 411 436 524
f 447 484 512
f 470 498 484
f 439 486 541
f 487 541 486
f 528 471 472
f 529 516 451
f 476 501 462
f 554 501 476
f 502 554 476
f 488 502 442
f 519 488 9573
f 505 504 455
f 490 505 455
f 459 481 508
f 550 524 436
f 436 446 550
f 470 491 539
f 525 491 485
f 478 514 430
f 490 439 541
f 515 526 593
f 552 527 553
f 542 651 471
f 474 500 568
f 516 568 500
f 518 517 492
f 492 462 518
f 488 519 571
f 493 503 520
f 590 545 489
f 531 455 504
f 494 495 572
f 495 496 572
f 458 480 536
f 507 536 480
f 459 508 507
f 537 561 481
f 482 547 509
f 445 574 497
f 445 510 565
f 512 484 498
f 539 566 498
f 498 470 539
f 513 607 525
f 462 501 518
f 571 502 488
f 503 555 589
f 489 531 578
f 504 505 557
f 532 557 505
f 505 490 532
f 478 494 558
f 444 521 506
f 535 533 534
f 534 479 535
f 522 535 479
f 561 508 481
f 509 537 482
f 523 565 510
f 524 549 511
f 512 550 446
f 512 498 566
f 513 551 585
f 487 515 593
f 586 528 473
f 499 474 567
f 543 516 529
f 530 417 569
f 517 569 417
f 493 577 544
f 520 577 493
f 578 590 489
f 556 578 531
f 602 572 496
f 496 506 602
f 506 521 582
f 533 582 521
f 521 534 533
f 522 458 560
f 507 508 617
f 546 617 508
f 508 561 546
f 509 562 537
f 538 460 564
f 551 514 540
f 552 593 526
f 553 613 552
f 569 543 529
f 530 569 529
f 518 598 517
f 664 554 502
f 571 664 502
f 519 544 588
f 520 503 589
f 555 545 590
f 531 504 556
f 557 556 504
f 557 532 579
f 535 522 560
f 536 560 458
f 617 536 507
f 562 561 537
f 644 563 538
f 564 644 538
f 523 511 619
f 511 549 619
f 550 512 583
f 566 583 512
f 539 491 576
f 525 576 491
f 487 580 541
f 586 473 596
f 597 567 474
f 568 597 474
f 569 517 598
f 501 554 638
f 609 571 519
f 577 588 544
f 558 494 559
f 572 602 601
f 548 538 563
f 573 564 460
f 460 574 573
f 574 445 565
f 565 523 619
f 583 524 550
f 566 539 575
f 539 576 575
f 540 585 551
f 608 540 514
f 613 628 552
f 553 527 629
f 527 651 629
f 542 471 594
f 595 594 471
f 471 528 595
f 528 586 595
f 518 501 638
f 664 570 554
f 588 609 519
f 589 555 590
f 556 557 611
f 579 532 612
f 572 559 494
f 582 581 506
f 656 582 533
f 584 605 583
f 583 566 584
f 9621 584 566
f 575 9621 566
f 649 576 525
f 525 607 649
f 650 513 585
f 514 478 608
f 608 478 558
f 593 552 628
f 543 569 622
f 611 578 556
f 579 611 557
f 532 541 580
f 559 572 601
f 581 602 506
f 533 535 603
f 536 617 604
f 630 546 561
f 561 562 630
f 591 509 547
f 573 574 659
f 565 659 574
f 568 516 587
f 516 543 587
f 570 638 554
f 623 609 588
f 577 520 684
f 579 600 611
f 580 487 592
f 592 487 593
f 628 627 593
f 558 559 9661
f 604 535 560
f 560 536 604
f 698 617 546
f 591 562 509
f 645 619 549
f 549 524 645
f 524 583 645
f 605 645 583
f 605 584 620
f 584 9621 620
f 9619 620 9621
f 576 9620 575
f 650 607 513
f 608 661 540
f 629 636 553
f 663 597 568
f 638 598 518
f 623 588 599
f 640 599 588
f 588 577 640
f 684 624 577
f 520 589 653
f 590 578 610
f 578 611 610
f 697 665 612
f 612 532 697
f 580 697 532
f 608 558 614
f 615 614 558
f 559 601 641
f 656 581 582
f 535 604 603
f 657 591 547
f 547 548 657
f 548 563 657
f 565 619 618
f 645 679 619
f 621 620 9619
f 9619 606 621
f 682 650 585
f 585 540 682
f 627 592 593
f 613 553 636
f 629 651 716
f 673 586 596
f 663 568 587
f 637 622 569
f 598 637 569
f 638 637 598
f 624 640 577
f 653 684 520
f 589 590 625
f 600 579 626
f 9661 615 558
f 641 9661 559
f 601 602 616
f 602 581 616
f 617 698 604
f 563 644 657
f 573 699 564
f 618 659 565
f 645 605 632
f 620 632 605
f 620 621 646
f 9622 9620 634
f 9620 576 634
f 649 607 635
f 650 635 607
f 622 587 543
f 639 571 609
f 676 639 609
f 623 676 609
f 610 625 590
f 610 611 654
f 600 654 611
f 626 696 600
f 665 626 579
f 579 612 665
f 628 613 686
f 636 686 613
f 594 595 718
f 595 586 718
f 634 576 648
f 540 661 682
f 608 614 661
f 614 615 9657
f 9661 9657 615
f 642 641 601
f 601 616 642
f 533 603 656
f 666 656 603
f 630 562 643
f 679 618 619
f 631 679 645
f 646 632 620
f 663 587 674
f 637 638 675
f 652 676 623
f 623 599 652
f 640 624 722
f 653 589 625
f 696 626 678
f 592 697 580
f 627 628 686
f 616 581 687
f 603 604 666
f 698 666 604
f 690 562 591
f 699 658 644
f 644 564 699
f 679 700 618
f 633 634 647
f 576 649 648
f 733 661 614
f 685 655 627
f 594 718 752
f 673 718 586
f 597 663 662
f 638 570 675
f 705 722 624
f 684 705 624
f 654 625 610
f 654 600 696
f 687 581 708
f 581 656 708
f 698 546 667
f 630 667 546
f 690 591 746
f 657 746 591
f 657 644 755
f 644 658 755
f 659 699 573
f 632 646 660
f 668 660 646
f 670 633 671
f 634 648 680
f 672 648 649
f 649 635 672
f 681 635 650
f 650 682 681
f 694 716 651
f 651 542 694
f 717 694 542
f 542 594 717
f 570 664 704
f 599 677 652
f 599 640 677
f 640 722 677
f 653 724 684
f 725 678 626
f 626 665 725
f 655 697 592
f 686 685 627
f 687 642 616
f 562 690 643
f 699 659 709
f 645 632 691
f 660 691 632
f 648 672 680
f 635 681 767
f 682 661 715
f 752 717 594
f 718 673 735
f 675 570 703
f 664 571 704
f 639 704 571
f 705 684 810
f 738 625 654
f 696 739 654
f 697 725 665
f 636 629 693
f 629 716 693
f 708 656 688
f 690 746 745
f 679 631 747
f 691 631 645
f 660 668 691
f 669 691 668
f 713 669 670
f 731 671 633
f 767 672 635
f 715 767 682
f 733 715 661
f 614 692 733
f 587 622 719
f 720 719 622
f 637 720 622
f 637 675 683
f 703 683 675
f 676 652 721
f 810 684 724
f 741 753 697
f 697 655 741
f 642 9662 641
f 656 666 688
f 689 688 666
f 618 700 729
f 747 700 679
f 730 713 670
f 670 671 730
f 750 730 671
f 633 647 731
f 680 714 647
f 680 672 714
f 681 682 767
f 751 692 9656
f 716 694 829
f 662 663 701
f 695 701 663
f 674 695 663
f 683 702 637
f 704 703 570
f 676 704 639
f 653 625 706
f 739 738 654
f 696 740 739
f 655 685 741
f 726 741 685
f 727 685 686
f 708 707 687
f 666 698 689
f 643 690 745
f 709 659 729
f 659 618 729
f 712 711 631
f 631 691 712
f 730 750 784
f 714 672 766
f 751 733 692
f 693 716 734
f 805 829 694
f 694 717 805
f 719 674 587
f 702 720 637
f 788 702 683
f 683 703 788
f 704 676 9581
f 736 9581 676
f 652 677 773
f 677 722 773
f 706 724 653
f 706 625 738
f 725 697 753
f 686 636 727
f 742 727 636
f 636 693 742
f 688 689 801
f 754 689 698
f 667 754 698
f 630 643 744
f 745 744 643
f 746 657 755
f 728 658 699
f 709 728 699
f 747 631 710
f 711 710 631
f 764 712 691
f 691 669 764
f 713 764 669
f 672 767 766
f 701 757 735
f 735 662 701
f 703 704 9581
f 721 652 773
f 722 705 723
f 724 706 759
f 737 759 706
f 706 738 737
f 678 725 791
f 726 685 792
f 707 708 743
f 760 743 708
f 708 688 760
f 667 630 744
f 747 763 700
f 748 711 712
f 713 730 749
f 730 784 814
f 732 817 767
f 767 715 732
f 715 733 732
f 769 732 733
f 829 734 716
f 717 752 832
f 752 718 807
f 830 807 718
f 773 736 721
f 723 773 722
f 759 737 775
f 740 696 678
f 725 753 778
f 781 707 743
f 688 801 760
f 729 700 763
f 712 764 748
f 814 749 730
f 765 750 671
f 671 731 765
f 647 714 731
f 786 769 733
f 733 751 786
f 808 718 735
f 757 808 735
f 719 695 674
f 788 703 9567
f 703 9581 9567
f 736 771 9581
f 758 810 724
f 724 759 758
f 776 737 738
f 738 739 776
f 861 776 739
f 791 777 678
f 741 726 779
f 685 727 792
f 742 693 804
f 734 804 693
f 745 746 823
f 746 755 823
f 755 761 9604
f 658 728 762
f 709 729 855
f 763 747 812
f 710 812 747
f 710 711 813
f 783 711 748
f 857 764 713
f 765 784 750
f 817 732 756
f 768 756 732
f 732 769 768
f 787 805 717
f 717 832 787
f 806 832 752
f 752 807 806
f 720 702 831
f 788 831 702
f 771 9567 9581
f 773 772 736
f 774 723 705
f 705 810 774
f 759 775 860
f 861 739 740
f 777 848 740
f 740 678 777
f 826 791 725
f 778 826 725
f 741 778 753
f 726 792 837
f 801 689 802
f 803 689 754
f 9604 823 755
f 761 658 762
f 763 897 729
f 794 783 748
f 748 764 794
f 858 857 713
f 713 749 858
f 814 784 795
f 785 765 731
f 731 714 785
f 766 785 714
f 780 786 751
f 734 829 863
f 808 830 718
f 695 719 770
f 720 770 719
f 771 736 790
f 772 790 736
f 811 810 758
f 741 779 778
f 837 779 726
f 876 800 781
f 801 782 760
f 803 802 689
f 754 667 803
f 744 803 667
f 728 709 842
f 793 813 711
f 711 783 793
f 857 794 764
f 825 858 749
f 749 814 825
f 815 784 765
f 817 766 767
f 756 768 820
f 797 820 768
f 798 797 768
f 768 769 798
f 769 786 818
f 799 818 786
f 786 780 799
f 863 804 734
f 833 757 701
f 770 701 695
f 770 720 831
f 788 9567 809
f 789 771 790
f 772 773 834
f 773 723 834
f 774 810 846
f 859 758 759
f 860 859 759
f 778 779 836
f 837 836 779
f 792 727 827
f 727 742 827
f 780 800 819
f 781 743 876
f 743 853 894
f 744 745 841
f 710 824 812
f 813 824 710
f 796 795 784
f 815 796 784
f 766 817 785
f 820 817 756
f 818 798 769
f 863 829 885
f 831 788 866
f 809 866 788
f 835 723 774
f 924 775 737
f 828 827 742
f 742 804 828
f 855 842 709
f 897 855 729
f 824 843 812
f 844 783 794
f 909 844 794
f 857 909 794
f 916 814 795
f 765 785 815
f 816 785 817
f 852 819 800
f 876 852 800
f 894 876 743
f 802 853 782
f 782 801 802
f 854 802 803
f 803 744 822
f 744 841 822
f 745 823 841
f 823 9604 878
f 791 826 883
f 826 778 883
f 884 883 778
f 836 884 778
f 837 792 827
f 901 828 804
f 804 863 901
f 833 808 757
f 865 833 701
f 701 770 865
f 867 866 809
f 809 789 867
f 789 790 868
f 845 868 790
f 790 772 845
f 835 834 723
f 835 774 846
f 811 846 810
f 811 758 859
f 812 897 763
f 793 824 813
f 793 783 844
f 825 814 9666
f 916 9666 814
f 875 816 817
f 817 820 875
f 821 797 798
f 838 821 798
f 798 818 838
f 839 838 818
f 818 799 839
f 840 839 799
f 799 780 840
f 819 840 780
f 822 854 803
f 878 877 823
f 797 875 820
f 933 894 853
f 853 802 895
f 854 895 802
f 841 823 877
f 908 935 9605
f 9605 762 908
f 728 908 762
f 897 812 880
f 858 873 857
f 858 825 874
f 9667 874 825
f 916 795 890
f 795 796 890
f 850 796 815
f 815 785 850
f 924 776 899
f 791 883 882
f 829 805 953
f 805 787 953
f 830 808 9577
f 770 831 902
f 866 902 831
f 832 886 787
f 832 806 886
f 806 807 887
f 807 9577 887
f 864 9577 808
f 808 833 864
f 902 865 770
f 867 789 888
f 845 772 870
f 772 834 870
f 871 870 834
f 872 871 835
f 903 872 835
f 835 846 903
f 846 811 9669
f 847 9669 811
f 811 859 847
f 859 860 911
f 848 777 913
f 882 913 777
f 777 791 882
f 836 837 862
f 827 862 837
f 827 828 849
f 850 890 796
f 816 850 785
f 797 821 917
f 851 821 838
f 838 839 851
f 840 851 839
f 932 840 819
f 822 841 877
f 879 9605 935
f 843 880 812
f 898 824 793
f 793 844 898
f 909 898 844
f 806 887 954
f 867 927 866
f 789 868 888
f 869 868 845
f 845 870 869
f 903 846 889
f 9669 889 846
f 912 899 776
f 848 913 1020
f 884 836 862
f 890 850 9595
f 917 875 797
f 891 917 821
f 852 932 819
f 852 876 958
f 893 958 876
f 853 895 933
f 822 907 854
f 822 877 907
f 988 935 908
f 842 976 728
f 856 855 897
f 909 857 910
f 857 873 910
f 992 873 858
f 948 992 858
f 858 874 948
f 924 899 964
f 1020 912 776
f 776 861 1020
f 740 1020 861
f 862 827 965
f 827 849 965
f 938 849 828
f 901 863 952
f 926 952 863
f 863 885 926
f 953 885 829
f 954 886 806
f 914 887 9577
f 865 864 833
f 927 867 888
f 928 888 868
f 870 871 872
f 873 992 1007
f 9595 904 890
f 906 891 821
f 892 906 821
f 821 851 892
f 894 893 876
f 907 974 854
f 877 878 934
f 896 934 878
f 878 879 896
f 935 896 879
f 842 855 1032
f 880 920 897
f 923 9575 881
f 740 848 1020
f 900 882 883
f 883 884 900
f 884 862 900
f 997 926 885
f 953 997 885
f 939 953 787
f 864 914 9577
f 902 866 927
f 915 927 888
f 903 889 9608
f 904 916 890
f 917 905 875
f 892 851 918
f 851 840 919
f 840 932 919
f 974 933 895
f 895 854 974
f 976 908 728
f 856 897 920
f 880 843 936
f 843 824 921
f 824 898 921
f 911 860 922
f 979 9575 923
f 881 924 923
f 950 964 899
f 899 912 950
f 882 900 951
f 900 862 994
f 965 849 925
f 828 901 938
f 952 938 901
f 787 886 939
f 864 865 914
f 940 865 902
f 927 940 902
f 928 915 888
f 872 903 942
f 9608 942 903
f 905 904 9595
f 906 892 931
f 918 931 892
f 932 852 945
f 893 959 958
f 894 933 960
f 934 974 907
f 907 877 934
f 976 842 1032
f 856 1032 855
f 977 920 880
f 880 936 977
f 921 936 843
f 921 898 937
f 898 909 937
f 909 910 947
f 910 873 991
f 979 922 860
f 860 9575 979
f 913 882 993
f 951 993 882
f 965 994 862
f 966 939 886
f 886 954 966
f 887 914 954
f 940 914 865
f 967 927 915
f 869 928 868
f 916 904 9664
f 917 891 986
f 918 851 944
f 851 919 944
f 958 945 852
f 893 894 946
f 960 946 894
f 988 961 935
f 947 910 991
f 948 874 963
f 923 924 1019
f 1052 1019 924
f 964 1052 924
f 913 993 980
f 925 981 965
f 925 849 938
f 955 982 940
f 940 927 955
f 927 967 956
f 1001 928 869
f 869 929 941
f 9608 930 943
f 905 969 904
f 986 905 917
f 944 1002 918
f 945 919 932
f 893 946 959
f 974 960 933
f 974 934 975
f 896 935 987
f 961 987 935
f 988 908 989
f 976 989 908
f 856 920 990
f 962 977 936
f 921 962 936
f 937 909 947
f 991 873 1070
f 873 1007 1070
f 949 963 874
f 922 979 978
f 1008 950 912
f 1020 1008 912
f 980 1009 1020
f 1020 913 980
f 994 951 900
f 938 1023 925
f 938 952 1024
f 926 995 952
f 1010 953 939
f 939 966 1034
f 982 954 914
f 914 940 982
f 955 927 956
f 967 915 1011
f 869 941 1001
f 984 1001 941
f 942 984 941
f 942 943 984
f 943 930 985
f 930 9671 985
f 905 986 1013
f 1002 931 918
f 970 1002 944
f 957 970 944
f 944 919 957
f 919 945 971
f 945 958 972
f 958 959 1003
f 959 946 973
f 960 973 946
f 934 896 9639
f 987 9639 896
f 977 990 920
f 937 962 921
f 937 947 1059
f 991 1059 947
f 1134 992 948
f 963 1134 948
f 979 923 1051
f 923 1019 1018
f 1022 951 994
f 995 1024 952
f 953 1010 997
f 999 966 954
f 985 984 943
f 9671 968 985
f 9664 904 969
f 1013 969 905
f 931 1067 906
f 971 957 919
f 958 1003 972
f 9639 975 934
f 9641 987 961
f 961 988 9641
f 990 1016 856
f 978 979 9672
f 1018 1051 923
f 964 950 1052
f 994 965 981
f 981 925 1023
f 1023 938 1127
f 1034 966 998
f 982 999 954
f 955 956 1000
f 956 967 983
f 967 1011 983
f 928 1011 915
f 1017 968 9670
f 1002 1028 931
f 1057 1002 970
f 959 973 1003
f 1004 973 960
f 1004 960 974
f 974 975 1004
f 990 977 1006
f 977 962 1006
f 962 937 1033
f 1059 991 1060
f 1084 992 1134
f 1051 9672 979
f 1008 1052 950
f 1020 1125 1008
f 1021 1009 980
f 993 1021 980
f 1127 938 1024
f 926 996 995
f 1135 997 1010
f 998 1035 1034
f 1036 998 966
f 966 999 1036
f 982 955 1025
f 1000 1025 955
f 1027 1000 956
f 983 1027 956
f 1011 928 1039
f 928 1001 1039
f 1041 1001 984
f 984 985 1012
f 1079 1013 986
f 1042 1066 906
f 906 1067 1042
f 1028 1067 931
f 9600 1057 970
f 972 971 945
f 1004 1003 973
f 9640 1004 975
f 987 9641 1005
f 9641 988 1015
f 989 1015 988
f 1072 1007 992
f 992 1084 1072
f 1017 1049 968
f 1017 9670 1062
f 9673 1050 9670
f 993 951 1022
f 981 1022 994
f 926 1085 996
f 926 997 1085
f 1010 939 1148
f 939 1034 1148
f 999 982 1025
f 1025 1000 1026
f 1038 1027 983
f 1038 983 1011
f 1040 1039 1001
f 1001 1041 1040
f 1012 1041 984
f 1028 1002 1029
f 1002 1057 1029
f 972 1058 971
f 1003 1004 1095
f 1004 9640 1045
f 1030 1045 9640
f 1032 856 1100
f 856 1016 1100
f 1060 991 1097
f 1007 1072 1071
f 9670 1050 1062
f 1051 1050 9673
f 9673 9672 1051
f 1052 1008 1054
f 1022 1021 993
f 1010 1148 1135
f 1025 1036 999
f 1000 1027 1037
f 1039 1038 1011
f 1028 1029 1080
f 1116 1029 1057
f 1043 1057 9600
f 9600 9601 1043
f 9601 971 1058
f 1094 972 1003
f 1044 1095 1004
f 1004 1045 1044
f 1030 1014 1031
f 1015 989 1047
f 989 976 1099
f 1006 1081 1016
f 1033 1083 962
f 1007 1071 1070
f 1119 1134 963
f 1018 1077 1051
f 1054 1053 1052
f 1125 1020 1055
f 1020 1009 1055
f 1023 1064 981
f 1024 995 1092
f 1056 1092 995
f 995 996 1056
f 997 1135 1061
f 1035 1073 1034
f 1026 1000 1048
f 1040 1038 1039
f 1065 9663 969
f 969 1013 1065
f 1067 1028 1068
f 1094 1058 972
f 1095 1094 1003
f 1045 1030 1098
f 1030 1031 1098
f 1031 1014 1046
f 1099 1047 989
f 976 1032 1099
f 1100 1099 1032
f 1082 1006 962
f 1059 1033 937
f 1097 991 1118
f 991 1070 1118
f 997 1061 1085
f 1109 1061 1135
f 1148 1034 1073
f 1073 1035 1105
f 998 1036 1074
f 1036 1025 1074
f 1025 1026 1086
f 1037 1048 1000
f 1038 1037 1027
f 1197 1054 1008
f 1008 1125 1197
f 1009 1021 1063
f 1023 1127 1091
f 1013 1079 1065
f 1066 1042 1130
f 1080 1068 1028
f 1058 1043 9601
f 1069 1094 1095
f 1098 1044 1045
f 1100 1016 1096
f 962 1083 1082
f 1110 1035 998
f 998 1074 1110
f 1025 1086 1074
f 1048 1086 1026
f 1087 9653 1049
f 1062 1050 1076
f 1050 1051 1077
f 1089 1077 1018
f 1018 1019 1078
f 1019 1052 1053
f 1126 1055 1009
f 1009 1063 1126
f 1090 1022 981
f 1064 1090 981
f 1127 1024 1092
f 1079 1066 1114
f 1131 1042 1067
f 1068 1080 1161
f 1029 1116 1080
f 1103 1080 1116
f 1043 1093 1057
f 1046 1015 1047
f 1147 1033 1059
f 1086 1048 1075
f 1106 1048 1037
f 1037 9655 1106
f 1087 1017 1088
f 1017 1062 1088
f 1076 1088 1062
f 1076 1050 1112
f 1077 1112 1050
f 1053 1078 1019
f 1021 1022 1063
f 1090 1063 1022
f 1023 1091 1064
f 1131 1130 1042
f 1102 1131 1067
f 1067 1068 1102
f 1161 1102 1068
f 1093 1116 1057
f 1117 1093 1043
f 1094 1104 1058
f 1082 1081 1006
f 1156 1083 1033
f 1059 1060 1133
f 1149 1105 1035
f 9576 1110 1074
f 9576 1074 1086
f 1048 1106 1075
f 1111 1106 9655
f 9655 9653 1111
f 1087 1111 9653
f 1089 1018 1078
f 1053 1054 1124
f 1065 1079 1114
f 1043 1058 1117
f 1104 1117 1058
f 1094 1069 1104
f 1195 1098 1031
f 1101 1096 1016
f 1016 1081 1101
f 1082 1083 1146
f 1133 1060 1097
f 1108 1085 1061
f 1109 1108 1061
f 1148 1073 1157
f 1110 1149 1035
f 1088 1111 1087
f 1107 1123 1088
f 1088 1076 1107
f 1076 1112 1107
f 1112 1077 1140
f 1197 1124 1054
f 1218 1063 1090
f 1141 1064 1091
f 1153 1056 996
f 996 1085 1153
f 1115 1114 1066
f 1066 1130 1115
f 1143 1103 1116
f 1117 1188 1093
f 1095 1044 1069
f 1046 1155 1031
f 1101 1145 1096
f 1172 1134 1119
f 1195 1170 1098
f 1099 1100 1144
f 1100 1096 1144
f 1133 1097 1162
f 1080 1103 1154
f 1126 1125 1055
f 1152 1126 1063
f 1218 1090 1178
f 1090 1064 1178
f 1141 1178 1064
f 1091 1127 1185
f 1127 1092 1186
f 1108 1153 1085
f 1073 1105 1120
f 1149 1120 1105
f 1110 9576 1136
f 9576 1075 1136
f 1075 1106 1158
f 1122 1158 1106
f 1106 1111 1122
f 1111 1088 1137
f 1123 1137 1088
f 1089 1078 1199
f 1108 1109 1163
f 1120 1157 1073
f 1149 1110 1121
f 1110 1136 1121
f 1137 1122 1111
f 1139 1209 1107
f 1107 1112 1139
f 1167 1141 1091
f 1056 1186 1092
f 1128 1114 1129
f 1114 1115 1129
f 1102 1161 1187
f 1116 1093 1143
f 1093 1188 1143
f 1132 1188 1117
f 1117 1104 1132
f 1069 1132 1104
f 1155 1046 1196
f 1047 1196 1046
f 1145 1144 1096
f 1175 1101 1081
f 1081 1082 1175
f 1083 1156 1146
f 1097 1118 1162
f 1118 1070 1162
f 1135 1163 1109
f 1211 1148 1157
f 1123 1107 1138
f 1107 1209 1138
f 1077 1089 1140
f 1166 1089 1199
f 1159 1078 1053
f 1125 1126 1237
f 1185 1167 1091
f 1186 1185 1127
f 1142 1128 1193
f 1130 1131 1160
f 1131 1102 1200
f 1103 1143 1194
f 1069 1044 1174
f 1170 1174 1044
f 1072 1084 1228
f 1084 1134 1171
f 1119 1142 1172
f 1176 1172 1142
f 1163 1169 1108
f 1180 1135 1148
f 1157 1120 1179
f 1179 1120 1149
f 1121 1136 1150
f 1151 1150 1136
f 1136 1075 1151
f 1158 1151 1075
f 1158 1122 1165
f 1232 1122 1137
f 9565 1139 1112
f 1193 1176 1142
f 1161 1080 1201
f 1080 1154 1201
f 1132 1069 1190
f 1174 1190 1069
f 1031 1155 1195
f 1243 1082 1146
f 1146 1156 1254
f 1156 1033 1147
f 1203 1134 1172
f 1211 1180 1148
f 1149 1121 1164
f 1150 1164 1121
f 1151 1158 1165
f 1165 1122 1182
f 1138 1183 1123
f 1159 1124 1177
f 1269 1177 1124
f 1124 1197 1269
f 1197 1125 1291
f 1237 1291 1125
f 1204 1152 1063
f 1063 1218 1204
f 1186 1056 1168
f 1056 1153 1168
f 1169 1153 1108
f 1130 1160 1115
f 1200 1160 1131
f 1200 1102 1187
f 1223 1195 1155
f 1147 1059 1255
f 1133 1255 1059
f 1072 1228 1071
f 1084 1171 1228
f 1206 1169 1163
f 1210 1163 1135
f 1180 1210 1135
f 1207 1211 1157
f 1164 1179 1149
f 1232 1182 1122
f 1140 1089 1166
f 1237 1126 1238
f 1218 1178 1244
f 1160 1200 1173
f 1161 1201 1222
f 1196 1223 1155
f 1099 1144 1213
f 1144 1145 1191
f 1254 1243 1146
f 1284 1171 1134
f 1134 1203 1284
f 1150 1151 1181
f 1182 1208 1165
f 1137 1123 1183
f 1209 1139 1249
f 1177 1278 1159
f 1126 1152 1238
f 1141 1184 1178
f 1205 1168 1153
f 1169 1205 1153
f 1115 1160 1221
f 1222 1187 1161
f 1103 1194 1154
f 1189 1188 1132
f 1190 1189 1132
f 1047 1099 1213
f 1225 1213 1144
f 1191 1225 1144
f 1145 1101 1226
f 1254 1156 1214
f 1162 1070 1202
f 1188 1194 1143
f 1174 1170 1242
f 1196 1047 1213
f 1101 1175 1226
f 1192 1226 1175
f 1175 1082 1192
f 1243 1192 1082
f 1133 1162 1342
f 1257 1203 1172
f 1258 1172 1176
f 1291 1269 1197
f 1245 1244 1178
f 1184 1245 1178
f 1141 1167 1184
f 1157 1179 1207
f 1164 1207 1179
f 1164 1150 1198
f 1181 1198 1150
f 1165 1181 1151
f 1216 1182 1232
f 1183 1232 1137
f 9565 1249 1139
f 1236 1078 1159
f 1206 1163 1210
f 1264 1198 1181
f 1209 1249 1248
f 1199 1078 1235
f 1152 1204 1217
f 1204 1218 1239
f 1186 1168 1220
f 1205 1169 1262
f 1169 1206 1262
f 1221 1193 1115
f 1160 1173 1221
f 1222 1200 1187
f 1189 1194 1188
f 1190 1174 1212
f 1170 1195 1294
f 1191 1145 1305
f 1226 1305 1145
f 1226 1192 1227
f 1070 1071 1256
f 1071 1228 1283
f 1257 1172 1258
f 1176 1193 1229
f 1221 1229 1193
f 1212 1189 1190
f 1242 1212 1174
f 1223 1196 1224
f 1213 1224 1196
f 1147 1214 1156
f 1202 1070 1256
f 1217 1238 1152
f 1167 1185 1260
f 1185 1186 1219
f 1205 1220 1168
f 1207 1164 1215
f 1165 1208 1181
f 1182 1216 1231
f 1138 1209 1233
f 1166 1290 1140
f 1078 1236 1235
f 1229 1221 1270
f 1251 1173 1200
f 1200 1222 1345
f 1194 1189 1240
f 1212 1240 1189
f 1242 1170 1322
f 1241 1255 1133
f 1202 1342 1162
f 1071 1283 1256
f 1258 1176 1229
f 1204 1239 1217
f 1184 1167 1246
f 1167 1260 1246
f 1261 1220 1205
f 1262 1261 1205
f 1210 1313 1206
f 1198 1215 1164
f 1208 1264 1181
f 1248 1234 1209
f 1166 1199 1377
f 1180 1211 1230
f 1266 1230 1211
f 1211 1207 1266
f 1263 1266 1207
f 1215 1263 1207
f 1231 1208 1182
f 1247 1232 1183
f 1234 1233 1209
f 9565 1140 1290
f 1220 1219 1186
f 1221 1173 1250
f 1252 1201 1154
f 1154 1194 1252
f 1294 1195 1253
f 1195 1223 1253
f 1305 1225 1191
f 1305 1226 1275
f 1192 1243 1296
f 1254 1296 1243
f 1133 1342 1241
f 1210 1180 1277
f 1308 1268 1216
f 1232 1308 1216
f 1248 1265 1234
f 1244 1239 1218
f 1246 1245 1184
f 1185 1219 1260
f 1261 1219 1220
f 1313 1262 1206
f 1270 1293 1229
f 1250 1173 1251
f 1252 1222 1201
f 1240 1252 1194
f 1240 1212 1280
f 1322 1272 1242
f 1303 1253 1223
f 1273 1303 1223
f 1227 1275 1226
f 1255 1297 1147
f 1229 1293 1258
f 1277 1313 1210
f 1264 1208 1289
f 1231 1289 1208
f 1231 1216 1268
f 1247 1308 1232
f 1183 1138 1233
f 1177 1316 1278
f 1269 1361 1177
f 1259 1291 1237
f 1237 1238 1259
f 1238 1217 1259
f 1217 1239 1259
f 1244 1245 1292
f 1328 1246 1260
f 1250 1270 1221
f 1200 1345 1251
f 1322 1170 1346
f 1294 1346 1170
f 1223 1224 1273
f 1213 1274 1224
f 1227 1192 1306
f 1296 1306 1192
f 1214 1147 1297
f 1222 1252 1279
f 1271 1252 1240
f 1280 1271 1240
f 1212 1242 1280
f 1242 1272 1280
f 1295 1213 1225
f 1275 1227 1306
f 1296 1254 1282
f 1256 1307 1202
f 1367 1228 1171
f 1312 1284 1203
f 1203 1257 1312
f 1258 1293 1285
f 1361 1316 1177
f 1259 1239 1317
f 1267 1263 1215
f 1215 1198 1267
f 1268 1289 1231
f 1233 1247 1183
f 1233 1234 1335
f 1265 1335 1234
f 1309 1265 1248
f 1248 1249 1309
f 1299 1309 1249
f 1300 1299 1249
f 1249 9565 1300
f 9565 1290 1300
f 1377 1199 1235
f 1251 1345 1340
f 1302 1345 1222
f 1253 1303 1281
f 1303 1273 1330
f 1274 1273 1224
f 1274 1213 1295
f 1225 1305 1295
f 1276 1307 1256
f 1269 1291 1301
f 1317 1239 1244
f 1260 1219 1320
f 1261 1262 1356
f 1332 1356 1262
f 1262 1313 1332
f 1277 1180 1326
f 1230 1326 1180
f 1230 1266 1326
f 1287 1314 1266
f 1267 1287 1263
f 1288 1267 1198
f 1198 1264 1288
f 1289 1288 1264
f 1326 1266 1286
f 1314 1286 1266
f 1266 1263 1287
f 1370 1287 1267
f 1289 1268 1298
f 1308 1334 1268
f 1166 1377 1336
f 1236 1278 1360
f 1361 1269 1388
f 1317 1338 1259
f 1317 1244 1318
f 1261 1310 1219
f 1250 1293 1270
f 1222 1279 1302
f 1252 1271 1279
f 1280 1272 1349
f 1304 1273 1274
f 1353 1306 1296
f 1171 1284 1367
f 1313 1277 1357
f 1333 1357 1277
f 1326 1333 1277
f 1334 1298 1268
f 1290 1166 1336
f 1360 1235 1236
f 1316 1360 1278
f 1388 1269 1301
f 1338 1301 1291
f 1319 1292 1245
f 1328 1260 1320
f 1356 1310 1261
f 1329 1347 1250
f 1251 1329 1250
f 1251 1340 1329
f 1253 1392 1294
f 1306 1352 1275
f 1214 1282 1254
f 1297 1383 1214
f 1276 1256 1354
f 1256 1283 1354
f 1283 1228 1367
f 1284 1312 1384
f 1257 1258 1355
f 1298 1288 1289
f 1300 1290 1372
f 1291 1259 1338
f 1317 1318 1339
f 1244 1292 1319
f 1219 1310 1320
f 1293 1250 1321
f 1347 1321 1250
f 1311 1302 1279
f 1279 1271 1311
f 1271 1280 1311
f 1349 1311 1280
f 1272 1322 1381
f 1392 1346 1294
f 1392 1253 1281
f 1323 1281 1303
f 1304 1330 1273
f 1304 1274 1366
f 1295 1305 1341
f 1305 1275 1331
f 1275 1352 1331
f 1306 1353 1324
f 1297 1255 1241
f 1384 1367 1284
f 1308 1399 1334
f 1299 1300 1327
f 1372 1327 1300
f 1318 1244 1364
f 1319 1364 1244
f 1245 1246 1319
f 1328 1319 1246
f 1320 1365 1328
f 1322 1346 1374
f 1330 1323 1303
f 1274 1295 1366
f 1324 1352 1306
f 1367 1407 1283
f 1355 1258 1325
f 1285 1325 1258
f 1285 1293 1321
f 1286 1314 1369
f 1314 1287 1315
f 1370 1315 1287
f 1267 1288 1343
f 1288 1298 1359
f 1298 1334 1359
f 1233 1371 1247
f 1233 1335 1409
f 1362 1372 1290
f 1302 1311 1348
f 1381 1349 1272
f 1281 1323 1350
f 1305 1331 1341
f 1368 1332 1313
f 1357 1368 1313
f 1286 1369 1385
f 1369 1314 1315
f 1370 1267 1343
f 1387 1399 1308
f 1247 1387 1308
f 1409 1371 1233
f 1418 1344 1265
f 1265 1309 1418
f 1309 1299 1401
f 1327 1401 1299
f 1377 1235 1363
f 1360 1363 1235
f 1360 1316 1337
f 1460 1364 1319
f 1365 1380 1328
f 1347 1329 1421
f 1404 1340 1345
f 1422 1345 1302
f 1348 1422 1302
f 1381 1322 1431
f 1350 1392 1281
f 1330 1304 1351
f 1304 1366 1351
f 1341 1366 1295
f 1424 1341 1331
f 1445 1352 1324
f 1282 1353 1296
f 1463 1354 1283
f 1283 1407 1463
f 1326 1286 1358
f 1385 1358 1286
f 1369 1315 1386
f 1288 1359 1343
f 1387 1247 1371
f 1388 1301 1420
f 1380 1319 1328
f 1310 1356 1373
f 1349 1348 1311
f 1331 1352 1424
f 1282 1214 1383
f 1376 1241 1342
f 1415 1202 1307
f 1307 1276 1435
f 1343 1359 1398
f 1400 1409 1335
f 1335 1265 1456
f 1265 1344 1456
f 1327 1372 1447
f 1338 1317 1389
f 1320 1310 1365
f 1310 1373 1365
f 1404 1329 1340
f 1350 1323 1443
f 1443 1323 1444
f 1323 1330 1375
f 1415 1376 1342
f 1342 1202 1415
f 1257 1355 1312
f 1325 1474 1355
f 1336 1362 1290
f 1337 1316 1419
f 1379 1301 1338
f 1389 1317 1339
f 1380 1391 1319
f 1332 1436 1356
f 1405 1422 1348
f 1348 1349 1405
f 1322 1374 1431
f 1375 1444 1323
f 1351 1375 1330
f 1414 1424 1352
f 1383 1462 1282
f 1241 1376 1395
f 1276 1354 1425
f 1321 1347 1411
f 1421 1411 1347
f 1329 1404 1412
f 1349 1381 1442
f 1353 1282 1462
f 1395 1297 1241
f 1425 1435 1276
f 1285 1321 1486
f 1301 1379 1378
f 1379 1338 1389
f 1429 1339 1318
f 1364 1460 1390
f 1373 1356 1436
f 1358 1385 1416
f 1369 1417 1385
f 1359 1334 1398
f 1399 1398 1334
f 1456 1400 1335
f 1363 1360 1428
f 1361 1419 1316
f 1368 1436 1332
f 1397 1386 1315
f 1315 1370 1397
f 1437 1370 1343
f 1389 1339 1440
f 1345 1422 1404
f 1442 1405 1349
f 1406 1374 1346
f 1392 1406 1346
f 1351 1366 1393
f 1353 1445 1324
f 1415 1307 1435
f 1407 1367 1451
f 1464 1367 1384
f 1486 1325 1285
f 1326 1358 1333
f 1370 1437 1397
f 1387 1371 1454
f 1409 1408 1371
f 1439 1428 1337
f 1318 1364 1390
f 1365 1373 1448
f 1373 1436 1410
f 1412 1421 1329
f 1413 1431 1374
f 1406 1483 1374
f 1366 1341 1393
f 1394 1393 1341
f 1424 1394 1341
f 1382 1353 1462
f 1383 1297 1395
f 1354 1463 1425
f 1333 1358 1453
f 1454 1399 1387
f 1401 1327 1447
f 1402 1336 1377
f 1363 1428 1488
f 1420 1378 1403
f 1459 1378 1379
f 1448 1391 1380
f 1448 1373 1410
f 1321 1411 1396
f 1430 1404 1422
f 1483 1413 1374
f 1406 1392 1449
f 1392 1350 1433
f 1423 1375 1351
f 1351 1393 1423
f 1355 1474 1312
f 1486 1321 1396
f 1357 1452 1368
f 1385 1417 1416
f 1386 1477 1369
f 1408 1454 1371
f 1377 1363 1402
f 1361 1388 1458
f 1379 1389 1440
f 1429 1318 1390
f 1468 1460 1319
f 1319 1391 1468
f 1380 1365 1448
f 1442 1381 1431
f 1413 1432 1431
f 1433 1449 1392
f 1445 1414 1352
f 1395 1376 1434
f 1376 1415 1581
f 1416 1453 1358
f 1417 1369 1477
f 1343 1398 1437
f 1399 1427 1398
f 1409 1400 1455
f 1519 1456 1344
f 1344 1418 1478
f 1447 1372 1438
f 1372 1362 1438
f 1336 1506 1362
f 1488 1402 1363
f 1420 1458 1388
f 1410 1436 1461
f 1421 1412 1494
f 1350 1443 1433
f 1444 1375 1423
f 1445 1353 1446
f 1450 1446 1353
f 1382 1450 1353
f 1451 1499 1463
f 1463 1407 1451
f 1367 1464 1451
f 1325 1552 1474
f 1552 1325 1486
f 1452 1436 1368
f 1357 1333 1452
f 1426 1452 1333
f 1453 1426 1333
f 1397 1477 1386
f 1437 1398 1427
f 1455 1408 1409
f 1478 1519 1344
f 1309 1401 1511
f 1440 1339 1429
f 1429 1390 1441
f 1390 1460 1509
f 1461 1448 1410
f 1494 1514 1421
f 1489 1422 1405
f 1442 1489 1405
f 1471 1393 1394
f 1539 1464 1384
f 1384 1312 1539
f 1474 1539 1312
f 1417 1477 1476
f 1456 1455 1400
f 1418 1309 1511
f 1438 1362 1505
f 1506 1505 1362
f 1419 1439 1337
f 1458 1420 1520
f 1420 1403 1520
f 1459 1379 1479
f 1379 1440 1479
f 1562 1433 1443
f 1423 1393 1471
f 1394 1424 1472
f 1473 1424 1414
f 1414 1445 1473
f 1581 1434 1376
f 1526 1415 1435
f 1437 1529 1397
f 1487 1454 1408
f 1478 1418 1556
f 1447 1438 1504
f 1402 1506 1336
f 1458 1419 1361
f 1378 1658 1403
f 1459 1532 1378
f 1440 1429 1480
f 1448 1461 1469
f 1432 1413 1490
f 1449 1433 1495
f 1382 1462 1450
f 1436 1452 1475
f 1500 1467 1416
f 1416 1417 1500
f 1511 1556 1418
f 1503 1511 1401
f 1658 1378 1659
f 1532 1659 1378
f 1469 1481 1448
f 1475 1461 1436
f 1514 1411 1421
f 1482 1412 1404
f 1510 1482 1404
f 1404 1430 1510
f 1489 1430 1422
f 1442 1431 1523
f 1432 1523 1431
f 1413 1483 1490
f 1449 1483 1406
f 1443 1444 1562
f 1444 1423 1465
f 1472 1471 1394
f 1473 1472 1424
f 1446 1473 1445
f 1486 1485 1552
f 1452 1426 1466
f 1453 1466 1426
f 1501 1477 1397
f 1454 1427 1399
f 1455 1487 1408
f 1557 1438 1505
f 1479 1440 1480
f 1441 1480 1429
f 1396 1411 1522
f 1482 1494 1412
f 1515 1510 1430
f 1430 1489 1470
f 1523 1489 1442
f 1491 1483 1449
f 1495 1491 1449
f 1423 1471 1516
f 1450 1462 1497
f 1434 1581 1546
f 1498 1581 1415
f 1415 1526 1498
f 1451 1464 1499
f 1464 1539 1547
f 1518 1475 1452
f 1466 1518 1452
f 1453 1416 1467
f 1397 1529 1501
f 1487 1455 1502
f 1502 1455 1456
f 1504 1503 1401
f 1401 1447 1504
f 1558 1439 1419
f 1520 1492 1458
f 1507 1532 1459
f 1521 1507 1459
f 1521 1459 1479
f 1468 1391 1448
f 1481 1468 1448
f 1525 1497 1462
f 1383 1525 1462
f 1526 1435 1484
f 1435 1425 1484
f 1522 1486 1396
f 1417 1476 1500
f 1582 1427 1454
f 1519 1457 1456
f 1558 1488 1428
f 1479 1480 1508
f 1533 1508 1480
f 1509 1441 1390
f 1562 1495 1433
f 1472 1473 1517
f 1395 1525 1383
f 1547 1499 1464
f 1552 1575 1474
f 1485 1486 1588
f 1454 1487 1582
f 1402 1488 1531
f 1419 1458 1492
f 1521 1479 1508
f 1509 1460 1513
f 1460 1468 1513
f 1469 1461 1542
f 1465 1423 1496
f 1423 1516 1496
f 1446 1450 1537
f 1529 1437 1582
f 1437 1427 1582
f 1502 1456 1457
f 1504 1438 1557
f 1493 1533 1480
f 1480 1441 1493
f 1570 1481 1469
f 1475 1542 1461
f 1543 1522 1411
f 1514 1543 1411
f 1430 1470 1515
f 1523 1432 1560
f 1524 1560 1432
f 1471 1472 1517
f 1536 1517 1473
f 1497 1537 1450
f 1499 1547 1527
f 1575 1539 1474
f 1453 1467 1528
f 1566 1477 1501
f 1519 1478 1555
f 1556 1568 1478
f 1503 1504 1569
f 1592 1468 1481
f 1470 1489 1523
f 1432 1490 1524
f 1535 1490 1483
f 1491 1586 1483
f 1562 1444 1607
f 1465 1607 1444
f 1538 1525 1395
f 1395 1434 1538
f 1434 1546 1538
f 1527 1425 1463
f 1463 1499 1527
f 1475 1518 1540
f 1528 1518 1466
f 1466 1453 1528
f 1500 1553 1467
f 1577 1566 1501
f 1529 1577 1501
f 1502 1457 1548
f 1568 1555 1478
f 1569 1504 1512
f 1520 1403 1651
f 1658 1651 1403
f 1542 1549 1469
f 1482 1510 1534
f 1523 1571 1470
f 1560 1544 1523
f 1483 1586 1535
f 1491 1495 1580
f 1517 1516 1471
f 1545 1536 1473
f 1446 1545 1473
f 1537 1497 1596
f 1484 1587 1526
f 1484 1425 1610
f 1425 1527 1610
f 1527 1547 1605
f 1588 1486 1522
f 1528 1467 1553
f 1530 1582 1487
f 1487 1502 1530
f 1457 1519 1554
f 1504 1557 1649
f 1506 1402 1531
f 1419 1492 1727
f 1493 1441 1559
f 1509 1559 1441
f 1481 1570 1592
f 1624 1514 1494
f 1550 1494 1482
f 1510 1515 1534
f 1562 1580 1495
f 1546 1609 1538
f 1548 1530 1502
f 1554 1548 1457
f 1555 1554 1519
f 1541 1505 1506
f 1531 1583 1506
f 9566 1531 1488
f 1626 1492 1520
f 1651 1626 1520
f 1613 1521 1508
f 1615 1559 1509
f 1513 1615 1509
f 1468 1592 1513
f 1549 1570 1469
f 1542 1475 1540
f 1494 1550 1624
f 1482 1534 1550
f 1544 1571 1523
f 1580 1586 1491
f 1563 1545 1446
f 1537 1563 1446
f 1581 1498 1669
f 1498 1526 1587
f 1610 1631 1484
f 1552 1485 1598
f 1588 1598 1485
f 1540 1518 1576
f 1518 1528 1576
f 1553 1576 1528
f 1500 1476 1600
f 1566 1476 1477
f 1582 1577 1529
f 1649 1512 1504
f 1541 1557 1505
f 1584 1558 1419
f 1601 1613 1508
f 1508 1533 1601
f 1593 1549 1542
f 1624 1606 1514
f 1515 1470 1571
f 1544 1560 1604
f 1524 1490 1579
f 1490 1535 1579
f 1525 1596 1497
f 1587 1669 1498
f 1553 1500 1589
f 1600 1599 1500
f 1548 1554 1590
f 1555 1568 1618
f 1556 1511 1619
f 1578 1531 9566
f 1613 1507 1521
f 1533 1493 1602
f 1559 1602 1493
f 1542 1540 1593
f 1522 1543 1612
f 1606 1543 1514
f 1585 1571 1544
f 1535 1679 1579
f 1496 1516 1573
f 1516 1517 1573
f 1551 1573 1517
f 1539 1575 1670
f 1552 1565 1575
f 1599 1589 1500
f 1530 1548 1567
f 1548 1590 1567
f 1506 1583 1541
f 1513 1592 1591
f 1515 1571 1534
f 1560 1524 1572
f 1524 1561 1572
f 1579 1561 1524
f 1535 1586 1679
f 1607 1465 1660
f 1465 1496 1660
f 1551 1517 1629
f 1517 1536 1629
f 1563 1537 1595
f 1596 1595 1537
f 1631 1587 1484
f 1598 1565 1552
f 1646 1588 1522
f 1522 1612 1646
f 1619 1568 1556
f 1636 1583 1531
f 1531 1578 1636
f 1584 1419 1727
f 1727 1492 1657
f 1601 1533 1602
f 1549 1593 1622
f 1534 1594 1550
f 1572 1604 1560
f 1641 1679 1586
f 1536 1545 1644
f 1525 1538 1574
f 1655 1576 1553
f 1599 1600 1632
f 1476 1566 1600
f 1577 1690 1566
f 1582 1530 1633
f 1569 1512 1635
f 1513 1591 1615
f 1621 1592 1570
f 1639 1621 1570
f 1570 1549 1639
f 1622 1639 1549
f 1624 1550 1665
f 1585 1640 1571
f 1603 1585 1544
f 1544 1604 1603
f 1546 1581 1732
f 1610 1527 1597
f 1653 1605 1547
f 1547 1645 1653
f 1593 1540 1616
f 1589 1655 1553
f 1618 1554 1555
f 1541 1649 1557
f 1656 1578 9566
f 9566 1584 1656
f 1626 1657 1492
f 1642 1580 1562
f 1536 1644 1608
f 1563 1644 1545
f 1609 1721 1538
f 1669 1732 1581
f 1564 1597 1527
f 1605 1564 1527
f 1611 1547 1539
f 1539 1670 1611
f 1540 1576 1617
f 1576 1655 1617
f 1632 1600 1566
f 1633 1577 1582
f 1636 1541 1583
f 1637 1656 1584
f 1727 1637 1584
f 1638 1613 1601
f 1559 1614 1602
f 1687 1628 1585
f 1603 1687 1585
f 1660 1643 1607
f 1608 1629 1536
f 1574 1596 1525
f 1575 1565 1670
f 1588 1625 1598
f 1588 1646 1625
f 1530 1567 1633
f 1568 1619 1740
f 1614 1559 1615
f 1615 1591 1671
f 1621 1627 1592
f 1612 1543 1676
f 1534 1571 1691
f 1628 1640 1585
f 1580 1641 1586
f 1546 1732 1609
f 1653 1564 1605
f 1611 1645 1547
f 1589 1599 1662
f 1599 1632 1662
f 1690 1632 1566
f 1740 1618 1568
f 1511 1503 1634
f 1569 1634 1503
f 1657 1626 1650
f 1601 1602 1638
f 1707 1638 1602
f 1614 1707 1602
f 1591 1592 1627
f 1622 1593 1623
f 1593 1616 1623
f 1652 1594 1534
f 1534 1691 1652
f 1604 1678 1603
f 1604 1572 1678
f 1642 1562 1607
f 1573 1660 1496
f 1669 1587 1680
f 1675 1631 1610
f 1543 1606 1676
f 1571 1640 1691
f 1674 1572 1561
f 1579 1674 1561
f 1642 1641 1580
f 1573 1551 1629
f 1596 1574 1630
f 1646 1612 1654
f 1676 1654 1612
f 1626 1651 1684
f 1659 1714 1658
f 1671 1620 1615
f 1617 1647 1616
f 1616 1540 1617
f 1554 1734 1590
f 1554 1618 1734
f 1619 1511 1749
f 1634 1749 1511
f 1634 1569 1741
f 1635 1741 1569
f 1633 1567 1664
f 1541 1636 1697
f 1697 1636 1578
f 1727 1657 1728
f 1614 1615 1620
f 1627 1671 1591
f 1639 1622 1673
f 1702 1606 1624
f 1624 1665 1702
f 1784 1691 1640
f 1674 1678 1572
f 1668 1574 1538
f 1538 1721 1668
f 1661 1704 1625
f 1625 1646 1661
f 1662 1681 1589
f 1648 1567 1590
f 1697 1578 1656
f 1685 1507 1613
f 1616 1647 1623
f 1702 1676 1606
f 1640 1628 1693
f 1579 1679 1674
f 1587 1631 1675
f 1597 1675 1610
f 1695 1647 1617
f 1655 1589 1681
f 1690 1577 1633
f 1696 1648 1590
f 1684 1651 1764
f 1659 1532 1715
f 1532 1507 1715
f 1759 1685 1613
f 1707 1614 1735
f 1620 1735 1614
f 1621 1639 1673
f 1719 1665 1550
f 1687 1693 1628
f 1642 1607 1688
f 1643 1688 1607
f 1660 1573 1739
f 1574 1668 1630
f 1597 1564 1689
f 1653 1645 1758
f 1565 1598 1704
f 1598 1625 1704
f 1663 1662 1632
f 1512 1649 1725
f 1726 1649 1541
f 1650 1626 1684
f 1658 1764 1651
f 1729 1613 1638
f 1672 1627 1621
f 1784 1692 1691
f 1687 1603 1666
f 1773 1732 1669
f 1708 1661 1646
f 1681 1747 1655
f 1690 1663 1632
f 1567 1648 1664
f 1512 1705 1635
f 1650 1728 1657
f 1685 1716 1507
f 1613 1729 1759
f 1671 1686 1620
f 1671 1627 1672
f 1621 1673 1718
f 1678 1666 1603
f 1678 1674 1731
f 1720 1674 1679
f 1642 1756 1641
f 1629 1739 1573
f 1667 1608 1644
f 1644 1563 1667
f 1808 1667 1563
f 1595 1808 1563
f 1596 1630 1694
f 1630 1668 1762
f 1840 1680 1587
f 1587 1675 1840
f 1653 1689 1564
f 1704 1661 1736
f 1646 1654 1700
f 1676 1746 1654
f 1655 1695 1617
f 1682 1681 1662
f 1662 1663 1831
f 1649 1726 1725
f 1726 1541 1697
f 1715 1507 1716
f 1623 1647 1677
f 1756 1679 1641
f 1595 1596 1694
f 1680 1773 1669
f 1758 1689 1653
f 1670 1565 1711
f 1700 1708 1646
f 1746 1700 1654
f 1662 1831 1682
f 1663 1690 1766
f 1683 1690 1633
f 1633 1664 1683
f 1648 1683 1664
f 1590 1734 1696
f 1740 1734 1618
f 1748 1740 1619
f 1748 1619 1749
f 1715 1714 1659
f 1729 1638 1707
f 1718 1672 1621
f 1673 1622 1699
f 1622 1623 1699
f 1760 1550 1594
f 1678 1731 1710
f 1643 1660 1775
f 1739 1775 1660
f 1667 1807 1608
f 1808 1595 1694
f 1668 1721 1762
f 1746 1676 1817
f 1705 1512 1725
f 1714 1764 1658
f 1735 1620 1686
f 1623 1677 1699
f 1676 1702 1701
f 1710 1666 1678
f 1679 1756 1720
f 1756 1642 1688
f 1775 1703 1643
f 1721 1609 1798
f 1704 1711 1565
f 1701 1817 1676
f 1647 1695 1712
f 1747 1695 1655
f 1697 1706 1726
f 1697 1656 9572
f 1742 9572 1656
f 1637 1742 1656
f 1728 1650 1779
f 1750 1650 1684
f 1671 1672 1744
f 1718 1717 1672
f 1698 1718 1673
f 1709 1693 1687
f 1687 1666 1709
f 1703 1688 1643
f 1762 1721 1828
f 1766 1690 1683
f 1734 1713 1696
f 1734 1740 1778
f 1800 1778 1740
f 1716 1685 1765
f 1744 1672 1717
f 1736 1661 1708
f 1795 1702 1665
f 1665 1719 1795
f 1550 1760 1719
f 1691 1692 1652
f 1597 1689 1774
f 1723 1677 1647
f 1712 1723 1647
f 1747 1810 1695
f 1682 1747 1681
f 1831 1663 1763
f 1766 1763 1663
f 1713 1648 1696
f 1727 1742 1637
f 1743 1779 1650
f 1816 1765 1685
f 1685 1759 1816
f 1735 1768 1707
f 1686 1671 1744
f 1698 1673 1699
f 1704 1736 1730
f 1594 1652 1760
f 1731 1674 1720
f 1629 1608 1776
f 1807 1776 1608
f 1758 1774 1689
f 1611 1670 1722
f 1711 1722 1670
f 1711 1704 1730
f 1695 1810 1712
f 1831 1724 1682
f 1733 1683 1648
f 1740 1748 1833
f 1764 1714 1803
f 1729 1707 1768
f 1735 1686 1780
f 1717 1718 1751
f 1795 1754 1702
f 1709 1786 1693
f 1666 1838 1709
f 1710 1761 1666
f 1694 1630 1757
f 1829 1675 1597
f 1741 1635 1767
f 1705 1767 1635
f 1706 1813 1726
f 1650 1750 1743
f 1684 1764 1750
f 1714 1715 1815
f 1715 1716 1867
f 1765 1867 1716
f 1770 1699 1677
f 1723 1770 1677
f 1753 1700 1746
f 1737 1795 1719
f 1640 1693 1755
f 1761 1838 1666
f 1731 1720 1710
f 1688 1703 1738
f 1775 1738 1703
f 1774 1829 1597
f 1648 1713 1733
f 1813 1725 1726
f 1727 1728 1779
f 1750 1764 1848
f 1768 1824 1729
f 1744 1780 1686
f 1744 1717 1804
f 1793 1736 1708
f 1745 1752 1708
f 1708 1700 1745
f 1753 1745 1700
f 1806 1783 1719
f 1719 1760 1806
f 1755 1784 1640
f 1786 1785 1693
f 1810 1723 1712
f 1683 1733 1789
f 1749 1634 1801
f 1706 9572 1813
f 1769 1751 1718
f 1769 1718 1698
f 1699 1782 1698
f 1708 1752 1793
f 1754 1794 1701
f 1796 1710 1720
f 1738 1756 1688
f 1739 1797 1775
f 1739 1629 1797
f 1808 1807 1667
f 1808 1694 1822
f 1757 1822 1694
f 1733 1713 1799
f 1778 1713 1734
f 1875 1800 1740
f 1801 1634 1854
f 1767 1854 1634
f 1634 1741 1767
f 1790 1705 1725
f 1814 1813 9572
f 1743 1847 1779
f 1780 1744 1804
f 1782 1769 1698
f 1817 1753 1746
f 1817 1701 1818
f 1794 1818 1701
f 1756 1796 1720
f 1797 1629 1776
f 1807 1808 1772
f 1827 1630 1762
f 1798 1828 1721
f 1609 1732 1798
f 1788 1645 1611
f 1611 1722 1788
f 1724 1747 1682
f 1683 1789 1812
f 1846 1799 1713
f 1740 1833 1875
f 1749 1833 1748
f 1742 1814 9572
f 1909 1802 1742
f 1742 1727 1909
f 1779 1909 1727
f 1768 1735 1860
f 1730 1736 1805
f 1745 1793 1752
f 1719 1783 1737
f 1760 1652 1837
f 1692 1837 1652
f 1827 1757 1630
f 1918 1827 1762
f 1773 1798 1732
f 1773 1680 1884
f 1680 1840 1884
f 1788 1758 1645
f 1811 1763 1766
f 1733 1799 1789
f 1867 1815 1715
f 1824 1759 1729
f 1780 1860 1735
f 1770 1782 1699
f 1771 1745 1753
f 1692 1784 1927
f 1761 1710 1796
f 1821 1820 1756
f 1756 1738 1821
f 1840 1675 1829
f 1758 1777 1774
f 1842 1770 1723
f 1723 1810 1842
f 1812 1766 1683
f 1833 1749 1886
f 1801 1886 1749
f 1782 1781 1769
f 1805 1736 1871
f 1793 1871 1736
f 1863 1771 1753
f 1753 1817 1863
f 1754 1795 1850
f 1795 1737 1865
f 1755 1693 1878
f 1785 1878 1693
f 1761 1796 1787
f 1807 1892 1776
f 1777 1758 1809
f 1810 1747 1843
f 1724 1843 1747
f 1831 1763 1823
f 1766 1812 1811
f 1813 1790 1725
f 1814 1742 1802
f 1759 1824 1792
f 1751 1769 1861
f 1781 1861 1769
f 1819 1786 1709
f 1709 1838 1819
f 1762 1828 1918
f 1829 1774 1777
f 1812 1789 1873
f 1815 1803 1714
f 1765 1816 1791
f 1759 1792 1816
f 1892 1797 1776
f 1856 1772 1808
f 1827 1822 1757
f 1722 1711 1852
f 1730 1852 1711
f 1980 1800 1875
f 1854 1767 2050
f 1705 1887 1767
f 1909 1779 1834
f 1847 1834 1779
f 1780 1804 1891
f 1793 1745 1836
f 1817 1818 1864
f 1837 1806 1760
f 1927 1837 1692
f 1784 1902 1927
f 1784 1755 1902
f 1878 1785 1928
f 1839 1821 1738
f 1826 1839 1738
f 1775 1826 1738
f 1829 1903 1840
f 1809 1758 1885
f 1758 1788 1885
f 1788 1722 1893
f 1763 1811 1823
f 1873 1789 1799
f 1980 1874 1800
f 1887 2050 1767
f 1813 1814 1888
f 1803 1848 1764
f 1860 1897 1768
f 1717 1751 1835
f 1751 1861 1835
f 1862 1781 1782
f 1825 1836 1745
f 1795 1865 1850
f 1819 1785 1786
f 1787 1855 1761
f 1866 1787 1796
f 1820 1866 1796
f 1822 1882 1808
f 1918 1828 1868
f 1883 1868 1828
f 1913 1828 1798
f 1831 1845 1724
f 1823 1832 1831
f 1778 1800 1925
f 1874 1925 1800
f 1867 1765 1791
f 1835 1891 1804
f 1804 1717 1835
f 1770 1862 1782
f 1771 1825 1745
f 1863 1849 1771
f 1838 1761 1855
f 1821 1866 1820
f 1797 1826 1775
f 1892 1807 1881
f 1807 1772 1881
f 1882 1856 1808
f 1798 1773 1869
f 1777 1841 1829
f 1805 1852 1730
f 1810 1853 1842
f 1843 1853 1810
f 1811 1812 1873
f 1925 1713 1778
f 1705 1790 1926
f 1750 1848 1895
f 1897 1824 1768
f 1817 1864 1863
f 1856 1881 1772
f 1822 1827 1882
f 1869 1913 1798
f 1777 1809 1830
f 1885 1830 1809
f 1844 1843 1724
f 1910 1895 1848
f 1891 1860 1780
f 1755 1878 1948
f 1866 1821 1880
f 1903 1829 1841
f 1830 1841 1777
f 1852 1893 1722
f 1845 1831 1858
f 1873 1872 1811
f 1888 1915 1813
f 1802 1888 1814
f 1895 1859 1750
f 1803 1815 2025
f 1911 2025 1815
f 1906 1911 1815
f 1815 1867 1906
f 1862 1770 1900
f 1818 1850 1877
f 1948 1902 1755
f 1819 1879 1785
f 1787 1866 1916
f 1884 1840 1908
f 1908 1840 1903
f 1841 1830 1851
f 1870 1851 1830
f 1830 1885 1870
f 1770 1842 1857
f 1845 1844 1724
f 1873 1799 1923
f 1799 1846 1923
f 1846 1713 1924
f 1925 1924 1713
f 1874 1980 1968
f 1833 1937 1875
f 1859 1834 1847
f 1896 1910 1848
f 1848 1803 1896
f 2025 1896 1803
f 1824 1897 1890
f 1966 1805 1871
f 1871 1793 1931
f 1836 1931 1793
f 1921 1836 1825
f 1894 1825 1771
f 1771 1849 1894
f 1849 1863 1912
f 1877 1864 1818
f 1737 1783 1865
f 1819 1838 1941
f 1838 1855 1941
f 1880 1821 1942
f 1839 1942 1821
f 1797 1935 1826
f 1883 1828 1913
f 1884 1869 1773
f 1893 1885 1788
f 1843 1844 1951
f 1832 1858 1831
f 1872 1823 1811
f 1886 1937 1833
f 1926 1887 1705
f 1792 1824 1890
f 1835 1861 1939
f 1781 1862 1899
f 1940 1899 1862
f 1850 1865 1901
f 1879 1819 2063
f 1787 1916 1855
f 1913 1869 1996
f 1842 1853 1857
f 1853 1843 1951
f 1823 1872 1922
f 1867 1791 1938
f 1897 1860 1946
f 1899 1861 1781
f 1863 1864 1912
f 1927 2015 1837
f 1941 1929 1819
f 1866 1880 1916
f 1856 1882 1986
f 1869 1884 1963
f 1955 1931 1836
f 1924 1923 1846
f 1874 1968 1979
f 1906 1867 1938
f 1816 1792 1791
f 1860 1898 1946
f 1891 1898 1860
f 1891 1835 1939
f 1864 1877 1947
f 1877 1850 1958
f 1837 1934 1806
f 1916 1941 1855
f 1986 1917 1856
f 1920 1851 1870
f 1930 1852 1805
f 1805 1966 1930
f 1894 1921 1825
f 1923 1932 1873
f 1979 1925 1874
f 1980 1875 1981
f 1937 1981 1875
f 1887 1926 1904
f 1909 1834 1889
f 1933 1898 1891
f 1770 1857 1900
f 1864 1947 1912
f 1972 1901 1865
f 1974 1783 1806
f 1806 1934 1974
f 1879 1928 1785
f 1962 1892 1881
f 1856 1917 1881
f 1907 1882 1827
f 1827 1918 1907
f 1870 1885 1914
f 1893 1914 1885
f 1921 1955 1836
f 1832 1936 1858
f 1801 1945 1886
f 1905 1876 1888
f 1888 1802 1905
f 1909 1905 1802
f 1939 1861 1899
f 1862 1900 1940
f 1912 1894 1849
f 1783 1974 1973
f 2063 1819 1929
f 1880 1942 1960
f 1797 1892 1962
f 1986 1882 1907
f 1919 1903 1841
f 1841 1851 1964
f 1914 1920 1870
f 1852 1965 1893
f 1931 1966 1871
f 1921 1894 2008
f 1932 1872 1873
f 1932 1923 2000
f 1854 2050 1801
f 1910 1859 1895
f 1956 1791 1792
f 1890 1956 1792
f 1934 1837 2015
f 1959 1927 1902
f 1902 1948 1959
f 1916 1880 1953
f 1920 1964 1851
f 1832 1823 1989
f 1970 1890 1897
f 2011 1946 1898
f 1947 1877 1958
f 1880 1960 1953
f 1935 1839 1826
f 1962 1935 1797
f 1943 1963 1884
f 1920 1914 1944
f 1965 1914 1893
f 1951 1857 1853
f 1989 1936 1832
f 1922 1989 1823
f 2050 1945 1801
f 1926 1915 2002
f 1905 1909 2033
f 1889 2033 1909
f 1834 1859 2004
f 1890 1970 1969
f 1933 1891 1939
f 1881 1917 1950
f 1963 1996 1869
f 1908 1943 1884
f 1987 1908 1903
f 1841 1964 1919
f 1923 1924 2000
f 1904 1983 1887
f 1876 2002 1915
f 1906 1938 2010
f 1933 2011 1898
f 1939 1899 2006
f 1947 2052 1912
f 1992 1958 1850
f 1850 1901 1992
f 1928 1879 2044
f 1953 1941 1916
f 1942 1839 1961
f 1949 1961 1839
f 1935 1949 1839
f 2022 1944 1914
f 2008 1967 1921
f 2032 1857 1951
f 1977 1951 1844
f 1845 1977 1844
f 1999 1922 1872
f 2000 1978 1932
f 2001 1924 1925
f 1979 2001 1925
f 2004 1889 1834
f 1957 1956 1890
f 1897 1946 1971
f 1952 1894 1912
f 1959 1993 1927
f 1879 2063 2029
f 1907 1918 2030
f 1868 2030 1918
f 1919 1987 1903
f 1965 2022 1914
f 1858 1977 1845
f 1872 1932 1978
f 1968 1980 2024
f 1887 1982 2050
f 1859 1910 2082
f 1984 1896 2025
f 1971 1970 1897
f 1783 1973 1865
f 1950 1962 1881
f 1996 1883 1913
f 1943 1908 2106
f 1987 2106 1908
f 1919 1964 1997
f 1944 1976 1920
f 1965 1852 2067
f 2057 2067 1852
f 1852 1930 2057
f 1931 2013 1966
f 1931 1955 2108
f 1955 1921 1967
f 1924 2001 2058
f 2002 1904 1926
f 1876 1905 2009
f 1910 1896 1990
f 2051 2010 1938
f 1938 1791 2051
f 1890 1969 1957
f 1933 1939 2006
f 2052 1952 1912
f 1964 1920 1976
f 1944 2022 2045
f 1998 2008 1894
f 1983 1982 1887
f 2033 2009 1905
f 2078 2033 1889
f 1889 2004 2078
f 1990 2082 1910
f 2011 1971 1946
f 1952 1998 1894
f 1992 1901 2043
f 1993 2015 1927
f 1948 1878 1975
f 1975 1878 1928
f 2044 1975 1928
f 2018 1935 1962
f 1883 1996 1954
f 1930 1966 2057
f 1951 1977 2074
f 2002 1876 2003
f 2009 2003 1876
f 1933 2006 2097
f 2007 1940 1900
f 1958 1992 2028
f 1959 1948 1994
f 1948 1975 2012
f 1929 1941 2016
f 1985 2016 1941
f 1941 1953 1985
f 1953 1960 1985
f 1960 1942 2054
f 1961 2054 1942
f 1935 2018 2017
f 1907 2065 1986
f 2030 1868 1954
f 1868 1883 1954
f 1997 1964 2090
f 1857 2032 1988
f 2032 1951 2074
f 1858 1936 2139
f 1979 1968 2001
f 1984 1990 1896
f 1969 2005 1957
f 2052 1947 2042
f 2028 2042 1947
f 1947 1958 2028
f 1901 1972 2043
f 2021 1973 1974
f 2014 1974 1934
f 2015 2014 1934
f 2012 1994 1948
f 1995 2018 1962
f 1986 2065 2019
f 2116 1987 1919
f 1964 1976 2090
f 2067 2022 1965
f 2013 1931 2108
f 2037 1999 1872
f 2024 2001 1968
f 1937 1886 2060
f 1945 2060 1886
f 1956 2051 1791
f 1899 1991 2006
f 1940 1991 1899
f 1900 1857 2007
f 1988 2007 1857
f 1952 2027 1998
f 2044 1879 2029
f 2016 2035 1929
f 1985 1960 2053
f 1962 1950 1995
f 1976 1944 2020
f 1955 1967 2072
f 1998 2046 2008
f 2024 1980 2059
f 1981 2059 1980
f 1969 1970 2026
f 1971 2011 2040
f 2062 1972 1865
f 1865 1973 2062
f 2063 1929 2035
f 2081 2016 1985
f 2053 1960 2054
f 1950 1917 1995
f 1944 2045 2020
f 2031 2057 1966
f 1966 2013 2031
f 1936 1989 2075
f 2050 2180 1945
f 2026 2005 1969
f 2097 2011 1933
f 2097 2006 1991
f 1991 1940 2007
f 2017 1949 1935
f 2030 2065 1907
f 1963 1943 2055
f 2038 1978 2000
f 2000 1924 2038
f 2001 2024 2023
f 2049 1945 2180
f 2033 2077 2009
f 2004 1859 2208
f 2079 2082 1990
f 2040 2026 1970
f 1970 1971 2040
f 2104 2028 1992
f 1992 2043 2104
f 1974 2014 2021
f 1995 1917 2019
f 1986 2019 1917
f 1954 1996 2036
f 1943 2106 2055
f 2046 1967 2008
f 1983 1904 2039
f 2002 2039 1904
f 2003 2009 2077
f 2025 2141 1984
f 2015 1993 2113
f 1954 2036 2115
f 2090 1976 2117
f 2056 2020 2045
f 2022 2067 2118
f 2132 2031 2013
f 2108 2132 2013
f 1967 2046 2073
f 2046 1998 2027
f 2007 1988 2084
f 2048 2075 1989
f 1989 1922 2048
f 1872 1978 2037
f 2058 2038 1924
f 1937 2076 1981
f 2208 2078 2004
f 2082 2208 1859
f 1990 1984 2061
f 1957 2111 1956
f 2042 2028 2034
f 1996 1963 2036
f 2022 2131 2045
f 2072 2108 1955
f 2076 2059 1981
f 1982 1983 2039
f 2095 2079 1990
f 1984 2141 2061
f 1957 2005 2111
f 2011 2097 2126
f 1952 2052 2080
f 2113 1993 2088
f 1993 1959 2088
f 1994 2088 1959
f 1954 2115 2030
f 2086 2117 1976
f 1858 2093 1977
f 2139 1936 2075
f 2023 2058 2001
f 2076 1937 2060
f 2095 1990 2061
f 2051 2142 2010
f 2097 1991 2041
f 2084 2098 2007
f 2027 1952 2071
f 2104 2034 2028
f 1972 2105 2043
f 2062 2105 1972
f 1973 2021 2062
f 2014 2015 2113
f 2054 1961 2064
f 1961 1949 2064
f 1919 1997 2116
f 2086 1976 2020
f 2118 2131 2022
f 2032 2074 2047
f 1922 1999 2048
f 2094 2037 1978
f 2049 2060 1945
f 2003 2039 2002
f 2033 2078 2069
f 1906 2010 2142
f 2081 2146 2035
f 2016 2081 2035
f 2081 1985 2122
f 2053 2122 1985
f 2114 1949 2017
f 2019 2100 1995
f 2139 2093 1858
f 2110 2023 2024
f 2039 2003 2133
f 2003 2077 2133
f 2025 1911 2141
f 1991 2007 2098
f 1994 2012 2099
f 2018 1995 2100
f 2089 2123 2065
f 2065 2030 2089
f 2036 1963 2066
f 2055 2066 1963
f 2106 1987 2191
f 2107 2056 2045
f 2046 2027 2071
f 2075 2048 2124
f 1982 2180 2050
f 2135 2082 2079
f 1911 1906 2246
f 2070 2051 1956
f 1956 2111 2070
f 2143 2165 2026
f 2026 2040 2143
f 2011 2126 2136
f 1991 2098 2041
f 2137 2080 2052
f 2052 2042 2137
f 2112 2104 2043
f 2043 2105 2112
f 2088 1994 2155
f 2012 1975 2099
f 2054 2200 2053
f 1987 2116 2191
f 2131 2107 2045
f 2072 1967 2073
f 2024 2059 2110
f 2077 2033 2069
f 2111 2005 2096
f 2005 2026 2096
f 2040 2011 2103
f 2034 2137 2042
f 1975 2044 2129
f 2029 2129 2044
f 2200 2054 2157
f 2054 2064 2211
f 1949 2114 2064
f 2019 2065 2123
f 2067 2057 2171
f 2057 2031 2171
f 2073 2068 2072
f 2092 2084 1988
f 1988 2032 2092
f 2074 1977 2093
f 2125 2094 1978
f 2060 2049 2121
f 2180 2121 2049
f 2180 1982 2101
f 2102 2079 2095
f 2142 2051 2087
f 2083 2087 2051
f 2051 2070 2083
f 2103 2011 2136
f 1952 2080 2162
f 2085 2021 2014
f 2099 2155 1994
f 2063 2035 2146
f 2158 2100 2019
f 2192 2191 2116
f 2116 1997 2218
f 2020 2056 2091
f 2047 2092 2032
f 2038 2125 1978
f 2119 2038 2058
f 2058 2023 2119
f 2023 2110 2119
f 2110 2059 2140
f 2059 2076 2140
f 1982 2039 2101
f 2133 2101 2039
f 2078 2208 2284
f 2273 2102 2095
f 2165 2096 2026
f 2040 2103 2143
f 2014 2113 2085
f 2211 2157 2054
f 2089 2030 2138
f 2115 2138 2030
f 2066 2055 2169
f 2106 2169 2055
f 2171 2118 2067
f 2073 2046 2174
f 2060 2121 2120
f 2133 2077 2181
f 2069 2078 2196
f 2098 2084 2127
f 2071 1952 2162
f 2144 2105 2062
f 2029 2063 2168
f 2146 2168 2063
f 2158 2019 2123
f 2090 2218 1997
f 2132 2171 2031
f 2074 2093 2159
f 2139 2075 2124
f 1999 2037 2048
f 2134 2181 2077
f 2077 2069 2134
f 2208 2082 2135
f 2246 2141 1911
f 2034 2104 2167
f 2274 2113 2088
f 2155 2274 2088
f 2129 2099 1975
f 2017 2203 2114
f 2018 2100 2182
f 2090 2117 2173
f 2091 2086 2020
f 2131 2118 2193
f 2109 2147 2068
f 2068 2073 2109
f 2073 2174 2109
f 2092 2127 2084
f 2148 2047 2074
f 2069 2196 2134
f 2095 2061 2273
f 2165 2186 2096
f 2041 2098 2209
f 2099 2129 2216
f 2129 2029 2168
f 2122 2053 2200
f 2068 2108 2072
f 2093 2139 2149
f 2120 2121 2179
f 2180 2179 2121
f 2133 2164 2101
f 2284 2196 2078
f 2102 2135 2079
f 2041 2166 2097
f 2162 2153 2071
f 2162 2080 2238
f 2137 2238 2080
f 2167 2137 2034
f 2112 2167 2104
f 2182 2017 2018
f 2158 2182 2100
f 2089 2138 2190
f 2173 2218 2090
f 2086 2275 2117
f 2108 2068 2147
f 2109 2174 2213
f 2163 2037 2094
f 2094 2125 2163
f 2038 2119 2125
f 2101 2150 2180
f 2246 1906 2160
f 2142 2160 1906
f 2070 2111 2228
f 2209 2098 2152
f 2127 2152 2098
f 2128 2062 2021
f 2085 2128 2021
f 2146 2081 2156
f 2192 2116 2218
f 2275 2173 2117
f 2275 2086 2091
f 2130 2091 2056
f 2118 2171 2193
f 2132 2108 2183
f 2244 2163 2125
f 2184 2125 2119
f 2257 2083 2070
f 2197 2103 2136
f 2166 2136 2126
f 2209 2166 2041
f 2154 2112 2105
f 2144 2154 2105
f 2113 2274 2145
f 2081 2122 2156
f 2122 2200 2210
f 2066 2223 2036
f 2169 2106 2191
f 2174 2046 2306
f 2175 2306 2046
f 2047 2214 2092
f 2125 2184 2244
f 2176 2184 2119
f 2119 2110 2176
f 2140 2076 2177
f 2060 2177 2076
f 2142 2087 2151
f 2185 2228 2111
f 2111 2096 2185
f 2186 2165 2229
f 2197 2143 2103
f 2126 2097 2166
f 2062 2128 2144
f 2145 2085 2113
f 2190 2123 2089
f 2223 2233 2115
f 2115 2036 2223
f 2132 2183 2171
f 2153 2175 2046
f 2046 2071 2153
f 2139 2124 2205
f 2124 2048 2205
f 2048 2037 2262
f 2120 2177 2060
f 2164 2133 2181
f 2186 2215 2096
f 2210 2156 2122
f 2064 2114 2202
f 2115 2233 2138
f 2241 2130 2056
f 2056 2107 2241
f 2219 2262 2037
f 2140 2176 2110
f 2179 2178 2120
f 2160 2142 2151
f 2087 2083 2265
f 2187 2154 2144
f 2301 2128 2085
f 2155 2099 2198
f 2099 2216 2198
f 2107 2131 2212
f 2193 2212 2131
f 2183 2108 2242
f 2108 2147 2242
f 2127 2092 2161
f 2148 2074 2159
f 2257 2070 2228
f 2172 2152 2127
f 2162 2230 2153
f 2145 2274 2239
f 2287 2274 2155
f 2198 2287 2155
f 2200 2157 2201
f 2318 2201 2157
f 2202 2211 2064
f 2217 2158 2123
f 2190 2217 2123
f 2091 2130 2170
f 2214 2161 2092
f 2243 2214 2047
f 2148 2243 2047
f 2159 2243 2148
f 2093 2261 2159
f 2226 2273 2061
f 2061 2141 2226
f 2246 2227 2141
f 2215 2185 2096
f 2136 2166 2197
f 2167 2112 2232
f 2168 2146 2199
f 2156 2199 2146
f 2066 2169 2251
f 2194 2147 2109
f 2109 2213 2194
f 2149 2139 2308
f 2205 2308 2139
f 2163 2219 2037
f 2177 2120 2178
f 2101 2164 2220
f 2227 2226 2141
f 2257 2265 2083
f 2229 2165 2247
f 2165 2143 2247
f 2161 2172 2127
f 2129 2168 2199
f 2203 2202 2114
f 2182 2203 2017
f 2183 2193 2171
f 2207 2181 2134
f 2134 2196 2207
f 2256 2207 2196
f 2238 2231 2162
f 2232 2112 2267
f 2301 2187 2144
f 2144 2128 2301
f 2173 2275 2320
f 2194 2242 2147
f 2271 2213 2174
f 2306 2271 2174
f 2338 2205 2048
f 2048 2262 2338
f 2163 2244 2254
f 2177 2178 2206
f 2220 2195 2101
f 2263 2208 2135
f 2263 2135 2102
f 2102 2273 2263
f 2215 2186 2229
f 2143 2197 2247
f 2231 2230 2162
f 2154 2187 2221
f 2289 2199 2156
f 2188 2289 2156
f 2211 2318 2157
f 2203 2182 2204
f 2189 2204 2182
f 2182 2158 2189
f 2191 2329 2169
f 2149 2261 2093
f 2244 2184 2236
f 2176 2236 2184
f 2177 2206 2140
f 2263 2280 2208
f 2265 2151 2087
f 2238 2137 2259
f 2137 2167 2259
f 2232 2259 2167
f 2267 2112 2154
f 2154 2221 2267
f 2198 2216 2240
f 2216 2129 2288
f 2199 2288 2129
f 2188 2156 2210
f 2251 2223 2066
f 2091 2252 2275
f 2130 2241 2276
f 2243 2159 2261
f 2176 2140 2224
f 2179 2245 2178
f 2297 2256 2196
f 2196 2284 2297
f 2226 2227 2264
f 2215 2401 2185
f 2229 2258 2215
f 2197 2166 2248
f 2249 2248 2166
f 2166 2209 2249
f 2298 2209 2152
f 2161 2214 2172
f 2240 2287 2198
f 2289 2302 2199
f 2200 2201 2210
f 2303 2211 2202
f 2158 2217 2189
f 2091 2170 2252
f 2170 2130 2270
f 2276 2270 2130
f 2212 2241 2107
f 2175 2153 2299
f 2153 2230 2299
f 2219 2163 2254
f 2206 2224 2140
f 2179 2180 2150
f 2181 2207 2225
f 2280 2284 2208
f 2248 2247 2197
f 2152 2172 2298
f 2315 2221 2187
f 2301 2085 2327
f 2302 2260 2199
f 2303 2318 2211
f 2268 2202 2203
f 2251 2169 2329
f 2192 2218 2269
f 2234 2212 2193
f 2193 2183 2234
f 2183 2242 2234
f 2194 2213 2235
f 2150 2101 2195
f 2164 2181 2225
f 2215 2258 2266
f 2209 2298 2249
f 2085 2145 2327
f 2288 2240 2216
f 2288 2199 2260
f 2188 2210 2369
f 2204 2268 2203
f 2222 2189 2217
f 2190 2138 2250
f 2233 2250 2138
f 2218 2173 2269
f 2242 2194 2253
f 2271 2306 2383
f 2236 2176 2224
f 2245 2309 2178
f 2164 2399 2220
f 2172 2214 2314
f 2187 2301 2315
f 2329 2191 2358
f 2191 2192 2358
f 2235 2213 2295
f 2213 2271 2295
f 2309 2206 2178
f 2245 2179 2279
f 2256 2225 2207
f 2264 2273 2226
f 2160 2151 2312
f 2237 2257 2228
f 2228 2185 2400
f 2401 2400 2185
f 2281 2232 2267
f 2321 2252 2170
f 2170 2270 2321
f 2299 2230 2342
f 2244 2236 2345
f 2272 2345 2236
f 2224 2255 2236
f 2150 2279 2179
f 2256 2297 2311
f 2246 2160 2341
f 2312 2151 2455
f 2265 2455 2151
f 2354 2258 2229
f 2231 2238 2355
f 2259 2355 2238
f 2145 2239 2373
f 2250 2217 2190
f 2223 2251 2233
f 2269 2358 2192
f 2241 2212 2294
f 2277 2294 2212
f 2234 2277 2212
f 2235 2253 2194
f 2299 2306 2175
f 2243 2261 2282
f 2378 2254 2244
f 2345 2378 2244
f 2224 2206 2339
f 2225 2399 2164
f 2264 2227 2323
f 2340 2323 2227
f 2227 2246 2340
f 2341 2340 2246
f 2333 2237 2228
f 2401 2215 2266
f 2248 2249 2368
f 2286 2298 2172
f 2314 2286 2172
f 2259 2232 2355
f 2301 2327 2335
f 2373 2327 2145
f 2290 2303 2202
f 2202 2268 2290
f 2204 2189 2319
f 2292 2319 2189
f 2217 2250 2222
f 2352 2233 2251
f 2275 2252 2344
f 2242 2277 2234
f 2253 2235 2360
f 2296 2314 2214
f 2261 2149 2278
f 2308 2278 2149
f 2308 2205 2338
f 2236 2255 2272
f 2150 2195 2310
f 2273 2264 2353
f 2237 2265 2257
f 2228 2400 2333
f 2229 2247 2334
f 2285 2334 2247
f 2247 2248 2285
f 2230 2231 2342
f 2324 2355 2232
f 2325 2324 2232
f 2326 2267 2221
f 2239 2274 2350
f 2288 2260 2328
f 2189 2222 2292
f 2329 2352 2251
f 2173 2320 2330
f 2235 2295 2336
f 2243 2296 2214
f 2219 2254 2410
f 2279 2438 2245
f 2399 2332 2220
f 2311 2346 2256
f 2415 2280 2263
f 2248 2368 2285
f 2300 2342 2231
f 2355 2300 2231
f 2267 2326 2281
f 2201 2369 2210
f 2268 2204 2291
f 2269 2173 2330
f 2293 2276 2241
f 2294 2293 2241
f 2253 2277 2242
f 2282 2296 2243
f 2384 2338 2262
f 2262 2219 2384
f 2225 2256 2346
f 2297 2284 2283
f 2274 2287 2350
f 2318 2317 2201
f 2291 2290 2268
f 2252 2321 2344
f 2305 2270 2276
f 2293 2305 2276
f 2363 2295 2271
f 2378 2331 2254
f 2264 2323 2366
f 2312 2341 2160
f 2258 2459 2266
f 2334 2354 2229
f 2249 2298 2388
f 2302 2289 2442
f 2222 2250 2371
f 2321 2270 2359
f 2305 2359 2270
f 2336 2360 2235
f 2282 2261 2307
f 2206 2309 2380
f 2309 2245 2438
f 2195 2220 2310
f 2332 2310 2220
f 2284 2280 2283
f 2263 2273 2415
f 2273 2353 2415
f 2264 2366 2353
f 2265 2237 2313
f 2354 2459 2258
f 2298 2286 2348
f 2397 2348 2286
f 2286 2314 2397
f 2232 2281 2325
f 2315 2326 2221
f 2316 2350 2287
f 2287 2240 2316
f 2351 2240 2288
f 2288 2328 2351
f 2343 2442 2289
f 2304 2292 2222
f 2371 2304 2222
f 2250 2233 2357
f 2322 2293 2294
f 2277 2322 2294
f 2306 2299 2417
f 2255 2224 2364
f 2339 2206 2398
f 2438 2279 2385
f 2280 2415 2283
f 2388 2298 2348
f 2315 2301 2372
f 2335 2372 2301
f 2260 2302 2442
f 2304 2371 2374
f 2277 2253 2389
f 2360 2389 2253
f 2383 2363 2271
f 2417 2383 2306
f 2410 2384 2219
f 2410 2254 2331
f 2380 2398 2206
f 2150 2365 2279
f 2414 2346 2311
f 2297 2414 2311
f 2265 2313 2455
f 2334 2285 2347
f 2349 2417 2299
f 2342 2349 2299
f 2289 2188 2343
f 2317 2318 2433
f 2405 2357 2233
f 2233 2352 2405
f 9711 2344 2321
f 2322 2277 2389
f 2295 2363 2362
f 2278 2337 2261
f 2379 2345 2272
f 2272 2255 2379
f 2339 2364 2224
f 2399 2225 2391
f 2459 2401 2266
f 2347 2402 2334
f 2285 2368 2347
f 2404 2325 2281
f 2370 2319 2292
f 2352 2329 2436
f 2448 2269 2330
f 2320 2275 2406
f 2344 2406 2275
f 2336 2295 2361
f 2337 2307 2261
f 2225 2346 2454
f 2387 2283 2415
f 2400 2505 2333
f 2354 2334 2402
f 2457 2327 2373
f 2328 2260 2430
f 2442 2430 2260
f 2201 2317 2431
f 2292 2304 2370
f 2436 2329 2471
f 2329 2358 2471
f 2360 2336 2361
f 2362 2361 2295
f 2409 2308 2338
f 2338 2384 2409
f 2364 2339 2398
f 2438 2380 2309
f 2365 2385 2279
f 2283 2414 2297
f 2353 2439 2415
f 2340 2488 2323
f 2249 2388 2368
f 2296 2397 2314
f 2349 2342 2403
f 2457 2335 2327
f 2343 2188 2356
f 2431 2317 2432
f 2433 2432 2317
f 2357 2381 2250
f 2330 2320 2448
f 2406 2344 2443
f 2344 9711 2443
f 2445 2359 2305
f 2296 2282 2377
f 2411 2378 2345
f 2379 2411 2345
f 2364 2452 2255
f 2150 2310 2386
f 2414 2283 2426
f 2340 2341 2367
f 2300 2403 2342
f 2404 2324 2325
f 2356 2188 2369
f 2369 2201 2431
f 2470 2434 2290
f 2290 2291 2470
f 2319 2291 2204
f 2374 2370 2304
f 2381 2371 2250
f 2381 2357 2375
f 2305 2293 2445
f 2382 2445 2293
f 2293 2322 2382
f 2424 2296 2377
f 2408 2278 2308
f 2386 2365 2150
f 2391 2487 2399
f 2454 2391 2225
f 2454 2346 2414
f 2488 2366 2323
f 2367 2341 2474
f 2341 2312 2474
f 2455 2474 2312
f 2468 2313 2237
f 2237 2333 2468
f 2505 2468 2333
f 2388 2428 2368
f 2315 2372 2573
f 2239 2350 2421
f 2350 2316 2393
f 2442 2343 2394
f 2462 2394 2343
f 2434 2303 2290
f 2405 2375 2357
f 2359 2445 2422
f 2389 2360 2361
f 2390 2376 2362
f 2407 2362 2363
f 2383 2407 2363
f 2397 2296 2424
f 2308 2409 2408
f 2387 2426 2283
f 2353 2366 2439
f 2402 2392 2354
f 2347 2368 2440
f 2388 2348 2428
f 2423 2428 2348
f 2417 2349 2456
f 2315 2573 2420
f 2421 2373 2239
f 2350 2393 2421
f 2446 2316 2240
f 2240 2351 2446
f 2356 2369 2431
f 2303 2433 2318
f 2381 2396 2371
f 2405 2352 2436
f 2376 2361 2362
f 2282 2307 2377
f 2379 2255 2452
f 2380 2425 2398
f 2392 2459 2354
f 2348 2397 2423
f 2419 2281 2326
f 2356 2462 2343
f 2396 2395 2374
f 2374 2371 2396
f 2322 2389 2522
f 2407 2390 2362
f 2450 2331 2378
f 2378 2411 2450
f 2452 2364 2453
f 2444 2425 2380
f 2413 2454 2414
f 2456 2349 2551
f 2300 2355 2418
f 2355 2324 2418
f 2420 2326 2315
f 2481 2573 2372
f 2372 2335 2481
f 2416 2522 2389
f 2389 2361 2416
f 2376 2416 2361
f 2417 2407 2383
f 2307 2337 2449
f 2364 2398 2486
f 2380 2438 2444
f 2438 2385 2502
f 2412 2502 2385
f 2488 2340 2367
f 2313 2494 2455
f 2459 2427 2401
f 2368 2428 2440
f 2403 2551 2349
f 2418 2429 2300
f 2419 2404 2281
f 2351 2328 2490
f 2430 2490 2328
f 2470 2291 2319
f 2395 2370 2374
f 2358 2269 2471
f 2376 2390 2441
f 2397 2424 2460
f 2377 2307 2449
f 2453 2364 2486
f 2365 2560 2385
f 2487 2391 2466
f 2454 2466 2391
f 2421 2457 2373
f 2574 2393 2316
f 2434 2433 2303
f 2375 2405 2447
f 2269 2448 2471
f 2522 2382 2322
f 2423 2397 2460
f 2492 2449 2337
f 2337 2278 2492
f 2410 2331 2501
f 2451 2411 2379
f 2425 2486 2398
f 2529 2438 2502
f 2412 2385 2560
f 2386 2310 2465
f 2332 2465 2310
f 2476 2505 2400
f 2402 2347 2489
f 2300 2541 2403
f 2495 2418 2324
f 2404 2495 2324
f 2335 2457 2481
f 2316 2446 2574
f 2442 2394 2496
f 2370 2395 2483
f 2381 2435 2396
f 2447 2405 2517
f 2436 2517 2405
f 2320 2406 2437
f 2458 2437 2406
f 2443 2458 2406
f 2445 2484 2422
f 2416 2376 2478
f 2441 2478 2376
f 2441 2390 2499
f 2390 2407 2499
f 2407 2417 2480
f 2408 2492 2278
f 2409 2558 2408
f 2409 2384 2485
f 2384 2410 2485
f 2452 2451 2379
f 2452 2453 2464
f 2413 2414 2562
f 2467 2426 2387
f 2493 2387 2415
f 2439 2493 2415
f 2521 2392 2402
f 2478 2461 2416
f 2429 2541 2300
f 2514 2421 2393
f 2490 2430 2482
f 2496 2394 2462
f 2395 2396 2435
f 2473 2377 2449
f 2386 2510 2365
f 2387 2493 2467
f 2313 2468 2504
f 2400 2401 2476
f 2427 2476 2401
f 2440 2489 2347
f 2428 2423 2477
f 2441 2499 2479
f 2490 2446 2351
f 2430 2442 2482
f 2460 2424 2463
f 2579 2473 2449
f 2501 2485 2410
f 2529 2444 2438
f 2465 2510 2386
f 2520 2562 2414
f 2414 2426 2520
f 2439 2366 2515
f 2366 2488 2515
f 2428 2506 2440
f 2420 2419 2326
f 2574 2514 2393
f 2496 2482 2442
f 2462 2356 2614
f 2470 2319 2507
f 2435 2483 2395
f 2560 2365 2510
f 2515 2503 2439
f 2468 2505 2512
f 2427 2459 2570
f 2489 2521 2402
f 2489 2440 2506
f 2484 2445 2469
f 2445 2382 2469
f 2382 2522 2469
f 2461 2522 2416
f 2480 2417 2456
f 2525 2541 2429
f 2404 2530 2495
f 2421 2514 2516
f 2614 2531 2462
f 2319 2370 2507
f 2370 2483 2507
f 2435 2381 2532
f 2375 2532 2381
f 2528 2448 2320
f 2437 2528 2320
f 2449 2492 2579
f 2509 2501 2331
f 2503 2493 2439
f 2504 2494 2313
f 2500 2499 2407
f 2407 2480 2500
f 2404 2419 2542
f 2481 2457 2513
f 2555 2457 2421
f 2421 2516 2555
f 2434 2526 2433
f 2508 2458 2443
f 2508 2443 9710
f 2463 2536 2460
f 2558 2492 2408
f 2409 2485 2596
f 2331 2450 2509
f 2486 2425 2597
f 2537 2597 2425
f 2465 2332 2511
f 2426 2467 2520
f 2474 2455 2475
f 2423 2460 2557
f 2536 2557 2460
f 2479 2491 2478
f 2478 2441 2479
f 2600 2479 2499
f 2541 2551 2403
f 2418 2525 2429
f 2572 2542 2419
f 2419 2420 2572
f 2447 2498 2375
f 2517 2436 2518
f 2436 2471 2518
f 2528 2471 2448
f 2451 2450 2411
f 2451 2452 2580
f 2452 2464 2580
f 2425 2444 2537
f 2560 2559 2412
f 2332 2399 2511
f 2413 2562 2553
f 2494 2475 2455
f 2613 2504 2468
f 2506 2428 2477
f 2404 2542 2530
f 2457 2543 2513
f 2457 2555 2543
f 2433 2545 2432
f 2483 2435 2497
f 2458 2533 2437
f 2464 2453 2581
f 2620 2529 2502
f 2559 2502 2412
f 2487 2511 2399
f 2553 2454 2413
f 2367 2564 2488
f 2459 2392 2578
f 2521 2578 2392
f 2489 2534 2521
f 2557 2477 2423
f 2491 2548 2478
f 2495 2525 2418
f 2573 2481 2513
f 2490 2482 2584
f 2531 2496 2462
f 2431 2432 2544
f 2526 2545 2433
f 2434 2470 2546
f 2497 2507 2483
f 2532 2375 2498
f 2453 2486 2597
f 2589 2493 2503
f 2564 2515 2488
f 2512 2613 2468
f 2505 2476 2554
f 2578 2570 2459
f 2590 2446 2490
f 2356 2431 2544
f 2526 2434 2605
f 2507 2497 2527
f 2498 2447 2517
f 2522 2461 2523
f 2461 2478 2548
f 2499 2500 2576
f 2577 2480 2456
f 2537 2444 2538
f 2444 2529 2538
f 2553 2466 2454
f 2474 2475 2612
f 2570 2540 2427
f 2535 2506 2477
f 2584 2590 2490
f 2458 2508 2607
f 2548 2523 2461
f 2491 2479 2549
f 2576 2600 2499
f 2551 2577 2456
f 2587 2596 2485
f 2485 2501 2587
f 2502 2559 2620
f 2465 2539 2510
f 2511 2582 2465
f 2511 2487 2672
f 2466 2672 2487
f 2467 2493 2589
f 2554 2512 2505
f 2476 2427 2540
f 2547 2519 2472
f 2472 2469 2547
f 2469 2522 2547
f 2549 2479 2600
f 2480 2577 2550
f 2551 2541 2571
f 2525 2567 2541
f 2446 2556 2574
f 2585 2496 2604
f 2496 2531 2604
f 2614 2356 2544
f 2434 2546 2605
f 2568 2546 2470
f 2470 2507 2568
f 2592 2568 2507
f 2497 2435 2622
f 2471 2528 2518
f 2596 2558 2409
f 2552 2581 2453
f 2582 2539 2465
f 2367 2474 2699
f 2612 2699 2474
f 2512 2554 2613
f 2540 2554 2476
f 2495 2530 2665
f 2420 2573 2572
f 2622 2527 2497
f 2532 2622 2435
f 2533 2528 2437
f 2607 2533 2458
f 2579 2492 2632
f 2515 2598 2503
f 2564 2661 2515
f 2521 2534 2578
f 2536 2623 2557
f 9591 2536 2463
f 2524 2576 2500
f 2500 2480 2524
f 2446 2590 2556
f 2507 2527 2592
f 2532 2498 2617
f 2498 2517 2617
f 2575 2617 2517
f 9707 2472 2519
f 2509 2588 2501
f 2597 2552 2453
f 2560 2510 2539
f 2672 2466 2561
f 2553 2561 2466
f 2598 2589 2503
f 2661 2598 2515
f 2570 2569 2540
f 2489 2506 2619
f 2557 2535 2477
f 2565 2547 2522
f 2522 2523 2565
f 2662 2548 2491
f 2628 2567 2525
f 2525 2495 2628
f 2590 2584 2646
f 2591 2584 2482
f 2482 2496 2591
f 2585 2591 2496
f 2544 2432 2545
f 2632 2492 2558
f 2641 2450 2451
f 2464 2581 2580
f 2535 2619 2506
f 2549 2662 2491
f 2480 2550 2524
f 2594 2550 2577
f 2602 2572 2573
f 2574 2516 2514
f 2533 2618 2528
f 2473 2579 2609
f 2580 2641 2451
f 2597 2537 2690
f 2529 2652 2538
f 2562 2520 2583
f 2569 2570 2626
f 2567 2571 2541
f 2705 2530 2542
f 2542 2572 2683
f 2602 2573 2513
f 2614 2604 2531
f 2545 2526 2616
f 2605 2616 2526
f 2518 2575 2517
f 2565 2523 2648
f 2548 2648 2523
f 2566 2524 2550
f 2577 2551 2595
f 2580 2581 2633
f 2529 2620 2652
f 2553 2562 2610
f 2589 2563 2467
f 2635 2598 2661
f 2475 2494 2625
f 2700 2613 2554
f 2540 2569 2554
f 2683 2705 2542
f 2555 2516 2629
f 2586 2605 2546
f 2622 2606 2527
f 2593 2622 2532
f 2518 2639 2575
f 2528 2639 2518
f 2547 2599 2519
f 2549 2600 2663
f 2594 2566 2550
f 2619 2534 2489
f 2641 2509 2450
f 2537 2538 2651
f 2583 2610 2562
f 2520 2467 2583
f 2467 2563 2583
f 2565 2599 2547
f 2571 2595 2551
f 2571 2567 2601
f 2543 2555 2603
f 2555 2629 2603
f 2604 2614 2647
f 2544 2545 2615
f 2616 2615 2545
f 2546 2568 2586
f 2592 2527 2606
f 2533 2607 2631
f 2536 9591 2608
f 2588 2587 2501
f 2580 2633 2624
f 2552 2633 2581
f 2494 2504 2625
f 2570 2578 2644
f 2623 2535 2557
f 2574 2556 2637
f 2614 2544 2615
f 2548 2662 2657
f 2600 2576 2649
f 2601 2595 2571
f 2623 2536 2650
f 2651 2690 2537
f 2559 2560 2634
f 2560 2539 2634
f 2553 2673 2561
f 2589 2611 2563
f 2598 2611 2589
f 2747 2661 2564
f 2367 2747 2564
f 2636 2625 2504
f 2730 2683 2572
f 9708 2519 2627
f 2599 2627 2519
f 2663 2677 2549
f 2524 2649 2576
f 2594 2577 2640
f 2632 2709 2579
f 2710 2687 2587
f 2587 2588 2710
f 2652 2651 2538
f 2652 2620 2671
f 2672 2561 2673
f 2504 2613 2636
f 2644 2626 2570
f 2665 2628 2495
f 2602 2730 2572
f 2684 2556 2590
f 2590 2646 2684
f 2585 2604 2638
f 2667 2617 2575
f 2639 2667 2575
f 2640 2566 2594
f 2595 2640 2577
f 2619 2535 2675
f 2650 2536 2658
f 2608 2658 2536
f 2609 2579 2709
f 2596 2587 2687
f 2552 2597 2670
f 2672 2582 2511
f 2553 2610 2642
f 2635 2611 2598
f 2554 2569 2653
f 2657 2648 2548
f 2662 2549 2677
f 2663 2600 2713
f 2649 2713 2600
f 2516 2574 2629
f 2574 2637 2629
f 2616 2605 2666
f 2568 2592 2586
f 2593 2617 2685
f 9709 2631 2607
f 2675 2535 2623
f 2632 2558 2698
f 2558 2596 2698
f 2624 2641 2580
f 2633 2552 2670
f 2652 2671 2712
f 2621 2642 2610
f 2610 2583 2621
f 2643 2563 2611
f 2699 2747 2367
f 2700 2636 2613
f 2601 2567 2654
f 2567 2628 2654
f 2774 2602 2513
f 2603 2513 2543
f 2584 2591 2646
f 2585 2731 2591
f 2615 2647 2614
f 2592 2606 2695
f 2667 2630 2617
f 2639 2528 2618
f 2644 2578 2682
f 2578 2534 2682
f 2509 2641 2659
f 2620 2559 2671
f 2768 2671 2559
f 2539 2582 2660
f 2673 2553 2642
f 2643 2611 2635
f 2627 2668 9708
f 2599 2565 2676
f 2649 2524 2664
f 2530 2705 2749
f 2513 2603 2774
f 2586 2666 2605
f 2696 2606 2622
f 2593 2696 2622
f 2685 2617 2630
f 2733 2618 2533
f 2533 2631 2733
f 2709 2608 2609
f 2641 2624 2688
f 2670 2597 2690
f 2583 2563 2680
f 2700 2554 2653
f 2653 2569 2701
f 2627 2599 2656
f 2676 2656 2599
f 2524 2566 2664
f 2691 2566 2640
f 2628 2665 2704
f 2749 2665 2530
f 2655 2603 2629
f 2679 2631 9709
f 2588 2509 2717
f 2509 2659 2717
f 2634 2768 2559
f 2634 2539 2660
f 2720 2680 2563
f 2563 2643 2720
f 2720 2643 2635
f 2612 2475 2721
f 2625 2721 2475
f 2569 2626 2701
f 2637 2655 2629
f 2645 2637 2556
f 2592 2695 2586
f 2668 2679 9708
f 2656 2668 2627
f 2565 2648 2676
f 2722 2664 2566
f 2534 2619 2674
f 2650 2658 2727
f 2717 2710 2588
f 2688 2659 2641
f 2689 2688 2624
f 2624 2633 2760
f 2673 2642 2746
f 2583 2680 2719
f 2625 2636 2773
f 2654 2628 2704
f 2645 2556 2684
f 2647 2615 2706
f 2615 2616 2678
f 2657 2676 2648
f 2682 2534 2674
f 2687 2698 2596
f 2624 2760 2689
f 2821 2760 2633
f 2670 2669 2633
f 2729 2690 2651
f 2651 2652 2729
f 2652 2712 2711
f 2642 2621 2746
f 2661 2681 2635
f 2701 2801 2653
f 2626 2644 2762
f 2682 2762 2644
f 2750 2602 2774
f 2666 2707 2616
f 2696 2695 2606
f 2697 2732 2667
f 2667 2639 2697
f 2639 2618 2697
f 2595 2702 2640
f 2601 2703 2595
f 2675 2623 2650
f 2673 2739 2672
f 2681 2720 2635
f 2636 2700 2692
f 2694 2676 2657
f 2662 2694 2657
f 2703 2714 2595
f 2774 2603 2771
f 2603 2763 2771
f 2775 2655 2637
f 2637 2645 2775
f 2591 2731 2646
f 2752 2604 2647
f 2706 2725 2647
f 2678 2706 2615
f 2668 2656 2755
f 2718 2669 2670
f 2711 2729 2652
f 2582 2738 2660
f 2582 2672 2761
f 2719 2823 2583
f 2773 2721 2625
f 2674 2619 2726
f 2675 2726 2619
f 2566 2691 2722
f 2691 2640 2781
f 2781 2640 2702
f 2702 2595 2714
f 2749 2705 2770
f 2603 2655 2763
f 2638 2731 2585
f 2638 2604 2765
f 2604 2752 2765
f 2586 2742 2666
f 2695 2802 2586
f 2679 2668 2686
f 2708 2675 2650
f 2650 2727 2708
f 2717 2659 2688
f 2669 2821 2633
f 2761 2738 2582
f 2746 2739 2673
f 2823 2621 2583
f 2747 2681 2661
f 2654 2703 2601
f 2741 2705 2683
f 2715 2741 2683
f 2707 2796 2616
f 2593 2685 2716
f 2630 2667 2810
f 2618 2733 2753
f 2631 2679 2734
f 2791 2658 2608
f 2709 2632 2798
f 2728 2718 2670
f 2670 2690 2728
f 2773 2636 2692
f 2744 2677 2663
f 2713 2744 2663
f 2683 2730 2715
f 2750 2730 2602
f 2645 2684 2772
f 2647 2725 2752
f 2678 2616 2796
f 2666 2742 2776
f 2732 2810 2667
f 2679 2686 2734
f 2668 2755 2686
f 2799 2698 2687
f 2710 2717 2759
f 2660 2784 2634
f 2699 2612 2911
f 2721 2911 2612
f 2736 2682 2674
f 2755 2656 2756
f 2656 2693 2756
f 2735 9590 2676
f 2676 2694 2735
f 2694 2662 2926
f 2743 2926 2662
f 2662 2677 2743
f 2677 2744 2743
f 2713 2649 2780
f 2664 2780 2649
f 2722 2691 2767
f 2704 2665 2740
f 2705 2741 2723
f 2742 2586 2802
f 2716 2696 2593
f 2727 2658 2758
f 2737 2759 2717
f 2729 2728 2690
f 2712 2671 2794
f 2818 2780 2664
f 2757 2767 2691
f 2703 2654 2782
f 2705 2723 2770
f 2724 2715 2730
f 2638 2765 2809
f 2776 2707 2666
f 2753 2697 2618
f 2698 2798 2632
f 2745 2717 2688
f 2794 2711 2712
f 2784 2660 2785
f 2739 2832 2672
f 2762 2682 2736
f 2807 2740 2665
f 2665 2749 2807
f 2646 2731 2815
f 2731 2638 2764
f 2788 2685 2630
f 2810 2788 2630
f 2753 2733 2899
f 2734 2733 2631
f 2675 2708 2726
f 2745 2737 2717
f 2875 2671 2768
f 2768 2634 2784
f 2832 2761 2672
f 2800 2692 2813
f 2748 2813 2692
f 2692 2700 2748
f 2700 2653 2748
f 2801 2748 2653
f 2626 2801 2701
f 2755 2754 2686
f 2735 2693 9590
f 2735 2694 9580
f 2704 2834 2654
f 2751 2772 2684
f 2684 2646 2751
f 2815 2751 2646
f 2809 2764 2638
f 2674 2726 2833
f 2726 2708 2833
f 2804 2833 2708
f 2758 2843 2727
f 2658 2791 2758
f 2792 2608 2709
f 2825 2681 2747
f 2773 2692 2800
f 2750 2724 2730
f 2734 2686 2754
f 2756 2693 2779
f 2766 2743 2744
f 2664 2722 2818
f 2852 2818 2722
f 2722 2767 2852
f 2714 2881 2702
f 2843 2804 2708
f 2708 2727 2843
f 2846 2687 2710
f 2710 2759 2846
f 2660 2738 2785
f 2823 2746 2621
f 2720 2681 2769
f 2654 2834 2782
f 2772 2775 2645
f 2716 2685 2788
f 2732 2697 2777
f 2753 2777 2697
f 9580 2694 2803
f 2744 2713 2790
f 2703 2881 2714
f 2736 2674 2783
f 2792 2791 2608
f 2689 2886 2688
f 2728 2729 2831
f 2729 2711 2831
f 2784 2785 2876
f 2822 2746 2823
f 2769 2805 2720
f 2747 2699 2842
f 2786 2842 2699
f 2911 2786 2699
f 2704 2740 2834
f 2859 2807 2749
f 2749 2770 2859
f 2723 2741 2913
f 2750 2774 2844
f 2775 2808 2655
f 2765 2752 2862
f 2696 2716 2787
f 2754 2755 2892
f 2756 2892 2755
f 2780 2790 2713
f 2819 2852 2767
f 2691 2781 2757
f 2833 2783 2674
f 2798 2698 2793
f 2846 2799 2687
f 2689 2760 2873
f 2821 2873 2760
f 2785 2738 2877
f 2680 2720 2805
f 2825 2769 2681
f 2814 2801 2626
f 2762 2814 2626
f 2763 2655 2845
f 2862 2809 2765
f 2678 2725 2706
f 2810 2732 2908
f 2893 2819 2767
f 2757 2893 2767
f 2793 2883 2798
f 2886 2745 2688
f 2821 2669 2865
f 2831 2718 2728
f 2671 2875 2841
f 2823 2719 2812
f 2719 2680 2812
f 2844 2724 2750
f 2867 2774 2771
f 2867 2771 2763
f 2775 2772 2827
f 2879 2815 2731
f 2764 2879 2731
f 2862 2752 2916
f 2725 2678 2816
f 2695 2835 2802
f 2696 2835 2695
f 2777 2836 2732
f 2733 2734 2899
f 2756 2779 2778
f 2926 2817 2694
f 2926 2743 2838
f 2820 2843 2758
f 2711 2794 2847
f 2794 2671 2841
f 2738 2761 2902
f 2832 2903 2761
f 2795 2832 2739
f 2739 2746 2795
f 2848 2812 2680
f 2769 2825 2948
f 2842 2825 2747
f 2721 2773 2806
f 2860 2844 2774
f 2845 2867 2763
f 2835 2696 2828
f 2797 2787 2716
f 2788 2797 2716
f 2836 2908 2732
f 2803 2694 2817
f 2799 2793 2698
f 2759 2737 2846
f 2768 2784 2921
f 2876 2785 3023
f 2877 3023 2785
f 2902 2877 2738
f 2806 2911 2721
f 2813 2957 2800
f 2826 2850 2762
f 2762 2736 2826
f 2774 2867 2860
f 2827 2772 2868
f 2751 2868 2772
f 2678 2796 2863
f 2734 2789 2899
f 2781 2702 2880
f 2881 2880 2702
f 2873 2864 2689
f 2840 2669 2718
f 2847 2831 2711
f 2901 2847 2794
f 2875 2768 2921
f 2876 2921 2784
f 2795 2746 2822
f 2680 2805 2848
f 2824 2805 2769
f 2813 2748 2855
f 2850 2856 2762
f 2913 2770 2723
f 2808 2845 2655
f 2827 2808 2775
f 2751 2815 2868
f 2879 2764 2890
f 2809 2890 2764
f 2707 2863 2796
f 2742 2802 2776
f 2899 2777 2753
f 2811 2789 2754
f 2778 2892 2756
f 2837 2779 9580
f 2743 2766 2838
f 2791 2820 2758
f 2791 2792 2872
f 2709 2798 2883
f 2864 2886 2689
f 2865 2669 2840
f 2825 2842 2878
f 2748 2801 2855
f 2801 2849 2855
f 2801 2814 2849
f 2783 2826 2736
f 2890 2809 2907
f 2725 2891 2752
f 2678 2863 2816
f 2776 2863 2707
f 2787 2828 2696
f 2857 2766 2744
f 2790 2857 2744
f 2790 2780 2935
f 2757 2781 2839
f 2881 2703 2830
f 2782 2830 2703
f 2820 2791 2872
f 2709 2882 2792
f 2884 2883 2793
f 2831 2840 2718
f 2841 2901 2794
f 2931 2805 2824
f 2800 2806 2773
f 2814 2762 2856
f 2834 2858 2782
f 2907 2809 2862
f 2917 2891 2725
f 2816 2917 2725
f 2788 2810 2953
f 2908 2953 2810
f 9755 2899 2789
f 2829 9755 2789
f 2789 2811 2829
f 2892 2811 2754
f 2778 2779 2851
f 2871 2837 9580
f 9580 2803 2871
f 2853 2893 2757
f 2880 2839 2781
f 2783 2833 2896
f 2833 2804 2964
f 2843 2964 2804
f 2900 2793 2799
f 2856 2849 2814
f 2752 2891 2916
f 2835 2979 2802
f 2892 2778 2851
f 2803 2817 2871
f 2926 2871 2817
f 2780 2818 2909
f 2818 2852 2909
f 2895 2783 2896
f 2873 2821 2938
f 2903 2902 2761
f 2823 2812 2887
f 2878 2948 2825
f 2878 2842 2854
f 2826 2783 2895
f 2740 2912 2834
f 2951 2859 2770
f 2770 2913 2951
f 2827 2868 2889
f 2776 2802 2962
f 2802 2979 2962
f 2883 2882 2709
f 2874 2847 2901
f 2866 2901 2841
f 2887 2822 2823
f 2812 2848 2894
f 2948 2824 2769
f 2905 2957 2813
f 2855 2905 2813
f 2896 2833 2964
f 2912 2858 2834
f 2898 2815 2879
f 2777 2899 2945
f 2811 2924 2829
f 2779 2837 2870
f 2935 2780 2909
f 2920 2737 2745
f 2864 2873 2928
f 2865 2938 2821
f 2875 2866 2841
f 2903 2832 2904
f 2832 2974 2904
f 2812 2894 2887
f 2805 2931 2848
f 2786 2854 2842
f 2888 2806 2800
f 2892 2924 2811
f 2927 2830 2782
f 2858 2927 2782
f 2941 2741 2715
f 2861 2867 2845
f 2952 2845 2808
f 2934 2917 2816
f 2863 2934 2816
f 2777 2919 2836
f 2900 2884 2793
f 2846 2737 2972
f 2831 2847 2874
f 2800 2957 2888
f 2933 2964 2843
f 2914 2724 2844
f 2860 2914 2844
f 2868 2815 2915
f 2898 2915 2815
f 2863 2776 2869
f 2962 2869 2776
f 2835 2828 2979
f 2874 2840 2831
f 2910 2894 2848
f 2855 2849 2949
f 2964 2963 2896
f 2820 2933 2843
f 2851 2779 2870
f 2870 2837 2925
f 2925 2837 2871
f 2766 2857 2969
f 2909 2852 2819
f 2906 2807 2859
f 2859 2951 2906
f 2860 2867 2943
f 2919 2908 2836
f 2885 2900 2799
f 2799 2846 2885
f 2745 2886 3074
f 2937 2886 2864
f 2929 2865 3002
f 2865 2840 3002
f 2956 2931 2824
f 2855 2949 2905
f 2856 2949 2849
f 2895 3009 2826
f 2807 2912 2740
f 2913 2741 3100
f 2715 2724 2941
f 2918 2828 2787
f 2953 2797 2788
f 2777 2945 2919
f 2839 2853 2757
f 2936 2933 2820
f 2872 2936 2820
f 2872 2792 2965
f 2882 2965 2792
f 3034 2885 2846
f 2920 2972 2737
f 2920 2745 3074
f 2938 2928 2873
f 2921 3004 2875
f 2904 2973 2903
f 2974 2832 2975
f 2795 2975 2832
f 2795 2822 2939
f 2887 2993 2822
f 2848 2931 2910
f 2932 2911 2806
f 2806 2888 2932
f 2850 2826 3009
f 2858 2912 2897
f 2944 2861 2845
f 2808 2827 2952
f 2869 2934 2863
f 2892 2851 2998
f 2969 2838 2766
f 3022 2839 2880
f 2927 2858 3064
f 2965 2882 3092
f 2846 2972 3034
f 2901 2866 2930
f 2887 2894 2947
f 2941 3100 2741
f 2724 2914 2960
f 2861 2943 2867
f 2862 2916 3010
f 2967 3031 2891
f 2891 2917 2967
f 2787 2797 2918
f 2899 9755 3045
f 2819 2893 2989
f 2853 2989 2893
f 2880 2881 3000
f 2881 2830 2959
f 2965 2936 2872
f 2928 2938 3057
f 2840 2874 3003
f 2903 2973 2902
f 2894 2910 2947
f 2923 2888 2957
f 2912 2807 2985
f 2860 2943 2914
f 2890 2898 2879
f 2907 2862 3010
f 3010 2916 2987
f 2916 2891 3031
f 3045 2945 2899
f 2926 2838 2950
f 2959 3000 2881
f 2959 2830 2927
f 2895 2896 2963
f 2928 2937 2864
f 2929 2938 2865
f 2874 2901 2930
f 2866 2875 3048
f 2877 2902 2922
f 2973 2922 2902
f 2958 2905 2949
f 2856 2850 2940
f 2897 3064 2858
f 2861 2944 3138
f 2917 2934 2978
f 2980 2908 2919
f 3081 9754 2924
f 2870 2925 3046
f 2969 2950 2838
f 2857 2790 3063
f 2895 2963 3040
f 2930 2991 2874
f 2875 3004 3048
f 2922 3023 2877
f 2939 2975 2795
f 2993 2939 2822
f 2955 2993 2887
f 2948 2956 2824
f 2940 2949 2856
f 2960 2941 2724
f 2943 2942 2914
f 3051 2952 2827
f 2827 2889 3051
f 2898 2890 3019
f 2987 2916 3087
f 3031 3087 2916
f 2918 3052 2828
f 2945 3045 3114
f 2851 2870 2968
f 3092 2882 3001
f 2883 3001 2882
f 2885 2884 2900
f 2982 2972 2920
f 2920 3074 2982
f 3003 3002 2840
f 2921 2876 3005
f 3023 3005 2876
f 2973 2904 2974
f 2887 2947 2955
f 3076 2932 2888
f 2942 2960 2914
f 2978 2967 2917
f 3039 2953 2908
f 2871 2981 2925
f 3054 2989 2853
f 2853 2839 2946
f 2970 2959 2927
f 2884 3001 2883
f 3074 2886 3012
f 2886 2937 3012
f 3057 3117 2928
f 2984 2947 2910
f 2854 2994 2878
f 2786 3068 2854
f 2786 2911 3025
f 2932 3025 2911
f 3037 3076 2888
f 2888 2923 3037
f 2957 2905 2976
f 2906 2951 2986
f 3099 2951 2913
f 2913 3100 3099
f 2943 2861 3029
f 2961 2944 2845
f 2845 2952 2961
f 2907 3010 3070
f 2797 2953 3020
f 9754 3081 2988
f 2924 2892 2998
f 2926 2981 2871
f 2819 2989 2999
f 2933 2936 3041
f 2937 2928 3066
f 3117 3066 2928
f 3003 2874 2991
f 2992 2930 2866
f 2866 3048 2992
f 2939 2993 2954
f 2948 2878 3042
f 2994 3042 2878
f 3068 2994 2854
f 2958 2949 3026
f 2940 3026 2949
f 3009 2895 3040
f 2897 3027 3064
f 2807 2906 2985
f 3029 3017 2943
f 2890 2907 3030
f 3052 2979 2828
f 3060 3052 2918
f 2997 2918 2797
f 3020 2997 2797
f 2919 2945 2980
f 3114 2980 2945
f 2968 2998 2851
f 2981 2926 2950
f 2857 3103 2969
f 3063 2790 3011
f 2935 3011 2790
f 2935 2909 3011
f 2999 3011 2909
f 2909 2819 2999
f 2946 3054 2853
f 2971 2964 2933
f 3005 2966 2921
f 2954 2975 2939
f 2984 2955 2947
f 2931 2956 3014
f 3008 3085 2948
f 3042 3008 2948
f 2958 2976 2905
f 3046 2968 2870
f 2951 3099 2986
f 2941 3059 3100
f 3017 2942 2943
f 3138 3029 2861
f 2889 2868 3038
f 2915 3038 2868
f 2869 2978 2934
f 2953 3039 3020
f 2908 2980 3101
f 2964 2971 2963
f 2929 3067 2938
f 3004 2921 2966
f 2922 3006 3023
f 3085 3014 2956
f 2956 2948 3085
f 2976 2923 2957
f 3015 2976 2958
f 2940 2850 3009
f 3053 3081 2924
f 2924 2998 3053
f 2925 2981 3046
f 3022 2880 3000
f 3038 3051 2889
f 2915 2898 3018
f 2898 3019 3018
f 2967 2978 3044
f 2997 3060 2918
f 3039 2908 3101
f 2988 3045 9754
f 3040 2963 3089
f 2971 3089 2963
f 2936 2965 3033
f 3067 3057 2938
f 3067 2929 3075
f 3002 3075 2929
f 2930 2992 2983
f 3007 2984 2910
f 2931 3014 3007
f 3016 2985 2906
f 2906 2986 3016
f 2996 2962 2979
f 2959 2970 3047
f 3035 3034 2972
f 3065 3035 2972
f 2972 2982 3065
f 3066 3012 2937
f 2983 2991 2930
f 2993 2955 3013
f 2910 2931 3007
f 2923 2976 3037
f 3030 3019 2890
f 3030 2907 3070
f 2967 2977 3031
f 2977 2967 3044
f 2869 2962 2996
f 2998 2968 3115
f 2946 2839 3088
f 3047 3000 2959
f 3064 2970 2927
f 2971 2933 3041
f 2884 2885 2990
f 2990 2885 3034
f 2973 3006 2922
f 2975 3084 2974
f 3036 3013 2955
f 3028 3027 2897
f 2995 3028 2897
f 2897 2912 2995
f 2942 3017 3050
f 3051 2961 2952
f 3018 3038 2915
f 2978 2869 3113
f 3103 2857 3140
f 3063 3140 2857
f 3054 3021 2989
f 3003 2991 3118
f 2992 3048 3263
f 2954 2993 3013
f 2955 2984 3036
f 3008 3042 3160
f 3068 2786 3025
f 2941 2960 3059
f 3051 3199 2961
f 3069 3018 3019
f 2979 3052 3072
f 2997 3020 3061
f 2998 3115 3126
f 3046 2981 3073
f 2950 3073 2981
f 2969 3103 2950
f 2999 3116 3011
f 2999 2989 3021
f 3047 2970 3147
f 3064 3027 3032
f 3033 3041 2936
f 3002 3003 3075
f 3150 3075 3003
f 3109 3048 3004
f 2975 2954 3024
f 3096 3058 2984
f 2984 3007 3096
f 3007 3014 3110
f 3135 3015 2958
f 3026 3135 2958
f 2940 3049 3026
f 2996 2979 3072
f 3021 3116 2999
f 3141 3054 2946
f 2946 3088 3141
f 3083 2983 2992
f 2992 3263 3083
f 3004 2966 3093
f 3023 3006 3095
f 2973 2974 3084
f 3160 3133 3008
f 2912 2985 2995
f 3016 2986 3043
f 3111 3100 3059
f 3199 2944 2961
f 3019 3030 3069
f 3113 3044 2978
f 3060 2997 3155
f 3061 3155 2997
f 3039 3061 3020
f 3114 3080 2980
f 3102 3045 2988
f 3164 3115 2968
f 3046 3164 2968
f 2839 3022 3104
f 3022 3000 3105
f 3047 3105 3000
f 2971 3041 3055
f 3005 3023 3095
f 3084 3159 2973
f 3145 3084 2975
f 3133 3085 3008
f 3068 3025 3120
f 2940 3009 3121
f 3028 3032 3027
f 3181 3017 3029
f 3051 3038 3163
f 3031 2977 3087
f 2869 2996 3071
f 3063 3011 3167
f 3116 3167 3011
f 3092 3091 2965
f 3172 3001 2884
f 2884 2990 3172
f 3118 3150 3003
f 3006 2973 3159
f 2975 3024 3119
f 2995 2985 3146
f 2985 3016 3146
f 3112 2960 2942
f 3029 3138 3181
f 3030 3070 3184
f 3061 3039 3079
f 3101 3079 3039
f 3080 3101 2980
f 2950 3103 3129
f 3104 3022 3105
f 3091 3033 2965
f 3056 3012 3066
f 3093 3109 3004
f 3119 3176 2975
f 3013 3036 3131
f 2994 3160 3042
f 3015 3097 2976
f 3049 2940 3152
f 3121 3152 2940
f 3137 3059 2960
f 3112 2942 3154
f 2942 3050 3154
f 2977 3044 3207
f 3113 2869 3071
f 3125 3114 3045
f 3102 3125 3045
f 3073 3164 3046
f 3104 3088 2839
f 3147 3156 3047
f 3089 2971 3082
f 2990 3034 3173
f 3118 2991 3108
f 3093 2966 3094
f 3005 3094 2966
f 3159 3095 3006
f 3131 3024 3013
f 3058 3036 2984
f 3007 3110 3178
f 3040 3121 3009
f 3146 3153 2995
f 3181 3050 3017
f 3163 3199 3051
f 3038 3018 3077
f 3070 3010 3185
f 2987 3185 3010
f 2987 3087 3078
f 3072 3071 2996
f 3122 3072 3052
f 3052 3060 3122
f 3102 3081 3062
f 3073 2950 3129
f 3105 3047 3156
f 2971 3055 3082
f 3055 3041 3090
f 3033 3090 3041
f 3074 3191 2982
f 3117 3057 3107
f 3057 3067 3107
f 3095 3144 3005
f 3084 3220 3159
f 3120 3025 3190
f 2932 3190 3025
f 3135 3026 3049
f 3086 3163 3038
f 3123 3155 3061
f 3140 3063 3166
f 3167 3166 3063
f 3168 3021 3054
f 3147 2970 3197
f 3130 3197 2970
f 2970 3064 3130
f 3032 3130 3064
f 3001 3172 3106
f 3173 3172 2990
f 3035 3173 3034
f 3191 3074 3012
f 3067 3075 3149
f 2991 2983 3108
f 3143 3108 2983
f 3281 3263 3048
f 3048 3109 3281
f 3145 2975 3176
f 3007 3178 3096
f 3132 3110 3014
f 3014 3085 3132
f 3037 2976 3180
f 3135 3097 3015
f 3121 3040 3098
f 3077 3086 3038
f 3069 3030 3223
f 3185 3184 3070
f 3060 3155 3122
f 3126 3115 3127
f 3166 3165 3140
f 3141 3168 3054
f 3040 3089 3098
f 3083 3143 2983
f 3190 2932 3278
f 2932 3076 3278
f 3134 3076 3037
f 3028 2995 3157
f 2995 3153 3157
f 3264 3111 3059
f 3059 3137 3264
f 2960 3112 3137
f 3162 3154 3050
f 3050 3181 3162
f 3222 3138 2944
f 3079 3101 3124
f 9753 3062 3081
f 3166 3167 3247
f 3116 3021 3182
f 3021 3168 3182
f 3202 3130 3032
f 3082 3170 3089
f 3144 3094 3005
f 3145 3220 3084
f 3258 3132 3085
f 3133 3258 3085
f 2994 3068 3179
f 3120 3179 3068
f 3037 3180 3134
f 3097 3180 2976
f 3032 3028 3157
f 3043 3146 3016
f 3113 3207 3044
f 3124 3123 3061
f 3061 3079 3124
f 3140 3165 3103
f 3188 3141 3088
f 3211 3170 3082
f 3055 3090 3142
f 3091 3092 3171
f 3203 3171 3092
f 3092 3001 3203
f 3106 3203 3001
f 3191 3012 3158
f 3012 3056 3158
f 3174 3149 3075
f 3075 3150 3174
f 3134 3278 3076
f 3218 3180 3097
f 2944 3199 3222
f 3266 3018 3069
f 3223 3266 3069
f 3101 3080 3237
f 3062 3125 3102
f 3088 3104 3188
f 3105 3156 3169
f 3157 3202 3032
f 3082 3055 3211
f 2982 3288 3065
f 3056 3066 3117
f 3118 3108 3175
f 3189 3131 3036
f 3152 3121 3098
f 3136 3043 2986
f 2986 3099 3136
f 3077 3018 3205
f 3266 3205 3018
f 3207 3235 2977
f 3080 3200 3237
f 3193 3200 3080
f 3080 3114 3193
f 3114 3125 3193
f 3267 3164 3128
f 3164 3073 3128
f 3167 3116 3182
f 3105 3169 3104
f 3170 3098 3089
f 3142 3211 3055
f 3191 3288 2982
f 3144 3095 3192
f 3159 3192 3095
f 3177 3231 3119
f 3036 3058 3189
f 3099 3100 3136
f 3100 3111 3136
f 3161 3264 3137
f 3223 3030 3184
f 3255 3087 2977
f 3207 3113 3139
f 3113 3071 3139
f 3071 3072 3244
f 3125 3062 3285
f 3073 3129 3194
f 3165 3194 3103
f 3195 3188 3104
f 3065 3173 3035
f 3056 3117 3148
f 3107 3067 3204
f 3143 3175 3108
f 3360 3109 3093
f 3094 3360 3093
f 3176 3119 3231
f 3151 3189 3058
f 3058 3096 3151
f 3198 3097 3135
f 3135 3049 3152
f 3331 3161 3137
f 3137 3112 3331
f 3162 3221 3154
f 3181 3138 3213
f 3185 2987 3206
f 3078 3206 2987
f 3078 3087 3255
f 3129 3103 3194
f 3148 3158 3056
f 3149 3204 3067
f 3175 3150 3118
f 3220 3145 3243
f 3176 3243 3145
f 3131 3189 3177
f 3122 3155 3236
f 3237 3124 3101
f 3356 3127 3115
f 3115 3164 3356
f 3194 3128 3073
f 3156 3147 3196
f 3197 3196 3147
f 3142 3090 3262
f 3258 3178 3110
f 3110 3132 3258
f 3198 3135 3152
f 3183 3146 3043
f 3136 3183 3043
f 3323 3136 3111
f 3111 3264 3323
f 3112 3154 3254
f 3234 3254 3154
f 3221 3234 3154
f 3182 3168 3187
f 3168 3141 3201
f 3169 3195 3104
f 9559 3262 3090
f 3090 3033 9559
f 3091 9559 3033
f 3173 3065 3240
f 3158 3148 3241
f 3270 3143 3083
f 3192 3159 3242
f 3189 3209 3177
f 2994 3229 3160
f 3152 3098 3259
f 3254 3331 3112
f 3222 3199 3214
f 3215 3199 3163
f 3255 3206 3078
f 3236 3245 3122
f 3186 3236 3155
f 3155 3123 3186
f 3182 3247 3167
f 3168 3201 3187
f 3188 3201 3141
f 3202 3157 3226
f 3232 3226 3157
f 3098 3170 3219
f 3211 3219 3170
f 3212 3106 3172
f 3172 3173 3212
f 3117 3107 3204
f 3204 3149 3397
f 3243 3176 3231
f 3177 3209 9932
f 3178 3258 3228
f 3179 3277 2994
f 3198 3218 3097
f 3162 3181 3284
f 3181 3213 3284
f 3332 3086 3077
f 3185 3224 3184
f 2977 3235 3255
f 3225 3072 3122
f 3122 3245 3225
f 3267 3293 3164
f 3216 3156 3196
f 3283 3232 3153
f 3153 3146 3283
f 3146 3183 3283
f 3136 3233 3183
f 3323 3233 3136
f 3222 3213 3138
f 3086 3215 3163
f 3301 3223 3184
f 3224 3301 3184
f 3206 3224 3185
f 3225 3244 3072
f 3272 3123 3124
f 3285 3193 3125
f 3165 3208 3194
f 3166 3305 3165
f 3195 3169 3248
f 3217 3096 3178
f 3228 3217 3178
f 3160 3229 3249
f 3262 3287 3142
f 3240 3212 3173
f 3337 3349 3191
f 3158 3337 3191
f 3149 3174 3230
f 3094 3144 3282
f 3220 3242 3159
f 3243 3271 3220
f 9932 3231 3177
f 3273 3246 3126
f 3126 3127 3273
f 3293 3356 3164
f 3208 3304 3194
f 3182 3187 3247
f 3295 3188 3195
f 3297 3189 3151
f 3239 3151 3096
f 3258 3133 3276
f 3133 3249 3276
f 3133 3160 3249
f 3179 3120 3250
f 3190 3250 3120
f 3279 3134 3180
f 3210 3279 3180
f 3198 3152 3310
f 3259 3098 3268
f 3211 3142 3261
f 3287 3261 3142
f 3288 3191 3349
f 3337 3158 3241
f 3148 3117 3378
f 3280 3174 3150
f 3150 3175 3280
f 3175 3143 3350
f 3083 3263 3270
f 3192 3282 3144
f 3205 3332 3077
f 3236 3186 3256
f 3292 3285 3062
f 3062 9753 3292
f 3294 3187 3201
f 3201 3188 3294
f 3216 3248 3169
f 3156 3216 3169
f 3202 3226 3286
f 3217 3239 3096
f 3218 3210 3180
f 3171 3203 3251
f 3280 3230 3174
f 3360 3094 3282
f 3284 3221 3162
f 3215 3214 3199
f 3086 3332 3265
f 3128 3194 3274
f 3130 3202 3286
f 3226 3232 9929
f 3298 3297 3151
f 3239 3298 3151
f 3277 3229 2994
f 3171 9559 3091
f 3288 3240 3065
f 3117 3204 3378
f 3397 3149 3328
f 3270 3252 3143
f 3213 3222 3364
f 3235 3207 3139
f 3186 3123 3257
f 3272 3257 3123
f 3237 3272 3124
f 3194 3304 3274
f 3208 3165 3305
f 3306 3247 3187
f 3187 3294 3306
f 3295 3195 3248
f 3197 3130 3238
f 3297 3227 3189
f 3252 3350 3143
f 3367 3270 3263
f 3282 3192 3368
f 3242 3220 3313
f 3183 3233 3315
f 3254 3234 3340
f 3222 3214 3364
f 3215 3086 3289
f 3266 3223 3290
f 3317 3139 3071
f 3071 3244 3317
f 3356 3273 3127
f 3286 3238 3130
f 3286 3226 9929
f 3366 3318 3249
f 3249 3229 3366
f 3259 3310 3152
f 3336 3219 3211
f 3106 3251 3203
f 3241 3148 3321
f 3378 3321 3148
f 3282 3329 3360
f 3271 3243 3330
f 9940 3243 3231
f 9932 9940 3231
f 3283 3253 3232
f 3214 3215 3300
f 3289 3300 3215
f 3332 3205 3369
f 3224 3206 3341
f 3302 3255 3235
f 3236 3256 3245
f 3365 3272 3237
f 3291 3365 3237
f 3237 3200 3291
f 3200 3193 3291
f 3285 3291 3193
f 3248 3216 3275
f 3419 3298 3239
f 3260 3268 3219
f 3211 3261 3459
f 3251 3106 3312
f 3106 3212 3312
f 3230 3328 3149
f 3175 3350 3280
f 3271 3313 3220
f 3265 3289 3086
f 3266 3369 3205
f 3301 3224 3341
f 3317 3303 3139
f 3306 3405 3247
f 3276 3249 3318
f 3190 3278 3481
f 3278 3134 3393
f 3218 3198 3310
f 3230 3280 3398
f 3281 3109 3448
f 3424 3283 3183
f 3183 3315 3424
f 3340 3363 3254
f 3214 3300 3364
f 3305 3166 3372
f 3247 3372 3166
f 3405 3335 3247
f 3307 3306 3294
f 3308 3294 3188
f 3188 3295 3308
f 3216 3196 3275
f 3309 3343 3196
f 3196 3197 3309
f 3197 3238 3309
f 3228 3258 3276
f 3366 3229 3277
f 3277 3179 3358
f 3250 3358 3179
f 3134 3279 3393
f 3269 3262 9559
f 3311 3269 9559
f 9559 3171 3311
f 3251 3375 3171
f 3288 3299 3240
f 3270 3367 3379
f 3242 3313 3380
f 3330 3243 3338
f 9940 3338 3243
f 3362 3323 3264
f 3264 3161 3362
f 3221 3340 3234
f 3290 3463 3266
f 3206 3255 3342
f 3235 3139 3303
f 3225 3317 3244
f 3333 3256 3186
f 3186 3257 3333
f 3267 3128 3325
f 3274 3325 3128
f 3227 3297 3296
f 3228 3276 3217
f 3327 3276 3318
f 3346 3279 3210
f 3259 3268 3319
f 3459 3336 3211
f 3375 3311 3171
f 3240 3312 3212
f 3321 3337 3241
f 3368 3192 3380
f 3192 3242 3380
f 3330 3382 3271
f 3233 3323 3315
f 3401 3284 3213
f 3213 3364 3401
f 3255 3302 3342
f 3246 3273 3387
f 3293 3267 3325
f 3372 3247 3335
f 3326 3295 3248
f 3275 3326 3248
f 3259 3395 3310
f 3261 3320 3459
f 3379 3422 3270
f 3263 3281 3367
f 3448 3367 3281
f 3381 3313 3361
f 3313 3271 3361
f 3382 3361 3271
f 3314 3322 3253
f 3253 3283 3314
f 3290 3223 3301
f 3341 3206 3435
f 3342 3435 3206
f 3404 3370 3285
f 3356 3293 3334
f 3304 3208 3456
f 3305 3456 3208
f 3275 3196 3343
f 3344 3238 3286
f 9929 3344 3286
f 3239 3217 3419
f 3391 3419 3217
f 3217 3276 3327
f 3218 3310 3347
f 3260 3319 3268
f 3287 3320 3261
f 3299 3288 3412
f 3349 3412 3288
f 3422 3252 3270
f 3338 9940 3339
f 3369 3266 3316
f 3463 3316 3266
f 3301 3341 3384
f 3285 3292 3404
f 3427 3325 3274
f 3308 3307 3294
f 3344 9929 9918
f 3366 3277 3374
f 3319 3395 3259
f 3287 3262 3269
f 3337 3321 3396
f 3350 3252 3414
f 3329 3282 3368
f 3283 3424 3314
f 3340 3221 3324
f 3352 3324 3221
f 3221 3284 3352
f 3401 3352 3284
f 3353 3289 3265
f 3384 3354 3301
f 3225 3245 3355
f 3428 3456 3305
f 3372 3428 3305
f 3306 3307 3373
f 3308 3295 3523
f 3327 3318 3468
f 3392 3358 3250
f 3250 3190 3392
f 3481 3392 3190
f 3278 3393 3481
f 3393 3279 3345
f 3346 3345 3279
f 3260 3219 3348
f 3336 3348 3219
f 3375 3251 3411
f 3240 3299 3376
f 3397 3378 3204
f 3433 3414 3252
f 3380 3313 3381
f 3315 3323 3400
f 3475 3331 3254
f 3363 3475 3254
f 3303 3302 3235
f 3370 3291 3285
f 3334 3293 3325
f 3371 3427 3274
f 3274 3304 3371
f 3373 3405 3306
f 3488 3295 3326
f 3298 3419 3297
f 3374 3277 3358
f 3320 3287 3420
f 3269 3420 3287
f 3312 3411 3251
f 3422 3433 3252
f 3360 3448 3109
f 3339 3351 3338
f 3323 3362 3400
f 3362 3161 3485
f 3363 3340 3425
f 3300 3289 3402
f 3296 3297 9938
f 3357 3217 3327
f 3210 3218 3347
f 3410 3420 3269
f 3269 3311 3410
f 3376 3312 3240
f 3349 3337 3377
f 3432 3378 3397
f 3444 3328 3230
f 3230 3398 3444
f 3280 3350 3398
f 3338 3382 3330
f 3400 3383 3315
f 3475 3161 3331
f 3342 3302 3385
f 3389 3303 3317
f 3256 3333 3386
f 3272 3333 3257
f 3438 3334 3325
f 3523 3307 3308
f 3275 3343 3417
f 3457 3345 3346
f 3347 3346 3210
f 3395 3347 3310
f 3260 3442 3319
f 3411 3312 3376
f 3396 3377 3337
f 3413 3396 3321
f 3359 3413 3321
f 3321 3378 3359
f 3449 3448 3360
f 3338 3351 3451
f 3161 3475 3485
f 3324 3425 3340
f 3353 3402 3289
f 3353 3265 3453
f 3265 3332 3453
f 3354 3403 3301
f 3291 3390 3365
f 3456 3371 3304
f 3442 3458 3319
f 3431 3348 3336
f 3414 3398 3350
f 3360 3329 3399
f 3423 3322 3314
f 3364 3300 3402
f 3369 3453 3332
f 3317 3225 3476
f 3225 3355 3476
f 3355 3245 3386
f 3245 3256 3386
f 3415 3386 3333
f 3333 3272 3455
f 3272 3365 3455
f 3291 3370 3390
f 3273 3356 3426
f 3334 3426 3356
f 3488 3523 3295
f 3326 3275 3416
f 3275 3417 3416
f 3217 3357 3391
f 3457 3346 3408
f 3348 3442 3260
f 3399 3329 3560
f 3368 3560 3329
f 3368 3380 3450
f 3485 3400 3362
f 3364 3402 3401
f 3290 3464 3463
f 3435 3384 3341
f 3303 3506 3302
f 3389 3317 3476
f 3488 3326 3406
f 3406 3326 3416
f 3238 3344 3430
f 9919 3430 3344
f 9925 9919 3344
f 3327 3468 3497
f 3407 3468 3318
f 3490 3318 3366
f 3366 3374 3490
f 3347 3408 3346
f 3388 3347 3395
f 3319 3458 3395
f 3412 3349 3377
f 3450 3503 3368
f 3361 3445 3381
f 3383 3424 3315
f 3437 3365 3390
f 3387 3273 3467
f 3438 3325 3427
f 3335 3428 3372
f 3335 3405 3478
f 3405 3373 3429
f 3343 3496 3417
f 3343 3309 3479
f 3480 3479 3309
f 3309 3238 3480
f 3297 3419 3418
f 3327 3497 3357
f 3394 3408 3347
f 3409 3394 3347
f 3432 3359 3378
f 3422 3379 3434
f 3382 3445 3361
f 3301 3403 3290
f 3342 3385 3436
f 3437 3455 3365
f 3467 3404 3387
f 3392 3491 3358
f 3388 3409 3347
f 3399 3474 3360
f 3381 3450 3380
f 3382 3338 3451
f 3314 3424 3461
f 3370 3404 3466
f 3438 3495 3334
f 3371 3456 3549
f 3496 3343 3479
f 3418 9938 3297
f 3357 3440 3391
f 3374 3358 3491
f 3420 3410 3421
f 3410 3375 3443
f 3411 3443 3375
f 3377 3511 3412
f 3432 3397 3328
f 3474 3449 3360
f 3586 3450 3381
f 3445 3586 3381
f 3436 3385 3506
f 3385 3302 3506
f 3427 3549 3439
f 3427 3371 3549
f 3594 3373 3307
f 3419 3391 3440
f 3491 3527 3374
f 3392 3481 3441
f 3469 3481 3393
f 3393 3345 3469
f 3345 3457 3469
f 3408 3394 3457
f 3482 3457 3394
f 3409 3446 3394
f 3409 3388 3517
f 3459 3431 3336
f 3443 3421 3410
f 3299 3412 3511
f 3353 3453 3487
f 3463 3547 3316
f 3384 3435 3513
f 3436 3435 3342
f 3465 3303 3389
f 3415 3355 3386
f 3507 3467 3273
f 3426 3507 3273
f 3478 3428 3335
f 3307 3523 3594
f 3416 3417 3543
f 3418 9939 9938
f 3491 3392 3611
f 3643 3611 3392
f 3441 3643 3392
f 3442 3348 3447
f 3431 3447 3348
f 3377 3396 3501
f 3413 3501 3396
f 3432 3328 3532
f 3434 3433 3422
f 3379 3367 3460
f 3561 3445 3382
f 3451 3561 3382
f 3461 3423 3314
f 3452 3461 3424
f 3424 3383 3452
f 3363 3425 3546
f 3462 3425 3324
f 3464 3290 3521
f 3403 3521 3290
f 3506 3303 3465
f 3355 3415 3454
f 3415 3333 3455
f 3390 3370 3437
f 3467 3466 3404
f 3439 3438 3427
f 3428 3477 3456
f 3405 3508 3478
f 3496 3543 3417
f 3430 3480 3238
f 3418 3419 3524
f 3394 3446 3537
f 3395 3458 3388
f 3431 3459 3572
f 3421 3470 3420
f 3443 3411 3518
f 3376 3518 3411
f 3376 3299 3472
f 3511 3377 3473
f 3475 3363 3546
f 3352 3401 3486
f 3402 3353 3563
f 3513 3435 3609
f 3455 3454 3415
f 3455 3437 3514
f 3478 3477 3428
f 3429 3508 3405
f 3509 3429 3373
f 3357 3525 3440
f 3318 3490 3407
f 3527 3490 3374
f 3482 3556 3457
f 3394 3537 3482
f 3446 3409 3517
f 3458 3442 3499
f 3447 3499 3442
f 3320 3420 3470
f 3471 3421 3443
f 3518 3471 3443
f 3518 3376 3492
f 3299 3511 3472
f 3413 3359 3483
f 3585 3328 3444
f 3538 3444 3398
f 3414 3538 3398
f 3367 3448 3460
f 3560 3474 3399
f 3451 3351 9935
f 3461 3484 3423
f 3462 3324 3577
f 3352 3577 3324
f 3402 3563 3512
f 3640 3563 3353
f 3466 3437 3370
f 3495 3426 3334
f 3373 3594 3509
f 3419 3440 3524
f 3376 3472 3492
f 3501 3473 3377
f 3532 3359 3432
f 3414 3433 3434
f 3449 3460 3448
f 3505 3383 3590
f 3546 3425 3462
f 3512 3486 3401
f 3401 3402 3512
f 3487 3640 3353
f 3436 3609 3435
f 3389 3476 3548
f 3581 3466 3467
f 3549 3456 3477
f 3429 3509 3522
f 3480 3430 3544
f 3489 9939 3418
f 3418 3524 3489
f 3526 3407 3490
f 3556 3469 3457
f 3498 3388 3458
f 3499 3498 3458
f 3447 3431 3614
f 3572 3614 3431
f 3434 3379 3615
f 3560 3368 3503
f 3586 3503 3450
f 3505 3452 3383
f 3383 3400 3545
f 3400 3591 3545
f 3400 3485 3591
f 3369 3316 3578
f 3547 3578 3316
f 3354 3384 3602
f 3355 3454 3619
f 3440 3525 3604
f 3550 3497 3468
f 3468 3407 3550
f 3536 3482 3537
f 3388 3498 3510
f 3530 3511 3473
f 3473 3501 3531
f 3538 3414 3539
f 3533 3615 3379
f 3379 3460 3533
f 3474 3519 3449
f 3560 3519 3474
f 3561 3451 3493
f 3451 9935 3493
f 3590 3383 3545
f 3486 3577 3352
f 3487 3453 3592
f 3369 3592 3453
f 3513 3602 3384
f 3436 3506 3610
f 3476 3355 3548
f 3507 3426 3494
f 3438 3439 3495
f 3479 3480 3516
f 3544 3516 3480
f 3481 3469 3634
f 3517 3388 3510
f 3470 3421 3500
f 3471 3500 3421
f 3434 3539 3414
f 3504 3484 3461
f 3461 3452 3504
f 3452 3505 3504
f 3475 3546 3617
f 3577 3698 3462
f 3547 3463 3540
f 3464 3540 3463
f 3465 3389 3603
f 3507 3581 3467
f 3426 3495 3494
f 3508 3429 3522
f 3583 3543 3496
f 3622 3604 3525
f 3517 3510 3605
f 3518 3558 3471
f 3531 3530 3473
f 3502 3501 3483
f 3561 3588 3445
f 3484 3504 3562
f 3592 3369 3578
f 3579 3403 3354
f 3602 3579 3354
f 3506 3465 3603
f 3619 3548 3355
f 3514 3542 3455
f 3514 3437 3515
f 3495 3439 3631
f 3477 3478 3743
f 3406 3621 3488
f 3479 3583 3496
f 3441 3481 3634
f 3537 3446 3553
f 3446 3517 3553
f 3558 3500 3471
f 3502 3531 3501
f 3532 3328 3574
f 3519 3560 3534
f 3671 3591 3485
f 3485 3475 3671
f 3602 3513 3609
f 3610 3506 3618
f 3389 3548 3603
f 3541 3619 3454
f 3542 3454 3455
f 3437 3466 3515
f 3508 3743 3478
f 3508 3522 3567
f 3595 3523 3488
f 3621 3595 3488
f 3416 3543 3621
f 3526 3550 3407
f 3527 3526 3490
f 3611 3649 3491
f 3556 3528 3469
f 3529 3572 3459
f 3459 3320 3529
f 3470 3529 3320
f 3472 3511 3559
f 3573 3624 3483
f 3483 3359 3573
f 3679 3539 3434
f 3636 3505 3590
f 3637 3545 3591
f 3475 3617 3608
f 3512 3520 3486
f 3540 3464 3521
f 3542 3541 3454
f 3515 3542 3514
f 3494 3675 3507
f 3549 3477 3565
f 3684 3565 3477
f 3406 3416 3621
f 3489 3524 3569
f 3550 3357 3497
f 3571 3528 3556
f 3553 3517 3613
f 3605 3613 3517
f 3518 3492 3635
f 3492 3472 3635
f 3559 3511 3530
f 3328 3585 3574
f 3533 3460 3748
f 3493 9935 3555
f 3577 3486 3629
f 3520 3629 3486
f 3609 3436 3610
f 3743 3508 3566
f 3535 3600 3524
f 3524 3440 3535
f 3527 3491 3551
f 3649 3551 3491
f 3528 3634 3469
f 3612 3482 3536
f 3702 3510 3498
f 3557 3702 3498
f 3498 3499 3557
f 3558 3554 3500
f 3559 3635 3472
f 3359 3532 3573
f 3434 3615 3679
f 3722 3460 3449
f 3534 3625 3519
f 3604 3535 3440
f 3528 3571 3570
f 3536 3537 3552
f 3553 3552 3537
f 3470 3500 3554
f 3558 3518 3685
f 3587 3685 3518
f 3444 3538 3585
f 3625 3722 3449
f 3449 3519 3625
f 3560 3503 3616
f 3555 9933 3576
f 3475 3608 3671
f 3546 3462 3617
f 3564 3563 3640
f 3743 3684 3477
f 3567 3566 3508
f 3568 3522 3509
f 3516 3544 3598
f 9921 3598 3544
f 3589 3562 3504
f 3627 3504 3505
f 3505 3636 3627
f 3512 3563 3639
f 3579 3521 3403
f 3603 3618 3506
f 3541 3674 3619
f 9571 3515 3466
f 3675 3581 3507
f 3621 3543 3646
f 3543 3583 3646
f 3583 3479 3596
f 3516 3596 3479
f 3598 3597 3516
f 3600 3569 3524
f 3584 3556 3482
f 3612 3584 3482
f 3613 3552 3553
f 3575 3585 3538
f 3538 3539 3575
f 3748 3615 3533
f 3588 3561 3626
f 3493 3555 3576
f 3601 3526 3527
f 3584 3571 3556
f 3668 3584 3612
f 3499 3447 3614
f 3657 3572 3529
f 3470 3657 3529
f 3679 3575 3539
f 3503 3586 3616
f 3561 3493 3626
f 3607 3576 3562
f 3589 3607 3562
f 3504 3627 3589
f 3724 3547 3540
f 3580 3542 3515
f 9571 3580 3515
f 3597 3596 3516
f 3622 3525 3623
f 3525 3357 3623
f 3550 3623 3357
f 3612 3536 3552
f 3470 3554 3657
f 3635 3587 3518
f 3530 3531 3694
f 3532 3574 3721
f 3585 3575 3644
f 3645 3625 3534
f 3606 3616 3586
f 3626 3493 3661
f 3576 3661 3493
f 3545 3637 3628
f 3617 3462 3662
f 3698 3662 3462
f 3698 3577 3629
f 3592 3578 3663
f 3547 3663 3578
f 3675 3582 3581
f 3632 3439 3549
f 3549 3565 3632
f 3567 3522 3593
f 3641 3568 3509
f 3509 3594 3641
f 3633 3594 3523
f 3523 3595 3633
f 3540 3521 3724
f 3580 3620 3542
f 3632 3631 3439
f 3566 3567 3725
f 3693 3593 3522
f 3522 3568 3693
f 3646 3583 3708
f 3583 3700 3708
f 3599 3598 9916
f 9916 3569 3599
f 3600 3599 3569
f 3441 3634 3650
f 3570 3634 3528
f 3613 3605 3709
f 3702 3605 3510
f 3534 3560 3687
f 3616 3687 3560
f 3586 3445 3606
f 3588 3606 3445
f 3607 3661 3576
f 3614 3557 3499
f 3652 3624 3573
f 3573 3532 3652
f 3585 3644 3574
f 3545 3636 3590
f 3591 3671 3637
f 3512 3639 3520
f 3723 3640 3487
f 3592 3723 3487
f 3521 3579 3733
f 3494 3495 3664
f 3631 3682 3495
f 3633 3641 3594
f 3583 3596 3700
f 3604 3600 3535
f 3551 3601 3527
f 3685 3587 3686
f 9617 3531 3502
f 3575 3679 3670
f 3626 3660 3588
f 3579 3602 3740
f 3602 3609 3740
f 3620 3541 3542
f 3682 3664 3495
f 3550 3526 3648
f 3526 3601 3648
f 3767 3709 3605
f 3757 3559 3530
f 3530 3694 3757
f 3721 3652 3532
f 3687 3659 3534
f 3606 3588 3660
f 3654 3661 3607
f 3629 3520 3689
f 3638 3689 3520
f 3656 3674 3541
f 3720 3632 3565
f 3595 3621 3642
f 3599 3597 3598
f 3767 3605 3702
f 3557 3614 3669
f 3614 3572 3703
f 3670 3679 3696
f 3615 3748 3779
f 3659 3645 3534
f 3589 3654 3607
f 3627 3636 3655
f 3628 3636 3545
f 3689 3672 3629
f 3690 3639 3563
f 3563 3564 3690
f 3547 3724 3705
f 3618 3603 3715
f 3741 3548 3619
f 3619 3674 3741
f 3541 3620 3716
f 3682 3631 3630
f 3642 3621 3646
f 3708 3700 3699
f 3552 3613 3677
f 3657 3554 3728
f 3554 3558 3658
f 3635 3686 3587
f 3729 3694 3531
f 3531 9617 3729
f 3652 9616 3624
f 3661 3660 3626
f 3520 3639 3638
f 3609 3610 3809
f 3494 3664 3752
f 3631 3632 3683
f 3743 3566 3707
f 3596 3597 3665
f 3666 3599 3600
f 3600 3604 3666
f 3622 3623 3647
f 3550 3647 3623
f 3651 3668 3612
f 3612 3552 3651
f 3557 3669 3702
f 3644 3575 3653
f 3687 3616 3697
f 3655 3654 3589
f 3589 3627 3655
f 3628 3771 3636
f 3671 3608 3819
f 3723 3564 3640
f 3663 3547 3681
f 3705 3681 3547
f 3733 3739 3521
f 3740 3673 3579
f 3716 3656 3541
f 3580 9571 3620
f 3717 3620 9571
f 3675 3717 3582
f 3683 3630 3631
f 3684 3720 3565
f 3593 3725 3567
f 3595 3642 3735
f 3700 3596 3665
f 3597 3599 3665
f 3667 3622 3647
f 3611 3643 3800
f 3441 3800 3643
f 3709 3677 3613
f 3657 3703 3572
f 3685 3658 3558
f 3679 3615 3779
f 3460 3722 3738
f 3711 3645 3659
f 3660 3712 3606
f 3759 3690 3564
f 3739 3724 3521
f 3809 3610 3773
f 3707 3566 3692
f 3744 3708 3699
f 3667 3604 3622
f 3648 3754 3550
f 3649 3611 3800
f 3570 3650 3634
f 3584 3668 3676
f 3614 3745 3669
f 3635 3704 3686
f 3653 3575 3678
f 3678 3575 3670
f 3697 3616 3712
f 3616 3606 3712
f 3771 3655 3636
f 3714 3628 3637
f 3637 3671 3714
f 3706 3603 3548
f 3548 3741 3706
f 3620 3717 3761
f 3752 3675 3494
f 3683 3632 3719
f 3720 3719 3632
f 3566 3725 3692
f 3726 3641 3633
f 3667 3647 3753
f 3647 3550 3754
f 3676 3571 3584
f 3668 3651 3766
f 3745 3614 3803
f 3559 3704 3635
f 3738 3748 3460
f 3780 3722 3625
f 3660 3661 3688
f 3661 3654 3688
f 3608 3617 3680
f 3732 3617 3662
f 3698 3732 3662
f 3672 3698 3629
f 3639 3690 3638
f 3723 3592 3856
f 3663 3856 3592
f 3673 3733 3579
f 3809 3740 3609
f 3762 3726 3633
f 3633 3595 3762
f 3595 3735 3762
f 3735 3642 3646
f 3599 3736 3665
f 3552 3677 3651
f 3645 3780 3625
f 3645 3711 3780
f 3819 3714 3671
f 3750 3773 3610
f 3610 3618 3750
f 3741 3674 3656
f 3716 3691 3656
f 3752 3664 3774
f 3666 3736 3599
f 3765 3666 3604
f 3604 3667 3765
f 3703 3803 3614
f 3652 3721 3695
f 3721 3574 3746
f 3722 3780 3804
f 3712 3660 3730
f 3714 3771 3628
f 3732 3698 3772
f 3783 3772 3698
f 3618 3715 3760
f 3664 3682 3774
f 3630 3774 3682
f 3683 3719 3630
f 3800 3441 3650
f 3554 3710 3728
f 3554 3658 3710
f 3757 3704 3559
f 3794 3729 9617
f 3795 3794 9616
f 3652 3795 9616
f 3818 3644 3653
f 3678 3818 3653
f 3660 3688 3730
f 3713 3730 3688
f 3856 3663 3681
f 3760 3750 3618
f 3706 3715 3603
f 3717 3675 3718
f 3707 3775 3743
f 3708 3735 3646
f 3676 3668 3766
f 3727 3703 3657
f 3657 3728 3727
f 3729 3757 3694
f 3574 3644 3747
f 3679 3737 3696
f 3781 3711 3659
f 3655 3771 3713
f 3819 3608 3731
f 3680 3731 3608
f 3672 3783 3698
f 3733 3673 3840
f 3742 3718 3675
f 3742 3675 3752
f 3725 3593 3811
f 3693 3811 3593
f 3764 3744 3699
f 3699 3700 3764
f 3701 3765 3667
f 3753 3701 3667
f 3753 3647 3822
f 3754 3822 3647
f 3650 3570 3801
f 3570 3571 3755
f 3651 3677 3793
f 3710 3658 3756
f 3658 3685 3756
f 3685 3686 3756
f 3850 3756 3686
f 3686 3704 3850
f 3574 3747 3746
f 3697 3781 3659
f 3659 3687 3697
f 3564 3723 3759
f 3706 3741 3830
f 3601 3551 3786
f 3649 3786 3551
f 3891 3801 3570
f 3755 3891 3570
f 3676 3755 3571
f 3709 3793 3677
f 3767 3702 3787
f 3757 3729 3827
f 3729 3794 3788
f 3818 3747 3644
f 3711 3781 3838
f 3697 3712 3758
f 3730 3758 3712
f 3732 3680 3617
f 3807 3681 3705
f 3715 3706 3760
f 3734 3691 3716
f 3751 3734 3716
f 3620 3751 3716
f 3620 3761 3751
f 3791 3761 3717
f 3718 3791 3717
f 3720 3684 3862
f 3684 3743 3862
f 3798 3735 3708
f 3708 3744 3798
f 3700 3665 3764
f 3702 3669 3825
f 3745 3825 3669
f 3727 3803 3703
f 3850 3704 3768
f 3746 3695 3721
f 3779 3737 3679
f 3782 3713 3771
f 3749 3690 3759
f 3723 3856 3759
f 3884 3705 3724
f 3724 3739 3884
f 3811 3810 3725
f 3843 3811 3693
f 3736 3764 3665
f 3836 3648 3601
f 3800 3786 3649
f 3815 3755 3676
f 3802 3793 3709
f 3704 3757 3769
f 3788 3827 3729
f 3670 3818 3678
f 3730 3713 3770
f 3782 3770 3713
f 3741 3656 3820
f 3774 3630 3859
f 3744 3764 3812
f 3701 3753 3799
f 3836 3601 3932
f 3793 3792 3651
f 3787 3702 3825
f 3756 3845 3710
f 3778 3818 3670
f 3696 3778 3670
f 3714 3819 3771
f 3691 3820 3656
f 3821 3719 3720
f 3842 3775 3707
f 3707 3692 3842
f 3692 3725 3833
f 3833 3725 3810
f 3736 3666 3813
f 3765 3813 3666
f 3767 3802 3709
f 3825 3745 3849
f 3873 3745 3803
f 3728 3710 3826
f 3769 3768 3704
f 3777 3795 3652
f 3652 3695 3777
f 3731 3680 3882
f 3672 3689 3783
f 3749 3638 3690
f 3807 3705 3789
f 3840 3739 3733
f 3840 3673 3808
f 3752 3774 3832
f 3863 3843 3693
f 3693 3568 3863
f 3763 3762 3735
f 3798 3763 3735
f 3764 3736 3776
f 3813 3776 3736
f 3765 3701 3848
f 3799 3848 3701
f 3822 3754 3814
f 3792 3766 3651
f 3727 3728 3826
f 3827 3769 3757
f 3737 3829 3696
f 3838 3805 3711
f 3782 3771 3854
f 3732 3772 3847
f 3749 3759 3866
f 3673 3740 3808
f 3809 3808 3740
f 3830 3760 3706
f 3691 3734 3784
f 3742 3791 3718
f 3742 3752 3797
f 3862 3743 3785
f 3775 3785 3743
f 3813 3765 3835
f 3648 3836 3814
f 3786 3932 3601
f 3676 3766 3823
f 3766 3792 3823
f 3844 3802 3767
f 3767 3787 3844
f 3849 3745 3873
f 3788 3794 3828
f 3747 3881 3746
f 3829 3737 3852
f 3779 3748 3877
f 3738 3877 3748
f 3781 3697 3806
f 3730 3770 3796
f 3771 3819 3854
f 3882 3680 3855
f 3866 3879 3749
f 3856 3681 3867
f 3681 3807 3867
f 3705 3884 3789
f 3773 3750 3914
f 3841 3750 3760
f 3862 3821 3720
f 3799 3753 3822
f 3754 3648 3814
f 3800 3650 4000
f 3920 4000 3650
f 3650 3801 3920
f 3676 3823 3815
f 3873 3803 3817
f 3837 3778 3696
f 3829 3837 3696
f 3877 3738 3864
f 3861 3758 3730
f 3730 3796 3861
f 3759 3856 3866
f 3741 3820 3830
f 3691 3784 3820
f 3790 3784 3734
f 3831 3790 3751
f 3791 3831 3761
f 3832 3797 3752
f 3774 3859 3947
f 3719 3859 3630
f 3955 3568 3641
f 3641 3726 3955
f 3918 3812 3764
f 3764 3776 3918
f 3765 3848 3835
f 3793 3816 3792
f 3802 3824 3793
f 3845 3826 3710
f 3894 3852 3737
f 3737 3779 3894
f 3806 3697 3758
f 3846 3796 3770
f 3770 3782 3846
f 3854 3846 3782
f 3882 3819 3731
f 3680 3732 3847
f 3689 3638 3878
f 3749 3878 3638
f 3841 3914 3750
f 3831 3751 3761
f 3812 3798 3744
f 3799 3822 3889
f 3755 3815 3892
f 3816 3823 3792
f 3816 3793 3824
f 3802 3844 3860
f 3894 3779 3895
f 3877 3895 3779
f 3738 3722 3864
f 3722 3804 3864
f 3805 3780 3711
f 3805 3838 3959
f 3847 3855 3680
f 3783 3689 3878
f 3809 3773 3945
f 3830 3820 3857
f 3832 3774 3947
f 3776 3834 3918
f 3848 3799 3888
f 3786 3800 3890
f 4000 3890 3800
f 3920 3801 3891
f 3788 3828 3875
f 3970 3959 3838
f 3806 3758 3853
f 3865 3853 3758
f 3861 3865 3758
f 3839 3884 3739
f 3927 3840 3808
f 3808 3809 3885
f 3830 3841 3760
f 3830 3857 4007
f 3831 3791 3900
f 3869 3791 3742
f 3797 3869 3742
f 3568 3955 3863
f 3763 3798 3986
f 3918 3871 3812
f 3813 3834 3776
f 3888 3799 3889
f 3816 3824 3910
f 3802 3860 3824
f 3787 3825 3844
f 3817 3803 3967
f 3803 3727 3967
f 3826 3967 3727
f 3769 3827 3905
f 3827 3851 3905
f 3851 3827 3788
f 3788 3875 3851
f 3852 3912 3829
f 3879 3866 3898
f 3807 3789 3867
f 3868 3857 3820
f 3820 3784 3868
f 3901 3842 3692
f 3833 3901 3692
f 3823 3892 3815
f 3823 3816 3909
f 3849 3844 3825
f 3873 3817 3989
f 3893 3922 3826
f 3826 3845 3893
f 3695 3746 3968
f 3942 3864 3804
f 3805 3942 3804
f 3804 3780 3805
f 3908 3878 3749
f 3749 3879 3908
f 3739 3840 3839
f 3914 3945 3773
f 3832 3953 3797
f 3726 3762 3955
f 3870 3798 3812
f 3812 3871 3870
f 3835 3848 3872
f 3889 3822 3931
f 3814 3931 3822
f 3903 3823 3909
f 3910 3909 3816
f 3849 3860 3844
f 3845 3756 3904
f 3850 3904 3756
f 3876 3828 3795
f 3795 3777 3876
f 3968 3777 3695
f 3818 3778 3958
f 3924 3970 3838
f 3781 3806 3853
f 3853 3865 3896
f 3882 3854 3819
f 3847 3772 3951
f 3831 3858 3790
f 3887 4037 3719
f 3719 3821 3887
f 3997 3955 3762
f 3870 3986 3798
f 3967 3826 3922
f 3850 3768 3874
f 3876 3875 3828
f 3846 3854 3913
f 3783 3883 3772
f 3840 3880 3839
f 3945 3885 3809
f 3858 3868 3784
f 3859 3719 4037
f 3810 3811 3843
f 3762 3763 3997
f 3986 3997 3763
f 3933 3920 3891
f 3892 3823 3903
f 3860 3910 3824
f 3845 3904 3893
f 3905 3768 3769
f 3818 3958 3747
f 3838 3781 3924
f 3853 3924 3781
f 3854 3882 3943
f 3883 3951 3772
f 3926 3866 3856
f 3867 3789 3899
f 3880 3840 3927
f 3858 3831 3886
f 3831 3900 3886
f 3869 3900 3791
f 3775 3842 3985
f 3872 3813 3835
f 3932 3786 3919
f 3873 3921 3849
f 3989 3817 3966
f 3907 3876 3777
f 3746 3881 3968
f 3912 3837 3829
f 3861 3796 3897
f 3796 3846 3897
f 3913 3897 3846
f 3882 3855 3936
f 3855 3847 3944
f 3884 4043 3789
f 3928 3914 3841
f 3841 3830 3928
f 4007 3928 3830
f 3960 3886 3900
f 3821 3862 3961
f 3842 3901 3985
f 3833 3810 3954
f 3863 3955 3939
f 3870 3871 3917
f 3872 3834 3813
f 3963 3872 3848
f 3888 3963 3848
f 3910 3860 3911
f 3941 3911 3860
f 3935 3905 3851
f 3837 3958 3778
f 3943 3913 3854
f 3936 3855 3944
f 3925 3883 3783
f 3783 3878 3925
f 3908 3925 3878
f 3885 3927 3808
f 3915 4007 3857
f 3937 3900 3869
f 3887 3821 3961
f 3871 3918 3902
f 3931 3814 3948
f 3860 3849 3941
f 3921 3941 3849
f 3921 3873 3989
f 3905 3874 3768
f 3896 3924 3853
f 3897 3865 3861
f 3879 3898 3908
f 3926 3856 3978
f 3856 3867 3978
f 3899 3978 3867
f 4043 3899 3789
f 3839 3880 4006
f 3901 3833 3954
f 3902 3917 3871
f 3872 3956 3834
f 3904 3850 3975
f 3850 3874 3975
f 3875 3935 3851
f 3907 3923 3876
f 3968 3907 3777
f 4012 3881 3747
f 3837 3912 4021
f 3896 3865 3977
f 3944 3847 4031
f 3951 4031 3847
f 3952 3915 3857
f 3857 3868 3952
f 3858 3886 3916
f 3938 3937 3869
f 3929 3961 3862
f 3785 3929 3862
f 3810 3843 3930
f 3956 3918 3834
f 3963 3888 3957
f 3889 3957 3888
f 3814 3836 3948
f 3891 3755 3933
f 3940 3933 3755
f 3755 3892 3940
f 3903 3965 3892
f 3817 3967 3966
f 3935 3875 3906
f 3881 4012 3969
f 3747 3958 4012
f 3852 3894 4093
f 3895 4093 3894
f 3936 3943 3882
f 4043 4042 3899
f 4014 3884 3839
f 3945 3914 3983
f 3937 3960 3900
f 3797 3938 3869
f 3953 3938 3797
f 3947 3953 3832
f 3947 3859 4037
f 3980 3929 3785
f 3785 3775 3980
f 3985 3980 3775
f 3954 3810 3930
f 4008 3986 3870
f 3956 3902 3918
f 3965 3903 3972
f 3949 3972 3903
f 3909 3949 3903
f 3969 3968 3881
f 3959 3970 3993
f 3865 3897 3977
f 3866 3926 3898
f 3880 3927 3996
f 4037 3979 3947
f 4055 3870 3917
f 3964 3889 3931
f 3940 3892 4009
f 3965 4009 3892
f 3910 3949 3909
f 3910 3911 3973
f 3934 3973 3911
f 3874 3905 4011
f 3905 3935 4011
f 4004 4021 3912
f 3982 4004 3912
f 3852 3982 3912
f 3959 3942 3805
f 3976 3924 3896
f 4042 3978 3899
f 4014 4043 3884
f 3932 3948 3836
f 3987 3919 3786
f 3786 3890 3987
f 4009 3933 3940
f 3910 3973 3949
f 3893 3904 3974
f 3975 3974 3904
f 4030 3994 3943
f 3914 3928 4033
f 3868 3858 3984
f 3916 3984 3858
f 3890 4000 3987
f 4000 3920 4114
f 3975 3874 3950
f 4011 3950 3874
f 4027 3864 3942
f 3976 3896 3977
f 3897 3913 4029
f 3943 3994 3913
f 3883 3925 3995
f 4044 3952 3868
f 3868 3984 4044
f 3886 3960 3916
f 3938 3953 3946
f 3843 3863 3930
f 3963 3971 3872
f 3932 3919 3999
f 3919 3987 3999
f 3933 4114 3920
f 3934 3941 3988
f 3941 4010 3988
f 4010 3941 3921
f 4057 3989 3966
f 3958 3837 3992
f 4021 3992 3837
f 3942 3959 4027
f 3936 4030 3943
f 4006 4014 3839
f 3996 4006 3880
f 3983 3885 3945
f 3946 3953 4025
f 3953 3947 4015
f 3979 4015 3947
f 3962 3954 3930
f 4113 4008 3870
f 3870 4055 4113
f 3902 3956 4017
f 3971 3956 3872
f 3964 3957 3889
f 3998 3964 3931
f 3931 3948 3998
f 3967 3922 4018
f 4005 3993 3970
f 4033 3983 3914
f 3971 3963 4026
f 3963 3957 4026
f 4114 3933 4064
f 4001 3973 3934
f 3934 3988 4001
f 3935 3906 4067
f 3923 3907 4003
f 3968 3969 3991
f 4020 4012 3958
f 3877 3864 4155
f 3977 3897 4029
f 3913 3994 4029
f 4013 3995 3925
f 3928 4007 4024
f 4015 4025 3953
f 3979 4037 4016
f 3961 3929 4075
f 3954 3985 3901
f 3998 4099 3964
f 4071 3966 3967
f 3967 4018 4071
f 4002 3922 3893
f 3893 3974 4002
f 3990 3974 3975
f 3981 3991 3969
f 3969 4012 3981
f 4093 3982 3852
f 3970 3924 4005
f 3924 3976 4005
f 4059 4022 3977
f 4030 3936 4023
f 3944 4023 3936
f 3883 4178 3951
f 3995 4060 3883
f 3983 3927 3885
f 4024 4033 3928
f 4134 4044 3984
f 3960 4045 3916
f 3960 3937 4070
f 4037 3887 4053
f 3961 4053 3887
f 4017 3917 3902
f 4062 3998 3948
f 4056 4064 3933
f 3933 4009 4056
f 4010 3921 4066
f 3922 4002 4018
f 4020 3958 3992
f 3993 4027 3959
f 3976 3977 4022
f 3944 4031 4023
f 4178 4031 3951
f 3925 3908 4013
f 4107 3996 3927
f 4034 4024 4007
f 4035 4007 3915
f 3937 3938 4109
f 3961 4075 4053
f 4038 3929 3980
f 3980 3985 4038
f 4039 4026 3957
f 3948 3932 4062
f 3999 4062 3932
f 3949 3973 4065
f 3921 3989 4032
f 4002 3974 3990
f 4011 3935 4067
f 4003 3907 4041
f 4041 3907 3968
f 3968 3991 4041
f 4027 3993 4028
f 4029 4059 3977
f 4006 3996 4085
f 4036 3915 3952
f 3984 3916 4134
f 3946 4109 3938
f 3997 3986 4008
f 3964 4039 3957
f 3972 3949 4079
f 3949 4065 4079
f 4032 4066 3921
f 3950 4011 4139
f 4093 3895 4083
f 3877 4083 3895
f 4084 4029 3994
f 3996 4107 4141
f 4046 3960 4070
f 4047 3985 3954
f 3954 3962 4047
f 4054 3962 3930
f 3930 3863 4097
f 3939 4097 3863
f 3939 3955 4098
f 3998 4062 4078
f 4009 3965 4103
f 3965 3972 4103
f 4079 4103 3972
f 4001 3988 4080
f 4072 3990 3975
f 3975 3950 4072
f 3981 4012 4154
f 4083 3877 4130
f 4155 4130 3877
f 3976 4022 4005
f 4118 4005 4022
f 4084 3994 4105
f 4007 4035 4034
f 4044 4036 3952
f 4016 4015 3979
f 4097 4054 3930
f 4048 4098 3955
f 3955 3997 4048
f 4008 4113 4112
f 4017 4055 3917
f 4017 3956 3971
f 4078 4099 3998
f 3987 4000 4101
f 4040 4056 4009
f 4155 3864 4131
f 4027 4131 3864
f 3995 4013 4051
f 4014 4006 4106
f 4086 3927 3983
f 3937 4109 4070
f 4038 4120 3929
f 4096 4047 3962
f 4111 4048 3997
f 4008 4111 3997
f 4063 4101 4000
f 4114 4063 4000
f 4057 4032 3989
f 4071 4057 3966
f 4041 4058 4003
f 4030 4105 3994
f 4051 4060 3995
f 4013 3908 4074
f 3996 4141 4085
f 3927 4086 4107
f 3915 4036 4035
f 4046 4045 3960
f 4075 3929 4120
f 4098 4097 3939
f 4124 4040 4009
f 4103 4124 4009
f 4019 4139 4011
f 4067 4003 4068
f 4049 4041 3991
f 3981 4049 3991
f 4027 4028 4131
f 4145 4028 3993
f 3993 4005 4145
f 4059 4118 4022
f 4023 4031 4133
f 4178 4133 4031
f 3926 3978 4069
f 3978 4042 4069
f 4106 4043 4014
f 4033 4024 4061
f 3985 4047 4038
f 4026 4039 4077
f 4089 3988 4010
f 4010 4066 4089
f 4071 4018 4189
f 4138 4189 4018
f 4067 4019 4011
f 4058 4068 4003
f 4050 4145 4005
f 4005 4157 4050
f 4118 4157 4005
f 4105 4030 4073
f 4074 3908 3898
f 3898 3926 4074
f 4069 4074 3926
f 3983 4033 4061
f 3946 4025 4109
f 4109 4025 4052
f 4025 4015 4052
f 3962 4054 4214
f 4122 4054 4097
f 3971 4026 4077
f 4101 3999 3987
f 4080 3973 4001
f 3988 4089 4115
f 4002 4072 4081
f 4072 3950 4165
f 4139 4165 3950
f 4049 4058 4041
f 4012 4020 4129
f 4116 3992 4021
f 4021 4004 4116
f 3982 4117 4004
f 4118 4059 4168
f 4084 4059 4029
f 4030 4023 4073
f 4042 4043 4269
f 4061 4086 3983
f 4034 4061 4024
f 4015 4016 4095
f 4175 4113 4055
f 4077 4017 3971
f 4078 4062 4100
f 4080 3988 4115
f 4091 4066 4032
f 4032 4057 4091
f 4018 4002 4126
f 4081 4126 4002
f 4067 4184 4019
f 4020 3992 4167
f 4093 4092 3982
f 4084 4105 4190
f 4060 4178 3883
f 4094 4134 3916
f 4110 4015 4095
f 4053 4095 4016
f 4016 4037 4053
f 4038 4047 4076
f 4071 4091 4057
f 4152 4081 4072
f 4058 4049 4082
f 4129 4154 4012
f 4070 4142 4046
f 4214 4096 3962
f 4112 4111 4008
f 4055 4017 4175
f 4087 4077 4039
f 4039 3964 4088
f 4099 4088 3964
f 4101 4163 3999
f 4149 4114 4064
f 4064 4056 4149
f 4102 4056 4040
f 4079 4065 4104
f 4065 3973 4104
f 4080 4104 3973
f 4126 4138 4018
f 4082 4049 4128
f 4049 3981 4128
f 4268 4116 4004
f 4117 4268 4004
f 4028 4145 4131
f 4179 4269 4043
f 4141 4180 4085
f 4044 4134 4036
f 4108 4142 4070
f 4109 4108 4070
f 4076 4120 4038
f 4121 4076 4047
f 4047 4096 4121
f 4222 4214 4054
f 4098 4048 4136
f 4111 4136 4048
f 4039 4088 4087
f 4091 4071 4125
f 4152 4072 4165
f 4058 4082 4204
f 3981 4154 4153
f 4117 3982 4092
f 4051 4160 4060
f 4074 4051 4013
f 4069 4042 4140
f 4106 4179 4043
f 4006 4085 4209
f 4061 4034 4210
f 4222 4054 4122
f 4100 4187 4078
f 4100 4062 3999
f 4102 4123 4056
f 4164 4104 4080
f 4090 4089 4066
f 4189 4125 4071
f 4128 3981 4153
f 4059 4084 4132
f 4190 4132 4084
f 4178 4060 4185
f 4185 4060 4160
f 4119 4074 4069
f 4269 4140 4042
f 4209 4106 4006
f 4180 4209 4085
f 4094 4045 4171
f 4045 4046 4171
f 4142 4171 4046
f 4052 4015 4110
f 4124 4181 4040
f 4066 4091 4090
f 4196 4115 4089
f 4089 4090 4196
f 4146 4090 4091
f 4068 4058 4127
f 4204 4127 4058
f 4050 4157 4148
f 4132 4168 4059
f 4113 4175 4174
f 4017 4077 4223
f 4143 4223 4077
f 4187 4099 4078
f 4063 4226 4101
f 4123 4149 4056
f 4124 4103 4137
f 4103 4079 4150
f 4091 4125 4146
f 4152 4126 4081
f 4167 4129 4020
f 3992 4116 4167
f 4159 4190 4105
f 4105 4073 4159
f 4133 4073 4023
f 4051 4074 4119
f 4141 4107 4169
f 4053 4075 4135
f 4120 4135 4075
f 4193 4121 4096
f 4096 4214 4193
f 4111 4112 4215
f 4194 4215 4112
f 4112 4113 4194
f 4174 4194 4113
f 4188 4100 3999
f 4163 4188 3999
f 4149 4063 4114
f 4115 4164 4080
f 4189 4151 4125
f 4184 4067 4250
f 4147 4250 4067
f 4127 4147 4068
f 4116 4268 4198
f 4092 4310 4117
f 4177 4157 4118
f 4168 4177 4118
f 4170 4278 4134
f 4094 4170 4134
f 4095 4053 4201
f 4097 4098 4173
f 4136 4173 4098
f 4175 4017 4195
f 4087 4143 4077
f 4088 4099 4144
f 4187 4144 4099
f 4226 4163 4101
f 4150 4079 4104
f 4146 4125 4151
f 4082 4128 4166
f 4198 4167 4116
f 4093 4083 4233
f 4234 4233 4083
f 4083 4130 4234
f 4155 4234 4130
f 4119 4160 4051
f 4119 4069 4140
f 4162 4179 4106
f 4171 4170 4094
f 4240 4076 4121
f 4122 4097 4279
f 4173 4279 4097
f 4136 4111 4215
f 4181 4102 4040
f 4150 4137 4103
f 4189 4138 4249
f 4166 4128 4197
f 4233 4092 4093
f 4155 4131 4156
f 4131 4145 4156
f 4205 4156 4145
f 4141 4169 4270
f 4107 4086 4169
f 4108 4109 4261
f 4135 4201 4053
f 4192 4135 4120
f 4120 4076 4192
f 4195 4017 4223
f 4090 4146 4264
f 4139 4203 4165
f 4139 4019 4329
f 4184 4329 4019
f 4153 4197 4128
f 4145 4050 4148
f 4157 4177 4199
f 4132 4190 4158
f 4185 4160 4208
f 4161 4160 4119
f 4106 4209 4162
f 4270 4180 4141
f 4278 4036 4134
f 4171 4142 4172
f 4212 4172 4142
f 4142 4108 4212
f 4191 4052 4110
f 4095 4191 4110
f 4095 4201 4186
f 4264 4196 4090
f 4183 4264 4146
f 4152 4266 4126
f 4152 4165 4230
f 4168 4132 4207
f 4159 4236 4190
f 4159 4073 4244
f 4133 4244 4073
f 4219 4119 4140
f 4140 4269 4219
f 4052 4261 4109
f 4076 4240 4192
f 4173 4136 4263
f 4137 4150 4182
f 4126 4266 4217
f 4230 4266 4152
f 4197 4153 4176
f 4153 4154 4176
f 4154 4129 4176
f 4148 4205 4145
f 4148 4157 4199
f 4207 4206 4168
f 4158 4207 4132
f 4180 4270 4260
f 4175 4195 4273
f 4217 4138 4126
f 4165 4203 4230
f 4166 4289 4082
f 4197 4276 4166
f 4092 4233 4232
f 4206 4177 4168
f 4244 4236 4159
f 4180 4260 4209
f 4220 4086 4061
f 4061 4210 4220
f 4300 4210 4034
f 4300 4034 4035
f 4172 4212 4200
f 4221 4240 4121
f 4193 4221 4121
f 4174 4175 4313
f 4273 4313 4175
f 4241 4143 4087
f 4246 4241 4087
f 4087 4088 4246
f 4224 4246 4088
f 4088 4144 4224
f 4137 4182 4247
f 4217 4249 4138
f 4329 4203 4139
f 4289 4166 4276
f 4304 4234 4155
f 4155 4156 4304
f 4185 4208 4341
f 4238 4208 4160
f 4160 4161 4238
f 4219 4161 4119
f 4035 4036 4211
f 4172 4239 4171
f 4261 4212 4108
f 4252 4052 4191
f 4149 4216 4063
f 4149 4123 4227
f 4287 4254 4102
f 4102 4181 4287
f 4124 4137 4255
f 4247 4255 4137
f 4164 4115 4288
f 4151 4183 4146
f 4127 4243 4147
f 4258 4176 4129
f 4129 4167 4258
f 4199 4177 4206
f 4133 4178 4237
f 4291 4169 4086
f 4220 4291 4086
f 4251 4170 4171
f 4171 4239 4251
f 4172 4200 4239
f 4201 4213 4186
f 4313 4194 4174
f 4144 4187 4225
f 4307 4225 4187
f 4187 4100 4307
f 4163 4202 4188
f 4216 4226 4063
f 4115 4196 4288
f 4151 4189 4249
f 4167 4198 4231
f 4205 4148 4297
f 4158 4190 4218
f 4178 4185 4341
f 4211 4300 4035
f 4214 4222 4352
f 4194 4313 4365
f 4273 4195 4325
f 4223 4325 4195
f 4242 4307 4100
f 4188 4242 4100
f 4216 4149 4227
f 4254 4123 4102
f 4255 4287 4181
f 4181 4124 4255
f 4288 4196 4248
f 4264 4248 4196
f 4329 4184 9675
f 4250 9675 4184
f 4204 4082 4267
f 4289 4267 4082
f 4231 4258 4167
f 4234 4304 4339
f 4218 4190 4235
f 4269 4179 4281
f 4179 4162 4281
f 4282 4162 4209
f 4210 4300 4292
f 4200 4212 4284
f 4186 4191 4095
f 4275 4254 4287
f 4104 4164 4228
f 4183 4151 4256
f 4229 4265 4151
f 4151 4249 4229
f 4199 4297 4148
f 4236 4235 4190
f 4292 4220 4210
f 4284 4239 4200
f 4261 4052 4252
f 4262 4135 4192
f 4192 4240 4262
f 4352 4193 4214
f 4272 4222 4122
f 4279 4272 4122
f 4365 4215 4194
f 4223 4143 4245
f 4202 4242 4188
f 4226 4216 4274
f 4247 4182 4295
f 4104 4182 4150
f 4219 4269 4311
f 4320 4311 4269
f 4209 4260 4282
f 4278 4211 4036
f 4186 4213 4323
f 4135 4213 4201
f 4313 4273 4302
f 4254 4227 4123
f 4264 4183 4296
f 4256 4151 4265
f 4276 4197 4257
f 4310 4092 4232
f 4156 4205 4304
f 4297 4304 4205
f 4299 4206 4207
f 4207 4218 4299
f 4244 4340 4236
f 4343 4270 4169
f 4278 4170 4318
f 4284 4251 4239
f 4284 4212 4261
f 4285 4262 4240
f 4301 4240 4221
f 4263 4136 4253
f 4136 4215 4253
f 4215 4365 4253
f 4241 4245 4143
f 4144 4225 4286
f 4289 4276 4379
f 4233 4234 4319
f 4298 4297 4199
f 4259 4199 4206
f 4235 4236 4305
f 4300 4211 4271
f 4170 4251 9589
f 4191 4186 4322
f 4186 4323 4322
f 4280 4229 4249
f 4280 4249 4217
f 4395 4204 4267
f 4303 4231 4198
f 4244 4133 4237
f 4237 4178 4341
f 4283 4291 4220
f 4170 9589 4318
f 4279 4173 4372
f 4263 4372 4173
f 4241 4246 4373
f 4163 4226 4274
f 4228 4164 4361
f 4164 4288 4361
f 4296 4183 4256
f 4127 4204 4395
f 4339 4319 4234
f 4304 4297 4290
f 4299 4218 4277
f 4218 4235 4277
f 4270 4343 4348
f 4349 4169 4291
f 4252 4334 4261
f 4322 4252 4191
f 4301 4285 4240
f 4307 4374 4225
f 4228 4182 4104
f 4288 4248 4308
f 4248 4264 4296
f 4309 4217 4266
f 4230 4309 4266
f 4232 4233 4319
f 4199 4259 4298
f 4206 4299 4259
f 4269 4281 4320
f 4312 4271 4211
f 4261 4321 4284
f 4213 4135 4345
f 4352 4222 4388
f 4272 4388 4222
f 4294 4325 4223
f 4223 4245 4294
f 4373 4245 4241
f 4202 4163 4274
f 4254 4275 4360
f 4182 4228 4314
f 4328 4280 4217
f 4243 4127 4362
f 4395 4362 4127
f 4231 4303 4338
f 4198 4268 4303
f 4346 4290 4297
f 4237 4340 4244
f 4278 4318 4350
f 4293 9589 4251
f 4251 4284 4293
f 4334 4321 4261
f 4193 4301 4221
f 4272 4279 4337
f 4372 4337 4279
f 4372 4263 4413
f 4373 4367 4245
f 4224 4144 4286
f 4360 4227 4254
f 4377 4256 4265
f 4329 9675 9674
f 4289 4330 4267
f 4268 4117 4331
f 4317 4298 4259
f 4347 4238 4161
f 4282 4281 4162
f 4260 4270 4358
f 4349 4343 4169
f 4410 4349 4291
f 4193 4352 4336
f 4413 4263 4393
f 4253 4393 4263
f 4313 4302 4366
f 4225 4374 4394
f 4202 4432 4242
f 4361 4375 4228
f 4288 4308 4361
f 4217 4309 9579
f 4330 4289 4396
f 4379 4396 4289
f 4338 4176 4258
f 4258 4231 4338
f 4277 4235 4305
f 4342 4347 4311
f 4392 4320 4281
f 4282 4260 4358
f 4348 4358 4270
f 4291 4283 4410
f 4306 4283 4220
f 4220 4292 4306
f 4292 4300 4384
f 4211 4278 4312
f 4387 4252 4322
f 4274 4216 4326
f 4216 4227 4457
f 4360 4275 4390
f 4247 4295 4391
f 4308 4248 4376
f 4296 4376 4248
f 4280 4328 4327
f 4362 9676 4243
f 4330 4395 4267
f 4257 4379 4276
f 4331 4303 4268
f 4117 4310 4331
f 4297 4298 4346
f 4208 4238 4357
f 4281 4282 4490
f 4292 4384 4306
f 4271 4384 4300
f 4278 4350 4312
f 4412 4318 9589
f 4262 4285 4403
f 4285 4301 4364
f 4367 4294 4245
f 4286 4225 4394
f 4287 4255 4370
f 4399 4370 4255
f 4247 4399 4255
f 4295 4182 4434
f 4314 4434 4182
f 4228 4375 4315
f 4265 4229 4377
f 4280 4327 9599
f 9579 4328 4217
f 4230 4203 4316
f 4379 4257 4371
f 4423 4310 4232
f 4299 4277 4332
f 4305 4332 4277
f 4305 4236 4340
f 4490 4392 4281
f 4252 4335 4334
f 4135 4262 4345
f 4262 4403 4345
f 4246 4224 4389
f 4286 4389 4224
f 4242 4374 4307
f 4457 4326 4216
f 4314 4228 4315
f 4256 4377 4353
f 4316 9579 4309
f 4309 4230 4316
f 4423 4331 4310
f 4487 4423 4232
f 4320 4342 4311
f 4283 4306 4333
f 4318 4412 4350
f 4364 4193 4336
f 4227 4360 4457
f 4449 4275 4287
f 4370 4449 4287
f 4316 4203 4440
f 4329 4440 4203
f 4197 4371 4257
f 4303 4331 4354
f 4339 4304 4290
f 4298 4317 4346
f 4417 4317 4259
f 4259 4299 4417
f 4332 4417 4299
f 4344 9589 4293
f 4387 4335 4252
f 4324 4403 4285
f 4365 4393 4253
f 4367 4373 4368
f 4389 4373 4246
f 4399 4247 4391
f 9674 4440 4329
f 4354 4338 4303
f 4319 4339 4380
f 4332 4305 4402
f 4305 4340 4363
f 4381 4340 4237
f 4341 4208 4357
f 4333 4410 4283
f 4412 9589 4344
f 4321 4334 4386
f 4213 4398 4323
f 4364 4324 4285
f 4193 4364 4301
f 4366 4365 4313
f 4394 4369 4286
f 4456 4202 4274
f 4274 4326 4456
f 4353 4376 4296
f 4296 4256 4353
f 4328 9579 4438
f 4422 4354 4331
f 4319 4442 4232
f 4346 4401 4290
f 4417 4332 4356
f 4332 4402 4356
f 4446 4282 4358
f 4271 4312 4418
f 4336 4352 4430
f 4272 4337 4388
f 4373 4389 4431
f 4361 4308 4376
f 4438 4327 4328
f 4354 4400 4338
f 4232 4442 4487
f 4339 4290 4380
f 4346 4317 4397
f 4363 4402 4305
f 4381 4363 4340
f 4426 4357 4238
f 4238 4347 4426
f 4387 4322 4351
f 4322 4323 4398
f 4398 4213 4345
f 4325 4294 4273
f 4353 4377 4436
f 4378 4438 9579
f 4440 9674 9677
f 4396 4450 4330
f 4371 4197 4407
f 4197 4176 4407
f 4355 4422 4331
f 4401 4380 4290
f 4346 4397 4401
f 4317 4409 4397
f 4341 4382 4237
f 4347 4342 4426
f 4335 4386 4334
f 4352 4388 4359
f 4388 4337 4469
f 4432 4374 4242
f 4176 4338 4407
f 4381 4237 4382
f 4343 4349 4383
f 4271 4418 4384
f 4350 4418 4312
f 4398 4351 4322
f 4413 4393 4404
f 4458 4457 4360
f 4360 4390 4458
f 4391 4295 4434
f 4375 4361 4421
f 4436 4377 4405
f 9676 4362 4406
f 4441 4416 4379
f 4371 4441 4379
f 4331 4423 4355
f 4317 4417 4409
f 4392 4342 4320
f 4349 4410 4383
f 4385 4412 4344
f 4398 4345 4479
f 4368 4420 4367
f 4390 4275 4433
f 4338 4400 4407
f 4442 4319 4451
f 4408 4451 4319
f 4381 4425 4363
f 4382 4489 4381
f 4357 4426 4499
f 4348 4343 4383
f 4352 4359 4430
f 4448 4393 4365
f 4376 4353 4435
f 4377 9563 4405
f 9599 4327 9563
f 4395 4406 4362
f 4396 4379 4462
f 4416 4462 4379
f 4380 4408 4319
f 4401 4424 4380
f 4489 4425 4381
f 4341 4357 4382
f 4499 4382 4357
f 4383 4358 4348
f 4350 4412 4478
f 4386 4335 4428
f 4345 4403 4429
f 4359 4388 4469
f 4365 4366 4448
f 4503 4420 4368
f 4431 4389 4505
f 4286 4505 4389
f 4361 4376 4435
f 4438 4378 4460
f 4406 4395 4483
f 4483 4395 4330
f 4450 4483 4330
f 4408 4380 4463
f 4424 4463 4380
f 4401 4397 4443
f 4363 4445 4402
f 4475 4342 4392
f 4350 4478 4418
f 4345 4429 4479
f 4364 4336 4419
f 4431 4368 4373
f 4369 4505 4286
f 4374 4522 4394
f 4436 4435 4353
f 4327 4438 9563
f 4378 4316 4460
f 4316 4440 4439
f 4450 4396 4462
f 4397 4409 4443
f 4444 4417 4356
f 4356 4402 4444
f 4446 4490 4282
f 4411 4410 4333
f 4333 4306 4411
f 4447 4411 4306
f 4306 4384 4447
f 4335 4387 4466
f 4324 4468 4403
f 4364 4468 4324
f 4337 4372 4470
f 4520 4470 4372
f 4372 4413 4520
f 4453 4302 4273
f 4431 4503 4368
f 4369 4394 4522
f 4432 4202 4414
f 4456 4414 4202
f 4415 4433 4275
f 4275 4449 4415
f 4434 4314 4496
f 4315 4496 4314
f 4375 4421 4315
f 4435 4421 4361
f 4439 4460 4316
f 4409 4417 4488
f 4392 4490 4475
f 4428 4427 4386
f 4466 4387 4351
f 4351 4398 4452
f 4336 4430 4419
f 4469 4337 4470
f 4393 4448 4404
f 4273 4294 4453
f 4505 4454 4431
f 4523 4458 4390
f 4390 4433 4523
f 4400 4354 4422
f 4443 4424 4401
f 4564 4445 4363
f 4425 4564 4363
f 4411 4383 4410
f 4501 4478 4412
f 4412 4385 4501
f 4480 4468 4364
f 4364 4419 4480
f 4404 4520 4413
f 4522 4374 4506
f 4432 4506 4374
f 4436 4405 4437
f 9563 4438 4459
f 4423 4514 4355
f 4444 4402 4445
f 4490 4446 4540
f 4491 4446 4358
f 4491 4358 4383
f 4411 4464 4383
f 4428 4335 4466
f 4403 4468 4467
f 4419 4430 4519
f 4521 4453 4294
f 4522 4481 4369
f 4414 4455 4432
f 4545 4421 4435
f 4459 4437 4405
f 4498 4440 9596
f 4371 4407 4484
f 4400 4484 4407
f 4514 4422 4355
f 4516 4408 4463
f 4409 4488 4443
f 4426 4342 4475
f 4464 4491 4383
f 4466 4465 4428
f 4466 4351 4452
f 4467 4502 4429
f 4429 4403 4467
f 4505 4369 4481
f 4455 4506 4432
f 4613 4523 4433
f 4433 4415 4613
f 4391 4434 4507
f 4496 4507 4434
f 4460 4439 4510
f 4498 4510 4439
f 4439 4440 4498
f 4485 4484 4400
f 4400 4422 4485
f 4486 4485 4422
f 4487 4442 4515
f 4442 4451 4515
f 4451 4408 4516
f 4424 4443 4527
f 4417 4444 4488
f 4382 4499 4473
f 4474 4499 4426
f 4478 4492 4418
f 4494 4501 4385
f 4427 4428 4465
f 4404 4471 4520
f 4495 4448 4366
f 4366 4302 4495
f 4583 4415 4449
f 4370 4399 4534
f 4399 4391 4534
f 4545 4315 4421
f 4497 4546 4436
f 4436 4437 4497
f 4459 4438 4524
f 4483 4461 4406
f 4441 4371 4484
f 4514 4486 4422
f 4423 4487 4514
f 4411 4447 4476
f 4447 4384 4477
f 4479 4530 4398
f 4502 4479 4429
f 4560 4480 4419
f 4419 4519 4560
f 4552 4519 4430
f 4430 4359 4552
f 4532 4302 4453
f 4458 4523 4553
f 4507 4534 4391
f 4545 4482 4315
f 4524 4508 4459
f 4438 4460 4524
f 4510 4509 4460
f 4472 4416 4441
f 4484 4472 4441
f 4463 4424 4527
f 4547 4527 4443
f 4489 4382 4473
f 4475 4474 4426
f 4446 4491 4540
f 4500 4477 4384
f 4384 4418 4500
f 4418 4492 4500
f 4478 4501 4493
f 4465 4494 4427
f 4465 4466 4542
f 4466 4452 4530
f 4359 4469 4552
f 4453 4521 4573
f 4521 4294 4367
f 4367 4420 4521
f 4533 4521 4420
f 4503 4533 4420
f 4454 4503 4431
f 4457 4600 4326
f 4437 4459 4535
f 4508 4535 4459
f 4509 4524 4460
f 4483 4450 4512
f 4462 4512 4450
f 4462 4416 4472
f 4514 4487 4526
f 4443 4488 4538
f 4539 4488 4444
f 4445 4539 4444
f 4564 4557 4445
f 4540 4475 4490
f 4411 4518 4464
f 4476 4518 4411
f 4477 4476 4447
f 4492 4478 4493
f 4398 4530 4452
f 4530 4479 4502
f 4467 4468 4550
f 4532 4495 4302
f 4454 4504 4503
f 4544 4454 4505
f 4414 4456 4599
f 4456 4326 4600
f 4600 4457 4553
f 4457 4458 4553
f 4546 4545 4435
f 4435 4436 4546
f 4498 4461 4511
f 4483 4511 4461
f 4472 4512 4462
f 4472 4484 4513
f 4537 4513 4484
f 4484 4485 4537
f 4485 4486 4537
f 4487 4515 4526
f 4516 4515 4451
f 4547 4443 4538
f 4557 4539 4445
f 4473 4565 4489
f 4474 4528 4499
f 4475 4540 4568
f 4464 4518 4491
f 4466 4530 4542
f 4467 4550 4502
f 4532 4453 4573
f 4544 4504 4454
f 4510 4498 4525
f 4486 4514 4555
f 4488 4539 4538
f 4517 4540 4491
f 4518 4517 4491
f 4500 4492 4529
f 4493 4529 4492
f 4559 4493 4501
f 4494 4559 4501
f 4581 4469 4470
f 4470 4520 4581
f 4520 4471 4531
f 4448 4495 4610
f 4533 4503 4504
f 4505 4481 4544
f 4481 4522 4544
f 4415 4583 4613
f 4615 4315 4482
f 4509 4510 4536
f 4525 4536 4510
f 4498 4511 4525
f 4512 4511 4483
f 4512 4472 4513
f 4555 4537 4486
f 4558 4564 4425
f 4425 4489 4565
f 4499 4566 4473
f 4474 4475 4568
f 4494 4465 4569
f 4520 4531 4581
f 4506 4544 4522
f 4370 4534 4597
f 4507 4496 4601
f 4546 4598 4545
f 4437 4535 4497
f 4617 4508 4524
f 4554 4525 4511
f 4512 4554 4511
f 4514 4526 4555
f 4526 4515 4586
f 4516 4586 4515
f 4565 4558 4425
f 4528 4566 4499
f 4517 4576 4540
f 4518 4476 4549
f 4477 4656 4476
f 4477 4500 4577
f 4529 4577 4500
f 4569 4559 4494
f 4465 4542 4541
f 4530 4502 4571
f 4404 4448 4610
f 4543 4533 4504
f 4456 4600 4599
f 4597 4534 4584
f 4507 4584 4534
f 4601 4584 4507
f 4535 4508 4603
f 4524 4509 4644
f 4536 4644 4509
f 4586 4555 4526
f 4547 4538 4548
f 4538 4539 4563
f 4566 4565 4473
f 4568 4528 4474
f 4577 4656 4477
f 4529 4493 4578
f 4541 4569 4465
f 4570 4541 4542
f 4542 4530 4570
f 4530 4571 4570
f 4579 4502 4550
f 4550 4468 4551
f 4468 4480 4551
f 4560 4551 4480
f 4561 4552 4469
f 4469 4581 4561
f 4574 4533 4543
f 4543 4544 4562
f 4506 4562 4544
f 4449 4370 4597
f 4496 4315 4615
f 4598 4482 4545
f 4535 4603 4497
f 4617 4603 4508
f 4524 4644 4617
f 4537 4627 4513
f 4587 4516 4463
f 4556 4587 4463
f 4527 4556 4463
f 4527 4547 4556
f 4548 4556 4547
f 4628 4548 4538
f 4557 4563 4539
f 4568 4540 4576
f 4549 4622 4518
f 4578 4577 4529
f 4559 4578 4493
f 4560 4519 4572
f 4552 4572 4519
f 4404 4593 4471
f 4574 4521 4533
f 4562 4595 4543
f 4583 4449 4597
f 4602 4546 4497
f 4512 4513 4585
f 4604 4627 4537
f 4647 4604 4537
f 4537 4555 4647
f 4586 4516 4670
f 4670 4516 4587
f 4538 4563 4628
f 4557 4564 4589
f 4564 4558 4589
f 4517 4518 4621
f 4518 4622 4621
f 4656 4549 4476
f 4571 4502 4579
f 4591 4579 4550
f 4550 4551 4591
f 4572 4580 4560
f 4552 4561 4572
f 4593 4531 4471
f 4594 4573 4521
f 4521 4574 4594
f 4506 4582 4562
f 4599 4455 4414
f 4611 4553 4523
f 4615 4601 4496
f 4598 4615 4482
f 4602 4616 4546
f 4497 4603 4602
f 4536 4525 4618
f 4554 4625 4525
f 4627 4585 4513
f 4555 4586 4669
f 4556 4548 4575
f 4548 4628 4575
f 4589 4628 4563
f 4563 4557 4589
f 4605 4589 4558
f 4605 4558 4565
f 4565 4566 4606
f 4566 4528 4607
f 4567 4528 4568
f 4632 4567 4568
f 4568 4576 4632
f 4541 4608 4569
f 4580 4591 4551
f 4572 4561 4592
f 4561 4581 4592
f 4610 4593 4404
f 4543 4595 4574
f 4595 4562 4596
f 4613 4611 4523
f 4598 4546 4616
f 4618 4525 4625
f 4668 4646 4554
f 4554 4512 4668
f 4512 4585 4668
f 4587 4556 4588
f 4575 4588 4556
f 4606 4605 4565
f 4567 4607 4528
f 4576 4517 4649
f 4517 4621 4649
f 4559 4569 4608
f 4579 4591 4590
f 4531 4592 4581
f 9714 4596 4562
f 4562 4582 9714
f 4455 4582 4506
f 4647 4555 4669
f 4619 4669 4586
f 4586 4670 4619
f 4684 4628 4589
f 4605 4684 4589
f 4607 4606 4566
f 4567 4632 4631
f 4541 4570 4650
f 4570 4571 4657
f 4590 4571 4579
f 4652 4591 4580
f 4580 9598 4652
f 9715 9598 4592
f 4609 9715 4592
f 4592 4531 4609
f 4531 4593 4609
f 4636 4574 4595
f 4595 4596 4636
f 4614 4583 4597
f 4597 4584 4614
f 4615 4598 4677
f 4662 4603 4617
f 9714 4582 4455
f 4611 4613 4612
f 4584 4601 4643
f 4601 4615 4643
f 4616 4677 4598
f 4637 4616 4602
f 4602 4603 4637
f 4644 4536 4618
f 4625 4554 4646
f 4626 4668 4585
f 4585 4627 4626
f 4620 4588 4575
f 4575 4628 4620
f 4606 4684 4605
f 4606 4607 4629
f 4630 4629 4607
f 4607 4567 4630
f 4632 4576 4633
f 4648 4633 4576
f 4576 4649 4648
f 4622 4655 4621
f 4671 4656 4577
f 4577 4578 4671
f 4591 4651 4590
f 4609 4593 4623
f 4593 4610 4623
f 4624 4623 4610
f 4610 4495 4624
f 4495 4532 4624
f 4573 4624 4532
f 4638 4639 4680
f 9714 4455 9712
f 4641 9712 4455
f 4455 4599 4641
f 4600 4553 4660
f 4553 4611 4660
f 4611 4612 4660
f 4583 4614 9587
f 4677 4643 4615
f 4617 4644 4662
f 4588 4620 4683
f 4629 4721 4606
f 4578 4559 4685
f 4650 4608 4541
f 4650 4570 4657
f 4590 4657 4571
f 4698 4652 9598
f 4634 4698 9598
f 9598 9715 4634
f 4653 4634 9715
f 4623 4624 9713
f 4624 4573 4635
f 4594 4635 4573
f 4618 4625 4788
f 4645 4788 4625
f 4625 4646 4645
f 4627 4604 4626
f 4647 4626 4604
f 4683 4620 4736
f 4684 4620 4628
f 4721 4684 4606
f 4567 4631 4654
f 4632 4633 4631
f 4655 4649 4621
f 4578 4685 4694
f 4559 4608 4685
f 4739 4685 4608
f 4695 4739 4608
f 4652 4651 4591
f 4641 4599 4659
f 4661 4660 4612
f 4612 9587 4661
f 9587 4614 4642
f 4643 4642 4614
f 4614 4584 4643
f 4677 4616 4726
f 4678 4639 4638
f 4663 4678 4638
f 4666 9993 4681
f 4678 4702 4639
f 4640 4680 4688
f 4599 4600 4659
f 4660 4659 4600
f 4637 4726 4616
f 4662 4637 4603
f 4662 4644 4667
f 4692 4667 4644
f 4644 4618 4692
f 4788 4692 4618
f 4668 4626 4682
f 4619 4670 4796
f 4630 4567 4654
f 4656 4693 4549
f 4671 4578 4694
f 4650 4695 4608
f 4657 4740 4650
f 4672 4634 4653
f 4667 4700 4662
f 4626 4647 4706
f 4720 4706 4647
f 4647 4669 4720
f 4633 4648 4790
f 4622 4549 4722
f 4693 4722 4549
f 4723 4693 4656
f 4671 4723 4656
f 4671 4694 4738
f 4740 4657 4708
f 4696 4651 4652
f 4652 4698 4697
f 4673 4672 4653
f 9721 4659 4742
f 4675 4742 4659
f 4659 4660 4675
f 4676 4675 4660
f 4660 4661 4676
f 4642 4676 4661
f 4637 4662 4700
f 4702 9697 4639
f 4691 4678 4663
f 4663 4664 4691
f 4728 4691 4664
f 4679 4664 4663
f 4705 9993 4666
f 4668 4682 4734
f 4706 4682 4626
f 4670 4587 4796
f 4620 4684 4737
f 4633 4790 4631
f 4649 4655 4707
f 4655 4622 4722
f 4740 4695 4650
f 4768 4708 4657
f 4590 4768 4657
f 4697 4696 4652
f 4672 4673 4710
f 4673 9718 4752
f 9718 4674 4752
f 4686 4752 4674
f 4711 4686 4674
f 4674 4658 4711
f 4785 4711 4658
f 4658 9721 4785
f 4712 4785 9721
f 9721 4742 4712
f 4742 4675 4687
f 4699 4687 4675
f 4675 4676 4699
f 4676 4642 4725
f 4643 4725 4642
f 4643 4677 4725
f 4677 4713 4787
f 4677 4726 4713
f 4700 4754 4637
f 4802 4728 4664
f 4679 4780 4664
f 4688 4703 4640
f 4729 4688 4680
f 4680 4704 4729
f 4665 4717 4681
f 4705 4778 9993
f 4645 4646 4733
f 4789 4733 4646
f 4682 4706 4719
f 4588 4796 4587
f 4808 4588 4683
f 4629 4630 4759
f 4790 4654 4631
f 4707 4648 4649
f 4724 4694 4685
f 4685 4739 4750
f 4695 4740 4767
f 4798 4768 4590
f 4590 4651 4798
f 4751 4697 4698
f 4709 4698 4634
f 4754 4726 4637
f 4704 4716 4781
f 4681 4717 9999
f 4718 9990 4689
f 4773 4718 4689
f 4689 10001 4773
f 4727 4690 4714
f 4715 4714 4690
f 9697 4702 4715
f 4788 4645 4756
f 4668 4789 4646
f 4735 4706 4720
f 4720 4669 4757
f 4669 4619 4757
f 4808 4683 4736
f 4737 4736 4620
f 4797 4721 4629
f 4759 4797 4629
f 4630 4654 4759
f 4655 4722 4760
f 4722 4693 4829
f 4723 4671 4738
f 4724 4738 4694
f 4696 4798 4651
f 4634 4672 4709
f 4710 4709 4672
f 4752 4741 4673
f 4711 4753 4686
f 4800 4715 4702
f 4702 4743 4800
f 4678 4691 4743
f 4729 4747 4688
f 4704 4781 4729
f 4781 4716 4744
f 4840 4705 4666
f 4719 4734 4682
f 4795 4619 4796
f 4795 4796 4856
f 4684 4721 4797
f 4707 4810 4648
f 4850 4707 4655
f 4791 4850 4655
f 4749 4724 4685
f 4767 4739 4695
f 4708 4831 4740
f 4741 4710 4673
f 4784 4753 4711
f 4711 4785 4784
f 4687 4699 4769
f 4699 4676 4786
f 4786 4676 4725
f 4725 4677 4787
f 4700 4667 4770
f 4714 4715 4765
f 4743 4691 4766
f 4691 4728 4766
f 4780 4802 4664
f 4718 4773 4851
f 4773 10001 4775
f 10001 4746 4775
f 4701 4727 4748
f 4692 4770 4667
f 4734 4789 4668
f 4757 4735 4720
f 4797 4737 4684
f 4723 4738 9568
f 4724 4749 4860
f 4685 4750 4749
f 4844 4750 4739
f 4709 4751 4698
f 4752 4686 4753
f 4699 4786 4769
f 4713 4726 4787
f 4754 4700 4755
f 4779 4766 4728
f 4803 4802 4780
f 4703 4688 4819
f 4747 4819 4688
f 4805 4716 4730
f 4730 9696 4805
f 4748 4805 9696
f 9696 4701 4748
f 4748 4727 4764
f 4731 9989 4777
f 4761 4745 9990
f 9990 4718 4761
f 4851 4761 4718
f 4732 9996 4763
f 4734 4719 4825
f 4619 4758 4757
f 4808 4736 4827
f 4736 4737 4857
f 4738 4724 4812
f 4739 4767 4844
f 4813 4831 4708
f 4708 4768 4813
f 4696 4697 4832
f 4709 4710 4929
f 4845 4710 4741
f 4712 4742 4687
f 4786 4725 4816
f 4787 4816 4725
f 4770 4755 4700
f 4800 4765 4715
f 4766 4800 4743
f 4819 4818 4703
f 4781 4744 4888
f 4716 4838 4744
f 4761 4772 4745
f 4746 9991 4776
f 4792 4776 9991
f 4762 9994 4793
f 4732 4763 4777
f 4778 4763 9996
f 9992 4840 4666
f 4779 4728 4817
f 4780 4679 4836
f 4679 4703 4836
f 4818 4836 4703
f 4819 4747 4876
f 4729 4876 4747
f 4804 4838 4716
f 4805 4804 4716
f 4805 4748 4782
f 4749 4750 4885
f 4831 4767 4740
f 4798 4696 4814
f 4751 4832 4697
f 4710 4845 4929
f 4741 4752 4783
f 4752 4753 4783
f 4785 4712 4886
f 4769 4799 4687
f 4873 4787 4726
f 4726 4754 4873
f 4756 4733 4847
f 4794 4825 4719
f 4719 4706 4826
f 4706 4735 4826
f 4882 4796 4588
f 4737 4797 4858
f 4654 4987 4759
f 4648 4810 4790
f 4707 4850 4928
f 4760 4791 4655
f 4760 4722 4829
f 4693 4723 4811
f 4820 9987 4717
f 4772 4821 4745
f 4774 4773 4775
f 4775 4746 4881
f 4793 4792 4762
f 4777 10002 4731
f 4801 4800 4766
f 4802 4817 4728
f 4802 4803 4835
f 4744 4838 4837
f 4884 4738 4812
f 4750 4844 4885
f 4768 4798 4870
f 4832 4751 4917
f 4687 4833 4712
f 4873 4754 4906
f 4754 4755 4906
f 4755 4770 4846
f 4770 4692 4913
f 4692 4788 4913
f 4719 4826 4794
f 4795 4758 4619
f 4808 4882 4588
f 4857 4827 4736
f 4858 4857 4737
f 4829 4693 4830
f 4820 4717 4806
f 4771 4745 4806
f 4851 4773 4909
f 4773 4774 4909
f 4881 4774 4775
f 4746 4776 4881
f 10002 4777 4853
f 4777 4763 4853
f 4705 4854 4778
f 9992 4912 4840
f 4764 4714 4841
f 4714 4765 4841
f 4765 4800 4801
f 4779 4864 4766
f 4888 4729 4781
f 4782 4804 4805
f 4724 4860 4812
f 4813 4868 4831
f 4870 4813 4768
f 4901 4814 4696
f 4832 4901 4696
f 4946 4917 4751
f 4751 4709 4946
f 4741 4815 4845
f 4741 4783 4815
f 4902 4783 4753
f 4871 4753 4784
f 4886 4871 4784
f 4784 4785 4886
f 4886 4712 4833
f 4687 4799 4833
f 4834 4799 4769
f 4769 4786 4834
f 4816 4834 4786
f 4788 4756 4913
f 4825 4789 4734
f 4849 4735 4757
f 4849 4757 4758
f 4828 4797 4987
f 4797 4759 4987
f 4654 4790 4867
f 4810 4809 4790
f 4830 4693 4811
f 4717 4771 4806
f 4821 4806 4745
f 4761 4822 4772
f 4890 4776 4792
f 4793 10002 4823
f 4853 4763 4824
f 4778 4824 4763
f 4913 4756 4847
f 4895 4758 4795
f 4883 4808 4827
f 4896 4883 4827
f 4828 4858 4797
f 4867 4987 4654
f 4809 4867 4790
f 4915 4811 4723
f 4844 4767 4861
f 4767 4831 4861
f 4798 4814 4870
f 4976 4946 4709
f 4709 4929 4976
f 4871 4902 4753
f 4872 4816 4787
f 4873 4906 4905
f 4817 4802 4842
f 4802 4835 4842
f 4836 4803 4780
f 4837 4888 4744
f 4878 4804 4782
f 4822 4880 4772
f 4761 4851 4889
f 4792 4793 4852
f 4853 4823 10002
f 4853 4824 4839
f 4778 4854 4824
f 4854 4705 4840
f 4807 4789 4848
f 4866 4848 4789
f 4894 4825 4794
f 4794 4826 4894
f 4941 4849 4758
f 4758 4895 4942
f 4795 4856 4895
f 4883 4882 4808
f 4859 4850 4791
f 4900 4870 4814
f 5026 4901 4832
f 4862 4799 4834
f 4904 4834 4816
f 4787 4863 4872
f 4863 4787 4873
f 4893 4906 4755
f 4755 4846 4893
f 4766 4864 4801
f 4876 4729 4877
f 4888 4877 4729
f 4838 4804 4843
f 4880 4821 4772
f 4852 4890 4792
f 4823 4891 4793
f 4770 4913 4855
f 4789 4825 4866
f 4849 4826 4735
f 4897 4896 4827
f 4857 4897 4827
f 4828 4987 4927
f 4914 4928 4850
f 5022 4859 4791
f 4760 5022 4791
f 4830 4944 4829
f 4723 9568 4915
f 4898 4915 9568
f 4901 4900 4814
f 4917 5026 4832
f 4833 4799 4956
f 4887 4956 4799
f 4904 4862 4834
f 4846 4770 4855
f 4841 4919 4764
f 4874 4841 4765
f 4864 4933 4801
f 4779 4817 4864
f 4818 4819 4993
f 4819 4876 4993
f 4837 4838 4907
f 4820 4806 4908
f 4889 4822 4761
f 4852 4793 4891
f 4854 4840 4892
f 4865 4875 4817
f 4817 4842 4865
f 4843 4804 4964
f 4878 4964 4804
f 4884 4812 4916
f 5025 4812 4860
f 4885 4860 4749
f 4861 4988 4844
f 4945 4813 4870
f 5027 4929 4845
f 4845 4815 4977
f 4930 4871 4886
f 4862 4887 4799
f 4991 4904 4816
f 4872 4991 4816
f 4947 4893 4846
f 4846 4855 4947
f 4856 4796 4986
f 5074 4867 4809
f 4914 4850 4859
f 4829 4944 4760
f 4995 4879 4820
f 4806 4821 4908
f 4880 4822 4966
f 4881 4951 4774
f 4823 4853 4911
f 4824 4854 4940
f 4891 4823 4953
f 4939 4911 4853
f 4853 4839 4939
f 4839 4824 4940
f 4840 4912 4892
f 4913 4847 5008
f 4825 4894 4925
f 4973 4986 4796
f 4796 4882 4973
f 4828 4975 4858
f 5074 4809 4810
f 4944 5022 4760
f 4988 4885 4844
f 4831 4868 4861
f 4869 4813 5045
f 4815 4783 5046
f 4931 4903 4833
f 4958 4872 4863
f 4873 4958 4863
f 4765 4801 4874
f 4864 4817 4875
f 4865 4842 4935
f 4803 4836 4937
f 4888 4837 4920
f 4843 4907 4838
f 4995 4820 4908
f 4966 4965 4880
f 4951 4909 4774
f 4825 4925 4866
f 4826 4849 4941
f 4758 4942 4941
f 4942 4895 4955
f 4986 4955 4856
f 4858 4974 4857
f 4987 4867 5096
f 5074 5096 4867
f 4884 4899 4898
f 4868 4813 4869
f 4900 4945 4870
f 4977 5027 4845
f 5046 4977 4815
f 4783 4902 5046
f 4903 4886 4833
f 4956 4931 4833
f 4957 4887 4862
f 4906 4893 4924
f 4979 4841 4874
f 4874 4801 4933
f 4836 4818 4937
f 4877 4962 4876
f 4782 4938 4878
f 4821 4922 4908
f 4821 4880 4996
f 4965 4996 4880
f 4852 4891 4910
f 4911 4953 4823
f 4854 4892 4940
f 4947 4855 4948
f 4826 4941 4926
f 4895 4856 4955
f 4883 4973 4882
f 4707 4928 4810
f 4945 5045 4813
f 4902 4871 4989
f 5083 4930 4886
f 4886 4903 5083
f 4957 4862 4904
f 4874 4933 4961
f 4935 5009 4865
f 4980 4835 4803
f 4962 4993 4876
f 4920 4877 4888
f 4964 4878 4938
f 4921 4938 4782
f 4922 5052 4908
f 4966 4822 4997
f 4822 4889 4997
f 4951 4881 4967
f 4881 4776 4967
f 4981 4967 4776
f 4776 4890 4981
f 4953 4910 4891
f 4947 4948 4960
f 4954 4925 4894
f 4894 4826 4954
f 4971 4954 4826
f 4926 4971 4826
f 4943 4896 4897
f 4897 4857 5059
f 4898 4899 9627
f 5025 4916 4812
f 5026 4900 4901
f 5046 4902 4989
f 4918 4957 4904
f 4905 4958 4873
f 4905 4906 5028
f 4949 4919 4841
f 4934 4933 4864
f 4936 4835 4950
f 4980 4950 4835
f 4920 4837 5012
f 4837 4907 5012
f 4843 5012 4907
f 5052 4995 4908
f 4996 4922 4821
f 4889 4909 4923
f 4909 4951 4923
f 4952 4890 4852
f 4970 4892 4912
f 4939 4839 4998
f 4969 4998 4839
f 4839 4940 4969
f 4970 4912 9986
f 5007 4855 4913
f 4913 5008 5007
f 4883 4896 5058
f 4943 5002 4896
f 4974 5059 4857
f 4927 4987 5021
f 5023 5022 4944
f 4811 4915 5004
f 5044 4899 4884
f 4884 4916 5044
f 5097 5025 4860
f 4860 4885 5097
f 4988 5097 4885
f 4930 4989 4871
f 5101 4918 4904
f 4958 4991 4872
f 4924 4893 4960
f 4841 4979 4949
f 4934 4864 4875
f 4875 4865 4934
f 4803 4937 4980
f 5011 4937 4818
f 4962 4877 4994
f 4877 4920 4994
f 4843 4964 4963
f 4893 4947 4960
f 5040 4848 4866
f 4941 4942 4972
f 5002 5058 4896
f 5042 4810 4928
f 4928 4914 5042
f 5024 4944 4830
f 4830 4811 5024
f 4811 5004 5078
f 5061 5004 4915
f 4976 4929 5006
f 5080 5006 4929
f 5027 5080 4929
f 5082 4989 4930
f 5083 5082 4930
f 4931 5083 4903
f 4887 4957 4990
f 4904 4991 5101
f 4958 4905 4959
f 5028 4959 4905
f 4924 5028 4906
f 4978 4932 4919
f 4961 4979 4874
f 4992 4961 4933
f 5050 4934 4865
f 4865 5009 5050
f 5032 5009 4935
f 4936 5032 4935
f 5011 4980 4937
f 4993 5011 4818
f 4963 5012 4843
f 5052 4922 5015
f 4997 4889 5037
f 4852 4910 4952
f 4982 5016 4910
f 4910 4953 4982
f 4911 4939 4968
f 4984 4969 4940
f 4940 4892 4984
f 4970 4984 4892
f 4866 4925 4999
f 5001 4926 4941
f 4972 5001 4941
f 4942 4955 4972
f 5059 4943 4897
f 4975 4828 4927
f 5078 5024 4811
f 9627 4899 5160
f 4916 5025 5127
f 5098 4945 4900
f 5026 5098 4900
f 5005 4917 4946
f 4946 4976 5005
f 5027 4977 5130
f 5047 4956 4887
f 4932 4978 9689
f 4919 4949 4978
f 5030 4992 4933
f 4933 4934 5030
f 5013 4963 4964
f 4964 4938 5013
f 4995 5035 4879
f 4890 4952 4981
f 5068 4952 4910
f 5016 5068 4910
f 5000 4999 4925
f 4925 4954 5000
f 5019 4973 4883
f 5020 5059 4974
f 4974 4858 4975
f 5074 4810 5075
f 4810 5042 5075
f 4859 5042 4914
f 4869 4861 4868
f 4917 5063 5026
f 5006 5005 4976
f 5046 4989 5165
f 4931 4956 5047
f 4990 5047 4887
f 4991 4958 4959
f 4948 4855 5048
f 5007 5048 4855
f 4992 4979 4961
f 4993 4962 5051
f 5051 4962 4994
f 5036 4965 4966
f 4966 4997 5036
f 5122 4923 4951
f 4953 5053 5070
f 4953 4968 5053
f 4998 4968 4939
f 4998 4969 4983
f 4984 4983 4969
f 4984 4970 5017
f 9986 5106 4970
f 4999 5040 4866
f 5057 4985 4971
f 4971 4926 5057
f 4926 5001 5057
f 4975 5020 4974
f 5024 5023 4944
f 5003 5024 5078
f 5044 5043 4899
f 4945 5183 5045
f 5063 5143 5026
f 5081 5130 4977
f 4989 5082 5165
f 4959 5201 4991
f 9689 4978 5085
f 5065 4949 4979
f 4934 5050 5031
f 5009 5117 5050
f 4950 4980 5010
f 4920 5012 5188
f 5013 4938 5136
f 4921 5137 4938
f 5035 5014 4879
f 5035 4995 5066
f 5066 4995 5052
f 4965 5090 4996
f 4951 4967 5038
f 5038 4967 4981
f 4999 5000 5041
f 5072 5000 4954
f 4971 4985 4954
f 4972 4955 5226
f 5058 5019 4883
f 5058 5002 5073
f 4943 5073 5002
f 5096 5021 4987
f 5043 5160 4899
f 5163 5097 4988
f 5062 5114 4861
f 5062 4861 4869
f 5045 5062 4869
f 5005 5063 4917
f 5081 4977 5046
f 5083 4931 5084
f 4931 5047 5084
f 4990 4957 5115
f 4918 5115 4957
f 5028 4924 5116
f 4924 4960 5102
f 4948 5132 4960
f 5029 4978 4949
f 4979 4992 5065
f 4934 5031 5030
f 5032 4936 5033
f 4980 5011 5010
f 5173 5011 4993
f 5051 5173 4993
f 5118 5051 4994
f 4994 4920 5088
f 5188 5088 4920
f 5034 5012 4963
f 5013 5034 4963
f 4922 4996 5090
f 5037 5121 4997
f 5038 5122 4951
f 4981 4952 5039
f 4968 4998 5054
f 4998 4983 5054
f 4983 4984 5054
f 5055 5054 4984
f 4984 5017 5071
f 5017 4970 5106
f 4848 5040 5056
f 5041 5040 4999
f 5018 5057 5001
f 5001 4972 5018
f 5042 4859 5076
f 5181 5004 5061
f 5114 5163 4988
f 4988 4861 5114
f 5098 5183 4945
f 5027 5130 5129
f 5084 5047 5218
f 5101 4991 5201
f 5102 5116 4924
f 5007 5008 5048
f 5108 5048 5008
f 5008 9704 5108
f 5086 5085 4978
f 4978 5029 5086
f 5064 5029 4949
f 5065 5064 4949
f 5087 5117 5009
f 4936 4950 5033
f 5147 5033 4950
f 5089 5188 5012
f 5034 5089 5012
f 5136 4938 5137
f 5137 4921 5145
f 5035 9998 5014
f 5090 5015 4922
f 5036 4997 5121
f 4923 5122 5037
f 5039 5091 4981
f 4984 5071 5055
f 5093 5071 5017
f 5106 5093 5017
f 5106 9986 5194
f 5041 5000 5094
f 4954 4985 5072
f 4986 4973 5110
f 5059 5020 5180
f 4927 5021 5198
f 5125 5076 4859
f 4859 5022 5112
f 5022 5023 5112
f 5126 5112 5023
f 5060 5078 5004
f 5160 5061 9627
f 5183 5128 5045
f 5143 5216 5098
f 5026 5143 5098
f 5185 5080 5027
f 5028 5166 4959
f 5168 5132 4948
f 5168 4948 5048
f 5146 5086 5029
f 5049 5065 4992
f 4992 5030 5049
f 5031 5049 5030
f 5032 5087 5009
f 5134 5147 4950
f 4950 5010 5134
f 5011 5134 5010
f 5118 5173 5051
f 9998 5035 5104
f 5052 5149 5066
f 5208 4965 5036
f 5121 5208 5036
f 5122 5067 5037
f 4981 5091 5038
f 5016 4982 5123
f 5072 5109 5000
f 5212 4955 4986
f 4973 5019 5178
f 5180 4943 5059
f 5021 5096 5159
f 5024 5003 5077
f 5181 5060 5004
f 5141 5127 5025
f 5062 5045 5128
f 5005 5006 5079
f 5027 5129 5185
f 5100 5047 4990
f 5100 4990 5115
f 5132 5102 4960
f 5204 5031 5050
f 5050 5117 5204
f 5088 5118 4994
f 5034 5013 5119
f 5052 5015 5149
f 4965 5208 5189
f 5150 5121 5037
f 5123 5068 5016
f 4982 5070 5069
f 5070 5053 5105
f 5053 5092 5105
f 5055 5092 5054
f 9706 5056 9705
f 5041 5094 5138
f 5094 5000 5095
f 5109 5095 5000
f 4985 5057 5177
f 5018 5177 5057
f 5226 5018 4972
f 5110 5212 4986
f 5178 5110 4973
f 4943 5180 5197
f 5075 5111 5074
f 5076 5075 5042
f 5077 5023 5024
f 5061 5160 5140
f 5182 5043 5044
f 5097 5163 5142
f 5128 5253 5062
f 5255 5079 5006
f 5165 5099 5046
f 5083 5084 5322
f 5200 5131 4918
f 4918 5101 5200
f 5166 5201 4959
f 5064 5146 5029
f 5064 5065 5049
f 5087 5032 5172
f 5120 5104 5035
f 5035 5066 5120
f 5207 5149 5015
f 5015 5090 5207
f 5090 4965 5189
f 5037 5067 5150
f 5190 5122 5038
f 5038 5091 5190
f 5069 5070 5152
f 5105 5152 5070
f 5092 5055 5107
f 5055 5071 5153
f 5072 4985 5156
f 5058 5073 5179
f 5198 5021 5159
f 5111 5096 5074
f 5112 5125 4859
f 5003 5078 5113
f 5060 5113 5078
f 5272 5114 5062
f 5253 5272 5062
f 5099 5081 5046
f 5100 5218 5047
f 5132 5221 5102
f 5103 5085 5170
f 5172 5187 5087
f 5134 5011 5233
f 5118 5088 5148
f 5089 5034 5135
f 5013 5136 5119
f 5120 5066 5149
f 5151 5039 4952
f 5107 5105 5092
f 5153 5107 5055
f 5041 5154 5040
f 5138 5094 5124
f 5094 5095 5124
f 5177 5156 4985
f 5019 5058 5157
f 5139 5157 5058
f 5198 4975 4927
f 5061 5140 5181
f 5161 5182 5127
f 5162 5141 5025
f 5025 5097 5162
f 5097 5142 5162
f 5183 5098 5403
f 5216 5403 5098
f 5131 5115 4918
f 5101 5201 5220
f 5028 5116 5186
f 5132 5168 5133
f 5170 5145 5103
f 5146 5064 5171
f 5117 5087 5187
f 5188 5148 5088
f 4952 5068 5151
f 5068 5123 5209
f 5153 5071 5175
f 5093 5106 5193
f 5194 5193 5106
f 5093 5175 5071
f 5108 9705 5144
f 5056 5040 5154
f 5138 5211 5041
f 5124 5095 5155
f 5058 5179 5139
f 5073 4943 5158
f 5043 5182 5215
f 5080 5255 5006
f 5116 5102 5167
f 5221 5167 5102
f 5132 5133 5323
f 5086 5170 5085
f 5172 5032 5033
f 5189 5207 5090
f 5189 5208 5297
f 5224 5208 5121
f 5150 5224 5121
f 5151 5235 5039
f 5174 5068 5209
f 5209 5123 5210
f 5123 5069 5191
f 5152 5191 5069
f 5158 5179 5073
f 5158 4943 5197
f 5076 5111 5075
f 5126 5023 5250
f 5023 5077 5250
f 5060 5181 5229
f 5127 5141 5161
f 5164 5143 5063
f 5130 5185 5129
f 5256 5099 5165
f 5082 5083 5199
f 5322 5199 5083
f 5115 5131 5274
f 5220 5200 5101
f 5166 5028 5186
f 5186 5116 5167
f 5168 5048 5169
f 5187 5204 5117
f 5033 5147 5232
f 5134 5205 5147
f 5011 5173 5233
f 5089 5135 5188
f 5119 5136 5206
f 5235 5091 5039
f 5152 5107 5192
f 5107 5153 5192
f 5211 5138 5267
f 5195 5267 5138
f 5239 5195 5138
f 5124 5239 5138
f 5155 5176 5124
f 5177 5018 5247
f 4955 5212 5226
f 5019 5157 5268
f 4975 5213 5020
f 5159 5096 5333
f 5111 5333 5096
f 5125 5228 5076
f 5112 5214 5125
f 5304 5077 5003
f 5003 5113 5304
f 5160 5043 5215
f 5141 5162 5161
f 5143 5184 5216
f 5164 5184 5143
f 5164 5063 5005
f 5256 5081 5099
f 5165 5082 5217
f 5218 5241 5084
f 5100 5115 5274
f 5048 5108 5169
f 5203 5169 5108
f 5294 5258 5145
f 5145 5170 5294
f 5146 5171 5278
f 5172 5033 5326
f 5205 5232 5147
f 5233 5173 5296
f 5148 5173 5118
f 5148 5188 5222
f 5206 5135 5034
f 5034 5119 5206
f 5206 5136 5137
f 5120 5149 5261
f 5207 5261 5149
f 5150 5067 5224
f 5174 5151 5068
f 5192 5153 5175
f 5193 5236 5093
f 5154 5041 5211
f 5239 5124 5176
f 5176 5155 5196
f 5072 5156 5240
f 5247 5018 5226
f 5212 5110 5288
f 5214 5228 5125
f 5140 5160 5291
f 5215 5291 5160
f 5163 5114 5272
f 5273 5253 5128
f 5255 5309 5079
f 5322 5084 5241
f 5131 5200 5257
f 5201 5166 5202
f 5166 5186 5276
f 5167 5221 5242
f 5323 5221 5132
f 5133 5168 5169
f 5108 5144 5203
f 5294 5170 5231
f 5170 5086 5231
f 5259 5231 5086
f 5086 5146 5259
f 5204 5278 5171
f 5326 5033 5232
f 5205 5134 5295
f 5233 5295 5134
f 5148 5296 5173
f 5135 5206 5243
f 5145 5223 5137
f 5120 9995 5104
f 5298 5224 5067
f 5067 5122 5298
f 5122 5190 5298
f 5244 5192 5175
f 5175 5093 5244
f 5193 5194 5266
f 9705 5056 5324
f 5154 5324 5056
f 5211 5324 5154
f 5225 5196 5155
f 5240 5155 5095
f 5095 5109 5240
f 5156 5177 5247
f 5178 5019 5331
f 5139 5179 5227
f 4975 5198 5213
f 5251 5250 5077
f 5229 5181 5305
f 5181 5140 5305
f 5182 5161 5270
f 5128 5183 5273
f 5309 5005 5079
f 5419 5080 5185
f 5185 5130 5419
f 5292 5130 5081
f 5217 5082 5199
f 5218 5100 5219
f 5274 5219 5100
f 5220 5275 5200
f 5166 5276 5202
f 5167 5276 5186
f 5187 5172 5313
f 5172 5326 5279
f 5188 5135 5222
f 5206 5137 5223
f 5258 5223 5145
f 9995 5120 5282
f 5207 5189 5234
f 5190 5091 5298
f 5262 5298 5091
f 5235 5262 5091
f 5299 5235 5151
f 5209 5210 5263
f 5210 5191 5264
f 5244 5264 5191
f 5191 5192 5244
f 5236 5244 5093
f 5072 5240 5109
f 5268 5331 5019
f 5157 5139 5268
f 5227 5268 5139
f 5249 5179 5158
f 5369 5289 5197
f 5180 5369 5197
f 5159 5333 5446
f 5112 5126 5303
f 5060 5229 5113
f 5335 5305 5140
f 5162 5142 5307
f 5308 5142 5163
f 5273 5183 5403
f 5131 5257 5274
f 5275 5257 5200
f 5202 5220 5201
f 5167 5242 5277
f 5203 5144 5349
f 5238 5349 5144
f 5259 5146 5377
f 5278 5377 5146
f 5279 5313 5172
f 5261 5282 5120
f 5208 5224 5283
f 5284 5174 5209
f 5209 5263 5284
f 5264 5263 5210
f 5236 5193 5237
f 5266 5237 5193
f 5239 5351 5195
f 5245 5176 5196
f 5196 5225 5245
f 5248 5247 5226
f 5368 5249 5158
f 5158 5197 5401
f 5289 5401 5197
f 5213 5180 5020
f 5303 5214 5112
f 5077 5304 5251
f 5161 5162 5307
f 5163 5272 5308
f 5184 5254 5216
f 5419 5130 5292
f 5218 5219 5241
f 5310 5242 5221
f 5323 5310 5221
f 5133 5169 5230
f 5204 5187 5278
f 5232 5205 5260
f 5148 5222 5280
f 5222 5135 5243
f 5314 5281 5223
f 5258 5314 5223
f 5234 5261 5207
f 5234 5189 5297
f 5283 5297 5208
f 5302 5245 5225
f 5246 5302 5225
f 5225 5155 5246
f 5155 5240 5246
f 5288 5248 5226
f 5226 5212 5288
f 5227 5179 5344
f 5249 5344 5179
f 5333 5111 5318
f 5111 5076 5318
f 5290 5113 5229
f 5252 5335 5140
f 5140 5291 5252
f 5306 5215 5182
f 5182 5270 5306
f 5403 5216 5418
f 5309 5164 5005
f 5420 5292 5081
f 5081 5256 5388
f 5293 5220 5202
f 5260 5326 5232
f 5297 5283 5354
f 5235 5299 5262
f 5244 5236 5301
f 5237 5301 5236
f 5324 5349 5238
f 5324 5211 5350
f 5267 5350 5211
f 5287 5240 5156
f 5110 5178 5429
f 5076 5228 5318
f 5305 5290 5229
f 5291 5215 5269
f 5215 5306 5269
f 5308 5307 5142
f 5273 5336 5253
f 5164 5309 5373
f 5241 5219 5449
f 5276 5167 5347
f 5310 5277 5242
f 5323 5133 5311
f 5133 5230 5311
f 5313 5353 5187
f 5280 5296 5148
f 5281 5243 5206
f 5206 5223 5281
f 5330 5283 5224
f 5330 5224 5362
f 5151 5174 5299
f 5301 5264 5244
f 5266 5265 5237
f 5169 5203 5230
f 5339 5230 5203
f 5349 5339 5203
f 5239 5176 5341
f 5176 5245 5341
f 5285 9607 5245
f 5245 5302 5285
f 5246 5240 5286
f 5156 5247 5287
f 5247 5248 5316
f 5248 5288 5316
f 5178 5331 5429
f 5268 5227 5344
f 5400 5368 5158
f 5158 5401 5400
f 5332 5369 5180
f 5213 5332 5180
f 5446 5198 5159
f 5319 5250 5251
f 5290 5304 5113
f 5309 5255 5387
f 5255 5080 5387
f 5358 5387 5080
f 5256 5165 5337
f 5450 5449 5219
f 5293 5202 5347
f 5202 5276 5347
f 5277 5347 5167
f 5258 5294 5312
f 5294 5231 5352
f 5231 5259 5352
f 5278 5187 5353
f 5280 5222 5327
f 5243 5327 5222
f 5314 5258 5312
f 5282 5261 5380
f 5234 5297 5328
f 5298 5362 5224
f 5356 5284 5263
f 5300 5356 5263
f 5264 5300 5263
f 5351 5454 5195
f 5351 5239 5340
f 5239 5341 5340
f 5240 5287 5286
f 5316 5287 5247
f 5288 5110 5398
f 5345 5318 5228
f 5413 5303 5126
f 5126 5250 5413
f 5290 5305 5334
f 5164 5254 5184
f 5277 5310 5359
f 5311 5230 5338
f 5278 5353 5377
f 5380 5261 5234
f 5283 5330 5329
f 5174 5284 5355
f 5264 5301 5300
f 5301 5237 5397
f 5265 5397 5237
f 5267 5195 5350
f 5454 5350 5195
f 5316 5286 5287
f 5344 5249 5317
f 5249 5368 5317
f 5251 5304 5370
f 5507 5252 5291
f 5271 5306 5270
f 5272 5253 5321
f 5469 5253 5336
f 5080 5419 5358
f 5081 5388 5420
f 5374 5337 5165
f 5322 5241 5404
f 5257 5389 5274
f 5377 5393 5259
f 5205 5378 5260
f 5205 5295 5379
f 9995 5282 5443
f 5380 5443 5282
f 5328 5380 5234
f 5328 5297 5354
f 5356 5355 5284
f 5397 5300 5301
f 5266 9997 5265
f 5343 5285 5302
f 5286 5343 5302
f 5302 5246 5286
f 5286 5316 5315
f 5110 5429 5398
f 5228 5214 5345
f 5304 5290 5370
f 5305 5335 5334
f 5269 5507 5291
f 5415 5271 5307
f 5307 5308 5320
f 5308 5272 5321
f 5469 5321 5253
f 5254 5418 5216
f 5386 5373 5309
f 5217 5374 5165
f 5449 5404 5241
f 5257 5275 5500
f 5220 5500 5275
f 5312 5294 5325
f 5313 5279 5360
f 5279 5326 5360
f 5260 5394 5326
f 5312 5281 5314
f 5362 5298 5427
f 5396 5355 5356
f 5265 5428 5397
f 9607 5285 5342
f 5343 5342 5285
f 5366 5315 5316
f 5316 5288 5366
f 5398 5366 5288
f 5214 5303 5402
f 5303 5413 5402
f 5319 5413 5250
f 5319 5251 5385
f 5251 5370 5385
f 5435 5335 5252
f 5309 5387 5386
f 5581 5374 5217
f 5199 5581 5217
f 5219 5274 5375
f 5389 5375 5274
f 5257 5500 5389
f 5348 5438 5323
f 5323 5311 5348
f 5339 5338 5230
f 5453 5349 5324
f 5350 5492 5324
f 5351 5421 5454
f 5312 5325 5392
f 5294 5352 5325
f 5393 5352 5259
f 5326 5394 5360
f 5378 5394 5260
f 5443 5425 9995
f 5380 5328 5361
f 5410 5262 5299
f 5268 5399 5331
f 5317 5368 5367
f 5333 5318 5446
f 5346 5370 5290
f 5371 5346 5290
f 5334 5371 5290
f 5320 5415 5307
f 5256 5337 5388
f 5450 5219 5375
f 5347 5277 5451
f 5359 5451 5277
f 5438 5405 5310
f 5310 5323 5438
f 5339 5349 5390
f 5341 9607 5363
f 5295 5233 5379
f 5424 5233 5296
f 5424 5296 5514
f 5408 5243 5281
f 5361 5328 5395
f 5328 5354 5395
f 5329 5354 5283
f 5362 5329 5330
f 5545 5298 5262
f 5299 5174 5473
f 5174 5355 5473
f 5397 5381 5300
f 5364 5382 5342
f 5342 5343 5364
f 5383 5364 5343
f 5286 5383 5343
f 5286 5315 5365
f 5331 5399 5429
f 5268 5344 5399
f 5431 5332 5213
f 5384 5431 5213
f 5213 5198 5384
f 5446 5384 5198
f 5345 5214 5402
f 5465 5413 5319
f 5319 5385 5465
f 5269 5306 5468
f 5271 5415 5372
f 5320 5308 5416
f 5308 5321 5416
f 5417 5416 5321
f 5373 5254 5164
f 5322 5404 5569
f 5293 5347 5595
f 5557 5595 5347
f 5451 5557 5347
f 5311 5338 5570
f 5390 5349 5453
f 5453 5324 5492
f 5350 5454 5357
f 5340 5422 5421
f 5421 5351 5340
f 5325 5352 5440
f 5352 5393 5440
f 5360 5441 5313
f 5423 5394 5378
f 5233 5424 5379
f 5296 5280 5514
f 5281 5312 5408
f 5354 5409 5395
f 5354 5329 5409
f 5473 5410 5299
f 5396 5356 5474
f 5357 5492 5350
f 5391 5341 5363
f 9607 5342 5363
f 5382 5363 5342
f 5365 5383 5286
f 5344 5317 5445
f 5317 5367 5445
f 5370 5346 5467
f 5484 5371 5334
f 5435 5484 5334
f 5334 5335 5435
f 5468 5507 5269
f 5306 5436 5468
f 5321 5469 5417
f 5273 5508 5336
f 5418 5254 5470
f 5387 5358 5437
f 5488 5358 5419
f 5471 5420 5388
f 5359 5310 5376
f 5310 5405 5376
f 5510 5348 5311
f 5392 5408 5312
f 5393 5377 5490
f 5441 5353 5313
f 5458 5378 5205
f 5379 5458 5205
f 5456 5514 5280
f 5280 5327 5459
f 5408 5327 5243
f 5356 5300 5381
f 5452 5570 5338
f 5339 5452 5338
f 5463 5365 5315
f 5315 5366 5444
f 5399 5344 5445
f 5368 5400 5430
f 5412 5401 5289
f 5289 5369 5412
f 5369 5332 5412
f 5446 5318 5432
f 5432 5318 5464
f 5370 5434 5385
f 5370 5467 5434
f 5346 5414 5467
f 5346 5371 5414
f 5507 5435 5252
f 5508 5469 5336
f 5254 5373 5470
f 5569 5404 5509
f 5375 5389 5499
f 5472 5451 5359
f 5359 5376 5472
f 5440 5392 5325
f 5490 5377 5406
f 5377 5353 5406
f 5406 5353 5491
f 5407 5441 5360
f 5456 5280 5459
f 5327 5408 5459
f 5443 5380 5426
f 5262 5410 5545
f 5526 5473 5355
f 5355 5396 5526
f 5381 5474 5356
f 9997 5428 5265
f 5365 5364 5383
f 5398 5444 5366
f 5430 5367 5368
f 5332 5431 5412
f 5318 5345 5464
f 5414 5371 5538
f 5320 5416 5608
f 5273 5403 5508
f 5437 5386 5387
f 5388 5337 5542
f 5337 5374 5645
f 5581 5199 5582
f 5448 5322 5569
f 5390 5452 5339
f 5363 5439 5391
f 5360 5394 5407
f 5423 5407 5394
f 5361 5426 5380
f 5545 5427 5298
f 5474 5526 5396
f 5381 5397 5442
f 5397 5428 5442
f 5428 9997 9985
f 5315 5444 5463
f 5411 5429 5399
f 5445 5411 5399
f 5400 5401 5535
f 5401 5412 5535
f 5496 5431 5384
f 5433 5464 5345
f 5345 5402 5433
f 5465 5385 5466
f 5538 5371 5484
f 5579 5468 5436
f 5518 5508 5403
f 5418 5518 5403
f 5373 5386 5470
f 5489 5488 5419
f 5489 5419 5292
f 5471 5292 5420
f 5448 5582 5199
f 5322 5448 5199
f 5404 5449 5509
f 5220 5293 5648
f 5595 5648 5293
f 5491 5353 5441
f 5423 5378 9558
f 5458 9558 5378
f 5515 5459 5408
f 5502 5409 5329
f 5329 5362 5502
f 5382 5364 5493
f 5364 5365 5462
f 5481 5535 5412
f 5412 5431 5481
f 5402 5413 5433
f 5447 5433 5413
f 5465 5447 5413
f 5434 5466 5385
f 5483 5467 5414
f 5435 5507 5485
f 5608 5415 5320
f 5610 5471 5388
f 5542 5610 5388
f 5570 5510 5311
f 5363 5455 5461
f 5490 5530 5440
f 5440 5393 5490
f 5407 5423 5457
f 5424 5458 5379
f 5443 5477 5425
f 5427 5502 5362
f 5442 5428 5476
f 9985 5476 5428
f 5462 5493 5364
f 5365 5463 5462
f 5479 5444 5398
f 5494 5479 5398
f 5429 5494 5398
f 5495 5400 5535
f 5496 5481 5431
f 5482 5447 5465
f 5483 5414 5538
f 5485 5484 5435
f 5486 5579 5436
f 5436 5372 5486
f 5517 5608 5416
f 5555 5417 5469
f 5437 5358 5594
f 5684 5449 5450
f 5389 5500 5556
f 5452 5390 5562
f 5563 5422 5340
f 5439 5563 5340
f 5363 5461 5439
f 5458 5424 5512
f 5460 5515 5408
f 5443 5426 5618
f 5474 5381 5475
f 5381 5442 5475
f 5604 5475 5442
f 5476 5604 5442
f 5477 5443 5618
f 5529 5426 5361
f 5361 5395 5529
f 5478 5529 5395
f 5493 5504 5382
f 5522 5462 5463
f 5367 5430 5524
f 5495 5430 5400
f 5384 5446 5506
f 5432 5506 5446
f 5567 5434 5467
f 5485 5507 5712
f 5372 5415 5626
f 5498 5416 5417
f 5470 5487 5418
f 5389 5556 5499
f 5562 5570 5452
f 5520 5453 5492
f 5521 5357 5454
f 5421 5521 5454
f 5422 5584 5421
f 5455 5677 5461
f 5392 5460 5408
f 5490 5406 5501
f 5395 5409 5478
f 5577 5410 5473
f 5392 5440 5511
f 5440 5530 5511
f 5491 5501 5406
f 5407 5457 5559
f 9558 5559 5457
f 5456 5459 5770
f 5515 5770 5459
f 5503 5455 5504
f 5547 5504 5493
f 5534 5494 5429
f 5523 5534 5429
f 5429 5411 5523
f 5480 5411 5445
f 5524 5480 5445
f 5524 5445 5367
f 5432 5464 5497
f 5567 5467 5483
f 5484 5485 5525
f 5508 5555 5469
f 5487 5518 5418
f 5437 5519 5386
f 5645 5542 5337
f 5684 5509 5449
f 5648 5500 5220
f 5628 5405 5438
f 5438 5348 5596
f 5475 5560 5474
f 5528 5604 5476
f 5409 5502 5633
f 5427 5545 5676
f 5533 5547 5493
f 5463 5444 5522
f 5411 5480 5523
f 5535 5481 5505
f 5481 5496 5505
f 5506 5496 5384
f 5432 5497 5506
f 5464 5433 9646
f 5558 9646 5433
f 5485 5712 5539
f 5579 5486 5540
f 5486 5372 5607
f 5372 5626 5607
f 5626 5415 5608
f 5555 5498 5417
f 5541 5487 5470
f 5471 5489 5292
f 5450 5375 5684
f 5375 5499 5776
f 5472 5557 5451
f 5405 5472 5376
f 5596 5628 5438
f 5501 5530 5490
f 5491 5441 5602
f 5770 5514 5456
f 5453 5520 5390
f 5520 5492 5752
f 5357 5752 5492
f 5521 5421 5584
f 5546 5677 5455
f 5531 5546 5455
f 5455 5503 5531
f 5504 5547 5532
f 5480 5524 5549
f 5495 5524 5430
f 5505 5496 5551
f 5506 5551 5496
f 9646 5497 5464
f 5447 5558 5433
f 5466 5434 5553
f 5538 5484 5525
f 5539 5525 5485
f 5697 5507 5468
f 5508 5518 5627
f 5580 5488 5489
f 5569 5583 5448
f 5647 5776 5499
f 5500 5648 5556
f 5597 5596 5348
f 5348 5510 5597
f 5562 5390 5520
f 5573 5460 5392
f 5511 5573 5392
f 5602 5501 5491
f 5512 5424 5513
f 5424 5514 5513
f 5618 5561 5477
f 5427 5633 5502
f 5661 5545 5410
f 5577 5661 5410
f 5543 5473 5526
f 5527 5526 5474
f 5560 5527 5474
f 5476 9985 5528
f 5584 5422 5611
f 5563 5611 5422
f 5563 5439 5564
f 5461 5564 5439
f 5503 5504 5532
f 5493 5462 5533
f 5462 5522 5533
f 5479 5522 5444
f 5590 5589 5535
f 5535 5505 5590
f 5550 5590 5505
f 5551 5550 5505
f 5506 5497 5552
f 5606 5447 5482
f 5466 5606 5482
f 5567 5553 5434
f 5507 5697 5712
f 5644 5518 5487
f 5489 5471 5580
f 5581 5645 5374
f 5562 5629 5570
f 9558 5458 5614
f 5614 5458 5512
f 5516 5515 5460
f 5633 5478 5409
f 5577 5473 5543
f 5560 5475 5616
f 5475 5604 5616
f 5528 9985 5544
f 5511 5530 5574
f 5441 5407 5688
f 5603 5559 9558
f 5770 5515 5516
f 5471 5610 5580
f 5509 5646 5569
f 5684 5375 5776
f 5595 5557 5739
f 5557 5472 5650
f 5565 5533 5522
f 5522 5479 5565
f 5479 5494 5565
f 5534 5523 5548
f 5549 5523 5480
f 5552 5551 5506
f 5497 9646 5536
f 5567 5483 5554
f 5711 5554 5483
f 5538 5711 5483
f 5579 5697 5468
f 5579 5540 5625
f 5527 5575 5526
f 5426 5529 5719
f 5529 5478 5719
f 5676 5633 5427
f 5530 5501 5652
f 5688 5602 5441
f 5654 5407 5559
f 5614 5603 9558
f 5564 5461 5586
f 5677 5586 5461
f 5531 5503 5679
f 5533 5565 5598
f 5534 5587 5494
f 5534 5548 5566
f 5523 5549 5548
f 5549 5524 5588
f 5524 5495 5589
f 5495 5535 5589
f 5590 5550 5591
f 5550 5551 5601
f 5536 5552 5497
f 5578 5537 5447
f 5606 5578 5447
f 5711 5538 5525
f 5607 5540 5486
f 5608 5517 5672
f 5517 5416 5498
f 5508 5627 5555
f 5568 5627 5518
f 5714 5541 5470
f 5519 5714 5470
f 5470 5386 5519
f 5519 5437 5593
f 5488 5594 5358
f 5582 5448 5583
f 5646 5509 5715
f 5556 5648 5699
f 5405 5650 5472
f 5675 5597 5510
f 5575 5543 5526
f 5604 5528 5617
f 5544 5617 5528
f 5605 5576 5544
f 5544 5561 5605
f 5618 5426 5703
f 5719 5703 5426
f 5752 5705 5520
f 5565 5494 5587
f 5566 5587 5534
f 9612 5548 5549
f 5549 5588 9612
f 5622 5588 5524
f 5524 5589 5622
f 5590 5591 5641
f 5591 5550 5601
f 5552 5601 5551
f 5568 5518 5644
f 5628 5596 5716
f 5716 5596 5597
f 5570 5675 5510
f 5537 5572 5558
f 5573 5511 5574
f 5501 5602 5613
f 5688 5407 5654
f 5603 5654 5559
f 5513 5514 5656
f 5516 5460 5657
f 5577 5543 5658
f 5560 5616 5615
f 5576 5617 5544
f 5752 5357 5521
f 5781 5752 5521
f 5584 5634 5521
f 5533 5598 5547
f 9612 5566 5548
f 9612 5588 9614
f 5592 5606 5466
f 5553 5592 5466
f 5758 5553 5567
f 5525 5539 5682
f 5437 5594 5593
f 5738 5715 5509
f 5684 5738 5509
f 5499 5556 5647
f 5674 5650 5405
f 5571 5572 5668
f 5572 5537 5668
f 5652 5574 5530
f 5585 5652 5501
f 5585 5501 5613
f 5602 5688 5653
f 5513 5614 5512
f 5631 5527 5560
f 5615 5631 5560
f 5618 5686 5561
f 5719 5478 5704
f 5661 5676 5545
f 5687 5661 5577
f 5668 9647 5571
f 5592 5553 5643
f 5554 5758 5567
f 5712 5671 5539
f 5517 5498 5672
f 5609 5487 5541
f 5519 5593 5673
f 5818 5580 5610
f 5582 5583 5751
f 5628 5674 5405
f 5675 5570 5629
f 5611 5634 5584
f 5513 5656 5769
f 5770 5656 5514
f 5532 5689 5503
f 5587 5566 5599
f 5566 9612 5600
f 5622 9614 5588
f 5641 5589 5590
f 5591 5601 5623
f 5601 5552 5624
f 5617 5632 5604
f 5605 5561 5686
f 5633 5704 5478
f 5658 5687 5577
f 5669 5668 5537
f 5606 5592 5696
f 5670 5682 5539
f 5593 5594 5737
f 5488 5737 5594
f 5646 5583 5569
f 5699 5647 5556
f 5629 5562 5651
f 5520 5651 5562
f 5546 5531 5612
f 5689 5679 5503
f 5532 5547 5619
f 5636 5619 5547
f 5636 5547 5598
f 5587 5598 5565
f 5600 5599 5566
f 5621 9613 9614
f 5622 5621 9614
f 5589 5641 5664
f 5623 5666 5641
f 5641 5591 5623
f 5653 5613 5602
f 5654 5603 5655
f 5630 5657 5573
f 5616 5604 5660
f 5632 5660 5604
f 5668 5667 9647
f 5669 5537 5578
f 5578 5606 5696
f 5758 5733 5553
f 5758 5554 5734
f 5554 5711 5734
f 5670 5539 5671
f 5579 5625 5697
f 5713 5625 5540
f 5773 5713 5607
f 5607 5626 5773
f 5608 5672 5683
f 5555 5672 5498
f 5644 5487 5609
f 5609 5541 5698
f 5542 5645 5793
f 5583 5646 5760
f 5649 5648 5595
f 5595 5739 5649
f 5650 5739 5557
f 5597 5675 5761
f 5705 5651 5520
f 5781 5521 5753
f 5634 5753 5521
f 9739 5634 5611
f 5564 5586 5782
f 5677 5546 5706
f 5689 5532 5635
f 5532 5619 5635
f 5620 5598 5587
f 5587 5599 5620
f 5621 5637 9613
f 5621 5622 5640
f 5622 5589 5664
f 5624 5623 5601
f 5574 5630 5573
f 5527 5631 5575
f 5659 5742 5615
f 5615 5616 5659
f 5616 5660 5659
f 5797 5632 5617
f 5686 5618 5703
f 5676 5812 5633
f 5612 5706 5546
f 5678 5612 5531
f 5531 5679 5678
f 5620 5636 5598
f 5620 5599 5662
f 5599 5600 9593
f 5600 5680 9593
f 5680 9613 5637
f 5637 5621 5638
f 5639 5638 5621
f 5621 5640 5639
f 5664 5640 5622
f 5624 5642 5623
f 5624 9647 5667
f 5694 5668 5669
f 5669 5578 5695
f 5643 5696 5592
f 5643 5553 5733
f 5626 5608 5773
f 5555 5627 5807
f 5644 5749 5568
f 5541 5714 5698
f 5580 5737 5488
f 5740 5674 5628
f 5761 5716 5597
f 5675 5629 5700
f 5651 5700 5629
f 5652 5585 5722
f 5585 5613 5723
f 5654 5767 5688
f 5657 5770 5516
f 5765 5658 5543
f 5543 5575 5765
f 5685 5575 5631
f 5576 5797 5617
f 5812 5720 5633
f 5676 5661 5812
f 5705 5701 5651
f 5782 9739 5564
f 5782 5586 5725
f 5677 5725 5586
f 5662 5636 5620
f 9593 5662 5599
f 5637 5726 5680
f 5637 5638 5690
f 5663 5638 5639
f 5664 5641 5665
f 5666 5665 5641
f 5692 5665 5666
f 5666 5623 5692
f 5642 5692 5623
f 5693 5642 5624
f 5710 5694 5669
f 5734 5711 5805
f 5711 5525 5759
f 5525 5682 5759
f 5682 5670 5806
f 5671 5712 5791
f 5697 5625 5735
f 5608 5683 5773
f 5749 5644 5736
f 5673 5714 5519
f 5715 5760 5646
f 5826 5699 5648
f 5648 5649 5826
f 5716 5740 5628
f 5723 5613 5743
f 5653 5743 5613
f 5811 5631 5615
f 5615 5742 5811
f 5720 5704 5633
f 5687 5812 5661
f 5630 5574 5800
f 5721 5800 5574
f 5574 5652 5721
f 5723 5763 5585
f 5688 5813 5653
f 5654 5655 5767
f 5717 5767 5655
f 5513 5769 5718
f 5770 5657 5724
f 5679 5689 5744
f 5636 5662 5707
f 5624 5667 5693
f 5681 5693 5667
f 5667 5668 5681
f 5694 5710 5772
f 5695 5710 5669
f 5696 5695 5578
f 5696 5643 5748
f 5733 5748 5643
f 5774 5807 5627
f 5737 5580 5775
f 5818 5610 5542
f 5581 5582 5853
f 5650 5674 5933
f 5701 5700 5651
f 9737 5753 5634
f 5575 5685 5765
f 5631 5811 5685
f 5659 5660 5702
f 5652 5722 5721
f 5614 5513 5764
f 5718 5764 5513
f 5656 5770 5796
f 5657 5630 5799
f 9594 5635 5619
f 5707 5619 5636
f 9593 5680 5708
f 5726 5708 5680
f 5690 5726 5637
f 5690 5638 5709
f 5638 5663 5709
f 5691 5709 5663
f 5692 5642 5730
f 5731 5730 5642
f 5693 5731 5642
f 5681 5694 5747
f 5671 5791 5670
f 5712 5697 5735
f 5807 5842 5555
f 5609 5736 5644
f 5750 5673 5593
f 5737 5750 5593
f 5775 5580 5948
f 5853 5582 5751
f 5776 5738 5684
f 5753 9737 5741
f 5585 5763 5762
f 5813 5688 5767
f 5799 5724 5657
f 9737 9739 9740
f 5725 5677 5756
f 5706 5756 5677
f 5679 5744 5823
f 5726 5690 5727
f 5690 5709 5745
f 5691 5665 5728
f 5665 5692 5729
f 5730 5729 5692
f 5681 5732 5693
f 5694 5772 5747
f 5625 5713 5841
f 5842 5672 5555
f 5627 5568 5774
f 5645 5581 5809
f 5933 5739 5650
f 5740 5933 5674
f 5754 5765 5685
f 5778 5742 5659
f 5702 5778 5659
f 5660 5632 5830
f 5797 5830 5632
f 5704 5720 5861
f 5701 5705 5819
f 5705 5752 5822
f 5782 9740 9739
f 5679 5823 5678
f 5708 9594 9593
f 5757 5745 5709
f 5728 5757 5709
f 5709 5691 5728
f 5729 5728 5665
f 5732 5731 5693
f 5747 5732 5681
f 5772 5710 5849
f 5695 5849 5710
f 5695 5696 5748
f 5805 5711 5882
f 5759 5882 5711
f 5851 5791 5712
f 5712 5735 5851
f 5749 5774 5568
f 5818 5542 5886
f 5751 5583 5845
f 5738 5760 5715
f 5716 5761 5856
f 5777 5761 5675
f 5762 5722 5585
f 5743 5653 5801
f 5813 5801 5653
f 5767 5717 5877
f 5768 5877 5717
f 5796 5769 5656
f 5858 5685 5811
f 5723 5743 5763
f 5764 5768 5717
f 5847 5783 5706
f 5612 5847 5706
f 5814 5744 5689
f 5689 5635 5814
f 5745 5727 5690
f 5804 5729 5730
f 5746 5804 5730
f 5731 5746 5730
f 5747 5772 5787
f 5695 5748 5946
f 5733 5758 5840
f 5734 5789 5758
f 5749 5736 5843
f 5844 5792 5609
f 5609 5698 5844
f 5714 5844 5698
f 5775 5750 5737
f 5776 5647 5810
f 5647 5699 5854
f 5649 5739 5903
f 5740 5716 5794
f 5777 5675 5700
f 5700 5701 5795
f 5811 5742 5829
f 5797 5576 5766
f 5576 5605 5766
f 5686 5703 5936
f 5779 5936 5703
f 5703 5719 5779
f 5704 5779 5719
f 5658 5765 5780
f 5764 5718 5802
f 5831 5799 5630
f 5756 5706 5783
f 5708 5771 9594
f 5727 5745 5816
f 5745 5757 5784
f 5785 5757 5728
f 5728 5729 5785
f 5787 5732 5747
f 5849 5695 5788
f 5946 5788 5695
f 5670 5791 5953
f 5713 5773 5884
f 5867 5683 5672
f 5672 5842 5867
f 5933 5740 5855
f 5781 5822 5752
f 5829 5742 5778
f 5778 5702 5821
f 5658 5780 5687
f 5819 5795 5701
f 5847 5612 5912
f 5612 5678 5835
f 5771 5814 5635
f 5635 9594 5771
f 5815 5771 5708
f 5708 5726 5815
f 5825 5815 5726
f 5726 5727 5825
f 5816 5745 5784
f 5746 5731 5786
f 5732 5786 5731
f 5789 5840 5758
f 5789 5734 5805
f 5735 5625 5851
f 5749 5843 5774
f 5736 5609 5792
f 5673 5750 5974
f 5809 5793 5645
f 5845 5583 5760
f 5738 5776 5920
f 5854 5810 5647
f 5855 5740 5794
f 5761 5777 5846
f 5762 5763 5832
f 5763 5743 5833
f 5768 5764 5802
f 5828 5780 5765
f 5858 5754 5685
f 5873 5821 5702
f 5797 5859 5830
f 5766 5605 5686
f 5720 5812 5798
f 5969 5798 5812
f 5743 5875 5833
f 5876 5767 5877
f 5958 5718 5769
f 5834 5958 5769
f 5724 5796 5770
f 5724 5799 5827
f 5678 5823 5835
f 5757 5785 5817
f 5785 5729 5803
f 5786 5804 5746
f 5839 5732 5787
f 5682 5790 5759
f 5682 5806 5866
f 5953 5806 5670
f 5683 5884 5773
f 5843 5736 5870
f 5844 5714 5808
f 5580 5818 5948
f 5853 5809 5581
f 5776 5810 5955
f 5903 5739 5888
f 5819 5705 5905
f 5822 5905 5705
f 5781 5755 5822
f 5781 5753 5741
f 5977 5828 5765
f 5765 5754 5977
f 5829 5778 5820
f 5821 5820 5778
f 5890 5873 5702
f 5702 5660 5890
f 5830 5890 5660
f 5766 5860 5797
f 5741 5755 5781
f 9740 5782 5894
f 5725 5894 5782
f 5835 5912 5612
f 5823 5744 5970
f 5836 5970 5744
f 5814 5836 5744
f 5815 5814 5771
f 5784 5757 5896
f 5804 5803 5729
f 5772 5839 5787
f 5849 5848 5772
f 5748 5733 5880
f 5931 5840 5789
f 5789 5805 5931
f 5882 5898 5805
f 5759 5790 5883
f 5843 5869 5774
f 5736 5792 5870
f 5974 5808 5714
f 5714 5673 5974
f 5760 5738 5902
f 5738 5920 5902
f 5826 5854 5699
f 5933 5888 5739
f 5856 5794 5716
f 5700 5795 5777
f 5967 5800 5721
f 5833 5857 5763
f 5801 5875 5743
f 5813 5767 5876
f 5766 5686 5874
f 5798 5861 5720
f 5832 5722 5762
f 5802 5718 5958
f 5831 5827 5799
f 5725 5756 5894
f 5756 5783 5895
f 5847 5862 5783
f 5878 5825 5727
f 5727 5816 5878
f 5817 5896 5757
f 5785 5803 5864
f 5804 5786 5838
f 5840 5880 5733
f 5931 5805 5898
f 5866 5790 5682
f 5850 5953 5791
f 5791 5851 5850
f 5776 5955 5920
f 5887 5955 5810
f 5810 5854 5887
f 5856 5761 5889
f 5761 5846 5889
f 5926 5811 5829
f 5812 5687 5969
f 5801 5813 5909
f 5802 5939 5877
f 5769 5796 5834
f 5796 5724 5893
f 5862 5895 5783
f 5824 5836 5814
f 5814 5815 5824
f 5944 5824 5815
f 5913 5944 5815
f 5815 5825 5913
f 5817 5785 5864
f 5837 5865 5804
f 5839 5772 5848
f 5848 5849 5879
f 5986 5946 5748
f 5882 5759 5883
f 5841 5851 5625
f 5844 5870 5792
f 5750 5775 5900
f 5885 5900 5775
f 5794 5956 5855
f 5905 5991 5819
f 5926 5858 5811
f 5860 5859 5797
f 5686 5936 5874
f 5979 5779 5704
f 5687 5780 5969
f 5963 5822 5755
f 5755 5741 5925
f 5865 5864 5803
f 5803 5804 5865
f 5804 5838 5837
f 5915 5986 5748
f 5748 5880 5915
f 5790 5866 5899
f 5853 5919 5809
f 5871 5845 5760
f 5760 5902 5871
f 5826 5649 5922
f 5903 5922 5649
f 5856 5956 5794
f 5967 5831 5800
f 5909 5813 5876
f 5724 5827 5893
f 5858 5926 5906
f 5890 5830 5891
f 5859 5891 5830
f 5861 5979 5704
f 5967 5892 5831
f 5975 5722 5832
f 5857 5833 5976
f 5833 5875 5976
f 5802 5958 5957
f 5893 5834 5796
f 5910 9741 9740
f 5894 5910 9740
f 5894 5756 5895
f 5847 6025 5862
f 5878 6009 5825
f 5878 5816 5863
f 5816 5784 5863
f 5784 5896 5863
f 5838 5839 5837
f 5848 5837 5839
f 5840 5931 5881
f 5953 5866 5806
f 5851 5841 5916
f 5884 5852 5841
f 5683 5867 5966
f 5774 5868 5807
f 5775 5948 5885
f 5854 5826 5921
f 5922 5921 5826
f 5872 5795 5819
f 5819 5991 5872
f 5820 5821 5907
f 5873 5907 5821
f 5969 5780 5992
f 5949 5863 5896
f 5897 5896 5817
f 5837 5848 5914
f 5879 5849 6011
f 6012 6011 5849
f 5849 5788 6012
f 5840 5881 5880
f 5916 5850 5851
f 5683 5932 5884
f 5868 5842 5807
f 5870 5869 5843
f 5900 5974 5750
f 5886 5542 5901
f 5542 5793 5901
f 5919 5853 5751
f 6016 5990 5751
f 5751 5845 6016
f 5892 5940 5831
f 5927 5721 5722
f 5857 5832 5763
f 5909 5876 6036
f 5827 5831 5940
f 5967 5721 5927
f 5976 5875 5937
f 5875 5801 5938
f 5939 5802 6087
f 5895 5862 6025
f 6025 5847 5911
f 5912 5911 5847
f 5912 5835 5929
f 6066 5970 5836
f 5836 5824 5943
f 5930 5865 5837
f 5881 5915 5880
f 5852 5916 5841
f 5947 5867 5842
f 6016 5845 5871
f 5777 5795 5904
f 5872 5904 5795
f 5963 5905 5822
f 5829 5820 5934
f 5820 5907 5934
f 6062 5992 5780
f 5780 5828 6062
f 5908 5937 5875
f 5938 5908 5875
f 5909 5938 5801
f 5876 5877 5978
f 5939 5978 5877
f 5957 6087 5802
f 5944 5943 5824
f 5825 6009 5913
f 5817 5864 5897
f 5930 5864 5865
f 5914 5930 5837
f 5945 5914 5848
f 5848 5879 5945
f 5882 5883 5965
f 5852 5884 5917
f 5884 5932 5917
f 5947 5842 5868
f 5869 5868 5774
f 5818 5886 6002
f 5793 5809 5918
f 5919 5918 5809
f 5887 5854 5921
f 5889 5923 5856
f 5846 5777 6003
f 5777 5904 6003
f 5963 5755 5924
f 5925 9736 5755
f 6006 5754 5858
f 5858 5906 6006
f 5934 5926 5829
f 5907 5873 5960
f 5873 5890 5961
f 5891 5961 5890
f 5859 5860 6022
f 5766 6022 5860
f 5892 5967 5981
f 5975 5927 5722
f 5941 5895 5928
f 5895 6025 5928
f 5950 5949 5896
f 5896 5897 5950
f 6011 6128 5879
f 5952 5931 5898
f 5899 5883 5790
f 5899 5866 6000
f 5973 5916 5852
f 6013 5870 5844
f 6002 5948 5818
f 6145 6002 5886
f 5855 6103 5933
f 5923 5956 5856
f 5926 5934 6117
f 5874 5935 5766
f 5980 5979 5861
f 5861 5798 5980
f 5938 5909 5982
f 6036 5982 5909
f 5978 5939 6087
f 5834 5893 6065
f 5894 5895 5941
f 5835 5823 5942
f 5897 5864 5951
f 5930 5914 5951
f 6111 5945 5879
f 5987 5952 5898
f 5898 5882 5987
f 5965 5987 5882
f 5953 6000 5866
f 5808 6043 5844
f 5948 6069 5885
f 5901 6145 5886
f 5751 5990 5919
f 5922 5903 6116
f 5963 5991 5905
f 5754 6006 5977
f 6085 5934 5907
f 5961 5960 5873
f 5936 5968 5874
f 6072 5993 5832
f 5832 5857 6072
f 6009 5878 6049
f 5985 5949 5950
f 5897 5951 5950
f 5864 5930 5951
f 6128 6111 5879
f 6040 6012 5788
f 5952 5881 5931
f 5954 5953 5850
f 5916 5954 5850
f 5966 5932 5683
f 6013 5844 6043
f 5974 5900 6014
f 5955 5887 6173
f 5888 5933 6054
f 6103 6054 5933
f 5991 5904 5872
f 9736 5924 5755
f 5977 5959 5828
f 5926 6117 5906
f 5891 5859 6021
f 6022 6021 5859
f 5935 5962 5766
f 5975 5832 5993
f 5908 5994 5937
f 6036 5876 5978
f 6065 5958 5834
f 5940 5892 5995
f 9741 5910 5997
f 5928 6047 5941
f 5911 5912 5983
f 5912 5929 5983
f 5943 6066 5836
f 5863 5949 5971
f 5788 5946 6129
f 5868 5869 6001
f 5808 5974 6051
f 5901 5793 6044
f 9734 5924 9736
f 5960 6085 5907
f 5962 6022 5766
f 6024 5980 5798
f 5969 6024 5798
f 5959 6062 5828
f 5997 5910 5998
f 5970 5942 5823
f 5944 6126 5943
f 5878 5863 6049
f 5984 5971 5949
f 5949 5985 5984
f 6089 5972 5951
f 5951 5914 6089
f 5914 5945 6089
f 6129 6040 5788
f 5915 5881 6027
f 5852 5917 5989
f 6051 6043 5808
f 6069 5948 6015
f 5918 6044 5793
f 5920 6102 5902
f 5920 5955 6052
f 5955 6173 6052
f 5956 6032 5855
f 6019 5923 5889
f 5994 5976 5937
f 5908 5938 6055
f 5982 6055 5938
f 5957 5958 6123
f 6065 6037 5958
f 6083 5977 6006
f 5934 6070 6117
f 5960 5961 6060
f 5968 5936 6071
f 5936 5779 6071
f 5991 6004 5904
f 5963 5924 6005
f 6005 5924 9734
f 9741 5997 5996
f 5964 5998 5910
f 6047 5964 5941
f 6047 5928 6048
f 5944 5913 5999
f 5971 6049 5863
f 6026 5985 5950
f 5950 5951 5972
f 5946 5986 6129
f 5987 5965 6028
f 5965 5883 6028
f 5883 5899 6068
f 5899 6000 6029
f 5973 5852 5989
f 5966 5867 6080
f 6002 6015 5948
f 5919 6081 5918
f 5871 5902 6186
f 6102 6186 5902
f 6052 6102 5920
f 6017 6173 5887
f 6017 5887 5921
f 5921 5922 6133
f 6046 6019 5889
f 5889 5846 6046
f 6003 6046 5846
f 5967 5927 5981
f 6036 5978 6056
f 5893 5827 6008
f 5827 5940 6008
f 5940 5995 6008
f 6060 5961 6020
f 6137 6071 5779
f 5779 5979 6137
f 5984 5985 6067
f 5950 5972 6026
f 5881 6041 6027
f 5899 6029 6068
f 5988 6000 5953
f 5954 5988 5953
f 5916 5973 6030
f 5932 5966 6132
f 6001 6042 5868
f 6013 6113 5870
f 6051 5974 6014
f 6069 5900 5885
f 6044 6145 5901
f 6053 5903 5888
f 6054 6053 5888
f 6003 5904 6033
f 6087 5957 6123
f 6037 6123 5958
f 6075 6065 5893
f 6058 6070 5934
f 5934 6085 6058
f 6060 6059 5960
f 6020 5961 6136
f 5891 6136 5961
f 5983 6038 5911
f 6140 5999 5913
f 5881 5952 6041
f 5987 6028 6050
f 6068 6028 5883
f 5988 5954 6030
f 5916 6030 5954
f 6080 6132 5966
f 5867 5947 6031
f 6113 5869 5870
f 5990 6081 5919
f 6053 6116 5903
f 5855 6032 6103
f 6004 6033 5904
f 5975 5993 6035
f 5978 6087 6064
f 6008 6075 5893
f 5959 5977 6231
f 6085 5960 6059
f 5968 5935 5874
f 5892 5981 6063
f 6072 5857 6007
f 5857 5976 6007
f 5976 5994 6007
f 5994 5908 6055
f 6064 6056 5978
f 6065 6075 6074
f 6047 5998 5964
f 6039 6078 5929
f 5929 5835 6039
f 6208 6140 5913
f 5913 6009 6208
f 5984 6067 6088
f 6090 6129 5986
f 5986 5915 6090
f 6050 5952 5987
f 6013 6043 6114
f 6016 5871 6199
f 6018 6017 5921
f 5921 6133 6018
f 5923 6032 5956
f 6059 6060 6104
f 5891 6021 6061
f 5962 5935 6023
f 5980 6137 5979
f 5969 5992 6024
f 5992 6062 6167
f 6035 5927 5975
f 6007 5994 6122
f 5983 5929 6078
f 5942 5970 6066
f 5943 6193 6066
f 6009 6049 6168
f 6067 5985 6010
f 6079 6029 6000
f 6092 6079 6000
f 6000 5988 6092
f 5917 5932 6132
f 6031 6080 5867
f 5947 6042 6031
f 6113 6093 5869
f 6045 6103 6032
f 6033 6046 6003
f 6096 5963 6005
f 6006 5906 6084
f 6084 5906 6117
f 6063 5981 6034
f 5981 5927 6034
f 5993 6072 6213
f 6138 6008 5995
f 5996 5997 9742
f 6038 5983 6139
f 5944 5999 6126
f 5971 5984 6088
f 6112 6128 6011
f 6011 6012 6112
f 6040 6112 6012
f 6050 6041 5952
f 5917 6132 6131
f 6001 5869 6093
f 5922 6116 6133
f 6095 5923 6019
f 5991 5963 6163
f 5977 6083 6231
f 6084 6083 6006
f 6022 6061 6021
f 5980 6024 6206
f 6121 6062 5959
f 6231 6121 5959
f 5892 6063 6109
f 6055 5982 6107
f 6109 5995 5892
f 6077 9742 5997
f 6124 6077 5997
f 5998 6124 5997
f 6025 5911 6099
f 6038 6099 5911
f 5835 5942 6039
f 5942 6066 6125
f 6009 6168 6208
f 6067 6010 6169
f 5985 6026 6010
f 6050 6028 6171
f 6221 6171 6028
f 5988 6030 6092
f 6158 6092 6030
f 6016 6210 5990
f 6032 5923 6045
f 6163 6004 5991
f 6005 9738 6096
f 6231 6083 6097
f 6071 6120 5968
f 6200 6034 5927
f 6072 6007 6202
f 6036 6056 6073
f 6138 6075 6008
f 6154 6153 5998
f 6047 6154 5998
f 6049 5971 6253
f 5972 6142 6026
f 6089 5945 6143
f 5945 6111 6143
f 5915 6027 6090
f 6281 6090 6027
f 6027 6041 6100
f 6326 6100 6041
f 6028 6068 6221
f 6158 6030 6130
f 5973 6130 6030
f 6159 6113 6013
f 6114 6043 6256
f 6043 6051 6256
f 5900 6069 6160
f 6307 6145 6044
f 5918 6307 6044
f 6211 6173 6017
f 6018 6211 6017
f 6212 6054 6103
f 5923 6095 6187
f 6070 6058 6057
f 6136 5891 6178
f 6061 6178 5891
f 6061 6022 6086
f 5935 5968 6120
f 5992 6167 6024
f 9742 6077 6076
f 6124 5998 6153
f 6219 6154 6047
f 6047 6048 6219
f 6099 6038 6207
f 6126 6193 5943
f 6168 6049 6194
f 6141 6010 6026
f 6142 6141 6026
f 6100 6281 6027
f 6041 6050 6183
f 6001 6031 6042
f 6051 6014 6101
f 6210 6016 6199
f 6199 5871 6186
f 6053 6054 6146
f 6033 6004 6082
f 5927 6035 6200
f 6271 6035 5993
f 5993 6213 6271
f 6122 5994 6105
f 6055 6106 5994
f 5982 6036 6227
f 6073 6227 6036
f 6251 6073 6056
f 6056 6064 6251
f 6057 6117 6070
f 6085 6059 6205
f 6059 6104 6205
f 6104 6060 6098
f 6020 6098 6060
f 6023 6022 5962
f 6121 6167 6062
f 6122 6189 6007
f 6106 6055 6107
f 6107 5982 6227
f 6087 6123 6150
f 6204 6037 6065
f 6074 6204 6065
f 5928 6025 6099
f 6078 6139 5983
f 6126 5999 6180
f 6169 6088 6067
f 6170 6169 6010
f 6040 6129 6182
f 6221 6068 6091
f 6068 6029 6091
f 6114 6159 6013
f 5918 6081 6267
f 5990 6210 6081
f 6102 6052 6115
f 6116 6053 6094
f 6053 6146 6094
f 6019 6046 6095
f 6033 6095 6046
f 9738 6218 6096
f 6023 6086 6022
f 5935 6229 6023
f 6166 6120 6071
f 6137 6166 6071
f 6202 6007 6189
f 6106 6105 5994
f 6227 6073 6108
f 6123 6037 6204
f 6151 6138 5995
f 5995 6109 6151
f 6155 6219 6048
f 6048 5928 6155
f 5999 6140 6180
f 6194 6049 6253
f 6088 6169 6235
f 6182 6112 6040
f 6029 6079 6184
f 5989 6130 5973
f 5989 6131 6209
f 6114 6256 6159
f 6282 6256 6051
f 6212 6146 6054
f 6096 6163 5963
f 6176 6084 6117
f 6058 6085 6228
f 6205 6228 6085
f 6061 6086 6178
f 6206 6137 5980
f 6109 6063 6152
f 6174 6152 6063
f 6063 6034 6174
f 6213 6072 6201
f 6251 6108 6073
f 6099 6155 5928
f 6141 6170 6010
f 6089 6143 6127
f 6158 6157 6092
f 6093 6113 6237
f 6014 5900 6283
f 5900 6160 6283
f 6188 6187 6095
f 6033 6082 6162
f 6082 6004 6134
f 6163 6134 6004
f 6164 6083 6084
f 6176 6164 6084
f 6098 6118 6104
f 6206 6024 6230
f 6139 6207 6038
f 6110 6125 6066
f 6066 6193 6110
f 6156 6253 5971
f 5971 6088 6156
f 5972 6089 6127
f 6029 6184 6091
f 6157 6079 6092
f 6185 6130 5989
f 6001 6144 6031
f 6238 6282 6051
f 6101 6014 6283
f 6437 6307 5918
f 5918 6267 6437
f 6186 6102 6115
f 6133 6116 6357
f 6103 6045 6161
f 6045 5923 6187
f 6216 6074 6075
f 6075 6138 6216
f 6119 6086 6023
f 6119 6023 6229
f 6270 6229 5935
f 6120 6270 5935
f 6202 6201 6072
f 6108 6251 6149
f 6064 6087 6150
f 6245 6151 6109
f 6152 6245 6109
f 6235 6156 6088
f 6127 6142 5972
f 6209 6185 5989
f 6001 6093 6144
f 6222 6144 6093
f 6018 6133 6211
f 6094 6357 6116
f 6095 6033 6162
f 6135 6163 6096
f 6096 6218 6135
f 6020 6136 6165
f 6229 6269 6119
f 6166 6270 6120
f 6244 6189 6122
f 6122 6105 6244
f 6106 6175 6105
f 6106 6107 6361
f 6203 6150 6123
f 6123 6204 6203
f 6216 6204 6074
f 6124 6153 6263
f 6139 6078 6191
f 6274 6078 6039
f 6192 6274 6039
f 6039 5942 6192
f 5942 6125 6192
f 6129 6090 6220
f 6131 6132 6197
f 6051 6101 6238
f 6015 6002 6172
f 6357 6211 6133
f 6103 6308 6212
f 6148 6117 6057
f 6057 6058 6228
f 6217 6205 6104
f 6104 6118 6217
f 6178 6165 6136
f 6178 6086 6190
f 6167 6230 6024
f 6150 6251 6064
f 6151 6216 6138
f 6125 6110 6313
f 6169 6170 6278
f 6170 6141 6195
f 6141 6142 6279
f 6143 6111 6325
f 6128 6325 6111
f 6182 6129 6220
f 6281 6100 6378
f 6183 6326 6041
f 6289 6183 6050
f 6171 6289 6050
f 6132 6080 6197
f 6222 6093 6237
f 6159 6237 6113
f 6015 6160 6069
f 6002 6145 6172
f 6095 6162 6188
f 6284 6176 6117
f 6117 6148 6284
f 6098 6020 6177
f 6166 6137 6206
f 6200 6241 6034
f 6202 6189 6243
f 6215 6227 6108
f 6149 6215 6108
f 6077 6232 6076
f 6154 6263 6153
f 6099 6219 6155
f 6207 6139 6252
f 6252 6139 6179
f 6191 6179 6139
f 6143 6254 6127
f 6325 6128 6364
f 6128 6112 6364
f 6112 6182 6181
f 6290 6221 6091
f 6157 6158 6292
f 6158 6130 6185
f 6147 6308 6103
f 6187 6161 6045
f 6163 6135 6268
f 6098 6248 6118
f 6177 6020 6165
f 6086 6119 6249
f 6269 6249 6119
f 6134 6163 6268
f 6218 6268 6135
f 6193 6126 6447
f 6528 6208 6168
f 6156 6235 6266
f 6169 6278 6235
f 6195 6141 6279
f 6196 6171 6221
f 6304 6079 6157
f 6185 6292 6158
f 6185 6209 6293
f 6080 6031 6198
f 6306 6198 6031
f 6380 6238 6101
f 6240 6295 6052
f 6052 6173 6240
f 6211 6240 6173
f 6187 6188 6224
f 6174 6034 6260
f 6242 6200 6035
f 6035 6271 6242
f 6175 6106 6361
f 6361 6107 6226
f 6399 6251 6150
f 6203 6399 6150
f 6228 6205 6247
f 6177 6248 6098
f 6165 6178 6190
f 6249 6190 6086
f 6274 6191 6078
f 6180 6447 6126
f 6314 6326 6183
f 6198 6197 6080
f 6031 6144 6306
f 6256 6282 6257
f 6145 6307 6368
f 6239 6186 6223
f 6186 6115 6223
f 6244 6105 6214
f 6226 6107 6227
f 6310 6203 6204
f 6261 6310 6204
f 6097 6083 6246
f 6164 6246 6083
f 6190 6249 6340
f 6343 6230 6167
f 6167 6121 6343
f 6259 6121 6231
f 6231 6097 6312
f 6219 6099 6234
f 6192 6125 6376
f 6313 6376 6125
f 6168 6194 6275
f 6195 6278 6170
f 6142 6127 6254
f 6181 6364 6112
f 6220 6181 6182
f 6335 6289 6171
f 6290 6091 6236
f 6292 6304 6157
f 6327 6237 6159
f 6368 6172 6145
f 6186 6337 6199
f 6295 6115 6052
f 6161 6147 6103
f 6224 6161 6187
f 6268 6322 6134
f 6241 6260 6034
f 6200 6242 6241
f 6271 6213 6225
f 6213 6201 6250
f 6201 6202 6250
f 6243 6250 6202
f 6189 6244 6243
f 6175 6214 6105
f 6297 6215 6149
f 6149 6251 6298
f 6204 6216 6261
f 6248 6217 6118
f 6269 6229 6342
f 6121 6299 6343
f 6121 6259 6299
f 6134 6258 6082
f 6077 6124 6233
f 6124 6263 6233
f 6263 6154 6363
f 6264 6363 6154
f 6154 6219 6264
f 6099 6207 6265
f 6110 6193 6313
f 6194 6253 6275
f 6303 6254 6143
f 6220 6090 6288
f 6090 6281 6288
f 6183 6289 6314
f 6091 6184 6236
f 6255 6184 6079
f 6079 6304 6255
f 6305 6294 6209
f 6209 6197 6305
f 6199 6356 6210
f 6295 6223 6115
f 6345 6261 6216
f 6216 6151 6262
f 6151 6245 6262
f 6245 6152 6311
f 6057 6228 6429
f 6360 6270 6166
f 9574 6268 6218
f 6218 6232 9574
f 6265 6234 6099
f 6207 6324 6265
f 6447 6313 6193
f 6180 6140 6391
f 6143 6325 6303
f 6220 6288 6424
f 6290 6196 6221
f 6144 6222 6306
f 6210 6267 6081
f 6224 6188 6369
f 6262 6345 6216
f 6097 6246 6312
f 6331 6246 6164
f 6176 6331 6164
f 6057 6429 6148
f 6247 6429 6228
f 6217 6247 6205
f 6248 6177 6319
f 6342 6229 6359
f 6270 6359 6229
f 6166 6206 6402
f 6231 6312 6259
f 6232 6077 6333
f 6191 6274 6348
f 6302 6140 6208
f 6253 6156 6276
f 6235 6278 6277
f 6236 6184 6291
f 6336 6304 6292
f 6294 6293 6209
f 6198 6353 6197
f 6380 6282 6238
f 6239 6337 6186
f 6211 6357 6468
f 6188 6162 6309
f 6258 6309 6162
f 6339 6241 6242
f 6242 6271 6339
f 6227 6215 6272
f 6297 6149 6298
f 6245 6311 6419
f 6165 6319 6177
f 6190 6320 6165
f 6342 6341 6269
f 6402 6360 6166
f 6214 6318 6244
f 6175 6329 6214
f 6226 6227 6272
f 6399 6203 6344
f 6419 6262 6245
f 6264 6219 6300
f 6234 6265 6273
f 6265 6324 6301
f 6389 6324 6207
f 6346 6389 6207
f 6207 6252 6346
f 6302 6391 6140
f 6275 6253 6276
f 6156 6266 6349
f 6277 6266 6235
f 6279 6142 6280
f 6142 6254 6280
f 6100 6326 6378
f 6171 6196 6315
f 6353 6305 6197
f 6237 6379 6222
f 6159 6256 6327
f 6257 6327 6256
f 6101 6283 6380
f 6368 6307 6381
f 6267 6210 6356
f 6356 6199 6337
f 6146 6357 6094
f 6308 6147 6317
f 6188 6309 6369
f 6258 6134 6322
f 6217 6248 6401
f 6319 6165 6472
f 6320 6472 6165
f 6249 6269 6321
f 6206 6230 6402
f 6339 6271 6225
f 6250 6225 6213
f 6318 6433 6243
f 6243 6244 6318
f 6404 6345 6262
f 6419 6404 6262
f 6174 6311 6152
f 9574 6232 6285
f 6232 6333 6285
f 6233 6286 6077
f 6233 6263 6287
f 6363 6287 6263
f 6234 6300 6219
f 6348 6179 6191
f 6352 6181 6220
f 6315 6335 6171
f 6292 6185 6463
f 6367 6463 6185
f 6306 6222 6379
f 6327 6466 6237
f 6015 6172 6160
f 6211 6296 6240
f 6212 6438 6146
f 6358 6247 6217
f 6217 6401 6358
f 6319 6371 6248
f 6340 6320 6190
f 6321 6340 6249
f 6269 6341 6321
f 6360 6359 6270
f 6174 6260 6328
f 6243 6398 6250
f 6399 6298 6251
f 6310 6344 6203
f 6286 6333 6077
f 6301 6375 6265
f 6447 6180 6391
f 6208 6528 6302
f 6413 6528 6168
f 6168 6377 6413
f 6275 6377 6168
f 6156 6349 6276
f 6424 6352 6220
f 6378 6288 6281
f 6185 6293 6367
f 6355 6257 6282
f 6380 6355 6282
f 6296 6211 6468
f 6357 6146 6382
f 6308 6438 6212
f 6470 6312 6246
f 6246 6331 6470
f 6370 6247 6358
f 6362 6323 9574
f 6285 6362 9574
f 6287 6286 6233
f 6363 6264 6334
f 6300 6334 6264
f 6273 6300 6234
f 6273 6265 6375
f 6346 6252 6347
f 6179 6347 6252
f 6348 6274 6446
f 6274 6192 6446
f 6376 6446 6192
f 6254 6303 6414
f 6289 6335 6314
f 6236 6316 6290
f 6255 6291 6184
f 6354 6379 6237
f 6466 6354 6237
f 6356 6437 6267
f 6239 6406 6337
f 6174 6328 6420
f 6418 6250 6398
f 6297 6272 6215
f 6298 6435 6297
f 6456 6284 6148
f 6332 6429 6247
f 6370 6332 6247
f 6360 6402 6492
f 6322 6268 6323
f 6285 6333 6474
f 6277 6278 6422
f 6477 6422 6278
f 6195 6279 6449
f 6280 6351 6279
f 6394 6255 6304
f 6353 6294 6305
f 6580 6381 6307
f 6307 6437 6580
f 6454 6382 6146
f 6438 6454 6146
f 6438 6308 6519
f 6317 6519 6308
f 6369 6309 6396
f 6258 6396 6309
f 6260 6241 6338
f 6241 6339 6338
f 6433 6398 6243
f 6329 6175 6361
f 6311 6174 6420
f 6400 6176 6284
f 6230 6343 6372
f 6412 6376 6313
f 6447 6412 6313
f 6276 6377 6275
f 6350 6278 6195
f 6195 6449 6350
f 6537 6424 6288
f 6288 6378 6537
f 6378 6326 6496
f 6393 6326 6314
f 6335 6479 6314
f 6335 6315 6366
f 6316 6196 6290
f 6463 6336 6292
f 6223 6406 6239
f 6468 6357 6382
f 6147 6161 6317
f 6418 6225 6250
f 6399 6532 6298
f 6310 6261 6385
f 6443 6419 6311
f 6400 6331 6176
f 6284 6456 6400
f 6371 6401 6248
f 6472 6320 6430
f 6473 6430 6320
f 6320 6340 6473
f 6431 6340 6321
f 6230 6372 6417
f 6373 6258 6322
f 6273 6334 6300
f 6375 6301 6410
f 6301 6324 6411
f 6278 6350 6477
f 6280 6254 6414
f 6303 6478 6414
f 6393 6496 6326
f 6452 6293 6294
f 6488 6198 6306
f 6466 6327 6467
f 6327 6257 6516
f 6407 6317 6161
f 6161 6224 6407
f 6397 6339 6225
f 6318 6214 6403
f 6361 6483 6329
f 6226 6272 6434
f 6330 6434 6272
f 6341 6431 6321
f 6373 6322 6387
f 6322 6323 6428
f 6323 6362 6428
f 6374 6474 6333
f 6286 6374 6333
f 6390 6347 6179
f 6348 6390 6179
f 6392 6377 6276
f 6279 6351 6449
f 6325 6364 6436
f 6352 6364 6181
f 6426 6479 6335
f 6335 6366 6426
f 6236 6415 6316
f 6236 6291 6427
f 6294 6353 6395
f 6464 6488 6306
f 6379 6464 6306
f 6160 6380 6283
f 6172 6368 6453
f 6356 6337 6406
f 6406 6223 6489
f 6418 6397 6225
f 6403 6481 6318
f 6329 6403 6214
f 6383 6330 6272
f 6297 6383 6272
f 6385 6344 6310
f 6441 6148 6429
f 6431 6473 6340
f 6343 6299 6372
f 6481 6433 6318
f 6329 6586 6403
f 6226 6483 6361
f 6384 6383 6297
f 6435 6384 6297
f 6435 6298 6532
f 6388 6362 6285
f 6392 6276 6349
f 6424 6537 6365
f 6425 6393 6314
f 6314 6479 6425
f 6451 6394 6304
f 6304 6336 6451
f 6497 6367 6293
f 6353 6198 6416
f 6408 6407 6224
f 6373 6396 6258
f 6485 6470 6331
f 6400 6485 6331
f 6441 6456 6148
f 6544 6542 6358
f 6358 6401 6544
f 6342 6386 6341
f 6402 6230 6417
f 6299 6259 6459
f 6338 6328 6260
f 6338 6339 6531
f 6339 6397 6531
f 6404 6494 6345
f 6420 6443 6311
f 6285 6474 6388
f 6287 6421 6286
f 6287 6363 6460
f 6334 6460 6363
f 6301 6411 6410
f 6390 6348 6462
f 6446 6462 6348
f 6303 6325 6436
f 6316 6315 6196
f 6463 6451 6336
f 6452 6497 6293
f 6395 6452 6294
f 6160 6172 6453
f 6381 6453 6368
f 6437 6356 6405
f 6295 6489 6223
f 6439 6224 6369
f 6396 6439 6369
f 6387 6322 6428
f 6370 6358 6559
f 6542 6559 6358
f 6319 6490 6371
f 6386 6342 6432
f 6359 6432 6342
f 6545 6372 6299
f 6259 6312 6459
f 6460 6421 6287
f 6273 6375 6409
f 6324 6389 6411
f 6389 6535 6526
f 6461 6389 6346
f 6508 6346 6347
f 6643 6392 6349
f 6349 6266 6448
f 6266 6277 6448
f 6364 6352 6423
f 6496 6537 6378
f 6415 6236 6427
f 6427 6291 6450
f 6394 6450 6255
f 6394 6451 6514
f 6497 6463 6367
f 6488 6416 6198
f 6257 6355 6516
f 6296 6295 6240
f 6493 6330 6383
f 6385 6261 6602
f 6429 6332 6572
f 6559 6332 6370
f 6490 6503 6371
f 6471 6490 6319
f 6319 6472 6471
f 6299 6459 6545
f 6423 6436 6364
f 6415 6512 6316
f 6296 6468 6498
f 6522 6531 6397
f 6397 6418 6522
f 6433 6486 6398
f 6385 6602 6505
f 6400 6456 6440
f 6503 6544 6401
f 6401 6371 6503
f 6359 6360 6492
f 6312 6470 6459
f 6483 6482 6329
f 6344 6385 6505
f 6602 6261 6345
f 6345 6494 6602
f 6516 6467 6327
f 6380 6160 6529
f 6160 6453 6529
f 6453 6381 6517
f 6580 6517 6381
f 6406 6405 6356
f 6500 6396 6373
f 6375 6410 6445
f 6461 6535 6389
f 6446 6376 6510
f 6376 6412 6510
f 6447 6391 6609
f 6302 6528 6527
f 6277 6422 6448
f 6414 6351 6280
f 6366 6315 6553
f 6427 6480 6415
f 6386 6431 6341
f 6492 6432 6359
f 6328 6548 6420
f 6614 6522 6418
f 6442 6493 6383
f 6383 6384 6442
f 6435 6442 6384
f 6399 6344 6484
f 6505 6484 6344
f 6404 6419 6506
f 6443 6506 6419
f 6409 6375 6475
f 6445 6475 6375
f 6526 6411 6389
f 6366 6553 6426
f 6315 6316 6553
f 6514 6450 6394
f 6295 6296 6518
f 6317 6407 6455
f 6439 6408 6224
f 6387 6428 9761
f 6456 6441 6457
f 6648 6441 6429
f 6429 6572 6648
f 6492 6402 6458
f 6402 6417 6458
f 6531 6584 6328
f 6328 6338 6531
f 6418 6398 6585
f 6486 6585 6398
f 6532 6399 6484
f 6506 6494 6404
f 6507 9761 6362
f 6362 6388 6507
f 6334 6273 6444
f 6409 6444 6273
f 6508 6461 6346
f 6412 6447 6476
f 6495 6609 6391
f 6391 6302 6495
f 6511 6413 6377
f 6392 6511 6377
f 6551 6422 6477
f 6512 6553 6316
f 6512 6415 6577
f 6480 6577 6415
f 6623 6452 6395
f 6465 6464 6354
f 6354 6466 6465
f 6580 6437 6540
f 6405 6593 6437
f 6489 6295 6518
f 6382 6454 6469
f 6407 6408 6499
f 6440 6485 6400
f 6472 6430 6530
f 6586 6481 6403
f 6586 6329 6482
f 6443 6420 6547
f 6444 6460 6334
f 6510 6462 6446
f 6609 6476 6447
f 6449 6351 6596
f 6352 6424 6552
f 6591 6496 6393
f 6425 6479 6611
f 6480 6427 6513
f 6427 6450 6513
f 6623 6395 6487
f 6416 6487 6395
f 6557 6516 6355
f 6592 6529 6453
f 6438 6660 6454
f 6558 6499 6408
f 6408 6439 6558
f 6457 6440 6456
f 6502 6572 6332
f 6332 6559 6502
f 6459 6470 6504
f 6500 6387 9757
f 6387 9761 9757
f 6444 6421 6460
f 6525 6410 6411
f 6411 6526 6525
f 6347 6390 6509
f 6462 6509 6390
f 6393 6425 6591
f 6451 6463 6539
f 6463 6497 6579
f 6515 6488 6464
f 6464 6465 6515
f 6466 6467 6556
f 6516 6556 6467
f 6674 6557 6355
f 6355 6380 6674
f 6517 6592 6453
f 6593 6540 6437
f 6518 6296 6688
f 6469 6498 6468
f 6468 6382 6469
f 6660 6469 6454
f 6455 6519 6317
f 6499 6455 6407
f 6567 6439 6396
f 6520 6567 6396
f 6548 6328 6584
f 6600 6486 6433
f 6433 6481 6600
f 6548 6547 6420
f 6470 6485 6501
f 6441 6648 6457
f 6503 6490 6560
f 6471 6472 6530
f 6473 6521 6430
f 6562 6473 6431
f 6431 6386 6582
f 6535 6461 6719
f 6756 6349 6448
f 6477 6350 6551
f 6303 6436 6727
f 6552 6424 6365
f 6553 6512 6565
f 6613 6674 6380
f 6380 6529 6613
f 6569 6531 6522
f 6614 6418 6585
f 6571 6483 6226
f 6226 6434 6571
f 6330 6493 6574
f 6442 6435 6532
f 6432 6491 6386
f 6569 6667 6531
f 6434 6330 6575
f 6374 6523 6474
f 6409 6475 6524
f 6525 6564 6410
f 6462 6510 6550
f 6590 6350 6449
f 6449 6596 6590
f 6536 6596 6351
f 6351 6414 6536
f 6673 6591 6425
f 6425 6611 6673
f 6513 6577 6480
f 6623 6497 6452
f 6406 6541 6405
f 6406 6489 6676
f 6489 6518 6626
f 6438 6566 6660
f 6566 6438 6519
f 9757 6520 6500
f 6470 6501 6583
f 6544 6503 6632
f 6490 6471 6573
f 6530 6573 6471
f 6562 6561 6473
f 6695 6562 6431
f 6582 6695 6431
f 6491 6582 6386
f 6432 6492 6629
f 6504 6545 6459
f 6583 6504 6470
f 6482 6483 6601
f 6574 6575 6330
f 6546 6574 6493
f 6493 6442 6546
f 6533 6506 6443
f 6443 6547 6533
f 6444 6409 6524
f 6564 6445 6410
f 6719 6461 6549
f 6461 6508 6549
f 6508 6347 6509
f 6509 6462 6550
f 6302 6527 6495
f 6589 6643 6349
f 6349 6756 6589
f 6414 6478 6536
f 6727 6478 6303
f 6552 6423 6352
f 6513 6450 6554
f 6514 6554 6450
f 6579 6539 6463
f 6556 6599 6465
f 6465 6466 6556
f 6516 6557 6659
f 6498 6688 6296
f 6503 6560 6632
f 6573 6560 6490
f 6473 6561 6521
f 6417 6372 6651
f 6372 6545 6651
f 6522 6614 6570
f 6571 6434 6575
f 6494 6506 6533
f 6563 6388 6474
f 6523 6563 6474
f 6421 6444 6576
f 6524 6475 6608
f 6475 6445 6608
f 6594 6564 6525
f 6719 6772 6535
f 6588 6550 6510
f 6510 6412 6588
f 6476 6588 6412
f 6620 6422 6551
f 6350 6590 6621
f 6478 6727 6622
f 6553 6565 6656
f 6577 6685 6512
f 6514 6451 6538
f 6487 6416 6612
f 6416 6488 6612
f 6659 6556 6516
f 6676 6489 6626
f 6518 6581 6626
f 6688 6581 6518
f 6567 6558 6439
f 6485 6440 6669
f 6544 6543 6542
f 6570 6569 6522
f 6532 6546 6442
f 6724 6620 6551
f 6551 6350 6621
f 6622 6536 6478
f 6553 6656 6426
f 6515 6612 6488
f 6592 6613 6529
f 6676 6541 6406
f 6499 6558 6647
f 6733 6558 6567
f 6669 6501 6485
f 6440 6457 6669
f 6714 6683 6572
f 6572 6502 6714
f 6573 6530 6605
f 6432 6629 6491
f 6492 6458 6629
f 6668 6545 6504
f 6667 6584 6531
f 6585 6708 6614
f 6571 6601 6483
f 6799 6533 6547
f 6534 6799 6547
f 6606 6640 6507
f 6507 6388 6606
f 6643 6589 6863
f 6727 6436 6728
f 6611 6479 6655
f 6426 6655 6479
f 6565 6512 6597
f 6538 6451 6539
f 6497 6623 6555
f 6543 6559 6542
f 6530 6521 6605
f 6548 6584 6747
f 6634 6575 6574
f 6574 6546 6634
f 6532 6616 6546
f 6484 6616 6532
f 6617 6505 6602
f 6547 6548 6534
f 6525 6526 6594
f 6642 6594 6526
f 6526 6535 6642
f 6595 6549 6508
f 6508 6509 6595
f 6528 6413 6741
f 6620 6448 6422
f 6725 6724 6551
f 6621 6725 6551
f 6597 6512 6685
f 6554 6514 6578
f 6515 6465 6646
f 6599 6646 6465
f 6659 6599 6556
f 6816 6674 6613
f 6593 6405 6541
f 6455 6499 6786
f 6631 6633 6560
f 6560 6573 6631
f 6629 6458 6650
f 6417 6650 6458
f 6563 6606 6388
f 6564 6594 6703
f 6392 6643 6831
f 6610 6365 6537
f 6537 6496 6610
f 6758 6610 6496
f 6496 6591 6758
f 6597 6656 6565
f 6539 6579 6687
f 6598 6579 6497
f 6497 6555 6598
f 6469 6660 6744
f 6566 6519 6627
f 6567 6568 6733
f 6585 6486 6615
f 6583 6501 6750
f 6648 6572 6670
f 6559 6543 6630
f 6632 6560 6633
f 6521 6561 6605
f 6491 6825 6582
f 6747 6534 6548
f 6569 6570 6662
f 6600 6663 6486
f 6634 6546 6628
f 6616 6628 6546
f 6484 6505 6635
f 6617 6635 6505
f 6494 6533 6636
f 6618 6587 9974
f 6523 9652 6912
f 6619 6444 6524
f 6607 6619 6524
f 6524 6608 6684
f 6509 6550 6654
f 6550 6588 6654
f 6511 6741 6413
f 6511 6392 6831
f 6365 6881 6552
f 6655 6645 6611
f 6685 6577 6705
f 6554 6657 6513
f 6578 6514 6658
f 6487 6624 6623
f 6599 6659 6782
f 6803 6517 6580
f 6558 6733 6647
f 6669 6604 6501
f 6714 6502 6630
f 6502 6559 6630
f 6632 6543 6544
f 6573 6605 6631
f 6605 6561 6682
f 6825 6695 6582
f 6652 6668 6504
f 6504 6583 6652
f 6662 6667 6569
f 6840 6570 6614
f 6708 6585 6615
f 6615 6486 6663
f 6523 6738 6563
f 6576 6444 6641
f 6445 6564 6702
f 6423 6728 6436
f 6423 6552 6742
f 6656 6655 6426
f 6646 6612 6515
f 6519 6455 6627
f 6786 6627 6455
f 9759 6568 9757
f 6572 6683 6670
f 6633 6631 6672
f 6561 6562 6682
f 6677 6639 9974
f 6639 9767 6618
f 6563 6738 6818
f 6738 6523 6912
f 6608 6445 6700
f 6642 6703 6594
f 6753 6535 6772
f 6719 6549 6773
f 6721 6773 6549
f 6549 6595 6721
f 6704 6527 6528
f 6528 6741 6704
f 6590 6596 6726
f 6577 6513 6705
f 6657 6705 6513
f 6625 6624 6487
f 6541 6760 6593
f 6732 6498 6469
f 6469 6744 6732
f 6566 6837 6660
f 6481 6586 6710
f 6586 6482 6664
f 6601 6664 6482
f 6617 6602 6679
f 6636 6679 6602
f 6602 6494 6636
f 6534 6763 6799
f 6631 6605 9964
f 6695 6682 6562
f 6651 6650 6417
f 6698 6651 6545
f 6750 6652 6583
f 9981 6677 9974
f 6700 6445 6702
f 6535 6753 6642
f 6595 6509 6653
f 6654 6588 6849
f 6704 6495 6527
f 6832 6756 6448
f 6644 6448 6620
f 6821 6621 6590
f 6726 6821 6590
f 6727 6728 6757
f 6742 6552 6881
f 6591 6673 6758
f 6656 6597 6729
f 6554 6578 6657
f 6538 6658 6514
f 6759 6598 6555
f 6647 6733 6661
f 9758 6733 6568
f 6840 6662 6570
f 6708 6840 6614
f 6710 6600 6481
f 6484 6635 6693
f 6617 6679 6843
f 6618 6765 6587
f 6563 6818 6606
f 6912 9652 6717
f 6619 6641 6444
f 6654 6653 6509
f 6448 6644 6832
f 6611 6645 6673
f 6775 6729 6597
f 6685 6775 6597
f 6578 6658 6686
f 6623 6624 6555
f 6923 6555 6624
f 6624 6625 6781
f 6852 6613 6592
f 6803 6580 6675
f 6580 6540 6675
f 6688 6498 6732
f 6744 6660 6761
f 6710 6709 6600
f 6664 6710 6586
f 6799 6712 6533
f 6534 6747 6763
f 6638 6765 6618
f 6545 6668 6698
f 6501 6604 6750
f 6714 6630 6649
f 6630 6543 6715
f 6633 6770 6632
f 9767 6639 6665
f 6457 6648 6699
f 6671 6543 6632
f 6632 6770 6671
f 9964 6605 6713
f 6605 6682 6713
f 6491 6749 6825
f 6691 6778 6747
f 6747 6584 6691
f 6667 6691 6584
f 6666 6707 6667
f 6663 6796 6615
f 6780 6678 6575
f 6575 6634 6780
f 6746 6780 6634
f 6628 6746 6634
f 6693 6616 6484
f 6843 6635 6617
f 6636 6533 6712
f 6681 6637 6603
f 6735 6681 6603
f 6603 6587 6735
f 6689 6665 6639
f 6640 6606 6737
f 6755 6723 6476
f 6476 6609 6755
f 6863 6831 6643
f 6742 6728 6423
f 6687 6538 6539
f 6598 6687 6579
f 6625 6612 6706
f 6612 6646 6706
f 6835 6557 6674
f 6803 6592 6517
f 6760 6540 6593
f 6676 6626 6743
f 6626 6581 6743
f 6761 6785 6744
f 6911 6786 6499
f 6499 6647 6911
f 6457 6699 6669
f 6648 6670 6699
f 6671 6715 6543
f 6770 6633 6672
f 6650 6651 6697
f 6737 6771 6640
f 6716 6737 6606
f 6654 6754 6653
f 6723 6588 6476
f 6495 6755 6609
f 6794 6644 6620
f 6724 6794 6620
f 6766 6705 6657
f 6730 6686 6658
f 6802 6646 6599
f 6599 6782 6802
f 6782 6659 6731
f 6659 6557 6731
f 6966 6743 6581
f 6691 6667 6707
f 6796 6692 6615
f 6600 6709 6663
f 6601 6571 6779
f 6765 6694 6587
f 6690 6665 6689
f 6662 6666 6667
f 6692 6708 6615
f 6575 6779 6571
f 6682 6695 6895
f 6805 6604 6669
f 6699 6805 6669
f 6751 6683 6714
f 6606 6818 6716
f 6607 6641 6619
f 6739 6684 6752
f 6700 6752 6684
f 6702 6564 6703
f 6703 6642 6819
f 6862 6819 6642
f 6723 6849 6588
f 6755 6495 7072
f 6536 6726 6596
f 6536 6622 6864
f 6880 6864 6622
f 6727 6880 6622
f 6610 6881 6365
f 6658 6538 6730
f 6687 6730 6538
f 6783 6731 6557
f 6557 6835 6783
f 6836 6676 6743
f 6689 6639 6734
f 6690 6762 6665
f 6664 6601 6779
f 6678 6780 6869
f 6843 6693 6635
f 6712 6711 6636
f 6680 6637 6764
f 6808 6764 6637
f 6637 6681 6808
f 6694 6735 6587
f 6713 6682 6844
f 6491 6629 6696
f 6650 6696 6629
f 6715 6649 6630
f 6739 6792 6607
f 6700 6702 6701
f 6722 6754 6654
f 6849 6722 6654
f 6741 6511 6831
f 6831 6863 7073
f 6657 6578 6800
f 6965 6852 6592
f 6966 6581 6885
f 6817 6885 6581
f 6581 6688 6817
f 6688 6732 6817
f 6744 6785 6784
f 6837 6761 6660
f 6838 6911 6647
f 6734 6777 6689
f 6662 6840 6891
f 6796 6663 6811
f 6664 6745 6710
f 6678 6779 6575
f 6843 6814 6693
f 6825 6895 6695
f 6696 6749 6491
f 6697 6651 6896
f 6651 6698 6896
f 7002 6698 6668
f 6792 6641 6607
f 6752 6793 6739
f 6701 6752 6700
f 6703 6718 6702
f 6642 6753 6977
f 6741 6831 6830
f 6673 6645 6822
f 6800 6766 6657
f 6686 6730 6801
f 6598 6815 6687
f 6816 6835 6674
f 6613 6852 6816
f 6592 6803 6965
f 6760 6675 6540
f 6541 6676 6836
f 6627 6837 6566
f 6786 6949 6627
f 6661 6838 6647
f 6762 6776 9769
f 6798 6663 6709
f 6745 6798 6709
f 6709 6710 6745
f 6616 6693 6947
f 6814 6947 6693
f 6711 6679 6636
f 6898 6765 6638
f 6736 6898 6638
f 9964 6713 6748
f 6826 6750 6604
f 6751 6670 6683
f 6769 6751 6649
f 6649 6715 6769
f 9976 6770 6672
f 6701 6702 6718
f 6773 6720 6719
f 6849 6723 6740
f 6724 6725 6820
f 6902 6758 6673
f 6822 6902 6673
f 6645 6833 6822
f 6578 6686 6800
f 6815 6730 6687
f 6884 6923 6624
f 6624 6781 6884
f 6802 6706 6646
f 6783 7044 6731
f 6837 6627 6949
f 6776 9774 9769
f 6807 6777 6734
f 6762 6690 6824
f 6690 6777 6861
f 6691 6707 6906
f 6708 6692 6840
f 6745 6664 6841
f 6779 6841 6664
f 6767 6748 6713
f 6713 6844 6767
f 6805 6826 6604
f 6714 6649 6751
f 6788 6912 6717
f 6717 6641 6788
f 6718 6703 6790
f 6642 6977 6862
f 6720 6773 6991
f 6829 6704 6741
f 6741 6830 6829
f 6645 6655 6833
f 6598 6759 6866
f 6555 6923 6759
f 6836 6760 6541
f 6796 6919 6692
f 6779 6678 6812
f 6780 6746 6842
f 6746 6628 6842
f 6905 6711 6712
f 6712 6799 6905
f 6778 6763 6747
f 6809 6681 6735
f 6735 6694 6809
f 6810 6809 6694
f 6765 6810 6694
f 6844 6682 6768
f 6652 7002 6668
f 6845 6652 6750
f 6750 6826 6845
f 6805 6699 6915
f 6846 6715 6671
f 6827 6846 6671
f 6671 6770 6827
f 6716 6818 7065
f 6793 6752 6789
f 6719 6720 6978
f 6722 6917 6754
f 7072 6723 6755
f 6832 6589 6756
f 6794 6724 6820
f 6791 6621 6821
f 6757 6728 6774
f 6728 6742 6774
f 7028 6881 6610
f 6729 6775 6850
f 6851 9727 6685
f 6685 6705 6851
f 6759 6923 6834
f 6733 9758 6968
f 6861 6824 6690
f 6778 6691 6906
f 6906 6707 6854
f 6870 6854 6707
f 6707 6666 6870
f 6853 6870 6666
f 6666 6662 6853
f 6662 6891 6853
f 6919 6840 6692
f 6843 6679 7013
f 6679 6711 7013
f 6680 6764 9966
f 6810 6765 6898
f 6848 6898 6736
f 9582 6766 6800
f 6815 6883 6730
f 6866 6815 6598
f 6803 6675 6924
f 6743 6983 6836
f 6784 6732 6744
f 6925 6661 6733
f 6733 6968 6925
f 6895 6768 6682
f 6896 6857 6697
f 6897 6699 6670
f 6670 6751 6897
f 6846 6769 6715
f 6827 6770 9976
f 6787 6839 6771
f 6771 6737 6787
f 6788 6926 6912
f 6739 6793 6792
f 6701 6789 6752
f 6773 6721 6991
f 6653 6721 6595
f 6828 6495 6704
f 6878 6863 6589
f 6589 6832 6878
f 6725 6621 6879
f 6621 6791 6879
f 6864 6726 6536
f 6727 6757 7026
f 6959 7028 6610
f 6775 6685 6850
f 9727 6850 6685
f 9582 6851 6705
f 9774 6776 6875
f 6776 6888 6823
f 6776 6762 6888
f 6762 6824 6804
f 6861 6777 6806
f 6807 6806 6777
f 6811 6663 6797
f 6798 6797 6663
f 6841 6798 6745
f 6812 6841 6779
f 6812 6678 6962
f 6869 6962 6678
f 6628 6616 6813
f 6947 6813 6616
f 6963 6799 6763
f 6847 6808 6681
f 6924 6965 6803
f 7035 6818 6738
f 6912 7035 6738
f 6641 6792 6788
f 6819 6790 6703
f 6772 6719 6978
f 6653 6754 6917
f 7072 6495 6828
f 6880 6727 7026
f 6742 6881 6774
f 6610 6758 6959
f 6902 6959 6758
f 6850 6795 6729
f 6823 6875 6776
f 6804 6888 6762
f 6748 6767 6856
f 6650 6697 6929
f 9610 6788 6792
f 6753 6772 6978
f 6829 6828 6704
f 7027 6774 6881
f 6902 6822 6960
f 6833 6940 6822
f 6841 6868 6798
f 6799 6963 6905
f 6964 6963 6763
f 6763 6778 6964
f 6681 6809 6847
f 6908 6800 6686
f 6801 6908 6686
f 6834 6922 6759
f 6706 6802 7017
f 7104 7017 6802
f 6948 7104 6802
f 6802 6782 6948
f 6969 6787 6737
f 6737 6716 6969
f 6767 6844 6856
f 6873 6844 6768
f 6895 6825 6928
f 6696 6650 6929
f 6857 6929 6697
f 6848 6899 6898
f 6842 6869 6780
f 9582 6800 6865
f 6908 6865 6800
f 6884 6781 7016
f 6782 6731 6948
f 6981 7044 6783
f 6783 6835 6981
f 7018 6885 6817
f 6817 6732 7018
f 6784 7018 6732
f 7034 6949 6786
f 6701 6718 6877
f 6862 6901 6819
f 6644 6794 6832
f 6794 6820 6957
f 6940 6960 6822
f 6861 9984 6890
f 6768 6895 6927
f 6928 6825 6749
f 6929 6749 6696
f 6897 6915 6699
f 6769 6931 6751
f 6809 6810 6933
f 6871 6894 6848
f 9610 6792 6867
f 6876 6789 6701
f 6701 6877 6876
f 6790 6877 6718
f 6916 6862 6977
f 6978 6977 6753
f 6829 6830 6938
f 6820 6725 7222
f 6879 7222 6725
f 6908 6801 6909
f 6801 6883 6909
f 6999 6982 6852
f 6852 6965 6999
f 6887 6911 6838
f 6838 6661 6887
f 6787 9760 6839
f 6891 6840 6903
f 6840 6919 6903
f 6919 6796 6942
f 6811 6942 6796
f 6868 6841 6944
f 6842 6628 6813
f 6814 6843 6994
f 7013 6994 6843
f 6856 6844 6873
f 6845 6826 6951
f 6915 6826 6805
f 6952 6931 6769
f 6846 6952 6769
f 6846 6827 6874
f 9966 7047 6893
f 6764 6808 7047
f 6847 6809 7025
f 6898 6933 6810
f 6894 6899 6848
f 6872 9771 6934
f 6901 6790 6819
f 6991 6721 7070
f 6722 6849 6937
f 7222 6957 6820
f 6958 6791 6821
f 6821 6726 6958
f 6864 6958 6726
f 6655 6795 6882
f 6866 6883 6815
f 6922 6866 6759
f 7017 7016 6706
f 6835 6816 7171
f 6982 6816 6852
f 6761 6837 6886
f 6818 7035 7065
f 6792 6793 6867
f 6797 6798 6943
f 6868 6943 6798
f 6945 6944 6841
f 6841 6812 6945
f 6962 6869 6946
f 6778 6906 6892
f 6855 9794 9792
f 9794 6855 9784
f 6856 6873 9967
f 6927 6873 6768
f 6749 6929 6971
f 6915 7004 6826
f 6931 6986 6751
f 6858 9778 6935
f 9943 6935 9778
f 6859 6860 9763
f 6890 6824 6861
f 6916 6901 6862
f 7048 7070 6721
f 6721 6653 7048
f 6917 7048 6653
f 6849 6740 6937
f 6830 6831 7049
f 6831 7073 7049
f 6940 6833 7075
f 6833 6655 7075
f 6882 7075 6655
f 9582 6865 6921
f 7016 7084 6884
f 6948 6731 7032
f 7171 6981 6835
f 6743 6966 7173
f 6967 7018 6784
f 6785 6761 7061
f 7062 7061 6761
f 6661 6925 7112
f 6789 7021 6793
f 6876 9765 6789
f 6941 7011 6855
f 6855 9792 6941
f 6942 7012 6919
f 7077 6946 6869
f 6869 6842 7077
f 6906 6854 6907
f 9791 6907 6854
f 6854 6870 9791
f 7039 6808 6847
f 7025 7039 6847
f 6871 6872 6934
f 9771 9766 6934
f 6824 7024 6804
f 6913 6890 9984
f 7002 6652 7003
f 6897 6985 6915
f 6897 6751 6986
f 6935 7001 6858
f 7066 6860 6875
f 6900 6876 6877
f 6877 6790 6936
f 6829 6938 7258
f 6939 6863 6878
f 6757 6774 7074
f 7027 6881 6992
f 7028 6992 6881
f 6909 6980 6908
f 6883 6866 6998
f 7084 6923 6884
f 6966 6885 7033
f 6886 7062 6761
f 6786 6911 7063
f 7000 6887 6661
f 6661 7112 7000
f 6787 6969 7086
f 6912 6926 6970
f 6867 7020 9610
f 6789 9765 6950
f 6823 7066 6875
f 6853 6891 6918
f 6996 6918 6891
f 6891 6903 6996
f 6904 6811 6943
f 6811 6797 6943
f 6943 6868 6920
f 6962 6945 6812
f 6892 6964 6778
f 6894 6871 6954
f 6873 6914 9967
f 6927 6895 6928
f 6896 6698 6930
f 6698 7002 6930
f 6951 7003 6652
f 6652 6845 6951
f 7004 6951 6826
f 6972 6985 6897
f 6986 6972 6897
f 6953 6952 6846
f 6846 6874 6953
f 6874 9963 6953
f 7039 6987 6808
f 6933 6975 6809
f 6933 6898 6989
f 6898 6899 6989
f 6955 6954 6871
f 6900 6877 7007
f 6937 7071 6722
f 6828 6829 7008
f 7258 7008 6829
f 7073 6863 7221
f 7161 6958 6864
f 7040 6941 9792
f 6903 6919 6961
f 6942 6811 6904
f 6892 6906 7099
f 6907 7099 6906
f 6932 6893 7047
f 6921 6865 7030
f 6865 6908 6980
f 7044 7032 6731
f 6983 6910 6836
f 6743 7173 7045
f 7035 6912 6970
f 7009 9949 9958
f 7001 7015 6976
f 6976 6858 7001
f 6935 9943 9944
f 6823 6888 6984
f 6857 6896 6930
f 6931 6952 6973
f 6936 7007 6877
f 6790 6901 6990
f 7008 7072 6828
f 6939 7221 6863
f 7095 6832 6794
f 6864 6880 7202
f 7026 7202 6880
f 7040 6993 6941
f 6996 6903 6961
f 6919 7012 6961
f 6907 9791 9780
f 6921 9724 9582
f 7030 6865 6980
f 6883 7014 6909
f 6923 7084 6834
f 7104 7152 7017
f 7297 6675 6760
f 6836 7297 6760
f 6983 6743 7045
f 6785 6967 6784
f 6886 6837 6949
f 7063 7034 6786
f 7019 7063 6911
f 6911 6887 7019
f 9626 7112 6925
f 6925 6968 9626
f 9625 9760 7086
f 9760 6787 7086
f 6716 7065 6969
f 7020 6867 7021
f 6867 6793 7021
f 7037 6890 6913
f 9968 7037 6913
f 7046 6914 6873
f 6873 6927 7046
f 6928 7046 6927
f 6929 6857 7118
f 6857 6930 7118
f 6985 7004 6915
f 6931 6973 6986
f 7005 6973 6952
f 6974 7047 6808
f 6989 6975 6933
f 6899 6894 6989
f 7122 6989 6894
f 6901 6916 6990
f 7071 7048 6917
f 6878 6832 6939
f 7052 6939 6832
f 6957 7222 7050
f 7053 6960 6940
f 9945 7011 7010
f 6993 7011 6941
f 7040 9779 9789
f 7029 7012 6942
f 6904 7029 6942
f 6868 6944 6920
f 6813 6947 7165
f 6963 6995 6905
f 6979 6963 6964
f 7014 6883 6997
f 6816 6982 7171
f 6836 6910 7297
f 6949 7034 6886
f 6789 6950 7022
f 6950 9777 7022
f 6888 6889 6984
f 7024 6889 6804
f 6971 6928 6749
f 7118 6971 6929
f 7025 6809 6975
f 6954 7122 6894
f 6955 7091 6954
f 7001 6935 7057
f 6900 9770 6876
f 7093 6936 6790
f 6790 6990 7093
f 6916 6977 7069
f 7324 6991 7070
f 6938 6830 7049
f 7339 6794 6957
f 6959 6902 7108
f 6945 6962 7041
f 6946 7041 6962
f 6842 6813 7042
f 6711 6905 7078
f 6995 7078 6905
f 6979 6995 6963
f 6964 6892 6979
f 7099 6979 6892
f 7146 7099 6907
f 7033 7173 6966
f 6968 9625 9626
f 7086 7064 9625
f 7066 6823 7036
f 6984 7036 6823
f 6889 7024 7023
f 6890 7024 6824
f 6952 6953 7005
f 7006 7005 6953
f 6974 6808 6987
f 7122 6954 7091
f 6976 7015 6956
f 9944 7057 6935
f 7069 6990 6916
f 6977 6978 7069
f 6978 6720 7200
f 6991 7200 6720
f 7218 7070 7048
f 6740 7178 6937
f 7095 7052 6832
f 7139 7161 6864
f 7026 6757 7096
f 7074 7096 6757
f 7009 9945 7010
f 9788 6996 6961
f 6904 6943 7144
f 7129 7110 6943
f 6943 6920 7129
f 7042 6813 7165
f 6921 7079 9724
f 6980 6909 7126
f 7014 7126 6909
f 7060 6998 6866
f 6866 6922 7060
f 6922 6834 7060
f 7044 6981 7085
f 7033 6885 7018
f 7019 6887 7195
f 6887 7000 7195
f 7021 6789 7115
f 7022 7115 6789
f 7015 7001 7080
f 6914 7037 9968
f 6951 7004 7088
f 7004 6985 7089
f 6986 6973 7120
f 7177 6973 7005
f 7025 6975 7106
f 6989 7122 9578
f 7091 6955 7107
f 7047 7038 6932
f 6975 6989 7106
f 7200 7128 6978
f 7071 6937 7138
f 7028 6959 7051
f 6940 7075 7053
f 7097 9953 7009
f 7009 7010 7098
f 7144 6943 7110
f 7041 6944 6945
f 7077 6842 7042
f 7165 6947 7111
f 6814 7111 6947
f 6814 6994 7111
f 7078 7013 6711
f 7126 7124 6980
f 7102 6997 6998
f 6834 7084 7103
f 7087 7022 9777
f 9777 9768 7087
f 6956 7015 7192
f 9954 9948 7058
f 9770 6900 7127
f 7007 7127 6900
f 6936 7092 7007
f 7217 7069 6978
f 7128 7217 6978
f 6991 7324 7200
f 7027 7074 6774
f 7097 7009 7098
f 7011 6993 7109
f 7029 6904 7144
f 6920 6944 7129
f 7076 7129 6944
f 6946 7077 7183
f 7078 6994 7013
f 7030 6980 7123
f 7152 7130 7016
f 7016 7017 7152
f 7194 7085 6981
f 7269 7171 6982
f 7210 6982 6999
f 6999 6965 7210
f 7020 7021 7176
f 7023 7024 7117
f 7157 7117 7024
f 7024 6890 7157
f 7120 7189 6972
f 6972 6986 7120
f 7005 7006 7121
f 7038 7159 7006
f 7039 7025 7090
f 7305 7090 7025
f 7050 7222 7477
f 7053 7203 6960
f 7223 7140 7075
f 6882 7223 7075
f 7041 7076 6944
f 6994 7078 7145
f 7055 6995 6979
f 6979 7099 7055
f 7079 6921 7123
f 6921 7030 7123
f 9950 7126 7031
f 7192 7043 6956
f 7100 7015 7080
f 7056 7080 7001
f 7057 7056 7001
f 7193 7104 6948
f 7131 7230 6924
f 6924 6675 7131
f 6886 7034 7249
f 7063 7249 7034
f 7035 6970 7133
f 6984 7067 7036
f 6890 7037 7157
f 7068 7037 6914
f 6914 7046 7068
f 7046 6928 7068
f 6971 7118 7136
f 7119 7089 6985
f 6985 6972 7119
f 7189 7119 6972
f 7158 7120 6973
f 6973 7177 7158
f 6987 7039 7090
f 7025 6988 7305
f 7097 7142 9953
f 6993 7040 7162
f 7054 7162 7012
f 7012 7029 7054
f 7183 7041 6946
f 7100 7192 7015
f 7101 7056 7057
f 7149 7058 9948
f 7081 7149 9948
f 7060 7102 6998
f 7170 7060 6834
f 7130 7084 7016
f 7085 7032 7044
f 7154 7020 7114
f 7176 7114 7020
f 7066 7036 7134
f 6889 7023 7156
f 7135 7068 6928
f 6928 6971 7135
f 7234 7003 6951
f 7089 7088 7004
f 7159 7121 7006
f 7025 7106 6988
f 7106 6989 9578
f 7127 7007 7092
f 7069 7094 6990
f 7138 6937 7257
f 7178 7257 6937
f 7072 7008 7179
f 7050 7339 6957
f 6864 7202 7139
f 7027 6992 7309
f 7108 7051 6959
f 7203 6902 6960
f 9729 7223 6882
f 7216 7255 6936
f 7093 7216 6936
f 7094 7093 6990
f 7201 6740 6723
f 6723 7072 7201
f 6794 7339 7095
f 6879 6791 7259
f 6791 6958 7259
f 7202 7026 7096
f 7010 7011 7109
f 7144 7054 7029
f 7057 7058 7101
f 6997 7102 7169
f 6834 7103 7170
f 6675 7297 7131
f 7231 7033 7018
f 7153 7113 7086
f 7086 6969 7153
f 6969 7065 7212
f 7065 7035 7212
f 7133 7212 7035
f 7133 6970 7175
f 7067 6984 7155
f 7117 7156 7023
f 7136 7135 6971
f 7105 6930 7002
f 7002 7003 7105
f 7160 7159 7038
f 7038 7047 7160
f 7047 6974 7160
f 6987 7215 6974
f 7091 7107 7254
f 7092 6936 7255
f 7200 7238 7128
f 7218 7324 7070
f 7218 7048 7239
f 7071 7239 7048
f 7178 6740 7394
f 7201 7394 6740
f 7072 7179 7201
f 7073 7221 7476
f 7221 6939 7241
f 7339 7050 7477
f 7074 7275 7096
f 7261 6992 7028
f 7028 7051 7261
f 7203 7108 6902
f 7180 7203 7053
f 7140 7053 7075
f 7142 7141 9953
f 7109 7098 7010
f 6993 7162 7143
f 7184 7099 7146
f 7079 7123 7181
f 7124 7123 6980
f 7124 7126 7125
f 9782 7043 7265
f 7101 7058 7149
f 7082 7167 7081
f 6997 7169 7059
f 7151 7103 7084
f 7193 6948 7032
f 7173 7172 7045
f 7173 7033 7248
f 7018 6967 7231
f 7064 7086 7113
f 7115 7022 7087
f 7087 9768 7116
f 7067 7134 7036
f 7156 7155 6984
f 6984 6889 7156
f 7068 7197 7037
f 6951 7088 7234
f 7122 7091 7191
f 7069 7217 7290
f 7476 7049 7073
f 6939 7052 7241
f 7309 7074 7027
f 7141 7142 7182
f 7143 7109 6993
f 7054 7163 7162
f 7129 7076 7207
f 7041 7183 7263
f 7184 7055 7099
f 7185 9785 7166
f 7149 7148 7101
f 7167 7149 7081
f 7102 7060 7247
f 7151 7187 7103
f 7152 7104 7268
f 7193 7268 7104
f 7193 7032 7370
f 7085 7370 7032
f 7211 7210 6965
f 6965 6924 7211
f 7230 7211 6924
f 6910 6983 7132
f 6983 7045 7132
f 7045 7172 7132
f 6785 7188 6967
f 6785 7061 7188
f 7000 7112 7279
f 9747 7116 9764
f 9764 7134 9747
f 7136 7251 7135
f 7121 7177 7005
f 7236 7121 7159
f 7199 6987 7090
f 7090 7305 7199
f 7254 7191 7091
f 7340 7259 6958
f 7097 7098 7205
f 7144 7110 7164
f 7246 7183 7077
f 7042 7246 7077
f 7145 7165 7111
f 7111 6994 7145
f 6995 7055 7225
f 7186 7166 9782
f 7265 7186 9782
f 7265 7043 7226
f 7056 7101 7147
f 7083 7059 7168
f 7059 7169 7168
f 6981 7171 7194
f 7061 7062 7188
f 7232 7112 9626
f 6970 7154 7175
f 7176 7299 7114
f 7176 7021 7213
f 7021 7115 7213
f 7087 7213 7115
f 7117 7157 7196
f 7157 7037 7272
f 7197 7272 7037
f 7135 7197 7068
f 7136 7118 7214
f 7119 7088 7089
f 7160 6974 7215
f 7191 7137 7122
f 9723 7079 7181
f 7123 7124 7224
f 7125 7126 9950
f 7092 7323 7127
f 7093 7094 7216
f 7217 7128 7238
f 7222 6879 7422
f 7259 7422 6879
f 7621 7340 6958
f 6958 7161 7621
f 7096 7503 7202
f 7074 7309 7260
f 7261 7309 6992
f 7051 7108 7242
f 7053 7140 7180
f 7245 7054 7144
f 7164 7110 7206
f 7129 7206 7110
f 7225 7078 6995
f 7055 7184 7225
f 7147 7101 7148
f 7150 7167 7082
f 7168 7150 7082
f 7102 7247 7278
f 7229 7247 7060
f 7187 7170 7103
f 7297 7495 7131
f 7248 7033 7231
f 7188 7231 6967
f 7174 7064 7113
f 6969 7212 7153
f 7067 9747 7134
f 7214 7251 7136
f 7118 6930 7214
f 7236 7177 7121
f 6987 7199 7237
f 7254 9772 7289
f 7123 7327 7181
f 7224 7124 7125
f 7472 7216 7094
f 7094 7069 7290
f 7220 7258 6938
f 6938 7049 7220
f 7275 7503 7096
f 7223 7341 7140
f 9960 7125 9950
f 7205 7182 7142
f 7142 7097 7205
f 7098 7109 7243
f 7109 7143 7244
f 7144 7164 7245
f 7076 7041 7347
f 7263 7347 7041
f 7042 7165 7246
f 7208 7100 7080
f 7056 7208 7080
f 7148 7149 7294
f 7102 7278 7169
f 7060 7170 7229
f 7084 7130 7151
f 7173 7352 7172
f 7112 7232 7279
f 7175 7154 7281
f 7155 7156 7328
f 7196 7233 7117
f 6930 7105 7214
f 7252 7234 7088
f 7088 7119 7285
f 7119 7189 7335
f 7160 7236 7159
f 7160 7215 7321
f 7237 7215 6987
f 7092 7255 7362
f 7408 7291 7095
f 7095 7339 7408
f 7108 7203 7325
f 7181 7271 9723
f 7271 7181 7327
f 7224 7327 7123
f 7182 7204 7141
f 7143 7162 7311
f 7163 7311 7162
f 7347 7207 7076
f 7184 7146 7276
f 7192 7226 7043
f 7209 7149 7167
f 7150 7295 7167
f 7495 7230 7131
f 7248 7352 7173
f 7249 7062 6886
f 7249 7063 7354
f 7250 7063 7019
f 7019 7195 7250
f 7195 7000 7371
f 7279 7371 7000
f 7213 7087 9744
f 7155 7328 7067
f 7233 7156 7117
f 7272 7196 7157
f 7329 7105 7003
f 7003 7234 7329
f 7285 7252 7088
f 7189 7120 7287
f 7158 7287 7120
f 7158 7177 7287
f 6988 7106 7190
f 7106 9578 7190
f 9602 7190 9578
f 9578 7137 9602
f 7094 7290 7307
f 7238 7200 7380
f 7179 7008 7240
f 7052 7095 7291
f 7242 7108 7325
f 7180 7292 7203
f 7365 7292 7180
f 7205 7098 7243
f 7245 7163 7054
f 7206 7129 7207
f 7183 7246 7348
f 7264 7145 7078
f 7078 7225 7264
f 7276 7225 7184
f 7208 7192 7100
f 7294 7147 7148
f 7295 7209 7167
f 7295 7150 7227
f 7150 7168 7228
f 7169 7228 7168
f 7266 7169 7278
f 7267 7151 7130
f 7194 7171 7411
f 7171 7269 7411
f 7188 7062 7413
f 7174 7113 7270
f 7356 7212 7133
f 7287 7286 7189
f 7287 7177 7235
f 7236 7235 7177
f 7274 7236 7160
f 7306 7199 7305
f 9602 7137 7322
f 7345 7245 7164
f 7206 7345 7164
f 7263 7183 7348
f 7276 7146 7185
f 7277 7166 7186
f 7150 7228 7227
f 7266 7228 7169
f 7388 7231 7188
f 7250 7354 7063
f 7371 7250 7195
f 7283 7328 7156
f 7156 7233 7283
f 7198 7272 7197
f 7197 7135 7198
f 7135 7251 7198
f 7214 7273 7251
f 7252 7285 7303
f 7335 7285 7119
f 7335 7189 7286
f 7218 7239 7219
f 7008 7258 7240
f 7490 7220 7049
f 7242 7261 7051
f 9959 7224 7125
f 7204 7182 7310
f 7243 7109 7366
f 7109 7244 7366
f 7185 7166 7277
f 7208 7056 7147
f 7149 7209 7333
f 7130 7152 7268
f 7387 7132 7172
f 7352 7387 7172
f 7133 7175 7280
f 7196 7300 7233
f 7302 7273 7214
f 7214 7105 7302
f 7237 7288 7215
f 7378 7237 7199
f 7199 7306 7378
f 7253 7322 7137
f 7137 7191 7253
f 7254 7253 7191
f 7362 7323 7092
f 7255 7216 7256
f 7308 7290 7217
f 7238 7308 7217
f 7364 7238 7380
f 7239 7071 7474
f 7138 7474 7071
f 7337 7476 7221
f 7221 7241 7337
f 7291 7241 7052
f 7140 7365 7180
f 7223 9722 7341
f 7182 7205 7395
f 7243 7262 7205
f 7311 7244 7143
f 7344 7311 7163
f 7246 7165 7368
f 7145 7264 7331
f 7192 7208 7385
f 7315 7247 7229
f 7229 7170 7315
f 7267 7187 7151
f 7268 7267 7130
f 7463 7085 7194
f 7355 7279 7232
f 7280 7356 7133
f 7281 7280 7175
f 7400 7317 7213
f 9744 7400 7213
f 7067 7328 7416
f 7300 7484 7233
f 7196 7272 7320
f 7198 7251 7301
f 7252 7329 7234
f 7274 7235 7236
f 6988 7190 7360
f 7253 7254 7336
f 7307 7472 7094
f 7308 7238 7435
f 7364 7435 7238
f 7219 7239 7474
f 7477 7222 7422
f 7341 7365 7140
f 7395 7310 7182
f 7395 7205 7262
f 7293 7344 7163
f 7163 7245 7293
f 7206 7207 7424
f 7276 7264 7225
f 7277 7276 7185
f 7186 7265 7332
f 7208 7147 7313
f 7333 7294 7149
f 7278 7247 7314
f 7396 7314 7247
f 7396 7247 7315
f 7170 7316 7315
f 7268 7193 7462
f 7386 7269 6982
f 6982 7210 7386
f 7334 7386 7210
f 7210 7211 7334
f 7353 7413 7062
f 7270 7113 7483
f 7299 7176 7317
f 7176 7213 7317
f 7282 7318 9747
f 9747 7067 7282
f 7416 7282 7067
f 7272 7198 7357
f 7251 7273 7301
f 7284 7329 7252
f 7303 7284 7252
f 7287 7235 7376
f 7274 7160 7321
f 7304 7321 7215
f 7487 7305 6988
f 7289 7336 7254
f 7256 7362 7255
f 7472 7256 7216
f 7453 7200 7420
f 7324 7420 7200
f 7324 7218 7330
f 7260 7275 7074
f 7424 7345 7206
f 7346 7424 7207
f 7207 7347 7346
f 7348 7347 7263
f 7349 7368 7165
f 7165 7145 7349
f 7331 7349 7145
f 7265 7226 7332
f 7385 7312 7226
f 7226 7192 7385
f 7227 7460 7295
f 7428 7187 7267
f 7462 7410 7268
f 7411 7463 7194
f 7211 7230 7334
f 7298 7397 6910
f 7132 7298 6910
f 7532 7387 7352
f 7062 7249 7353
f 7373 7153 7212
f 7212 7356 7373
f 7224 9959 7342
f 7283 7233 7484
f 7320 7300 7196
f 7302 7301 7273
f 7329 7302 7105
f 7288 7304 7215
f 7237 7378 7377
f 7487 7306 7305
f 7360 7487 6988
f 7380 7200 7453
f 7219 7330 7218
f 7474 7138 7525
f 7257 7525 7138
f 7475 7201 7179
f 7179 7240 7475
f 7476 7490 7049
f 7622 7139 7202
f 7202 7503 7622
f 7366 7262 7243
f 7383 7293 7245
f 7345 7383 7245
f 7384 7348 7246
f 7368 7384 7246
f 7542 7333 7209
f 7227 7228 7296
f 7228 7266 7296
f 7314 7266 7278
f 7398 7248 7231
f 7388 7398 7231
f 7465 7353 7249
f 7113 7153 7414
f 7373 7446 7153
f 7317 7399 7299
f 7320 7272 7468
f 7303 7285 7335
f 7286 7287 7376
f 7235 7274 7359
f 7304 7288 7402
f 7190 9603 7360
f 7289 7323 7336
f 7290 7308 7363
f 7257 7178 7551
f 7394 7551 7178
f 7240 7258 7501
f 7220 7501 7258
f 7635 7621 7161
f 7161 7139 7635
f 7327 7224 7342
f 7310 7395 7440
f 7366 7244 7367
f 7369 7331 7264
f 7264 7276 7369
f 7332 7277 7186
f 7208 7313 7385
f 7313 7147 7426
f 7294 7333 9609
f 7460 7209 7295
f 7444 7296 7266
f 7266 7314 7444
f 7481 7316 7170
f 7187 7481 7170
f 7267 7268 7410
f 7370 7085 7482
f 6910 7495 7297
f 7328 7283 7319
f 7301 7302 7392
f 7237 7377 7288
f 7336 7323 7379
f 7434 7472 7307
f 7338 7337 7241
f 7241 7291 7338
f 7552 7309 7261
f 7242 7552 7261
f 7203 7292 7608
f 7343 9951 7204
f 7204 7310 7343
f 7382 7343 7310
f 7311 7367 7244
f 7460 7227 7351
f 7412 7352 7248
f 7413 7388 7188
f 7413 7353 7496
f 7249 7354 7465
f 7371 7279 7389
f 7355 7389 7279
f 7483 7372 7270
f 7153 7446 7414
f 7429 7356 7280
f 7282 7431 7318
f 7416 7328 7515
f 7357 7468 7272
f 7393 7392 7302
f 7376 7335 7286
f 7362 7379 7323
f 7472 7407 7256
f 7363 7307 7290
f 7330 7420 7324
f 7475 7394 7201
f 7325 7203 7437
f 7439 7438 7365
f 7365 7341 7439
f 7478 7326 7271
f 7271 7327 7409
f 7327 7342 7409
f 7328 7319 7515
f 7302 7329 7393
f 7329 7284 7375
f 7376 7432 7335
f 7359 7376 7235
f 7377 7402 7288
f 7404 9603 7322
f 7322 7253 7404
f 7253 7336 7361
f 7407 7362 7256
f 7307 7363 7434
f 7476 7337 7454
f 7291 7408 7421
f 7552 7260 7309
f 7478 9728 7326
f 7409 7478 7271
f 9951 7343 7381
f 7311 7344 7455
f 7350 7369 7276
f 7276 7277 7350
f 7277 7332 7350
f 7332 7226 7312
f 7147 7294 7426
f 7542 9609 7333
f 7398 7412 7248
f 7250 7535 7354
f 7399 7430 7281
f 7431 7282 9748
f 7320 7468 7374
f 7468 7357 7390
f 7357 7198 7391
f 7301 7391 7198
f 7301 7392 7358
f 7375 7393 7329
f 7284 7303 7449
f 7303 7335 7401
f 7335 7432 7401
f 7274 7321 7486
f 7419 7486 7321
f 7321 7304 7419
f 7402 7377 7606
f 7361 7404 7253
f 7361 7336 7379
f 7525 7257 7500
f 7551 7500 7257
f 7526 7475 7240
f 7608 7437 7203
f 7455 7367 7311
f 7425 7346 7347
f 7347 7348 7425
f 7384 7479 7348
f 7458 7350 7332
f 7209 7460 7459
f 7427 7444 7314
f 7314 7396 7427
f 7428 7481 7187
f 7577 7462 7193
f 7193 7370 7577
f 7352 7412 7532
f 7414 7483 7113
f 7430 7467 7281
f 7484 7319 7283
f 7300 7320 7374
f 7391 7390 7357
f 7449 7375 7284
f 7401 7449 7303
f 7274 7486 7359
f 7487 7360 7433
f 7360 9603 7433
f 7379 7406 7361
f 7362 7406 7379
f 7491 7552 7242
f 7538 7242 7325
f 7438 7292 7365
f 7409 7342 7554
f 7395 7262 7440
f 7262 7366 7440
f 7293 7571 7344
f 7441 7571 7293
f 7293 7383 7441
f 7479 7425 7348
f 7349 7331 7457
f 7331 7369 7457
f 7542 7209 7459
f 7315 7316 7494
f 7410 7461 7267
f 7482 7577 7370
f 7463 7482 7085
f 7495 6910 7397
f 7467 7429 7280
f 7280 7281 7467
f 9748 7282 7447
f 7416 7447 7282
f 7391 7301 7358
f 7448 7393 7375
f 9603 7404 7403
f 7551 7394 7436
f 7421 7338 7291
f 7341 9726 7439
f 9725 7439 9726
f 7381 7343 9570
f 7343 7382 9570
f 7440 7382 7310
f 7383 7345 7456
f 7424 7456 7345
f 7368 7349 7493
f 7350 7457 7369
f 7413 7398 7388
f 7465 7496 7353
f 7250 7371 7535
f 7372 7466 7355
f 7429 7373 7356
f 7417 7515 7319
f 7319 7484 7417
f 7468 7390 7485
f 7393 7358 7392
f 7450 7432 7376
f 7376 7359 7450
f 7359 7418 7546
f 7359 7486 7418
f 7402 7419 7304
f 7565 7378 7306
f 9603 7403 7433
f 7406 7405 7361
f 7406 7362 7452
f 7407 7452 7362
f 7435 7364 7550
f 7330 7219 7489
f 7474 7489 7219
f 7342 7492 7554
f 7455 7440 7366
f 7367 7455 7366
f 7571 7423 7344
f 7456 7424 7541
f 7457 7493 7349
f 7385 7313 7442
f 7427 7396 7445
f 7396 7315 7445
f 7386 7334 7464
f 7230 7543 7334
f 7132 7387 7531
f 7535 7465 7354
f 7355 7579 7389
f 7497 7414 7446
f 7467 7430 7537
f 7430 7399 7563
f 7317 7400 7415
f 7400 9752 7415
f 7515 7545 7416
f 7516 7484 7300
f 7300 7374 7516
f 7469 7485 7390
f 7390 7391 7469
f 7449 7448 7375
f 7432 7450 7471
f 7377 7378 7498
f 7565 7498 7378
f 7405 7404 7361
f 7405 7406 7451
f 7473 7363 7308
f 7435 7473 7308
f 7502 7421 7408
f 7408 7339 7502
f 7339 7477 7648
f 7538 7491 7242
f 7382 7440 7505
f 7441 7383 7456
f 7384 7368 7493
f 7507 7458 7332
f 7332 7312 7507
f 7312 7385 7480
f 7313 7426 7443
f 7509 7351 7296
f 7296 7444 7509
f 7462 7461 7410
f 7512 7411 7269
f 7269 7386 7512
f 7543 7464 7334
f 7298 7132 7641
f 7531 7641 7132
f 7532 7531 7387
f 7372 7483 7466
f 7536 7466 7483
f 7483 7414 7497
f 7317 7563 7399
f 7545 7447 7416
f 7519 7358 7393
f 7647 7306 7487
f 7433 7403 7566
f 7473 7434 7363
f 7420 7330 7489
f 7648 7502 7339
f 7259 7583 7422
f 7503 7275 7504
f 7275 7260 7567
f 7608 7292 7636
f 7346 7541 7424
f 7457 7350 7573
f 7350 7458 7558
f 7442 7480 7385
f 7443 7442 7313
f 7528 9609 7529
f 9609 7542 7529
f 7315 7494 7445
f 7316 7481 7494
f 7428 7267 7510
f 7511 7510 7267
f 7267 7461 7511
f 7495 7543 7230
f 7398 7533 7412
f 7371 7389 7514
f 7355 7466 7579
f 7563 7537 7430
f 7358 7469 7391
f 7393 7448 7519
f 7470 7449 7401
f 7547 7402 7606
f 7647 7565 7306
f 7404 7405 7488
f 7451 7488 7405
f 7451 7406 7452
f 7473 9592 7434
f 7727 7394 7475
f 7337 7338 7774
f 7597 7635 7139
f 7139 7622 7597
f 7325 7437 7538
f 7438 7439 7568
f 9728 7478 7539
f 9570 7555 7381
f 7609 9570 7382
f 7540 7440 7455
f 7455 7344 7423
f 7493 7479 7384
f 7480 7507 7312
f 7351 7508 7460
f 7444 7427 7509
f 7481 7428 7494
f 7482 7463 7613
f 7535 7371 7513
f 7514 7513 7371
f 7389 7579 7514
f 7616 7497 7446
f 7446 7373 7616
f 7415 7563 7317
f 7520 7516 7374
f 7374 7468 7520
f 7485 7469 7518
f 7448 7449 7470
f 7401 7432 7470
f 7471 7470 7432
f 7546 7450 7359
f 7486 7546 7418
f 7407 7524 7452
f 7499 7434 9592
f 7380 7453 7620
f 7501 7526 7240
f 7490 7476 7634
f 7552 7567 7260
f 7505 7609 7382
f 7541 7586 7456
f 7541 7346 7527
f 7346 7425 7527
f 7425 7479 7527
f 7507 7558 7458
f 7459 7460 7508
f 7600 7445 7494
f 7461 7462 7576
f 7462 7577 7576
f 7639 7386 7464
f 7397 7626 7495
f 7533 7532 7412
f 7534 7398 7413
f 7413 7560 7534
f 7615 7496 7465
f 7561 7579 7466
f 7536 7580 7466
f 7429 7467 7660
f 9743 7563 7415
f 7517 7520 7468
f 7485 7517 7468
f 7519 7448 7521
f 7448 7470 7521
f 7471 7593 7470
f 7471 7450 7522
f 7498 7606 7377
f 7566 7487 7433
f 7581 7403 7404
f 7488 7581 7404
f 7407 7472 7524
f 7472 7434 7524
f 7499 7524 7434
f 7620 7364 7380
f 7740 7436 7394
f 7394 7727 7740
f 7706 7501 7220
f 7490 7706 7220
f 7774 7454 7337
f 7568 7636 7292
f 7292 7438 7568
f 7570 7539 7478
f 7478 7409 7570
f 7556 7505 7440
f 7440 7540 7556
f 7423 7540 7455
f 7506 7527 7479
f 7479 7493 7506
f 7442 7443 7681
f 7589 7508 7351
f 7509 7427 7599
f 7427 7445 7638
f 7669 7600 7494
f 7510 7494 7428
f 7613 7577 7482
f 7639 7512 7386
f 7640 7639 7464
f 7495 7625 7543
f 7397 7298 7626
f 7513 7602 7535
f 7616 7373 7698
f 7373 7429 7698
f 7545 7515 7594
f 7515 7417 7591
f 7417 7484 7617
f 7484 7516 7617
f 7592 7517 7485
f 7592 7485 7518
f 7469 7358 7564
f 7546 7522 7450
f 7546 7486 7523
f 7673 7473 7435
f 7550 7673 7435
f 7453 7420 7633
f 7489 7633 7420
f 7489 7474 7819
f 7774 7687 7454
f 7477 7422 7583
f 7583 7259 7666
f 7259 7340 7666
f 7568 7439 7569
f 7555 9570 7585
f 7441 7456 7586
f 7598 7506 7493
f 7572 7598 7493
f 7493 7457 7572
f 7573 7572 7457
f 7759 7480 7442
f 7530 7542 7459
f 7509 7589 7351
f 7599 7624 7509
f 7638 7599 7427
f 7511 7461 7576
f 7626 7625 7495
f 7580 7561 7466
f 7497 7536 7483
f 7522 7618 7471
f 7566 7403 7549
f 7403 7581 7549
f 7550 7364 7632
f 7525 7819 7474
f 7475 7526 7727
f 7741 7634 7476
f 7476 7454 7741
f 7338 7421 7607
f 7340 7621 7666
f 9725 7569 7439
f 7539 7553 9728
f 7554 7584 7409
f 7652 7540 7423
f 7557 7573 7350
f 7350 7558 7557
f 7528 7681 7443
f 7508 7530 7459
f 7624 7589 7509
f 7613 7463 7614
f 7559 7614 7463
f 7463 7411 7559
f 7411 7512 7559
f 7641 7531 7578
f 7534 7533 7398
f 7537 7660 7467
f 7604 7537 7563
f 9748 7447 7735
f 7515 7591 7594
f 7358 7519 7564
f 7735 7447 7544
f 7545 7544 7447
f 7595 7564 7519
f 7519 7521 7595
f 7546 7523 7646
f 7486 7419 7703
f 7547 7419 7402
f 7547 7606 7671
f 7452 7524 7631
f 7473 7673 7619
f 7454 7687 7741
f 7583 7648 7477
f 7504 7275 7567
f 7552 7491 7675
f 7528 7529 7575
f 7542 7575 7529
f 7532 7578 7531
f 7413 7496 7560
f 7536 7497 7603
f 7617 7591 7417
f 7564 7518 7469
f 7593 7702 7521
f 7593 7471 7618
f 7487 7566 7548
f 7620 7664 7364
f 7633 7620 7453
f 7665 7727 7526
f 7706 7526 7501
f 7421 7502 7607
f 7491 7538 7709
f 7691 7538 7437
f 7437 7608 7691
f 7650 7555 7585
f 7651 7585 9570
f 7441 7586 7653
f 7654 7586 7541
f 7541 7527 7654
f 7587 7612 7527
f 7527 7506 7587
f 7574 7558 7507
f 7507 7480 7574
f 7480 7759 7680
f 7530 7575 7542
f 7638 7445 7600
f 7576 7577 7590
f 7464 7543 7640
f 7626 7298 7753
f 7641 7753 7298
f 7615 7560 7496
f 7603 7580 7536
f 7702 7595 7521
f 7522 7546 7646
f 7486 7703 7523
f 7628 7703 7419
f 7419 7547 7628
f 7548 7647 7487
f 7499 7631 7524
f 7632 7364 7664
f 7633 7489 7818
f 7489 7819 7818
f 7500 7551 7674
f 7436 7674 7551
f 7538 7691 7676
f 7649 7569 9725
f 7554 7677 7584
f 7650 7677 7555
f 7556 7540 7610
f 7571 7611 7423
f 7441 7678 7571
f 7527 7612 7654
f 7598 7587 7506
f 7530 7508 7731
f 7508 7589 7658
f 7600 7669 7761
f 7715 7578 7532
f 7465 7535 7601
f 7602 7601 7535
f 7660 7537 7562
f 7544 7545 7627
f 7594 7627 7545
f 7564 7595 7644
f 7723 7498 7565
f 7566 7549 7548
f 7663 7488 7451
f 7451 7452 7663
f 7631 7663 7452
f 7704 7819 7525
f 7525 7500 7704
f 7674 7704 7500
f 7490 7582 7706
f 7338 7793 7774
f 7338 7607 7793
f 7688 7502 7648
f 7504 7622 7503
f 7552 7675 7567
f 7609 7651 9570
f 7540 7652 7610
f 7572 7573 7679
f 7573 7557 7679
f 7695 7557 7558
f 7748 7558 7574
f 7680 7574 7480
f 7759 7442 7656
f 7696 7658 7589
f 7494 7510 7750
f 7577 7613 7733
f 7465 7601 7615
f 7579 7561 7717
f 7547 7671 7628
f 7671 7606 7763
f 7606 7498 7763
f 7549 7581 7629
f 7666 7689 7583
f 7743 7691 7608
f 7569 7649 7710
f 7623 7553 7539
f 7539 7570 7623
f 7678 7611 7571
f 7678 7441 7653
f 7587 7598 7612
f 7748 7695 7558
f 7637 7588 7575
f 7575 7530 7637
f 7799 7511 7576
f 7590 7577 7733
f 7514 7579 7814
f 7579 7717 7845
f 7580 7717 7561
f 7683 7594 7591
f 7592 7518 7643
f 7596 7702 7593
f 7683 7627 7594
f 7516 7520 7701
f 7564 7644 7643
f 7702 7644 7595
f 7548 7549 7629
f 7581 7488 7630
f 7663 7630 7488
f 7582 7490 7707
f 7634 7707 7490
f 7607 7502 7688
f 7767 7570 7409
f 7584 7767 7409
f 7505 7556 7758
f 7610 7758 7556
f 7744 7610 7652
f 7611 7652 7423
f 7746 7612 7598
f 7598 7572 7746
f 7624 7599 7697
f 7750 7669 7494
f 7590 7799 7576
f 7640 7543 7682
f 7785 7682 7543
f 7532 7533 7715
f 7659 7560 7615
f 7845 7814 7579
f 7698 7718 7616
f 7618 7522 7645
f 7646 7645 7522
f 7763 7498 7723
f 7565 7647 7723
f 7647 7548 7755
f 7739 7499 9592
f 9592 7619 7739
f 7636 7743 7608
f 7668 7636 7568
f 9569 7651 7609
f 7609 7505 9569
f 7586 7654 7653
f 7442 7681 7656
f 7624 7696 7589
f 7559 7512 7857
f 7625 7785 7543
f 7578 7715 7822
f 7560 7659 7716
f 7513 7514 7814
f 7717 7580 7786
f 7603 7786 7580
f 7762 7698 7429
f 7591 7617 7683
f 7661 7701 7520
f 7662 7661 7520
f 7520 7517 7662
f 7517 7592 7662
f 7643 7662 7592
f 7518 7564 7643
f 7605 7618 7645
f 7581 7630 9618
f 7673 7550 7726
f 7632 7726 7550
f 7688 7648 7742
f 7709 7675 7491
f 7709 7538 7676
f 9606 7649 9725
f 7767 7623 7570
f 7692 7650 7585
f 7585 7651 7692
f 7655 7746 7572
f 7679 7655 7572
f 7681 7588 7657
f 7530 7731 7713
f 7731 7508 7784
f 7658 7784 7508
f 7697 7696 7624
f 7761 7638 7600
f 7714 7510 7511
f 7642 7602 7513
f 7660 7762 7429
f 7537 7604 7562
f 7699 7562 7604
f 7604 9750 7699
f 7702 7596 7605
f 7646 7523 7738
f 7703 7738 7523
f 7724 7755 7548
f 7548 7629 7724
f 7705 7665 7526
f 7526 7706 7705
f 7634 7741 7792
f 7689 7648 7583
f 7667 7621 7635
f 7635 7597 7667
f 7569 7668 7568
f 7553 7623 7711
f 7612 7746 7693
f 7679 7557 7694
f 7588 7637 7730
f 7713 7730 7637
f 7637 7530 7713
f 7714 7511 7799
f 7752 7639 7640
f 7682 7752 7640
f 7682 7785 7871
f 7626 7913 7625
f 7641 7578 7753
f 7534 7560 7716
f 7615 7601 7659
f 7642 7513 7814
f 7720 7735 7544
f 7544 7627 7720
f 7837 7684 7617
f 7617 7516 7837
f 7701 7837 7516
f 7645 7646 7827
f 7738 7827 7646
f 7670 7738 7703
f 7628 7671 7722
f 7755 7723 7647
f 7663 7631 7672
f 7725 7739 7619
f 7619 7673 7725
f 7620 7633 7904
f 7792 7707 7634
f 7906 7622 7504
f 7649 9606 7778
f 7830 7711 7623
f 7767 7830 7623
f 7745 7653 7654
f 7654 7612 7745
f 7693 7745 7612
f 7557 7695 7694
f 7574 7680 7749
f 7730 7657 7588
f 7658 7696 7844
f 7761 7760 7638
f 7714 7750 7510
f 7733 7613 7614
f 7559 7857 7614
f 7533 7534 7715
f 7601 7602 7659
f 7627 7683 7700
f 7721 7661 7662
f 7643 7644 7736
f 7644 7702 7737
f 7722 7703 7628
f 7685 9618 7630
f 7663 7686 7630
f 7818 7904 7633
f 7741 7687 7708
f 7766 7504 7567
f 7690 7766 7567
f 7776 7743 7636
f 7636 7668 7776
f 7584 7728 7767
f 7779 7712 7650
f 7759 7656 7821
f 7760 7697 7599
f 7599 7638 7760
f 7822 7753 7578
f 7642 7659 7602
f 7786 7603 7787
f 7603 7497 7754
f 7718 7754 7497
f 7497 7616 7718
f 7660 7562 7834
f 7562 7699 7719
f 9745 7699 9750
f 7684 7700 7683
f 7643 7721 7662
f 7671 7763 7862
f 9618 7685 7764
f 7686 7685 7630
f 7672 7686 7663
f 7739 7672 7631
f 7631 7499 7739
f 7688 7742 7943
f 7765 7666 7621
f 7621 7667 7765
f 7675 7690 7567
f 7584 7677 7728
f 7712 7728 7677
f 7779 7650 7692
f 7692 7651 9569
f 7678 7820 7611
f 7678 7653 7768
f 7655 7679 7747
f 7679 7694 7747
f 7574 7749 7748
f 7783 7656 7681
f 7657 7783 7681
f 7752 7857 7512
f 7512 7639 7752
f 7626 7753 7913
f 7858 7913 7753
f 7716 7813 7534
f 7700 7720 7627
f 7683 7617 7684
f 7788 7701 7661
f 7605 7645 7790
f 7771 7670 7703
f 7671 7862 7722
f 7708 7687 7829
f 7689 7742 7648
f 7757 7676 7691
f 7691 7743 7757
f 7710 7668 7569
f 7778 7710 7649
f 7711 7778 9606
f 7744 7797 7610
f 7611 7744 7652
f 7820 7678 7768
f 7866 7809 7653
f 7745 7866 7653
f 7769 7746 7655
f 7781 7747 7694
f 7729 7781 7694
f 7694 7695 7729
f 7695 7748 7729
f 7732 7761 7669
f 7736 7721 7643
f 7737 7736 7644
f 7702 7605 7737
f 7827 7790 7645
f 7703 7722 7771
f 7801 7722 7862
f 7763 7723 7918
f 7793 7607 7756
f 7607 7688 7756
f 7689 7666 7765
f 7794 7675 7709
f 7832 7748 7749
f 7782 7749 7680
f 7680 7759 7782
f 7844 7784 7658
f 7669 7750 7732
f 7751 7750 7714
f 7799 7751 7714
f 7799 7590 7812
f 7857 7733 7614
f 7682 7871 7752
f 7625 7913 7928
f 7800 7915 7715
f 7715 7534 7800
f 7734 7813 7716
f 7716 7659 7734
f 7754 7787 7603
f 7872 7719 7699
f 7699 9745 7872
f 7825 7735 7720
f 7700 7684 7770
f 7661 7721 7898
f 7905 7740 7727
f 7774 7829 7687
f 7906 7597 7622
f 7766 7906 7504
f 7775 7794 7709
f 7709 7676 7775
f 7797 7796 7610
f 7809 7768 7653
f 7693 7746 7769
f 7747 7769 7655
f 7735 7825 7816
f 7720 7700 7825
f 7898 7789 7661
f 7790 7737 7605
f 7790 7827 7817
f 7738 7670 7828
f 7723 7802 7918
f 7723 7755 7802
f 7839 7802 7755
f 7674 7436 7942
f 7436 7740 7942
f 7792 7741 7708
f 7676 7757 7795
f 7711 7830 7842
f 7729 7748 7832
f 7749 7782 7832
f 7730 7783 7657
f 7811 7844 7696
f 7590 7733 7812
f 7823 7734 7659
f 7659 7642 7823
f 7786 7787 7988
f 7736 7898 7721
f 7883 7764 7685
f 7726 7632 7873
f 7664 7873 7632
f 7664 7620 7805
f 7904 7805 7620
f 7665 7905 7727
f 7705 7706 7791
f 7806 7791 7706
f 7706 7582 7806
f 7707 7806 7582
f 7766 7690 7969
f 7795 7775 7676
f 7777 7668 7710
f 7710 7778 7777
f 7728 7712 7808
f 7779 7808 7712
f 7745 7693 7850
f 7769 7780 7693
f 7869 7782 7759
f 7821 7869 7759
f 7783 7730 7810
f 7730 7713 7810
f 7876 7713 7731
f 7784 7876 7731
f 7856 7761 7732
f 7733 7857 7926
f 7915 7822 7715
f 7813 7800 7534
f 7845 7717 7824
f 7834 7762 7660
f 7834 7562 7719
f 7825 7700 7916
f 7700 7770 7916
f 7789 7788 7661
f 7738 7828 7827
f 7900 7862 7763
f 7918 7900 7763
f 7685 7686 9585
f 7772 9585 7686
f 7804 7772 7672
f 7672 7739 7804
f 7739 7725 7804
f 7704 7674 7848
f 7942 7848 7674
f 7665 7705 7773
f 7791 7773 7705
f 7943 7968 7688
f 7690 7675 7969
f 7864 7830 7767
f 7956 7779 7692
f 7831 7956 7692
f 7692 9569 7831
f 7758 7610 7874
f 7798 7797 7744
f 7744 7611 7798
f 7611 7820 7798
f 7780 7850 7693
f 7888 7769 7747
f 7832 7781 7729
f 7876 7810 7713
f 7760 7854 7697
f 7878 7812 7733
f 7733 7926 7878
f 7785 7625 7928
f 7786 7824 7717
f 7787 7754 7815
f 7754 7718 7815
f 7718 7698 7815
f 7837 7846 7684
f 7839 7755 7724
f 7903 7725 7673
f 7726 7903 7673
f 7840 7819 7704
f 7793 7829 7774
f 7793 7756 7884
f 7841 7743 7776
f 7711 7842 7863
f 7767 7728 7808
f 7874 9569 7758
f 7850 7866 7745
f 7843 7780 7769
f 7891 7821 7656
f 7656 7783 7851
f 7854 7811 7696
f 7696 7697 7854
f 7854 7760 7855
f 7760 7761 7856
f 7642 7814 7823
f 7824 7786 7988
f 7815 7833 7787
f 7846 7770 7684
f 7898 7736 7826
f 7736 7737 7826
f 7801 7771 7722
f 7804 7803 7772
f 7829 7793 7807
f 7884 7807 7793
f 7756 7688 7968
f 7969 7906 7766
f 7775 7795 7954
f 7795 7757 7954
f 7743 7841 7757
f 7874 7831 9569
f 7796 7874 7610
f 7798 7820 7887
f 7889 7888 7747
f 7889 7747 7781
f 7750 7751 7732
f 7734 7879 7813
f 7988 7787 7833
f 7815 7698 7979
f 7698 7762 7979
f 7762 7834 7979
f 7898 7880 7789
f 7817 7838 7737
f 7724 7764 7963
f 7883 7963 7764
f 7903 7726 7873
f 7689 7991 7742
f 7797 7798 7965
f 7888 7843 7769
f 7891 7656 7851
f 7876 7784 7853
f 7760 7856 7855
f 7799 7893 7751
f 7799 7812 7893
f 7857 7752 7927
f 7871 7894 7752
f 7753 7822 7858
f 7996 7800 7813
f 7734 7823 7859
f 7929 7835 7834
f 7834 7719 7929
f 7933 7788 7789
f 7827 7939 7817
f 7847 7939 7827
f 7827 7828 7847
f 7801 7862 7899
f 7935 7904 7818
f 7818 7819 7935
f 7819 7840 7935
f 7848 7840 7704
f 7708 7921 7792
f 7991 7943 7742
f 7922 7906 7969
f 7675 7794 7969
f 7907 7777 7778
f 7863 7907 7778
f 7863 7842 7886
f 7808 7864 7767
f 7796 7797 7924
f 7965 7798 7887
f 7843 7867 7780
f 7781 7832 7868
f 7875 7890 7821
f 7821 7891 7875
f 7876 7870 7810
f 7928 7871 7785
f 7996 7915 7800
f 7813 7879 7996
f 7896 7895 7823
f 7814 7896 7823
f 7701 7788 7897
f 7789 7880 7933
f 7737 7838 7881
f 7940 7771 7801
f 7803 9585 7772
f 7805 7904 7985
f 7936 7942 7740
f 7740 7905 7936
f 7707 7792 7921
f 7849 7841 7776
f 7776 7668 7849
f 7668 7777 7849
f 7908 7830 7864
f 7971 7956 7831
f 7820 7768 7947
f 7809 7866 7865
f 7867 7850 7780
f 7832 7782 7925
f 7783 7810 7852
f 7870 7852 7810
f 7853 7784 7877
f 7784 7844 7877
f 7859 7879 7734
f 7845 7896 7814
f 7988 7860 7824
f 7835 7979 7834
f 7719 7872 7929
f 7836 7816 7861
f 7816 7825 7930
f 7770 7931 7916
f 7837 7701 8015
f 7897 8015 7701
f 7881 7826 7737
f 7838 7817 7939
f 7801 7899 7940
f 7963 7839 7724
f 7803 7804 7902
f 7804 7725 7902
f 7903 7902 7725
f 7873 7664 7920
f 7805 7920 7664
f 7791 7806 8043
f 7806 7707 7921
f 7765 7991 7689
f 7965 7924 7797
f 7768 7809 7947
f 7972 7865 7866
f 7869 7821 7890
f 7877 7844 7912
f 7844 7811 7912
f 7894 7927 7752
f 7915 7858 7822
f 7895 7859 7823
f 7846 7931 7770
f 7847 7828 7934
f 7828 7670 7917
f 9585 7901 7685
f 7849 7777 7993
f 7907 7993 7777
f 7874 7971 7831
f 7865 7947 7809
f 7925 7868 7832
f 7869 7925 7782
f 7851 7783 7949
f 7870 7876 7975
f 7877 7911 7853
f 7912 7811 7959
f 7854 7959 7811
f 7960 7855 7856
f 7892 7856 7732
f 7732 7751 7892
f 7927 7926 7857
f 7928 8013 7871
f 7913 7858 7978
f 7914 7978 7858
f 7915 7914 7858
f 7845 7824 7896
f 7966 7930 7825
f 7825 7916 7966
f 7846 7837 8015
f 7933 7897 7788
f 7917 7934 7828
f 7917 7670 7999
f 7670 7771 7999
f 7901 9585 8042
f 7902 8019 7803
f 7773 7905 7665
f 7921 8043 7806
f 7885 7969 7794
f 7794 7775 7885
f 7886 7907 7863
f 7908 7842 7830
f 7946 7808 7779
f 7867 7843 7948
f 7889 7781 7958
f 7781 7868 7958
f 7852 7949 7783
f 7824 7860 7896
f 7979 7835 7952
f 7989 7929 7872
f 7872 7836 7989
f 7836 7861 7989
f 7932 7931 7846
f 7881 7982 7826
f 7862 7900 7899
f 7882 7918 7802
f 7802 7839 7882
f 7963 7882 7839
f 7685 7901 7883
f 7923 7954 7757
f 7757 7841 7923
f 7907 7886 7945
f 7864 7808 7909
f 7947 7887 7820
f 7910 7925 7869
f 7890 7875 8011
f 8083 7891 7851
f 7949 8083 7851
f 7975 7876 7950
f 7853 7950 7876
f 7912 7911 7877
f 7959 7854 7951
f 7854 7855 7951
f 7833 7815 7937
f 7982 7898 7826
f 7939 7881 7838
f 7985 8061 7805
f 7991 8003 7943
f 7796 7964 7874
f 7866 7850 7972
f 7867 7948 7957
f 7843 7888 7948
f 7888 7889 7958
f 7869 7890 7910
f 7893 7812 8023
f 7878 8006 7812
f 7894 7871 8051
f 7961 7937 7815
f 7815 7979 7961
f 7835 7929 7938
f 7816 7930 7990
f 7982 7880 7898
f 7934 7939 7847
f 7934 7917 7983
f 7771 7940 7999
f 7899 7900 8008
f 7901 7963 7883
f 8019 7919 7803
f 7920 7805 8061
f 7985 7904 8091
f 7935 8091 7904
f 7773 7791 8078
f 8043 8078 7791
f 8045 7667 7597
f 7597 7906 8045
f 7944 8045 7906
f 7906 7922 7944
f 7841 7849 7923
f 7993 7907 7945
f 7886 7842 7955
f 7842 7908 7955
f 7909 7908 7864
f 7956 7946 7779
f 7867 7972 7850
f 7949 7852 8049
f 7870 8049 7852
f 7911 7950 7853
f 7960 7951 7855
f 7892 7960 7856
f 7893 7892 7751
f 8006 8023 7812
f 7977 7927 7894
f 8051 7977 7894
f 7978 7928 7913
f 7861 7816 7990
f 7953 7933 7880
f 7941 7900 7918
f 7903 7873 7984
f 8046 7944 7922
f 7885 7775 7992
f 8033 7923 7849
f 7946 7909 7808
f 7964 7971 7874
f 7965 8005 7924
f 8048 7958 7868
f 7910 7890 8082
f 7959 7951 7995
f 8013 8051 7871
f 8007 7914 7915
f 7896 7860 8056
f 7938 7952 7835
f 7929 7989 7938
f 7980 7989 7861
f 7990 7980 7861
f 7880 7982 7953
f 7934 7998 7939
f 7882 7941 7918
f 8019 7902 7967
f 7967 7902 7903
f 7903 7984 7967
f 7807 8059 7829
f 7807 7884 8030
f 7756 8030 7884
f 8003 8031 7943
f 7922 7969 8046
f 7993 8033 7849
f 7971 8010 7956
f 7796 7924 8004
f 8005 8004 7924
f 7958 7948 7888
f 8048 7868 7925
f 7925 7910 8048
f 7891 8083 7875
f 7911 7912 8084
f 7959 8012 7912
f 7995 7951 7960
f 7892 7893 8036
f 7977 7926 7927
f 8071 8007 7915
f 7915 7996 8071
f 7996 7879 7987
f 7879 7859 8052
f 8027 7988 7833
f 7916 7931 8028
f 7932 7846 7997
f 8015 7997 7846
f 8015 7897 8016
f 7998 7934 7962
f 7899 8008 7940
f 8044 7921 7708
f 7954 7992 7775
f 7954 7923 7986
f 8033 7986 7923
f 7955 7970 7886
f 7909 7946 8065
f 7957 7948 7973
f 7974 7973 7948
f 7948 7958 7974
f 8036 7960 7892
f 8036 7893 8023
f 8013 7928 8024
f 7859 7895 8052
f 7966 7916 8028
f 7932 8028 7931
f 7881 7939 7998
f 7934 8018 7962
f 7983 7917 7999
f 8000 7963 7901
f 8041 8000 7901
f 7935 7840 7848
f 8104 7765 7667
f 7667 8045 8104
f 7986 7992 7954
f 7945 7886 7970
f 7957 7972 7867
f 7994 7974 7958
f 7994 7958 8048
f 8012 8084 7912
f 7995 8012 7959
f 7878 7926 7976
f 7926 7977 7976
f 7914 8007 7978
f 7987 7879 8129
f 7895 7896 8026
f 8056 8026 7896
f 7937 8027 7833
f 8115 7990 7930
f 7966 8115 7930
f 7933 7953 7981
f 7998 7982 7881
f 8018 7934 7983
f 7941 8008 7900
f 7920 7984 7873
f 7848 7942 8058
f 7942 7936 8058
f 8059 8002 7829
f 7968 7943 8155
f 7909 8064 7908
f 8122 7946 7956
f 7956 8010 8122
f 8035 8005 7965
f 7887 8035 7965
f 7950 7911 8096
f 8084 8096 7911
f 7978 8024 7928
f 8052 8129 7879
f 7860 7988 8056
f 7961 7979 8110
f 7901 8042 8118
f 8063 8058 7936
f 7936 7905 8063
f 7905 7773 8063
f 7756 7968 8155
f 8155 7943 8031
f 8079 7991 7765
f 7765 8104 8079
f 8064 7955 7908
f 7964 8010 7971
f 7964 7796 8004
f 7947 8035 7887
f 8047 7947 7865
f 8111 7875 8083
f 8021 7995 7960
f 7960 8036 8021
f 7979 7952 8110
f 8073 7952 7938
f 7938 7989 8073
f 8017 8016 7897
f 7897 7933 8017
f 7933 7981 8017
f 7940 8008 7999
f 8000 7882 7963
f 7984 7920 8061
f 8001 8061 7985
f 8043 7921 8120
f 8030 8059 7807
f 7992 7986 8060
f 7986 8033 8060
f 7993 7945 8034
f 8093 7972 7957
f 7973 8093 7957
f 8111 8011 7875
f 8049 7870 8095
f 7975 8095 7870
f 8138 8006 7878
f 7878 7976 8138
f 8053 8056 7988
f 8027 8053 7988
f 8088 8073 7989
f 7989 7980 8088
f 8115 7966 8014
f 8028 8014 7966
f 7997 8089 7932
f 7998 7953 7982
f 8008 7941 8075
f 7935 7848 8101
f 8044 7708 8002
f 7708 7829 8002
f 8080 8033 7993
f 8034 8080 7993
f 8068 7865 7972
f 8095 7975 8107
f 8055 7975 7950
f 8096 8055 7950
f 8021 8036 8022
f 8013 8024 8108
f 8024 7978 8086
f 7996 7987 8114
f 8129 8165 7987
f 7990 8037 7980
f 7953 7998 8038
f 7999 8040 7983
f 8009 7941 7882
f 7882 8000 8009
f 8057 8009 8000
f 7967 7984 8029
f 8061 8077 7984
f 8091 7935 8062
f 8101 8062 7935
f 8058 8101 7848
f 8168 8063 7773
f 7773 8078 8168
f 8030 7756 8155
f 7991 8031 8003
f 8233 8045 7944
f 8060 8033 8032
f 8004 8020 7964
f 8035 8067 8005
f 7865 8068 8047
f 7910 8082 8048
f 8049 8083 7949
f 8138 8023 8006
f 7978 8007 8071
f 8071 7996 8114
f 8165 8114 7987
f 8052 7895 8025
f 8027 7937 8140
f 7961 8140 7937
f 8115 8037 7990
f 7953 8038 8098
f 8057 8000 8041
f 8019 7967 8029
f 8077 8029 7984
f 8120 7921 8044
f 8059 8030 8143
f 8103 8031 7991
f 8079 8103 7991
f 7969 7885 8046
f 7945 7970 8034
f 7909 8065 8092
f 8010 7964 8020
f 8020 8004 8145
f 8005 8067 8004
f 7974 7994 8094
f 7994 8048 8069
f 8055 8107 7975
f 8050 8084 8012
f 7995 8050 8012
f 8113 8036 8023
f 8071 8086 7978
f 8053 8027 8140
f 8072 8110 7952
f 7980 8037 8088
f 8028 8116 8014
f 8089 7997 8142
f 7981 7953 8098
f 8039 8018 7983
f 7999 8008 8186
f 8041 7901 8118
f 8118 8042 8076
f 7919 8019 8132
f 8029 8132 8019
f 8001 7985 8090
f 8091 8090 7985
f 8155 8102 8030
f 8066 8065 7946
f 8011 8111 8070
f 7995 8021 8182
f 7977 8051 8085
f 8073 8072 7952
f 7932 8116 8028
f 8054 8038 7998
f 8040 8039 7983
f 8167 7941 8009
f 8143 8030 8102
f 8080 8032 8033
f 8122 8010 8169
f 8106 8169 8010
f 8161 8047 8068
f 8093 8068 7972
f 7973 7974 8081
f 8094 8081 7974
f 8069 8094 7994
f 8082 7890 8188
f 8011 8188 7890
f 8050 7995 8182
f 8138 8113 8023
f 8138 7976 8164
f 7977 8085 8171
f 8051 8013 8108
f 8026 8025 7895
f 8026 8056 8109
f 8116 7932 8089
f 7997 8015 8142
f 8016 8142 8015
f 8040 7999 8186
f 8074 8186 8008
f 8074 8008 8075
f 8167 8075 7941
f 8009 8057 8167
f 8119 8076 8042
f 7919 8119 8042
f 8046 8133 7944
f 7970 7955 8105
f 8122 8066 7946
f 8020 8106 8010
f 8035 7947 8178
f 7947 8047 8178
f 8093 7973 8081
f 8171 7976 7977
f 8086 8108 8024
f 8056 8053 8087
f 8098 8017 7981
f 8098 8038 8148
f 8188 8011 8070
f 8184 8140 7961
f 8110 8184 7961
f 8016 8017 8142
f 8097 8142 8017
f 8017 8098 8097
f 8054 8148 8038
f 7962 8018 8099
f 8018 8131 8099
f 8039 8131 8018
f 8119 7919 8132
f 8063 8168 8268
f 8133 8233 7944
f 8046 7885 7992
f 8080 8034 8105
f 8034 7970 8105
f 8067 8145 8004
f 8118 8100 8041
f 8077 8061 8153
f 8001 8153 8061
f 8268 8058 8063
f 8120 8078 8043
f 8060 8032 8134
f 8064 8092 8121
f 8159 8135 8020
f 8020 8145 8159
f 8145 8067 8160
f 8067 8035 8205
f 8093 8161 8068
f 8069 8136 8094
f 8082 8069 8048
f 8083 8049 8126
f 8095 8126 8049
f 8022 8036 8137
f 8108 8085 8051
f 8109 8056 8087
f 8185 8110 8072
f 8073 8088 8130
f 8132 8029 8219
f 8029 8077 8174
f 8078 8124 8168
f 8002 8120 8044
f 8156 8105 7955
f 7955 8064 8157
f 8064 8121 8157
f 8093 8081 8125
f 8136 8125 8081
f 8094 8136 8081
f 8111 8083 8196
f 8083 8126 8196
f 8055 8096 8127
f 8189 8127 8096
f 8112 8096 8084
f 8050 8112 8084
f 8022 8182 8021
f 8036 8113 8137
f 8183 8129 8052
f 8052 8025 8183
f 8072 8073 8130
f 8077 8153 8174
f 8154 8090 8091
f 8062 8154 8091
f 8079 8104 8190
f 7992 8060 8176
f 8157 8156 7955
f 8135 8106 8020
f 8067 8205 8160
f 8125 8161 8093
f 8188 8070 8224
f 8249 8224 8070
f 8070 8111 8249
f 8096 8112 8189
f 8171 8164 7976
f 8128 8171 8085
f 8109 8172 8026
f 8166 8130 8088
f 8088 8037 8166
f 8089 8142 8227
f 8099 8148 8054
f 8099 8131 8117
f 8074 8075 8151
f 8075 8167 8123
f 8120 8124 8078
f 8262 8104 8045
f 8045 8233 8262
f 8134 8176 8060
f 8134 8032 8223
f 8092 8065 8248
f 8065 8066 8248
f 8146 8136 8069
f 8069 8082 8181
f 8188 8181 8082
f 8107 8055 8127
f 8108 8128 8085
f 8114 8165 8251
f 8165 8129 8192
f 8025 8026 8172
f 8184 8110 8194
f 8130 8185 8072
f 8115 8141 8037
f 8196 8249 8111
f 8137 8182 8022
f 8210 8137 8113
f 8211 8210 8113
f 8113 8138 8211
f 8183 8280 8129
f 8172 8139 8025
f 8193 8087 8053
f 8053 8140 8193
f 8194 8110 8185
f 8131 8039 8040
f 8075 8123 8151
f 8200 8100 8118
f 8076 8200 8118
f 8174 8219 8029
f 8001 8090 8153
f 8154 8062 8202
f 8120 8002 8175
f 8059 8175 8002
f 8059 8143 8187
f 8176 8144 7992
f 8223 8032 8080
f 8100 8057 8041
f 8232 8103 8079
f 8104 8262 8190
f 8159 8145 8204
f 8170 8161 8125
f 8125 8136 8170
f 8162 8196 8126
f 8095 8162 8126
f 8164 8171 8289
f 8192 8266 8165
f 8141 8166 8037
f 8116 8089 8215
f 8173 8097 8098
f 8098 8148 8173
f 8099 8149 8148
f 8150 8117 8131
f 8229 8150 8131
f 8131 8040 8229
f 8186 8229 8040
f 8151 8186 8074
f 8167 8057 8152
f 8062 8101 8202
f 8101 8058 8202
f 8222 8155 8031
f 8031 8103 8222
f 8079 8190 8232
f 8234 8233 8133
f 8046 7992 8191
f 8144 8191 7992
f 8177 8176 8134
f 8156 8080 8105
f 8237 8157 8121
f 8273 8066 8122
f 8178 8205 8035
f 8179 8178 8047
f 8047 8161 8179
f 8107 8162 8095
f 8127 8238 8107
f 8189 8112 8163
f 8182 8209 8050
f 8172 8109 8147
f 8184 8242 8140
f 8185 8130 8166
f 8099 8117 8149
f 8174 8153 8220
f 8168 8124 8203
f 8133 8046 8234
f 8177 8134 8223
f 8121 8092 8158
f 8248 8158 8092
f 8122 8169 8273
f 8146 8069 8276
f 8180 8276 8069
f 8181 8180 8069
f 8107 8238 8162
f 8171 8128 8279
f 8212 8086 8071
f 8071 8114 8212
f 8114 8251 8225
f 8192 8129 8280
f 8183 8025 8139
f 8147 8109 8226
f 8109 8087 8226
f 8193 8226 8087
f 8141 8115 8272
f 8014 8272 8115
f 8227 8142 8216
f 8097 8216 8142
f 8148 8149 8173
f 8153 8090 8220
f 8234 8046 8191
f 8158 8237 8121
f 8135 8169 8106
f 8239 8238 8127
f 8050 8163 8112
f 8182 8137 8197
f 8240 8128 8108
f 8108 8086 8240
f 8225 8212 8114
f 8242 8193 8140
f 8184 8194 8214
f 8272 8014 8199
f 8014 8116 8199
f 8116 8215 8199
f 8097 8173 8195
f 8149 8117 8228
f 8244 8123 8167
f 8167 8152 8244
f 8057 8100 8152
f 8203 8268 8168
f 8175 8284 8120
f 8143 8102 8245
f 8160 8204 8145
f 8178 8287 8205
f 8170 8179 8161
f 8276 8136 8146
f 8209 8250 8050
f 8197 8137 8210
f 8198 8211 8138
f 8138 8164 8198
f 8171 8279 8289
f 8266 8251 8165
f 8139 8256 8183
f 8147 8213 8172
f 8194 8185 8252
f 8228 8117 8150
f 8150 8229 8217
f 8281 8186 8151
f 8151 8123 8244
f 8119 8200 8076
f 8187 8175 8059
f 8285 8102 8155
f 8176 8177 8246
f 8223 8080 8236
f 8156 8236 8080
f 8206 8179 8170
f 8250 8163 8050
f 8289 8198 8164
f 8215 8089 8227
f 8173 8149 8292
f 8149 8228 8292
f 8186 8217 8229
f 8281 8217 8186
f 8100 8200 8260
f 8218 8200 8119
f 8132 8218 8119
f 8231 8090 8154
f 8058 8268 8253
f 8285 8245 8102
f 8177 8223 8246
f 8156 8157 8304
f 8273 8169 8269
f 8135 8269 8169
f 8178 8179 8287
f 8170 8136 8206
f 8264 8206 8136
f 8276 8264 8136
f 8181 8188 8207
f 8224 8207 8188
f 8127 8189 8239
f 8209 8182 8197
f 8240 8086 8212
f 8139 8172 8213
f 8243 8252 8185
f 8185 8166 8243
f 8258 8243 8166
f 8141 8258 8166
f 8195 8216 8097
f 8152 8100 8260
f 8219 8218 8132
f 8230 8219 8174
f 8202 8231 8154
f 8245 8187 8143
f 8155 8222 8285
f 8191 8286 8394
f 8235 8286 8191
f 8191 8144 8235
f 8144 8176 8235
f 8156 8304 8247
f 8237 8304 8157
f 8269 8135 8159
f 8204 8160 8263
f 8207 8180 8181
f 8209 8208 8250
f 8280 8266 8192
f 8280 8183 8256
f 8242 8226 8193
f 8252 8214 8194
f 8201 8220 8090
f 8231 8201 8090
f 8253 8202 8058
f 8203 8124 8221
f 8124 8120 8221
f 8284 8221 8120
f 8234 8191 8394
f 8287 8179 8270
f 8249 8196 8265
f 8196 8162 8265
f 8314 8239 8189
f 8198 8289 8315
f 8128 8240 8279
f 8226 8242 8241
f 8272 8258 8141
f 8244 8152 8283
f 8261 8260 8200
f 8218 8261 8200
f 8174 8220 8230
f 8245 8349 8187
f 8263 8343 8204
f 8206 8270 8179
f 8238 8265 8162
f 8189 8163 8314
f 8209 8197 8208
f 8277 8197 8210
f 8198 8255 8211
f 8251 8297 8225
f 8242 8184 8257
f 8214 8257 8184
f 8215 8309 8199
f 8151 8244 8259
f 8152 8260 8283
f 8236 8156 8247
f 8066 8273 8248
f 8159 8204 8343
f 8239 8306 8238
f 8267 8213 8147
f 8147 8226 8267
f 8272 8199 8323
f 8215 8227 8309
f 8195 8173 8291
f 8173 8292 8291
f 8292 8228 8367
f 8150 8367 8228
f 8230 8220 8355
f 8201 8355 8220
f 8348 8268 8203
f 8103 8232 8222
f 8374 8232 8190
f 8384 8262 8233
f 8233 8234 8384
f 8176 8246 8235
f 8223 8319 8246
f 8247 8319 8236
f 8205 8263 8160
f 8264 8275 8206
f 8224 8295 8207
f 8306 8265 8238
f 8277 8208 8197
f 8212 8225 8297
f 8256 8139 8271
f 8257 8241 8242
f 8272 8300 8258
f 8216 8309 8227
f 8259 8281 8151
f 8317 8202 8253
f 8221 8348 8203
f 8284 8175 8318
f 8302 8285 8222
f 8236 8319 8223
f 8269 8159 8274
f 8287 8263 8205
f 8275 8270 8206
f 8210 8211 8278
f 8280 8336 8266
f 8139 8213 8308
f 8213 8267 8322
f 8226 8241 8267
f 8252 8243 8299
f 8291 8216 8195
f 8281 8259 8324
f 8317 8231 8202
f 8175 8187 8318
f 8303 8222 8232
f 8232 8374 8303
f 8304 8254 8247
f 8276 8364 8264
f 8265 8288 8249
f 8306 8239 8344
f 8296 8250 8208
f 8255 8278 8211
f 8351 8345 8279
f 8256 8321 8280
f 8271 8321 8256
f 8308 8271 8139
f 8298 8267 8241
f 8241 8257 8298
f 8214 8252 8299
f 8300 8299 8243
f 8243 8258 8300
f 8309 8323 8199
f 8217 8310 8150
f 8244 8282 8259
f 8316 8260 8261
f 8318 8187 8349
f 8349 8245 8311
f 8301 8311 8245
f 8245 8285 8301
f 8190 8262 8374
f 8235 8246 8370
f 8246 8319 8370
f 8273 8269 8274
f 8274 8159 8343
f 8270 8275 8320
f 8364 8275 8264
f 8224 8249 8288
f 8239 8314 8344
f 8163 8250 8314
f 8278 8277 8210
f 8289 8279 8345
f 8279 8240 8351
f 8240 8212 8334
f 8266 8297 8251
f 8283 8282 8244
f 8327 8253 8268
f 8221 8284 8368
f 8158 8248 8293
f 8248 8273 8293
f 8263 8287 8305
f 8180 8294 8276
f 8180 8207 8295
f 8288 8265 8313
f 8306 8313 8265
f 8208 8277 8296
f 8315 8255 8198
f 8212 8297 8334
f 8299 8290 8214
f 8300 8272 8323
f 8291 8292 8354
f 8361 8367 8150
f 8218 8316 8261
f 8341 8218 8219
f 8219 8230 8341
f 8230 8355 8341
f 8393 8355 8201
f 8231 8393 8201
f 8384 8374 8262
f 8363 8293 8273
f 8295 8294 8180
f 8224 8288 8295
f 8278 8255 8307
f 8289 8345 8315
f 8240 8334 8351
f 8266 8336 8335
f 8321 8336 8280
f 8322 8308 8213
f 8310 8361 8150
f 8324 8217 8281
f 8326 8317 8253
f 8253 8327 8326
f 8318 8368 8284
f 8394 8384 8234
f 8254 8319 8247
f 8274 8363 8273
f 8287 8270 8312
f 8320 8312 8270
f 8313 8295 8288
f 8331 8296 8277
f 8271 8308 8337
f 8353 8216 8291
f 8354 8360 8291
f 8367 8354 8292
f 8268 8348 8327
f 8302 8301 8285
f 8303 8302 8222
f 8304 8237 8328
f 8158 8328 8237
f 8343 8376 8274
f 8294 8364 8276
f 8350 8314 8250
f 8277 8278 8332
f 8297 8266 8346
f 8335 8346 8266
f 8214 8298 8257
f 8340 8283 8260
f 8394 8286 8420
f 8286 8235 8362
f 8254 8304 8328
f 8312 8305 8287
f 8313 8306 8365
f 8250 8296 8350
f 8333 8255 8315
f 8404 8333 8315
f 8345 8351 8357
f 8321 8271 8358
f 8407 8337 8308
f 8352 8299 8300
f 8323 8338 8300
f 8323 8309 8366
f 8309 8216 8353
f 8360 8353 8291
f 8340 8282 8283
f 8260 8316 8340
f 8349 8342 8318
f 8362 8420 8286
f 8362 8235 8370
f 8328 8158 8329
f 8158 8293 8329
f 8376 8363 8274
f 8364 8320 8275
f 8350 8344 8314
f 8277 8332 8331
f 8307 8332 8278
f 8345 8404 8315
f 8334 8297 8372
f 8358 8271 8337
f 8308 8322 8407
f 8359 8322 8267
f 8298 8359 8267
f 8290 8299 8408
f 8352 8300 8338
f 8217 8324 8339
f 8282 8373 8259
f 8325 8340 8316
f 8316 8218 8325
f 8348 8221 8368
f 8303 8374 8382
f 8343 8263 8377
f 8305 8377 8263
f 8313 8378 8295
f 8346 8372 8297
f 8346 8335 8437
f 8336 8321 8347
f 8298 8214 8391
f 8290 8391 8214
f 8408 8299 8352
f 8338 8323 8366
f 8353 8366 8309
f 8217 8339 8310
f 8341 8325 8218
f 8430 8393 8231
f 8430 8231 8317
f 8326 8430 8317
f 8410 8326 8327
f 8370 8319 8386
f 8330 8377 8305
f 8305 8312 8330
f 8294 8371 8364
f 8294 8295 8356
f 8378 8356 8295
f 8383 8306 8344
f 8388 8344 8350
f 8396 8296 8331
f 8334 8372 8351
f 8359 8407 8322
f 8259 8373 8324
f 8311 8369 8349
f 8293 8363 8329
f 8377 8376 8343
f 8344 8388 8383
f 8396 8350 8296
f 8307 8255 8389
f 8255 8333 8379
f 8345 8357 8404
f 8358 8347 8321
f 8381 8358 8337
f 8338 8446 8352
f 8413 8282 8340
f 8327 8348 8410
f 8401 8410 8348
f 8371 8403 8364
f 8395 8313 8365
f 8306 8383 8365
f 8332 8396 8331
f 8307 8389 8332
f 8379 8389 8255
f 8335 8336 8390
f 8347 8390 8336
f 8359 8298 8391
f 8408 8391 8290
f 8354 8367 8400
f 8392 8413 8340
f 8392 8340 8325
f 8393 8341 8355
f 8342 8349 8369
f 8394 8385 8384
f 8319 8254 8460
f 8328 8460 8254
f 8329 8411 8328
f 8329 8363 8402
f 8403 8312 8320
f 8320 8364 8403
f 8404 8357 8380
f 8337 8407 8381
f 8366 8353 8406
f 8400 8367 8418
f 8368 8401 8348
f 8368 8318 8342
f 8382 8374 8431
f 8375 8420 8362
f 8370 8375 8362
f 8294 8356 8387
f 8412 8383 8388
f 8437 8335 8398
f 8390 8398 8335
f 8390 8347 8416
f 8338 8366 8399
f 8366 8406 8399
f 8361 8418 8367
f 8373 8450 8324
f 8460 8386 8319
f 8371 8294 8387
f 8395 8378 8313
f 8396 8388 8350
f 8379 8333 8443
f 8414 8380 8357
f 8472 8357 8351
f 8351 8372 8472
f 8424 8472 8372
f 8372 8346 8424
f 8347 8358 8405
f 8391 8408 8483
f 8446 8338 8399
f 8448 8353 8360
f 8360 8354 8448
f 8310 8339 8428
f 8324 8450 8339
f 8411 8460 8328
f 8456 8432 8329
f 8402 8456 8329
f 8376 8402 8363
f 8376 8377 8402
f 8330 8312 8457
f 8471 8365 8383
f 8333 8463 8443
f 8346 8397 8424
f 8437 8397 8346
f 8405 8416 8347
f 8358 8381 8417
f 8445 8417 8381
f 8448 8406 8353
f 8361 8310 8428
f 8325 8341 8392
f 8386 8375 8370
f 8411 8329 8432
f 8377 8330 8433
f 8378 8387 8356
f 8400 8448 8354
f 8392 8341 8419
f 8341 8393 8419
f 8368 8342 8459
f 8477 8302 8303
f 8374 8384 8431
f 8384 8385 8431
f 8402 8377 8433
f 8457 8421 8330
f 8387 8403 8371
f 8434 8387 8378
f 8396 8332 8423
f 8333 8404 8463
f 8357 8472 8414
f 8416 8405 8426
f 8381 8407 8445
f 8359 8391 8440
f 8483 8440 8391
f 8408 8352 8446
f 8476 8446 8399
f 8428 8418 8361
f 8452 8419 8393
f 8393 8430 8452
f 8401 8368 8485
f 8342 8369 8459
f 8453 8459 8369
f 8369 8311 8454
f 8311 8301 8454
f 8303 8382 8477
f 8382 8431 8477
f 8375 8386 8469
f 8421 8433 8330
f 8458 8312 8403
f 8442 8403 8387
f 8378 8395 8434
f 8383 8412 8471
f 8388 8396 8412
f 8423 8412 8396
f 8487 8332 8389
f 8463 8404 8380
f 8435 8424 8397
f 8397 8437 8435
f 8415 8435 8437
f 8398 8390 8438
f 8416 8438 8390
f 8405 8358 8427
f 8483 8408 8441
f 8409 8476 8399
f 8399 8406 8409
f 8400 8418 8449
f 8413 8373 8282
f 8453 8369 8454
f 8510 8301 8302
f 8457 8312 8458
f 8422 8395 8365
f 8426 8405 8427
f 8484 8409 8406
f 8449 8448 8400
f 8435 8415 8444
f 8466 8445 8407
f 8407 8359 8466
f 8446 8441 8408
f 8428 8339 8467
f 8451 8413 8392
f 8420 8385 8394
f 8460 8411 8455
f 8432 8455 8411
f 8433 8421 8524
f 8442 8458 8403
f 8365 8471 8422
f 8487 8423 8332
f 8424 8464 8472
f 8429 8430 8326
f 8326 8410 8429
f 8491 8410 8401
f 8459 8485 8368
f 8460 8469 8386
f 8434 8495 8387
f 8389 8379 8487
f 8488 8463 8380
f 8380 8414 8488
f 8358 8417 8427
f 8475 8427 8417
f 8439 8475 8417
f 8417 8445 8439
f 8447 8484 8406
f 8406 8448 8447
f 8450 8467 8339
f 8392 8419 8451
f 8419 8452 8451
f 8429 8452 8430
f 8516 8429 8410
f 8491 8516 8410
f 8302 8477 8510
f 8420 8375 8468
f 8468 8375 8469
f 8433 8523 8402
f 8494 8524 8421
f 8421 8457 8494
f 8495 8442 8387
f 8434 8395 8422
f 8379 8443 8461
f 8436 8444 8415
f 8440 8466 8359
f 8521 8450 8373
f 8413 8521 8373
f 8485 8491 8401
f 8510 8454 8301
f 8385 8420 8468
f 8456 8402 8523
f 8524 8523 8433
f 8487 8379 8461
f 8463 8462 8443
f 8414 8472 8488
f 8424 8425 8464
f 8425 8435 8481
f 8435 8444 8481
f 8473 8415 8437
f 8398 8473 8437
f 8398 8438 8474
f 8438 8416 8465
f 8445 8466 8482
f 8442 8495 8470
f 8412 8423 8528
f 8529 8528 8423
f 8423 8487 8529
f 8464 9649 8472
f 8473 8436 8415
f 8496 8474 8438
f 8438 8465 8496
f 8416 8426 8465
f 8426 8427 8465
f 8497 8465 8427
f 8498 8497 8427
f 8475 8498 8427
f 8482 8439 8445
f 8447 8448 8508
f 8449 8418 8499
f 8418 8428 8499
f 8521 8413 8451
f 8501 8451 8452
f 8452 8429 8516
f 8485 8459 8492
f 8503 8494 8457
f 8457 8458 8503
f 8467 8499 8428
f 8450 8509 8467
f 8431 8385 8511
f 8469 8460 8478
f 8512 8478 8460
f 8455 8512 8460
f 8470 8458 8442
f 8517 8471 8412
f 8480 8461 8443
f 8443 8462 8480
f 8463 8488 8513
f 8534 8514 8472
f 9649 8534 8472
f 8481 8530 8425
f 8444 8436 8506
f 8436 8473 8489
f 8474 8473 8398
f 8439 8549 8475
f 8476 8531 8446
f 8448 8449 8508
f 8499 8467 8500
f 8509 8500 8467
f 8450 8521 8509
f 8452 8516 8501
f 8385 8468 8542
f 8468 8469 8478
f 8434 8422 8479
f 8517 8422 8471
f 8528 8517 8412
f 8513 8462 8463
f 8514 8488 8472
f 8444 8506 8505
f 8483 8563 8440
f 8441 8446 8531
f 8451 8501 8490
f 8492 8459 8551
f 8459 8453 8551
f 8486 8551 8453
f 8453 8454 8486
f 8511 8477 8431
f 8478 8542 8468
f 8512 8455 8493
f 8432 8493 8455
f 8432 8456 8493
f 8523 8493 8456
f 8524 8494 8525
f 8503 8458 8526
f 8470 8526 8458
f 8495 8434 8479
f 8461 8480 8519
f 8462 8519 8480
f 8505 8530 8481
f 8481 8444 8505
f 8562 8506 8436
f 8436 8489 8562
f 8489 8473 8474
f 8497 8496 8465
f 8520 8498 8475
f 8439 8482 8536
f 8466 8536 8482
f 8466 8440 8563
f 8484 8447 8507
f 8499 8508 8449
f 8565 8541 8451
f 8451 8490 8565
f 8511 8385 8542
f 8479 8422 8527
f 8518 8529 8487
f 8487 8461 8518
f 8504 8518 8461
f 8533 8462 8513
f 8489 8474 8515
f 8496 8515 8474
f 8549 8520 8475
f 8536 8549 8439
f 8441 8563 8483
f 8476 8409 8531
f 8409 8484 8507
f 8447 8508 8507
f 8521 8451 8541
f 8491 8485 8543
f 8486 8454 8510
f 8510 8477 8522
f 8511 8522 8477
f 8502 8525 8494
f 8494 8503 8502
f 8470 8495 8544
f 8479 8544 8495
f 8527 8422 8517
f 8504 8461 8519
f 8545 8513 8488
f 8515 8562 8489
f 8496 8497 8535
f 8498 8535 8497
f 8550 8507 8508
f 8508 8499 9562
f 8499 8500 9562
f 8540 8509 8521
f 8492 8543 8485
f 8526 8502 8503
f 8526 8470 8544
f 8535 8515 8496
f 8441 8574 8563
f 8531 8574 8441
f 8409 8507 8538
f 8508 9562 8550
f 8500 8509 8539
f 8569 8516 8491
f 8588 8551 8486
f 8522 8486 8510
f 8522 8511 8552
f 8527 8517 8583
f 8519 8462 8571
f 8545 8533 8513
f 8488 8546 8545
f 8488 8514 8546
f 8530 8505 8556
f 8557 8505 8506
f 8506 8562 8557
f 8547 8535 8498
f 8498 8548 8547
f 8520 8548 8498
f 8563 8536 8466
f 8531 8409 8537
f 8409 8538 8537
f 8501 8516 8490
f 8516 8569 8580
f 8511 8542 8581
f 8542 8478 8581
f 8493 8523 8570
f 8502 8582 8525
f 8479 8527 8532
f 8518 8504 8577
f 8504 8519 8577
f 8571 8577 8519
f 8514 8534 8546
f 8555 8534 9649
f 9562 8500 8539
f 8580 8490 8516
f 8543 8569 8491
f 8610 8543 8492
f 8551 8610 8492
f 8486 8522 8552
f 8493 8599 8512
f 8523 8524 8570
f 8524 8525 8582
f 8582 8502 8566
f 8502 8526 8566
f 8532 8544 8479
f 8528 8529 8584
f 8529 8518 8584
f 9651 8530 9648
f 8515 8535 8558
f 8550 8559 8507
f 8532 8567 8544
f 8517 8528 8583
f 8577 8571 8590
f 8591 8571 8462
f 8568 8462 8533
f 8533 8545 8593
f 8561 8556 8505
f 8558 8562 8515
f 8538 8507 8559
f 8539 8509 8564
f 8509 8540 8564
f 8521 8541 8540
f 8569 8543 8632
f 8478 8512 8599
f 8582 8570 8524
f 8580 8565 8490
f 8486 8552 8588
f 8599 8581 8478
f 8493 8570 8618
f 8532 8527 8553
f 8527 8583 8553
f 8568 8591 8462
f 8592 8568 8533
f 8546 8593 8545
f 8546 8534 8554
f 8555 8554 8534
f 9648 8530 8604
f 8505 8557 8561
f 8557 8562 8573
f 8535 8547 8558
f 8548 8520 8595
f 8520 8549 8607
f 8549 8536 8607
f 8596 8607 8536
f 8563 8596 8536
f 8574 8531 8586
f 8531 8537 8586
f 8559 8608 8538
f 8559 8550 8560
f 8560 9562 8579
f 8541 8565 8598
f 8588 8575 8551
f 8584 8583 8528
f 8518 8577 8585
f 8592 8533 8593
f 8593 8546 8572
f 8554 8572 8546
f 8556 8604 8530
f 8578 8561 8557
f 8557 8573 8578
f 8607 8595 8520
f 8608 8586 8537
f 8537 8538 8608
f 9650 9648 8604
f 8578 8620 8561
f 9560 8573 8562
f 8562 8558 9560
f 9562 8539 8579
f 8597 8579 8539
f 8539 8564 8597
f 8598 8540 8541
f 8552 8511 8576
f 8599 8493 8618
f 8570 8582 8613
f 8601 8600 8567
f 8567 8532 8601
f 8553 8601 8532
f 8585 8584 8518
f 8632 8580 8569
f 8611 8575 8588
f 8588 8552 8611
f 8581 8576 8511
f 8613 8618 8570
f 8623 8613 8582
f 8571 8591 8590
f 8556 8561 8605
f 8606 8605 8561
f 8620 8606 8561
f 8563 8574 8596
f 8586 8596 8574
f 8559 8560 8609
f 8609 8587 8559
f 8560 8579 8609
f 8630 8564 8540
f 8565 8580 8631
f 8575 8610 8551
f 8599 8612 8581
f 8590 8614 8577
f 8593 8572 8625
f 9650 8604 8619
f 8604 8556 8605
f 8595 8659 8548
f 8630 8597 8564
f 8540 8598 8630
f 8552 8576 8654
f 8576 8581 8643
f 8589 8623 8582
f 8582 8566 8589
f 8566 9584 8589
f 8601 8553 8635
f 8602 8635 8553
f 8553 8583 8602
f 8585 8577 8614
f 8590 8591 8657
f 8568 8657 8591
f 8603 8572 8554
f 8573 8594 8578
f 8548 8659 8547
f 8587 8608 8559
f 8565 8631 8598
f 8622 8610 8575
f 8575 8611 8617
f 8583 8584 8602
f 8614 8590 8665
f 8593 8636 8592
f 8625 8572 8603
f 8603 9650 8671
f 8619 8671 9650
f 9560 8558 8615
f 8558 8547 8659
f 8609 8579 8621
f 8579 8597 8621
f 8580 8632 8640
f 8632 8543 8616
f 8543 8610 8616
f 8617 8622 8575
f 8611 8552 8654
f 8643 8654 8576
f 8643 8581 8633
f 8581 8612 8633
f 8612 8599 8644
f 8618 8644 8599
f 8645 8589 9584
f 9584 8600 8645
f 8600 8601 8634
f 8585 8602 8584
f 8590 8657 8665
f 8626 8619 8604
f 8604 8605 8626
f 8605 8606 8658
f 8659 8615 8558
f 8595 8607 8660
f 8662 8639 8596
f 8596 8586 8662
f 8628 8662 8586
f 8586 8608 8628
f 8651 8587 8609
f 8609 8621 8651
f 8622 8616 8610
f 8644 8633 8612
f 8644 8618 8667
f 8618 8613 8667
f 8645 8623 8589
f 8634 8645 8600
f 8635 8634 8601
f 8665 8656 8614
f 8624 8657 8568
f 8636 8624 8568
f 8568 8592 8636
f 8593 8625 8636
f 8658 8626 8605
f 8620 8578 8627
f 8578 8594 8627
f 8595 8660 8659
f 8607 8596 8639
f 8629 8621 8597
f 8630 8629 8597
f 8602 8585 8655
f 8656 8655 8585
f 8585 8614 8656
f 8637 8636 8625
f 8638 8625 8603
f 8647 8606 8620
f 8620 8627 8647
f 8639 8660 8607
f 8608 8587 8628
f 8640 8631 8580
f 8616 8677 8632
f 8622 8641 8616
f 8642 8622 8617
f 8617 8611 8642
f 8653 8642 8611
f 8654 8653 8611
f 8646 8635 8602
f 8638 8637 8625
f 8603 8671 8638
f 8626 8704 8619
f 8647 8658 8606
f 8725 8647 8627
f 8683 8627 8594
f 8648 8683 8594
f 8659 8649 8615
f 8661 8639 8662
f 8651 8621 8674
f 8630 8598 8700
f 8631 8700 8598
f 8677 8640 8632
f 8652 8641 8622
f 8642 8652 8622
f 8644 8667 8718
f 8645 8634 8669
f 8634 8635 8646
f 8602 8655 8646
f 8671 8619 8710
f 8649 8648 8615
f 8659 8660 8650
f 8661 8660 8639
f 8684 8628 8587
f 8587 8651 8684
f 8616 8641 8677
f 8652 8663 8641
f 8653 8652 8642
f 8654 8643 8686
f 8643 8633 8687
f 8613 8623 8668
f 8623 8645 8668
f 8669 8668 8645
f 8665 8657 8692
f 8624 8636 8681
f 8666 8637 8638
f 8704 8710 8619
f 8721 8704 8626
f 8649 8659 8693
f 8673 8661 8662
f 8662 8628 8673
f 8651 8674 8684
f 8629 8674 8621
f 8630 8700 8699
f 8676 8700 8631
f 8701 8631 8640
f 8640 8677 8701
f 8663 8677 8641
f 8663 8652 8664
f 8652 8653 8664
f 8653 8654 8680
f 8686 8680 8654
f 8687 8686 8643
f 8687 8633 8688
f 8633 8644 8688
f 8718 8688 8644
f 8668 8689 8613
f 8634 8646 8669
f 8646 8655 8690
f 8670 8692 8657
f 8624 8670 8657
f 8626 8658 8721
f 8659 8650 8693
f 8661 8672 8660
f 8628 8684 8673
f 8675 8629 8630
f 8630 8699 8675
f 8631 8701 8676
f 8678 8663 8664
f 8664 8653 8678
f 8653 8680 8679
f 8667 8613 8689
f 8669 8646 8690
f 8691 8690 8655
f 8655 8656 8691
f 8656 8665 8692
f 8681 8636 8637
f 8658 8647 8698
f 8627 8683 8682
f 8660 8672 8650
f 8674 8629 8695
f 8675 8695 8629
f 8685 8677 8663
f 8663 8678 8685
f 8679 8678 8653
f 8680 8686 8702
f 8668 8669 8694
f 8691 8656 8707
f 8624 8719 8670
f 8720 8681 8637
f 8666 8720 8637
f 8638 8671 8751
f 8698 8647 8725
f 8693 8683 8649
f 8679 8680 8697
f 8702 8697 8680
f 8689 8718 8667
f 8692 8707 8656
f 8681 8719 8624
f 8735 8720 8666
f 8638 8709 8666
f 8658 8698 8769
f 8725 8627 8711
f 8627 8682 8711
f 8675 8714 8695
f 8715 8700 8676
f 8676 8701 8715
f 8726 8701 8677
f 8677 8685 8726
f 8696 8726 8685
f 8685 8678 8696
f 8678 8679 8696
f 8732 8696 8679
f 8679 8697 8732
f 8717 8702 8686
f 8687 8717 8686
f 8689 8668 8723
f 8708 8707 8692
f 8670 8708 8692
f 8710 8704 8703
f 8698 8725 8770
f 8682 8683 8705
f 8650 8672 8713
f 8661 8673 8752
f 8716 8727 8696
f 8696 8732 8716
f 8702 8732 8697
f 8718 8728 8688
f 8706 8694 8690
f 8690 8691 8706
f 8729 8735 8666
f 8709 8729 8666
f 8758 8769 8698
f 8682 8705 8711
f 8712 8683 8693
f 8672 8661 8752
f 8714 9597 8695
f 8675 8699 8722
f 8699 8700 8722
f 8715 8722 8700
f 8726 8696 8731
f 8727 8731 8696
f 8687 8688 8717
f 8707 8706 8691
f 8719 8708 8670
f 8721 8703 8704
f 8721 8658 8730
f 8769 8730 8658
f 8737 8711 8705
f 8713 8712 8693
f 8693 8650 8713
f 9597 8752 8673
f 8701 8726 8715
f 8747 8716 8732
f 8732 8702 8762
f 8718 8689 8728
f 8728 8689 8723
f 8733 8723 8706
f 8706 8707 8733
f 8671 8710 8751
f 8736 8751 8710
f 8710 8703 8736
f 8759 8737 8705
f 8722 8714 8675
f 8731 8727 8746
f 8748 8754 8702
f 8702 8717 8748
f 8717 8688 8728
f 8707 8708 8755
f 8708 8719 8734
f 8724 8734 8719
f 8719 8681 8724
f 8681 8720 8724
f 8735 8724 8720
f 8729 8709 8757
f 8709 8638 8750
f 8751 8750 8638
f 8703 8721 8768
f 8730 8768 8721
f 8770 8758 8698
f 8777 8725 8711
f 8705 8712 8745
f 8738 8713 8672
f 8672 8752 8738
f 9597 8714 8753
f 8739 8753 8714
f 8714 8722 8739
f 8726 8731 8760
f 8747 8727 8716
f 8754 8762 8702
f 8728 8723 8743
f 8733 8743 8723
f 8755 8708 8734
f 8735 8729 8744
f 8750 8757 8709
f 8777 8770 8725
f 8745 8759 8705
f 8712 8713 8771
f 8752 9597 8753
f 8715 8726 8741
f 8760 8741 8726
f 8762 8742 8732
f 8728 8748 8717
f 8743 8749 8728
f 8755 8733 8707
f 8744 8729 8756
f 8757 8756 8729
f 8765 8768 8730
f 8784 8737 8759
f 8771 8745 8712
f 8740 8739 8722
f 8722 8715 8740
f 8741 8740 8715
f 8772 8741 8760
f 8746 8760 8731
f 8761 8746 8727
f 8747 8761 8727
f 8742 8747 8732
f 8754 8748 8781
f 8743 8733 8755
f 8755 8734 8767
f 8724 8735 8763
f 8744 8763 8735
f 8757 8750 8764
f 8751 8736 8792
f 8730 8769 8765
f 8737 8777 8711
f 8738 8771 8713
f 8796 8738 8752
f 8785 8753 8739
f 8740 8785 8739
f 8740 8741 8779
f 8763 8767 8734
f 8734 8724 8763
f 8768 8736 8703
f 8770 8819 8758
f 8759 8745 9557
f 8752 8753 8796
f 8779 8785 8740
f 8741 8772 8779
f 8780 8760 8746
f 8766 8748 8728
f 8728 8749 8766
f 8774 8749 8743
f 8743 8755 8774
f 8818 8750 8751
f 8765 8769 8811
f 8783 8777 8737
f 8738 8796 8771
f 8761 8780 8746
f 8742 8773 8747
f 8789 8742 8762
f 8766 8781 8748
f 8767 8774 8755
f 8763 8744 8775
f 8744 8756 8775
f 8756 8757 8782
f 8764 8782 8757
f 8768 8765 8794
f 8837 8769 8758
f 8737 8784 8783
f 9853 8759 9557
f 8778 8796 8753
f 8785 8778 8753
f 8786 8772 8760
f 8787 8780 8761
f 8773 8761 8747
f 8789 8762 8798
f 8762 8754 8798
f 8767 8763 8800
f 8775 8756 8776
f 8782 8776 8756
f 8792 8818 8751
f 9557 8771 8795
f 8780 8786 8760
f 8781 8798 8754
f 8790 8766 8749
f 8749 8774 8790
f 8794 8793 8768
f 9853 8784 8759
f 8791 8790 8774
f 8803 8779 8772
f 8786 8803 8772
f 8761 8773 8787
f 8773 8742 8789
f 8781 8766 8799
f 8790 8799 8766
f 8800 8791 8774
f 8774 8767 8800
f 8801 8800 8763
f 8763 8775 8801
f 8776 8801 8775
f 8818 8764 8750
f 8736 8768 8793
f 8811 8794 8765
f 8819 8770 8869
f 8770 8777 8820
f 8777 8783 8820
f 8784 9853 9848
f 8796 8795 8771
f 8812 8796 8778
f 8785 8779 8812
f 8787 8786 8780
f 8787 8773 8788
f 8773 8789 8788
f 8799 8798 8781
f 8810 8809 8776
f 8782 8810 8776
f 8811 8769 8837
f 8805 8783 8784
f 9848 8805 8784
f 8778 8785 8812
f 8786 8787 8797
f 8788 8797 8787
f 8788 8789 9859
f 8798 9859 8789
f 8801 8776 8809
f 8817 8782 8764
f 8764 8832 8817
f 8842 8792 8736
f 8736 8793 8842
f 8812 9849 8795
f 8795 8796 8812
f 8803 8812 8779
f 8803 8786 9850
f 8786 8797 9850
f 9847 9859 8798
f 9851 9847 8798
f 8798 8799 9851
f 8799 8790 9851
f 8764 8818 8832
f 8804 8822 8793
f 8793 8794 8804
f 8819 8837 8758
f 8813 8812 8803
f 9850 8813 8803
f 8782 8817 8810
f 8826 8818 8792
f 8833 8826 8792
f 8792 8842 8833
f 8842 8793 8822
f 8794 8811 8836
f 8820 8869 8770
f 8820 8783 8851
f 8815 9844 8816
f 8836 8811 8827
f 8837 8819 8823
f 8783 8805 8851
f 8805 9848 8824
f 9849 8812 8813
f 9846 8806 8825
f 8838 8814 8807
f 8807 8815 8838
f 8815 8816 8830
f 8821 8816 9855
f 9855 8808 8821
f 8808 8809 8821
f 8817 8832 8882
f 8818 8826 8832
f 9854 8825 8829
f 8806 8814 8852
f 8831 8830 8816
f 8816 8821 8831
f 8810 8817 8841
f 8804 8794 8836
f 8837 8827 8811
f 8869 8823 8819
f 8851 8862 8820
f 8805 8824 8828
f 8834 8825 8806
f 8852 8834 8806
f 8838 8852 8814
f 8830 8838 8815
f 8809 8810 8841
f 8828 8851 8805
f 8828 8824 8850
f 8829 8850 8824
f 8825 8863 8829
f 8871 8854 8831
f 8831 8821 8871
f 8864 8809 8841
f 8822 8804 8835
f 8836 8835 8804
f 8869 8820 8862
f 8834 8863 8825
f 8854 8830 8831
f 8881 8871 8821
f 8821 8809 8881
f 8842 8822 8839
f 9631 8835 8836
f 8849 9631 8836
f 8823 8827 8837
f 8850 8829 8843
f 8863 8843 8829
f 8838 8830 8853
f 8844 8853 8830
f 8809 8864 8881
f 8832 8826 8845
f 8855 8826 8833
f 8833 8842 8855
f 8842 8839 8855
f 8850 8878 8828
f 8853 8852 8838
f 8854 8844 8830
f 8855 8839 8846
f 8839 9632 8846
f 8847 8846 9632
f 9630 8840 8860
f 8856 8860 8840
f 8856 8840 8848
f 8840 9628 8848
f 9628 8835 9631
f 8836 8827 8849
f 8878 8883 8828
f 8817 8882 8887
f 8847 9630 8859
f 8823 8858 8827
f 8848 9631 8857
f 8861 8857 9631
f 9631 8849 8861
f 8858 8849 8827
f 8916 8862 8851
f 8843 8878 8850
f 8863 8870 8843
f 8841 8817 8887
f 8845 8895 8832
f 8855 8845 8826
f 8855 8846 8875
f 8859 9630 8873
f 8876 8860 8856
f 8856 8848 8865
f 8857 8866 8848
f 8851 8828 8916
f 8895 8882 8832
f 8860 8873 9630
f 8856 8865 8876
f 8866 8865 8848
f 8858 8823 8880
f 8869 8880 8823
f 8878 8843 8870
f 8875 8868 8855
f 8872 8879 8847
f 8847 8859 8872
f 8873 8898 8859
f 8877 8861 8849
f 8849 8858 8877
f 8853 8844 8867
f 8894 8867 8844
f 8841 8887 8890
f 8845 8855 8868
f 8873 8860 8888
f 8860 8876 8888
f 8904 8876 8865
f 8866 8904 8865
f 8861 8900 8857
f 8834 8852 8874
f 8885 8874 8852
f 8852 8853 8885
f 8854 8871 8902
f 8859 8898 8872
f 8910 8877 8858
f 8883 8916 8828
f 8870 8863 8884
f 8863 8834 8884
f 8890 8864 8841
f 8845 8868 8896
f 8893 8900 8861
f 8861 8877 8893
f 8880 8910 8858
f 8869 8862 8880
f 8916 8880 8862
f 8884 8912 8870
f 8834 8874 8884
f 8854 8894 8844
f 8871 8881 8886
f 8896 8895 8845
f 8897 8896 8868
f 8868 8875 8897
f 8875 8879 8908
f 8929 8898 8873
f 8904 8899 8876
f 8904 8866 8938
f 8853 8867 8901
f 8902 8894 8854
f 8889 8886 8881
f 8908 8897 8875
f 8872 8908 8879
f 8892 8929 8873
f 8888 8876 8903
f 8915 8866 8857
f 8900 8915 8857
f 8953 8916 8883
f 8878 8911 8883
f 8886 8902 8871
f 8881 8864 8889
f 8917 8887 8882
f 8882 8895 8917
f 8873 8888 8892
f 8876 8899 8903
f 8905 8893 8877
f 8877 8910 8905
f 8911 8953 8883
f 8912 8878 8870
f 8901 8885 8853
f 8867 8894 8901
f 8907 8889 8864
f 8890 8907 8864
f 8917 8890 8887
f 8891 8908 8872
f 8866 8915 8938
f 8917 8935 8890
f 8900 8893 8905
f 8910 8880 8923
f 8916 8923 8880
f 8911 8878 8906
f 8912 8906 8878
f 8895 8896 8917
f 8897 8917 8896
f 8891 8927 8908
f 8891 8872 8909
f 8898 8909 8872
f 8933 8898 8934
f 8929 8934 8898
f 8892 8888 8920
f 8903 8920 8888
f 8899 8904 8918
f 8905 8921 8900
f 8905 8910 8922
f 8912 8884 8932
f 8913 8932 8884
f 8884 9561 8913
f 9561 8885 8919
f 8889 8907 8926
f 8920 8941 8892
f 8904 8938 8918
f 8938 8915 8930
f 8921 8915 8900
f 8885 8901 8925
f 8914 8917 8897
f 8897 8908 8914
f 8927 8914 8908
f 8937 8927 8891
f 8933 8909 8898
f 8929 8892 8941
f 8921 8905 8964
f 8923 8922 8910
f 8906 8912 8931
f 9561 8919 8924
f 8901 8894 8940
f 8894 8902 8944
f 8926 8907 8961
f 8890 8961 8907
f 8909 8937 8891
f 8903 8899 8942
f 8915 8921 8930
f 8953 8923 8916
f 8932 8931 8912
f 8947 8913 9561
f 8924 8947 9561
f 8919 8885 8925
f 8940 8925 8901
f 8886 8944 8902
f 8886 8889 8926
f 8935 8961 8890
f 8914 8935 8917
f 8914 8927 8936
f 8905 8922 8964
f 8922 8923 8943
f 8926 8948 8886
f 8929 8928 8934
f 8941 8920 8946
f 8920 8903 8946
f 8899 8918 8942
f 8930 8921 8952
f 8967 8911 8906
f 8924 8919 8968
f 8955 8940 8894
f 8936 8945 8914
f 8972 8936 8927
f 8927 8937 8972
f 8941 8928 8929
f 8918 8938 8980
f 8938 8930 8951
f 8921 8964 8952
f 8967 8953 8911
f 8931 8967 8906
f 8954 8931 8932
f 8947 8924 8963
f 8968 8963 8924
f 8940 8919 8925
f 8886 8948 8960
f 8935 8914 8945
f 8909 8933 8958
f 8959 8933 8934
f 8942 8946 8903
f 8953 8967 8966
f 8931 8975 8967
f 8940 8939 8919
f 8955 8970 8940
f 8894 8944 8955
f 8960 8944 8886
f 8972 8949 8936
f 8937 8909 8958
f 8957 8942 8918
f 8922 8943 8964
f 8923 8953 8943
f 8939 8940 8970
f 8926 8961 8971
f 8936 8949 8945
f 8962 8959 8934
f 8928 8962 8934
f 8928 8941 8950
f 8941 8946 8950
f 8946 8942 8957
f 8918 8980 8957
f 8951 8980 8938
f 8954 8975 8931
f 8939 8968 8919
f 8948 8926 8971
f 8958 8972 8937
f 8956 8950 8946
f 8946 8957 8956
f 8951 9032 8980
f 8951 8930 9012
f 9006 8943 8953
f 8970 8955 8982
f 9002 8955 8944
f 9012 8930 8974
f 8952 8974 8930
f 9017 8974 8952
f 8964 9017 8952
f 8953 8966 9006
f 8963 8996 8947
f 8944 8960 9002
f 8961 8935 9583
f 8935 8945 9583
f 8972 8958 8978
f 9010 8958 8933
f 9010 8933 8959
f 8962 8928 8950
f 8950 8956 8979
f 8956 8957 8984
f 8973 8984 8957
f 8957 8980 8973
f 8943 8965 8964
f 8943 9006 8989
f 8996 8986 8947
f 8981 8968 8939
f 8969 8981 8939
f 8960 8948 8971
f 8985 8973 8980
f 8945 8949 8977
f 8999 8977 8949
f 8949 8972 8999
f 8962 8950 8979
f 8984 8979 8956
f 8965 9017 8964
f 8989 8965 8943
f 8963 8968 8991
f 8981 8991 8968
f 8970 8982 8976
f 8955 9002 8982
f 9583 8945 8977
f 8978 8999 8972
f 9022 8959 8962
f 8962 8979 9022
f 8988 8984 8973
f 8985 8988 8973
f 9007 8966 8967
f 8967 8975 9007
f 8975 8954 9008
f 8996 8963 8990
f 8976 8982 8997
f 9062 9013 9002
f 8977 8999 9014
f 9015 8978 8958
f 9022 9010 8959
f 8985 8980 9032
f 8994 8993 8979
f 8979 8984 8994
f 8951 9012 9084
f 9008 9007 8975
f 9615 9008 8954
f 8991 8990 8963
f 9002 8960 9003
f 8961 9583 8992
f 8983 8992 9583
f 8993 9022 8979
f 8988 8994 8984
f 8985 9032 9065
f 8995 8986 9001
f 8986 8996 9001
f 8991 8981 9020
f 9003 9062 9002
f 8971 9003 8960
f 8971 8961 9039
f 8992 9039 8961
f 8999 8978 9009
f 9000 8965 8989
f 8989 9006 9018
f 8990 8991 9024
f 9020 9024 8991
f 9020 8981 9038
f 9004 8992 8983
f 8983 8998 9004
f 9014 8998 8987
f 9010 9022 9050
f 8993 8994 9016
f 8988 8985 9036
f 8965 9005 9017
f 8965 9000 9005
f 9038 8981 8969
f 9045 9007 9008
f 9636 9008 9615
f 8995 9636 9615
f 8990 9001 8996
f 9025 8997 8982
f 8978 9015 9080
f 8994 8988 9052
f 9036 9052 8988
f 9065 9036 8985
f 9005 9000 9034
f 9018 9000 8989
f 9040 9006 8966
f 9045 9040 8966
f 8966 9007 9045
f 9637 8995 9001
f 9635 9637 9001
f 9001 8990 9635
f 8990 9024 9019
f 9054 9025 8982
f 8982 9002 9054
f 9002 9013 9054
f 9003 8971 9026
f 9039 9026 8971
f 9009 9014 8999
f 9021 9015 8958
f 8958 9010 9021
f 9022 8993 9011
f 8993 9016 9011
f 9032 8951 9084
f 9005 9034 9061
f 9034 9000 9023
f 9000 9018 9023
f 9020 9038 9069
f 9004 8998 9027
f 9022 9011 9029
f 9030 9011 9016
f 9031 9016 8994
f 9052 9031 8994
f 9635 8990 9019
f 8992 9004 9079
f 9021 9080 9015
f 9033 9114 8974
f 8974 9017 9033
f 9018 9006 9067
f 9063 9079 9004
f 9004 9027 9063
f 9028 9027 8998
f 9014 9028 8998
f 9014 9009 9028
f 9022 9029 9050
f 9016 9031 9030
f 9084 9012 9066
f 9005 9061 9060
f 9008 9636 9048
f 9046 9048 9636
f 9041 9635 9019
f 9037 9041 9019
f 9035 9042 9024
f 9024 9020 9035
f 9038 8969 9053
f 8969 8997 9053
f 8997 9025 9053
f 9003 9026 9078
f 9039 9078 9026
f 8992 9055 9039
f 9029 9011 9043
f 9051 9043 9011
f 9011 9030 9051
f 9059 9030 9031
f 9065 9032 9083
f 9005 9033 9017
f 9067 9023 9018
f 9048 9045 9008
f 9069 9035 9020
f 9062 9049 9013
f 9078 9062 9003
f 8992 9079 9055
f 9010 9057 9021
f 9050 9029 9058
f 9030 9072 9071
f 9059 9072 9030
f 9059 9031 9044
f 9031 9052 9044
f 9074 9052 9036
f 8974 9066 9012
f 9033 9005 9060
f 9075 9061 9034
f 9006 9040 9067
f 9042 9041 9037
f 9053 9069 9038
f 9049 9054 9013
f 9078 9039 9055
f 9029 9043 9058
f 9051 9030 9071
f 9084 9083 9032
f 9089 9075 9034
f 9023 9089 9034
f 9635 9041 9634
f 9025 9094 9053
f 9063 9027 9064
f 9028 9070 9027
f 9058 9057 9050
f 9114 9033 9141
f 9089 9023 9047
f 9067 9047 9023
f 9045 9048 9085
f 9086 9048 9046
f 9046 9638 9086
f 9097 9060 9061
f 9099 9085 9048
f 9086 9099 9048
f 9042 9035 9068
f 9035 9069 9076
f 9070 9064 9027
f 9009 8978 9056
f 9080 9056 8978
f 9043 9051 9081
f 9071 9081 9051
f 9082 9044 9052
f 9074 9082 9052
f 9065 9074 9036
f 9114 9066 8974
f 9068 9041 9042
f 9094 9069 9053
f 9025 9054 9101
f 9077 9101 9054
f 9054 9049 9077
f 9078 9055 9092
f 9009 9123 9028
f 9081 9096 9043
f 9059 9044 9073
f 9075 9097 9061
f 9068 9035 9087
f 9076 9088 9035
f 9094 9025 9101
f 9049 9062 9116
f 9078 9116 9062
f 9010 9050 9057
f 9096 9058 9043
f 9071 9072 9106
f 9073 9072 9059
f 9074 9065 9107
f 9083 9107 9065
f 9102 9141 9033
f 9033 9060 9102
f 9085 9040 9045
f 9634 9041 9110
f 9100 9068 9090
f 9091 9076 9069
f 9092 9055 9678
f 9055 9079 9678
f 9070 9028 9105
f 9123 9105 9028
f 9124 9009 9056
f 9057 9058 9125
f 9112 9073 9044
f 9044 9082 9112
f 9111 9041 9100
f 9068 9087 9090
f 9035 9088 9087
f 9104 9116 9078
f 9104 9078 9092
f 9095 9678 9079
f 9079 9063 9095
f 9064 9095 9063
f 9127 9125 9058
f 9096 9081 9093
f 9071 9093 9081
f 9066 9083 9084
f 9075 9103 9097
f 9115 9040 9085
f 9099 9115 9085
f 9110 9041 9111
f 9087 9088 9134
f 9088 9076 9091
f 9094 9091 9069
f 9117 9095 9064
f 9064 9070 9117
f 9124 9123 9009
f 9106 9093 9071
f 9072 9073 9106
f 9082 9074 9113
f 9138 9066 9114
f 9097 9102 9060
f 9075 9089 9098
f 9047 9098 9089
f 9067 9040 9588
f 9121 9086 9638
f 9105 9117 9070
f 9056 9080 9118
f 9080 9021 9118
f 9021 9057 9125
f 9108 9103 9075
f 9040 9115 9588
f 9134 9133 9087
f 9678 9095 9679
f 9129 9113 9074
f 9107 9129 9074
f 9138 9083 9066
f 9098 9047 9109
f 9121 9099 9086
f 9132 9111 9100
f 9100 9090 9132
f 9092 9185 9104
f 9073 9112 9137
f 9102 9097 9131
f 9103 9131 9097
f 9098 9108 9075
f 9091 9094 9140
f 9094 9101 9140
f 9105 9123 9136
f 9118 9021 9119
f 9125 9119 9021
f 9093 9106 9137
f 9106 9073 9137
f 9128 9112 9082
f 9113 9128 9082
f 9114 9141 9174
f 9115 9099 9120
f 9122 9143 9110
f 9110 9111 9122
f 9132 9122 9111
f 9133 9132 9090
f 9090 9087 9133
f 9091 9134 9088
f 9127 9126 9125
f 9127 9058 9096
f 9112 9128 9157
f 9083 9129 9107
f 9138 9114 9174
f 9099 9121 9148
f 9077 9049 9154
f 9116 9104 9135
f 9185 9135 9104
f 9680 9185 9092
f 9117 9155 9095
f 9679 9095 9155
f 9117 9105 9150
f 9136 9150 9105
f 9093 9156 9096
f 9165 9128 9113
f 9145 9129 9083
f 9141 9102 9131
f 9131 9103 9130
f 9103 9108 9130
f 9109 9588 9147
f 9121 9110 9148
f 9143 9148 9110
f 9133 9134 9139
f 9101 9077 9140
f 9049 9116 9154
f 9135 9154 9116
f 9124 9136 9123
f 9119 9125 9126
f 9157 9137 9112
f 9113 9129 9165
f 9138 9145 9083
f 9108 9098 9142
f 9160 9588 9115
f 9161 9122 9132
f 9134 9091 9144
f 9091 9140 9144
f 9142 9167 9108
f 9147 9142 9098
f 9098 9109 9147
f 9147 9588 9160
f 9143 9122 9176
f 9161 9176 9122
f 9161 9132 9149
f 9132 9133 9149
f 9139 9149 9133
f 9177 9139 9134
f 9134 9144 9177
f 9056 9118 9196
f 9119 9151 9118
f 9093 9137 9156
f 9158 9157 9128
f 9196 9124 9056
f 9151 9196 9118
f 9180 9127 9096
f 9156 9180 9096
f 9186 9156 9137
f 9131 9130 9146
f 9130 9108 9167
f 9200 9160 9115
f 9115 9120 9200
f 9148 9120 9099
f 9153 9177 9144
f 9195 9140 9077
f 9077 9154 9195
f 9174 9141 9159
f 9166 9159 9141
f 9141 9131 9166
f 9146 9166 9131
f 9146 9130 9167
f 9155 9162 9680
f 9150 9155 9117
f 9136 9173 9150
f 9119 9126 9152
f 9164 9152 9126
f 9126 9127 9164
f 9180 9164 9127
f 9147 9169 9142
f 9120 9148 9170
f 9143 9176 9171
f 9161 9149 9184
f 9178 9153 9144
f 9144 9140 9178
f 9140 9195 9178
f 9680 9205 9185
f 9163 9151 9119
f 9119 9152 9163
f 9137 9157 9186
f 9165 9158 9128
f 9165 9129 9187
f 9138 9174 9189
f 9167 9142 9168
f 9142 9169 9168
f 9190 9147 9160
f 9171 9170 9148
f 9148 9143 9171
f 9184 9172 9161
f 9155 9150 9173
f 9180 9156 9181
f 9129 9145 9187
f 9145 9138 9189
f 9190 9169 9147
f 9183 9190 9160
f 9160 9200 9183
f 9176 9161 9172
f 9177 9153 9203
f 9185 9234 9135
f 9680 9162 9211
f 9155 9173 9162
f 9242 9162 9173
f 9182 9186 9157
f 9157 9158 9182
f 9188 9187 9145
f 9189 9188 9145
f 9215 9189 9174
f 9207 9166 9146
f 9146 9167 9175
f 9168 9175 9167
f 9170 9208 9120
f 9170 9171 9208
f 9171 9176 9217
f 9176 9172 9217
f 9149 9139 9201
f 9177 9201 9139
f 9177 9203 9202
f 9234 9195 9154
f 9206 9173 9136
f 9179 9136 9124
f 9124 9196 9226
f 9231 9163 9152
f 9164 9192 9152
f 9186 9181 9156
f 9158 9165 9187
f 9166 9207 9199
f 9146 9175 9207
f 9169 9190 9168
f 9120 9208 9200
f 9184 9149 9210
f 9202 9201 9177
f 9191 9203 9153
f 9153 9178 9191
f 9154 9135 9234
f 9173 9206 9242
f 9136 9179 9206
f 9151 9163 9196
f 9192 9231 9152
f 9164 9180 9212
f 9180 9181 9193
f 9159 9215 9174
f 9216 9208 9171
f 9217 9216 9171
f 9217 9172 9209
f 9220 9209 9172
f 9172 9184 9220
f 9210 9220 9184
f 9242 9211 9162
f 9124 9226 9179
f 9212 9192 9164
f 9180 9193 9212
f 9158 9187 9194
f 9214 9194 9187
f 9187 9188 9214
f 9188 9189 9197
f 9215 9197 9189
f 9166 9221 9159
f 9168 9190 9198
f 9190 9183 9246
f 9149 9201 9210
f 9178 9195 9204
f 9230 9234 9185
f 9211 9205 9680
f 9196 9163 9227
f 9182 9158 9213
f 9194 9213 9158
f 9246 9198 9190
f 9228 9219 9200
f 9200 9208 9228
f 9202 9203 9223
f 9204 9191 9178
f 9196 9227 9226
f 9193 9181 9218
f 9181 9186 9218
f 9186 9182 9213
f 9168 9198 9207
f 9198 9199 9207
f 9219 9183 9200
f 9201 9202 9223
f 9195 9224 9204
f 9225 9242 9206
f 9261 9227 9163
f 9231 9261 9163
f 9218 9186 9235
f 9186 9213 9235
f 9214 9188 9197
f 9166 9199 9221
f 9228 9208 9222
f 9217 9209 9236
f 9201 9233 9210
f 9223 9203 9191
f 9195 9234 9224
f 9205 9230 9185
f 9205 9211 9259
f 9206 9179 9225
f 9214 9197 9232
f 9209 9220 9229
f 9234 9230 9271
f 9226 9225 9179
f 9254 9192 9212
f 9193 9254 9212
f 9214 9213 9194
f 9197 9215 9239
f 9222 9208 9236
f 9216 9236 9208
f 9216 9217 9236
f 9236 9209 9229
f 9237 9229 9220
f 9220 9210 9237
f 9210 9233 9237
f 9223 9241 9201
f 9223 9191 9241
f 9204 9224 9253
f 9259 9230 9205
f 9242 9225 9279
f 9218 9254 9193
f 9232 9197 9239
f 9221 9215 9159
f 9221 9199 9245
f 9199 9198 9245
f 9225 9226 9279
f 9226 9227 9260
f 9231 9273 9261
f 9192 9247 9231
f 9238 9254 9218
f 9213 9214 9255
f 9232 9256 9214
f 9262 9239 9215
f 9198 9246 9291
f 9219 9266 9183
f 9240 9250 9229
f 9233 9201 9251
f 9234 9258 9224
f 9242 9265 9211
f 9261 9272 9227
f 9218 9235 9243
f 9235 9213 9243
f 9255 9243 9213
f 9232 9239 9244
f 9221 9262 9215
f 9228 9275 9219
f 9228 9222 9248
f 9236 9248 9222
f 9236 9229 9250
f 9229 9237 9240
f 9201 9241 9251
f 9253 9224 9258
f 9234 9271 9258
f 9265 9259 9211
f 9260 9279 9226
f 9272 9260 9227
f 9247 9273 9231
f 9254 9247 9192
f 9218 9243 9238
f 9244 9256 9232
f 9221 9245 9290
f 9291 9245 9198
f 9275 9266 9219
f 9250 9249 9236
f 9237 9233 9269
f 9233 9251 9269
f 9253 9191 9204
f 9256 9255 9214
f 9290 9262 9221
f 9248 9267 9228
f 9251 9241 9270
f 9241 9191 9252
f 9191 9253 9252
f 9262 9289 9239
f 9291 9290 9245
f 9267 9275 9228
f 9248 9236 9249
f 9250 9257 9249
f 9250 9240 9276
f 9240 9237 9264
f 9269 9264 9237
f 9253 9258 9278
f 9242 9279 9265
f 9243 9288 9238
f 9282 9256 9244
f 9246 9183 9266
f 9248 9249 9611
f 9276 9257 9250
f 9264 9276 9240
f 9251 9270 9269
f 9252 9270 9241
f 9272 9261 9280
f 9273 9309 9261
f 9254 9238 9287
f 9288 9287 9238
f 9274 9288 9243
f 9243 9255 9281
f 9256 9281 9255
f 9267 9248 9611
f 9611 9249 9263
f 9249 9257 9263
f 9270 9252 9277
f 9309 9280 9261
f 9287 9247 9254
f 9295 9282 9244
f 9289 9244 9239
f 9246 9292 9291
f 9252 9253 9278
f 9271 9230 9307
f 9265 9279 9332
f 9322 9332 9279
f 9281 9274 9243
f 9282 9281 9256
f 9298 9290 9291
f 9266 9292 9246
f 9268 9263 9257
f 9276 9268 9257
f 9283 9269 9270
f 9277 9283 9270
f 9278 9277 9252
f 9258 9312 9278
f 9230 9259 9313
f 9279 9260 9322
f 9272 9322 9260
f 9264 9269 9301
f 9258 9271 9328
f 9265 9313 9259
f 9247 9309 9273
f 9247 9287 9303
f 9244 9289 9295
f 9306 9268 9276
f 9269 9283 9294
f 9328 9312 9258
f 9230 9313 9307
f 9272 9280 9284
f 9282 9295 9310
f 9262 9290 9326
f 9267 9611 9305
f 9263 9268 9293
f 9285 9306 9276
f 9276 9264 9285
f 9264 9301 9285
f 9269 9294 9301
f 9286 9283 9277
f 9277 9278 9286
f 9312 9319 9278
f 9322 9272 9284
f 9267 9336 9275
f 9336 9267 9305
f 9294 9283 9311
f 9284 9280 9308
f 9302 9308 9280
f 9309 9302 9280
f 9309 9247 9333
f 9247 9303 9333
f 9297 9303 9287
f 9287 9288 9297
f 9324 9314 9274
f 9274 9281 9324
f 9281 9282 9310
f 9298 9291 9335
f 9291 9292 9315
f 9316 9293 9268
f 9316 9268 9306
f 9306 9285 9299
f 9286 9311 9283
f 9278 9319 9286
f 9296 9328 9271
f 9271 9307 9296
f 9265 9332 9321
f 9323 9297 9288
f 9288 9274 9323
f 9314 9323 9274
f 9281 9310 9325
f 9326 9289 9262
f 9290 9298 9351
f 9315 9335 9291
f 9292 9266 9304
f 9266 9275 9304
f 9336 9304 9275
f 9305 9611 9330
f 9299 9285 9300
f 9285 9301 9300
f 9339 9313 9265
f 9265 9321 9339
f 9325 9324 9281
f 9351 9326 9290
f 9298 9335 9351
f 9318 9300 9301
f 9301 9294 9318
f 9311 9327 9294
f 9340 9302 9309
f 9333 9340 9309
f 9306 9299 9317
f 9299 9300 9317
f 9311 9286 9338
f 9319 9338 9286
f 9312 9320 9319
f 9328 9320 9312
f 9325 9310 9356
f 9310 9295 9356
f 9326 9329 9289
f 9315 9292 9304
f 9347 9316 9306
f 9306 9317 9347
f 9327 9337 9294
f 9338 9327 9311
f 9322 9284 9308
f 9295 9289 9329
f 9330 9350 9305
f 9331 9338 9319
f 9349 9296 9307
f 9307 9313 9349
f 9332 9322 9344
f 9308 9344 9322
f 9308 9302 9345
f 9302 9340 9345
f 9342 9333 9303
f 9303 9297 9342
f 9314 9324 9325
f 9363 9356 9295
f 9351 9334 9326
f 9295 9329 9363
f 9330 9316 9358
f 9300 9318 9348
f 9304 9336 9346
f 9305 9357 9336
f 9348 9317 9300
f 9318 9337 9353
f 9327 9338 9337
f 9320 9331 9319
f 9321 9332 9371
f 9344 9371 9332
f 9345 9340 9382
f 9341 9340 9333
f 9333 9342 9341
f 9325 9343 9314
f 9334 9329 9326
f 9350 9357 9305
f 9360 9347 9317
f 9366 9328 9296
f 9349 9366 9296
f 9339 9321 9371
f 9341 9382 9340
f 9351 9335 9379
f 9315 9379 9335
f 9346 9364 9304
f 9346 9336 9357
f 9358 9316 9369
f 9316 9347 9369
f 9348 9360 9317
f 9348 9318 9353
f 9313 9339 9349
f 9355 9297 9323
f 9323 9314 9355
f 9314 9343 9355
f 9343 9325 9368
f 9375 9363 9329
f 9338 9331 9380
f 9370 9349 9339
f 9339 9371 9370
f 9344 9308 9406
f 9342 9297 9362
f 9334 9375 9329
f 9334 9351 9391
f 9347 9360 9369
f 9360 9348 9361
f 9348 9353 9361
f 9354 9338 9380
f 9331 9320 9365
f 9320 9328 9366
f 9367 9371 9344
f 9362 9341 9342
f 9355 9362 9297
f 9368 9325 9356
f 9304 9376 9315
f 9352 9357 9350
f 9358 9352 9350
f 9353 9337 9378
f 9346 9357 9364
f 9369 9359 9358
f 9378 9361 9353
f 9365 9381 9331
f 9387 9366 9349
f 9345 9406 9308
f 9362 9355 9643
f 9644 9643 9355
f 9343 9644 9355
f 9363 9375 9384
f 9379 9391 9351
f 9376 9379 9315
f 9364 9376 9304
f 9364 9357 9377
f 9359 9352 9358
f 9386 9369 9360
f 9360 9361 9386
f 9337 9354 9378
f 9380 9331 9381
f 9320 9366 9365
f 9406 9367 9344
f 9372 9406 9345
f 9382 9372 9345
f 9356 9363 9400
f 9395 9375 9334
f 9334 9391 9395
f 9400 9399 9368
f 9368 9356 9400
f 9357 9352 9377
f 9361 9378 9386
f 9378 9354 9393
f 9380 9393 9354
f 9373 9394 9362
f 9374 9343 9390
f 9343 9368 9390
f 9384 9400 9363
f 9352 9359 9385
f 9365 9366 9412
f 9387 9412 9366
f 9349 9370 9387
f 9371 9367 9388
f 9415 9388 9367
f 9406 9415 9367
f 9341 9362 9394
f 9409 9642 9374
f 9374 9390 9383
f 9384 9375 9401
f 9395 9401 9375
f 9391 9379 9419
f 9377 9396 9364
f 9377 9352 9420
f 9369 9386 9405
f 9428 9386 9378
f 9392 9428 9378
f 9378 9393 9392
f 9388 9370 9371
f 9409 9374 9383
f 9402 9395 9391
f 9379 9376 9403
f 9420 9352 9385
f 9381 9411 9380
f 9381 9365 9440
f 9412 9440 9365
f 9412 9387 9413
f 9398 9431 9372
f 9372 9382 9398
f 9341 9398 9382
f 9390 9860 9383
f 9401 9400 9384
f 9403 9419 9379
f 9376 9364 9404
f 9396 9404 9364
f 9405 9359 9369
f 9397 9392 9393
f 9411 9393 9380
f 9440 9411 9381
f 9387 9370 9413
f 9370 9388 9414
f 9431 9406 9372
f 9341 9394 9398
f 9394 9645 9416
f 9410 9645 9389
f 9408 9410 9389
f 9642 9408 9389
f 9417 9390 9368
f 9368 9399 9417
f 9419 9402 9391
f 9404 9403 9376
f 9385 9427 9420
f 9385 9359 9427
f 9433 9428 9392
f 9397 9433 9392
f 9411 9397 9393
f 9414 9441 9370
f 9415 9414 9388
f 9407 9398 9394
f 9416 9645 9410
f 9409 9408 9642
f 9409 9383 9437
f 9418 9417 9399
f 9395 9402 9426
f 9405 9427 9359
f 9405 9386 9450
f 9413 9370 9441
f 9415 9406 9423
f 9398 9407 9693
f 9442 9418 9399
f 9399 9400 9442
f 9400 9401 9442
f 9401 9395 9444
f 9396 9377 9420
f 9386 9428 9450
f 9397 9411 9421
f 9412 9413 9429
f 9431 9423 9406
f 9416 9410 9447
f 9436 9447 9410
f 9408 9409 9459
f 9437 9459 9409
f 9434 9425 9417
f 9418 9434 9417
f 9402 9419 9453
f 9404 9396 9438
f 9420 9438 9396
f 9422 9421 9411
f 9411 9440 9422
f 9440 9412 9429
f 9414 9415 9430
f 9410 9408 9436
f 9395 9426 9444
f 9453 9426 9402
f 9419 9403 9449
f 9455 9427 9405
f 9450 9455 9405
f 9445 9429 9413
f 9441 9445 9413
f 9423 9430 9415
f 9423 9431 9435
f 9431 9398 9432
f 9693 9432 9398
f 9459 9436 9408
f 9444 9442 9401
f 9428 9433 9451
f 9439 9433 9421
f 9422 9439 9421
f 9430 9441 9414
f 9432 9435 9431
f 9447 9446 9416
f 9447 9436 9481
f 9444 9426 9443
f 9453 9443 9426
f 9449 9453 9419
f 9404 9438 9464
f 9438 9420 9454
f 9427 9454 9420
f 9427 9455 9467
f 9422 9440 9457
f 9423 9435 9694
f 9436 9459 9481
f 9437 9860 9460
f 9425 9460 9860
f 9442 9444 9443
f 9403 9404 9464
f 9456 9455 9450
f 9451 9450 9428
f 9439 9451 9433
f 9439 9422 9457
f 9440 9429 9457
f 9445 9468 9429
f 9441 9430 9473
f 9452 9442 9469
f 9442 9443 9469
f 9449 9463 9453
f 9467 9454 9427
f 9468 9457 9429
f 9445 9441 9458
f 9473 9458 9441
f 9446 9447 9448
f 9481 9448 9447
f 9459 9437 9460
f 9425 9434 9461
f 9452 9461 9434
f 9452 9469 9462
f 9443 9453 9470
f 9438 9454 9465
f 9451 9456 9450
f 9461 9452 9462
f 9469 9443 9478
f 9463 9470 9453
f 9449 9403 9466
f 9403 9464 9466
f 9467 9465 9454
f 9467 9455 9499
f 9456 9499 9455
f 9490 9456 9451
f 9462 9469 9475
f 9449 9466 9463
f 9464 9438 9465
f 9451 9439 9490
f 9692 9695 9474
f 9448 9481 9485
f 9481 9459 9496
f 9459 9460 9496
f 9485 9477 9448
f 9460 9425 9486
f 9443 9470 9478
f 9465 9484 9464
f 9499 9489 9467
f 9490 9439 9479
f 9457 9479 9439
f 9468 9471 9457
f 9468 9445 9472
f 9492 9472 9445
f 9445 9458 9492
f 9476 9458 9473
f 9461 9486 9425
f 9475 9461 9462
f 9463 9466 9504
f 9466 9464 9484
f 9465 9467 9489
f 9457 9471 9479
f 9491 9471 9468
f 9472 9491 9468
f 9476 9492 9458
f 9482 9475 9469
f 9469 9478 9482
f 9478 9470 9483
f 9463 9504 9483
f 9484 9504 9466
f 9499 9456 9490
f 9694 9480 9493
f 9494 9480 9692
f 9692 9474 9494
f 9477 9494 9474
f 9486 9496 9460
f 9470 9463 9483
f 9465 9624 9484
f 9465 9489 9624
f 9471 9491 9508
f 9461 9475 9501
f 9475 9482 9501
f 9502 9482 9478
f 9478 9483 9502
f 9504 9503 9483
f 9504 9484 9497
f 9471 9508 9479
f 9491 9472 9523
f 9472 9492 9523
f 9476 9473 9493
f 9473 9694 9493
f 9494 9477 9495
f 9486 9461 9487
f 9503 9502 9483
f 9488 9497 9484
f 9623 9488 9484
f 9484 9624 9623
f 9499 9498 9489
f 9524 9523 9492
f 9509 9492 9476
f 9493 9480 9500
f 9494 9500 9480
f 9495 9510 9494
f 9481 9496 9485
f 9501 9487 9461
f 9504 9497 9505
f 9624 9489 9498
f 9490 9479 9522
f 9508 9522 9479
f 9515 9508 9491
f 9523 9515 9491
f 9524 9492 9509
f 9476 9493 9509
f 9506 9509 9493
f 9500 9506 9493
f 9500 9494 9510
f 9477 9485 9511
f 9496 9511 9485
f 9496 9486 9530
f 9511 9510 9495
f 9495 9477 9511
f 9522 9498 9499
f 9499 9490 9522
f 9487 9530 9486
f 9503 9504 9521
f 9504 9505 9521
f 9497 9488 9513
f 9525 9524 9509
f 9501 9507 9512
f 9498 9534 9623
f 9509 9506 9526
f 9500 9510 9516
f 9510 9511 9529
f 9517 9529 9511
f 9511 9496 9517
f 9530 9517 9496
f 9487 9501 9530
f 9512 9530 9501
f 9498 9522 9534
f 9509 9526 9525
f 9529 9533 9510
f 9518 9512 9507
f 9505 9514 9521
f 9505 9497 9513
f 9534 9532 9623
f 9508 9515 9528
f 9515 9523 9528
f 9533 9516 9510
f 9533 9529 9547
f 9519 9527 9518
f 9512 9518 9531
f 9527 9531 9518
f 9519 9520 9527
f 9545 9527 9520
f 9520 9521 9545
f 9521 9514 9545
f 9522 9528 9540
f 9537 9528 9523
f 9535 9537 9523
f 9523 9524 9535
f 9524 9525 9535
f 9526 9535 9525
f 9543 9517 9530
f 9514 9505 9539
f 9505 9513 9539
f 9540 9534 9522
f 9526 9516 9533
f 9529 9517 9543
f 9530 9512 9543
f 9531 9527 9538
f 9534 9536 9532
f 9526 9731 9535
f 9531 9543 9512
f 9539 9532 9536
f 9543 9547 9529
f 9546 9545 9514
f 9539 9546 9514
f 9536 9534 9552
f 9731 9526 9549
f 9542 9541 9533
f 9533 9547 9542
f 9550 9531 9538
f 9551 9546 9539
f 9552 9861 9536
f 9534 9540 9552
f 9541 9549 9526
f 9537 9535 9556
f 9732 9556 9535
f 9731 9732 9535
f 9550 9541 9542
f 9547 9550 9542
f 9544 9547 9543
f 9538 9545 9733
f 9552 9540 9555
f 9540 9548 9555
f 9541 9553 9549
f 9544 9550 9547
f 9733 9541 9550
f 9733 9545 9554
f 9546 9554 9545
f 9546 9551 9554
f 9554 9861 9732
f 9556 9732 9861
f 9861 9555 9556
f 8712 8705 8683
f 633 9622 634
f 1006 1016 990
f 4678 4743 4702
f 871 834 835
f 9433 9397 9421
f 6684 6607 6524
f 5694 5681 5668
f 1756 1820 1796
f 7909 8092 8064
f 743 760 853
f 853 760 782
f 9041 9068 9100
f 3655 3713 3688
f 4916 5127 5044
f 6998 6997 6883
f 5123 4982 5069
f 8424 8435 8425
f 6871 6934 6955
f 1170 1044 1098
f 4953 4911 4968
f 7299 7399 7281
f 3794 9617 9616
f 8771 9557 8745
f 9558 5457 5423
f 3688 3654 3655
f 9563 4377 9599
f 1558 9566 1488
f 6730 6883 6801
f 5607 5713 5540
f 3375 3410 3311
f 7711 7863 7778
f 3483 3501 3413
f 9526 9533 9541
f 9552 9555 9861
f 3734 3751 3790
f 1337 1428 1360
f 7270 7372 7355
f 6722 7071 6917
f 6291 6255 6450
f 634 680 647
f 252 280 319
f 7227 7296 7351
f 8648 8649 8683
f 1702 1754 1701
f 755 658 761
f 5877 5768 5802
f 5611 5563 9739
f 5563 5564 9739
f 9506 9500 9516
f 9508 9528 9522
f 6416 6395 6353
f 5657 5460 5573
f 6739 6607 6684
f 6197 6209 6131
f 9539 9513 9532
f 4756 4645 4733
f 4218 4207 4158
f 7168 7082 7083
f 596 567 597
f 369 368 353
f 7681 7528 7588
f 7588 7528 7575
f 8594 9560 8615
f 8594 8573 9560
f 8874 9561 8884
f 8874 8885 9561
f 7521 7470 7593
f 9562 8560 8550
f 6500 6373 6387
f 9563 4459 4405
f 463 9564 421
f 2532 2617 2593
f 7593 7618 7596
f 7605 7596 7618
f 6706 7016 6781
f 3876 3923 3906
f 8976 8997 8969
f 6530 6430 6521
f 6354 6464 6379
f 1124 1159 1053
f 499 567 473
f 596 473 567
f 9337 9318 9294
f 5917 6131 5989
f 721 736 676
f 5941 5964 5894
f 5894 5964 5910
f 9565 1112 1140
f 1128 1129 1193
f 1115 1193 1129
f 9566 1558 1584
f 789 809 771
f 771 809 9567
f 4738 4884 9568
f 4898 9568 4884
f 6082 6258 6162
f 7505 7758 9569
f 4544 4543 4504
f 4067 4068 4147
f 9024 9042 9019
f 9042 9037 9019
f 3906 3875 3876
f 3717 9571 3582
f 1378 1420 1301
f 1439 1558 1428
f 4953 5070 4982
f 1706 1697 9572
f 4807 4733 4789
f 4847 4733 4807
f 6706 6781 6625
f 6788 9610 6926
f 9573 544 519
f 3790 3858 3784
f 5439 5340 5391
f 9574 6323 6268
f 9501 9482 9507
f 9482 9502 9507
f 9337 9338 9354
f 7174 7270 7355
f 7232 7174 7355
f 9551 9536 9861
f 9539 9536 9551
f 986 891 1066
f 1066 891 906
f 4727 4714 4764
f 4909 4889 4851
f 5182 5044 5127
f 924 881 775
f 881 9575 775
f 775 9575 860
f 5171 5049 5204
f 5171 5064 5049
f 5049 5031 5204
f 6804 6889 6888
f 5037 4889 4923
f 2469 2472 2484
f 5786 5732 5838
f 5838 5732 5839
f 1075 9576 1086
f 8594 8615 8648
f 807 830 9577
f 7137 9578 7122
f 4072 4002 3990
f 1079 986 1066
f 5614 5764 5603
f 5764 5717 5603
f 5603 5717 5655
f 5210 5123 5191
f 5152 5192 5191
f 3581 9571 3466
f 3581 3582 9571
f 6684 6608 6700
f 1847 1750 1859
f 7554 7492 7677
f 7492 7555 7677
f 4161 4311 4347
f 4161 4219 4311
f 251 311 205
f 268 205 311
f 4378 9579 4316
f 2734 2754 2789
f 2779 2693 9580
f 2693 2735 9580
f 3157 3153 3232
f 5841 5713 5884
f 776 924 737
f 9350 9330 9358
f 7038 7006 6932
f 6932 7006 6953
f 9452 9418 9442
f 9418 9452 9434
f 8847 8875 8846
f 8879 8875 8847
f 7677 7650 7712
f 6766 9582 6705
f 2463 2377 2473
f 2463 2424 2377
f 5436 5271 5372
f 5271 5436 5306
f 9014 8987 8977
f 8987 9583 8977
f 8987 8998 8983
f 8987 8983 9583
f 9584 8526 8567
f 9584 8566 8526
f 8567 8526 8544
f 8042 9585 7919
f 7919 9585 7803
f 596 597 735
f 735 597 662
f 673 596 735
f 4067 3906 4003
f 3906 3923 4003
f 433 9586 432
f 432 9586 463
f 8970 8969 8939
f 8969 8970 8976
f 5382 5504 5363
f 5363 5504 5455
f 1236 1159 1278
f 9587 4642 4661
f 9587 4613 4583
f 4612 4613 9587
f 6655 6656 6795
f 6656 6729 6795
f 9109 9047 9588
f 9067 9588 9047
f 4321 4386 4344
f 4344 4386 4385
f 7686 7672 7772
f 4344 4293 4321
f 4321 4293 4284
f 2656 2676 9590
f 9590 2693 2656
f 2473 9591 2463
f 2473 2609 9591
f 2609 2608 9591
f 4427 4385 4386
f 4385 4427 4494
f 5092 5053 5054
f 4968 5054 5053
f 6487 6612 6625
f 9592 7473 7619
f 9168 9207 9175
f 5707 9594 5619
f 5707 5662 9593
f 9594 5707 9593
f 905 9595 875
f 816 9595 850
f 875 9595 816
f 1850 1794 1754
f 1794 1850 1818
f 5691 5664 5665
f 5640 5664 5691
f 5640 5691 5663
f 4440 9677 9596
f 9596 9677 4406
f 9596 4461 4498
f 4461 9596 4406
f 9425 9860 9417
f 9417 9860 9390
f 8674 8695 8684
f 8695 9597 8684
f 8684 9597 8673
f 5107 5152 5105
f 3131 3119 3024
f 3177 3119 3131
f 4560 4580 4551
f 4572 4592 9598
f 4572 9598 4580
f 4280 9599 4229
f 4229 9599 4377
f 957 9600 970
f 9600 971 9601
f 957 971 9600
f 9603 7190 9602
f 7322 9603 9602
f 627 655 592
f 3828 3794 3795
f 762 9605 761
f 879 878 9604
f 761 9605 879
f 879 9604 761
f 7711 9606 7553
f 7553 9606 9725
f 9607 5341 5245
f 5391 5340 5341
f 6689 6777 6690
f 8669 8690 8694
f 8668 8694 8723
f 8723 8694 8706
f 869 870 929
f 929 942 941
f 929 872 942
f 943 942 9608
f 7443 7426 7528
f 7426 7294 7528
f 9609 7528 7294
f 6926 7154 6970
f 6926 9610 7154
f 7154 9610 7020
f 9316 9330 9293
f 9330 9611 9293
f 9611 9263 9293
f 5600 9613 5680
f 9614 9613 9612
f 5600 9612 9613
f 8913 8954 8932
f 8913 8947 8986
f 8995 9615 8986
f 8913 8986 8954
f 9615 8954 8986
f 3483 3624 3502
f 9616 9617 3502
f 9616 3502 3624
f 5161 5307 5270
f 5307 5271 5270
f 7764 7724 9618
f 7724 7629 9618
f 7629 7581 9618
f 7281 7154 7299
f 7299 7154 7114
f 9620 9621 575
f 9621 9620 9619
f 606 9619 9620
f 9622 606 9620
f 9532 9513 9488
f 9623 9624 9498
f 9488 9623 9532
f 7174 9625 7064
f 9625 7174 9626
f 7232 9626 7174
f 9521 9520 9503
f 9502 9519 9518
f 9502 9518 9507
f 9519 9503 9520
f 9502 9503 9519
f 5061 4915 9627
f 4915 4898 9627
f 8822 8835 8839
f 8847 9632 9630
f 9630 9629 8840
f 8835 9628 9629
f 9628 8840 9629
f 9630 9632 9629
f 8835 9632 8839
f 8835 9629 9632
f 9631 8848 9628
f 633 9633 606
f 670 9633 633
f 669 668 670
f 606 9633 621
f 670 646 9633
f 621 9633 646
f 646 670 668
f 9046 9636 9638
f 9635 9634 9637
f 9634 9638 9637
f 9110 9638 9634
f 9638 9110 9121
f 9636 8995 9637
f 9636 9637 9638
f 1015 1014 9641
f 1005 9639 987
f 1005 1030 9639
f 9639 9640 975
f 1005 1014 1030
f 9641 1014 1005
f 1030 9640 9639
f 1876 1915 1888
f 1926 1790 1915
f 1813 1915 1790
f 9343 9374 9644
f 9394 9373 9645
f 9644 9374 9643
f 9643 9389 9645
f 9645 9373 9643
f 9389 9643 9642
f 9642 9643 9374
f 5552 9647 5624
f 5552 5536 9647
f 5536 9646 9647
f 9646 5558 5572
f 9646 5572 5571
f 5571 9647 9646
f 8530 9651 8425
f 9651 9648 8555
f 9651 8555 9649
f 8425 9649 8464
f 9650 8555 9648
f 8554 8555 9650
f 8603 8554 9650
f 8425 9651 9649
f 4094 3916 4045
f 6421 6374 6286
f 6576 6641 6717
f 9652 6374 6421
f 9652 6523 6374
f 6421 6576 9652
f 9652 6576 6717
f 1049 9653 1040
f 1017 1087 1049
f 1012 985 9654
f 1037 1038 9655
f 9653 9655 1038
f 985 968 9654
f 1041 1049 1040
f 1041 1012 9654
f 1041 9654 1049
f 1040 9653 1038
f 968 1049 9654
f 800 780 9658
f 9657 692 614
f 780 9656 9658
f 707 781 9659
f 9656 9660 9658
f 9659 687 707
f 9657 9661 9662
f 9657 9662 692
f 800 9658 9659
f 9662 642 9660
f 9658 9660 642
f 9658 642 687
f 687 9659 9658
f 781 800 9659
f 9656 692 9660
f 9660 692 9662
f 9661 641 9662
f 1142 1113 1128
f 1114 1128 1065
f 916 9664 9666
f 969 9663 9664
f 1119 9665 1142
f 874 9667 949
f 9665 1128 1113
f 1142 9665 1113
f 1065 1128 9663
f 9665 9664 9663
f 1128 9665 9663
f 9667 9665 949
f 9667 9666 9664
f 949 1119 963
f 949 9665 1119
f 9665 9667 9664
f 9667 825 9666
f 9670 968 9671
f 930 9668 9671
f 847 859 911
f 847 922 9668
f 9668 889 9669
f 9608 889 930
f 9668 978 9671
f 911 922 847
f 9671 978 9673
f 9673 9670 9671
f 9668 922 978
f 9668 930 889
f 847 9668 9669
f 978 9672 9673
f 9676 4406 9677
f 4147 4243 4250
f 9674 9675 9676
f 9676 4250 4243
f 9675 4250 9676
f 9674 9676 9677
f 9678 9679 9680
f 9155 9680 9679
f 9680 9092 9678
f 9681 9682 396
f 317 352 9688
f 352 396 9682
f 9685 9684 339
f 9681 9683 9684
f 339 9683 325
f 9682 9681 9684
f 352 9682 9688
f 9681 384 9683
f 9686 9683 384
f 9682 9684 9685
f 9687 352 317
f 339 9684 9683
f 9682 9685 9688
f 339 303 9685
f 4782 9690 4921
f 4919 4932 9691
f 9691 4748 4764
f 5085 5103 9689
f 4932 9690 9691
f 4782 4748 9690
f 4921 9690 4932
f 4764 4919 9691
f 5145 4921 5103
f 4921 4932 9689
f 9690 4748 9691
f 5103 4921 9689
f 9430 9694 9473
f 9416 9424 9394
f 9430 9423 9694
f 9435 9432 9480
f 9432 9693 9692
f 9407 9695 9693
f 9692 9693 9695
f 9416 9446 9424
f 9435 9480 9694
f 9692 9480 9432
f 9446 9695 9424
f 9407 9394 9424
f 9407 9424 9695
f 4663 4638 4640
f 4680 4640 4638
f 4727 9697 4690
f 4701 9697 4727
f 4690 9697 4715
f 4716 4704 4730
f 4704 4680 4639
f 9696 4639 9697
f 4704 4639 4730
f 9697 4701 9696
f 4663 4640 4679
f 4730 4639 9696
f 393 9703 427
f 9701 346 347
f 9703 9702 427
f 9701 351 9703
f 351 9701 318
f 296 9698 295
f 347 318 9701
f 9699 9700 346
f 9698 318 347
f 347 320 9698
f 9703 393 9701
f 335 9700 9699
f 9699 346 9701
f 393 9699 9701
f 5238 9705 5324
f 5144 9705 5238
f 9706 9705 5108
f 5008 4847 9704
f 9704 4807 9706
f 4848 5056 9706
f 4807 9704 4847
f 9704 9706 5108
f 4848 9706 4807
f 9707 2484 2472
f 2443 9711 9710
f 9710 9711 2422
f 9711 2359 2422
f 9708 2679 9709
f 2484 9710 2422
f 2484 9707 9710
f 2508 9710 9707
f 9709 2519 9708
f 2359 9711 2321
f 2607 2508 9709
f 2519 9709 9707
f 9707 9709 2508
f 9715 9719 4653
f 4574 4636 4594
f 4635 4594 4636
f 4659 9721 4641
f 4623 9713 9719
f 4653 9719 4673
f 4624 4635 9713
f 4636 9720 4635
f 9718 4673 9719
f 9721 9716 9712
f 9721 4658 9716
f 9717 9718 9713
f 4674 9717 9720
f 9713 9718 9719
f 9716 9720 4596
f 9715 4609 9719
f 4658 4674 9720
f 9720 9717 4635
f 9712 9716 9714
f 9721 9712 4641
f 4658 9720 9716
f 4635 9717 9713
f 4596 9714 9716
f 4609 4623 9719
f 9717 4674 9718
f 6850 9727 9730
f 7553 9725 9728
f 9726 7341 9722
f 9724 7079 9723
f 7271 7326 9723
f 9724 9729 9727
f 7326 9726 9722
f 9722 7223 9729
f 6795 6850 6882
f 9729 9723 9722
f 9727 6851 9724
f 9728 9725 9726
f 7326 9728 9726
f 6851 9582 9724
f 9723 9729 9724
f 6882 6850 9730
f 9730 9729 6882
f 9730 9727 9729
f 7326 9722 9723
f 9537 9548 9528
f 9541 9733 9553
f 9732 9553 9554
f 9554 9553 9733
f 9550 9544 9531
f 9531 9544 9543
f 9731 9553 9732
f 9550 9538 9733
f 9549 9553 9731
f 9735 6076 6232
f 6218 9735 6232
f 6218 6076 9735
f 9734 9736 5996
f 5634 9739 9737
f 9737 9740 5741
f 5996 9742 9734
f 9734 9742 6005
f 9741 9736 5925
f 9738 6005 9742
f 6076 9738 9742
f 5741 9741 5925
f 9740 9741 5741
f 6218 9738 6076
f 9741 5996 9736
f 7087 7116 9744
f 9743 9750 7563
f 7816 7836 7735
f 7563 9750 7604
f 7116 9749 9744
f 7400 9744 9749
f 7836 9745 7735
f 9752 9746 7415
f 7836 7872 9745
f 7415 9746 9743
f 9748 9743 7431
f 9751 9746 9752
f 9751 9749 7116
f 9750 9743 9748
f 9746 7431 9743
f 7431 9751 7318
f 7318 9751 9747
f 9745 9748 7735
f 7116 9747 9751
f 9749 9751 9752
f 9745 9750 9748
f 9752 7400 9749
f 7431 9746 9751
f 3404 3292 3387
f 3246 3387 3292
f 3246 3053 3126
f 2924 9755 2829
f 2988 3081 3102
f 3126 3053 2998
f 9754 3045 9755
f 3053 3246 9753
f 3053 9753 3081
f 9755 2924 9754
f 3292 9753 3246
f 6568 9759 9758
f 9760 9625 6968
f 6520 6568 6567
f 6568 6520 9757
f 9759 9757 6640
f 6507 6640 9757
f 6839 9756 6771
f 9758 6839 6968
f 6507 9757 9761
f 6771 9759 6640
f 6362 9761 6428
f 9759 6771 9756
f 9760 6968 6839
f 6839 9758 9756
f 9758 9759 9756
f 7107 9772 7254
f 9764 9763 7134
f 7134 9763 7066
f 7323 9772 7127
f 7289 9772 7323
f 6665 9769 9767
f 6618 9767 6638
f 6638 9769 9773
f 6871 6848 6872
f 9768 9764 7116
f 6875 9776 9774
f 6875 6860 9776
f 9775 9777 9766
f 7066 9763 6860
f 6934 9766 6955
f 6955 9766 9762
f 6638 9773 6736
f 6859 9776 6860
f 9769 9774 9773
f 6859 9775 9776
f 6859 9763 9764
f 9772 6955 9770
f 9777 9775 9768
f 9772 9770 7127
f 6955 9762 9770
f 9770 9762 9765
f 9767 9769 6638
f 9775 9771 9776
f 6736 9771 6872
f 6859 9764 9768
f 9766 9771 9775
f 9772 7107 6955
f 9771 9773 9774
f 9771 9774 9776
f 9777 6950 9765
f 9762 9777 9765
f 6736 6872 6848
f 9765 6876 9770
f 9777 9762 9766
f 6736 9773 9771
f 9768 9775 6859
f 6961 7012 9788
f 7162 9788 7012
f 6907 9780 7146
f 7040 9788 7162
f 7166 9785 9797
f 6956 9783 6976
f 6918 9790 6853
f 9786 6976 9796
f 6996 9781 6918
f 6858 6976 9786
f 6853 9790 6870
f 9787 9795 9786
f 9780 9791 9793
f 6996 9789 9781
f 9797 9785 9799
f 9787 9798 9799
f 9794 9779 9792
f 9787 9793 9795
f 9793 9781 9795
f 6870 9790 9791
f 9798 9796 9783
f 9798 9786 9796
f 9797 9782 7166
f 9798 9783 9797
f 9786 9778 6858
f 9790 6918 9781
f 7185 7146 9780
f 9787 9799 9780
f 9784 9947 9795
f 9789 9779 9781
f 9799 9798 9797
f 9780 9785 7185
f 9796 6976 9783
f 9789 9788 7040
f 9793 9791 9790
f 6996 9788 9789
f 9792 9779 7040
f 9947 9786 9795
f 9794 9781 9779
f 9786 9947 9778
f 9785 9780 9799
f 9781 9794 9795
f 9787 9786 9798
f 9783 9782 9797
f 9787 9780 9793
f 9790 9781 9793
f 9946 9947 9784
f 9795 9794 9784
f 65 9810 33
f 9802 33 9810
f 68 55 9812
f 9805 9841 6
f 9814 35 9825
f 7 6 9841
f 9819 9827 3
f 3 18 9819
f 26 25 9804
f 83 9803 9828
f 30 83 9828
f 9807 9839 9834
f 9831 9822 9800
f 9830 9800 26
f 9829 9832 9843
f 9834 9839 9802
f 9817 3 9827
f 18 2 9819
f 9809 9825 9829
f 9826 9807 9836
f 9824 94 9802
f 9828 9813 30
f 9811 9820 9815
f 9809 9829 9805
f 9808 9837 9816
f 9813 9822 31
f 9804 9830 26
f 9809 9812 9814
f 9816 9807 9826
f 9812 9809 9805
f 9843 9808 9816
f 9806 9832 9825
f 9826 9820 9842
f 9800 9803 26
f 9808 9843 61
f 9833 9811 9821
f 94 33 9802
f 9800 9822 9828
f 9831 9818 9823
f 9823 9818 9840
f 9832 9806 61
f 9843 9832 61
f 9814 9825 9809
f 9826 9842 9841
f 9842 7 9841
f 9811 9833 9820
f 9838 9811 9815
f 9815 9826 9836
f 9826 9815 9820
f 9818 9831 9835
f 9802 9839 9824
f 9819 9840 9827
f 23 9801 9835
f 9816 9839 9807
f 9819 9823 9840
f 9824 9839 9837
f 9816 9826 9843
f 24 9830 9804
f 9811 9838 22
f 9801 9838 9835
f 9826 9841 9829
f 9831 9830 24
f 9801 22 9838
f 9838 9840 9818
f 9835 9838 9818
f 9810 9817 9836
f 9811 22 9821
f 9823 9819 2
f 9803 9800 9828
f 9828 9822 9813
f 9829 9825 9832
f 9823 2 9831
f 2 9822 9831
f 9840 9836 9817
f 9827 9840 9817
f 68 9812 9805
f 9836 9834 9802
f 9831 24 9835
f 9841 9805 9829
f 9807 9834 9836
f 9815 9836 9840
f 9826 9829 9843
f 9810 9836 9802
f 31 9822 2
f 9800 9830 9831
f 9815 9840 9838
f 9837 9839 9816
f 9842 9820 8
f 8797 9846 9850
f 9557 9857 9853
f 8809 8808 8801
f 8806 9846 8802
f 9845 9858 9854
f 8801 9852 8800
f 8801 8808 9852
f 8800 9852 8791
f 8807 9844 8815
f 8790 9856 9851
f 8802 8797 8814
f 8814 8806 8802
f 9848 9853 9845
f 9845 9850 9858
f 8795 9857 9557
f 8813 9850 9845
f 8790 8791 9856
f 9851 9856 9855
f 9845 9853 9857
f 9844 9847 9855
f 9849 9845 9857
f 9857 8795 9849
f 9854 9858 8825
f 8814 8797 8788
f 9845 9854 9848
f 9848 9854 8829
f 9859 9847 9844
f 8797 8802 9846
f 8824 9848 8829
f 8813 9845 9849
f 9855 9856 8808
f 9852 8808 9856
f 8814 8788 8807
f 9855 9847 9851
f 9859 9844 8807
f 9859 8807 8788
f 9858 9846 8825
f 9846 9858 9850
f 8791 9852 9856
f 9855 8816 9844
f 9373 9362 9643
f 2954 3013 3024
f 6396 6500 6520
f 929 870 872
f 6042 5947 5868
f 1750 1847 1743
f 8600 9584 8567
f 7737 7790 7817
f 9698 320 295
f 4679 4640 4703
f 5482 5465 5466
f 9622 633 606
f 5630 5800 5831
f 6956 7043 9783
f 9783 7043 9782
f 9526 9506 9516
f 541 532 490
f 5663 5639 5640
f 3911 3941 3934
f 651 527 471
f 527 440 471
f 1014 1015 1046
f 9477 9474 9446
f 9448 9477 9446
f 9695 9446 9474
f 5447 5537 5558
f 780 751 9656
f 8099 8054 7962
f 8054 7998 7962
f 9556 9555 9537
f 9555 9548 9537
f 4636 4596 9720
f 3268 3098 3219
f 9528 9548 9540
f 9437 9383 9860
f 4935 4842 4936
f 4842 4835 4936
f 9527 9545 9538
f 9861 9554 9551
f 50 44 1
f 50 9874 44
f 11 53 9904
f 9884 9904 9908
f 9867 9911 10
f 9864 9900 89
f 36 9892 9882
f 13 9866 14
f 9862 51 9897
f 9881 9897 51
f 9875 9874 50
f 43 9872 9893
f 49 9899 9872
f 49 9906 9899
f 48 9906 49
f 46 41 9905
f 46 9905 9891
f 9886 9873 4
f 9870 9880 9879
f 9879 9880 9876
f 9885 9878 9905
f 9875 9877 9879
f 1 9901 9885
f 9884 9908 9910
f 9898 9895 9896
f 13 9873 9866
f 9910 9907 9884
f 44 9901 1
f 9887 9863 9895
f 9885 9905 9883
f 9870 9899 9880
f 9900 9864 9865
f 9883 9898 9896
f 41 40 9905
f 9875 9878 9874
f 9879 9878 9875
f 9885 9901 9878
f 9879 9877 9870
f 9908 9911 9867
f 9863 9869 9909
f 9896 9902 9897
f 9868 9890 9871
f 5 9888 16
f 9886 9884 9907
f 9896 9885 9883
f 9863 9887 9866
f 9873 9869 9866
f 9868 17 9888
f 9871 9890 9905
f 9906 9871 9880
f 9872 9870 9893
f 5 9868 9888
f 9882 9892 9909
f 9864 9882 9909
f 9863 9909 9902
f 9869 9907 9865
f 9903 9868 5
f 49 9872 43
f 9903 9890 9868
f 9872 9899 9870
f 9893 9870 9877
f 9867 9865 9910
f 9865 9867 9900
f 9902 9896 9895
f 9897 9902 9862
f 9907 9869 9873
f 9905 9890 9891
f 9894 9897 1
f 44 9874 9901
f 9866 9887 14
f 9876 9878 9879
f 9880 9905 9876
f 40 9883 9905
f 1 9897 9881
f 9880 9871 9905
f 17 9871 9906
f 9904 9884 9886
f 9910 9908 9867
f 9886 9907 9873
f 40 9898 9883
f 9891 9890 9889
f 9894 9896 9897
f 9896 9894 9885
f 9865 9907 9910
f 9863 9866 9869
f 9902 9909 9862
f 9874 9878 9901
f 9903 9889 9890
f 9904 53 9908
f 9892 9862 9909
f 1 9885 9894
f 9867 89 9900
f 9906 9880 9899
f 9863 9902 9895
f 53 9911 9908
f 9904 9886 12
f 9864 9909 9865
f 9905 9878 9876
f 9868 9871 17
f 9865 9909 9869
f 3576 9933 9913
f 9933 9912 9914
f 9933 9914 9913
f 9912 9915 9914
f 9912 3569 9915
f 3569 9923 9915
f 3569 9916 9923
f 3598 9923 9916
f 3598 9921 9923
f 3544 9922 9921
f 3430 9922 3544
f 9914 9924 9913
f 3430 9919 9922
f 9914 9915 9927
f 9927 9920 9917
f 9928 9922 9920
f 9924 9914 9927
f 3344 9918 9925
f 3232 3253 9929
f 3253 3322 9918
f 9915 9923 9928
f 9918 9929 3253
f 9922 9928 9921
f 9924 9917 3484
f 3562 9913 9924
f 3484 3562 9924
f 9926 3423 9917
f 9922 9919 9920
f 9925 9918 9926
f 9918 3322 9926
f 9926 3322 3423
f 9927 9928 9920
f 9928 9927 9915
f 9927 9917 9924
f 3484 9917 3423
f 9928 9923 9921
f 9917 9920 9926
f 9920 9925 9926
f 9925 9920 9919
f 3227 3209 3189
f 9933 9941 9912
f 3569 9912 9930
f 3227 3296 9936
f 3351 9937 9935
f 9941 3555 9937
f 3339 9931 9937
f 9932 9936 9934
f 9934 9936 3296
f 3296 9942 9931
f 9937 9931 9941
f 9934 9940 9932
f 9912 9941 9930
f 9940 9934 3339
f 9939 9942 9938
f 9935 9937 3555
f 9942 9930 9941
f 9933 3555 9941
f 9930 9942 9939
f 3489 9930 9939
f 9937 3351 3339
f 3296 9938 9942
f 3227 9936 3209
f 3569 9930 3489
f 3209 9936 9932
f 9934 3296 9931
f 3339 9934 9931
f 9941 9931 9942
f 6997 7059 7014
f 7342 9959 7492
f 9961 9953 7141
f 7014 7031 7126
f 7057 9944 7058
f 7082 7081 7083
f 6855 7011 9784
f 9945 9784 7011
f 9957 9953 9961
f 9950 7031 9956
f 9948 7083 7081
f 9958 9945 7009
f 9943 9958 9962
f 9954 7058 9944
f 9953 9957 9952
f 9948 9954 9955
f 9952 9955 9962
f 9961 9960 9950
f 9953 9952 9949
f 7125 9960 9959
f 9961 9956 9957
f 9950 9956 9961
f 9943 9778 9947
f 9784 9945 9946
f 9956 9952 9957
f 9955 7083 9948
f 7204 9951 7141
f 7381 7555 7492
f 9946 9958 9947
f 9949 9952 9962
f 9955 9956 7031
f 9954 9962 9955
f 9961 9959 9960
f 7059 7031 7014
f 9956 9955 9952
f 9958 9943 9947
f 7059 9955 7031
f 7009 9953 9949
f 7492 9959 9951
f 9951 7381 7492
f 9943 9962 9954
f 9943 9954 9944
f 9959 7141 9951
f 7059 7083 9955
f 9949 9962 9958
f 9946 9945 9958
f 9961 7141 9959
f 6764 7047 9966
f 9984 9967 6913
f 9981 9973 6677
f 6913 9967 9968
f 9967 9969 6856
f 9965 9983 9975
f 6861 6806 9975
f 6827 9963 6874
f 6618 9974 6639
f 6856 9972 6748
f 6893 6932 9963
f 9982 9980 9972
f 9978 9970 9981
f 9977 9983 9965
f 9969 9975 9983
f 6807 6734 6806
f 6953 9963 6932
f 6748 9980 9964
f 9968 9967 6914
f 9982 9972 9977
f 9977 9970 9982
f 9979 9966 6893
f 6603 6637 9978
f 9970 9978 6637
f 9979 6893 9963
f 9970 9973 9981
f 9969 9967 9984
f 9980 6672 9964
f 9980 6748 9972
f 6827 9976 9963
f 9972 9969 9983
f 9975 9984 6861
f 9971 9966 9979
f 9975 9969 9984
f 6637 9971 9970
f 9963 9976 9979
f 6856 9969 9972
f 9973 9970 9977
f 9977 9972 9983
f 9981 9974 6603
f 9979 9982 9970
f 9979 9970 9971
f 9980 9976 6672
f 6680 9971 6637
f 9980 9982 9976
f 6806 6734 9965
f 9981 6603 9978
f 9977 9965 9973
f 6806 9965 9975
f 9982 9979 9976
f 6672 6631 9964
f 6734 9973 9965
f 4777 9989 4732
f 4717 9987 9999
f 5266 9988 9997
f 4771 9990 4745
f 4746 10001 9989
f 9998 10000 5194
f 4912 9992 9986
f 4879 9987 4820
f 9999 9987 9992
f 4665 9993 9996
f 4732 10001 4689
f 4731 9994 9989
f 5104 9995 9998
f 4689 9990 4665
f 10000 9998 9995
f 9996 4732 4665
f 9997 9988 9985
f 9985 5477 5544
f 4665 9990 4771
f 4665 4771 4717
f 9995 5425 9988
f 4665 4681 9993
f 4778 9996 9993
f 9987 4879 9992
f 9988 5477 9985
f 9988 5425 5477
f 5194 10000 5266
f 9989 9991 4746
f 9989 9994 9991
f 4666 9999 9992
f 5561 5544 5477
f 9986 9992 5014
f 10000 9995 9988
f 9994 4762 9991
f 4879 5014 9992
f 9999 4666 4681
f 10001 4732 9989
f 9998 9986 5014
f 9988 5266 10000
f 9986 9998 5194
f 4732 4689 4665
f 4792 9991 4762
f 9887 9895 14
f 9889 46 9891
f 3562 3576 9913
f 9966 9971 6680
f 10002 4793 4731
f 9994 4731 4793
f 6587 6603 9974
f 6677 9973 6639
f 9973 6734 6639
f 9769 6665 6762
