v -0.019045 0.0309093 -0.0636478
v 0.337331 0.0109939 -0.101332
v 0.36196 0.0243837 -0.037983
v 0.0338949 0.0377489 0.0700862
v 0.0763861 0.042277 -0.127806
v 0.467975 0.0416942 0.0792498
v 0.468189 0.041188 0.0630033
v 0.457211 0.0378447 0.0238601
v -0.00249395 0.0351439 -0.106752
v -0.0586376 0.0337936 0.100956
v -0.0113731 0.0369706 0.132918
v 0.0103942 0.035598 0.116015
v 0.0403712 0.0399142 0.0226937
v 0.0367337 0.037081 -0.0021482
v 0.0423118 0.0362482 -0.0294608
v 0.0792349 0.0434241 -0.129955
v 0.0464848 0.0442951 -0.162272
v 0.344824 0.0171115 -0.0696169
v 0.35831 0.0247065 -0.0417881
v 0.374892 0.0468569 0.0811377
v 0.464877 0.0414568 0.0443494
v 0.428454 0.0347059 -0.0233382
v 0.412403 0.0357429 -0.0530859
v 0.39222 0.0199211 -0.111941
v 0.377744 0.00894769 -0.149269
v 0.368694 0.0076011 -0.148951
v 0.40172 0.0299164 -0.0860268
v 0.393193 0.0185696 -0.120401
v 0.385821 0.0127993 -0.141125
v 0.338063 0.00800706 -0.143898
v 0.328484 0.00849655 -0.118021
v 0.332304 0.0114693 -0.105692
v 0.369787 0.0365979 0.0103866
v 0.394804 0.051751 0.109889
v 0.405652 0.0497756 0.121661
v -0.0548152 0.0348113 -0.0046533
v -0.0620875 0.0385436 0.0192781
v 0.0260514 0.0390953 0.0950277
v 0.0402194 0.0406295 0.0426229
v 0.0512598 0.0377559 -0.0528867
v 0.0552732 0.0398584 -0.0623164
v 0.0759623 0.0415607 -0.107625
v 0.00969537 0.0396244 -0.144131
v -0.0121052 0.0346132 -0.0786044
v 0.0366186 0.0415462 0.0651796
v 0.06326 0.0410289 -0.0808744
v 0.0618291 0.0460221 -0.158729
v 0.0320024 0.0441293 -0.164876
v 0.0192503 0.0411465 -0.158901
v -0.0137291 0.0368908 -0.0821069
v -0.0457804 0.0321594 -0.0212151
v -0.0484565 0.0363686 0.122015
v -0.0309698 0.0357957 0.129289
v 0.43338 0.0531376 0.132319
v 0.449804 0.050157 0.124474
v 0.467974 0.0445897 0.0913498
v 0.332181 0.0103427 -0.13315
v 0.336815 0.0136386 -0.0918027
v 0.363977 0.0275747 -0.0277622
v 0.390019 0.0566553 0.104008
v 0.38443 0.0468793 0.0968635
v 0.449711 0.0403211 0.00471255
v 0.39117 0.0172416 -0.129312
v 0.346087 0.0220799 -0.0715314
v 0.369839 0.0332791 -0.00172391
v 0.369557 0.0438449 0.0640432
v 0.38483 0.0632045 0.0916528
v 0.46091 0.04664 0.111884
v 0.0407676 0.0390938 -0.0136818
v 0.0765915 0.046961 -0.141076
v 0.00362236 0.0423021 -0.130622
v -0.00240858 0.0389316 -0.113924
v 0.469879 0.0580883 0.0719878
v 0.416559 0.0383366 -0.0495034
v 0.410183 0.0448269 -0.0797948
v 0.370571 0.00893818 -0.152963
v 0.362786 0.00818698 -0.154364
v 0.331579 0.0142249 -0.123805
v 0.363417 0.0331888 -0.0289915
v 0.0459724 0.046591 -0.0350938
v 0.0775867 0.0531765 -0.121399
v 0.452732 0.0432428 0.00824843
v 0.347598 0.00731854 -0.150879
v 0.350263 0.0267736 -0.0628794
v 0.0514094 0.0471762 -0.0519598
v -0.0101586 0.0422908 -0.0922353
v -0.066634 0.0469662 0.0420594
v -0.0656834 0.0344363 0.053846
v -0.0633223 0.0321758 0.0672338
v -0.0563537 0.0409928 0.116821
v 0.466036 0.0493257 0.0463382
v 0.432707 0.0380419 -0.0238735
v 0.343724 0.0274818 -0.0770512
v 0.368415 0.0397628 0.0360957
v 0.464587 0.0508935 0.108083
v 0.0420645 0.0458108 -0.0188742
v 0.0732413 0.0485836 -0.102705
v 0.0709896 0.0491482 -0.151139
v 0.0642801 0.0563287 -0.156625
v -0.0398402 0.0381847 -0.0378958
v -0.0423486 0.04268 0.132192
v 0.461912 0.0493748 0.0300032
v 0.394804 0.0265071 -0.120596
v 0.335292 0.0168934 -0.102811
v 0.37029 0.0517641 0.051728
v 0.399704 0.0660928 0.118138
v 0.416776 0.0538175 0.1309
v 0.449466 0.0563708 0.128897
v 0.45908 0.0557269 0.119523
v 0.0168478 0.04653 0.109861
v 0.0729636 0.0575614 -0.146602
v -0.00475994 0.0466662 -0.111654
v -0.0474781 0.0437469 -0.0255615
v -0.0254443 0.0424049 0.138212
v -0.00877286 0.0429044 0.135144
v 0.0043955 0.0399562 0.125302
v 0.44546 0.0464124 -0.0107374
v 0.434802 0.0484289 -0.0309314
v 0.401694 0.0335258 -0.0958044
v 0.389626 0.0233546 -0.13624
v 0.332849 0.022985 -0.118625
v 0.360824 0.0321568 -0.037843
v 0.36557 0.0445857 0.00757351
v 0.366768 0.0513754 0.0298736
v 0.395469 0.0658583 0.111806
v 0.405905 0.0633501 0.123725
v 0.435151 0.06103 0.133504
v 0.467798 0.0535956 0.0891244
v 0.0354694 0.0489768 0.0630044
v 0.0376733 0.0578831 0.0326381
v 0.066684 0.0467274 -0.0862284
v 0.0178888 0.0519103 -0.159221
v -0.0170577 0.0425842 -0.0773682
v -0.0321319 0.0492579 -0.0559746
v -0.0617589 0.0396257 0.0991682
v 0.468255 0.0561813 0.0539353
v 0.385746 0.0257042 -0.146019
v 0.333152 0.0211894 -0.136451
v 0.337274 0.0202523 -0.0953738
v 0.418848 0.0707794 0.129806
v 0.44339 0.0725129 0.123364
v 0.0297346 0.0477777 0.0828858
v 0.0407708 0.0518485 0.019704
v 0.0639843 0.0562728 -0.0731385
v 0.0726045 0.055219 -0.097162
v 0.036754 0.0614433 -0.167752
v 0.419111 0.045678 -0.0574549
v 0.352228 0.0445692 -0.0342593
v 0.375978 0.0581749 0.0737929
v 0.00852407 0.0501236 -0.146523
v 0.00136885 0.0505553 -0.133269
v -0.0623107 0.051928 0.0112259
v -0.0583877 0.0528793 0.113243
v -0.027765 0.0537914 0.136837
v 0.455544 0.0494811 0.00907085
v 0.404311 0.0394246 -0.102779
v 0.398617 0.0341416 -0.120793
v 0.345799 0.0235109 -0.154179
v 0.336762 0.0166562 -0.144096
v 0.349063 0.0350538 -0.0585797
v 0.0237217 0.0572907 0.0883023
v 0.0491104 0.053055 -0.0352419
v 0.0764931 0.0577724 -0.113015
v 0.0256937 0.0538869 -0.164714
v -0.0423488 0.0512375 -0.0382526
v -0.0670873 0.0521576 0.0602616
v -0.0652553 0.0494763 0.085973
v 0.00101975 0.0535201 0.129294
v 0.0147179 0.0551422 0.11112
v 0.464793 0.0571355 0.0379012
v 0.336732 0.0321412 -0.103869
v 0.341943 0.0330547 -0.0796872
v 0.453782 0.0690427 0.116797
v 0.463837 0.0642729 0.100888
v 0.0317312 0.0583339 0.0588082
v 0.0520106 0.0542281 -0.162846
v -0.0126866 0.0508335 -0.0881315
v -0.0562088 0.0495988 -0.00982119
v -0.0644243 0.0574032 0.0857081
v -0.0123156 0.0567509 0.13577
v 0.465658 0.0637844 0.0410614
v 0.457046 0.0583354 0.00921598
v 0.39526 0.0331369 -0.131073
v 0.366125 0.0227909 -0.159386
v 0.355134 0.0203363 -0.157221
v 0.359274 0.0533965 0.00278801
v 0.37231 0.0599938 0.0571113
v 0.0741899 0.0612417 -0.105608
v 0.0744146 0.0655129 -0.144341
v 0.0610297 0.0653639 -0.160908
v -0.0207708 0.0563321 -0.0785019
v -0.0686055 0.0555571 0.037683
v -0.0625522 0.0544853 0.100351
v -0.0233541 0.0612095 0.134686
v 0.00711447 0.055611 0.122583
v 0.435742 0.0553548 -0.0391056
v 0.403442 0.0435726 -0.108547
v 0.37767 0.0243726 -0.154736
v 0.399766 0.0731225 0.111729
v 0.430091 0.0729845 0.128472
v 0.0175925 0.07062 0.0966679
v 0.0440502 0.0573496 0.00357593
v 0.0558814 0.059513 -0.0289222
v -0.00197684 0.0543483 -0.121776
v -0.0156127 0.0598031 -0.0930446
v -0.049242 0.0541247 -0.0235143
v -0.049172 0.056584 0.125311
v -0.0396498 0.0570513 0.131486
v 0.447397 0.0543563 -0.0113382
v 0.336805 0.0241087 -0.142303
v 0.332899 0.0246057 -0.129546
v 0.367071 0.0643884 0.044826
v 0.378144 0.0699698 0.0735134
v 0.38761 0.0739085 0.0938681
v 0.412158 0.0701284 0.127124
v 0.466128 0.0690257 0.073001
v 0.0290055 0.0664147 0.0664393
v 0.0326835 0.0636328 0.0557006
v 0.0663151 0.0622974 -0.0574655
v 0.0691212 0.0589827 -0.0881787
v 0.0125308 0.0551402 -0.154135
v -0.0679047 0.0631805 0.0393612
v -0.0695503 0.0598757 0.059189
v -0.0584743 0.0634064 0.100446
v -0.0536331 0.0603091 0.116748
v 0.418787 0.0517415 -0.0738077
v 0.414166 0.0494057 -0.0736609
v 0.404246 0.0458546 -0.115517
v 0.388319 0.0319625 -0.145068
v 0.379907 0.0301146 -0.15475
v 0.360374 0.0600417 0.013805
v 0.409536 0.0812173 0.115896
v 0.450366 0.0744678 0.111764
v 0.045344 0.0679512 0.0189103
v 0.0481131 0.0658262 0.00828835
v 0.0768892 0.0631121 -0.132787
v 0.0173491 0.0628971 -0.160968
v 0.00286105 0.0573092 -0.136835
v -0.03339 0.0595226 -0.052814
v 0.445768 0.0603736 -0.0140615
v 0.414515 0.0530782 -0.0925742
v 0.395359 0.0384718 -0.137403
v 0.348928 0.0318558 -0.160777
v 0.350893 0.0501088 -0.0295568
v 0.364203 0.0669117 0.02838
v 0.418766 0.0810186 0.12141
v 0.431155 0.0804504 0.120741
v 0.074234 0.0679892 -0.0988819
v 0.0470714 0.0644988 -0.167369
v 0.0234559 0.0592244 -0.163873
v -0.0235449 0.0590219 -0.0797178
v -0.0322547 0.0607884 -0.0585316
v -0.0446783 0.0651988 -0.023028
v 0.00980367 0.0715666 0.108746
v 0.367501 0.0284131 -0.161282
v 0.334605 0.0304996 -0.140794
v 0.349942 0.0557635 -0.029048
v 0.373582 0.0734919 0.0588093
v 0.399473 0.0811392 0.106852
v 0.462506 0.0702111 0.0482352
v -0.0539472 0.0687112 0.0112675
v -0.0652923 0.0644868 0.076084
v -0.0317332 0.0696751 0.12415
v -0.00374596 0.0688293 0.125803
v 0.0370399 0.0718297 0.0422272
v 0.0678507 0.065933 -0.154914
v 0.000187049 0.0626662 -0.134202
v -0.0139438 0.062502 -0.103269
v 0.453414 0.0655146 0.0102877
v 0.433271 0.0537854 -0.0657414
v 0.359693 0.0332529 -0.165222
v 0.333165 0.030512 -0.120639
v 0.43743 0.0807415 0.112517
v 0.460121 0.0737998 0.0898473
v 0.455742 0.0677349 0.0233177
v 0.0598407 0.0662877 -0.0263686
v -0.00899106 0.0617975 -0.108976
v -0.0217263 0.0645868 -0.11356
v -0.0314506 0.0624624 -0.0819892
v -0.0383571 0.0651677 -0.0412759
v -0.0592801 0.0589098 0.0048824
v -0.0664379 0.066397 0.0464096
v 0.442276 0.0588974 -0.0434679
v 0.438557 0.0594276 -0.0601435
v 0.438605 0.0585212 -0.0751857
v 0.389171 0.0370518 -0.149
v 0.34288 0.0431461 -0.0620212
v 0.39121 0.0835647 0.0857232
v 0.0718596 0.067143 -0.0774957
v 0.077087 0.067019 -0.119796
v 0.0778106 0.0698302 -0.133941
v 0.0464498 0.0752187 -0.17147
v -0.053233 0.0762815 0.0571139
v -0.0456421 0.0709136 0.101747
v -0.0146122 0.0739712 0.125435
v -0.00382328 0.0749446 0.116882
v 0.427201 0.0539385 -0.0834554
v 0.406804 0.0521574 -0.114948
v 0.369843 0.0349092 -0.165051
v 0.336472 0.0369985 -0.112328
v 0.404392 0.0845559 0.104477
v 0.428866 0.0867996 0.111083
v 0.436756 0.0863079 0.0956136
v 0.448725 0.0794698 0.0902292
v 0.455983 0.0704546 0.00333617
v 0.451953 0.0655527 -0.0128765
v 0.0129003 0.0773566 0.0913826
v 0.0277429 0.0835483 0.0504474
v 0.0672835 0.0669382 -0.0520386
v 0.0340822 0.0673515 -0.170257
v -0.0257174 0.0623795 -0.101574
v -0.041404 0.0726764 -0.0223363
v -0.0493282 0.0767484 0.0270806
v -0.061444 0.0692409 0.0608343
v -0.0467721 0.0742628 0.0888894
v 0.459316 0.0746884 0.0646708
v 0.447512 0.0821102 0.0589844
v -1.26714e-005 0.0811779 0.0920365
v -0.0359156 0.0640885 -0.0631186
v -0.0272796 0.0776416 0.117286
v 0.431837 0.0586586 -0.0839608
v 0.339925 0.0407861 -0.082791
v 0.383553 0.0843294 0.0699124
v 0.395536 0.086153 0.0837216
v 0.416053 0.0863983 0.107446
v 0.452191 0.0731824 0.027096
v 0.0202567 0.0788714 0.0735287
v 0.0512581 0.0740014 0.00230796
v 0.061839 0.0781177 -0.0266106
v 0.0662611 0.0726757 -0.159027
v 0.0118895 0.0652777 -0.154335
v 0.00072105 0.0687209 -0.130188
v -0.00517756 0.0677125 -0.119779
v -0.0422761 0.0768346 -0.0355864
v -0.0393871 0.0822619 0.0375288
v -0.035769 0.0785458 0.108007
v 0.360067 0.0695051 0.0057793
v 0.370706 0.0763346 0.0402721
v 0.428053 0.0885338 0.0998636
v 0.437782 0.0853821 0.0780394
v 0.0740612 0.0752563 -0.0881689
v 0.0755044 0.0784975 -0.10568
v 0.0733883 0.0722139 -0.14809
v 0.0568354 0.0747642 -0.167513
v -0.0392163 0.0750713 -0.0625988
v -0.0331994 0.0818904 0.0943092
v -0.0285646 0.0824512 0.103447
v 0.0450513 0.0797782 0.0155894
v -0.00339151 0.0722303 -0.131916
v -0.00937574 0.0734422 -0.132719
v 0.012144 0.0847305 0.0739447
v 0.435256 0.0819349 0.0428321
v 0.449266 0.0677173 -0.0300227
v 0.419292 0.0579855 -0.101678
v 0.380382 0.0373025 -0.160121
v 0.341578 0.0325912 -0.154647
v 0.335892 0.0496508 -0.093047
v 0.33842 0.0502681 -0.0798669
v 0.459261 0.0835227 0.0153116
v 0.456089 0.0747989 -0.00612234
v 0.0530713 0.0855828 -0.00582295
v 0.0735395 0.0812105 -0.0684511
v 0.0763992 0.0756345 -0.124661
v 0.0743396 0.0798237 -0.140947
v 0.0394656 0.0820769 -0.172991
v -0.0338308 0.0713972 -0.0920089
v -0.0430492 0.0833993 -0.0284882
v 0.451166 0.0786475 -0.0283647
v 0.438561 0.067046 -0.057747
v 0.394493 0.0460022 -0.142924
v 0.360073 0.0429168 -0.168578
v 0.336313 0.0427974 -0.119337
v 0.370443 0.0824037 0.0185055
v 0.377925 0.0837945 0.0470887
v 0.0396077 0.0884515 0.0197438
v 0.0614172 0.0836307 -0.0232181
v 0.069332 0.0799688 -0.0497292
v 0.0128899 0.0741031 -0.153588
v -0.0226915 0.0709048 -0.117198
v -0.0385391 0.0827024 0.0227371
v 0.399308 0.0520008 -0.138044
v 0.34167 0.0603021 -0.052329
v 0.348352 0.0644945 -0.0345126
v 0.385484 0.0865269 0.0534999
v 0.455113 0.0900369 0.0250308
v 0.0546553 0.084982 -0.168956
v 0.0113836 0.0804005 -0.152222
v 0.00503408 0.0743946 -0.140583
v -0.0330013 0.0770245 -0.105534
v -0.040683 0.0855405 -0.0649765
v -0.0365986 0.0839391 0.0113516
v -0.0255231 0.0920912 0.0249933
v -0.0138049 0.0889905 0.0522336
v 0.422321 0.0660272 -0.0965478
v 0.336563 0.0400954 -0.131674
v 0.418962 0.0872446 0.0432949
v -0.0254415 0.0807595 -0.116182
v -0.0427408 0.0783203 -0.0033181
v -0.0235881 0.0883359 0.0316837
v 0.445005 0.0794789 -0.0496502
v 0.443209 0.0654263 -0.0771057
v 0.3331 0.0528624 -0.106195
v 0.337455 0.0642746 -0.0664124
v 0.359161 0.0781704 -0.0135593
v 0.368531 0.0839042 0.00837622
v 0.397473 0.0901424 0.0423584
v 0.0768729 0.0850335 -0.0864675
v 0.0751078 0.084961 -0.130658
v -0.00311656 0.0779117 -0.139198
v -0.0183488 0.0762259 -0.121874
v -0.0431173 0.0892744 -0.0428334
v 0.00832478 0.0984927 0.038067
v 0.0394821 0.0952632 0.0201978
v 0.0713508 0.087557 -0.0262807
v 0.0817343 0.0866272 -0.0499853
v 0.378562 0.0471511 -0.164493
v 0.353433 0.0523686 -0.166728
v 0.345036 0.0467349 -0.158023
v 0.338917 0.043166 -0.144541
v 0.334905 0.0512788 -0.125114
v 0.347901 0.0743481 -0.0357163
v 0.386347 0.0910426 0.0354456
v 0.0758125 0.0826467 -0.116891
v 0.071065 0.0887871 -0.149608
v 0.0275254 0.0747164 -0.168367
v 0.022092 0.077712 -0.163971
v 0.00319031 0.0919336 0.0500055
v 0.0274823 0.0943942 0.0324573
v 0.0628562 0.0929068 -0.00270417
v 0.081383 0.090086 -0.0418665
v 0.388641 0.0484255 -0.154252
v 0.352305 0.0779946 -0.0224105
v 0.366038 0.0857952 0.00732073
v 0.433373 0.0887003 0.0399811
v 0.444928 0.0811129 0.0382967
v -0.0432403 0.0954919 -0.0224364
v 0.0191539 0.0979596 0.035032
v 0.032528 0.0950262 0.0260468
v 0.460874 0.0896072 0.00184624
v 0.444942 0.0702857 -0.0828012
v 0.420102 0.0676936 -0.105111
v 0.332228 0.0605715 -0.0969408
v 0.333291 0.0623544 -0.0799391
v 0.0782979 0.0935068 -0.105306
v -0.0372621 0.0913081 -0.108214
v -0.0402936 0.100678 -0.00924305
v -0.031132 0.095302 0.0168277
v -0.00877878 0.0944836 0.035591
v 0.412836 0.0602003 -0.129871
v 0.407658 0.0555328 -0.138267
v 0.39067 0.0539226 -0.156623
v 0.334255 0.0581102 -0.115535
v 0.361211 0.0901942 0.00961768
v 0.376766 0.0915082 0.024077
v 0.447925 0.0957483 0.0287267
v 0.0790876 0.0890938 -0.0931076
v 0.0742411 0.0923672 -0.135653
v 0.0455156 0.0911881 -0.172484
v 0.0221893 0.0910578 -0.164921
v -0.0265838 0.0933047 -0.119985
v 0.425636 0.069777 -0.0951545
v 0.337495 0.053649 -0.141829
v 0.343047 0.0811142 -0.0207291
v 0.411472 0.0945035 0.0414242
v 0.0658305 0.0848468 -0.160426
v 0.0109849 0.0850394 -0.157778
v 0.00455415 0.0844852 -0.155219
v -0.0117309 0.0852506 -0.123448
v -0.0388408 0.0913384 0.00374671
v -0.00610746 0.104942 0.0314549
v 0.442807 0.0782839 -0.0963259
v 0.434717 0.0732813 -0.0922702
v 0.416587 0.0767834 -0.105118
v 0.409211 0.0631953 -0.148006
v 0.369012 0.0476973 -0.169784
v 0.336515 0.0572074 -0.132593
v 0.331511 0.0753966 -0.047566
v 0.0848623 0.10332 -0.0439348
v 0.0667191 0.0961968 -0.155084
v 0.0313071 0.0924696 -0.171537
v 0.00820789 0.0891988 -0.169108
v 0.00233584 0.0865316 -0.147145
v -0.00609111 0.083337 -0.132062
v -0.0182884 0.100556 0.0267439
v 0.0261085 0.101683 0.0314757
v 0.452758 0.0861915 -0.0202411
v 0.448281 0.0949376 -0.0172548
v 0.325792 0.0650848 -0.0980629
v 0.395502 0.0973898 0.0383948
v 0.463183 0.0975591 0.0168749
v 0.0135224 0.10695 0.0325828
v 0.341125 0.0540986 -0.154335
v 0.339276 0.0846363 -0.0242336
v 0.0813131 0.099248 -0.071602
v 0.0826078 0.0920178 -0.0794628
v 0.0844427 0.0973733 -0.0961484
v -0.0309448 0.0840183 -0.113067
v -0.0185323 0.108626 0.0152689
v 0.415646 0.069783 -0.119173
v 0.400005 0.0561663 -0.159955
v 0.337503 0.0596535 -0.143785
v 0.323415 0.0631131 -0.117109
v 0.351719 0.0898701 -0.0022265
v 0.432664 0.101923 0.0228104
v 0.449435 0.0994862 0.0202043
v 0.0843901 0.102167 -0.120516
v 0.0311363 0.0956104 -0.174104
v 0.0201961 0.0944843 -0.180131
v 0.0114758 0.101725 -0.149431
v -0.0380655 0.0876214 -0.0991612
v -0.0477997 0.0968984 -0.0578688
v -0.0329868 0.106522 0.00137899
v 0.0548979 0.107527 0.00962635
v 0.0808328 0.103168 -0.0312296
v 0.449348 0.0847964 -0.0308095
v 0.392766 0.0591976 -0.170983
v 0.346469 0.0584096 -0.162718
v 0.345602 0.0652561 -0.158956
v 0.330926 0.0776798 -0.0666858
v 0.348777 0.0998902 -0.0151384
v 0.0730421 0.0982884 -0.130021
v 0.056309 0.0957862 -0.167025
v -0.0435575 0.0993479 -0.0865401
v -0.0530989 0.105404 -0.0392449
v 0.0363548 0.108809 0.0219628
v 0.446704 0.0870884 -0.0405725
v 0.444449 0.076554 -0.0778098
v 0.425371 0.0794149 -0.0959127
v 0.379413 0.0560027 -0.167761
v 0.363298 0.0580196 -0.169268
v 0.41036 0.101256 0.0338504
v 0.45912 0.103444 0.0187586
v 0.0713023 0.104521 -0.143108
v 0.0705665 0.0992394 -0.144289
v 0.0656624 0.104787 -0.160114
v 0.0395094 0.100028 -0.173899
v 0.0057871 0.0923277 -0.166887
v -0.0143857 0.0945294 -0.123455
v -0.000867646 0.111763 0.0261011
v 0.072983 0.113759 -0.0127188
v 0.460096 0.103238 0.0086001
v 0.445951 0.0878186 -0.100293
v 0.385348 0.0640795 -0.17519
v 0.330677 0.0808655 -0.0430822
v 0.38011 0.097438 0.0282532
v 0.0196022 0.102348 -0.182437
v 0.00579686 0.0974561 -0.138041
v -0.00280123 0.0971848 -0.126823
v -0.0544871 0.108382 -0.051134
v -0.0502587 0.105097 -0.0301075
v 0.0668345 0.103365 -0.00574933
v 0.446466 0.0893814 -0.0548432
v 0.449326 0.0901411 -0.0691925
v 0.325549 0.0616264 -0.136205
v 0.367723 0.0982235 0.0140802
v 0.410304 0.107588 0.0232426
v 0.438193 0.103067 0.0212886
v 0.0842869 0.106496 -0.053782
v 0.075591 0.109258 -0.0747824
v 0.0566915 0.104495 -0.168208
v 0.0118093 0.0951889 -0.178637
v 0.0128227 0.105925 -0.169783
v -0.00330832 0.104133 -0.128238
v -0.02168 0.10644 -0.132272
v -0.0409935 0.0994985 -0.106892
v -0.0318867 0.112827 -0.00429323
v 0.413634 0.0738675 -0.130982
v 0.407493 0.0722263 -0.152852
v 0.359706 0.0670886 -0.16965
v 0.327696 0.0741698 -0.140082
v 0.325958 0.0723006 -0.108366
v 0.0806389 0.10301 -0.0858762
v -0.0303909 0.108317 -0.127828
v -0.0334267 0.0973326 -0.118614
v 0.0023787 0.119132 0.0133809
v 0.0278034 0.124643 0.0147093
v 0.333417 0.0932649 -0.037341
v 0.395973 0.110886 0.0183011
v 0.436044 0.110865 0.0267768
v 0.453166 0.109823 0.00964918
v 0.0806257 0.111128 -0.127209
v 0.0819944 0.104408 -0.131567
v -0.0522273 0.109661 -0.0363939
v -0.0420668 0.113391 -0.0296898
v 0.0636805 0.116238 0.000859907
v 0.413345 0.087189 -0.10811
v 0.390028 0.0748617 -0.1688
v 0.333195 0.0855917 -0.0694942
v 0.363974 0.105469 0.00158642
v 0.380222 0.109342 0.0133451
v 0.0120725 0.111897 -0.14356
v 0.446057 0.114891 0.00910245
v 0.443585 0.0999953 -0.0197835
v 0.436671 0.0881338 -0.105148
v 0.420865 0.0892131 -0.106075
v 0.407907 0.0858301 -0.116444
v 0.410141 0.0784975 -0.144415
v 0.35174 0.0658304 -0.165283
v 0.32898 0.0924678 -0.0707453
v 0.41606 0.115918 0.0283073
v 0.0738527 0.111855 -0.0909015
v 0.0815695 0.107146 -0.110344
v 0.0607941 0.111615 -0.15938
v 0.0515804 0.112311 -0.167506
v -0.0512226 0.113977 -0.0411877
v 0.00526929 0.1224 -0.0195109
v 0.044844 0.11512 0.0154691
v 0.0919369 0.114834 -0.0414566
v 0.332872 0.0818442 -0.082942
v 0.39426 0.114591 0.0157348
v 0.41329 0.111039 0.0238311
v 0.444143 0.112414 0.0251202
v 0.447802 0.0974513 -0.0520682
v 0.0943558 0.118378 -0.0475879
v 0.0832803 0.114928 -0.0545609
v 0.0769064 0.115691 -0.11546
v 0.0254403 0.0993808 -0.182242
v -0.0442847 0.115307 -0.108643
v -0.0478739 0.10777 -0.0798697
v -0.0287791 0.119148 -0.0358101
v -0.00657798 0.122239 -0.024353
v 0.375103 0.0741692 -0.177143
v 0.332699 0.0878045 -0.086842
v 0.334852 0.102011 -0.0388702
v 0.376506 0.119065 0.00215957
v 0.424969 0.119355 0.0299567
v 0.444618 0.108058 -0.00971263
v 0.445409 0.102381 -0.0404957
v 0.458512 0.0995623 -0.0758524
v 0.021282 0.120563 -0.176015
v -0.0564503 0.123874 -0.050135
v -0.0490387 0.121112 -0.0441768
v 0.0120741 0.12834 -0.0176123
v 0.0249389 0.126282 -0.00855808
v 0.0557067 0.127829 0.00711224
v 0.458571 0.104365 -0.0629581
v 0.355997 0.0772388 -0.169786
v 0.33597 0.071188 -0.153497
v 0.334088 0.0870009 -0.111142
v 0.331088 0.0973758 -0.0547067
v 0.070525 0.119305 -0.0897815
v 0.0688932 0.124084 -0.109953
v 0.0183617 0.118641 -0.17019
v -0.0120961 0.101934 -0.128723
v -0.0564317 0.115769 -0.0525253
v -0.0309322 0.122686 -0.0334395
v 0.0315079 0.132445 -0.0164047
v 0.0397657 0.12871 -0.0021546
v 0.0389474 0.124048 0.0150131
v 0.0593335 0.124113 0.00716035
v 0.451346 0.0812853 -0.0906689
v 0.325193 0.0943746 -0.0849129
v 0.364056 0.120453 -0.00990891
v 0.395891 0.120882 0.0247689
v 0.444189 0.116727 0.00303293
v 0.0730925 0.115641 -0.144933
v 0.00443981 0.114025 -0.132392
v -0.0166022 0.119668 -0.140875
v -0.0398124 0.114864 -0.120189
v -0.0436629 0.125248 -0.0338572
v 0.0904357 0.120492 -0.0383003
v 0.406853 0.0857524 -0.145174
v 0.400979 0.0812002 -0.149308
v 0.325099 0.0722067 -0.124463
v 0.438931 0.119467 0.0254944
v 0.055845 0.116771 -0.165697
v 0.0254271 0.123138 -0.177541
v -0.0292943 0.125441 -0.0176658
v -0.0279931 0.131248 -0.0070487
v -0.0109926 0.125996 -0.00668715
v -0.00253509 0.129863 -0.00653444
v 0.0507725 0.1312 0.00103303
v 0.407854 0.0918607 -0.115913
v 0.386077 0.0866776 -0.153515
v 0.339677 0.0781853 -0.156832
v 0.334268 0.0912793 -0.109764
v 0.323764 0.0985455 -0.0797955
v 0.408547 0.129141 0.0312668
v -0.0499108 0.117207 -0.0777526
v 0.0365265 0.131371 -0.0141218
v 0.0612839 0.13303 0.00155817
v 0.0742895 0.126839 -0.0173601
v 0.346035 0.0843398 -0.15794
v 0.345931 0.109292 -0.0250512
v 0.451372 0.116894 -0.0163232
v 0.454275 0.111794 -0.0444331
v 0.0697846 0.124914 -0.121096
v 0.0619851 0.123602 -0.153641
v 0.0475653 0.126567 -0.168394
v 0.0182043 0.117935 -0.153008
v -0.0479133 0.128489 -0.0334796
v 0.0975721 0.121124 -0.0665701
v 0.460048 0.109015 -0.0795339
v 0.444346 0.0980726 -0.107403
v 0.391212 0.0927408 -0.157131
v 0.405644 0.125341 0.0310728
v 0.437773 0.125116 0.0204662
v 0.0349547 0.116315 -0.18004
v -0.0259941 0.120376 -0.141077
v -0.0472398 0.124315 -0.09635
v 0.39265 0.0955401 -0.155131
v 0.352241 0.0871216 -0.16324
v 0.33617 0.087779 -0.146835
v 0.332735 0.0892539 -0.138678
v 0.337512 0.110118 -0.0522129
v 0.365294 0.124442 -0.00515238
v 0.0739747 0.126806 -0.129868
v 0.0696356 0.124234 -0.134923
v -0.0332688 0.127512 -0.136913
v -0.0449015 0.135044 -0.0634568
v -0.0490157 0.13494 -0.0445388
v -0.0509224 0.131877 -0.0382613
v -0.0260469 0.137948 -0.000952635
v 0.043545 0.138118 -0.0135221
v 0.0813047 0.129748 -0.0347648
v 0.45572 0.103174 -0.0912841
v 0.43696 0.100328 -0.116313
v 0.411478 0.0983026 -0.116734
v 0.370565 0.0924518 -0.167311
v 0.364461 0.092266 -0.168786
v 0.320743 0.0963857 -0.10157
v 0.330104 0.103698 -0.0628275
v 0.332817 0.116151 -0.0689835
v 0.360727 0.122046 -0.0187863
v 0.41829 0.13022 0.0270661
v 0.450781 0.122992 -0.0162087
v 0.458048 0.119599 -0.0460048
v -0.0190467 0.138409 -0.153402
v -0.0402011 0.134537 -0.124811
v -0.0148303 0.136652 -0.00624167
v 0.0296517 0.138853 -0.0138044
v 0.0770356 0.135899 -0.0437498
v 0.0943204 0.128153 -0.0563328
v 0.459995 0.114529 -0.0920904
v 0.404883 0.0952119 -0.12046
v 0.317581 0.0973498 -0.115826
v 0.351887 0.132779 -0.00862006
v 0.377089 0.127835 0.0171095
v 0.384644 0.131359 0.0255078
v 0.387285 0.1385 0.0287326
v 0.440458 0.128037 0.00893
v 0.461341 0.118742 -0.0597428
v 0.084639 0.13345 -0.138129
v 0.0258008 0.130212 -0.172755
v 0.0264099 0.131146 -0.151112
v 0.014095 0.121939 -0.141843
v -0.0482123 0.1292 -0.0719192
v -0.0456493 0.136805 -0.0326025
v -0.0198581 0.141488 -0.00282224
v -0.00126998 0.137004 -0.00839542
v 0.101384 0.131922 -0.0885031
v 0.427949 0.0993409 -0.119538
v 0.436595 0.129139 0.0136356
v 0.032956 0.12775 -0.173872
v 0.00256322 0.123821 -0.135691
v 0.0649325 0.14116 -0.0335285
v 0.391748 0.102686 -0.138219
v 0.362696 0.128006 -0.0258026
v 0.360734 0.126382 -0.0165846
v 0.0663883 0.13253 -0.145551
v 0.00572047 0.132906 -0.146312
v -0.0098788 0.135547 -0.155169
v -0.0439817 0.134352 -0.101462
v -0.0310081 0.140143 -0.00613524
v 0.0258879 0.145956 -0.0121676
v 0.0524212 0.142721 -0.0077128
v 0.0594047 0.139208 -0.00255113
v 0.0749316 0.138153 -0.0544031
v 0.0917918 0.136561 -0.0755895
v 0.373356 0.100042 -0.168131
v 0.320625 0.0978597 -0.147196
v 0.315767 0.109364 -0.111522
v 0.316921 0.107509 -0.0939183
v 0.349935 0.121629 -0.0624735
v 0.345147 0.136508 -0.0210426
v 0.368993 0.142355 0.0172723
v 0.399398 0.139814 0.0294472
v 0.432618 0.134413 -0.00138281
v 0.444705 0.128584 -0.0130109
v 0.102337 0.138606 -0.101658
v 0.088954 0.130165 -0.134857
v 0.0655105 0.136571 -0.147576
v -0.0397819 0.142222 -0.0295838
v -0.00200567 0.141099 -0.0119059
v 0.0463949 0.151717 -0.0135799
v 0.0974394 0.137675 -0.0877044
v 0.431036 0.11415 -0.1311
v 0.348823 0.0942241 -0.16508
v 0.319595 0.103239 -0.160194
v 0.314719 0.103926 -0.142122
v 0.404745 0.139355 0.0264112
v 0.454994 0.124376 -0.0326458
v -0.0296901 0.149743 -0.0411846
v -0.0270896 0.14751 -0.00479945
v -0.00203433 0.150602 -0.0265889
v 0.0175714 0.153723 -0.0193288
v 0.0578982 0.145463 -0.0661458
v 0.0687518 0.143626 -0.0772555
v 0.0972556 0.142473 -0.0986883
v 0.0940381 0.139028 -0.12749
v 0.0590658 0.131534 -0.157708
v 0.0539041 0.139946 -0.158901
v 0.0355615 0.13514 -0.172463
v 0.461519 0.119319 -0.0807509
v 0.443946 0.113648 -0.116975
v 0.414666 0.110423 -0.140805
v 0.408956 0.108386 -0.138524
v 0.391841 0.107762 -0.135797
v 0.336136 0.100294 -0.171402
v 0.352308 0.120235 -0.045604
v 0.36297 0.132447 -0.0445108
v -0.0415364 0.138033 -0.0965566
v -0.0364745 0.1423 -0.0579987
v -0.0107651 0.148707 -0.0217268
v 0.0274778 0.152517 -0.0149666
v 0.0426451 0.155905 -0.0250406
v 0.0598525 0.144334 -0.0209602
v 0.0769186 0.143416 -0.0929601
v 0.100764 0.143396 -0.111829
v 0.0534692 0.146225 -0.0521424
v 0.059608 0.149152 -0.0796911
v 0.0364412 0.139075 -0.173114
v 0.0235398 0.135109 -0.146761
v -0.0309533 0.148595 -0.0757459
v -0.0133439 0.151093 -0.00851406
v 0.414749 0.13798 0.0171383
v 0.454823 0.131212 -0.040837
v 0.458352 0.129939 -0.0612296
v 0.45235 0.112287 -0.106804
v 0.398952 0.107666 -0.133554
v 0.359037 0.0983745 -0.171505
v 0.428838 0.106904 -0.128106
v 0.375862 0.108886 -0.153327
v 0.322601 0.114234 -0.0967453
v 0.342318 0.120687 -0.0865399
v 0.437221 0.1357 -0.0112473
v 0.452002 0.130997 -0.0316339
v 0.0735574 0.14597 -0.0930185
v 0.0845935 0.146573 -0.0982256
v 0.0968175 0.150131 -0.105315
v 0.0372932 0.142903 -0.162797
v -0.0243507 0.14312 -0.149794
v -0.0306622 0.151887 -0.0851029
v -0.0267514 0.152637 -0.026522
v 0.316932 0.111326 -0.139708
v 0.358058 0.127529 -0.0680014
v 0.359346 0.138561 -0.045213
v 0.392965 0.144282 0.029695
v 0.453039 0.13604 -0.0494886
v 0.0340917 0.156634 -0.0198477
v 0.0770488 0.15445 -0.0855038
v 0.0977236 0.151656 -0.126264
v 0.0753626 0.140212 -0.14838
v 0.0515484 0.144802 -0.173301
v -0.03779 0.139604 -0.132425
v -0.0341688 0.155088 -0.134328
v -0.0234093 0.150373 -0.000248367
v -0.0183612 0.149661 0.000538372
v 0.36465 0.13664 -0.0315251
v 0.342308 0.13919 -0.0332306
v 0.376711 0.145408 0.0249434
v 0.445941 0.141429 -0.0232894
v 0.459596 0.120638 -0.0902871
v 0.375906 0.112844 -0.154314
v 0.363766 0.112927 -0.164337
v 0.342765 0.103027 -0.179478
v 0.328081 0.104491 -0.170889
v 0.315331 0.111375 -0.152825
v 0.320827 0.121688 -0.136554
v 0.32435 0.117742 -0.12612
v 0.33126 0.119396 -0.11319
v 0.33556 0.122654 -0.114009
v -0.0178462 0.161371 -0.001166
v -0.00361048 0.160408 -0.00928126
v 0.0381448 0.156115 -0.0532074
v 0.0884923 0.141748 -0.134458
v 0.0381164 0.146132 -0.160748
v 0.0285584 0.143869 -0.156642
v 0.0151263 0.144489 -0.162202
v -0.0366169 0.150976 -0.108072
v 0.341525 0.142917 -0.0195696
v 0.405671 0.150906 0.0228943
v 0.415528 0.143698 0.0144006
v 0.431453 0.140365 -0.00230595
v 0.457649 0.125003 -0.100148
v 0.416645 0.118493 -0.147211
v 0.393054 0.115541 -0.158632
v 0.323298 0.108968 -0.166638
v 0.351908 0.131844 -0.0770022
v 0.00389348 0.157737 -0.0341124
v 0.0488326 0.158826 -0.0699182
v 0.0621125 0.15634 -0.0736316
v 0.0766554 0.152524 -0.136587
v 0.0756932 0.148048 -0.149886
v 0.0609063 0.148566 -0.169625
v 0.0274376 0.152401 -0.167707
v -0.0403596 0.14717 -0.125249
v -0.0244774 0.156739 -0.0402517
v 0.363522 0.149224 0.0061673
v 0.43194 0.15163 -2.10559e-005
v 0.457149 0.126891 -0.0785709
v 0.349568 0.109793 -0.177693
v 0.347923 0.126343 -0.0892402
v 0.00841945 0.164845 -0.0516291
v 0.026788 0.16245 -0.059684
v 0.0539008 0.162308 -0.0652576
v 0.0514682 0.152122 -0.169318
v -0.00663793 0.148492 -0.166583
v -0.0205662 0.159489 -0.0242741
v -0.0195698 0.160389 -0.00684742
v 0.348708 0.144003 -0.0407871
v 0.371765 0.160281 0.0204517
v 0.396258 0.155562 0.0264544
v 0.371787 0.118741 -0.172713
v 0.32582 0.116378 -0.163224
v -0.00409239 0.15705 -0.0335355
v 0.0426472 0.158053 -0.0709937
v 0.0626197 0.160355 -0.0734861
v 0.0884104 0.160273 -0.1005
v -0.0390397 0.153231 -0.120385
v -0.0256997 0.16085 -0.061821
v 0.338799 0.149292 -0.048599
v 0.333946 0.154618 -0.030602
v 0.352132 0.145872 -0.00723717
v 0.445842 0.143901 -0.0432162
v 0.456049 0.13621 -0.0899441
v 0.343941 0.115568 -0.181066
v 0.317824 0.12272 -0.150537
v 0.330469 0.124688 -0.1217
v 0.337959 0.138201 -0.0795073
v 0.0557149 0.166747 -0.0667882
v 0.0968186 0.155385 -0.108053
v 0.0656357 0.153342 -0.167358
v 0.048419 0.157314 -0.171169
v 0.010611 0.14688 -0.165229
v -0.0301276 0.157186 -0.0885958
v -0.0251565 0.166595 -0.0560779
v 0.44952 0.142777 -0.0595215
v 0.427061 0.128422 -0.140114
v 0.354606 0.117722 -0.181308
v 0.326861 0.129611 -0.122847
v 0.335499 0.130621 -0.111855
v 0.334366 0.138448 -0.0928055
v 0.0704594 0.162128 -0.0842955
v 0.0900906 0.160988 -0.126086
v 0.0664153 0.157528 -0.146884
v -0.0195248 0.165858 -0.0255303
v -0.00388637 0.164835 -0.0041533
v 0.0113638 0.17517 -0.01804
v 0.36407 0.161244 -0.000474251
v 0.425805 0.156852 0.00591996
v 0.450876 0.138682 -0.0753572
v 0.443862 0.126826 -0.119247
v 0.393919 0.119109 -0.162137
v 0.35388 0.122011 -0.182059
v 0.348071 0.124623 -0.16792
v 0.0754696 0.16461 -0.101167
v 0.0929306 0.155725 -0.132956
v 0.0810314 0.159921 -0.14409
v 0.0618493 0.160725 -0.163961
v 0.00938365 0.158339 -0.164061
v -0.0307355 0.165044 -0.0858735
v 0.0121279 0.180641 -0.0133663
v 0.360207 0.15583 -0.00443489
v 0.447022 0.142203 -0.0285952
v 0.401055 0.124208 -0.157608
v 0.338736 0.12481 -0.158815
v 0.317046 0.14803 -0.0919121
v 0.0126245 0.175395 -0.0597663
v 0.0630364 0.165892 -0.088586
v 0.078301 0.165595 -0.126619
v 0.0824216 0.168511 -0.144217
v 0.0705841 0.162965 -0.154704
v 0.0571088 0.160706 -0.172605
v 0.0508142 0.163054 -0.172707
v -0.0130919 0.160133 -0.164565
v -0.0333814 0.159251 -0.104778
v 0.330932 0.155347 -0.055966
v 0.323387 0.155704 -0.0481428
v 0.391589 0.164523 0.0224314
v 0.432527 0.162414 -0.00990386
v 0.361048 0.123128 -0.184259
v 0.337215 0.131128 -0.153722
v 0.32637 0.140101 -0.110637
v 0.328711 0.148884 -0.0981944
v 0.036974 0.167183 -0.0733921
v 0.0241694 0.162704 -0.164193
v -0.00526307 0.156102 -0.168938
v -0.00662327 0.164 -0.17044
v -0.0399934 0.162874 -0.123096
v -0.0193524 0.169152 -0.00700136
v -0.00960688 0.165751 0.000271232
v 0.40496 0.162338 0.0171877
v 0.438159 0.152026 -0.00983348
v 0.45189 0.145381 -0.0792004
v 0.455427 0.150905 -0.0842659
v 0.452178 0.141388 -0.102787
v 0.392865 0.134538 -0.153652
v 0.378455 0.127065 -0.174015
v 0.352147 0.127864 -0.176967
v 0.318482 0.132223 -0.134509
v 0.056106 0.16802 -0.0799874
v 0.0769525 0.167778 -0.156898
v 0.0587603 0.168911 -0.179981
v 0.0203516 0.166386 -0.17073
v -0.0375082 0.16866 -0.112829
v -0.0150112 0.168644 0.00109084
v 0.367634 0.170096 0.0184106
v 0.384904 0.171113 0.0227447
v 0.434816 0.137084 -0.13252
v 0.33305 0.129269 -0.150504
v 0.330845 0.149095 -0.10317
v 0.0266547 0.174575 -0.070804
v 0.0104373 0.170276 -0.178115
v 0.003611 0.169641 -0.175721
v -0.0380002 0.167715 -0.125503
v 0.302554 0.156846 -0.110335
v 0.326376 0.165725 -0.0393383
v 0.343203 0.164669 -0.0270483
v 0.377826 0.165144 0.0260301
v 0.403452 0.171447 0.0116981
v 0.422247 0.16898 0.002288
v 0.442225 0.153386 -0.0418377
v 0.448247 0.148639 -0.0677883
v 0.359547 0.131036 -0.186309
v 0.352 0.133769 -0.181854
v 0.34106 0.133289 -0.162789
v 0.0556081 0.173996 -0.071813
v 0.0492251 0.175821 -0.085031
v 0.033962 0.168438 -0.185431
v 0.0264941 0.174637 -0.189263
v -0.0179363 0.161904 -0.157266
v -0.0291739 0.176356 -0.0581975
v 0.414879 0.133526 -0.143379
v 0.395722 0.142007 -0.145721
v 0.381199 0.131907 -0.168669
v 0.33087 0.139224 -0.172872
v 0.331799 0.142687 -0.142741
v 0.324521 0.1413 -0.135601
v 0.323762 0.146091 -0.132639
v 0.323968 0.146977 -0.121484
v 0.0499013 0.181158 -0.0598421
v 0.0532675 0.175377 -0.137861
v 0.0559896 0.178063 -0.192464
v 0.0527983 0.172027 -0.189316
v 0.0103446 0.174709 -0.18205
v 0.00584313 0.181992 -0.176831
v 0.332678 0.140837 -0.176979
v 0.309043 0.153489 -0.11751
v 0.302407 0.168777 -0.0718881
v 0.312999 0.165983 -0.052937
v 0.356999 0.169252 -0.0178233
v 0.356709 0.182514 -0.0250811
v 0.36404 0.180395 0.010434
v 0.380053 0.180167 0.0226434
v 0.455112 0.164109 -0.0705603
v 0.0485191 0.172658 -0.104966
v 0.063137 0.17808 -0.157846
v -0.022217 0.175286 -0.0361834
v -0.0242564 0.181634 -0.0273591
v 0.445173 0.151046 -0.108385
v 0.301747 0.161491 -0.0929477
v 0.403597 0.179007 0.00887481
v 0.430573 0.169561 -0.0121514
v 0.0209956 0.184721 -0.0656183
v 0.0441312 0.176287 -0.060168
v 0.0573322 0.178123 -0.0643139
v 0.0609427 0.183408 -0.0722658
v 0.0547322 0.186824 -0.189454
v -0.0215208 0.196207 -0.00842059
v -0.0156358 0.196005 -0.00507815
v -0.00978281 0.184555 -0.00210614
v 0.416587 0.147778 -0.143582
v 0.359854 0.139867 -0.177253
v 0.32691 0.14876 -0.173819
v 0.300786 0.173944 -0.0735552
v 0.310215 0.17335 -0.0542985
v 0.351126 0.188876 -0.0346719
v 0.0272801 0.18188 -0.068765
v 0.0519282 0.180414 -0.0818479
v -0.040141 0.176927 -0.111511
v -0.0452088 0.18427 -0.089686
v -0.0355281 0.179043 -0.0712788
v -0.000425961 0.188408 -0.00458347
v 0.455082 0.153224 -0.0886851
v 0.35416 0.139068 -0.180587
v 0.303547 0.15646 -0.135723
v 0.299516 0.162165 -0.124753
v 0.316165 0.182168 -0.0515823
v 0.421357 0.174384 -0.000765893
v 0.440791 0.165157 -0.0389291
v 0.449366 0.161389 -0.0609559
v 0.0488464 0.183403 -0.131554
v 0.068736 0.176496 -0.165718
v 0.0651962 0.17467 -0.177032
v -0.0241954 0.181394 -0.139465
v -0.0266462 0.188028 -0.0185489
v 0.0425082 0.177105 -0.194039
v -0.00833093 0.175866 -0.167054
v -0.015061 0.178876 -0.156328
v -0.0360745 0.189597 -0.113768
v 0.0636714 0.193613 -0.0736188
v 0.0480956 0.189904 -0.100639
v 0.0530017 0.185648 -0.168634
v 0.395069 0.147482 -0.146471
v 0.317509 0.149081 -0.172274
v 0.300669 0.172527 -0.0966497
v 0.449687 0.163596 -0.0887095
v 0.440032 0.154728 -0.119884
v 0.35782 0.148345 -0.160346
v 0.303531 0.157239 -0.151621
v 0.300952 0.177485 -0.071512
v 0.0298436 0.193036 -0.0335932
v 0.0309471 0.191912 -0.0591219
v 0.0417574 0.201922 -0.0532332
v 0.0462386 0.181441 -0.105171
v 0.0496415 0.184441 -0.150103
v -0.0248206 0.19103 -0.0119732
v 0.0204841 0.190882 -0.0171597
v 0.389677 0.154934 -0.152599
v 0.351356 0.154758 -0.163591
v 0.307105 0.160328 -0.160747
v 0.299532 0.169141 -0.124089
v 0.361473 0.189598 0.00875467
v 0.373436 0.184139 0.0218259
v 0.384854 0.183961 0.0202005
v 0.443201 0.160712 -0.0473294
v 0.0308461 0.195624 -0.0490965
v 0.0354158 0.198519 -0.0534182
v 0.0461129 0.191216 -0.0571333
v 0.0530302 0.193652 -0.0638716
v 0.0461621 0.191362 -0.163172
v -0.0296923 0.198591 -0.0290337
v 0.00625172 0.183997 -0.00798205
v 0.435771 0.150572 -0.129422
v 0.337559 0.153714 -0.168289
v 0.299755 0.167513 -0.146149
v 0.302565 0.176905 -0.118041
v 0.302389 0.182132 -0.0841794
v 0.307535 0.187925 -0.0600132
v 0.432558 0.17677 -0.0158955
v 0.0327603 0.19887 -0.027004
v 0.047481 0.197055 -0.122396
v -0.0149785 0.188716 -0.1543
v -0.0250092 0.189927 -0.129721
v -0.0455813 0.189211 -0.0798899
v -0.0345074 0.204198 -0.0468864
v 0.427295 0.149434 -0.138591
v 0.36328 0.153891 -0.157854
v 0.335869 0.162003 -0.172672
v 0.325324 0.162026 -0.173659
v 0.390565 0.193209 0.0148093
v 0.452623 0.172048 -0.0786266
v 0.0529145 0.203757 -0.107139
v 0.0253163 0.189853 -0.190401
v -0.0371727 0.192834 -0.0593902
v 0.408595 0.15792 -0.149395
v 0.316156 0.158125 -0.172068
v 0.356716 0.192106 -0.0239927
v 0.0586873 0.205856 -0.0549753
v 0.06329 0.195916 -0.0835699
v -0.0285781 0.202728 -0.0179113
v 0.441262 0.164248 -0.113326
v 0.3581 0.163806 -0.172117
v 0.319974 0.166292 -0.171199
v 0.316573 0.198291 -0.0567234
v 0.439747 0.179654 -0.0263066
v 0.45287 0.177862 -0.0698552
v 0.449304 0.170152 -0.0932988
v 0.049883 0.200026 -0.200643
v 0.00718365 0.210298 -0.00956921
v 0.0245495 0.201806 -0.0168634
v 0.0687079 0.217755 -0.0544815
v 0.0547398 0.198033 -0.194643
v -0.0455168 0.191945 -0.097414
v 0.0401209 0.206948 -0.0277575
v 0.358646 0.200846 0.0030246
v 0.425784 0.181031 -0.00527379
v 0.38149 0.162164 -0.161563
v 0.423423 0.174413 -0.138432
v 0.330042 0.167983 -0.174263
v 0.311487 0.172673 -0.157606
v 0.301583 0.179809 -0.140795
v 0.432271 0.188568 -0.0112876
v 0.44641 0.179843 -0.0448316
v 0.45049 0.175305 -0.0608681
v 0.0673323 0.203105 -0.0813644
v 0.0483094 0.200978 -0.140486
v 0.0478723 0.206887 -0.153593
v 0.0472885 0.197704 -0.171436
v -0.0206469 0.199038 -0.143166
v -0.0499803 0.200484 -0.0929235
v 0.044314 0.207798 -0.0441281
v 0.0495756 0.207918 -0.124814
v 0.0386889 0.202831 -0.19979
v 0.0158433 0.195982 -0.18083
v 0.367552 0.18645 0.0177871
v 0.356825 0.171759 -0.175436
v 0.334513 0.195656 -0.0480809
v 0.0711105 0.211677 -0.0737318
v 0.060769 0.209009 -0.100206
v -0.0302004 0.216154 -0.0174959
v 0.0259008 0.219972 -0.0165839
v 0.401631 0.194381 0.00697848
v 0.450458 0.179105 -0.0831332
v 0.449219 0.175338 -0.0992108
v 0.38996 0.166615 -0.16066
v 0.326996 0.178231 -0.167492
v 0.304247 0.181635 -0.097227
v 0.433379 0.17356 -0.126889
v 0.411755 0.166965 -0.149203
v 0.0553813 0.211025 -0.179032
v -0.0114585 0.209875 -0.155538
v -0.0434376 0.215663 -0.058247
v 0.366932 0.174212 -0.17554
v 0.3042 0.177183 -0.152616
v 0.393509 0.203543 0.00822065
v 0.413693 0.181708 0.00242894
v 0.451411 0.193471 -0.0541265
v 0.450619 0.185701 -0.0661001
v 0.0605163 0.219569 -0.046632
v 0.0683811 0.214712 -0.0896947
v 0.0300751 0.204761 -0.193987
v 0.0141438 0.210809 -0.176714
v -0.016054 0.206104 -0.151487
v -0.0327489 0.20077 -0.122782
v -0.0450585 0.20705 -0.105784
v -0.00146641 0.212541 -0.00819715
v 0.0540183 0.220252 -0.032304
v 0.415952 0.180876 -0.14192
v 0.314467 0.17971 -0.160104
v 0.301392 0.178951 -0.147065
v 0.31361 0.201722 -0.1301
v 0.309175 0.194247 -0.104583
v 0.350017 0.210777 -0.0457776
v 0.354637 0.205785 -0.038069
v 0.370936 0.207505 0.0160348
v 0.380495 0.204598 0.0140612
v 0.400414 0.205344 0.00520339
v 0.0505628 0.212777 -0.14812
v -0.0398643 0.227926 -0.0401765
v 0.055926 0.207413 -0.195805
v -0.0521232 0.202942 -0.0813616
v 0.41085 0.208631 0.00250277
v 0.427123 0.19799 -0.00632772
v 0.443056 0.198902 -0.0180986
v 0.308017 0.198719 -0.152125
v 0.308306 0.197935 -0.0996139
v 0.30319 0.196096 -0.0810276
v 0.0710939 0.229405 -0.0478624
v 0.073824 0.224734 -0.0669075
v 0.0628996 0.221231 -0.120825
v 0.0374977 0.214183 -0.199484
v -0.0454369 0.201262 -0.0681536
v -0.0347654 0.210848 -0.0428429
v -0.0200279 0.214771 -0.0102397
v 0.0353531 0.224446 -0.0191584
v 0.0490982 0.225443 -0.0255779
v 0.371768 0.213124 0.0134431
v 0.448045 0.191223 -0.0344424
v 0.449041 0.189891 -0.0767571
v 0.451386 0.182164 -0.0914825
v 0.368663 0.179689 -0.175623
v 0.341483 0.179288 -0.173091
v 0.310065 0.203492 -0.107604
v 0.390279 0.178262 -0.159462
v 0.352697 0.188531 -0.182864
v 0.311583 0.189545 -0.164362
v 0.359471 0.20499 0.0123278
v 0.0659616 0.228821 -0.0401644
v 0.0632398 0.225564 -0.153685
v 0.0607673 0.224035 -0.18906
v 0.0196636 0.219316 -0.175004
v -0.00485314 0.215949 -0.159004
v -0.0385363 0.214328 -0.125813
v -0.0192438 0.233086 -0.0135836
v 0.434399 0.184695 -0.124646
v 0.358253 0.207567 -0.0156874
v 0.0678267 0.228022 -0.120608
v 0.0606852 0.222093 -0.169785
v 0.0375704 0.227216 -0.200038
v -0.0505526 0.225639 -0.0684482
v -0.00661969 0.223689 -0.00973471
v 0.0176192 0.223665 -0.0136029
v 0.0652266 0.242398 -0.0280041
v 0.395193 0.191288 -0.144024
v 0.362939 0.189178 -0.177334
v 0.343439 0.189074 -0.183072
v 0.333003 0.185379 -0.170019
v 0.308301 0.211068 -0.0673119
v 0.365229 0.210612 0.0153858
v 0.423783 0.207107 -0.0050254
v 0.0648798 0.231083 -0.0335548
v 0.0454123 0.214551 -0.202927
v -0.0190009 0.218549 -0.14839
v -0.056063 0.2189 -0.0807967
v -0.0382874 0.21826 -0.0493744
v 0.321963 0.194647 -0.173974
v 0.301742 0.208774 -0.0872634
v 0.302191 0.211531 -0.0774474
v 0.362166 0.228604 0.0110588
v 0.0719341 0.233579 -0.109957
v 0.0266784 0.220557 -0.182197
v 0.00355922 0.223933 -0.160393
v -0.0360065 0.214798 -0.130758
v -0.0532045 0.217609 -0.0949764
v -0.0283563 0.234187 -0.0180308
v 0.307844 0.195645 -0.159969
v 0.303524 0.212463 -0.100842
v 0.452882 0.202017 -0.067005
v 0.0661607 0.230774 -0.164246
v 0.0295622 0.247293 -0.0143383
v 0.451137 0.191159 -0.0999931
v 0.376567 0.191079 -0.160932
v 0.363099 0.199907 -0.171613
v 0.355388 0.221963 -0.0138483
v 0.383476 0.215543 0.0094273
v 0.405473 0.216897 0.00487986
v 0.437146 0.217133 -0.0108854
v 0.452746 0.205993 -0.0510453
v 0.0693112 0.247092 -0.0301692
v 0.0553914 0.218045 -0.199347
v 0.0227315 0.228204 -0.18025
v -0.0566132 0.223963 -0.0915924
v 0.0528708 0.249044 -0.0218831
v 0.423839 0.19608 -0.127892
v 0.300327 0.22216 -0.0864319
v 0.450791 0.203988 -0.0292445
v 0.0731546 0.238102 -0.0580077
v 0.0157689 0.227362 -0.169503
v -0.037935 0.222267 -0.126685
v 0.455642 0.201691 -0.0905973
v 0.433811 0.20637 -0.11776
v 0.316705 0.199001 -0.173958
v 0.314956 0.208509 -0.126477
v 0.319415 0.224482 -0.0660467
v 0.354208 0.234327 -0.0303622
v 0.376397 0.225554 0.0154434
v 0.39757 0.222164 0.00752112
v 0.0734193 0.238129 -0.0860199
v -0.0200109 0.22942 -0.140529
v -0.0365106 0.224666 -0.0260806
v 0.340728 0.203111 -0.187201
v 0.312583 0.225145 -0.124806
v 0.0726752 0.233613 -0.0947872
v 0.0466322 0.233739 -0.203269
v 0.0716509 0.239671 -0.0434821
v 0.0740726 0.243145 -0.132
v 0.0690202 0.238091 -0.167275
v 0.032524 0.23634 -0.19986
v -0.00322076 0.236759 -0.154163
v -0.0460332 0.224521 -0.117995
v -0.0581387 0.228135 -0.0847228
v -0.0133619 0.234855 -0.0118765
v 0.042804 0.246548 -0.0184072
v 0.457954 0.202612 -0.0777113
v 0.441518 0.208865 -0.109122
v 0.403958 0.203017 -0.134741
v 0.33149 0.198311 -0.18363
v 0.355569 0.223335 -0.0370932
v 0.35541 0.220909 -0.0047066
v 0.313543 0.238436 -0.0733898
v 0.345103 0.23169 -0.0563244
v 0.419295 0.21706 -0.000711231
v 0.452022 0.215397 -0.0461857
v -0.00968568 0.231652 -0.150247
v 0.0111742 0.2413 -0.0129012
v 0.451482 0.212968 -0.0952337
v 0.383002 0.196601 -0.153409
v 0.352764 0.196601 -0.183019
v 0.314327 0.210252 -0.161136
v 0.304884 0.22666 -0.0768588
v 0.458309 0.213736 -0.0652043
v 0.0580707 0.242382 -0.195123
v 0.00742574 0.243486 -0.16548
v -0.041981 0.242285 -0.0340677
v 0.335944 0.217103 -0.0575672
v 0.372472 0.238826 0.0145317
v 0.381156 0.235571 0.0158534
v 0.450112 0.220006 -0.0394848
v 0.0664851 0.240887 -0.182098
v -0.059122 0.242693 -0.0823197
v -0.047097 0.245187 -0.0576157
v 0.023386 0.248349 -0.0129923
v 0.395946 0.200369 -0.142251
v 0.3687 0.208824 -0.16566
v 0.316509 0.209917 -0.172713
v 0.355081 0.228089 0.00218209
v 0.391317 0.232926 0.0129925
v 0.4258 0.231611 -0.000532315
v 0.44046 0.223273 -0.0206252
v 0.0387352 0.238791 -0.203441
v -0.0118153 0.245231 -0.146748
v -0.0237596 0.245737 -0.135595
v -0.0449456 0.246011 -0.052194
v 0.0688911 0.265211 -0.0272622
v 0.345861 0.219714 -0.184022
v 0.330424 0.211489 -0.188436
v 0.320514 0.209784 -0.180336
v 0.317435 0.218432 -0.136271
v 0.300199 0.232605 -0.100949
v 0.33652 0.251157 -0.0647466
v 0.36051 0.246517 0.00811962
v 0.0746074 0.253298 -0.094172
v 0.074421 0.251956 -0.151858
v 0.0425132 0.247629 -0.200624
v 0.00101018 0.246589 -0.012133
v 0.323035 0.22236 -0.160905
v 0.319738 0.218312 -0.148077
v 0.458296 0.221142 -0.0691494
v 0.0721744 0.269803 -0.0338143
v 0.0726523 0.255948 -0.076745
v 0.0595098 0.253633 -0.190792
v -0.0484052 0.242702 -0.116266
v -0.0376094 0.244954 -0.0246481
v 0.392516 0.21667 -0.149454
v 0.387004 0.211226 -0.154396
v 0.303907 0.22655 -0.111032
v 0.346531 0.25824 -0.0273548
v 0.354885 0.238024 0.00201749
v 0.0712732 0.252705 -0.0460067
v 0.0779476 0.257795 -0.130271
v 0.00113484 0.252123 -0.157342
v -0.0383993 0.239819 -0.128023
v -0.0168241 0.258825 -0.0153754
v 0.428554 0.222739 -0.117843
v 0.330715 0.223039 -0.189004
v 0.35027 0.240827 -0.0468465
v 0.4094 0.242528 0.00896641
v 0.0797331 0.267827 -0.120348
v 0.066192 0.248247 -0.184758
v 0.0672502 0.263792 -0.178941
v 0.0199449 0.255848 -0.196531
v -0.0442517 0.250649 -0.0427406
v -0.0239316 0.2515 -0.016893
v 0.458802 0.218105 -0.0793535
v 0.336589 0.223176 -0.190155
v 0.303357 0.240536 -0.0847145
v 0.350883 0.247836 -0.0392913
v 0.399263 0.240865 0.0115476
v 0.41808 0.245475 0.0041352
v 0.0740095 0.257704 -0.159939
v 0.0188448 0.241951 -0.190254
v 0.0115931 0.24874 -0.18353
v -0.0580898 0.241392 -0.0956529
v -0.0613333 0.255719 -0.0956935
v 0.301425 0.237589 -0.0862585
v 0.449295 0.227701 -0.0392548
v 0.0334244 0.252474 -0.200715
v -0.0608539 0.253099 -0.0863989
v 0.0106184 0.260342 -0.0112083
v 0.444553 0.225596 -0.102005
v 0.411575 0.229013 -0.128116
v 0.327098 0.225374 -0.183001
v 0.325256 0.231071 -0.161239
v 0.316632 0.229437 -0.136847
v 0.32396 0.242024 -0.164784
v 0.348196 0.253967 -0.0146517
v 0.380783 0.249344 0.0167129
v 0.431996 0.222506 -0.00710416
v 0.459068 0.229001 -0.071303
v -0.0543367 0.247258 -0.0705175
v -0.00697414 0.245304 -0.0126833
v 0.0251504 0.26989 -0.0102034
v -0.00243162 0.269147 -0.17537
v 0.425651 0.233118 -0.115337
v 0.400418 0.234331 -0.14538
v 0.43675 0.247149 -0.0251968
v 0.452686 0.238413 -0.0551957
v 0.0829574 0.281274 -0.12981
v -0.0173358 0.25629 -0.143274
v -0.03738 0.256131 -0.124142
v -0.0572809 0.257583 -0.109122
v 0.0398037 0.263147 -0.0126987
v 0.455557 0.239953 -0.0874524
v 0.383468 0.238829 -0.162456
v 0.375931 0.229313 -0.165403
v 0.307075 0.24434 -0.130355
v 0.389395 0.249612 0.0152288
v 0.404827 0.249511 0.0109309
v 0.446586 0.242525 -0.0410095
v 0.0710012 0.272093 -0.0798333
v 0.0517264 0.262815 -0.192615
v -0.0253499 0.272087 -0.0186081
v 0.0575946 0.2772 -0.0157801
v 0.0628551 0.26742 -0.0222527
v 0.328951 0.232877 -0.173765
v 0.342883 0.252898 -0.0596393
v 0.0809376 0.272049 -0.139263
v 0.0604284 0.270504 -0.185179
v 0.0272441 0.272196 -0.195405
v 0.343915 0.265841 -0.0141724
v 0.412464 0.255785 0.00621726
v 0.070886 0.270278 -0.0621976
v 0.0143176 0.26936 -0.19425
v -0.0157066 0.28137 -0.156603
v -0.054718 0.263562 -0.0729314
v -0.0377731 0.261459 -0.025772
v -0.00335969 0.267669 -0.0135494
v 0.392899 0.238306 -0.154637
v 0.35092 0.237119 -0.186864
v 0.327812 0.23924 -0.171188
v 0.297734 0.254394 -0.107782
v 0.298815 0.250545 -0.0949398
v 0.307645 0.250786 -0.0799176
v 0.322196 0.254546 -0.0713478
v 0.383284 0.273677 0.0174134
v 0.396834 0.262234 0.0154554
v 0.426803 0.25143 -0.00978995
v 0.0776099 0.277014 -0.106221
v 0.298281 0.255209 -0.114395
v 0.301157 0.279025 -0.0909252
v 0.433037 0.25176 -0.0209343
v 0.0734549 0.284477 -0.0444978
v 0.0820669 0.285567 -0.120769
v -0.0149376 0.270319 -0.149573
v -0.0397088 0.269963 -0.129672
v 0.447863 0.239969 -0.0984136
v 0.313633 0.24468 -0.143181
v 0.352312 0.257468 -0.00239365
v 0.38582 0.258778 0.0174388
v 0.0690538 0.288731 -0.0255897
v 0.0797296 0.277184 -0.143898
v 0.0640418 0.27896 -0.176626
v -0.0505787 0.264343 -0.0632401
v -0.0323831 0.264731 -0.0216638
v -0.00839825 0.282237 -0.0154391
v 0.431386 0.245196 -0.114508
v 0.341713 0.233421 -0.190497
v 0.33313 0.253611 -0.179612
v 0.336133 0.268569 -0.0643347
v 0.376061 0.269411 0.0157768
v 0.40359 0.258087 0.0125414
v 0.0798179 0.29532 -0.115791
v 0.0496493 0.281199 -0.190776
v -0.0545703 0.268357 -0.115119
v -0.0627087 0.26745 -0.0867924
v -0.0537527 0.277538 -0.0559664
v 0.0317755 0.270009 -0.00995525
v 0.450272 0.249041 -0.092498
v 0.308991 0.284651 -0.0781898
v 0.456142 0.244087 -0.0789637
v 0.0750696 0.299154 -0.0364569
v 0.0787271 0.285855 -0.140467
v -0.0616758 0.269897 -0.101884
v -0.0453061 0.267399 -0.0414124
v 0.0232162 0.275282 -0.0107356
v 0.328241 0.246741 -0.173586
v 0.450404 0.25376 -0.0661996
v 0.0677894 0.296596 -0.0761802
v -0.0364609 0.279418 -0.136948
v 0.0521677 0.274531 -0.0140172
v 0.419558 0.249741 -0.130911
v 0.318395 0.252534 -0.167817
v 0.31103 0.255943 -0.150436
v 0.300178 0.247877 -0.115932
v 0.305602 0.266755 -0.0824782
v 0.347311 0.260574 -0.0425082
v 0.420165 0.2619 -0.00445175
v 0.0754731 0.279539 -0.151689
v 0.0535333 0.291335 -0.182748
v 0.00376098 0.271357 -0.188027
v -0.0647514 0.283038 -0.0982737
v 0.00734067 0.3027 -0.0100294
v 0.0425669 0.311253 0.00171794
v 0.358699 0.25056 -0.184393
v 0.333608 0.265645 -0.179295
v 0.304322 0.255994 -0.1351
v 0.297749 0.261697 -0.103234
v 0.447544 0.25248 -0.0520486
v 0.0831646 0.295564 -0.129342
v 0.0575364 0.296041 -0.167843
v -0.0234165 0.290452 -0.151256
v -0.0560412 0.284112 -0.0684993
v 0.0406099 0.286429 -0.00572586
v 0.440176 0.251474 -0.10669
v 0.348559 0.256887 -0.190101
v 0.337253 0.281853 -0.0608709
v 0.0470294 0.293236 -0.189325
v 0.0119278 0.282868 -0.192034
v -0.0431676 0.266974 -0.0318403
v 0.333664 0.241704 -0.188368
v 0.322991 0.274904 -0.0707931
v 0.340107 0.278281 -0.0442106
v 0.0786677 0.29314 -0.139412
v 0.0354337 0.27831 -0.195322
v -0.0322895 0.288894 -0.0228818
v 0.0617147 0.291703 -0.0159581
v 0.409603 0.256912 -0.141517
v 0.317962 0.265888 -0.17374
v 0.431645 0.267957 -0.0249972
v 0.440489 0.260932 -0.0401617
v 0.455511 0.255105 -0.078549
v 0.0723254 0.309588 -0.0970377
v -0.0647054 0.287481 -0.0941999
v -0.0588641 0.280489 -0.0796453
v -0.00929294 0.308241 -0.0149539
v 0.0501371 0.299391 -0.0056862
v 0.394749 0.254386 -0.153641
v 0.37533 0.253564 -0.170423
v 0.404409 0.273548 0.0134215
v 0.412632 0.271559 0.00819211
v 0.0616522 0.30271 -0.158058
v 0.0632778 0.294668 -0.159041
v 0.00886566 0.293961 -0.0103214
v 0.0747431 0.296505 -0.0443913
v -0.00322102 0.280933 -0.183587
v -0.0483931 0.301372 -0.130057
v -0.048907 0.304149 -0.047842
v -0.0165596 0.279674 -0.0164052
v 0.0297186 0.31258 0.00324827
v 0.0715862 0.300008 -0.0301603
v 0.393885 0.278543 0.0166539
v 0.414394 0.280364 0.00436399
v 0.421651 0.268737 -0.00916586
v 0.450794 0.264366 -0.0912674
v 0.436424 0.266369 -0.11366
v 0.305272 0.273654 -0.151733
v 0.298177 0.277042 -0.127769
v 0.419883 0.282427 -0.00643
v 0.44177 0.271389 -0.0500167
v 0.449638 0.265093 -0.0697332
v 0.450668 0.27434 -0.0884839
v 0.0692158 0.293155 -0.0634273
v 0.0577353 0.303392 -0.0136235
v 0.350808 0.280419 -0.00168983
v 0.432977 0.276267 -0.0333108
v 0.0767775 0.305433 -0.144897
v -0.0422253 0.298939 -0.137266
v -0.0644344 0.305472 -0.0801177
v -0.0252763 0.285 -0.0190925
v 0.365365 0.264287 -0.179726
v 0.34425 0.2688 -0.186359
v 0.29545 0.29315 -0.115886
v 0.296365 0.293863 -0.1039
v 0.332489 0.283895 -0.0659455
v 0.335544 0.288274 -0.0373436
v 0.402782 0.291723 0.0139779
v 0.44693 0.266654 -0.0609733
v 0.0811916 0.315195 -0.141588
v 0.0251666 0.297771 -0.196795
v 0.00557213 0.300637 -0.192769
v -0.00909517 0.294656 -0.179099
v -0.0609854 0.287997 -0.110103
v 0.0247586 0.321383 0.00498244
v 0.0657285 0.308403 -0.0239002
v 0.446455 0.270948 -0.101539
v 0.328937 0.281548 -0.185237
v 0.30479 0.283649 -0.0831633
v 0.335977 0.300301 -0.0160618
v 0.357779 0.275673 0.00494865
v 0.0784526 0.33138 -0.119438
v 0.0173433 0.303736 -0.00410102
v 0.0719872 0.31668 -0.0299436
v 0.423728 0.260872 -0.128154
v 0.336781 0.289682 -0.0491663
v 0.337532 0.285048 -0.0191205
v 0.363547 0.274826 0.00887778
v 0.371106 0.277957 0.0134799
v -0.0131753 0.289477 -0.17007
v 0.0564607 0.314886 -0.0152335
v 0.379731 0.268845 -0.164458
v 0.364501 0.27649 -0.18306
v 0.343193 0.275799 -0.186189
v 0.0692337 0.305304 -0.0654633
v 0.0454983 0.314152 -0.174756
v -0.0637387 0.303483 -0.108527
v -0.0575387 0.296451 -0.0602855
v -0.041158 0.289647 -0.0302356
v 0.037864 0.309528 0.00252541
v 0.426812 0.275753 -0.0185503
v 0.430308 0.292105 -0.0333009
v 0.443187 0.281103 -0.0610835
v 0.0239751 0.314332 -0.193075
v -0.0235452 0.311336 -0.0200506
v 0.0774418 0.31964 -0.036831
v 0.448938 0.28336 -0.0946436
v 0.0437707 0.30778 -0.174974
v 0.0369122 0.29509 -0.195877
v -0.0397112 0.313108 -0.0311368
v 0.401857 0.277081 -0.145165
v 0.394777 0.287314 -0.151754
v 0.347895 0.285749 -0.189529
v 0.351566 0.300935 0.00023433
v 0.390083 0.300477 0.0179998
v 0.419799 0.294882 -0.0113308
v 0.0650326 0.306506 -0.155813
v -0.000127978 0.317497 -0.192647
v 0.00848358 0.31484 -0.00713261
v 0.356354 0.270621 -0.188927
v 0.0821999 0.306885 -0.125746
v 0.0810615 0.332092 -0.130459
v 0.0759003 0.323217 -0.155229
v -0.067319 0.311051 -0.0915288
v 0.439123 0.282714 -0.112165
v 0.317613 0.284283 -0.180141
v 0.329634 0.29928 -0.0658323
v 0.442588 0.295621 -0.0676307
v 0.447426 0.289262 -0.0897224
v 0.0627933 0.323715 -0.025431
v 0.0787909 0.33303 -0.0396017
v 0.0767422 0.325839 -0.0523094
v -0.0138826 0.317766 -0.178753
v 0.0442214 0.322351 0.00299888
v 0.296803 0.315141 -0.0986255
v 0.326566 0.306036 -0.0672441
v 0.410124 0.289814 0.00944245
v 0.0528145 0.328797 -0.0180879
v 0.0547013 0.325547 -0.176109
v 0.0221181 0.325229 -0.187389
v 0.0373851 0.333857 0.0101761
v 0.439914 0.290635 -0.111277
v 0.315414 0.304926 -0.183204
v 0.366713 0.309191 0.0118454
v 0.377064 0.308084 0.0168733
v 0.383445 0.297225 0.018204
v 0.429221 0.298002 -0.0348338
v 0.43819 0.290088 -0.053247
v 0.0683883 0.32822 -0.0766122
v 0.0134892 0.320746 -0.194537
v -0.0522009 0.302628 -0.0526821
v 0.0326706 0.341413 0.0132661
v 0.44479 0.29202 -0.102042
v 0.395018 0.30302 -0.15363
v 0.301713 0.308697 -0.0838142
v 0.308968 0.3037 -0.0759128
v 0.334748 0.290004 -0.0338196
v 0.328418 0.307383 -0.0267456
v 0.404304 0.302989 0.0141531
v 0.0409194 0.340171 0.00881764
v 0.0266855 0.317679 -0.186127
v -0.0446672 0.298455 -0.0372681
v 0.330526 0.290296 -0.186267
v 0.30866 0.277046 -0.16704
v 0.412394 0.302725 0.00738462
v 0.0470867 0.327795 -0.00252459
v 0.0706881 0.34566 -0.0719837
v -0.0149895 0.333526 -0.183512
v -0.0296448 0.312682 -0.152548
v 0.300118 0.294439 -0.145834
v 0.295273 0.295325 -0.109566
v 0.328616 0.312247 -0.0496457
v 0.328111 0.321928 -0.0194206
v 0.425104 0.299398 -0.0258864
v 0.056232 0.342567 -0.021353
v 0.0741309 0.330243 -0.0309551
v 0.418699 0.291092 -0.130299
v 0.296345 0.293671 -0.132093
v 0.295212 0.299377 -0.125517
v 0.334547 0.326829 -0.0130184
v 0.433768 0.29977 -0.0489509
v 0.0508664 0.339412 -0.0173876
v 0.0642794 0.341234 -0.0257154
v 0.0783548 0.340877 -0.0525872
v 0.0781212 0.342574 -0.156817
v 0.00451187 0.32125 -0.195128
v -0.0689367 0.324704 -0.0887884
v 0.0188626 0.325092 0.00272157
v 0.396254 0.310357 0.017478
v 0.0705853 0.34082 -0.0963948
v 0.0289305 0.327976 -0.186111
v -0.0653121 0.309999 -0.0694447
v 0.365696 0.291943 -0.183263
v 0.355777 0.313661 0.00455613
v 0.385765 0.317721 0.0184555
v 0.357105 0.287655 -0.188255
v 0.293419 0.319127 -0.109662
v 0.410341 0.313737 0.00990388
v 0.43585 0.306577 -0.056616
v 0.444051 0.308665 -0.0934034
v 0.0617107 0.350759 -0.0200849
v -0.0625712 0.328914 -0.117137
v -0.046531 0.323914 -0.0392327
v 0.000619687 0.335637 -0.00963852
v -0.021172 0.323434 -0.169154
v -0.0478416 0.322392 -0.137098
v -0.000448215 0.345561 -0.00733676
v 0.307786 0.299422 -0.169045
v 0.326247 0.314957 -0.0263319
v 0.422423 0.317043 -0.012846
v 0.439103 0.312914 -0.0697819
v 0.446013 0.304059 -0.0811189
v 0.0696864 0.356288 -0.0801527
v 0.081744 0.33021 -0.139775
v 0.0686754 0.341569 -0.171993
v 0.0641349 0.335921 -0.17368
v 0.0171722 0.341174 -0.189722
v 0.0271127 0.35362 0.0171102
v 0.338214 0.303713 -0.186033
v 0.301372 0.323274 -0.0822916
v 0.390063 0.36013 0.0222488
v 0.397235 0.341299 0.0186843
v 0.0444073 0.349717 -0.0103309
v 0.0808494 0.345587 -0.0413421
v 0.0744104 0.342962 -0.0609308
v 0.00846495 0.336972 -0.189825
v -0.035214 0.343755 -0.153555
v -0.0527501 0.323755 -0.052172
v 0.322741 0.303577 -0.185315
v 0.301431 0.307381 -0.155868
v 0.292236 0.328638 -0.124209
v 0.3194 0.335632 -0.0519689
v 0.361329 0.336294 0.0115683
v 0.428361 0.3083 -0.034975
v 0.039606 0.356174 0.011019
v 0.0691761 0.352033 -0.091734
v -0.0594459 0.321752 -0.121212
v -0.0676245 0.318714 -0.102309
v 0.0146202 0.347339 0.00807187
v 0.434512 0.298928 -0.115605
v 0.359921 0.311632 -0.186231
v 0.350013 0.307027 -0.187193
v 0.311645 0.328034 -0.0709427
v 0.320305 0.331058 -0.0576812
v 0.370829 0.331883 0.0163272
v 0.393897 0.338722 0.0195531
v 0.0757296 0.342088 -0.031562
v 0.0799077 0.355048 -0.035607
v 0.0498301 0.353198 -0.191061
v -0.00141336 0.340688 -0.190146
v -0.00944584 0.339917 -0.188446
v -0.0702113 0.330681 -0.0932887
v 0.368434 0.312932 -0.181345
v 0.400783 0.333624 0.0167617
v 0.0587479 0.364169 -0.00825489
v -0.0248484 0.347307 -0.173076
v -0.072389 0.342596 -0.0854748
v -0.0613056 0.324977 -0.0619989
v -0.0172961 0.338087 -0.0193169
v 0.0139119 0.353269 0.00794017
v 0.373714 0.293534 -0.174134
v 0.376412 0.319651 -0.17369
v 0.294779 0.31577 -0.138542
v 0.314923 0.34854 -0.0261941
v 0.431568 0.325997 -0.0513669
v 0.0489445 0.357805 -0.00996654
v 0.0759462 0.363149 -0.121322
v 0.0425699 0.346181 -0.191126
v -0.0201085 0.351719 -0.180783
v -0.0349639 0.324673 -0.0289449
v -0.0100931 0.353203 -0.0143611
v 0.439427 0.311599 -0.106855
v 0.418799 0.318592 -0.132056
v 0.405543 0.32117 -0.14492
v 0.390302 0.321803 -0.159844
v 0.319622 0.315058 -0.186292
v 0.322395 0.33044 -0.0233277
v 0.34958 0.327243 0.000743595
v 0.0645723 0.362667 -0.0166362
v 0.0812386 0.360446 -0.0502018
v 0.00283798 0.358309 -0.00408978
v 0.035203 0.370065 0.0198058
v 0.433477 0.321225 -0.116501
v 0.293054 0.31796 -0.117102
v 0.0281255 0.352083 -0.195415
v -0.0673876 0.338727 -0.106888
v 0.432917 0.343491 -0.113685
v 0.391461 0.344153 -0.159502
v 0.320373 0.35596 -0.0181564
v 0.41685 0.327406 -0.00207427
v 0.434917 0.326593 -0.0622478
v 0.439807 0.321593 -0.0871906
v 0.0680298 0.357637 -0.0235204
v 0.0766062 0.369042 -0.0294295
v 0.0724917 0.371032 -0.0749345
v 0.00234311 0.350843 -0.189336
v 0.377523 0.327241 0.0178938
v -0.0702763 0.352658 -0.072672
v -0.0552979 0.349492 -0.0507757
v 0.0177184 0.360237 0.00986832
v 0.0410041 0.357627 -0.00324041
v 0.356742 0.338644 -0.186226
v 0.350545 0.320854 -0.18848
v 0.305318 0.328286 -0.16725
v 0.296394 0.319883 -0.148022
v 0.307883 0.356098 -0.0606162
v 0.0841946 0.371803 -0.0405836
v 0.0732287 0.365255 -0.17394
v 0.0634099 0.364646 -0.185326
v -0.00772866 0.356285 -0.188432
v -0.0558999 0.347377 -0.132077
v -0.0722412 0.343626 -0.0978828
v -0.0640081 0.362442 -0.0669804
v -0.048142 0.348173 -0.0402281
v 0.0210524 0.355174 0.0147951
v 0.292414 0.333885 -0.137406
v 0.292567 0.342192 -0.100543
v 0.314152 0.34294 -0.0593017
v 0.30916 0.360823 -0.0282226
v 0.399403 0.347548 0.015659
v 0.428386 0.328158 -0.0295656
v -0.0489943 0.340059 -0.13895
v 0.0304362 0.368774 0.0221439
v 0.0649272 0.373618 -0.00838811
v 0.337301 0.346633 -0.00730196
v 0.350514 0.361355 0.00820889
v 0.40819 0.33517 0.00727893
v 0.424415 0.345357 -0.025673
v 0.433735 0.346246 -0.067003
v 0.437302 0.342314 -0.10095
v 0.0804958 0.380048 -0.0607491
v 0.0793782 0.360101 -0.152919
v -0.028877 0.357496 -0.0270495
v 0.291918 0.358322 -0.088521
v 0.308709 0.360306 -0.0518305
v 0.372739 0.374133 0.0234054
v -0.0763934 0.365087 -0.093081
v -0.0416254 0.355064 -0.0347082
v 0.31546 0.343523 -0.0385442
v 0.34175 0.356085 -0.00108285
v 0.36633 0.377746 0.0221102
v 0.0685262 0.375129 -0.0188568
v -0.0606414 0.352754 -0.0620676
v 0.0259143 0.372786 0.018145
v 0.301935 0.348502 -0.0723336
v 0.0175085 0.363798 -0.197906
v -0.0683654 0.365829 -0.112959
v -0.0721285 0.343289 -0.0760253
v -0.022775 0.37626 -0.0256335
v 0.0138973 0.373206 -0.00420372
v 0.0572842 0.374491 -0.00218156
v 0.368265 0.346912 -0.180772
v 0.329607 0.325896 -0.189566
v 0.32208 0.339909 -0.188627
v 0.314389 0.332566 -0.182729
v 0.29701 0.345425 -0.0826389
v 0.0791048 0.359606 -0.136856
v 0.069786 0.369457 -0.18044
v 0.0385609 0.380827 -0.201311
v 0.0364696 0.375922 0.0143169
v 0.0404206 0.375763 -0.000375285
v 0.342286 0.332762 -0.190185
v 0.429225 0.352366 -0.0428519
v 0.0721774 0.375942 -0.104371
v -0.0299593 0.365705 -0.168279
v 0.382513 0.345693 -0.168301
v 0.292768 0.350589 -0.151707
v 0.382002 0.358038 0.0224441
v 0.432055 0.33642 -0.0553635
v 0.437655 0.339827 -0.0907174
v 0.0279305 0.365875 -0.200526
v -0.0145637 0.358466 -0.185816
v -0.0506342 0.370319 -0.042138
v 0.0209093 0.378937 0.00705349
v 0.289272 0.361514 -0.138789
v 0.415074 0.345729 -0.00935786
v 0.0812677 0.387922 -0.0310825
v 0.0774211 0.37295 -0.167257
v -0.0265975 0.382075 -0.174024
v -0.0610817 0.37587 -0.129871
v 0.420165 0.331585 -0.131426
v 0.074711 0.402939 -0.0110908
v 0.00385113 0.36796 -0.195309
v -0.0672129 0.381619 -0.0685602
v 0.0462366 0.376767 -0.00222712
v 0.392755 0.377084 0.0213515
v 0.397023 0.373079 0.0162518
v 0.0855052 0.381495 -0.0429544
v 0.0783929 0.389058 -0.160841
v -0.00572922 0.367663 -0.191141
v -0.0203246 0.380801 -0.180969
v -0.0533995 0.369379 -0.139671
v -0.0582004 0.380216 -0.0506299
v -0.00348577 0.374194 -0.0161146
v 0.0296761 0.380942 0.0237622
v 0.0368894 0.381276 0.00703037
v 0.0602448 0.39673 0.0064102
v 0.299967 0.339771 -0.163621
v 0.39989 0.362532 0.00794401
v 0.403541 0.361611 -0.000851527
v 0.407561 0.366356 -0.0116198
v 0.0760911 0.382803 -0.0720269
v 0.0735055 0.388951 -0.0870264
v 0.0718464 0.381166 -0.0916205
v 0.0705499 0.388753 -0.186713
v 0.0110043 0.390992 -0.0122533
v 0.399569 0.34689 -0.151487
v 0.341036 0.362273 -0.193965
v 0.309116 0.339931 -0.174519
v 0.29761 0.330553 -0.155761
v 0.294602 0.352893 -0.158854
v 0.287223 0.368921 -0.104783
v 0.288239 0.36825 -0.0956628
v 0.349614 0.38444 0.0146132
v 0.00972533 0.388267 -0.20166
v -0.073065 0.359345 -0.102885
v -0.0411276 0.386836 -0.0361056
v 0.429246 0.36233 -0.113151
v 0.374976 0.349974 -0.174908
v 0.339805 0.382393 0.00631676
v 0.435383 0.366102 -0.0765567
v 0.0874157 0.394609 -0.0504357
v 0.0779072 0.391737 -0.152368
v 0.076782 0.397826 -0.172855
v -0.061183 0.386197 -0.13325
v -0.0612732 0.369012 -0.060956
v -0.0164988 0.389611 -0.0250453
v 0.071021 0.399114 0.00097634
v 0.362152 0.355152 -0.184658
v 0.333158 0.346385 -0.192194
v 0.315775 0.360251 -0.18413
v 0.294384 0.36158 -0.0764459
v 0.293017 0.371953 -0.071434
v 0.308836 0.374047 -0.0218003
v 0.39874 0.375277 0.00963165
v 0.43125 0.354701 -0.0588762
v 0.436921 0.360994 -0.091088
v 0.0660561 0.390878 0.00227507
v 0.302655 0.372285 -0.051355
v 0.379463 0.376783 0.0244038
v 0.423929 0.361843 -0.0344445
v 0.073662 0.396299 -0.183042
v 0.0367733 0.393697 0.00634191
v 0.0742022 0.405047 -0.110076
v 0.0758101 0.387283 -0.127357
v 0.0247872 0.385404 -0.203954
v -0.048748 0.4069 -0.151412
v -0.0538981 0.393539 -0.144097
v -0.0754613 0.391978 -0.11261
v 0.0130745 0.402212 -0.00567337
v 0.0752648 0.409799 -0.10228
v 0.0225685 0.39415 0.0230175
v 0.314934 0.370437 -0.185445
v 0.301469 0.362486 -0.173089
v 0.360233 0.375223 0.0186371
v 0.399827 0.384334 -0.00436761
v 0.0735586 0.406895 0.000928492
v 0.0879942 0.400523 -0.0378193
v 0.0607396 0.400417 -0.199497
v -0.0756949 0.382719 -0.0775138
v 0.0320131 0.417847 0.0140841
v 0.420479 0.360981 -0.12619
v 0.300847 0.378365 -0.0342941
v 0.090912 0.421522 -0.0334627
v 0.0426487 0.391975 -0.202865
v -0.065493 0.400979 -0.0639438
v 0.353768 0.381378 -0.190681
v 0.328929 0.378471 -0.193918
v 0.284526 0.38756 -0.0866388
v 0.407647 0.380237 -0.021728
v 0.430232 0.384781 -0.0718282
v 0.0850415 0.402054 -0.0304702
v 0.0851483 0.399988 -0.0586162
v 0.0661685 0.392358 -0.192726
v 0.0169832 0.396351 0.0137578
v 0.0707929 0.425252 0.0160016
v 0.412362 0.382756 -0.13299
v 0.364828 0.384437 -0.183846
v 0.286293 0.378092 -0.136376
v 0.288682 0.359269 -0.114688
v 0.38525 0.390755 0.0255691
v 0.077669 0.399491 -0.0199693
v 0.00578133 0.406319 -0.202129
v -0.0108688 0.395875 -0.189189
v -0.0541777 0.396886 -0.045658
v 0.0090395 0.421095 0.0101501
v 0.030946 0.410053 0.0190675
v 0.321669 0.372719 -0.190171
v 0.296171 0.373816 -0.171455
v 0.288934 0.380786 -0.155847
v 0.344946 0.402625 0.0152955
v 0.0783565 0.412957 -0.0885893
v 0.0552573 0.388834 -0.198423
v -0.0256808 0.414373 -0.176611
v -0.0795298 0.384937 -0.0967745
v -0.0604801 0.410661 -0.0531847
v 0.0300024 0.395143 0.023824
v 0.0455523 0.427721 0.0112926
v 0.292099 0.401158 -0.0342642
v 0.393679 0.403964 0.0205287
v 0.0760879 0.429991 0.00900996
v 0.0454924 0.407495 0.00549684
v 0.0625501 0.423878 0.0170711
v 0.406953 0.358931 -0.14232
v 0.378142 0.372438 -0.171527
v 0.293003 0.387031 -0.172001
v 0.295087 0.387498 -0.0536198
v 0.29854 0.392336 -0.0251293
v 0.32303 0.396638 -0.00348849
v 0.0807793 0.423707 -0.0157465
v 0.0297191 0.410758 -0.209758
v 0.318297 0.381045 -0.0114905
v 0.386653 0.420028 0.0237503
v 0.432641 0.374263 -0.100336
v 0.0758477 0.427232 -0.121452
v 0.00801782 0.412993 -0.0147543
v 0.378215 0.409101 0.028108
v 0.0760052 0.409338 -0.164475
v -0.0772943 0.406847 -0.0844241
v 0.00291719 0.395411 -0.0187913
v 0.00791421 0.4317 -0.0108008
v 0.426361 0.387946 -0.115943
v 0.389685 0.385972 -0.157355
v 0.346606 0.373167 -0.193169
v 0.33629 0.396277 0.00669607
v 0.399794 0.402141 0.00484834
v 0.429026 0.369845 -0.0613097
v 0.433155 0.379301 -0.0919478
v 0.0722938 0.417528 -0.188918
v -0.0655435 0.404909 -0.131028
v 0.280365 0.400195 -0.104617
v 0.321193 0.422451 0.00389485
v 0.408502 0.393012 -0.0306405
v 0.0924176 0.419159 -0.0438021
v 0.0878859 0.42343 -0.0649675
v -0.0467269 0.386403 -0.0393283
v 0.00564308 0.43828 0.0220962
v 0.0378532 0.419994 0.00897866
v 0.054166 0.434339 0.0192291
v 0.303434 0.38439 -0.185209
v 0.397206 0.400389 0.0163862
v 0.0933954 0.433381 -0.0516716
v 0.0749945 0.413527 -0.13197
v -0.0356741 0.417694 -0.165819
v -0.0680567 0.403422 -0.068963
v -0.0290758 0.399872 -0.031817
v 0.00252692 0.414821 -0.0205001
v 0.0229883 0.413466 0.0264898
v 0.321812 0.383963 -0.193791
v 0.287974 0.395644 -0.155625
v 0.284638 0.39002 -0.13109
v 0.0122246 0.414258 -0.206112
v -0.0790861 0.409186 -0.0979604
v 0.372545 0.381781 -0.17759
v 0.338669 0.384626 -0.195941
v 0.421723 0.384476 -0.0504059
v 0.433255 0.389822 -0.0988874
v 0.0787463 0.43085 -0.106228
v 0.0639436 0.421656 -0.204149
v 0.00296588 0.44084 0.0101816
v 0.0147611 0.42014 0.025058
v 0.0342055 0.421313 0.0113016
v 0.282119 0.40123 -0.0702035
v 0.283646 0.417323 -0.046189
v 0.309584 0.410607 -0.00775018
v 0.415116 0.387822 -0.0384155
v 0.0903973 0.434817 -0.0266675
v -0.0714699 0.433355 -0.0765706
v 0.381549 0.382497 -0.166964
v 0.294798 0.399228 -0.181896
v 0.355307 0.415331 0.0254139
v 0.376122 0.401524 0.027738
v 0.405752 0.402017 -0.0300052
v 0.0816982 0.427632 -0.0903531
v 0.0739767 0.436675 -0.140448
v 0.0412247 0.413225 -0.209865
v 0.0386381 0.4407 0.0142967
v 0.406452 0.392764 -0.138899
v 0.381827 0.40246 -0.166188
v 0.273547 0.426788 -0.121908
v 0.371618 0.430111 0.0301432
v 0.430618 0.407891 -0.0884589
v 0.0755604 0.442839 0.0162905
v 0.091922 0.439981 -0.064952
v 0.0741721 0.420564 -0.178398
v 0.032622 0.423412 -0.212298
v -0.0134221 0.419827 -0.189587
v -0.0651769 0.422064 -0.130518
v 0.398758 0.402497 -0.145746
v 0.36444 0.435424 0.0315067
v 0.427102 0.404073 -0.110992
v 0.0799953 0.442086 -0.0058559
v 0.346204 0.400602 -0.194884
v 0.275842 0.422681 -0.0788497
v 0.402803 0.403971 -0.0221484
v 0.420644 0.411492 -0.0616915
v 0.0935441 0.434668 -0.0350569
v 0.0561486 0.420714 -0.208567
v -0.0576796 0.426506 -0.0496054
v 0.00361015 0.453168 -0.00924088
v 0.0228515 0.439514 0.0236147
v 0.42761 0.419009 -0.09827
v -0.0167276 0.443519 -0.0324026
v 0.0634081 0.442271 0.0265989
v 0.0705622 0.4508 0.0260012
v 0.302581 0.403381 -0.192586
v 0.290782 0.400786 -0.17355
v 0.288409 0.409788 -0.163575
v 0.284018 0.399558 -0.136937
v 0.282587 0.391078 -0.116889
v 0.278552 0.414108 -0.0640943
v -0.0607225 0.421653 -0.13814
v 0.0237316 0.450802 0.020096
v 0.313717 0.39658 -0.195148
v 0.402187 0.428297 0.00366994
v 0.402956 0.414814 -0.0178009
v 0.0864487 0.441573 -0.085776
v 0.024517 0.44156 -0.210794
v -0.0635856 0.436926 -0.132863
v -0.0767353 0.436689 -0.0901049
v -0.0480553 0.423962 -0.0425475
v -0.0392322 0.422525 -0.0383231
v 0.0154798 0.444728 0.0279853
v 0.0333312 0.457681 0.0209198
v 0.272611 0.427205 -0.110479
v 0.286275 0.419586 -0.0297977
v 0.412128 0.412042 -0.0476325
v 0.0703036 0.433195 -0.193146
v 0.0522249 0.438111 -0.215165
v -0.00160374 0.417006 -0.198993
v -0.00498265 0.442959 -0.198467
v -0.0317835 0.434976 -0.172052
v -0.0451831 0.429362 -0.156172
v -0.0496735 0.449813 -0.152709
v 0.370305 0.405567 -0.179338
v 0.292182 0.423145 -0.189509
v 0.280852 0.427245 -0.0460485
v 0.30228 0.401078 -0.0168113
v 0.42726 0.407583 -0.0741914
v 0.00527805 0.440662 -0.204203
v -0.021571 0.423225 -0.181968
v 0.00266422 0.458574 0.0279121
v 0.0525124 0.452278 0.0299912
v 0.421924 0.412482 -0.119639
v 0.404505 0.425645 -0.00633412
v 0.0678629 0.428512 -0.1999
v -0.0773408 0.43243 -0.101845
v -0.0214736 0.423665 -0.0317104
v 0.352875 0.40909 -0.192545
v 0.273377 0.426182 -0.0983284
v 0.094037 0.454961 -0.0668623
v -0.0763739 0.44717 -0.105305
v -0.06486 0.435994 -0.065705
v 0.298446 0.421916 -0.196647
v 0.272133 0.436742 -0.0600046
v 0.340304 0.43812 0.0246854
v 0.349372 0.442092 0.031098
v 0.397412 0.432847 0.0120128
v 0.405074 0.425662 -0.0329574
v 0.0781633 0.460428 0.0138895
v 0.0837576 0.463684 -0.00461199
v 0.0976527 0.457556 -0.0393724
v -0.0665521 0.457332 -0.0713446
v 0.0105728 0.463892 0.0259119
v 0.0340618 0.474193 0.0339547
v 0.317784 0.410948 -0.19605
v 0.388998 0.462133 0.0145669
v 0.0866894 0.451686 -0.0148041
v 0.0690799 0.456224 -0.163918
v 0.0646759 0.456657 -0.201913
v -0.000686109 0.454125 0.0205358
v 0.0259717 0.456121 0.0191308
v 0.415173 0.413712 -0.126907
v 0.332984 0.3988 -0.198247
v 0.282715 0.420677 -0.147428
v 0.363509 0.420101 0.0294304
v 0.407555 0.427646 -0.0470748
v 0.412745 0.428172 -0.0583427
v 0.422043 0.428887 -0.0739638
v -0.0751442 0.454579 -0.0885354
v -0.0609976 0.441063 -0.0548633
v 0.000893869 0.455989 -0.0179672
v 0.0168796 0.473552 0.0250513
v 0.346379 0.416855 -0.195666
v 0.311354 0.428332 -0.197304
v 0.281118 0.437644 -0.0283633
v 0.389547 0.432912 0.0195501
v 0.407682 0.442441 -0.0244061
v 0.0942438 0.461744 -0.0252505
v 0.0507906 0.452762 -0.21898
v 0.388256 0.417241 -0.155089
v 0.359084 0.4019 -0.188622
v 0.306081 0.439513 0.00128067
v 0.3372 0.453446 0.0299268
v 0.380139 0.443543 0.0252517
v 0.406477 0.447118 -0.0145014
v 0.0968427 0.459071 -0.0558613
v -0.0423046 0.446372 -0.162394
v -0.0440073 0.467905 -0.0454895
v -0.00440495 0.462917 0.00694278
v 0.0569236 0.464426 0.0365728
v 0.319088 0.426434 -0.195481
v 0.330867 0.437204 0.0170676
v 0.0741426 0.426583 -0.169868
v -0.00331651 0.450921 -0.0242986
v -0.00540616 0.462914 0.0146266
v 0.0040734 0.477076 0.0281476
v 0.379344 0.434202 -0.169542
v 0.274149 0.434956 -0.132471
v 0.294036 0.442046 -0.00750234
v 0.0989658 0.486445 -0.0646585
v 0.405613 0.432251 -0.133626
v 0.285166 0.459016 -0.00907963
v 0.292886 0.41754 -0.019168
v 0.409108 0.443387 -0.0563733
v 0.425923 0.429763 -0.102665
v 0.0695479 0.442705 -0.188606
v 0.0628748 0.447756 -0.208609
v 0.0339071 0.441782 -0.214111
v -0.0357513 0.456213 -0.169896
v -0.0454074 0.462471 -0.158819
v -0.061998 0.45507 -0.13382
v -0.0102178 0.48066 0.0221852
v -0.00326928 0.472844 0.0270487
v 0.0375274 0.485367 0.0422478
v 0.419341 0.438442 -0.119612
v 0.280593 0.454727 -0.0170157
v 0.425698 0.428436 -0.0920751
v 0.071798 0.475853 0.0283788
v 0.0870091 0.48747 -0.00293877
v 0.0800062 0.449601 -0.11381
v 0.0445979 0.448772 -0.218683
v -0.0278794 0.458834 -0.178549
v -0.0711147 0.45817 -0.115962
v -0.0125473 0.480766 0.0124235
v 0.0665513 0.456554 0.0314425
v 0.390614 0.435341 -0.152312
v 0.375958 0.426877 -0.17359
v 0.287809 0.431617 -0.168545
v 0.269019 0.441316 -0.113994
v 0.277158 0.45092 -0.0256183
v 0.364762 0.465766 0.032425
v 0.378977 0.479191 0.0197814
v 0.423952 0.42824 -0.112508
v 0.0919116 0.4734 -0.08833
v 0.0630431 0.472745 -0.19885
v -0.0119436 0.460486 -0.192708
v -0.017506 0.445672 -0.188686
v -0.0539259 0.47053 -0.147443
v -0.0172085 0.475856 -0.0337845
v -0.00231363 0.472415 -0.0107094
v -0.00765036 0.486713 0.0285451
v 0.344716 0.467814 0.0363373
v 0.0991945 0.483146 -0.0346175
v 0.0995943 0.480731 -0.0467598
v 0.0955761 0.479453 -0.078309
v 0.0749323 0.452967 -0.1312
v 0.0550993 0.458811 -0.217301
v -0.0561126 0.454773 -0.0505264
v -0.0196982 0.465649 -0.0348617
v 0.346419 0.451146 -0.193703
v 0.266013 0.454318 -0.10459
v 0.394484 0.461044 0.00917582
v 0.407419 0.444904 -0.0470662
v 0.0763263 0.474547 -0.125701
v 0.0259897 0.485817 0.0384425
v 0.383292 0.442015 -0.164121
v 0.366707 0.423134 -0.182496
v 0.294745 0.43397 -0.197778
v 0.350301 0.46854 0.0368257
v 0.35585 0.470743 0.0362979
v 0.0797577 0.484642 0.0142359
v 0.0244323 0.469439 -0.210182
v -0.00400805 0.473998 -0.0201614
v 0.327837 0.426198 -0.19681
v 0.270611 0.453568 -0.0462861
v 0.409208 0.463548 -0.0641144
v 0.425999 0.442091 -0.0956225
v 0.0721821 0.500462 0.0304164
v 0.0643033 0.471166 -0.188778
v 0.0568606 0.471833 -0.216136
v -0.0618506 0.458238 -0.0573831
v 0.326449 0.465146 0.0281199
v 0.409496 0.454075 -0.0341571
v 0.0955876 0.478811 -0.0249181
v 0.0105527 0.486573 -0.203243
v -0.0672418 0.466158 -0.0761289
v -0.0505719 0.461924 -0.0478153
v -0.0134637 0.487016 0.00262919
v 0.0119875 0.490276 0.0346801
v 0.0124307 0.499095 0.0369602
v 0.0434652 0.495569 0.0449175
v 0.0513359 0.489342 0.0437708
v 0.299462 0.438764 -0.202807
v 0.267839 0.458478 -0.134901
v 0.336185 0.482446 0.0371133
v 0.349492 0.50786 0.0403243
v 0.41425 0.448771 -0.0688178
v 0.00731607 0.463356 -0.203437
v -0.0600625 0.476911 -0.137889
v -0.0748838 0.464286 -0.0984187
v 0.0812887 0.476064 -0.114814
v 0.0699502 0.463562 -0.150183
v -0.0712675 0.468058 -0.109763
v -0.0677169 0.480821 -0.0806719
v 0.0288326 0.501973 0.0389953
v 0.398552 0.455733 -0.139111
v 0.339335 0.430734 -0.197688
v 0.319909 0.444143 -0.197159
v 0.290916 0.438667 -0.184163
v -0.0719319 0.479886 -0.0917161
v -0.0183819 0.507536 0.0202855
v 0.0573834 0.500523 0.0442348
v 0.362632 0.438645 -0.184998
v 0.275862 0.449671 -0.146138
v 0.265328 0.460798 -0.125823
v 0.294738 0.477785 0.00739754
v 0.42181 0.442841 -0.0813611
v 0.000847891 0.492474 0.0334178
v 0.0421566 0.50406 0.0428017
v 0.263556 0.468446 -0.0618128
v 0.412507 0.476912 -0.0445248
v 0.0628018 0.48198 -0.191081
v 0.0341893 0.472011 -0.21905
v -0.0673445 0.479041 -0.118538
v -0.073747 0.479787 -0.102397
v 0.424724 0.440931 -0.108033
v 0.294424 0.445319 -0.202734
v 0.269222 0.447466 -0.0801513
v 0.40051 0.460254 0.000933681
v 0.403643 0.459103 -0.00478535
v 0.409103 0.464941 -0.0548538
v 0.0811569 0.497788 0.0153313
v 0.100684 0.493222 -0.0544508
v -0.0621879 0.477801 -0.0636606
v -0.0122228 0.490167 -0.0285206
v 0.0541294 0.5113 0.04554
v 0.374437 0.451016 -0.175627
v 0.368036 0.451335 -0.180791
v 0.356258 0.443125 -0.188531
v 0.329074 0.456973 -0.196729
v 0.275154 0.461499 -0.152983
v 0.269738 0.478343 -0.0312679
v 0.276152 0.464674 -0.0214212
v 0.305211 0.469449 0.0149979
v 0.000365404 0.509122 0.0308579
v 0.0619633 0.511785 0.0434965
v 0.0999599 0.508653 -0.0234236
v 0.0997527 0.499659 -0.0785432
v 0.0955703 0.496787 -0.0924992
v 0.0641401 0.485934 -0.168976
v -0.0202898 0.500374 0.00245177
v 0.421484 0.464955 -0.0991571
v 0.413707 0.458327 -0.122827
v 0.293545 0.450438 -0.20092
v 0.280137 0.482616 -0.009629
v 0.40949 0.479519 -0.0224672
v 0.417443 0.473062 -0.0850244
v 0.093388 0.508483 -0.00822689
v 0.0444385 0.467503 -0.222623
v -0.00308435 0.476014 -0.197329
v -0.014217 0.490508 -0.188559
v -0.0251062 0.480412 -0.181541
v -0.0366471 0.488161 -0.171001
v -0.07105 0.493059 -0.103776
v -0.0567172 0.484073 -0.05794
v -0.0184575 0.505746 -0.0359942
v 0.284127 0.439101 -0.156804
v 0.324315 0.487377 0.0327712
v 0.411416 0.468254 -0.0729051
v 0.027954 0.514026 0.0314851
v 0.03889 0.462833 -0.219757
v -0.00857958 0.496696 -0.019634
v 0.291771 0.4669 -0.185615
v -0.0204239 0.504295 0.0127671
v 0.0571345 0.488309 -0.215061
v -0.0609998 0.49905 -0.0710337
v -0.0318991 0.490056 -0.0446121
v 0.387342 0.451778 -0.156966
v 0.335843 0.468786 -0.195146
v 0.326882 0.473703 -0.196183
v 0.312996 0.44474 -0.200435
v 0.304277 0.45714 -0.208454
v 0.263787 0.474611 -0.0519224
v 0.367541 0.477694 0.0303482
v 0.0711013 0.523667 0.0365956
v 0.0679178 0.486239 -0.150507
v -0.0142343 0.508272 -0.0292181
v 0.410655 0.466947 -0.0262862
v 0.416747 0.463517 -0.114312
v -0.0057827 0.519206 0.0241138
v 0.0227191 0.482756 -0.210207
v 0.412923 0.469952 -0.124036
v 0.314491 0.462995 -0.202317
v 0.261892 0.474647 -0.121937
v 0.257721 0.49007 -0.0662821
v 0.289791 0.490987 0.00624236
v 0.386907 0.492902 0.00903772
v -0.0263673 0.518143 0.0143136
v -0.0464108 0.486741 -0.159421
v -0.0482027 0.498392 -0.0550817
v -0.0301966 0.521987 0.00134141
v 0.394859 0.468931 -0.143416
v 0.359076 0.496253 0.0359267
v 0.365286 0.518188 0.0318209
v 0.403959 0.491406 -0.0135323
v 0.414673 0.485258 -0.089202
v 0.01346 0.517924 0.02605
v 0.0298172 0.521808 0.0323408
v 0.0580162 0.526249 0.0446593
v 0.0747985 0.494099 -0.136964
v 0.0395507 0.488516 -0.227147
v -0.0619286 0.490696 -0.124694
v -0.0248348 0.507262 0.00454934
v 0.363005 0.46207 -0.182401
v 0.29829 0.456941 -0.208182
v 0.261628 0.476486 -0.0831201
v 0.342807 0.496987 0.0405718
v 0.410707 0.495772 -0.0737102
v 0.0498039 0.485965 -0.224386
v 0.0139919 0.529856 0.023177
v 0.37932 0.469301 -0.169303
v 0.298198 0.50273 0.0168291
v 0.370717 0.516289 0.0264586
v 0.104888 0.515513 -0.0344328
v 0.0325002 0.489528 -0.223628
v -0.0622572 0.499385 -0.123057
v -0.0656125 0.507506 -0.0871373
v 0.0463782 0.517004 0.0424991
v 0.0489719 0.52904 0.0453893
v 0.354361 0.46727 -0.185947
v 0.283763 0.463312 -0.167072
v 0.32127 0.50704 0.0345919
v 0.376329 0.509798 0.0193859
v 0.397007 0.48025 6.96272e-005
v 0.411566 0.484275 -0.0769957
v -0.0549282 0.492898 -0.145473
v -0.0158614 0.522013 -0.0210068
v 0.342841 0.487857 -0.188471
v 0.265739 0.470678 -0.137089
v 0.25814 0.487782 -0.114239
v 0.392766 0.507101 -0.000147069
v 0.0734176 0.511305 -0.146762
v 0.0604127 0.49587 -0.190455
v 0.332656 0.509587 0.0403099
v 0.0597242 0.508596 -0.186962
v -0.0585063 0.501349 -0.0668116
v -0.0492045 0.513379 -0.0606238
v -0.0346619 0.533964 -0.00319065
v 0.274095 0.499248 -0.0137554
v 0.410814 0.482648 -0.0584776
v -0.0147535 0.516737 0.0228532
v -0.0170673 0.532805 0.0174171
v 0.0396305 0.552241 0.0426153
v 0.0998573 0.51955 -0.0146683
v -0.030281 0.497131 -0.176401
v -0.0566369 0.506378 -0.141142
v -0.0283895 0.52012 -0.0473254
v 0.288344 0.469625 -0.177698
v 0.105973 0.523461 -0.0551614
v 0.0198574 0.499327 -0.209113
v -0.0708955 0.49855 -0.0984338
v -0.0199975 0.529695 -0.0373879
v 0.412961 0.511762 -0.0771573
v 0.412139 0.502439 -0.09331
v 0.414115 0.48671 -0.117333
v 0.295694 0.473535 -0.203874
v 0.292637 0.480177 -0.191195
v 0.26056 0.49288 -0.141198
v 0.408863 0.50642 -0.0259209
v 0.0890398 0.521225 0.0117418
v 0.104275 0.519714 -0.0820942
v 0.0677158 0.50835 -0.157729
v 0.00149918 0.508192 -0.196719
v -0.0176879 0.5076 -0.184741
v -0.0420785 0.5024 -0.166383
v -0.0312333 0.532696 0.0108116
v -0.000744454 0.534883 0.0172061
v 0.0192774 0.534655 0.0287677
v 0.0662755 0.53711 0.0362088
v 0.0826467 0.533571 0.0269749
v 0.30313 0.483276 -0.217432
v 0.256898 0.505513 -0.0501366
v 0.403369 0.518991 -0.0170311
v 0.0625274 0.505843 -0.173749
v 0.0543918 0.508458 -0.219308
v 0.413029 0.486765 -0.102557
v 0.374102 0.479747 -0.173034
v 0.271416 0.49043 -0.165692
v 0.267485 0.47798 -0.149631
v 0.254356 0.501487 -0.0637573
v 0.267117 0.503248 -0.0251475
v 0.286642 0.528156 0.00955686
v 0.344892 0.522412 0.0410396
v -0.0295763 0.547867 0.0104309
v 0.0541069 0.553998 0.0330274
v 0.100406 0.535175 -0.00624038
v -0.0476252 0.515122 -0.159555
v 0.410279 0.519189 -0.0295527
v 0.41366 0.502064 -0.0389736
v 0.0934609 0.541391 0.0147665
v 0.101706 0.517781 -0.0949863
v 0.0871996 0.493716 -0.110186
v 0.0571978 0.49962 -0.209948
v -0.0553711 0.523766 -0.0720803
v 0.0359668 0.54221 0.0441733
v 0.0775777 0.536663 0.0307512
v 0.418548 0.512473 -0.0637868
v 0.386319 0.486011 -0.158859
v 0.321343 0.483268 -0.200344
v 0.310586 0.477067 -0.211722
v 0.254537 0.504771 -0.124609
v 0.275861 0.525892 -0.00369216
v 0.0421283 0.495049 -0.228886
v 0.0278794 0.510017 -0.223899
v -0.0457758 0.523503 -0.161388
v 0.361531 0.483432 -0.179651
v 0.350017 0.485922 -0.184406
v 0.302746 0.512743 0.0211107
v 0.0485225 0.506297 -0.22763
v 0.0330567 0.51278 -0.229345
v -0.0519508 0.511558 -0.152286
v -0.06612 0.524681 -0.111944
v 0.0743317 0.545171 0.0304004
v 0.0882055 0.551895 0.0224463
v 0.368398 0.490057 -0.175551
v 0.298085 0.472273 -0.210989
v 0.324708 0.52662 0.0361601
v -0.036822 0.545554 0.000245599
v 0.0261067 0.541435 0.0398124
v 0.0965203 0.550237 0.0127757
v 0.0987611 0.53255 -0.113417
v 0.0639896 0.527218 -0.169453
v 0.016756 0.512573 -0.20783
v -0.0352246 0.508553 -0.172738
v -0.0598888 0.518584 -0.136658
v -0.0171742 0.529198 -0.0268011
v 0.405711 0.504687 -0.130216
v 0.396075 0.494566 -0.142509
v 0.263031 0.514809 -0.0316083
v 0.312357 0.529873 0.0277173
v 0.362353 0.534325 0.0334324
v 0.388208 0.523041 0.00259389
v 0.011193 0.504658 -0.202403
v -0.00199083 0.523364 -0.192652
v -0.0200386 0.523767 -0.18261
v -0.0650035 0.520891 -0.092397
v -0.0311289 0.542563 -0.053394
v 0.411165 0.504085 -0.0848413
v 0.281329 0.485788 -0.176119
v 0.264788 0.525217 -0.0230447
v -0.0651378 0.512232 -0.119161
v 0.414274 0.506574 -0.107463
v 0.321661 0.496396 -0.201277
v 0.374449 0.533244 0.0220963
v 0.417222 0.543288 -0.0573039
v -0.0384844 0.54888 -0.00890361
v 0.109359 0.541517 -0.0218413
v 0.0588539 0.523325 -0.18788
v -0.0624374 0.537957 -0.0942223
v -0.0227606 0.548448 -0.0374186
v 0.38032 0.503568 -0.165932
v 0.310954 0.494751 -0.218956
v 0.260929 0.512209 -0.159864
v 0.329565 0.541749 0.0384914
v 0.381924 0.53475 0.0109101
v 0.0566447 0.522724 -0.206963
v 0.0199013 0.525379 -0.217669
v -0.0466473 0.525717 -0.0622772
v 0.076594 0.55395 0.0280257
v 0.331102 0.493839 -0.193177
v 0.253848 0.515854 -0.0520371
v 0.30371 0.535824 0.0224684
v 0.418933 0.519102 -0.0620338
v 0.0527405 0.527865 -0.220455
v 0.039632 0.519548 -0.232478
v 0.00971962 0.520156 -0.200742
v -0.0246459 0.551922 0.0113944
v 0.0175116 0.57094 0.0412811
v 0.413412 0.514654 -0.109736
v 0.296426 0.494957 -0.206795
v 0.29333 0.497237 -0.19823
v 0.405376 0.54139 -0.0242342
v 0.102856 0.562174 0.00261263
v 0.05781 0.533217 -0.186679
v -0.0442713 0.558326 -0.00835547
v -0.0108962 0.556507 0.0112211
v 0.408992 0.512866 -0.124014
v 0.33863 0.503643 -0.18811
v 0.254259 0.514778 -0.142107
v 0.340205 0.537357 0.0410407
v -0.000272534 0.552785 0.0161082
v 0.0068665 0.57217 0.0344383
v 0.0260434 0.574498 0.0402629
v 0.111603 0.539507 -0.0429721
v -0.0370403 0.525826 -0.169553
v -0.0521498 0.538864 -0.072439
v -0.0340898 0.55649 -0.0217022
v 0.307857 0.520325 -0.224687
v 0.303157 0.498533 -0.220636
v 0.275288 0.511665 -0.1826
v 0.252231 0.50968 -0.0871149
v 0.25045 0.515026 -0.0668443
v 0.410935 0.532798 -0.0868973
v 0.409955 0.526314 -0.0968868
v -0.0360465 0.561592 0.00673367
v 0.00348146 0.563196 0.0240812
v -0.0145153 0.548773 -0.182688
v -0.0244435 0.552841 -0.030499
v 0.279938 0.552041 0.00653668
v 0.335825 0.554623 0.0412298
v 0.417512 0.530878 -0.0726705
v 0.106008 0.536811 -0.0924824
v 0.0467638 0.522519 -0.229165
v -0.0653284 0.532637 -0.1055
v -0.0364897 0.567121 -0.0257645
v 0.364717 0.506976 -0.174885
v 0.328829 0.516071 -0.194058
v 0.322683 0.513671 -0.201348
v 0.298341 0.505708 -0.214185
v 0.0589737 0.564699 0.0315206
v 0.385617 0.555076 0.00300595
v -0.045892 0.576093 -0.00652261
v -0.0136143 0.572605 0.00972376
v -0.0528299 0.542594 -0.151732
v -0.0596018 0.550374 -0.14053
v -0.0465123 0.558078 -0.0710957
v 0.372141 0.517181 -0.171661
v 0.356098 0.548864 0.0370538
v 0.400419 0.542144 -0.0162719
v 0.41329 0.543112 -0.0433577
v 0.0803371 0.571803 0.0258746
v 0.0910234 0.573158 0.0185118
v 0.114414 0.560872 -0.0233348
v 0.107979 0.539208 -0.066767
v -0.00526109 0.53902 -0.188958
v -0.027229 0.542503 -0.176982
v 0.406326 0.531299 -0.111661
v 0.386367 0.516592 -0.155352
v 0.354688 0.499083 -0.178933
v 0.292255 0.518876 -0.206168
v 0.287157 0.50887 -0.194625
v 0.0109612 0.575283 0.0390853
v 0.0864834 0.571576 0.0220714
v 0.105702 0.564494 -0.108786
v -0.0634333 0.552626 -0.118098
v 0.346509 0.505866 -0.181778
v 0.303034 0.519887 -0.224116
v 0.267403 0.547715 -0.0095596
v 0.307872 0.557506 0.0300169
v 0.370468 0.562506 0.0247201
v 0.037622 0.577325 0.0333105
v 0.109156 0.556107 -0.0769514
v 0.101766 0.569256 -0.122765
v -0.00227953 0.544866 -0.190861
v 0.408853 0.536724 -0.0920718
v 0.406299 0.525835 -0.123466
v 0.299406 0.521322 -0.221499
v 0.297012 0.517271 -0.214569
v 0.102998 0.534993 -0.104378
v 0.0294014 0.529477 -0.231552
v -0.052049 0.563698 -0.0802837
v -0.0274185 0.557347 -0.0460385
v -0.0275414 0.569756 -0.0395841
v -0.0364716 0.580251 0.00307753
v 0.416129 0.553411 -0.0744688
v 0.345342 0.542354 -0.174826
v 0.247853 0.526587 -0.129646
v 0.243417 0.533325 -0.0723825
v 0.120579 0.573052 -0.0504601
v 0.107679 0.568986 -0.102386
v -0.0389857 0.543556 -0.167716
v -0.00714636 0.583317 0.0184963
v -0.00172013 0.591415 0.0323589
v 0.334328 0.537288 -0.18562
v 0.243505 0.539065 -0.0564948
v 0.347419 0.545518 0.0409361
v 0.405185 0.56264 -0.032082
v 0.11194 0.544443 -0.0537972
v 0.0943728 0.549679 -0.129775
v 0.0427084 0.54053 -0.23206
v 0.00556223 0.547205 -0.19765
v -0.0343333 0.560983 -0.0579378
v -0.0404788 0.581161 -0.0282336
v -0.0425588 0.567062 -0.0167293
v -0.0467658 0.575483 -0.0145697
v 0.0560183 0.598065 0.0296309
v 0.403466 0.532722 -0.130397
v 0.35142 0.522991 -0.175133
v 0.316182 0.51354 -0.215782
v 0.245603 0.529729 -0.108788
v 0.417854 0.544711 -0.0647892
v 0.0626912 0.538342 -0.174103
v 0.0207525 0.542465 -0.226277
v 0.0131752 0.535987 -0.207085
v -0.00909494 0.60532 0.0250031
v 0.0418472 0.5831 0.031728
v 0.267002 0.510246 -0.170457
v 0.319226 0.578553 0.0386116
v 0.111948 0.558889 -0.0688626
v 0.069492 0.538965 -0.162735
v 0.0490137 0.541781 -0.226639
v 0.376365 0.568629 0.0164283
v 0.0832383 0.539638 -0.143627
v 0.0548532 0.533913 -0.213461
v -0.035347 0.555026 -0.171137
v -0.040348 0.579998 -0.0681549
v -0.0506602 0.588189 -0.0139423
v -0.0490029 0.591258 -0.00740474
v 0.011362 0.592605 0.0386401
v 0.0708804 0.572142 0.0292812
v 0.109545 0.587689 -0.00319782
v 0.409845 0.55258 -0.0875869
v 0.255682 0.525537 -0.160249
v 0.249087 0.530952 -0.146715
v 0.359547 0.593285 0.0314875
v -0.061952 0.569487 -0.136072
v -0.0621695 0.564597 -0.104792
v -0.0314621 0.583522 -0.0446298
v 0.000276106 0.60369 0.0355269
v 0.397791 0.537383 -0.139155
v 0.385993 0.552497 -0.153494
v 0.373013 0.532474 -0.170086
v 0.279108 0.527559 -0.197767
v 0.235511 0.552941 -0.0692109
v -0.0211231 0.540517 -0.18074
v -0.0622443 0.585352 -0.122913
v 0.380038 0.528144 -0.164269
v 0.365308 0.540056 -0.171467
v 0.381676 0.573644 0.00624151
v 0.411746 0.561158 -0.0444547
v -0.0420989 0.555804 -0.164569
v -0.0254598 0.590606 0.0051679
v 0.404477 0.542403 -0.10956
v 0.293931 0.574831 0.0215751
v 0.37265 0.588358 0.0191862
v 0.121567 0.57724 -0.0585607
v 0.0512927 0.558998 -0.21553
v 0.0166458 0.54317 -0.219778
v -0.0599069 0.562747 -0.0951152
v -0.0443544 0.591702 -0.032165
v 0.259411 0.56464 -0.0156256
v 0.389925 0.577717 -0.0127757
v 0.413005 0.5678 -0.0538627
v 0.0345359 0.546524 -0.235208
v -0.0169964 0.562165 -0.180211
v -0.0202709 0.599105 0.00836756
v 0.0186286 0.594187 0.0362634
v 0.0243119 0.625516 0.0283263
v 0.399704 0.555813 -0.133159
v 0.313641 0.520635 -0.22088
v 0.236768 0.55722 -0.0573949
v 0.25614 0.548948 -0.0249551
v 0.316362 0.586985 0.0361663
v 0.340106 0.579418 0.0410368
v 0.414711 0.571488 -0.080583
v 0.049541 0.557875 -0.225815
v -0.0581599 0.571976 -0.148726
v -0.0354473 0.594024 -0.0419042
v 0.0930568 0.597577 0.0125545
v 0.296204 0.537294 -0.220859
v 0.239008 0.545549 -0.0872388
v 0.406025 0.550003 -0.0974187
v 0.11632 0.579541 -0.0191842
v -0.0539721 0.557692 -0.152412
v -0.0498965 0.579608 -0.0818817
v -0.0433536 0.601982 -0.001789
v -0.0155053 0.611482 0.0149045
v 0.061704 0.630189 0.025445
v 0.301799 0.545631 -0.227385
v 0.270333 0.537456 -0.195217
v 0.350985 0.58256 0.0374259
v 0.40297 0.549796 -0.122798
v 0.0936288 0.568761 -0.136217
v 0.054454 0.56004 -0.193291
v 0.35308 0.539484 -0.170818
v 0.290063 0.540133 -0.214229
v 0.275914 0.577271 0.00608899
v 0.411081 0.574453 -0.0520462
v 0.414874 0.576887 -0.0720974
v -0.0525284 0.605439 -0.0204007
v 0.0260112 0.60194 0.0317116
v 0.050721 0.620994 0.027872
v 0.353157 0.60009 0.0335781
v 0.398165 0.580202 -0.0297902
v 0.41274 0.585682 -0.0652938
v -0.00850313 0.620053 0.0279037
v 0.115011 0.595294 -0.0091833
v 0.11832 0.574663 -0.0665606
v 0.081371 0.565975 -0.153217
v 0.063334 0.575805 -0.18321
v 0.00772841 0.560086 -0.206129
v -0.0319319 0.5676 -0.173331
v 0.325375 0.53859 -0.197643
v 0.309732 0.538573 -0.226737
v 0.26568 0.551168 -0.196257
v 0.0684196 0.558275 -0.168051
v 0.0427656 0.565843 -0.235525
v -0.0359358 0.58804 -0.172074
v -0.0489377 0.614573 -0.0105465
v -0.0261505 0.612054 0.004172
v 0.391822 0.558742 -0.145437
v 0.318306 0.539676 -0.217211
v 0.291124 0.55282 -0.220349
v 0.264352 0.53747 -0.187064
v 0.247518 0.549756 -0.162483
v 0.242457 0.545171 -0.138835
v 0.344826 0.601984 0.036461
v 0.0262648 0.564756 -0.23591
v 0.0756067 0.608656 0.0226785
v 0.0840019 0.59895 0.0191125
v 0.380043 0.557065 -0.162948
v 0.374962 0.550871 -0.168165
v 0.36937 0.565202 -0.171199
v 0.360276 0.570455 -0.171504
v 0.329086 0.535432 -0.191447
v 0.248087 0.577476 -0.0276824
v 0.376236 0.60562 0.0101619
v 0.0482079 0.566299 -0.230378
v 0.018888 0.567412 -0.230229
v -0.00169573 0.562068 -0.191864
v -0.0500131 0.596813 -0.0264474
v 0.0389609 0.608214 0.0291751
v 0.261386 0.582829 -0.00919967
v 0.412591 0.583791 -0.0901325
v 0.404875 0.567718 -0.0986652
v 0.128233 0.604053 -0.042719
v 0.0318608 0.568987 -0.239017
v -0.0323628 0.581721 -0.0543909
v 0.365169 0.557779 -0.171558
v 0.278101 0.544353 -0.206723
v 0.23947 0.55299 -0.134265
v 0.239528 0.549869 -0.114093
v 0.236195 0.55758 -0.105458
v 0.392074 0.598415 -0.0256365
v 0.122936 0.586256 -0.0708526
v 0.0142574 0.567588 -0.223463
v -0.0563135 0.586196 -0.0955768
v 0.00842114 0.62078 0.0323176
v 0.274682 0.593776 0.00491877
v 0.365088 0.593946 0.0270731
v 0.128877 0.593946 -0.0549527
v 0.109937 0.577925 -0.0918209
v 0.0945855 0.577179 -0.139467
v 0.0388734 0.572777 -0.239101
v 0.00228477 0.567091 -0.197477
v -0.0126877 0.575272 -0.183891
v -0.0590569 0.591676 -0.14393
v -0.0444651 0.597075 -0.0799276
v 0.343725 0.563742 -0.173977
v 0.254236 0.544318 -0.17366
v 0.235403 0.568116 -0.143552
v 0.383419 0.610219 -0.00539512
v -0.0461876 0.60723 -0.0389813
v -0.0430632 0.622472 -0.00704802
v -0.0163042 0.599842 0.0119523
v 0.110815 0.60297 -0.00487555
v 0.323016 0.553532 -0.208557
v 0.308842 0.558063 -0.229701
v 0.271944 0.558073 -0.203291
v 0.298902 0.596968 0.0232591
v 0.370265 0.637065 0.0111735
v 0.40022 0.572334 -0.130325
v -0.0253436 0.573625 -0.176318
v 0.00204507 0.627749 0.031001
v 0.395545 0.580681 -0.139344
v 0.328345 0.568623 -0.194938
v 0.315417 0.55379 -0.224525
v 0.226901 0.574811 -0.0681305
v 0.414085 0.604438 -0.078657
v 0.108123 0.583451 -0.118728
v 0.0985129 0.591889 -0.143926
v 0.0785494 0.579318 -0.162873
v 0.0593931 0.593845 -0.200108
v -0.036744 0.595494 -0.067031
v 0.0524753 0.634744 0.0269084
v 0.254858 0.589062 -0.0163139
v 0.330633 0.605951 0.0381907
v 0.409211 0.593783 -0.0594096
v -0.0289145 0.639654 0.000452408
v 0.112891 0.580002 -0.0844986
v 0.052946 0.577253 -0.218936
v -0.0618403 0.590308 -0.110783
v 0.223778 0.585368 -0.067318
v 0.243567 0.591433 -0.032435
v 0.310164 0.611698 0.0269894
v 0.382788 0.586091 0.000787541
v 0.402285 0.603506 -0.0497645
v 0.0973532 0.619158 0.00635952
v 0.104364 0.591463 -0.13577
v 0.0564669 0.587951 -0.206875
v -0.0398037 0.572135 -0.168638
v 0.402551 0.583752 -0.103232
v 0.400997 0.57521 -0.113661
v 0.383306 0.579391 -0.158361
v 0.246939 0.573011 -0.182072
v -0.0107018 0.58677 -0.186134
v -0.0538004 0.63025 -0.0215904
v -0.0190953 0.638438 0.0154409
v 0.119172 0.628239 -0.0132201
v 0.397999 0.603229 -0.113652
v 0.348327 0.558625 -0.1719
v 0.232505 0.577261 -0.132262
v 0.231485 0.571196 -0.111934
v 0.221521 0.580122 -0.0854689
v 0.389066 0.621405 -0.0203758
v -0.0114427 0.611339 -0.188759
v -0.02492 0.595754 -0.177478
v -0.0498012 0.582758 -0.160565
v -0.0467965 0.614508 -0.0887318
v -0.0325071 0.632824 -0.00297494
v 0.342242 0.587451 -0.175255
v 0.278025 0.580458 -0.213803
v 0.25077 0.604854 -0.0176665
v 0.133853 0.605305 -0.0730242
v 0.118359 0.599403 -0.0968622
v 0.00239356 0.597248 -0.203542
v -0.0379357 0.62387 -0.0578922
v 0.0254929 0.63986 0.0267269
v 0.36179 0.590483 -0.172979
v 0.285924 0.565637 -0.214973
v 0.267093 0.566054 -0.202862
v 0.235739 0.581274 -0.0489632
v 0.348852 0.621969 0.0301794
v 0.137556 0.612141 -0.0706955
v -0.0417347 0.602863 -0.169491
v -0.0617375 0.603007 -0.131352
v -0.0547494 0.62736 -0.0338667
v 0.0119729 0.641011 0.0272593
v 0.0830196 0.632055 0.0147151
v 0.372364 0.587356 -0.170871
v 0.305032 0.562704 -0.230934
v 0.299814 0.572251 -0.23075
v 0.253706 0.566562 -0.189855
v 0.242361 0.570859 -0.169613
v 0.233824 0.580551 -0.151377
v 0.266678 0.612577 -0.00185037
v 0.331125 0.6258 0.0330192
v 0.413799 0.600655 -0.0879491
v 0.00537661 0.590005 -0.208843
v -0.000116149 0.642517 0.027467
v 0.332908 0.585729 -0.186102
v 0.229168 0.599296 -0.054773
v 0.29338 0.619472 0.0154049
v 0.39582 0.62551 -0.038591
v 0.129837 0.602594 -0.0791222
v 0.0854396 0.592153 -0.159475
v 0.0354971 0.589401 -0.242603
v 0.02367 0.575448 -0.236668
v -0.0631583 0.607168 -0.121411
v 0.0172114 0.657337 0.0236862
v 0.0732096 0.632277 0.0203145
v 0.238386 0.56774 -0.155686
v 0.220164 0.598797 -0.068334
v 0.36389 0.628761 0.0195533
v 0.408625 0.607881 -0.0641956
v 0.12289 0.613261 -0.022329
v 0.13358 0.615692 -0.0532656
v 0.0717535 0.5841 -0.173612
v 0.0152347 0.586595 -0.229832
v -0.00577272 0.593346 -0.191308
v 0.127887 0.629281 -0.0291481
v 0.390532 0.598337 -0.149703
v 0.354317 0.587701 -0.171365
v 0.349625 0.598088 -0.171872
v 0.236658 0.609002 -0.0373201
v 0.382117 0.638676 -0.00724306
v 0.0474111 0.590066 -0.237456
v -0.0615529 0.610916 -0.115243
v 0.409536 0.603182 -0.0964988
v 0.395155 0.592156 -0.137802
v 0.339543 0.623379 0.0328694
v 0.132226 0.620911 -0.10266
v -0.0186744 0.600089 -0.18194
v -0.0355509 0.618205 -0.0645022
v -0.0504551 0.643469 -0.0185461
v 0.107128 0.628692 -0.00230209
v 0.256148 0.574693 -0.198025
v 0.412925 0.632942 -0.0790946
v 0.087418 0.601621 -0.162197
v 0.0521939 0.58462 -0.226802
v -0.054465 0.603521 -0.155951
v -0.0514582 0.643421 -0.0486329
v 0.0424393 0.637996 0.0271169
v 0.394532 0.610639 -0.127924
v 0.327955 0.598823 -0.198442
v 0.317967 0.571282 -0.223134
v 0.245949 0.619576 -0.0225214
v 0.111782 0.602444 -0.132774
v -0.0575249 0.605228 -0.150554
v -0.0629295 0.622926 -0.130388
v -0.0432154 0.657351 -0.0740429
v -0.00857497 0.643106 0.0249737
v 0.117222 0.600976 -0.0143281
v 0.346127 0.604576 -0.173125
v 0.327131 0.582668 -0.200148
v 0.31172 0.585638 -0.232332
v 0.355303 0.625753 0.0260359
v 0.0259469 0.594517 -0.24028
v 0.0118201 0.591961 -0.22477
v -0.0382733 0.631007 -0.175704
v -0.0474234 0.623576 -0.167026
v -0.0457459 0.659404 -0.016394
v 0.337963 0.572313 -0.178991
v 0.306063 0.581027 -0.233914
v 0.377022 0.640576 0.00181371
v 0.0445909 0.604099 -0.242664
v -0.00173437 0.614861 -0.199391
v -0.0611778 0.626368 -0.121273
v -0.0487847 0.632262 -0.0976153
v -0.0440334 0.629432 -0.0525651
v 0.396219 0.618046 -0.115058
v 0.263367 0.599783 -0.214816
v 0.226966 0.590609 -0.127819
v 0.323375 0.622776 0.0327852
v 0.0525247 0.608335 -0.237349
v -0.0033637 0.602028 -0.195428
v 0.0597058 0.654466 0.0222916
v 0.401775 0.611295 -0.106429
v 0.393532 0.614468 -0.143664
v 0.382814 0.618517 -0.16152
v 0.377887 0.58198 -0.165907
v 0.244915 0.591962 -0.193046
v 0.239224 0.600343 -0.186693
v 0.233727 0.58931 -0.162474
v 0.255266 0.633909 -0.011487
v 0.397782 0.641046 -0.0400563
v 0.412056 0.638513 -0.0958959
v 0.114222 0.595544 -0.10098
v 0.111693 0.592926 -0.106289
v -0.0563309 0.623189 -0.108695
v -0.0401465 0.637513 -0.0689045
v -0.0232962 0.656452 0.0113546
v 0.0759349 0.66091 0.0156598
v 0.0862984 0.653989 0.00989321
v 0.366444 0.614289 -0.173963
v 0.316232 0.599416 -0.229512
v 0.289298 0.593533 -0.223932
v 0.246572 0.602588 -0.201892
v 0.284281 0.636129 0.00738241
v 0.115397 0.612063 -0.131483
v 0.10684 0.616573 -0.155048
v -0.0294649 0.614401 -0.178277
v -0.0393425 0.627816 -0.0784909
v -0.0554743 0.645023 -0.0308797
v 0.00304221 0.658543 0.0224795
v 0.320898 0.60287 -0.2219
v 0.296811 0.593711 -0.230243
v 0.216175 0.601033 -0.0802852
v 0.357653 0.65551 0.0170594
v 0.414394 0.621463 -0.0894283
v -0.051949 0.626746 -0.161223
v -0.0634211 0.632482 -0.133776
v -0.0618965 0.641969 -0.125324
v -0.0405115 0.643919 -0.0815311
v -0.0547299 0.647225 -0.0424569
v -0.0560871 0.664085 -0.0444152
v -0.0461162 0.673977 -0.0191536
v -0.0340563 0.663213 -0.00242072
v 0.126958 0.646112 -0.0234001
v 0.225238 0.612595 -0.0570932
v 0.297005 0.64456 0.0148772
v 0.318965 0.646381 0.0255502
v 0.382311 0.648974 -0.00886925
v 0.40507 0.63469 -0.0603811
v 0.121225 0.62258 -0.12152
v 0.109647 0.611529 -0.14636
v 0.0651221 0.60209 -0.191833
v -0.0323174 0.639711 -0.180746
v -0.0194036 0.664437 0.0138788
v 0.0495257 0.667385 0.023104
v 0.392626 0.622368 -0.138071
v 0.280689 0.59991 -0.221013
v 0.232876 0.601438 -0.172197
v 0.217876 0.602228 -0.1124
v 0.139247 0.621175 -0.0880137
v 0.11769 0.638924 -0.0107801
v 0.324389 0.612589 -0.210772
v 0.306185 0.603137 -0.236122
v 0.299911 0.595109 -0.233356
v 0.239742 0.633921 -0.0272606
v 0.414566 0.634483 -0.0858272
v 0.141207 0.621251 -0.0812727
v 0.0973693 0.607704 -0.157006
v -0.0617358 0.627283 -0.141295
v 0.113423 0.648494 -0.00660234
v 0.139107 0.622582 -0.064359
v 0.330883 0.61129 -0.190141
v 0.228777 0.599442 -0.154366
v 0.336822 0.645905 0.026661
v 0.115404 0.633595 -0.156527
v 0.0835725 0.618584 -0.174661
v 0.0564472 0.608796 -0.230401
v -0.0534571 0.651073 -0.0249966
v -0.0216817 0.682097 0.00917811
v -0.0145497 0.67273 0.0150217
v -0.00691218 0.666879 0.0188116
v 0.0321474 0.669523 0.0232219
v 0.103332 0.664623 0.00092022
v 0.398771 0.627752 -0.11167
v 0.378193 0.633666 -0.166213
v 0.363579 0.604321 -0.174115
v 0.355468 0.618041 -0.17324
v 0.301712 0.603583 -0.235248
v 0.289667 0.611054 -0.227542
v 0.214195 0.607496 -0.100585
v 0.213314 0.618673 -0.0747852
v 0.269327 0.63427 -0.00159366
v 0.351407 0.674628 0.0159764
v 0.394349 0.657034 -0.032985
v 0.0770114 0.607829 -0.177333
v 0.0109032 0.673987 0.019863
v 0.142946 0.636102 -0.104468
v 0.015538 0.614119 -0.232317
v 0.0059822 0.620589 -0.213866
v -0.0625911 0.649579 -0.141322
v 0.0281198 0.684296 0.0204459
v 0.0649555 0.677322 0.018812
v 0.226308 0.633323 -0.0449334
v 0.363044 0.662212 0.0115105
v 0.337063 0.618015 -0.180208
v 0.226194 0.617599 -0.169636
v -0.0438125 0.655283 -0.0945543
v -0.0327287 0.680426 -0.00277414
v 0.0819905 0.669341 0.0124136
v 0.122644 0.673678 -0.0118191
v 0.124051 0.651648 -0.0173205
v 0.409164 0.652661 -0.0653328
v 0.0605798 0.613311 -0.215002
v -0.0474717 0.652804 -0.101744
v 0.0468942 0.682294 0.0214531
v 0.134949 0.644159 -0.0421862
v 0.371748 0.610103 -0.171586
v 0.313869 0.624282 -0.233719
v 0.0377125 0.616385 -0.246535
v 0.00286135 0.62874 -0.209111
v -0.0208873 0.620056 -0.183395
v -0.0265098 0.695986 0.00257771
v 0.213582 0.63363 -0.0601103
v 0.398493 0.67795 -0.0447232
v 0.392712 0.639677 -0.123955
v 0.359944 0.629253 -0.174377
v 0.0705014 0.622702 -0.191624
v 0.0635744 0.628047 -0.209558
v 0.0590584 0.622893 -0.229302
v 0.113471 0.675028 -0.00370989
v 0.257815 0.669331 -0.00741366
v 0.404291 0.668559 -0.0542277
v 0.395585 0.652547 -0.114626
v 0.2202 0.610545 -0.135851
v 0.0889057 0.623572 -0.172898
v 0.0636834 0.615596 -0.2027
v 0.024185 0.608835 -0.241664
v 0.0127292 0.62422 -0.228544
v -0.0492067 0.651248 -0.168435
v 0.143621 0.641472 -0.0630159
v 0.21843 0.642254 -0.0532593
v 0.278648 0.664765 0.00223035
v 0.339746 0.674595 0.0194693
v 0.302699 0.625852 -0.236998
v 0.208479 0.624818 -0.0872324
v 0.14704 0.634032 -0.0824171
v 0.123985 0.633041 -0.129216
v 0.100183 0.627799 -0.168222
v -0.0183821 0.646955 -0.189366
v -0.0594877 0.644169 -0.15151
v -0.0570644 0.656752 -0.11777
v 0.134406 0.668485 -0.0320407
v 0.246786 0.652448 -0.0165118
v 0.351535 0.64101 -0.172752
v 0.329019 0.631056 -0.193041
v 0.224268 0.615976 -0.160804
v 0.212628 0.617514 -0.116873
v -0.0425904 0.647495 -0.174669
v -0.055014 0.658985 -0.162178
v -0.0537958 0.679576 -0.0623165
v -0.00929607 0.694619 0.0121687
v 0.101191 0.68047 0.00443349
v 0.321342 0.669333 0.0203543
v 0.356689 0.681088 0.0120323
v 0.368216 0.644605 -0.172538
v 0.279142 0.624207 -0.226292
v 0.153522 0.649222 -0.0908323
v 0.110774 0.634566 -0.164237
v -0.00816418 0.637868 -0.195454
v -0.0587507 0.666221 -0.154481
v -0.0618307 0.667716 -0.137172
v 0.28799 0.657761 0.00803291
v 0.413234 0.658203 -0.0861878
v 0.397117 0.67013 -0.107893
v 0.391041 0.645727 -0.137979
v 0.390937 0.638846 -0.151702
v 0.258409 0.592246 -0.208551
v 0.114792 0.624566 -0.147204
v 0.0581166 0.641066 -0.240595
v 0.0307952 0.614216 -0.245782
v -0.051497 0.679117 -0.029193
v 0.409891 0.65853 -0.0932372
v 0.388846 0.654078 -0.158255
v 0.262193 0.617429 -0.220588
v 0.212158 0.622539 -0.127175
v -0.0608917 0.666465 -0.12977
v -0.0573365 0.700909 -0.0613484
v -0.0415931 0.698591 -0.0202441
v 0.113036 0.684036 -0.00296998
v 0.292283 0.675443 0.00742668
v 0.345351 0.680625 0.0165521
v 0.372544 0.662363 0.00222171
v 0.388681 0.672822 -0.0246112
v 0.295679 0.632136 -0.234365
v 0.248684 0.611389 -0.209342
v 0.229804 0.617662 -0.179305
v 0.14934 0.644274 -0.104171
v 0.0774032 0.63513 -0.188369
v -0.0440084 0.679481 -0.0926453
v 0.142528 0.653877 -0.0544008
v 0.391524 0.641397 -0.145861
v 0.343082 0.62398 -0.175025
v 0.0604518 0.631996 -0.231839
v 0.0275973 0.644577 -0.246684
v -0.0465187 0.675721 -0.106465
v -0.0455675 0.677556 -0.0783644
v -0.0543927 0.686284 -0.0378978
v 0.0450297 0.691283 0.0210243
v 0.083702 0.696302 0.0127063
v 0.208757 0.6612 -0.0599994
v 0.220412 0.668396 -0.0401129
v 0.233916 0.658412 -0.0276021
v 0.349206 0.669126 -0.175535
v 0.0649231 0.637451 -0.212978
v 0.0205262 0.641701 -0.241241
v -0.014985 0.670482 -0.195382
v -0.0287599 0.664416 -0.188329
v -0.0323307 0.70295 -0.00545085
v -0.0212138 0.701161 0.00604387
v 0.0256312 0.708957 0.0173037
v 0.0475528 0.709224 0.0186146
v 0.0695121 0.704706 0.016379
v 0.130565 0.67785 -0.0217937
v 0.413217 0.668655 -0.0761205
v 0.384832 0.657065 -0.164263
v 0.36197 0.647545 -0.17429
v 0.215092 0.62863 -0.144856
v 0.155057 0.653976 -0.108699
v 0.137296 0.643869 -0.12482
v 0.0424622 0.648897 -0.250622
v -0.0369983 0.661981 -0.182006
v 0.317739 0.687115 0.0140332
v 0.410627 0.676131 -0.0915127
v 0.388989 0.67865 -0.139589
v 0.323455 0.63532 -0.215326
v 0.160951 0.658295 -0.0974556
v 0.119366 0.636164 -0.139821
v 0.0880641 0.66317 -0.193741
v -0.0476706 0.704867 -0.0322504
v 0.0982605 0.696445 0.00566056
v 0.286039 0.684067 0.00206669
v 0.306412 0.648188 -0.238895
v 0.2293 0.629182 -0.187694
v 0.20814 0.628843 -0.118859
v 0.113669 0.635121 -0.161217
v 0.0506724 0.631133 -0.244659
v -0.0603933 0.687856 -0.14341
v -0.0549622 0.710489 -0.0499686
v -0.0111839 0.72039 0.00731952
v 0.390425 0.666875 -0.125677
v 0.332034 0.636872 -0.185932
v 0.20277 0.642144 -0.113734
v 0.200058 0.651262 -0.0932359
v 0.103127 0.645138 -0.176305
v 0.00457841 0.639817 -0.213503
v -0.00443606 0.665628 -0.202932
v 0.128934 0.687616 -0.0167775
v 0.147284 0.673853 -0.0567881
v 0.379491 0.698701 -0.0141742
v 0.38896 0.685347 -0.0287976
v 0.411506 0.687692 -0.0757129
v 0.394551 0.679057 -0.111297
v 0.337689 0.637353 -0.179262
v 0.287659 0.634893 -0.230826
v 0.194183 0.665542 -0.108104
v 0.0817704 0.665014 -0.198703
v 0.0632968 0.659582 -0.237529
v 0.0183223 0.660951 -0.239554
v -0.0496798 0.693057 -0.171493
v -0.0569448 0.690256 -0.0483672
v 0.271446 0.704898 -0.00573733
v 0.352449 0.698915 0.0111999
v 0.318725 0.666234 -0.23091
v 0.24053 0.614845 -0.199296
v 0.207899 0.639142 -0.138828
v 0.121583 0.650888 -0.157461
v 0.112675 0.660618 -0.180281
v 0.0697959 0.641716 -0.202801
v -0.0583687 0.677067 -0.125169
v 0.333132 0.685911 0.0162748
v 0.246254 0.641132 -0.222347
v 0.223947 0.629664 -0.177353
v 0.0479221 0.648742 -0.249325
v -0.0487434 0.706156 -0.107366
v -0.0343641 0.722585 -0.0097649
v -0.0168503 0.713797 0.00628536
v 0.0349384 0.7222 0.0175124
v 0.339153 0.695151 0.0144494
v 0.377911 0.663128 -0.169096
v 0.358997 0.671253 -0.174986
v 0.333318 0.662037 -0.185069
v 0.319537 0.635479 -0.226303
v 0.251332 0.640665 -0.224981
v 0.21715 0.638835 -0.167865
v 0.21252 0.640798 -0.152235
v 0.201676 0.651206 -0.13557
v 0.148585 0.661933 -0.13479
v 0.0141949 0.666566 -0.234263
v -0.00965908 0.668881 -0.198501
v -0.0570984 0.67753 -0.15959
v -0.0555059 0.702788 -0.0705949
v 0.411336 0.701323 -0.0899889
v -0.0361852 0.683622 -0.18607
v -0.0495852 0.697423 -0.113509
v 0.249274 0.689646 -0.0128187
v 0.362247 0.698575 0.00598954
v 0.375355 0.695874 -0.00630621
v 0.399583 0.698264 -0.0573948
v 0.412168 0.681591 -0.0863187
v 0.327382 0.660758 -0.197116
v 0.310473 0.63709 -0.23691
v 0.294634 0.653887 -0.236028
v 0.226942 0.652933 -0.200051
v 0.127731 0.662011 -0.153727
v 0.0757908 0.662105 -0.203007
v 0.0675298 0.659783 -0.217534
v 0.0226617 0.666263 -0.244629
v -0.0485653 0.698695 -0.0891258
v 0.0122227 0.723044 0.0125564
v 0.0956097 0.724367 0.0043659
v 0.312656 0.714231 0.00771948
v 0.393321 0.695534 -0.0439856
v 0.410157 0.698508 -0.077909
v 0.386647 0.666988 -0.162792
v 0.367187 0.66633 -0.17322
v 0.34336 0.657728 -0.177285
v 0.32265 0.659484 -0.218715
v 0.280136 0.651986 -0.232418
v -0.0586588 0.692662 -0.150575
v 0.109159 0.722615 -0.004491
v 0.121224 0.698637 -0.0113369
v 0.213274 0.690114 -0.0392482
v 0.23485 0.684301 -0.0220739
v 0.388534 0.677408 -0.1512
v 0.387133 0.68265 -0.161239
v 0.258735 0.642434 -0.227922
v 0.16479 0.670675 -0.108345
v 0.14844 0.649014 -0.115883
v 0.106551 0.660245 -0.183772
v -0.0570153 0.723112 -0.0659869
v -0.04368 0.722406 -0.0247393
v -0.0203408 0.729526 0.0017922
v 0.031172 0.736031 0.0158209
v 0.152688 0.696465 -0.0501476
v 0.390385 0.686873 -0.120042
v 0.313546 0.654244 -0.235952
v 0.270314 0.644077 -0.229823
v 0.256336 0.669701 -0.237088
v 0.000720563 0.666669 -0.210878
v -0.00531934 0.682597 -0.206434
v -0.0517087 0.714532 -0.120887
v -0.049526 0.716839 -0.0389757
v -0.045152 0.743672 -0.0347671
v 0.245575 0.70207 -0.0136021
v 0.362282 0.734178 0.00139961
v 0.396295 0.687784 -0.109661
v 0.379164 0.678468 -0.17013
v 0.300175 0.664664 -0.23975
v 0.198031 0.672403 -0.153783
v 0.407596 0.704317 -0.0717569
v 0.390975 0.700992 -0.120604
v 0.240998 0.643072 -0.218269
v 0.235418 0.662854 -0.222582
v 0.21307 0.655396 -0.173849
v 0.196162 0.661553 -0.124502
v 0.159425 0.674695 -0.136864
v 0.0573901 0.655248 -0.245369
v -0.0588913 0.702711 -0.155425
v -0.0608463 0.704207 -0.141695
v -0.0269918 0.724258 -0.00182844
v 0.385553 0.704829 -0.0308742
v 0.407444 0.694868 -0.0978962
v 0.389235 0.669731 -0.131991
v 0.2406 0.664568 -0.229446
v 0.163133 0.674236 -0.127466
v 0.106149 0.675703 -0.194348
v 0.0341142 0.646401 -0.249369
v 0.03405 0.663273 -0.251246
v -0.0287976 0.688574 -0.193815
v -0.0508904 0.722575 -0.109277
v -0.0558923 0.718514 -0.0816481
v 0.301261 0.702462 0.00486555
v 0.375492 0.722129 -0.0115185
v 0.388609 0.698598 -0.152728
v 0.383344 0.689075 -0.167442
v 0.351875 0.686472 -0.175596
v 0.33404 0.678098 -0.18604
v 0.231182 0.658641 -0.212551
v 0.118179 0.661721 -0.176523
v -0.0431709 0.683279 -0.178034
v -0.0265976 0.747478 -0.00607175
v -0.0117192 0.742565 0.00233605
v 0.140049 0.710486 -0.0230547
v 0.145811 0.702857 -0.0324222
v 0.370224 0.697759 -0.000369844
v 0.391203 0.71416 -0.0424891
v 0.323213 0.678038 -0.223798
v 0.168533 0.682769 -0.121146
v 0.122746 0.663525 -0.171338
v 0.0827834 0.678029 -0.205472
v 0.0617073 0.670398 -0.246266
v 0.083833 0.717201 0.0116481
v 0.193548 0.709016 -0.0482325
v 0.325583 0.713593 0.0109096
v 0.34758 0.717941 0.00944493
v 0.361568 0.689446 -0.174595
v 0.191415 0.684675 -0.138201
v -0.0568875 0.745397 -0.0725792
v -0.0518875 0.750278 -0.0586546
v 0.131465 0.707806 -0.0174201
v 0.287842 0.710748 -0.00117946
v 0.407661 0.707801 -0.103678
v 0.394459 0.702072 -0.115789
v 0.387064 0.697329 -0.160158
v 0.328647 0.678253 -0.196577
v 0.328083 0.693646 -0.201081
v 0.212777 0.668715 -0.18495
v 0.164994 0.685689 -0.141509
v 0.157677 0.684592 -0.151339
v -0.0139873 0.689286 -0.201008
v -0.0572724 0.728945 -0.0800722
v 0.00442556 0.752564 0.00609434
v 0.0501172 0.740785 0.0169758
v 0.410911 0.712703 -0.096756
v 0.343208 0.678602 -0.178207
v 0.0746081 0.674448 -0.214119
v 0.00550985 0.680651 -0.220918
v -0.0575486 0.713948 -0.136338
v -0.0521409 0.725964 -0.123442
v 0.151374 0.7229 -0.02885
v 0.410796 0.706053 -0.0835833
v 0.371722 0.684797 -0.172857
v 0.230801 0.672163 -0.218363
v 0.0819844 0.696093 -0.214002
v 0.0314885 0.690243 -0.252851
v 0.0331222 0.748432 0.0141137
v 0.0720642 0.721825 0.0152374
v 0.209809 0.716464 -0.0316333
v 0.250245 0.709612 -0.0120877
v 0.31817 0.734259 0.00663972
v 0.336795 0.733466 0.00937988
v 0.37458 0.733812 -0.0119943
v 0.388743 0.706691 -0.145861
v 0.338856 0.695342 -0.183646
v 0.331612 0.691891 -0.191808
v 0.312121 0.686017 -0.24097
v 0.244743 0.670791 -0.234307
v 0.220406 0.675819 -0.202655
v 0.21549 0.730179 -0.0256055
v 0.398414 0.72457 -0.0502692
v 0.404315 0.712842 -0.0603906
v 0.28091 0.676903 -0.238479
v 0.270391 0.676979 -0.238415
v 0.0427694 0.683863 -0.25561
v -0.0576258 0.721169 -0.162342
v -0.0591269 0.722772 -0.147336
v 0.12026 0.722242 -0.0107567
v 0.157365 0.709599 -0.0484227
v 0.139368 0.681084 -0.162789
v 0.114435 0.675028 -0.188999
v 0.0495168 0.680592 -0.255581
v -0.0369655 0.712541 -0.18871
v -0.032671 0.737351 -0.0106216
v 0.291893 0.744724 -0.00351653
v 0.338822 0.748533 0.0083055
v 0.403113 0.736626 -0.0613267
v 0.409726 0.721182 -0.075163
v 0.38591 0.725667 -0.164277
v 0.189038 0.685879 -0.118296
v 0.38126 0.722907 -0.0286008
v 0.398471 0.724386 -0.113945
v 0.379536 0.702215 -0.170473
v 0.349115 0.712821 -0.179213
v 0.217564 0.669801 -0.194312
v 0.193111 0.681474 -0.148575
v 0.171684 0.692503 -0.132712
v 0.0712714 0.681398 -0.227267
v 0.0729908 0.703424 -0.238844
v -0.0335984 0.766773 -0.0146367
v 0.00316201 0.771025 0.00369411
v 0.0195678 0.758654 0.00865098
v 0.051552 0.778631 0.0153278
v 0.185231 0.72209 -0.0415929
v 0.371822 0.751978 -0.0127228
v 0.378133 0.742716 -0.0260569
v 0.387957 0.717257 -0.134761
v 0.318143 0.689022 -0.236186
v 0.304626 0.708359 -0.245107
v 0.277176 0.694963 -0.238552
v 0.182608 0.693239 -0.132747
v 0.0916368 0.680577 -0.202122
v 0.0553666 0.678961 -0.253552
v 0.0196744 0.69727 -0.244181
v -0.052774 0.738105 -0.125987
v -0.0567449 0.732195 -0.0941499
v -0.0579338 0.747378 -0.103743
v 0.13755 0.737327 -0.0171328
v 0.382218 0.739951 -0.0310766
v 0.298268 0.68669 -0.242496
v 0.204409 0.676495 -0.173385
v 0.370953 0.703841 -0.174655
v 0.192182 0.694447 -0.163144
v 0.169002 0.700114 -0.14593
v 0.15281 0.681357 -0.152503
v 0.132952 0.68167 -0.170941
v 0.0633335 0.689575 -0.251011
v 0.0347636 0.774102 0.0119795
v 0.062121 0.749696 0.0161282
v 0.0799716 0.756654 0.010388
v 0.157565 0.74668 -0.0257147
v 0.166251 0.739691 -0.0350066
v 0.164563 0.728872 -0.0392368
v 0.182092 0.740498 -0.0358189
v 0.197198 0.734563 -0.0351395
v 0.328663 0.755903 0.0075046
v 0.0142915 0.687041 -0.236017
v -0.0297849 0.707008 -0.195796
v 0.220065 0.732705 -0.0229429
v 0.411745 0.726159 -0.0893622
v 0.19383 0.699508 -0.174117
v 0.174825 0.699554 -0.141098
v 0.12769 0.700452 -0.194284
v 0.00513274 0.706985 -0.2237
v -0.00440603 0.710173 -0.21273
v 0.351102 0.739942 0.00645935
v 0.395534 0.736115 -0.0434414
v 0.412028 0.733467 -0.0766736
v 0.390115 0.726049 -0.12656
v 0.248008 0.677026 -0.237653
v 0.201229 0.698597 -0.187802
v 0.118972 0.697357 -0.199009
v -0.0137242 0.719774 -0.207283
v -0.0480591 0.714994 -0.174636
v -0.0554427 0.751448 -0.141885
v 0.101841 0.74698 -0.000752737
v 0.238989 0.734447 -0.0159275
v 0.279963 0.746397 -0.00650589
v 0.323871 0.693994 -0.225094
v 0.229306 0.689439 -0.224076
v 0.188215 0.697315 -0.15127
v 0.161948 0.699163 -0.158522
v 0.14591 0.704235 -0.176264
v 0.0879402 0.69472 -0.209593
v -0.048872 0.783111 -0.0468303
v -0.0485593 0.761274 -0.0429601
v -0.041194 0.769637 -0.0253024
v 0.0678259 0.76557 0.0142645
v 0.36847 0.738022 -0.00437982
v 0.354809 0.713675 -0.177453
v 0.15584 0.698938 -0.165289
v 0.140421 0.699187 -0.177604
v 0.0804202 0.722874 -0.227137
v 0.0774593 0.700726 -0.222636
v 0.066895 0.677309 -0.239872
v 0.0580548 0.783376 0.0152582
v 0.0976648 0.768243 0.00123386
v 0.356682 0.737521 0.00419406
v 0.293922 0.70587 -0.243046
v 0.220265 0.702098 -0.21573
v 0.118845 0.745918 -0.00901572
v 0.279324 0.757868 -0.00546236
v 0.314265 0.755313 0.0044424
v 0.343257 0.751407 0.00783123
v 0.355884 0.777633 0.00120863
v 0.399399 0.758155 -0.0543244
v 0.318903 0.718697 -0.240191
v 0.283097 0.704404 -0.240885
v 0.174059 0.713055 -0.155886
v 0.167224 0.714096 -0.164821
v -0.0522433 0.745926 -0.173982
v 0.388357 0.720284 -0.151386
v 0.379511 0.731362 -0.17481
v 0.21169 0.69791 -0.204382
v 0.185754 0.708192 -0.164934
v 0.182629 0.703586 -0.149114
v 0.107886 0.698301 -0.205153
v 0.0626833 0.702485 -0.254979
v -0.0529355 0.764031 -0.0672671
v 0.169855 0.75755 -0.0272188
v 0.193525 0.757048 -0.0294549
v 0.232632 0.750349 -0.0149425
v 0.392913 0.744107 -0.0411925
v 0.395992 0.739857 -0.117268
v 0.269644 0.711095 -0.243321
v 0.135419 0.702014 -0.187604
v 0.0921407 0.718217 -0.217779
v 0.0173428 0.724353 -0.244707
v -0.0509066 0.730737 -0.176003
v -0.0589331 0.75945 -0.0945896
v 0.376345 0.775663 -0.0302272
v 0.410105 0.750444 -0.0754721
v 0.279334 0.715672 -0.242756
v 0.253469 0.685508 -0.240001
v 0.122743 0.727279 -0.211627
v 0.0630842 0.716394 -0.258705
v -0.0504938 0.771329 -0.0522134
v -0.044122 0.77731 -0.033019
v -0.0257451 0.769964 -0.00838098
v 0.373698 0.721201 -0.176267
v 0.370236 0.722922 -0.177222
v 0.206814 0.696735 -0.196774
v 0.177125 0.714802 -0.164256
v 0.0859567 0.728687 -0.224843
v 0.0770069 0.714278 -0.229954
v -0.0522737 0.758408 -0.176246
v 0.0113947 0.796928 0.00150955
v 0.0450073 0.784479 0.0142802
v 0.338457 0.723323 -0.191704
v 0.316475 0.73759 -0.245413
v 0.255475 0.725593 -0.250058
v 0.195507 0.718277 -0.194619
v 0.100073 0.693745 -0.205955
v 0.145064 0.758301 -0.0179538
v 0.152219 0.753862 -0.0212125
v 0.220327 0.773046 -0.0151543
v 0.405845 0.741469 -0.102627
v 0.388491 0.740931 -0.141135
v 0.359757 0.733742 -0.178222
v 0.0517265 0.71053 -0.260314
v -0.0288966 0.742065 -0.200796
v -0.0051134 0.795574 -0.00290228
v 0.124151 0.751028 -0.0111403
v 0.412412 0.739704 -0.0856997
v 0.38489 0.747281 -0.173747
v 0.214448 0.710298 -0.213717
v 0.189982 0.713341 -0.182227
v 0.170182 0.722554 -0.173663
v 0.145048 0.716272 -0.186006
v -0.0236266 0.725646 -0.202769
v -0.0575493 0.752782 -0.15932
v -0.0589102 0.763471 -0.113143
v -0.0594572 0.774451 -0.107504
v -0.0463753 0.808379 -0.041956
v -0.0340546 0.790545 -0.0210226
v 0.311786 0.708927 -0.243699
v 0.233009 0.709477 -0.237987
v 0.0709096 0.711902 -0.248726
v 0.0432955 0.695702 -0.257472
v 0.0253452 0.782966 0.00808594
v 0.064973 0.791125 0.0145748
v 0.387776 0.762869 -0.149137
v 0.387222 0.743743 -0.161012
v 0.331201 0.728368 -0.205501
v 0.18168 0.727587 -0.186736
v 0.133282 0.727559 -0.204256
v 0.115306 0.721306 -0.212665
v 0.0259336 0.717802 -0.251218
v -0.0547612 0.761977 -0.170699
v 0.0996538 0.783557 0.000687769
v 0.180422 0.765967 -0.0270688
v 0.247984 0.727399 -0.251412
v 0.235753 0.715459 -0.242983
v 0.0340062 0.724548 -0.256051
v 0.0124293 0.718322 -0.237671
v -0.0383398 0.745552 -0.189308
v -0.0576318 0.782303 -0.0990372
v -0.0172134 0.768024 -0.00276034
v 0.123986 0.776016 -0.00943048
v 0.397562 0.764006 -0.119226
v 0.309161 0.737323 -0.247968
v 0.294461 0.745856 -0.248978
v 0.240981 0.694321 -0.240439
v 0.0773209 0.73425 -0.234608
v -0.00885081 0.738748 -0.213755
v -0.0530879 0.77409 -0.153975
v -0.0540287 0.780815 -0.0845833
v 0.249869 0.762843 -0.0103103
v 0.288551 0.758471 -0.00338426
v 0.3696 0.78195 -0.0202628
v 0.377689 0.749012 -0.179572
v 0.349113 0.738443 -0.184394
v 0.18871 0.72855 -0.195002
v 0.0741331 0.72467 -0.246382
v -0.0216363 0.752203 -0.20797
v -0.0540308 0.76667 -0.136829
v 0.0759173 0.792753 0.0116398
v 0.0867896 0.807684 0.00885909
v 0.156991 0.780223 -0.0172312
v 0.202363 0.777036 -0.0202234
v 0.390814 0.772471 -0.0425544
v 0.409515 0.756638 -0.095685
v 0.362066 0.764611 -0.182697
v 0.353401 0.758623 -0.185478
v 0.171559 0.731142 -0.184046
v 0.156642 0.718232 -0.178938
v 0.107693 0.740028 -0.222347
v -0.00317373 0.745486 -0.220342
v -0.0522905 0.793877 -0.0655761
v -0.0128134 0.813516 -0.00929392
v 0.172986 0.781976 -0.0206588
v 0.32208 0.749168 -0.243009
v 0.274244 0.745285 -0.24922
v 0.243496 0.714997 -0.247335
v 0.222889 0.72617 -0.230468
v 0.204461 0.721569 -0.210347
v 0.16068 0.731733 -0.185813
v 0.0892411 0.750461 -0.230416
v -0.050564 0.777234 -0.178206
v -0.0216027 0.818179 -0.0148576
v 0.327977 0.79413 0.00941597
v 0.406988 0.773287 -0.103743
v 0.331857 0.742912 -0.210663
v 0.0542804 0.742778 -0.263128
v -0.0530689 0.780904 -0.160979
v -0.0585286 0.792965 -0.120632
v 0.399156 0.780159 -0.0538353
v 0.408789 0.771667 -0.0744748
v 0.327866 0.730715 -0.215886
v 0.325021 0.740903 -0.234073
v 0.169678 0.743844 -0.194032
v -0.0556219 0.810398 -0.0918993
v 0.109255 0.796177 -0.00274579
v 0.241301 0.783424 -0.0106698
v 0.341843 0.785385 0.00739061
v 0.360486 0.780966 -0.00430151
v 0.410108 0.773408 -0.0819885
v 0.389427 0.751941 -0.139085
v 0.226271 0.7349 -0.238831
v 0.217386 0.757567 -0.237169
v 0.197552 0.738132 -0.212338
v 0.0584563 0.731583 -0.261877
v 0.0134211 0.749951 -0.243878
v 0.00382453 0.73696 -0.227249
v 0.0230862 0.824332 0.00269815
v 0.0388886 0.804277 0.0117772
v 0.132169 0.791539 -0.00990518
v 0.181497 0.793242 -0.017416
v 0.277611 0.792186 -0.00240802
v 0.373029 0.786959 -0.0287829
v 0.402034 0.788531 -0.0616911
v 0.390362 0.778971 -0.141841
v 0.284312 0.740525 -0.247131
v 0.147044 0.737244 -0.197908
v -0.0377317 0.764038 -0.19205
v -0.0363206 0.823241 -0.0297389
v 0.267074 0.782941 -0.00536991
v 0.387075 0.787166 -0.0399552
v 0.408022 0.785111 -0.076074
v 0.40121 0.778871 -0.114199
v 0.386407 0.763155 -0.167863
v 0.33949 0.746322 -0.20147
v 0.328834 0.754251 -0.220985
v 0.254698 0.737975 -0.252427
v -0.027266 0.761299 -0.204636
v -0.0545828 0.786337 -0.145035
v -0.0537148 0.811403 -0.0793089
v 0.0156296 0.816214 6.56731e-005
v 0.173268 0.801088 -0.0138819
v 0.193225 0.79344 -0.0160934
v 0.297919 0.802452 0.0059857
v 0.265612 0.753575 -0.251313
v 0.207792 0.729011 -0.217592
v 0.0343299 0.760608 -0.257399
v 0.0240895 0.74395 -0.252119
v -0.0178819 0.766511 -0.213251
v -0.000426126 0.820013 -0.00636963
v 0.0461009 0.82812 0.0130807
v 0.409093 0.782249 -0.0996281
v 0.384117 0.772041 -0.178423
v 0.160747 0.7456 -0.195047
v 0.111543 0.739541 -0.221127
v 0.215686 0.788599 -0.0132414
v 0.39924 0.782543 -0.118384
v 0.36986 0.751947 -0.18069
v 0.345181 0.76922 -0.202995
v 0.248373 0.755503 -0.258232
v 0.192376 0.753304 -0.216427
v 0.152836 0.747384 -0.199347
v 0.120693 0.745312 -0.218925
v 0.0713993 0.726539 -0.254493
v -0.0360799 0.779103 -0.194854
v -0.0512791 0.792439 -0.170808
v -0.04921 0.812446 -0.0501697
v 0.408319 0.790209 -0.0957493
v 0.174631 0.745585 -0.197483
v -0.0282939 0.818228 -0.0198283
v 0.0575055 0.836287 0.0155205
v 0.231493 0.753731 -0.250984
v 0.178197 0.753899 -0.206431
v 0.0734304 0.740439 -0.251682
v 0.065095 0.742549 -0.260969
v -0.0455763 0.792368 -0.185686
v -0.0610389 0.808325 -0.113965
v 0.116685 0.814451 -0.00403569
v 0.136482 0.803541 -0.00830058
v 0.193151 0.812009 -0.00951216
v 0.396286 0.781218 -0.128375
v 0.36625 0.784106 -0.184232
v 0.332741 0.765494 -0.216224
v 0.327093 0.766327 -0.235928
v 0.23591 0.762823 -0.257391
v 0.0813429 0.747158 -0.233026
v 0.0750423 0.74543 -0.241144
v 0.0197904 0.769663 -0.250845
v 0.305262 0.762989 -0.249776
v 0.135578 0.748586 -0.211343
v 0.0996432 0.763553 -0.23193
v 0.0455114 0.744449 -0.260718
v 0.00103257 0.789896 -0.23759
v -0.055486 0.803268 -0.157899
v -0.0415515 0.833159 -0.0400869
v 0.232221 0.800922 -0.010159
v 0.239186 0.804493 -0.00819771
v 0.333866 0.807886 0.00842453
v 0.361454 0.789433 -0.00855639
v 0.3687 0.799819 -0.0279321
v 0.385855 0.780099 -0.175157
v 0.243081 0.758016 -0.259059
v 0.239349 0.764616 -0.259672
v 0.189393 0.760331 -0.218448
v 0.167736 0.768747 -0.210502
v 0.0733695 0.785139 -0.255121
v 0.0603428 0.763394 -0.265754
v -0.0560465 0.801505 -0.135899
v 0.00626798 0.830531 -0.00582219
v 0.147284 0.820094 -0.00316191
v 0.385819 0.806832 -0.0410638
v 0.380308 0.778916 -0.18102
v 0.357218 0.782735 -0.189388
v 0.335044 0.787226 -0.218295
v 0.323728 0.77993 -0.245703
v 0.075732 0.778127 -0.243919
v 0.395147 0.803095 -0.0506783
v 0.406123 0.799043 -0.0711706
v 0.406881 0.804729 -0.0797851
v 0.253549 0.759094 -0.25762
v 0.155537 0.766429 -0.210484
v -0.00748358 0.762683 -0.219982
v -0.0343269 0.803492 -0.197676
v -0.0555728 0.814679 -0.165608
v 0.128218 0.820395 -0.00391181
v 0.151485 0.798883 -0.0108562
v 0.31679 0.817139 0.0106171
v 0.350307 0.805446 -0.00067769
v 0.401344 0.80864 -0.116162
v 0.387095 0.789281 -0.167404
v 0.328769 0.783073 -0.239517
v 0.197712 0.762785 -0.228373
v 0.0801928 0.767418 -0.237428
v 0.0714143 0.786393 -0.260006
v 0.00886763 0.782376 -0.244494
v -0.020695 0.793022 -0.215157
v -0.0281887 0.846358 -0.0250213
v 0.0448961 0.839933 0.0104348
v 0.2528 0.807272 -0.00345802
v 0.30654 0.819799 0.0100791
v 0.351463 0.822702 -0.008848
v 0.403889 0.814227 -0.0785575
v 0.34789 0.782556 -0.202942
v 0.126644 0.774903 -0.226176
v -0.0601496 0.818803 -0.123138
v -0.0604 0.829565 -0.111562
v 0.0643161 0.840407 0.0162057
v 0.360616 0.816035 -0.0234334
v 0.406131 0.804232 -0.0996939
v 0.225453 0.75356 -0.245027
v 0.143086 0.760219 -0.211119
v 0.119614 0.767235 -0.227631
v -0.00363331 0.777976 -0.227256
v -0.0596188 0.842828 -0.102431
v -0.0507982 0.815757 -0.0586457
v 0.276878 0.826176 0.00673695
v 0.392993 0.81838 -0.0524238
v 0.368013 0.809385 -0.18659
v 0.109544 0.76798 -0.231523
v -0.0400193 0.804836 -0.191304
v -0.054242 0.826441 -0.0824607
v 0.0130148 0.845848 -0.00514241
v 0.0695197 0.830477 0.0160423
v 0.170023 0.828449 -0.00158794
v 0.223017 0.82316 -0.00756144
v 0.279296 0.767447 -0.252547
v 0.214667 0.765265 -0.237849
v -0.0555868 0.81587 -0.144211
v -0.0344233 0.843021 -0.0297082
v 0.0361827 0.850742 0.0033356
v 0.212377 0.81331 -0.00890225
v 0.22917 0.831612 -0.0057773
v 0.369147 0.810479 -0.0315724
v 0.390263 0.800576 -0.144098
v 0.388248 0.781522 -0.149929
v 0.31722 0.771964 -0.248723
v 0.303849 0.780214 -0.251423
v 0.205475 0.758867 -0.230727
v 0.177224 0.839089 0.0028925
v 0.380961 0.816167 -0.0411274
v 0.399108 0.823434 -0.0660656
v 0.38506 0.805933 -0.180253
v 0.379601 0.805444 -0.18421
v 0.189118 0.781515 -0.23106
v 0.174591 0.770689 -0.215491
v 0.0681594 0.774542 -0.263019
v -0.0503776 0.841641 -0.0649212
v -0.0222112 0.846055 -0.0210412
v 0.304931 0.80141 -0.253468
v 0.251522 0.793308 -0.26534
v -0.0106838 0.819437 -0.230528
v -0.0506215 0.815816 -0.178124
v -0.00702556 0.84712 -0.0140387
v 0.106933 0.811475 -0.000792928
v 0.321435 0.830479 0.00984834
v 0.403118 0.829502 -0.0900557
v 0.39746 0.802988 -0.129787
v 0.38129 0.81093 -0.182582
v 0.313373 0.794981 -0.249713
v 0.275431 0.800726 -0.256204
v 0.210359 0.77968 -0.240847
v 0.143658 0.777895 -0.219063
v 0.0910819 0.775367 -0.237142
v 0.013852 0.789906 -0.248024
v 0.0862581 0.839121 0.0125722
v 0.250513 0.827146 0.000867696
v 0.299535 0.848236 0.0121623
v 0.340759 0.812898 0.00495832
v 0.401496 0.829426 -0.0782303
v 0.386182 0.819209 -0.176769
v 0.331353 0.802836 -0.238001
v 0.260852 0.800293 -0.263033
v 0.196597 0.78714 -0.239672
v 0.0331132 0.801889 -0.258323
v -0.0290687 0.780874 -0.204801
v 0.110101 0.842295 0.00319995
v 0.359479 0.832487 -0.0289214
v 0.40347 0.821481 -0.100432
v 0.359265 0.79329 -0.189851
v 0.291241 0.77489 -0.25395
v 0.0785575 0.797817 -0.24521
v 0.0489764 0.782287 -0.264008
v -0.0522716 0.849334 -0.0804245
v -0.0466908 0.852356 -0.0581291
v 0.169541 0.849017 0.00631915
v 0.387561 0.825407 -0.170142
v 0.355272 0.829771 -0.195648
v 0.284534 0.806907 -0.258022
v 0.268378 0.789813 -0.256406
v 0.178885 0.784377 -0.225839
v 0.120248 0.796852 -0.237577
v -0.0232651 0.817475 -0.215843
v -0.0554916 0.846168 -0.0896659
v 0.205772 0.828184 -0.00423997
v 0.221163 0.781914 -0.249321
v 0.216607 0.794655 -0.250022
v 0.1635 0.788473 -0.21974
v 0.1336 0.787135 -0.22694
v 0.114916 0.782924 -0.234983
v 0.395813 0.830771 -0.128634
v -0.0160523 0.80725 -0.221324
v -0.0273137 0.834385 -0.212723
v -0.0343409 0.844422 -0.199686
v -0.0376322 0.849419 -0.19479
v -0.0452185 0.844364 -0.0502528
v -0.0174535 0.868201 -0.0229226
v 0.212782 0.839512 -0.00409894
v 0.347793 0.851567 -0.0247084
v 0.325394 0.801422 -0.24523
v 0.0602974 0.786086 -0.266764
v 0.0545903 0.788156 -0.266438
v -0.0459444 0.819193 -0.18566
v -0.0551746 0.848516 -0.157466
v -0.0558855 0.853587 -0.141059
v 0.00884987 0.867176 -0.0116465
v 0.0847027 0.856843 0.0142719
v 0.314924 0.812333 -0.249413
v 0.19784 0.809325 -0.250322
v 0.0812024 0.807548 -0.24722
v -0.0527069 0.874664 -0.0903907
v -0.0368045 0.878171 -0.0419149
v 0.0458343 0.860976 0.00515049
v 0.133523 0.846331 0.00150129
v 0.344054 0.838341 -0.00922267
v 0.390455 0.825246 -0.143579
v 0.330464 0.816586 -0.241632
v 0.170616 0.801067 -0.227637
v 0.0956854 0.796401 -0.242929
v -0.0149912 0.828631 -0.227588
v 0.276209 0.84109 0.00984619
v 0.313871 0.870163 0.00705456
v 0.338873 0.836115 -0.00182164
v 0.393013 0.837966 -0.0564172
v 0.397837 0.840713 -0.111148
v 0.338923 0.812283 -0.215709
v 0.335669 0.82211 -0.235196
v 0.0685966 0.805574 -0.26372
v -0.0602472 0.850134 -0.122227
v 0.388303 0.837304 -0.150449
v 0.377557 0.822563 -0.185925
v 0.124086 0.820377 -0.244234
v 0.0745826 0.812176 -0.253338
v -0.032055 0.867626 -0.0327475
v -0.0199647 0.88282 -0.0276899
v 0.18956 0.852791 0.00493235
v 0.254574 0.842095 0.0043573
v 0.385983 0.845035 -0.0506627
v 0.39756 0.85243 -0.0731672
v 0.385268 0.834029 -0.182149
v 0.320713 0.824363 -0.246497
v 0.239533 0.8066 -0.26897
v 0.158971 0.798933 -0.226325
v 0.0294155 0.80777 -0.256859
v -0.00314693 0.835937 -0.238475
v 0.210902 0.866483 -0.000810335
v 0.222033 0.865515 -0.00279757
v 0.39911 0.848998 -0.0976028
v 0.396245 0.860547 -0.108263
v 0.395557 0.849604 -0.12515
v 0.250226 0.824247 -0.271247
v 0.24304 0.803515 -0.268487
v -0.0536604 0.854076 -0.168683
v -0.0430125 0.878514 -0.0601575
v 0.0326279 0.872444 -0.00500349
v 0.065357 0.865906 0.0145324
v 0.0732286 0.864243 0.0156573
v 0.233117 0.847757 -0.0022757
v 0.271981 0.864369 0.0124239
v 0.312972 0.853378 0.0102551
v 0.335902 0.865428 -0.017779
v 0.362587 0.848491 -0.0367809
v 0.389513 0.86408 -0.0564937
v 0.140346 0.802579 -0.231499
v 0.0450057 0.813716 -0.265452
v 0.00538967 0.823574 -0.243969
v -0.0597043 0.875095 -0.117208
v -0.0608913 0.865475 -0.104933
v -0.0481625 0.874544 -0.0774011
v 0.0953444 0.861864 0.0112179
v 0.113047 0.859438 0.00508174
v 0.120194 0.844711 0.00136065
v 0.329758 0.844645 0.00373179
v 0.396297 0.864716 -0.0800905
v 0.27152 0.817378 -0.260122
v 0.262005 0.839323 -0.270662
v 0.180003 0.806106 -0.239926
v 0.0746194 0.82524 -0.255692
v -0.0241078 0.870356 -0.0270436
v 0.00660459 0.879648 -0.0151646
v 0.0592258 0.877612 0.00975485
v 0.327646 0.868819 -0.00568818
v 0.352792 0.854058 -0.0308263
v 0.391627 0.850003 -0.136473
v 0.387336 0.856004 -0.177882
v 0.337224 0.849086 -0.235408
v 0.309253 0.822192 -0.253884
v 0.290694 0.837304 -0.261922
v 0.23591 0.799748 -0.266665
v 0.224423 0.816553 -0.262591
v 0.161409 0.824887 -0.235794
v 0.113511 0.829533 -0.251244
v -0.0482836 0.845958 -0.184768
v -0.0323319 0.899809 -0.0409365
v 0.0853755 0.881931 0.0147082
v 0.352391 0.869369 -0.0347216
v 0.388017 0.850067 -0.167115
v 0.360904 0.835632 -0.191656
v 0.0634703 0.823175 -0.268293
v 0.0171747 0.822767 -0.250427
v -0.0554847 0.865827 -0.140933
v 0.186126 0.875731 0.00810776
v 0.231722 0.876682 0.000226088
v 0.207856 0.817379 -0.254665
v 0.395695 0.861524 -0.129151
v 0.340873 0.846687 -0.229023
v 0.19477 0.826958 -0.257965
v 0.32213 0.870701 0.000380214
v 0.375056 0.86995 -0.0464452
v 0.395655 0.865365 -0.141817
v 0.380721 0.847901 -0.186938
v 0.300357 0.824124 -0.258066
v 0.295651 0.819919 -0.258954
v 0.230744 0.824517 -0.269529
v 0.217247 0.835646 -0.265511
v 0.19057 0.810158 -0.248128
v 0.157149 0.833483 -0.240003
v 0.130967 0.823634 -0.24338
v 0.0897375 0.81926 -0.250963
v 0.0755256 0.839882 -0.257887
v 0.0436523 0.842287 -0.267775
v 0.292194 0.874048 0.0135255
v 0.392879 0.875851 -0.0670842
v 0.365805 0.839635 -0.189858
v 0.315394 0.837903 -0.250678
v 0.27955 0.834255 -0.259624
v 0.170449 0.819241 -0.237296
v 0.0120652 0.842214 -0.247716
v -0.0523751 0.873628 -0.168262
v -0.0565136 0.872825 -0.157052
v -0.0542367 0.877298 -0.140033
v 0.0757856 0.888149 0.0146036
v 0.124815 0.873041 0.00561052
v 0.141121 0.867751 0.00529522
v 0.301315 0.873913 -0.263168
v 0.179258 0.826982 -0.250543
v 0.109011 0.823131 -0.249814
v 0.0497594 0.836012 -0.270374
v 0.0294798 0.835723 -0.259025
v 0.340854 0.869244 -0.0265511
v 0.370686 0.887716 -0.0467461
v 0.394191 0.883894 -0.121287
v 0.349989 0.841603 -0.20402
v 0.0989519 0.815798 -0.24889
v -0.0382652 0.895449 -0.0542717
v 0.252182 0.875071 0.0106809
v 0.279583 0.874713 0.0146009
v 0.387831 0.853053 -0.155293
v 0.14674 0.824871 -0.243233
v -0.0410554 0.901405 -0.0730967
v -0.0266967 0.895397 -0.0349086
v 0.0357199 0.897902 -0.00950825
v 0.116607 0.874492 0.00697646
v 0.160121 0.873091 0.0097823
v 0.392712 0.876766 -0.0936248
v 0.306219 0.873703 -0.261277
v 0.277763 0.848946 -0.262508
v 0.181934 0.839609 -0.258854
v -0.0576324 0.886961 -0.126965
v -0.0357845 0.894386 -0.0444553
v 0.277235 0.899994 0.0174377
v 0.363177 0.876533 -0.193143
v 0.331362 0.852806 -0.238965
v 0.209843 0.84242 -0.266073
v 0.171088 0.845808 -0.253551
v 0.164073 0.841589 -0.243883
v 0.0897624 0.861779 -0.265255
v 0.038519 0.837809 -0.264546
v -0.0180805 0.856314 -0.222504
v -0.0315641 0.878521 -0.195308
v -0.0570389 0.885393 -0.118209
v -0.0340411 0.915388 -0.0509212
v 0.041622 0.878605 -0.00262464
v 0.102785 0.885893 0.0120496
v 0.306642 0.890306 0.00666709
v 0.386149 0.883927 -0.174921
v 0.157801 0.848735 -0.246667
v 0.0635703 0.845968 -0.269258
v -0.014761 0.876865 -0.226138
v 0.0151352 0.902888 -0.0177868
v 0.0547415 0.892593 0.00116564
v 0.170249 0.881362 0.011809
v 0.22388 0.885887 -0.000661016
v 0.24764 0.885317 0.0101263
v 0.304161 0.87525 0.0104344
v 0.312195 0.892182 0.000952784
v 0.3779 0.897468 -0.056847
v 0.392288 0.890349 -0.147087
v 0.374894 0.877217 -0.190287
v 0.288728 0.868094 -0.262221
v 0.250421 0.865303 -0.277085
v 0.242174 0.842666 -0.275002
v 0.234566 0.843522 -0.274638
v 0.147379 0.855544 -0.255923
v 0.134012 0.847803 -0.254442
v 0.115089 0.871276 -0.267526
v 0.0748458 0.872122 -0.267136
v -0.0558564 0.884625 -0.147235
v -0.000556715 0.896341 -0.0223785
v 0.198997 0.886374 0.00338683
v 0.26937 0.894525 0.0174841
v 0.342885 0.864922 -0.229773
v 0.119526 0.847223 -0.257007
v 0.180056 0.890658 0.0126666
v 0.213648 0.887966 -0.000957482
v 0.343663 0.895176 -0.0360721
v 0.389969 0.898731 -0.0990772
v 0.385587 0.874811 -0.160411
v 0.347163 0.856014 -0.211579
v -0.0534155 0.897344 -0.151174
v -0.0457526 0.907677 -0.0930468
v 0.102752 0.908458 0.0153202
v 0.322762 0.886637 -0.0115958
v 0.336236 0.893091 -0.0319807
v 0.39287 0.900242 -0.126604
v 0.311758 0.876685 -0.256668
v 0.29438 0.860665 -0.262841
v 0.168552 0.85824 -0.258523
v 0.0240159 0.861447 -0.257158
v -0.0521028 0.903283 -0.106972
v -0.0166051 0.911386 -0.0356052
v 0.082394 0.892762 0.0152926
v 0.392006 0.882654 -0.102779
v 0.394465 0.894697 -0.139691
v 0.383401 0.874417 -0.184379
v 0.329208 0.874612 -0.238725
v 0.267874 0.84705 -0.26925
v 0.0554408 0.835553 -0.271483
v 0.0161051 0.854364 -0.250174
v -0.0249867 0.897365 -0.200914
v 0.0681197 0.909772 0.0088038
v 0.148174 0.900797 0.0133092
v 0.291275 0.898623 0.0128896
v 0.315154 0.911517 -0.0197136
v 0.318241 0.86011 -0.248586
v 0.155198 0.863089 -0.254883
v -0.0456205 0.862462 -0.18504
v 0.0706562 0.8905 0.0132173
v 0.38501 0.895959 -0.157708
v 0.0479025 0.864927 -0.27169
v 0.0313704 0.872531 -0.263429
v -0.0112257 0.886316 -0.227227
v -0.0583549 0.900664 -0.132439
v 0.000920188 0.91945 -0.0272279
v 0.226187 0.910122 0.00536784
v 0.326436 0.899784 -0.026754
v 0.391202 0.893269 -0.0781071
v 0.322869 0.862307 -0.24381
v 0.204399 0.875522 -0.276809
v -0.0062108 0.87111 -0.234369
v -0.0203881 0.886417 -0.215594
v -0.0516062 0.909446 -0.145312
v 0.169051 0.915872 0.0230175
v 0.356869 0.910516 -0.0422613
v 0.390083 0.912535 -0.111319
v 0.200438 0.846634 -0.26672
v 0.184717 0.86802 -0.271412
v 0.161366 0.862763 -0.255364
v -0.0246093 0.878944 -0.210044
v 0.0137849 0.910935 -0.0192787
v 0.144836 0.933241 0.0245916
v 0.281727 0.878675 -0.266595
v 0.220838 0.855515 -0.272707
v 0.143286 0.866659 -0.261852
v -0.0139549 0.915959 -0.215292
v 0.261571 0.88237 0.0137973
v 0.387829 0.914301 -0.0931675
v 0.379569 0.897713 -0.186567
v 0.261403 0.860281 -0.274577
v 0.0599164 0.858936 -0.272413
v -0.0285392 0.908566 -0.188054
v 0.134098 0.893133 0.00894756
v 0.364393 0.916633 -0.0482184
v 0.360092 0.939566 -0.0509412
v 0.370978 0.915062 -0.189795
v 0.167572 0.880208 -0.267948
v -0.0440242 0.901936 -0.169733
v 0.23464 0.878831 -0.280913
v 0.0534312 0.875135 -0.274761
v -0.0535305 0.919821 -0.127793
v -0.0350082 0.924445 -0.0775149
v -0.0344964 0.920418 -0.0568223
v 0.00833415 0.929491 -0.0245293
v 0.164467 0.903001 0.0183525
v 0.293539 0.912561 0.0106699
v 0.382715 0.915348 -0.161775
v 0.384087 0.907167 -0.171824
v 0.356965 0.881013 -0.197176
v 0.326255 0.889783 -0.2388
v 0.269798 0.885473 -0.275834
v 0.154287 0.87473 -0.25818
v -0.00927593 0.915258 -0.223068
v -0.0506848 0.917689 -0.115177
v -0.0420806 0.933817 -0.104964
v 0.0468736 0.916642 -0.0079047
v 0.0735423 0.921551 0.0117745
v 0.293936 0.893856 -0.262476
v 0.224039 0.870787 -0.277779
v 0.130952 0.872407 -0.265353
v 0.102517 0.870847 -0.267792
v 0.0584565 0.895266 -0.275452
v 0.00931936 0.894233 -0.242888
v -0.0474169 0.920938 -0.141665
v -0.0266833 0.931809 -0.0502013
v 0.186824 0.878954 -0.275893
v 0.0697427 0.872246 -0.267828
v 0.0134362 0.893701 -0.247257
v 0.00485425 0.895654 -0.239117
v -0.0374369 0.91575 -0.173141
v -0.0336854 0.938357 -0.0852227
v 0.0560425 0.91322 -0.00421232
v 0.389807 0.917242 -0.124474
v 0.28584 0.90229 -0.267672
v 0.269775 0.912807 -0.27803
v 0.156034 0.887046 -0.263688
v 0.0860809 0.880515 -0.270615
v 0.0195525 0.914068 -0.255348
v 0.0645176 0.935319 -0.000926176
v 0.306219 0.909384 -0.00153975
v 0.387325 0.907889 -0.0770415
v 0.3402 0.904079 -0.231009
v 0.138714 0.89181 -0.271599
v 0.0248161 0.930547 -0.0154298
v 0.117765 0.908589 0.0138309
v 0.137564 0.919943 0.0184018
v 0.174609 0.916875 0.0220735
v 0.195181 0.917666 0.0102498
v 0.230691 0.922836 0.0133664
v 0.308355 0.942154 -0.0253618
v 0.310336 0.912671 -0.255958
v 0.0787694 0.918 0.0142601
v 0.201769 0.907426 0.00476805
v 0.250488 0.918475 0.0220506
v 0.372986 0.921709 -0.06197
v 0.386682 0.92499 -0.0986968
v 0.39251 0.916194 -0.140964
v 0.379123 0.919367 -0.180631
v 0.320333 0.891764 -0.24402
v 0.212309 0.89418 -0.281837
v 0.120249 0.889173 -0.273233
v 0.105616 0.902561 -0.278095
v 0.00902628 0.918997 -0.239362
v -0.016086 0.934618 -0.20266
v -0.0432879 0.935669 -0.142333
v -0.0515962 0.930846 -0.125474
v -0.0357245 0.936175 -0.0900176
v 0.0623323 0.917122 -0.000106257
v 0.219136 0.91062 0.00275812
v 0.307644 0.914672 -0.00847131
v 0.336051 0.927368 -0.0354009
v 0.0450363 0.895806 -0.272309
v 0.099338 0.916811 0.0168931
v 0.246144 0.912974 0.0187005
v 0.335816 0.898531 -0.234205
v 0.323157 0.904957 -0.239014
v 0.177651 0.890969 -0.275611
v -0.0327346 0.935241 -0.0628666
v 0.322669 0.9262 -0.0302647
v 0.29697 0.924591 -0.261907
v 0.190315 0.897616 -0.281408
v 0.149015 0.884546 -0.265634
v 0.0018744 0.93887 -0.0311102
v 0.116368 0.945701 0.0300943
v 0.386319 0.937139 -0.137531
v 0.341953 0.926119 -0.225278
v 0.304395 0.921932 -0.259012
v 0.219326 0.906893 -0.283755
v 0.167436 0.898835 -0.275117
v -0.00434813 0.917943 -0.228028
v -0.00659017 0.93431 -0.223501
v -0.0448483 0.92405 -0.160561
v 0.0885587 0.923568 0.0170486
v 0.266652 0.933204 0.0270155
v 0.300842 0.93585 -0.0159793
v 0.316021 0.940425 -0.240674
v 0.16011 0.885768 -0.265396
v -0.0221833 0.937869 -0.180959
v 0.0345328 0.94375 -0.0127363
v 0.178739 0.927478 0.0244537
v 0.373169 0.932332 -0.0687783
v 0.285266 0.926498 -0.270087
v 0.262427 0.913557 -0.280544
v 0.192793 0.915207 -0.284827
v 0.129171 0.905387 -0.27659
v 0.06751 0.907887 -0.275173
v -0.0440989 0.943779 -0.122943
v -0.0429655 0.94419 -0.115103
v -0.0132769 0.946396 -0.0458607
v 0.0560222 0.938866 -0.00770229
v 0.205619 0.930598 0.00801941
v 0.258946 0.921626 0.0237948
v 0.301074 0.929577 -0.0101097
v 0.35172 0.929767 -0.0416278
v 0.378471 0.946038 -0.0908053
v 0.382176 0.935923 -0.11677
v 0.383528 0.947379 -0.132905
v 0.380993 0.928557 -0.171757
v 0.368075 0.938748 -0.186768
v 0.353516 0.924674 -0.197368
v 0.311181 0.937111 -0.250877
v 0.239569 0.904486 -0.283052
v 0.174666 0.906773 -0.27902
v 0.150489 0.915353 -0.269673
v 0.141429 0.914125 -0.277372
v 0.0242985 0.918423 -0.259734
v -0.0118149 0.932982 -0.214378
v 0.129403 0.939163 0.0273606
v 0.306156 0.935046 -0.0218786
v 0.325711 0.943221 -0.231359
v 0.22843 0.91953 -0.284482
v -0.0305937 0.948243 -0.0780403
v 0.155307 0.934767 0.0281772
v 0.208341 0.942221 0.0112579
v 0.244891 0.958944 0.0435109
v 0.275639 0.93043 0.0229529
v 0.298027 0.915136 0.00612943
v 0.292472 0.933111 0.00866066
v 0.376799 0.948197 -0.152445
v 0.375407 0.943597 -0.179102
v 0.342581 0.948321 -0.215145
v 0.320473 0.943136 -0.234214
v 0.199286 0.934023 -0.286678
v 0.00698962 0.933403 -0.235973
v -0.0381407 0.957767 -0.114551
v -0.0337209 0.95122 -0.0977003
v 0.00348898 0.952443 -0.0314447
v 0.0224907 0.958916 -0.0183968
v 0.0734541 0.946779 0.0125938
v 0.0791409 0.938639 0.0164836
v 0.104137 0.945161 0.0265582
v 0.31402 0.946251 -0.246583
v 0.103756 0.923422 -0.283219
v 0.068257 0.924983 -0.277794
v 0.0527696 0.912351 -0.276145
v -0.00912611 0.942791 -0.222237
v -0.0166327 0.943422 -0.207026
v -0.0338952 0.944351 -0.164618
v -0.0224174 0.946998 -0.0546695
v 0.0340468 0.959022 -0.0129951
v 0.226823 0.938847 0.0174006
v 0.364824 0.960493 -0.0727588
v 0.336615 0.94611 -0.226697
v 0.306653 0.940469 -0.255783
v 0.296931 0.938741 -0.261109
v 0.286486 0.939097 -0.267644
v 0.24836 0.909999 -0.281594
v 0.158979 0.919147 -0.276356
v 0.115282 0.906426 -0.278905
v 0.0355289 0.898599 -0.266858
v 0.0188903 0.934025 -0.253911
v -0.0318665 0.947811 -0.169273
v -0.035857 0.954031 -0.157398
v -0.0368512 0.950304 -0.136172
v 0.144635 0.959 0.0364837
v 0.348725 0.951356 -0.042533
v 0.372373 0.964847 -0.116316
v 0.350829 0.951311 -0.193918
v 0.085186 0.909574 -0.278269
v -0.0221868 0.945975 -0.192738
v -0.0370439 0.948032 -0.151043
v -0.0128151 0.96296 -0.0502461
v 0.194919 0.94045 0.0159498
v 0.192725 0.94344 0.0229319
v 0.216999 0.939781 0.0116083
v 0.239333 0.950819 0.0383605
v 0.334065 0.953075 -0.0340739
v 0.373321 0.962345 -0.146197
v 0.37092 0.958338 -0.175855
v 0.363199 0.956241 -0.186375
v 0.346233 0.957055 -0.214699
v 0.333835 0.955948 -0.231008
v 0.313905 0.952247 -0.250963
v 0.263583 0.937362 -0.27888
v 0.23772 0.938035 -0.283953
v 0.215222 0.936333 -0.285958
v 0.0164776 0.94545 -0.256938
v 0.00473204 0.94327 -0.24126
v 0.0588468 0.958198 -0.00596254
v 0.0889528 0.939801 0.0209797
v 0.169345 0.947576 0.0368884
v 0.237273 0.942142 0.030979
v 0.290344 0.947168 0.000657718
v 0.374519 0.959538 -0.163564
v 0.355612 0.962177 -0.199562
v 0.252105 0.937799 -0.28013
v 0.190936 0.933646 -0.286302
v 0.0785753 0.938617 -0.281613
v -0.0268935 0.95637 -0.179238
v -0.0219492 0.962689 -0.0648988
v 0.092587 0.959541 0.025905
v 0.151241 0.958041 0.0372593
v 0.179005 0.946784 0.0321574
v 0.316629 0.944541 -0.0288765
v 0.376071 0.963126 -0.133059
v 0.36576 0.962919 -0.183384
v 0.293306 0.949917 -0.266668
v 0.15939 0.931041 -0.279941
v 0.147804 0.930201 -0.275941
v 0.0262259 0.936752 -0.26172
v -0.0348133 0.966305 -0.0989492
v -0.030443 0.959575 -0.0971757
v 0.201711 0.945333 0.0332746
v 0.222685 0.943388 0.0246035
v 0.37163 0.956674 -0.0845469
v 0.366911 0.9672 -0.0984796
v 0.1776 0.931153 -0.283593
v 0.171941 0.940368 -0.288882
v -0.0114808 0.967054 -0.21342
v 0.0125152 0.961189 -0.0262914
v 0.0242524 0.963528 -0.0125945
v 0.065698 0.958967 -0.00110766
v 0.277434 0.961845 0.0227792
v 0.343009 0.966695 -0.21698
v 0.263555 0.945191 -0.280315
v 0.191648 0.943838 -0.289985
v 0.139536 0.935059 -0.282857
v 0.121901 0.936284 -0.284002
v -0.0357674 0.966089 -0.143005
v 0.048036 0.961026 -0.00857046
v 0.0720009 0.959999 0.0146666
v 0.212808 0.949398 0.0470696
v 0.150551 0.938282 -0.285286
v 0.135179 0.933933 -0.284281
v 0.10754 0.937164 -0.286022
v 0.0891831 0.938643 -0.284181
v 0.0545363 0.947897 -0.280559
v 0.0507864 0.938878 -0.275214
v -0.0385536 0.965159 -0.113886
v -0.0263398 0.969287 -0.0704149
v -0.0161036 0.968716 -0.0499792
v 0.0605724 0.961745 -0.000768171
v 0.163232 0.95935 0.0423577
v 0.186868 0.955087 0.0394764
v 0.168394 0.945949 -0.291313
v 0.0262688 0.946205 -0.266598
v -0.0221661 0.965465 -0.195133
v -0.0279041 0.968463 -0.169385
v 0.00221082 0.967764 -0.0284259
v 0.0348111 0.965348 0.00509905
v 0.0812078 0.958908 0.0214685
v 0.231315 0.95481 0.0409598
v 0.289249 0.967976 -0.015576
v 0.326412 0.968059 -0.0302516
v 0.319776 0.972605 -0.242387
v 0.236695 0.946888 -0.286096
v 0.203017 0.950386 -0.290962
v 0.194558 0.955836 -0.290649
v 0.134307 0.943869 -0.291947
v 0.0033057 0.978157 -0.0264651
v 0.0240025 0.967731 -0.00102865
v 0.0726336 0.962175 0.0224358
v 0.114112 0.95976 0.036036
v 0.17447 0.959293 0.0444801
v 0.199634 0.951117 0.0502649
v 0.203207 0.955251 0.0535818
v 0.297215 0.965617 -0.0221416
v 0.360651 0.970273 -0.0717602
v 0.260447 0.960577 0.039424
v 0.268495 0.962467 0.0333784
v 0.336836 0.969641 -0.0353349
v 0.374581 0.974626 -0.110084
v 0.377348 0.972811 -0.132325
v 0.291155 0.967448 -0.263813
v 0.116438 0.947127 -0.29213
v 0.0993083 0.949582 -0.291629
v 0.0801989 0.947335 -0.286324
v -0.0337623 0.975685 -0.110154
v 0.0957198 0.962227 0.0339134
v 0.129818 0.958638 0.0372649
v 0.281698 0.963863 0.0138604
v 0.285021 0.966829 0.00908431
v 0.285738 0.967215 -0.00917194
v 0.320682 0.970498 -0.0234016
v 0.347678 0.970679 -0.0458999
v 0.370279 0.976583 -0.0898608
v 0.375328 0.971197 -0.153806
v 0.361733 0.986254 -0.179744
v 0.233382 0.975856 -0.283904
v 0.15332 0.957056 -0.291727
v 0.00874212 0.958144 -0.241556
v -0.00308972 0.965936 -0.22417
v 0.115727 0.96284 0.0454092
v 0.149157 0.96216 0.0410677
v 0.349133 0.977614 -0.202289
v 0.30285 0.980263 -0.253383
v 0.305966 0.968176 -0.254676
v 0.151151 0.944027 -0.292302
v 0.0887524 0.955262 -0.290172
v 0.0722668 0.957183 -0.285488
v 0.0488815 0.96082 -0.276412
v 0.0372794 0.948573 -0.272661
v 0.0357173 0.962789 -0.268667
v 0.0765646 0.96655 0.0464498
v 0.184166 0.960036 0.0575301
v 0.190312 0.958257 0.0532309
v 0.369183 0.9878 -0.100507
v -0.173021 1.50702 0.649575
v -0.177345 1.48711 0.652644
v -0.164975 1.50476 0.650487
v 0.245354 0.961005 0.0512819
v 0.316149 0.974926 -0.00822937
v 0.331892 0.976529 -0.0249493
v 0.37033 0.979621 -0.164674
v 0.346818 0.991572 -0.196921
v 0.338767 0.98615 -0.216029
v 0.266192 0.968503 -0.276348
v 0.0244614 0.970689 -0.257878
v 0.0187907 0.964861 -0.254198
v -0.0212852 0.979326 -0.0693406
v 0.0228529 0.978588 -0.00323293
v 0.0478569 0.968312 0.0245799
v 0.0953083 0.963946 0.0598721
v 0.0591807 0.973681 -0.277642
v 0.0100445 0.973342 -0.23549
v -0.0191172 0.96581 -0.201816
v -0.00981245 0.978504 -0.0450663
v 0.195486 0.958459 0.0959752
v 0.256214 0.964513 0.0554364
v 0.279444 0.968568 0.0283522
v 0.298147 0.972456 0.00811602
v 0.372215 0.986635 -0.139119
v -0.177147 1.52376 0.641464
v -0.171555 1.53241 0.639235
v 0.47492 1.47631 0.632065
v 0.476363 1.45152 0.621573
v 0.366989 0.993292 -0.154177
v 0.327483 0.98428 -0.231974
v 0.255897 0.972594 -0.27988
v 0.212845 0.949987 -0.289523
v -0.0228061 0.97693 -0.191871
v 0.0899679 0.966434 0.0575271
v 0.111733 0.964038 0.0780445
v 0.164754 0.960377 0.094493
v 0.256655 0.966088 0.057566
v 0.297497 0.975363 0.0103055
v 0.348207 0.977266 -0.0435279
v -0.181131 1.50965 0.643029
v -0.164297 1.51372 0.642872
v -0.16812 1.48616 0.655023
v 0.47486 1.46105 0.633031
v 0.313877 0.987499 -0.242991
v 0.175503 0.963891 -0.290103
v 0.123943 0.952535 -0.294755
v -0.0294104 0.979934 -0.139084
v 0.157854 0.962785 0.099274
v 0.250067 0.971677 0.0678688
v -0.159467 1.48583 0.651648
v 0.481772 1.49517 0.63864
v -0.208758 1.48688 0.640822
v -0.187067 1.52747 0.632339
v 0.361807 0.992239 -0.173934
v -0.017816 0.983945 -0.207319
v -0.0249417 0.980919 -0.161084
v -0.0227974 0.985538 -0.0850794
v 0.0399111 0.98507 0.0120265
v 0.0576292 0.982673 0.0312415
v 0.061326 0.970211 0.0363231
v 0.272314 0.972681 0.0396642
v 0.367834 0.99579 -0.12445
v -0.205182 1.47962 0.639647
v -0.186493 1.49824 0.639483
v -0.156465 1.50442 0.645049
v -0.163532 1.4703 0.649269
v 0.479526 1.45748 0.61413
v 0.288135 0.987582 -0.260698
v 0.0195915 0.985566 -0.24973
v -0.00467703 0.986084 -0.0436235
v 0.0762945 0.983097 0.045625
v 0.0885671 0.975369 0.0563514
v 0.18369 0.962301 0.101016
v 0.228694 0.967513 0.0890264
v 0.34568 0.990575 -0.0458497
v -0.213477 1.48597 0.630494
v -0.192102 1.49021 0.639391
v -0.163443 1.45866 0.64757
v 0.461927 1.46952 0.626773
v 0.476097 1.5001 0.639787
v 0.298441 0.994499 -0.254096
v 0.260549 0.983277 -0.275788
v 0.0979616 0.957192 -0.291497
v -0.00556715 0.983317 -0.22507
v -0.0201393 0.989591 -0.199785
v -0.024055 0.990076 -0.147779
v 0.331808 0.989282 -0.0263711
v 0.35463 0.996515 -0.0684407
v -0.212354 1.48179 0.639084
v -0.183514 1.53362 0.629266
v -0.149061 1.47161 0.644672
v -0.174863 1.47036 0.644091
v 0.519809 1.48048 0.612119
v 0.490786 1.48459 0.622072
v 0.345807 0.999941 -0.201756
v 0.334147 1.00186 -0.226032
v 0.272592 0.998258 -0.268242
v 0.151618 0.970592 -0.290354
v 0.122724 0.972184 -0.292609
v -0.0150785 0.99231 -0.166734
v -0.0284475 0.984879 -0.108276
v -0.0155684 0.985666 -0.0645606
v 0.117785 0.973835 0.0822439
v 0.239631 0.963545 0.0776508
v -0.18816 1.51033 0.632015
v -0.15376 1.45435 0.646581
v 0.449953 1.49103 0.642848
v 0.510011 1.50465 0.622536
v -0.147705 1.48264 0.64448
v -0.20373 1.46879 0.631211
v -0.0268124 0.997445 -0.122486
v -0.0278092 0.994853 -0.110783
v 0.0630818 0.984161 0.0359737
v 0.146951 0.963864 0.0961825
v 0.162306 0.972348 0.101051
v 0.362002 0.997591 -0.0906719
v 0.365863 1.00821 -0.120161
v 0.350492 1.00292 -0.186869
v 0.256402 0.987197 -0.277764
v 0.248062 0.996293 -0.278823
v 0.0711003 0.972663 -0.282247
v -0.00319029 0.991131 -0.226702
v 0.464767 1.50313 0.639
v 0.526293 1.50071 0.612267
v 0.492116 1.47564 0.612338
v -0.215003 1.47918 0.625841
v -0.20441 1.48576 0.623825
v -0.194398 1.52136 0.622714
v -0.0200972 0.99607 -0.0742133
v 0.00638586 0.98554 -0.0249461
v 0.276579 0.986432 0.0332359
v 0.366724 1.00939 -0.155043
v 0.459592 1.47953 0.633283
v 0.448455 1.49897 0.643026
v 0.489489 1.50297 0.634115
v 0.49737 1.51864 0.619184
v 0.500926 1.50773 0.627328
v 0.518736 1.51727 0.609017
v 0.503971 1.48107 0.611436
v 0.482567 1.4692 0.615004
v -0.188559 1.52989 0.622651
v -0.162014 1.5261 0.634393
v -0.152189 1.46121 0.648572
v -0.202168 1.45835 0.62674
v 0.145446 0.982744 0.0953566
v 0.193464 0.972644 0.103005
v 0.210853 0.965273 0.0981359
v 0.302569 0.990633 0.00139869
v 0.335664 0.997601 -0.0322924
v 0.357073 0.995538 -0.180641
v 0.34343 1.01075 -0.215748
v 0.0399172 0.97293 -0.267837
v 0.00873786 0.993557 -0.227647
v 0.529702 1.50998 0.607812
v 0.52843 1.49058 0.598839
v 0.308911 1.0115 -0.246046
v 0.227249 0.995609 -0.281958
v 0.206474 0.971754 -0.288904
v 0.0925674 0.974467 -0.288316
v 0.0166721 0.985845 -0.012264
v 0.26814 0.988743 0.0437748
v -0.197216 1.49885 0.625352
v -0.200224 1.49432 0.617992
v -0.168832 1.5383 0.621614
v -0.149118 1.52766 0.615553
v -0.180529 1.45834 0.628496
v -0.18473 1.46429 0.63212
v 0.451749 1.47549 0.624089
v 0.347338 1.02172 -0.200158
v 0.183698 0.985229 -0.288377
v 0.036986 0.995054 -0.262591
v 0.0284089 0.992391 -0.257137
v -0.0172074 1.0149 -0.203664
v -0.0108421 1.00216 -0.147133
v -0.00529444 0.997999 -0.0408403
v 0.0264214 0.995085 0.00109436
v 0.127173 0.982516 0.0864414
v 0.308538 0.995581 -0.00632692
v -0.177372 1.53386 0.615401
v -0.138364 1.50658 0.626568
v -0.14829 1.49295 0.642726
v 0.446879 1.46214 0.620221
v 0.442545 1.49092 0.634887
v 0.45211 1.50749 0.63648
v 0.516445 1.48287 0.590299
v 0.486515 1.47103 0.606348
v 0.329286 1.01887 -0.229364
v 0.296089 1.02162 -0.256828
v 0.154205 0.984555 -0.290531
v 0.0904677 0.989437 -0.286157
v -0.00771444 0.994548 -0.223403
v -0.013444 1.01246 -0.213887
v -0.0148723 0.995572 -0.0586189
v 0.0511243 0.988376 0.0266126
v 0.234906 0.983916 0.0842727
v 0.290892 0.99401 0.0149851
v -0.161365 1.53557 0.614974
v -0.150767 1.51517 0.628927
v -0.145866 1.45028 0.635641
v -0.158194 1.44801 0.636423
v 0.49848 1.47473 0.596298
v 0.476206 1.45488 0.609584
v -0.211637 1.47345 0.613079
v -0.17215 1.53599 0.613774
v -0.170951 1.45559 0.625178
v -0.0242684 0.999424 -0.0935199
v 0.114238 0.9821 0.0776696
v 0.36561 1.01228 -0.144038
v 0.349505 1.01882 -0.184492
v 0.347697 1.03589 -0.204422
v 0.266429 1.01291 -0.269276
v 0.0140072 0.993279 -0.233664
v 0.475058 1.50972 0.63575
v 0.532315 1.51306 0.59613
v 0.513059 1.47903 0.599822
v 0.478103 1.4659 0.610087
v 0.361916 1.02638 -0.151877
v 0.215093 0.989363 -0.285359
v 0.124977 0.990862 -0.29188
v 0.109088 0.987379 -0.289002
v 0.00802826 1.0146 -0.222618
v -0.0220779 1.00101 -0.130598
v -0.0166522 1.01189 -0.0663997
v 0.28827 0.998363 0.0214907
v 0.335326 1.00565 -0.0320992
v -0.195227 1.51592 0.609998
v -0.181929 1.53039 0.604281
v 0.337623 1.03133 -0.219512
v 0.0545763 0.991708 -0.273232
v -0.0131756 1.00692 -0.0572424
v -0.00589871 1.01274 -0.0457555
v 0.0111099 1.00163 -0.0139498
v 0.193574 0.981089 0.103246
v 0.326648 1.01062 -0.0204267
v 0.350118 1.01256 -0.0625895
v -0.198611 1.47645 0.613369
v -0.186586 1.52349 0.606609
v -0.138398 1.48253 0.634492
v -0.136292 1.46968 0.629114
v -0.190386 1.45685 0.625759
v 0.442378 1.45425 0.606067
v 0.442648 1.50135 0.638209
v 0.509043 1.51622 0.612305
v 0.19681 1.00234 -0.287022
v 0.183662 0.998782 -0.285118
v -0.0083505 1.0044 -0.157708
v -0.0242536 1.00994 -0.105612
v 0.214286 0.98061 0.098477
v 0.272939 1.00469 0.0483504
v -0.140178 1.45774 0.636284
v 0.469293 1.5208 0.625947
v 0.527384 1.52014 0.595579
v 0.526301 1.49703 0.594296
v 0.46631 1.45924 0.59899
v 0.360501 1.01813 -0.112509
v 0.30142 1.02398 -0.253298
v 0.230973 1.00521 -0.278528
v 0.154736 1.00295 -0.287325
v 0.136967 0.999922 -0.289808
v -0.0150481 1.01363 -0.170244
v -0.00590888 1.0203 -0.15203
v 0.0171428 1.0094 -0.00618738
v 0.0369913 0.999252 0.0124762
v 0.16096 0.982793 0.0999574
v 0.225053 0.993392 0.0966316
v 0.300566 1.00135 0.00767683
v 0.348553 1.01885 -0.0615824
v 0.359341 1.01237 -0.0902245
v -0.149313 1.44761 0.627448
v 0.448767 1.47963 0.619953
v 0.486399 1.51709 0.623284
v 0.526033 1.5027 0.586268
v 0.509857 1.48078 0.58516
v 0.460634 1.45211 0.599725
v 0.362379 1.02407 -0.164381
v 0.0153091 1.01327 -0.235117
v -0.0198149 1.01308 -0.190423
v -0.00291083 1.01898 -0.132661
v 0.0591715 1.00058 0.0436598
v 0.295778 1.01483 0.0202919
v -0.213568 1.46862 0.61266
v -0.133307 1.45462 0.625904
v -0.206052 1.45261 0.604741
v 0.445684 1.48945 0.616805
v 0.482296 1.52679 0.61345
v 0.347605 1.03523 -0.0831294
v 0.317907 1.03735 -0.239351
v 0.281621 1.03269 -0.255726
v 0.0809346 1.00954 -0.279103
v 0.0202092 0.999626 -0.245157
v 0.0946087 0.98307 0.0601283
v 0.200516 0.989939 0.10776
v 0.234846 1.00079 0.0931742
v -0.215341 1.46097 0.612147
v -0.198787 1.50158 0.609845
v -0.187608 1.51756 0.596479
v -0.175103 1.53684 0.601344
v -0.164338 1.5381 0.600134
v -0.138986 1.51821 0.612517
v -0.189714 1.45268 0.612785
v 0.501906 1.47684 0.585346
v 0.469873 1.47129 0.602914
v 0.260192 1.02067 -0.268562
v 0.241795 1.01746 -0.271363
v 0.132062 1.01863 -0.282158
v -0.00741016 1.01293 -0.220698
v 0.0102409 1.00966 -0.0159925
v 0.0681572 0.994813 0.0475199
v 0.354257 1.02891 -0.125935
v 0.357147 1.03487 -0.136926
v -0.207777 1.4745 0.604487
v -0.152862 1.53523 0.598789
v 0.49576 1.52551 0.610605
v 0.529276 1.51718 0.580667
v 0.505489 1.49527 0.593839
v 0.304784 1.0399 -0.248347
v 0.226092 1.02984 -0.272929
v 0.255129 0.999402 0.0693483
v 0.289521 1.01066 0.0249221
v 0.33222 1.01863 -0.023769
v 0.327872 1.0257 -0.0161102
v 0.347598 1.03894 -0.113687
v -0.194345 1.4875 0.605936
v -0.124923 1.48247 0.620009
v -0.161458 1.46028 0.6106
v -0.174092 1.4591 0.616307
v 0.436781 1.50961 0.624668
v 0.443836 1.51319 0.630012
v 0.507706 1.52167 0.60151
v 0.496611 1.48039 0.582758
v 0.472193 1.47196 0.593341
v 0.463765 1.45754 0.588588
v 0.290386 1.03675 -0.251995
v 0.244968 1.03684 -0.260963
v 0.201101 1.01553 -0.284838
v 0.115184 1.00734 -0.287267
v 0.0899314 1.0318 -0.273865
v 0.0824965 0.990507 0.0532112
v 0.122356 0.998084 0.0903994
v -0.2123 1.47073 0.60148
v -0.198603 1.47436 0.608865
v -0.143287 1.52863 0.604956
v 0.5184 1.52681 0.589707
v 0.515092 1.496 0.577881
v 0.478108 1.47626 0.586118
v 0.468002 1.47013 0.590824
v 0.275947 1.04806 -0.251207
v 0.209177 1.02024 -0.283061
v 0.0673418 0.989288 -0.279966
v -0.0170846 1.0203 -0.0868481
v 0.185891 0.998912 0.112277
v 0.278623 1.01457 0.0409004
v 0.316409 1.01982 0.00319014
v -0.191337 1.48974 0.597529
v -0.126163 1.49551 0.614349
v -0.124011 1.46455 0.615412
v 0.442497 1.47026 0.609174
v 0.437692 1.50128 0.625957
v 0.459939 1.52261 0.620815
v 0.490977 1.47496 0.582582
v 0.332342 1.04878 -0.222091
v 0.314608 1.04923 -0.23893
v 0.257333 1.03786 -0.257487
v 0.146471 1.01768 -0.282302
v -0.00950311 1.03488 -0.196932
v -0.0166138 1.02639 -0.186517
v 0.0600781 1.0187 0.052477
v 0.0840881 1.01409 0.0594687
v 0.359766 1.03827 -0.152948
v 0.350578 1.04179 -0.168358
v -0.182535 1.5355 0.594435
v -0.14116 1.52479 0.597143
v -0.126749 1.50492 0.609683
v -0.139686 1.44826 0.617627
v -0.171518 1.46151 0.606347
v 0.441611 1.45467 0.593874
v 0.449549 1.48658 0.603715
v 0.52587 1.49954 0.571143
v 0.46861 1.46148 0.584549
v 0.251441 1.0494 -0.253908
v 0.181952 1.03456 -0.273881
v 0.100033 1.03534 -0.275146
v 0.0695286 1.02483 -0.271057
v 0.00368116 1.01459 -0.220383
v -0.00456838 1.04013 -0.215673
v -0.0095662 1.0307 -0.213148
v -0.0101314 1.02019 -0.113685
v 0.0367175 1.01127 0.0151606
v 0.111884 0.998975 0.0821116
v 0.342085 1.03099 -0.0557328
v -0.215743 1.48704 0.590006
v -0.192188 1.49943 0.5945
v -0.188437 1.50819 0.589561
v -0.180192 1.53686 0.58306
v -0.176638 1.53647 0.575269
v -0.15938 1.45279 0.599274
v 0.436923 1.46743 0.597913
v 0.441891 1.51936 0.621558
v 0.468678 1.53144 0.615768
v 0.50569 1.53141 0.591019
v 0.524376 1.52391 0.575813
v 0.34136 1.05821 -0.207141
v 0.325483 1.05664 -0.224992
v 0.0227944 1.02335 -0.24277
v 0.000104647 1.03935 -0.136718
v 0.00208981 1.02822 -0.133746
v 0.00418568 1.01677 -0.0302298
v 0.151962 0.998946 0.105858
v 0.259121 1.01396 0.0680036
v 0.358333 1.05263 -0.136444
v -0.194929 1.49785 0.589103
v -0.186922 1.52318 0.594043
v -0.121159 1.48173 0.613042
v 0.449398 1.48378 0.600449
v 0.485806 1.4939 0.590027
v 0.477776 1.48234 0.585975
v 0.474587 1.4758 0.581357
v 0.348539 1.06472 -0.191997
v 0.2677 1.04373 -0.252829
v 0.161877 1.02622 -0.275349
v 0.121545 1.01345 -0.28629
v -0.00705292 1.04656 -0.172479
v -0.0182442 1.03085 -0.170464
v -0.00788665 1.03021 -0.0424524
v 0.053325 1.01847 0.0443506
v -0.210135 1.49505 0.585505
v -0.196292 1.48752 0.595157
v 0.437971 1.47443 0.597839
v 0.479579 1.53928 0.596195
v 0.529834 1.50664 0.569006
v 0.512629 1.49067 0.565474
v 0.490586 1.49657 0.584585
v 0.480473 1.46471 0.57099
v 0.293348 1.053 -0.249314
v 0.143423 1.03177 -0.277227
v 0.0437872 1.01987 -0.259839
v 0.0289773 1.03901 -0.243126
v 0.0257611 1.04336 -0.238089
v -0.00716221 1.04723 -0.203299
v -0.0142321 1.024 -0.201587
v 0.0679374 1.0271 0.0589431
v 0.0946442 1.02709 0.0699382
v 0.126348 1.01633 0.0979844
v 0.196827 1.00445 0.113844
v 0.21096 1.0016 0.109765
v 0.230833 1.01731 0.0997445
v -0.214281 1.46761 0.594744
v -0.222981 1.48415 0.581339
v -0.191673 1.53156 0.580167
v -0.125032 1.45405 0.610343
v -0.140863 1.44761 0.60524
v 0.432884 1.50601 0.610174
v 0.514972 1.53025 0.578425
v 0.472916 1.48752 0.587746
v 0.480705 1.4587 0.562029
v 0.312541 1.05724 -0.232402
v 0.300518 1.06272 -0.23745
v 0.0579726 1.02637 -0.266026
v -0.0164202 1.02125 -0.10269
v 0.0176146 1.01911 -0.00309134
v 0.154053 1.02071 0.109875
v 0.254424 1.03524 0.0699234
v 0.305459 1.02715 0.0197929
v 0.340094 1.04752 -0.0927003
v -0.212918 1.45662 0.590921
v 0.432905 1.46062 0.587309
v 0.477609 1.4934 0.583383
v 0.458489 1.45392 0.581595
v 0.474707 1.48776 0.579474
v 0.349796 1.05982 -0.157412
v 0.291143 1.06422 -0.244472
v 0.206788 1.06433 -0.266422
v 0.0340962 1.05511 -0.240599
v 0.0067618 1.0479 -0.212076
v -0.000712128 1.0607 -0.166152
v -0.0119578 1.03122 -0.0554277
v 0.276763 1.02628 0.0430507
v 0.333341 1.04836 -0.0594431
v -0.198915 1.52109 0.578319
v -0.123315 1.46398 0.603445
v -0.166794 1.45203 0.593213
v 0.430706 1.47247 0.588542
v 0.450534 1.532 0.610676
v 0.492643 1.53878 0.59333
v 0.522197 1.49265 0.561203
v 0.306558 1.06999 -0.217036
v 0.0106552 1.03173 -0.219382
v -0.000965337 1.06094 -0.208892
v -0.00150384 1.03181 -0.113679
v 0.00752835 1.03343 -0.0209349
v 0.11024 1.01428 0.0840878
v 0.116592 1.02653 0.0926277
v 0.280306 1.03348 0.0422932
v 0.341903 1.05504 -0.101609
v 0.350967 1.06454 -0.108039
v -0.142576 1.52023 0.584631
v -0.14424 1.44917 0.595071
v -0.176676 1.448 0.595193
v -0.182683 1.44568 0.591826
v 0.316116 1.07096 -0.212352
v 0.162264 1.04309 -0.266282
v -0.014206 1.04988 -0.148487
v 0.00138202 1.04324 -0.0956939
v -0.00611358 1.04767 -0.0703524
v 0.0338911 1.02147 0.0162972
v 0.350971 1.06951 -0.161754
v -0.202291 1.44753 0.586479
v -0.22212 1.49498 0.57717
v -0.155346 1.52995 0.581838
v -0.125101 1.45704 0.601052
v 0.43864 1.48665 0.594463
v 0.463624 1.54155 0.604995
v 0.525429 1.51327 0.556368
v 0.491544 1.49117 0.572342
v 0.486653 1.47401 0.564372
v 0.344549 1.07368 -0.192816
v 0.294875 1.07204 -0.228744
v 0.264153 1.07764 -0.249
v 0.171511 1.04909 -0.263765
v 0.13266 1.0492 -0.267872
v 0.0635341 1.05307 -0.257536
v -0.0114462 1.04723 -0.143663
v 0.00310399 1.04992 -0.0964696
v -0.00486881 1.04514 -0.0849229
v -0.010024 1.03893 -0.0647946
v 0.0572304 1.04492 0.0572384
v 0.181589 1.02243 0.117558
v 0.317708 1.04322 -0.00864505
v 0.32963 1.05615 -0.0537149
v 0.355367 1.05665 -0.12121
v 0.353111 1.07035 -0.113386
v -0.212189 1.4624 0.582545
v -0.209751 1.50499 0.574588
v -0.191722 1.53416 0.566875
v -0.122619 1.48013 0.601359
v 0.527154 1.50176 0.540419
v 0.492266 1.47121 0.554138
v 0.295462 1.08223 -0.199007
v 0.25639 1.05874 -0.25145
v 0.195108 1.0572 -0.268021
v 0.149773 1.0561 -0.262932
v 0.105215 1.04132 -0.273185
v -0.015286 1.04343 -0.16368
v 0.00576044 1.04402 -0.123053
v 0.0147558 1.02828 -0.00843803
v 0.0416111 1.03792 0.03223
v 0.102093 1.02636 0.0767528
v 0.318011 1.05213 -0.0230698
v -0.202538 1.52557 0.562357
v -0.129824 1.44951 0.606839
v 0.429114 1.51527 0.609391
v 0.502324 1.53415 0.583596
v 0.507693 1.47836 0.549941
v 0.49492 1.47929 0.558253
v 0.472331 1.45517 0.556342
v 0.448962 1.45282 0.573093
v 0.319507 1.08729 -0.182109
v 0.29091 1.08154 -0.209359
v 0.11637 1.04967 -0.264033
v 0.0745379 1.05839 -0.258709
v 0.195731 1.04175 0.118506
v 0.293797 1.03925 0.0359625
v 0.308225 1.03477 0.0167875
v 0.307611 1.05171 0.0152729
v 0.349819 1.07741 -0.130943
v -0.206434 1.51241 0.572046
v -0.149874 1.52355 0.570676
v -0.163786 1.45024 0.582746
v 0.431309 1.496 0.59284
v 0.435012 1.528 0.610054
v 0.528649 1.49436 0.549239
v 0.521948 1.4856 0.547938
v 0.337129 1.07921 -0.194638
v 0.214915 1.06138 -0.266166
v 0.0884548 1.06041 -0.260701
v 0.0136842 1.06646 -0.209577
v 0.00485951 1.05345 -0.124858
v 0.0279063 1.03819 0.0135978
v 0.18502 1.04086 0.119199
v 0.242039 1.02474 0.0873443
v 0.248948 1.04635 0.0778897
v 0.293794 1.05375 0.0412569
v 0.335977 1.06015 -0.0868498
v -0.134207 1.45353 0.590188
v -0.180207 1.44695 0.583823
v 0.461914 1.5414 0.600443
v 0.285499 1.08234 -0.221347
v 0.230263 1.06188 -0.259691
v 0.161128 1.06327 -0.256595
v 0.0228914 1.06495 -0.222769
v -0.00463001 1.05694 -0.163715
v 0.351823 1.07939 -0.0980403
v -0.216673 1.47253 0.566533
v -0.168011 1.53503 0.565901
v -0.13289 1.49691 0.577645
v 0.428875 1.50871 0.591083
v 0.519341 1.5228 0.564044
v 0.482976 1.45903 0.549255
v 0.47711 1.45846 0.544728
v 0.355259 1.08138 -0.163174
v 0.303866 1.08259 -0.191686
v 0.269256 1.08247 -0.246751
v 0.231676 1.03887 0.100554
v 0.328492 1.06579 -0.0679774
v -0.149423 1.45025 0.581281
v 0.495266 1.46831 0.54319
v 0.292465 1.08754 -0.207917
v 0.272144 1.0865 -0.239159
v 0.242712 1.07559 -0.251613
v 0.228715 1.07453 -0.256837
v 0.140228 1.06286 -0.258616
v -0.00455089 1.06183 -0.206315
v -0.00125154 1.064 -0.180448
v -0.0112685 1.07318 -0.126833
v -0.00287185 1.04246 -0.0315585
v 0.0495167 1.05244 0.0502435
v 0.0848693 1.03359 0.0652261
v 0.157655 1.0386 0.114225
v 0.279202 1.05069 0.0553747
v -0.201769 1.44807 0.578823
v -0.218393 1.48312 0.558039
v -0.16535 1.53238 0.554795
v 0.430509 1.4868 0.582178
v 0.513145 1.52391 0.557475
v 0.519717 1.48019 0.531567
v 0.501771 1.46929 0.535471
v 0.470564 1.46388 0.534935
v 0.457028 1.45359 0.553173
v 0.33656 1.08679 -0.181745
v 0.169804 1.07568 -0.249536
v 0.00904217 1.07032 -0.110108
v 0.0088639 1.05905 -0.0965551
v 0.0110167 1.06454 -0.0814749
v -0.00582024 1.04984 -0.0374425
v 0.0199009 1.05893 0.00430354
v 0.25971 1.04513 0.066189
v 0.288458 1.05255 0.0480615
v 0.311217 1.05875 -0.0106612
v 0.313764 1.06636 -0.0255866
v -0.214538 1.50438 0.560977
v -0.193103 1.5313 0.549411
v -0.133519 1.46348 0.571424
v -0.172426 1.45259 0.570669
v 0.431508 1.47755 0.574828
v 0.442266 1.53085 0.590515
v 0.525607 1.4895 0.533704
v 0.293476 1.09838 -0.213965
v 0.266887 1.09462 -0.239331
v 0.25147 1.08402 -0.248724
v 0.216261 1.0789 -0.258006
v 0.111046 1.07125 -0.251228
v 0.000254276 1.07081 -0.152165
v -0.00869884 1.06007 -0.131306
v 0.116076 1.04501 0.0963959
v 0.295561 1.06034 0.0333882
v -0.2086 1.45978 0.572732
v -0.143767 1.5156 0.570469
v -0.129191 1.47888 0.572871
v 0.430108 1.52215 0.603711
v 0.487026 1.53347 0.569515
v 0.520358 1.51115 0.537881
v 0.506734 1.47336 0.522836
v 0.488685 1.46458 0.535168
v 0.277402 1.08887 -0.228662
v 0.00842826 1.06687 -0.20727
v 0.00153815 1.06702 -0.165358
v -0.0122972 1.0625 -0.150306
v 0.0135236 1.06832 -0.102301
v 0.0010478 1.05616 -0.078642
v -0.0046026 1.05897 -0.0509512
v 0.0665595 1.04188 0.0642305
v 0.322831 1.07693 -0.0580431
v 0.343601 1.08553 -0.0786355
v -0.19509 1.45462 0.569523
v -0.20058 1.52682 0.548715
v -0.186658 1.45152 0.573046
v 0.245755 1.09789 -0.235434
v 0.235754 1.08851 -0.247569
v 0.144251 1.0774 -0.245583
v 0.0348894 1.07405 -0.230537
v -0.00308468 1.07622 -0.200524
v -0.00245251 1.06722 -0.056987
v -0.00124523 1.06283 -0.025736
v 0.218545 1.03851 0.110909
v 0.332055 1.07498 -0.0783146
v 0.352154 1.09058 -0.163336
v -0.19977 1.46506 0.550694
v -0.18342 1.53373 0.552747
v -0.14472 1.45786 0.566088
v 0.432204 1.51279 0.579512
v 0.456297 1.52817 0.563131
v 0.458051 1.53494 0.581649
v 0.178569 1.07961 -0.25071
v 0.0943799 1.08169 -0.245584
v 0.049479 1.0636 -0.246056
v -0.0112022 1.07604 -0.137317
v -0.0128856 1.06858 -0.137163
v 0.00774599 1.06035 -0.00956482
v 0.159901 1.05722 0.116804
v 0.34771 1.09078 -0.0827021
v 0.34986 1.09055 -0.111899
v 0.308386 1.11342 -0.167189
v 0.301579 1.09814 -0.188377
v 0.297371 1.10681 -0.206589
v 0.275566 1.09913 -0.230268
v 0.162206 1.07444 -0.248792
v 0.0208258 1.08591 -0.207864
v -4.90214e-005 1.07805 -0.150128
v 0.296624 1.06847 0.0138444
v 0.327535 1.08881 -0.0624581
v 0.355292 1.08637 -0.145734
v 0.343941 1.09582 -0.163991
v 0.314681 1.09824 -0.171342
v -0.210876 1.47212 0.553835
v -0.205606 1.51964 0.542309
v 0.437727 1.52396 0.580868
v 0.523192 1.49491 0.525335
v 0.516951 1.48022 0.52188
v 0.346036 1.11494 -0.131144
v 0.0919923 1.05889 0.074936
v 0.312813 1.07638 -0.0284295
v -0.185081 1.5287 0.539038
v 0.438081 1.50837 0.56124
v 0.471826 1.53017 0.558535
v 0.306698 1.11426 -0.195492
v 0.28633 1.11226 -0.205114
v 0.254033 1.10836 -0.223834
v 0.22863 1.09441 -0.242421
v 0.137772 1.09559 -0.233825
v 0.131528 1.0674 -0.257163
v 0.100611 1.07716 -0.248161
v 0.00658465 1.08084 -0.160208
v -0.00948881 1.08262 -0.137305
v 0.0143446 1.07883 -0.0635112
v 0.0580675 1.05735 0.0619778
v 0.171431 1.06737 0.118884
v 0.247877 1.06375 0.0814149
v 0.303162 1.08977 -0.0215324
v -0.213041 1.49904 0.545387
v -0.156797 1.52322 0.54664
v -0.142204 1.50536 0.549183
v 0.432879 1.49461 0.567085
v 0.500497 1.47678 0.509092
v 0.296968 1.11355 -0.201264
v 0.272696 1.10454 -0.225729
v 0.05933 1.08615 -0.235377
v 0.00570757 1.08516 -0.172257
v 0.0663107 1.05996 0.0662135
v 0.0827476 1.05119 0.0681758
v 0.144046 1.04982 0.111069
v 0.271623 1.06238 0.0652127
v 0.35526 1.09984 -0.121496
v 0.306569 1.11378 -0.175459
v -0.18661 1.46698 0.537282
v -0.208973 1.48803 0.54076
v -0.171236 1.52939 0.541906
v 0.442943 1.51585 0.558543
v 0.517591 1.48858 0.516041
v 0.485538 1.4678 0.524716
v 0.200526 1.09664 -0.244474
v 0.164237 1.09341 -0.239125
v 0.123812 1.08755 -0.247353
v 0.119818 1.08309 -0.249351
v 0.0120907 1.08328 -0.20398
v 0.0278148 1.05916 0.0167785
v 0.223416 1.05914 0.104913
v 0.307399 1.09203 -0.0307494
v -0.201848 1.50205 0.524382
v -0.175421 1.52727 0.521625
v -0.168088 1.46045 0.549828
v 0.454832 1.52428 0.553958
v 0.506141 1.51522 0.519273
v 0.168283 1.10402 -0.232982
v 0.0943942 1.0893 -0.241756
v 0.00170837 1.08315 -0.206345
v -0.00604666 1.09109 -0.145424
v 0.00197492 1.07385 -0.0544363
v -0.00359 1.07158 -0.0381051
v -0.0022786 1.07321 -0.0260292
v 0.037503 1.05963 0.0322502
v 0.101506 1.04748 0.0815315
v 0.12696 1.0463 0.103096
v 0.323672 1.11095 -0.148863
v 0.317099 1.1292 -0.140454
v -0.161656 1.52721 0.537139
v -0.136244 1.48868 0.548996
v 0.440038 1.47372 0.54695
v 0.443583 1.50565 0.535428
v 0.483082 1.5249 0.534095
v 0.476124 1.46777 0.523096
v 0.184148 1.09745 -0.241882
v 0.125685 1.09911 -0.239828
v 0.0748274 1.08436 -0.239458
v 0.0433757 1.08982 -0.223478
v 0.0157683 1.09781 -0.20262
v 0.00774874 1.09044 -0.156633
v -0.0123531 1.08342 -0.124746
v 0.0159549 1.07869 -0.0834191
v 0.0822743 1.07001 0.0720507
v 0.318546 1.08986 -0.0514865
v 0.309565 1.12794 -0.166398
v -0.198823 1.47655 0.534865
v -0.185011 1.52273 0.514732
v 0.484101 1.47073 0.505409
v 0.437 1.48978 0.550936
v 0.220206 1.10762 -0.226187
v 0.144721 1.09437 -0.233862
v 0.0531548 1.08003 -0.238021
v 0.0080101 1.1041 -0.204179
v 0.193998 1.06975 0.115793
v 0.231456 1.05854 0.0983511
v 0.241902 1.06005 0.0862379
v 0.288095 1.08124 0.020414
v 0.349881 1.10304 -0.0896095
v 0.355469 1.10818 -0.122117
v 0.331312 1.11017 -0.144149
v 0.308343 1.12289 -0.193657
v -0.138741 1.47108 0.554093
v -0.160809 1.52477 0.530846
v -0.146368 1.50945 0.537191
v -0.147909 1.46498 0.551802
v -0.164868 1.46559 0.539191
v 0.313263 1.13256 -0.174956
v 0.254812 1.12136 -0.20111
v 0.237005 1.11391 -0.219676
v 0.0242071 1.09594 -0.204958
v 0.000667743 1.09106 -0.200311
v 0.01162 1.10793 -0.171327
v 0.00133231 1.0865 -0.150631
v 0.0115098 1.08076 -0.0946036
v 0.00221789 1.06967 -0.0132347
v 0.057414 1.06545 0.0634677
v 0.126941 1.06728 0.104741
v 0.290895 1.08904 0.00823058
v 0.512356 1.50773 0.512851
v 0.5074 1.48532 0.503932
v 0.491094 1.47484 0.497239
v 0.471592 1.47023 0.510962
v 0.44819 1.48064 0.528099
v 0.453677 1.5186 0.534192
v 0.210013 1.11694 -0.219231
v 0.15045 1.10892 -0.221612
v 0.0886535 1.0976 -0.238175
v 0.00575706 1.10165 -0.197353
v -0.00471104 1.10049 -0.146623
v -0.0117628 1.09019 -0.131117
v -0.0127893 1.09198 -0.12117
v 0.018997 1.08628 -0.06826
v 0.0428891 1.07275 0.0444306
v 0.101219 1.08081 0.084982
v 0.110621 1.06947 0.0927592
v -0.201653 1.4901 0.525852
v -0.196164 1.51077 0.519684
v 0.350864 1.10805 -0.137535
v 0.272703 1.12469 -0.196111
v 0.195818 1.11518 -0.221727
v 0.111412 1.10995 -0.236577
v 0.0632341 1.09677 -0.229731
v 0.0415622 1.10663 -0.205558
v 0.00196273 1.09277 -0.0166533
v 0.25483 1.0789 0.0830451
v 0.277871 1.0666 0.0624126
v -0.198327 1.49616 0.50556
v 0.468171 1.52629 0.54051
v 0.292962 1.13616 -0.195918
v 0.29876 1.12442 -0.197168
v 0.0877826 1.10374 -0.233668
v 0.055613 1.10455 -0.219287
v -0.00742286 1.08067 -0.117233
v 0.0068 1.07081 -0.00523064
v 0.223527 1.0726 0.104743
v 0.33756 1.10143 -0.0546933
v -0.187041 1.4732 0.521441
v -0.142581 1.49998 0.534706
v -0.140807 1.49094 0.528894
v -0.136337 1.47875 0.548683
v -0.155762 1.4649 0.544261
v -0.153904 1.46896 0.52943
v 0.000459959 1.08608 -0.0308381
v 0.0156686 1.07674 0.0088662
v 0.0688358 1.08205 0.0737115
v 0.355292 1.12528 -0.0931649
v 0.331455 1.13204 -0.11292
v 0.228761 1.12563 -0.205151
v 0.16626 1.11802 -0.218404
v 0.131477 1.11138 -0.220753
v -0.0107087 1.11461 -0.135402
v 0.511771 1.49607 0.505354
v 0.504503 1.4923 0.486969
v 0.46533 1.47219 0.499516
v 0.446984 1.51311 0.538274
v -0.194941 1.48381 0.518459
v 0.299828 1.14342 -0.192163
v 0.273474 1.14062 -0.195751
v 0.252836 1.1318 -0.193916
v 0.180147 1.11788 -0.217812
v 0.102518 1.10378 -0.240363
v 0.0396511 1.1142 -0.202537
v 0.0191022 1.11894 -0.200651
v -0.00841634 1.09603 -0.141636
v -0.0102095 1.0993 -0.113
v 0.0202101 1.09781 -0.0643268
v 0.0596482 1.08501 0.0696996
v 0.149034 1.08817 0.115499
v 0.509087 1.50657 0.496882
v 0.451677 1.48106 0.510148
v 0.49609 1.52121 0.526563
v 0.306827 1.14396 -0.186044
v 0.25446 1.13876 -0.192641
v 0.161276 1.1247 -0.212885
v 0.14633 1.1158 -0.216777
v 0.0809941 1.10886 -0.222538
v 0.0676551 1.10734 -0.221818
v 0.0516181 1.11299 -0.20451
v 0.00961476 1.1158 -0.149816
v -0.0033363 1.11262 -0.145768
v 0.00423144 1.09087 -0.00840096
v 0.263168 1.08832 0.0816189
v 0.275089 1.09593 0.0384496
v 0.0169917 1.11001 -0.200652
v -0.162515 1.52786 0.523712
v 0.499292 1.48237 0.489011
v 0.446048 1.492 0.522172
v 0.354771 1.1197 -0.0785351
v 0.316058 1.13883 -0.141849
v 0.322251 1.14841 -0.137236
v 0.212399 1.13407 -0.202555
v 0.177264 1.12972 -0.206886
v 0.00556073 1.1137 -0.145845
v 0.0216507 1.08947 0.0208425
v 0.209335 1.07511 0.10951
v 0.343818 1.11022 -0.0577783
v 0.0277978 1.11537 -0.190573
v 0.0198978 1.11326 -0.194545
v -0.173017 1.46943 0.519855
v -0.18444 1.47484 0.505317
v 0.504644 1.5008 0.479954
v 0.449339 1.48238 0.49733
v 0.507627 1.51451 0.509302
v 0.0170757 1.12112 -0.198841
v 0.0166506 1.08609 -0.0831146
v 0.118935 1.08671 0.102156
v 0.166491 1.09485 0.117942
v 0.180581 1.08352 0.116761
v 0.189385 1.09805 0.111957
v 0.323165 1.13479 -0.122573
v -0.195365 1.49216 0.486279
v 0.324833 1.1505 -0.151173
v 0.207953 1.13694 -0.200319
v 0.13242 1.11935 -0.220097
v 0.112636 1.12226 -0.225649
v 0.0952098 1.10932 -0.229445
v 0.0911754 1.11718 -0.207088
v 0.0169982 1.11867 -0.16755
v 0.0866952 1.09533 0.0797918
v 0.092082 1.08038 0.0781447
v 0.279759 1.08248 0.052669
v 0.311396 1.10961 -0.0253236
v 0.330148 1.11894 -0.0283563
v 0.224057 1.14098 -0.194797
v 0.182838 1.13502 -0.204548
v 0.177204 1.13629 -0.208918
v 0.0650675 1.11768 -0.202123
v -0.189592 1.51894 0.504477
v -0.149881 1.5191 0.518658
v 0.47442 1.46837 0.490604
v 0.445348 1.48958 0.50474
v 0.0143839 1.11787 -0.1944
v 0.0200832 1.09876 -0.0443529
v 0.00451528 1.08719 -0.0373099
v 0.0458213 1.09755 0.053587
v 0.140688 1.08039 0.111482
v 0.318758 1.14047 -0.127005
v 0.296187 1.16338 -0.184033
v -0.191497 1.51507 0.483723
v -0.144 1.50999 0.522714
v 0.495955 1.47972 0.469032
v 0.481625 1.46795 0.471037
v 0.4588 1.47306 0.485596
v 0.44454 1.49943 0.529826
v 0.247097 1.15677 -0.196576
v 0.205463 1.14371 -0.197806
v 0.145993 1.1355 -0.221974
v 0.119676 1.12564 -0.222296
v 0.0855332 1.12363 -0.196988
v 0.058178 1.12641 -0.192897
v 0.0184447 1.11826 -0.0524509
v 0.0161948 1.09462 -0.0410275
v 0.0137223 1.09479 0.0125807
v 0.297387 1.11172 -0.00739954
v 0.351731 1.12642 -0.0566505
v -0.169004 1.46709 0.505635
v 0.50098 1.48871 0.469675
v 0.461723 1.4669 0.463868
v 0.464847 1.52301 0.526958
v 0.325533 1.14811 -0.0993255
v 0.250656 1.16381 -0.19943
v 0.222586 1.15113 -0.193246
v 0.176772 1.14919 -0.219324
v 0.157934 1.14395 -0.21755
v 0.13471 1.13624 -0.217478
v 0.125784 1.13868 -0.215287
v 0.104466 1.12388 -0.204569
v 0.080476 1.13028 -0.192897
v 0.0193386 1.12589 -0.156885
v 0.0371009 1.09055 0.0399189
v 0.157892 1.08788 0.117745
v 0.208087 1.09303 0.110083
v 0.247379 1.10697 0.0972742
v 0.271494 1.09078 0.0701599
v 0.258972 1.11477 0.0800723
v 0.274484 1.10751 0.0335858
v 0.353214 1.13296 -0.0565146
v -0.192478 1.48361 0.49679
v -0.185475 1.52227 0.484344
v -0.169698 1.5276 0.508546
v -0.155181 1.52779 0.509435
v -0.141613 1.4828 0.525717
v -0.158197 1.4685 0.523386
v 0.504907 1.51774 0.488004
v 0.479235 1.46621 0.454393
v 0.46773 1.46317 0.453204
v 0.495806 1.52279 0.506825
v 0.203072 1.14974 -0.200255
v 0.137337 1.14049 -0.208503
v 0.120587 1.1336 -0.213565
v 0.120937 1.1387 -0.196505
v 0.10739 1.12959 -0.19727
v 0.0429402 1.12739 -0.189002
v 0.0291521 1.12332 -0.190992
v 0.0282173 1.13042 -0.198303
v -0.00566082 1.11997 -0.106295
v -0.00513391 1.11676 -0.0939707
v 0.00656455 1.10472 -0.0122355
v 0.0729675 1.09817 0.0800148
v 0.274988 1.11871 0.0320111
v 0.339646 1.12987 -0.027439
v 0.484761 1.52391 0.518485
v 0.318544 1.15371 -0.163836
v 0.282722 1.17266 -0.190574
v 0.285539 1.15401 -0.195126
v 0.185492 1.1492 -0.215087
v 0.0427448 1.13195 -0.189448
v -0.00949367 1.12746 -0.127351
v 0.0146318 1.12049 -0.0057012
v 0.230017 1.09088 0.100602
v 0.501799 1.49494 0.464361
v 0.441814 1.4981 0.496814
v 0.493732 1.52561 0.489348
v -0.177679 1.52614 0.502249
v 0.270968 1.1574 -0.197375
v 0.175684 1.153 -0.216642
v 0.127142 1.14028 -0.197999
v 0.100059 1.13488 -0.19347
v 0.0605066 1.13344 -0.187586
v 0.0388245 1.13754 -0.197718
v 0.0351629 1.14461 -0.194347
v 0.0274968 1.13551 -0.173257
v 0.00344063 1.10618 -0.0804478
v 0.0601157 1.09415 0.0707886
v 0.255439 1.11081 0.0927403
v 0.345761 1.13681 -0.0330725
v 0.351689 1.14195 -0.0528599
v 0.470866 1.46065 0.433137
v 0.444333 1.50634 0.514326
v 0.452709 1.51989 0.497177
v 0.350482 1.14604 -0.0673593
v 0.312775 1.16537 -0.165971
v 0.219203 1.15629 -0.196581
v 0.206248 1.16809 -0.213303
v 0.158136 1.15001 -0.204442
v 0.0352236 1.14164 -0.200412
v -0.00899187 1.12536 -0.142846
v -0.00291297 1.10701 -0.0894311
v 0.023057 1.1113 -0.0412737
v 0.0666607 1.09978 0.078387
v 0.213966 1.09368 0.108697
v 0.302909 1.12689 0.000783593
v -0.151075 1.52344 0.506541
v -0.140872 1.50606 0.508403
v 0.447832 1.51373 0.514768
v 0.467073 1.52512 0.501173
v -0.18426 1.47298 0.46656
v -0.188591 1.47812 0.465416
v -0.192853 1.50652 0.474157
v -0.150854 1.47048 0.502941
v 0.336766 1.16826 -0.129995
v 0.190634 1.16001 -0.217892
v 0.191742 1.16893 -0.213962
v 0.134146 1.14846 -0.196973
v 0.11488 1.14982 -0.195954
v 0.0907763 1.13874 -0.19221
v 0.0776089 1.14131 -0.18709
v 0.0669187 1.14738 -0.188195
v 0.0188834 1.13176 -0.150612
v -0.00351916 1.13116 -0.144342
v 0.00422846 1.12191 -0.0655693
v 0.0378634 1.10604 0.0455183
v 0.0959746 1.0949 0.0833697
v 0.213719 1.11407 0.109619
v 0.260287 1.11835 0.0583432
v 0.28451 1.12582 0.0211005
v 0.328598 1.16447 -0.0742675
v 0.488715 1.47239 0.448005
v -0.189838 1.51498 0.460149
v 0.261881 1.17383 -0.199341
v 0.17239 1.15812 -0.203339
v 0.0905948 1.14813 -0.190372
v 0.0531857 1.14797 -0.194867
v 0.0312495 1.14566 -0.165273
v 0.0255219 1.10423 0.0323102
v 0.0889332 1.11127 0.0828125
v 0.1723 1.12209 0.112008
v 0.348121 1.13616 -0.0957792
v 0.328606 1.15649 -0.0813028
v 0.499173 1.50306 0.446522
v 0.333001 1.16912 -0.0528428
v 0.338335 1.1782 -0.128688
v 0.162096 1.15894 -0.199775
v 0.00964186 1.12668 -0.144201
v -0.0121235 1.13458 -0.133562
v 0.199149 1.11857 0.113407
v 0.329027 1.13325 -0.0127735
v -0.191134 1.48442 0.461295
v -0.193041 1.49737 0.455818
v -0.142167 1.51206 0.508519
v 0.50272 1.51342 0.476
v 0.438591 1.49023 0.461853
v -0.168958 1.5283 0.491083
v -0.148264 1.52286 0.498273
v -0.140784 1.48955 0.514857
v -0.146579 1.47477 0.525453
v 0.223957 1.17722 -0.208687
v 0.0513101 1.15518 -0.199812
v 0.0224866 1.11465 -0.0237561
v 0.0154734 1.11255 0.0237932
v 0.0996903 1.11091 0.0869469
v 0.227427 1.10781 0.105158
v 0.334978 1.15581 0.00140256
v 0.477326 1.46345 0.429398
v 0.444221 1.51498 0.486201
v 0.493072 1.52383 0.474853
v 0.333804 1.15257 -0.0794403
v 0.337041 1.16541 -0.121582
v 0.31574 1.17628 -0.155709
v 0.175321 1.16871 -0.199032
v 0.131903 1.15529 -0.197212
v 0.0826684 1.15448 -0.190676
v 0.0629929 1.15697 -0.196407
v 0.0399701 1.16385 -0.190152
v 0.0108828 1.14485 -0.144219
v -0.0135073 1.15089 -0.121325
v -0.00214959 1.12723 -0.0782156
v 0.0511768 1.10973 0.0616691
v 0.14994 1.11673 0.117229
v 0.286501 1.13846 0.0266629
v 0.342876 1.15728 -0.0160559
v -0.144099 1.47957 0.505406
v 0.449924 1.47248 0.457096
v 0.467862 1.52794 0.479031
v -0.15867 1.46581 0.49647
v -0.174317 1.46666 0.477515
v -0.178896 1.52386 0.450065
v -0.142551 1.51552 0.489355
v 0.117754 1.16191 -0.198919
v 0.0964197 1.15545 -0.193131
v -0.00533405 1.1452 -0.143454
v -0.0038545 1.13413 -0.102408
v 0.0101506 1.11075 0.0139935
v 0.0661175 1.11862 0.0801777
v 0.152561 1.12682 0.116959
v 0.237635 1.1231 0.106388
v 0.495376 1.48219 0.440624
v 0.485309 1.5282 0.492713
v -0.177512 1.52582 0.468881
v 0.242127 1.18065 -0.203589
v 0.207575 1.17841 -0.213854
v 0.184114 1.17272 -0.20132
v 0.149569 1.17124 -0.201583
v 0.126504 1.11229 0.105774
v 0.347297 1.15623 -0.0365175
v 0.480909 1.46866 0.418753
v 0.471702 1.46115 0.418618
v 0.344043 1.15661 -0.0614296
v 0.269582 1.1818 -0.194564
v 0.224259 1.19168 -0.207621
v 0.200092 1.17793 -0.214243
v 0.254056 1.12018 0.0913066
v -0.15267 1.46677 0.48243
v 0.495314 1.5191 0.455191
v 0.489348 1.4764 0.424834
v 0.457358 1.46168 0.436304
v -0.166657 1.46406 0.477736
v -0.186861 1.48173 0.427007
v -0.189303 1.50763 0.441105
v -0.140482 1.48524 0.490815
v 0.271347 1.19605 -0.185677
v 0.245146 1.18907 -0.201728
v 0.0945101 1.17554 -0.201697
v 0.0869639 1.16586 -0.197898
v 0.0705793 1.16451 -0.199179
v 0.0181937 1.15018 -0.145901
v 0.0235555 1.1313 -0.030087
v 0.00855141 1.11836 0.0074796
v 0.0286018 1.11448 0.0383043
v 0.0628263 1.11602 0.0772605
v 0.18025 1.12168 0.110671
v 0.324829 1.15715 0.0156043
v 0.301879 1.18305 -0.162492
v 0.0581122 1.16852 -0.200801
v 0.0416701 1.15271 -0.200524
v 0.00257869 1.14216 -0.0540705
v 0.00676352 1.1353 -0.0489039
v 0.0258274 1.1426 -0.0177448
v 0.168202 1.10888 0.115787
v 0.244192 1.12739 0.104102
v 0.264507 1.1418 0.0550364
v 0.29814 1.14833 0.0237856
v -0.185095 1.49389 0.411084
v 0.497646 1.49229 0.437945
v 0.445354 1.46532 0.426992
v 0.443079 1.47894 0.452434
v 0.459175 1.52496 0.486126
v 0.326254 1.18651 -0.136655
v 0.181974 1.19005 -0.192852
v 0.133031 1.17759 -0.203486
v 0.110588 1.17812 -0.203336
v -0.00376111 1.14524 -0.0970317
v 0.0171825 1.1413 0.0207498
v 0.0194603 1.13028 0.0341931
v 0.0300337 1.14231 0.0516847
v 0.044386 1.13036 0.057923
v 0.180933 1.15292 0.113061
v 0.342284 1.16597 -0.0164225
v 0.463047 1.45801 0.412501
v 0.435181 1.50264 0.463918
v -0.184743 1.51687 0.433086
v -0.160116 1.5292 0.460926
v -0.155141 1.52802 0.48318
v 0.18957 1.18621 -0.199887
v 0.0503617 1.17317 -0.197984
v 0.0243053 1.15871 -0.149827
v 0.0136429 1.17385 -0.140662
v -0.0118997 1.14787 -0.13967
v -0.0189202 1.16922 -0.126535
v 0.0260029 1.13023 -0.0118514
v 0.102255 1.1238 0.0908126
v 0.133969 1.12231 0.110882
v 0.231552 1.13695 0.112573
v 0.24544 1.14509 0.0765761
v 0.311373 1.1609 0.0296973
v 0.459504 1.45844 0.419844
v 0.439432 1.45823 0.396159
v -0.160805 1.4592 0.447831
v -0.143203 1.47414 0.477104
v 0.349684 1.19029 -0.0996134
v 0.340134 1.18953 -0.120837
v 0.170321 1.17348 -0.197998
v 0.14534 1.18615 -0.203277
v -0.00426825 1.15783 -0.141552
v -0.0115088 1.1673 -0.102477
v 0.0950863 1.13372 0.0896548
v 0.137037 1.13716 0.11371
v 0.198193 1.13343 0.11408
v 0.244505 1.13908 0.0830434
v 0.335583 1.17056 0.00532573
v 0.34458 1.16164 -0.0467731
v 0.491714 1.49095 0.411197
v 0.468942 1.46179 0.399133
v -0.174401 1.52409 0.417449
v -0.168648 1.52779 0.446833
v 0.35132 1.19487 -0.0823969
v 0.306245 1.20346 -0.140162
v 0.279931 1.19245 -0.177113
v 0.202937 1.18427 -0.212685
v 0.0780726 1.18274 -0.202376
v 0.027864 1.16602 -0.149515
v 0.00982051 1.1468 -0.0332645
v 0.0278929 1.14557 -0.00382068
v 0.14209 1.15425 0.115059
v 0.153132 1.14534 0.114395
v 0.210525 1.13491 0.111672
v 0.235058 1.14523 0.111134
v 0.239064 1.14415 0.104015
v 0.289164 1.16485 0.045928
v 0.327825 1.18625 -0.0237182
v 0.329378 1.17808 -0.0517448
v 0.490497 1.4832 0.413801
v -0.172207 1.46103 0.417321
v 0.333038 1.22097 -0.0984235
v 0.277698 1.19993 -0.174395
v 0.103894 1.18383 -0.20478
v 0.0119315 1.15645 -0.142506
v 0.0261921 1.14356 0.00365652
v 0.262379 1.12974 0.0527286
v 0.482346 1.47478 0.400714
v 0.426339 1.49996 0.435077
v 0.439737 1.50948 0.479617
v -0.181965 1.51574 0.415406
v -0.171471 1.52703 0.429504
v -0.148948 1.52535 0.480271
v -0.154787 1.46287 0.470011
v 0.345168 1.20038 -0.105308
v 0.262312 1.22259 -0.181445
v 0.227573 1.20703 -0.202699
v 0.211768 1.19127 -0.210744
v 0.0696808 1.19096 -0.198418
v 0.0348226 1.15458 -0.171102
v 0.0158831 1.13849 0.0282796
v 0.112419 1.11638 0.0979461
v 0.172458 1.18804 -0.195031
v 0.150066 1.19316 -0.201901
v 0.106948 1.1901 -0.205675
v -0.00434501 1.18483 -0.135019
v 0.00449514 1.15798 -0.0561454
v 0.00893526 1.15651 -0.0346883
v 0.21881 1.13276 0.110857
v 0.28422 1.15715 0.0430356
v -0.139066 1.51096 0.481897
v -0.13801 1.49857 0.483779
v 0.486787 1.52427 0.435299
v 0.457616 1.45623 0.38298
v 0.447974 1.45535 0.393515
v 0.429289 1.48806 0.432797
v 0.332663 1.185 -0.0173202
v 0.352133 1.20457 -0.0893309
v -0.0174725 1.17373 -0.132383
v 0.0206918 1.14391 0.0143412
v -0.175359 1.46515 0.454488
v 0.431864 1.51059 0.451121
v 0.477089 1.52855 0.471938
v 0.25889 1.19071 -0.196263
v 0.179307 1.20676 -0.187055
v 0.107173 1.20163 -0.20455
v 0.015228 1.15727 -0.0199934
v 0.0755173 1.11955 0.0830929
v -0.180868 1.47032 0.42017
v -0.183713 1.50836 0.411712
v 0.495819 1.51243 0.440338
v -0.145258 1.52679 0.45749
v 0.446516 1.52396 0.466596
v 0.450455 1.53134 0.447859
v -0.164421 1.45788 0.429159
v -0.160733 1.53071 0.430257
v 0.291492 1.2163 -0.145863
v 0.171496 1.20208 -0.191021
v 0.146658 1.20315 -0.200037
v 0.0324044 1.16881 -0.155133
v -0.0130957 1.17962 -0.135288
v 0.00682603 1.16701 -0.0419108
v 0.0282469 1.15644 -0.00670843
v 0.163582 1.14856 0.110584
v 0.340279 1.17393 -0.0199304
v 0.474266 1.53111 0.449643
v -0.178185 1.47332 0.395167
v -0.174405 1.52146 0.395751
v -0.148186 1.45981 0.446923
v 0.335824 1.20013 -0.046387
v 0.349123 1.20417 -0.0571282
v 0.355779 1.21031 -0.066416
v 0.212797 1.21965 -0.202476
v -0.00207263 1.1663 -0.0708609
v 0.0281423 1.15546 0.0543025
v 0.121712 1.16338 0.104833
v 0.327589 1.16899 0.0195363
v 0.325093 1.19419 0.0226583
v 0.321016 1.19642 -0.0126303
v 0.492568 1.49926 0.41369
v -0.178907 1.5069 0.384719
v -0.142937 1.46574 0.460808
v 0.19711 1.1951 -0.20656
v 0.136902 1.21387 -0.198729
v 0.0457868 1.17996 -0.190583
v 0.0434392 1.18702 -0.182864
v 0.0528706 1.13921 0.067757
v 0.0917402 1.14345 0.0903647
v 0.111803 1.18012 0.099886
v 0.169968 1.14107 0.110394
v 0.218067 1.1618 0.117547
v 0.218428 1.17072 0.117625
v 0.305242 1.1794 0.0480474
v 0.43913 1.45462 0.375806
v 0.435462 1.46517 0.406687
v 0.431747 1.4732 0.415404
v 0.422601 1.49031 0.419578
v 0.462235 1.53472 0.440663
v 0.318719 1.20084 -0.130763
v 0.125092 1.20743 -0.202624
v 0.0225604 1.18274 -0.139684
v -0.0201408 1.18535 -0.126402
v -0.00691964 1.17385 -0.0782076
v 0.0115764 1.16708 -0.0218854
v 0.0232704 1.16283 0.0405287
v 0.267964 1.17109 0.0643552
v 0.315824 1.19154 0.0448341
v -0.156165 1.45148 0.401201
v -0.171775 1.46456 0.391413
v -0.156877 1.52977 0.44439
v -0.1317 1.49561 0.465031
v 0.305255 1.22409 -0.124605
v 0.268265 1.23362 -0.170183
v 0.0403217 1.19076 -0.171415
v 0.00792705 1.18613 -0.136161
v 0.0226814 1.15116 0.0448363
v 0.0642248 1.1336 0.0805153
v 0.136623 1.14999 0.113897
v 0.263246 1.18549 0.0755684
v 0.309693 1.18776 0.0509359
v 0.351216 1.21254 -0.0844992
v 0.338399 1.22223 -0.0892113
v 0.184296 1.20951 -0.189007
v -0.0144471 1.19347 -0.131048
v 0.0754182 1.14563 0.0892267
v 0.19834 1.16573 0.114317
v 0.229184 1.16845 0.0941295
v 0.239376 1.16646 0.085158
v -0.16569 1.52919 0.41325
v -0.145674 1.52942 0.447288
v 0.471109 1.48212 0.349265
v 0.470636 1.47186 0.367252
v 0.456841 1.45854 0.370615
v 0.448167 1.45473 0.375009
v 0.428346 1.46379 0.39025
v 0.48453 1.52666 0.447267
v -0.155691 1.45379 0.418909
v -0.133745 1.51861 0.452447
v -0.136171 1.48593 0.470602
v 0.249291 1.22288 -0.189201
v 0.16108 1.20633 -0.192971
v -0.0183783 1.18596 -0.108976
v 0.107513 1.14276 0.0955149
v 0.478936 1.47887 0.377642
v 0.433093 1.51819 0.446776
v -0.18029 1.48532 0.391073
v -0.141136 1.53099 0.432194
v -0.128083 1.4791 0.450036
v -0.13508 1.47145 0.456304
v 0.325191 1.21739 -0.0114689
v 0.341779 1.22606 -0.0150981
v 0.278574 1.23071 -0.155626
v -0.00103977 1.19944 -0.0460754
v 0.0268405 1.16639 0.0329753
v 0.145112 1.16224 0.114013
v 0.311196 1.20958 0.0521053
v 0.48875 1.51336 0.403473
v 0.488181 1.50215 0.393735
v 0.465782 1.46479 0.374219
v 0.41903 1.47483 0.393596
v -0.1367 1.51698 0.46397
v 0.165467 1.21913 -0.182375
v 0.0797633 1.19526 -0.200275
v 0.0324343 1.20308 -0.140263
v -0.0171778 1.19388 -0.0861925
v 0.00269455 1.17757 -0.0456756
v 0.0328296 1.16048 0.0610191
v 0.213657 1.18954 0.10415
v 0.298316 1.19823 0.0658035
v 0.319468 1.20286 0.00259835
v 0.485452 1.52072 0.400626
v 0.435142 1.45463 0.347448
v 0.3176 1.24291 -0.0964014
v 0.0159424 1.2047 -0.130576
v 0.09208 1.16911 0.0940912
v 0.198146 1.15619 0.113113
v 0.248787 1.17545 0.0804879
v 0.448625 1.4565 0.358412
v -0.168398 1.52496 0.374276
v -0.160458 1.53157 0.383272
v -0.153855 1.53397 0.401187
v -0.137026 1.53209 0.427423
v -0.145289 1.45467 0.424433
v 0.246933 1.24474 -0.187256
v 0.0581093 1.20413 -0.188794
v 0.0465142 1.21361 -0.171992
v 0.0447493 1.15306 0.0641191
v 0.0624485 1.1532 0.078664
v 0.185928 1.18403 0.113644
v 0.225315 1.16843 0.104828
v 0.482513 1.48782 0.377766
v 0.43709 1.45599 0.336396
v 0.417536 1.48889 0.406686
v 0.425436 1.51263 0.429133
v 0.472887 1.53522 0.413867
v -0.173859 1.51751 0.373304
v -0.129097 1.50288 0.45832
v 0.349853 1.22326 -0.0323672
v 0.257201 1.24318 -0.180933
v 0.224669 1.22856 -0.19805
v 0.0916312 1.22398 -0.194303
v 0.051676 1.20488 -0.184073
v 0.0362204 1.20015 -0.148093
v 0.0119145 1.18383 -0.00981927
v 0.0326388 1.1695 0.0106937
v 0.0315385 1.16563 0.0205249
v 0.222942 1.16918 0.114411
v 0.311902 1.21313 0.0441584
v 0.308182 1.21868 0.027376
v 0.432129 1.4565 0.376129
v 0.438472 1.5254 0.44525
v -0.136568 1.46204 0.436406
v 0.295789 1.23334 -0.129225
v 0.206778 1.23184 -0.198683
v 0.113098 1.22587 -0.19631
v 0.0987587 1.23313 -0.1934
v 0.0663755 1.21959 -0.18666
v 0.0282454 1.17483 0.0553238
v 0.132519 1.15054 0.111557
v 0.213133 1.19518 0.101681
v 0.233117 1.20727 0.0901779
v 0.470955 1.49448 0.334102
v -0.125048 1.523 0.42665
v -0.124851 1.50869 0.445917
v -0.135733 1.45757 0.423666
v -0.141814 1.44918 0.404422
v 0.355001 1.22358 -0.0508427
v 0.355741 1.22866 -0.0614151
v 0.33041 1.23655 -0.0843894
v 0.169763 1.23208 -0.177207
v 0.00261444 1.18544 -0.038595
v 0.00708979 1.18821 -0.0173874
v 0.0570464 1.16864 0.0749748
v 0.107083 1.18961 0.0980229
v 0.239504 1.21192 0.0893344
v 0.299231 1.21216 0.0689941
v 0.314768 1.21148 0.0302645
v 0.483423 1.51069 0.375477
v 0.415485 1.45669 0.338871
v 0.430789 1.52291 0.428868
v 0.468547 1.53584 0.425687
v 0.19354 1.2349 -0.194017
v 0.14586 1.218 -0.192865
v 0.129973 1.22796 -0.194048
v -0.0230391 1.20477 -0.118935
v 0.118249 1.18899 0.104605
v 0.208147 1.16952 0.117921
v -0.143935 1.44684 0.392316
v -0.155056 1.53417 0.356859
v 0.480025 1.50677 0.359403
v 0.42183 1.45505 0.330827
v 0.421758 1.46107 0.371926
v 0.288174 1.25749 -0.123457
v 0.219219 1.24529 -0.195334
v 0.0460062 1.22975 -0.163323
v 0.0414774 1.20775 -0.161985
v -0.0113023 1.21508 -0.124749
v -0.00478201 1.20887 -0.0514359
v 0.0118829 1.19835 -0.00225163
v 0.179236 1.16322 0.113453
v 0.270864 1.19964 0.077231
v 0.288226 1.21038 0.0781509
v -0.173169 1.50723 0.361455
v 0.409673 1.46381 0.354786
v 0.284442 1.24352 -0.140675
v 0.264628 1.25098 -0.17199
v 0.236678 1.23054 -0.193813
v 0.188046 1.23348 -0.190355
v 0.121603 1.23939 -0.191333
v -0.0292582 1.22574 -0.0890839
v 0.0371727 1.18453 0.0301172
v 0.033478 1.18658 0.0470105
v 0.16348 1.17168 0.109792
v -0.162725 1.4568 0.384395
v -0.169334 1.48461 0.348818
v -0.172648 1.4942 0.357287
v -0.117103 1.50057 0.432998
v -0.122597 1.48812 0.44334
v 0.449959 1.46202 0.340874
v 0.448343 1.53354 0.436907
v 0.308424 1.24531 -0.102717
v 0.201081 1.23832 -0.196002
v 0.0324087 1.18293 0.0132047
v 0.149785 1.18102 0.109795
v 0.204159 1.19582 0.120045
v 0.218066 1.19822 0.0980665
v -0.163668 1.47203 0.339272
v -0.158366 1.52937 0.338935
v -0.124207 1.53366 0.404924
v -0.12741 1.46911 0.434981
v 0.436164 1.46087 0.316807
v 0.307807 1.22155 0.0237187
v 0.339848 1.24666 -0.0619841
v 0.037701 1.22277 -0.141292
v -0.0221723 1.19587 -0.116738
v 0.0356125 1.17775 0.0682545
v 0.172727 1.20786 0.112279
v 0.253067 1.22096 0.0909091
v -0.158336 1.4672 0.326056
v -0.138558 1.54075 0.368125
v -0.140145 1.53626 0.401591
v 0.462882 1.47631 0.336935
v 0.416847 1.5022 0.411618
v 0.448129 1.53897 0.411625
v 0.481414 1.52733 0.40553
v 0.318304 1.23096 0.00877165
v 0.343122 1.24439 -0.00330536
v 0.333163 1.25473 -0.06182
v 0.156456 1.23434 -0.17774
v -0.0166631 1.2205 -0.0656604
v 0.0439275 1.17711 0.0722337
v 0.083561 1.17194 0.0932568
v 0.166612 1.20024 0.111647
v 0.189586 1.21246 0.120458
v -0.14967 1.45046 0.351391
v -0.157819 1.45698 0.354317
v -0.166597 1.5059 0.331833
v -0.166684 1.5201 0.345073
v -0.133656 1.45208 0.408741
v 0.478782 1.52392 0.370858
v 0.455091 1.47389 0.32401
v 0.425988 1.45656 0.318318
v 0.408865 1.48114 0.381268
v -0.163936 1.48419 0.324738
v -0.128232 1.51854 0.441813
v 0.296921 1.25093 -0.113006
v 0.179524 1.23105 -0.183072
v 0.0771156 1.23744 -0.185053
v -0.000751197 1.22136 -0.0343446
v 0.0693784 1.16761 0.0863764
v 0.0737167 1.18527 0.0902113
v 0.29042 1.23384 0.0786884
v 0.466732 1.54008 0.378471
v -0.139979 1.44538 0.349169
v -0.112834 1.47991 0.417874
v -0.123933 1.45904 0.413341
v 0.348124 1.24317 -0.0168826
v 0.345312 1.25411 -0.0360934
v 0.323677 1.25376 -0.0861937
v 0.158513 1.24422 -0.173283
v 0.138788 1.18553 0.112739
v 0.297953 1.23194 0.0472873
v 0.409621 1.49326 0.393304
v 0.418371 1.5139 0.409851
v -0.160839 1.46346 0.344658
v -0.127586 1.53811 0.386275
v 0.341371 1.27174 -0.0269347
v 0.271015 1.25764 -0.160696
v 0.18451 1.25117 -0.185761
v 0.172913 1.25493 -0.176532
v 0.145245 1.25361 -0.173636
v 0.130597 1.24638 -0.185152
v 0.10684 1.2476 -0.190659
v 0.0928647 1.25724 -0.185795
v 0.0273432 1.21058 -0.133552
v 0.0787805 1.18466 0.0924179
v 0.102681 1.1858 0.0966876
v 0.476112 1.50027 0.3471
v 0.307056 1.2441 0.0283673
v 0.332273 1.26051 0.0213173
v 0.339298 1.26212 0.00540668
v 0.0320191 1.23027 -0.132471
v -0.0191255 1.22104 -0.119456
v -0.0226787 1.21196 -0.0834092
v -0.00499813 1.22999 -0.0464617
v 0.00574868 1.20119 -0.0114248
v 0.0254565 1.2026 0.0154256
v 0.0379993 1.20971 0.03218
v 0.177761 1.21374 0.114759
v 0.185888 1.22671 0.121392
v -0.117401 1.52812 0.404288
v -0.114506 1.51758 0.415597
v 0.460114 1.54198 0.38915
v 0.34058 1.26355 -0.0358546
v 0.329842 1.26602 -0.0783368
v 0.205462 1.26514 -0.191961
v 0.0633343 1.25524 -0.177494
v 0.00128971 1.21237 -0.0233979
v 0.0393914 1.19994 0.0336633
v 0.0331408 1.1925 0.0612472
v 0.131815 1.18267 0.112054
v 0.22607 1.2053 0.0937252
v 0.2902 1.22562 0.0811946
v -0.113343 1.4911 0.423684
v -0.128958 1.44672 0.393245
v 0.473584 1.53356 0.372142
v 0.247665 1.26119 -0.184728
v -0.0133782 1.23103 -0.119266
v -0.0291779 1.23661 -0.0952654
v -0.0286546 1.23928 -0.0722298
v 0.219294 1.23952 0.0972634
v -0.160443 1.51947 0.322796
v 0.411964 1.45827 0.311965
v 0.405539 1.4619 0.331319
v 0.400126 1.48797 0.369483
v 0.289239 1.24158 0.0710721
v 0.291738 1.24132 0.0526866
v 0.314973 1.25522 -0.0951216
v 0.0585498 1.24035 -0.178182
v 0.00521164 1.22916 -0.119754
v 0.0656997 1.20001 0.0860542
v -0.130606 1.44204 0.347001
v -0.152029 1.5343 0.336798
v -0.120248 1.54247 0.355314
v 0.475972 1.52132 0.351519
v 0.452052 1.48344 0.302965
v 0.323908 1.25086 0.0256732
v 0.339386 1.26842 -0.0114705
v -0.0243915 1.23008 -0.110276
v 0.00544129 1.21627 -0.00462902
v 0.151671 1.20517 0.108906
v -0.140591 1.44768 0.332115
v -0.152666 1.45731 0.329651
v 0.402637 1.47056 0.352935
v 0.40071 1.49793 0.375236
v 0.40626 1.50432 0.387547
v 0.454542 1.54127 0.40093
v -0.10653 1.502 0.411516
v -0.118295 1.46992 0.41965
v 0.298719 1.26629 -0.106388
v 0.286107 1.27621 -0.118478
v 0.273935 1.26602 -0.150686
v 0.159046 1.26014 -0.169323
v 0.114068 1.26876 -0.182837
v 0.101332 1.26048 -0.18637
v 0.042759 1.26061 -0.150211
v 0.0416678 1.20451 0.0436253
v 0.0444277 1.20568 0.080708
v 0.0848163 1.20335 0.095554
v 0.140951 1.20953 0.108958
v 0.201484 1.20628 0.112883
v 0.433109 1.46494 0.301321
v 0.409402 1.5152 0.389741
v 0.418949 1.52501 0.397393
v -0.147031 1.53863 0.362401
v 0.28936 1.25608 0.048641
v 0.344727 1.2575 -0.0104833
v 0.052133 1.23058 -0.174592
v 0.0297403 1.26944 -0.129355
v -0.0286711 1.24082 -0.100418
v 0.0164449 1.21423 0.0121402
v 0.119979 1.2028 0.106461
v 0.269813 1.23424 0.0957149
v 0.44441 1.47473 0.302141
v 0.417229 1.45893 0.301795
v 0.441101 1.54843 0.372346
v 0.282955 1.24643 0.0829639
v 0.322343 1.2714 0.0389706
v 0.336397 1.26707 -0.0525769
v 0.262249 1.26744 -0.172187
v 0.186187 1.26788 -0.184922
v 0.01851 1.22859 -0.124498
v 0.0400893 1.19556 0.073741
v 0.0973298 1.20091 0.09836
v 0.126647 1.2029 0.110419
v 0.188086 1.2302 0.112212
v -0.11362 1.53567 0.380766
v -0.108741 1.53133 0.383307
v -0.103463 1.48997 0.405992
v 0.393973 1.50806 0.359598
v 0.276913 1.25661 0.0798065
v 0.292507 1.26278 0.0486537
v 0.309566 1.26187 -0.099184
v 0.27943 1.27457 -0.132597
v 0.223161 1.267 -0.191051
v 0.166533 1.27765 -0.171611
v -0.00458536 1.24716 -0.117689
v 0.000344622 1.22835 -0.0200937
v 0.0432428 1.21823 0.0430827
v 0.268307 1.25109 0.0999366
v -0.14872 1.45878 0.314228
v -0.159183 1.4961 0.308169
v -0.112303 1.50927 0.419133
v 0.472468 1.51623 0.332421
v 0.426941 1.45989 0.306166
v 0.428904 1.53441 0.398577
v -0.154151 1.527 0.319471
v -0.114861 1.45768 0.401159
v 0.138411 1.23367 0.108859
v 0.148799 1.22883 0.108804
v 0.22761 1.24256 0.0968062
v 0.242028 1.24345 0.0994971
v 0.338875 1.28469 -0.0109403
v 0.350175 1.29262 -0.0418918
v 0.337883 1.28431 -0.0713146
v 0.251066 1.28288 -0.181445
v 0.193845 1.28133 -0.187034
v 0.0812992 1.26968 -0.180662
v -0.0228257 1.23815 -0.0648231
v 0.0465458 1.2253 0.0582298
v 0.426655 1.54628 0.368752
v -0.155667 1.47579 0.307427
v -0.120821 1.45179 0.398341
v -0.122559 1.4408 0.362583
v 0.323751 1.28257 0.035223
v 0.138284 1.26856 -0.170964
v 0.0476245 1.26048 -0.161235
v 0.0366636 1.24959 -0.13598
v -0.0143004 1.24838 -0.114536
v -0.0264423 1.25155 -0.102382
v -0.00525838 1.24228 -0.045174
v 0.282608 1.25098 0.0688163
v 0.461247 1.49108 0.312244
v 0.396368 1.46899 0.317028
v 0.390975 1.4891 0.347293
v 0.400032 1.5197 0.368183
v -0.160758 1.50984 0.315382
v -0.126451 1.54329 0.352724
v -0.103116 1.52231 0.387406
v 0.0527044 1.26633 -0.168253
v 0.133899 1.19395 0.112349
v 0.19602 1.23407 0.106657
v 0.255566 1.25456 0.105667
v 0.467257 1.52243 0.31455
v 0.463911 1.50309 0.308296
v -0.104049 1.53242 0.370525
v -0.113115 1.44517 0.374726
v 0.328013 1.29494 0.0208041
v 0.35188 1.30516 -0.0193946
v 0.267461 1.27377 -0.163163
v 0.238833 1.27048 -0.187704
v 0.142847 1.28033 -0.166036
v 0.10742 1.26701 -0.184939
v -0.00258648 1.24554 -0.0356941
v 0.00586724 1.23643 0.00511196
v 0.0346936 1.22609 0.0353568
v 0.110232 1.21834 0.102167
v 0.186744 1.23756 0.110406
v 0.211513 1.25959 0.10123
v 0.469504 1.5064 0.322296
v 0.460405 1.51881 0.293562
v 0.416478 1.54167 0.366259
v 0.460493 1.54585 0.360632
v 0.330294 1.28107 0.0170009
v 0.301335 1.28164 -0.101637
v 0.268886 1.28615 -0.155599
v 0.0102839 1.22559 0.0095512
v 0.0394524 1.21398 0.0745559
v 0.0513929 1.22039 0.0881368
v 0.0521986 1.20747 0.084603
v 0.0622013 1.20795 0.0868182
v 0.192307 1.22017 0.118861
v 0.176244 1.25517 0.114869
v 0.468562 1.53736 0.346685
v 0.397645 1.46519 0.284406
v 0.406909 1.46025 0.321901
v 0.391837 1.47601 0.327867
v 0.309514 1.27417 0.0518112
v 0.342318 1.29333 -0.0113014
v 0.24387 1.29742 -0.185054
v 0.127363 1.25928 -0.181032
v 0.0662479 1.2728 -0.17676
v -0.0212943 1.24496 -0.11107
v -0.0131745 1.25186 -0.0508321
v -0.148879 1.52411 0.300058
v -0.136014 1.54101 0.313369
v -0.13583 1.54283 0.333387
v -0.0886523 1.50889 0.374167
v 0.47072 1.53028 0.338269
v -0.150041 1.50104 0.288185
v 0.0483321 1.23812 0.0573055
v 0.0437436 1.226 0.0733621
v 0.161849 1.23129 0.110826
v 0.404216 1.46305 0.283611
v 0.38867 1.523 0.337155
v 0.410608 1.5319 0.374727
v -0.11496 1.53975 0.362011
v -0.0963156 1.46252 0.38181
v 0.223109 1.30457 -0.189697
v 0.0148256 1.26176 -0.120956
v 0.0254576 1.23811 0.0330117
v 0.178018 1.24889 0.120017
v 0.217568 1.2662 0.103055
v 0.272512 1.26102 0.0894993
v 0.463547 1.53985 0.324324
v 0.43929 1.48574 0.269169
v 0.414045 1.46334 0.281931
v 0.45537 1.54939 0.34572
v -0.0901079 1.49362 0.384133
v -0.10377 1.45065 0.374747
v 0.276362 1.2729 0.0610362
v 0.289166 1.2877 -0.111431
v 0.279134 1.28948 -0.127549
v 0.259359 1.28817 -0.17205
v 0.183139 1.29444 -0.180589
v -0.0287276 1.25548 -0.0652535
v -0.0126192 1.26288 -0.0442177
v -0.00195301 1.26301 -0.0113852
v 0.0460457 1.22835 0.0829557
v 0.0756894 1.21232 0.0930973
v 0.120783 1.23113 0.108451
v 0.174569 1.2391 0.119589
v 0.210788 1.24096 0.10033
v 0.26486 1.2669 0.0980091
v 0.38444 1.48006 0.296623
v -0.143675 1.46118 0.299236
v 0.307609 1.29498 0.0625993
v 0.331401 1.29858 0.0128059
v 0.339451 1.29329 -0.0673137
v 0.331495 1.291 -0.0791275
v 0.209045 1.29782 -0.189708
v 0.199565 1.27731 -0.18958
v 0.10715 1.21774 0.101342
v 0.391756 1.46913 0.281292
v -0.133263 1.44838 0.310926
v -0.0932462 1.51674 0.375399
v -0.0896947 1.45161 0.348729
v -0.0996005 1.4423 0.336487
v 0.322348 1.29109 -0.0878577
v 0.072778 1.29314 -0.176736
v 0.0244559 1.26235 -0.124915
v 0.00250583 1.27541 0.013607
v 0.00715361 1.26106 0.0182176
v 0.127149 1.24548 0.110834
v 0.135285 1.25716 0.108301
v 0.429675 1.47111 0.28215
v 0.422419 1.47463 0.247743
v 0.42068 1.46698 0.276445
v 0.445386 1.55155 0.358567
v -0.101021 1.53631 0.357631
v -0.10583 1.4427 0.350017
v -0.112781 1.44041 0.337026
v 0.293519 1.2981 -0.10611
v 0.26639 1.29602 -0.157005
v 0.117852 1.27602 -0.17809
v 0.0362677 1.27425 -0.139076
v -0.0318775 1.25192 -0.0863843
v -0.00899349 1.26444 -0.0305879
v 0.031038 1.25796 0.0455106
v 0.0635696 1.22626 0.0923004
v 0.0877059 1.24534 0.0995442
v 0.241529 1.27102 0.112255
v 0.436431 1.47877 0.279388
v 0.405471 1.46496 0.267492
v 0.379628 1.49002 0.299209
v 0.380074 1.49734 0.314441
v 0.295361 1.29678 0.0693929
v 0.350914 1.30104 -0.0392105
v -0.0340771 1.26535 -0.0729408
v 0.187957 1.26654 0.10944
v 0.256315 1.2662 0.106856
v 0.255916 1.27952 0.10366
v -0.129314 1.45571 0.283378
v -0.132839 1.46267 0.274641
v -0.120568 1.54803 0.317488
v 0.452512 1.49588 0.289095
v 0.395506 1.46776 0.263331
v -0.111317 1.54244 0.34644
v -0.112445 1.54913 0.312758
v 0.318869 1.29707 0.0442561
v -0.0167784 1.26139 -0.0503436
v -0.0108709 1.27373 -0.0184082
v 0.0185893 1.25847 0.0343681
v 0.125363 1.23207 0.110437
v 0.165183 1.26579 0.122047
v 0.386775 1.50756 0.3405
v 0.458733 1.54622 0.329258
v -0.116656 1.44145 0.320756
v -0.146307 1.4852 0.281479
v -0.140983 1.53481 0.30194
v 0.363929 1.44999 0.168411
v 0.255354 1.30427 -0.176382
v 0.152307 1.29543 -0.16523
v 0.0984972 1.29024 -0.180395
v -0.00203046 1.27017 -0.118203
v 0.112046 1.24678 0.105314
v 0.131124 1.24208 0.110344
v 0.341491 1.30306 -0.0598733
v 0.281246 1.30821 -0.121513
v 0.0844603 1.28954 -0.179608
v -0.034288 1.27723 -0.0665863
v 0.022153 1.27443 0.0430525
v 0.0587207 1.24153 0.0952807
v -0.14878 1.51866 0.291395
v -0.124611 1.54695 0.308419
v -0.0920001 1.47422 0.383411
v 0.373429 1.44917 0.174058
v 0.457549 1.53887 0.297268
v 0.381188 1.47873 0.266586
v 0.273254 1.28982 0.0703351
v 0.321982 1.32205 0.0338606
v 0.34615 1.31755 0.00371961
v 0.233897 1.29815 -0.188419
v 0.0168174 1.2916 -0.122039
v -0.0201758 1.26813 -0.108432
v 0.0481155 1.24083 0.0810346
v 0.102656 1.24015 0.103405
v -0.142513 1.47287 0.281316
v -0.143237 1.48797 0.264058
v -0.0884163 1.517 0.360198
v -0.0826841 1.48773 0.366286
v 0.350636 1.45575 0.180332
v 0.319681 1.31542 0.0355784
v 0.125199 1.29344 -0.167013
v 0.104026 1.29607 -0.178022
v 0.0611675 1.29032 -0.173217
v 0.0438331 1.2426 0.0504533
v 0.0503724 1.26069 0.062774
v 0.0530351 1.25426 0.0721627
v 0.157318 1.25819 0.11265
v 0.190229 1.28357 0.108
v -0.0832651 1.52088 0.330802
v 0.39847 1.53772 0.341185
v 0.433634 1.48266 0.252897
v 0.389587 1.47395 0.243212
v 0.413043 1.47079 0.245257
v 0.403049 1.47075 0.24165
v -0.0992199 1.53651 0.343257
v -0.0818409 1.49742 0.362224
v -0.0836531 1.46249 0.352888
v 0.382743 1.4513 0.175001
v 0.344398 1.45039 0.157419
v 0.349349 1.46299 0.180195
v 0.26409 1.2894 0.0739799
v 0.305244 1.33024 0.0633895
v 0.334864 1.31808 -0.0725113
v 0.161051 1.28121 -0.168834
v 0.128063 1.30259 -0.164323
v -0.0242704 1.28687 -0.10072
v 0.0541921 1.24572 0.0937657
v 0.232016 1.27996 0.114648
v 0.457504 1.50962 0.289441
v 0.436462 1.48848 0.245875
v 0.405384 1.54667 0.337827
v 0.422733 1.55429 0.341327
v 0.44102 1.55798 0.306833
v 0.275473 1.31322 -0.131718
v 0.263387 1.3089 -0.160042
v -0.0322715 1.29506 -0.0862833
v -0.0348856 1.2807 -0.0811743
v -0.00968112 1.2761 -0.0335334
v -0.00339213 1.27966 0.0016949
v 0.0776607 1.23624 0.0972786
v 0.180314 1.25386 0.111885
v 0.229927 1.29995 0.120958
v -0.120087 1.45757 0.259877
v -0.144816 1.50404 0.262764
v -0.127325 1.5441 0.28403
v 0.34606 1.46516 0.178275
v -0.11175 1.45396 0.261231
v -0.117726 1.4501 0.282129
v 0.442586 1.55561 0.329959
v 0.459692 1.53072 0.292235
v 0.453847 1.51551 0.264817
v 0.418361 1.47736 0.229073
v 0.390976 1.47669 0.22981
v -0.00930183 1.29309 -0.113387
v 0.0945604 1.23725 0.10085
v 0.124109 1.27381 0.110979
v 0.153451 1.25479 0.110206
v 0.352222 1.4596 0.173605
v -0.10933 1.54905 0.302175
v -0.07744 1.47435 0.347652
v 0.38728 1.45257 0.173675
v 0.379043 1.44853 0.154726
v 0.37676 1.49089 0.278537
v 0.4485 1.50255 0.262031
v 0.340553 1.32487 0.0177989
v -0.0275873 1.27597 -0.0558953
v -0.0120623 1.29039 -0.000162307
v 0.0105701 1.2807 0.028754
v 0.172751 1.25609 0.122547
v 0.346436 1.47509 0.190639
v 0.343761 1.47876 0.191246
v -0.104839 1.44849 0.2809
v -0.13623 1.48464 0.246404
v -0.0818205 1.50404 0.357608
v 0.36534 1.44757 0.149876
v 0.377361 1.50669 0.308082
v 0.389596 1.54051 0.311985
v 0.409382 1.5537 0.325417
v 0.427029 1.55963 0.318008
v 0.45595 1.52589 0.265662
v 0.34521 1.32983 0.0119378
v 0.340973 1.35297 0.031723
v 0.348485 1.32756 -0.00263858
v 0.345218 1.32223 -0.0294325
v 0.210368 1.31231 -0.189372
v -0.0146246 1.2948 -0.0385598
v 0.0554768 1.26348 0.0920976
v -0.103945 1.45231 0.264354
v -0.135433 1.47592 0.25675
v -0.14105 1.52386 0.267648
v -0.137028 1.53236 0.275999
v -0.0696205 1.47069 0.32943
v -0.0819522 1.45531 0.339416
v 0.379133 1.48557 0.247115
v 0.442603 1.49517 0.254555
v 0.427433 1.48076 0.23859
v 0.25534 1.33651 0.0916519
v 0.301443 1.32375 0.0726223
v 0.342991 1.341 0.00507087
v 0.303191 1.3012 -0.0995262
v 0.302816 1.32819 -0.0998809
v 0.283187 1.32351 -0.118724
v 0.264079 1.32623 -0.16203
v 0.246719 1.33376 -0.182353
v 0.11756 1.29894 -0.169263
v 0.101969 1.31294 -0.174529
v 0.0832086 1.31079 -0.178556
v 0.0557001 1.28804 -0.170264
v 0.0452202 1.29601 -0.160689
v -0.037902 1.29165 -0.0687344
v 0.00158844 1.29878 0.0246004
v 0.0770049 1.26097 0.10239
v 0.16606 1.27818 0.121705
v 0.240958 1.29028 0.115352
v 0.346384 1.47494 0.184165
v 0.372492 1.44688 0.15241
v 0.349111 1.43108 0.126292
v 0.256312 1.30726 0.0810561
v 0.288188 1.32303 0.0835945
v 0.324867 1.33366 0.0342759
v 0.252796 1.33673 -0.178139
v 0.201639 1.31277 -0.187223
v 0.0401257 1.29336 -0.151773
v 0.149061 1.28108 0.11167
v 0.170139 1.27217 0.116206
v -0.135975 1.5374 0.265659
v -0.0906933 1.52982 0.332013
v -0.0991902 1.44176 0.31616
v 0.378348 1.48784 0.228968
v 0.381939 1.5341 0.30046
v 0.450583 1.55149 0.307281
v 0.449842 1.5012 0.236941
v 0.340435 1.3458 0.0313923
v 0.32739 1.32544 -0.0820728
v 0.26994 1.31634 -0.14342
v 0.236326 1.31703 -0.186772
v 0.146019 1.29261 -0.16445
v 0.0456121 1.31093 -0.163039
v -0.00148338 1.29237 -0.117502
v 0.0298583 1.28289 0.0525602
v 0.12748 1.27366 0.110406
v 0.170343 1.28732 0.114501
v 0.341988 1.46982 0.171034
v -0.08336 1.44844 0.313641
v 0.390976 1.45306 0.16371
v 0.352965 1.45228 0.156225
v -0.0111583 1.29637 -0.0245432
v 0.37566 1.49276 0.235186
v 0.37763 1.50916 0.258244
v 0.437893 1.49012 0.227754
v 0.406961 1.47821 0.221566
v 0.24512 1.30838 0.0902952
v 0.319035 1.30542 -0.0894829
v 0.294417 1.31076 -0.106186
v 0.0385645 1.31835 -0.154701
v -0.034451 1.29002 -0.0602813
v 0.338612 1.46069 0.162546
v 0.347845 1.48498 0.193674
v -0.0797835 1.45391 0.284192
v -0.119649 1.54882 0.290943
v -0.100675 1.54185 0.318542
v 0.0563529 1.26821 0.0748881
v 0.0631965 1.24609 0.0974384
v 0.0887857 1.25758 0.101022
v 0.164813 1.29053 0.11688
v 0.163912 1.29938 0.116248
v 0.194762 1.29528 0.107885
v 0.245452 1.32465 0.0901795
v 0.302192 1.34362 0.0704155
v 0.333929 1.37073 0.048962
v 0.336205 1.34837 -0.0197569
v 0.0875704 1.33102 -0.176684
v 0.315521 1.34178 0.0462542
v 0.323972 1.35599 0.0446486
v 0.117924 1.32126 -0.162756
v -0.0372599 1.30568 -0.0716347
v -0.138233 1.49415 0.243393
v -0.140407 1.51691 0.242805
v -0.14009 1.53112 0.253035
v -0.0844028 1.44967 0.332381
v -0.012399 1.30623 -0.00435559
v -0.0100388 1.30595 0.0169252
v 0.0606344 1.26379 0.100727
v 0.120566 1.26069 0.109907
v 0.339403 1.47828 0.165665
v 0.456024 1.53491 0.273345
v 0.34734 1.48489 0.187056
v 0.341391 1.48639 0.181013
v 0.387355 1.45024 0.14517
v 0.374396 1.43756 0.129992
v 0.364502 1.44222 0.129025
v -0.139726 1.50535 0.238956
v -0.117486 1.54895 0.275405
v -0.0761553 1.51723 0.313616
v -0.0719372 1.49812 0.328406
v 0.0115691 1.30012 0.0361835
v 0.101286 1.26336 0.105741
v 0.164661 1.27938 0.123202
v 0.28416 1.3174 0.0822981
v 0.339208 1.33613 -0.0286989
v 0.110361 1.31447 -0.168131
v 0.0886228 1.31529 -0.178513
v -0.0196903 1.29998 -0.102088
v 0.325628 1.46497 0.151189
v 0.339834 1.49302 0.188188
v 0.379853 1.51927 0.314172
v 0.451658 1.54322 0.272447
v 0.409246 1.47842 0.20362
v 0.218649 1.33075 -0.188228
v 0.209235 1.32943 -0.187532
v 0.189781 1.32381 -0.18109
v 0.168965 1.30621 -0.172236
v 0.134519 1.31803 -0.162028
v -0.0290585 1.30503 -0.0887524
v 0.0403765 1.30132 0.0660234
v 0.091692 1.25777 0.101406
v 0.139114 1.28345 0.107631
v 0.18041 1.28746 0.111932
v 0.217929 1.30394 0.120922
v 0.240422 1.31465 0.0960251
v -0.122975 1.46635 0.241121
v -0.130847 1.54328 0.264259
v -0.0839164 1.52896 0.309791
v -0.0744073 1.48858 0.341886
v 0.377169 1.49426 0.249201
v 0.443393 1.55567 0.288306
v 0.422919 1.48048 0.214048
v 0.380778 1.4413 0.137015
v 0.354013 1.42188 0.114223
v 0.257776 1.32084 -0.1735
v -0.0342055 1.30473 -0.0556342
v -0.0152867 1.31231 -0.0358295
v 0.110189 1.25133 0.10532
v -0.0987379 1.45753 0.224065
v -0.091993 1.45482 0.253977
v -0.0952723 1.43837 0.166668
v 0.372445 1.49396 0.228507
v 0.404196 1.55804 0.302732
v -0.0507511 1.43706 0.179387
v 0.320698 1.4358 0.11886
v 0.319066 1.4513 0.135537
v 0.342947 1.49091 0.197947
v 0.336361 1.33176 -0.0586076
v 0.158914 1.30947 -0.167216
v 0.0634062 1.32189 -0.174136
v -0.0143528 1.31768 0.000218638
v 0.0245366 1.3139 0.0534856
v 0.312382 1.36349 0.0561572
v -0.135573 1.53736 0.250777
v -0.101938 1.54622 0.302803
v -0.0918529 1.45479 0.236055
v 0.357506 1.41753 0.101704
v 0.348811 1.42733 0.110373
v 0.376074 1.51454 0.243701
v 0.4138 1.4799 0.198711
v 0.322813 1.45946 0.14911
v 0.339617 1.37047 0.0395995
v 0.341734 1.35381 0.00276743
v 0.146489 1.32314 -0.163517
v 0.0913894 1.33167 -0.175355
v 0.055359 1.31799 -0.170724
v 0.0282844 1.29637 -0.130374
v -0.0388616 1.31887 -0.0664962
v -0.000330909 1.31508 0.0317719
v 0.0571026 1.28031 0.0756208
v 0.160592 1.28652 0.124249
v 0.171644 1.3274 0.114679
v 0.211928 1.31762 0.124838
v 0.337966 1.46826 0.159816
v 0.331712 1.47899 0.153095
v 0.344201 1.51086 0.207131
v -0.114762 1.46302 0.231212
v -0.0731545 1.4623 0.268556
v 0.40515 1.46425 0.17364
v 0.36211 1.41584 0.0989151
v 0.376584 1.51873 0.283783
v 0.411688 1.5602 0.304975
v 0.454488 1.51472 0.241997
v 0.359032 1.44179 0.130176
v 0.364554 1.43075 0.111274
v 0.345993 1.37473 0.0228599
v 0.333361 1.34753 -0.0380306
v -0.010036 1.31538 -0.114163
v -0.116855 1.47176 0.217548
v -0.134052 1.49916 0.219461
v -0.0673706 1.46536 0.309181
v -0.0871557 1.4561 0.266542
v -0.0774975 1.45931 0.249868
v -0.0132117 1.32014 0.0190136
v -0.0118834 1.32649 0.0297078
v 0.137423 1.31213 0.107939
v 0.199277 1.30298 0.111573
v 0.293695 1.32775 0.082108
v 0.350398 1.50886 0.217014
v 0.371641 1.51937 0.235147
v 0.454208 1.53241 0.254052
v 0.333415 1.34359 -0.0651596
v 0.272412 1.33255 -0.139009
v -0.095045 1.45953 0.210333
v -0.130026 1.48312 0.228937
v -0.131816 1.53574 0.244107
v -0.016573 1.3261 -0.0123139
v 0.0358099 1.3173 0.0653808
v 0.0491647 1.2801 0.0668714
v 0.121549 1.28657 0.111991
v 0.227557 1.32295 0.120914
v 0.292178 1.34616 0.0850828
v 0.376549 1.5235 0.258748
v 0.378038 1.54064 0.257591
v 0.392674 1.55276 0.292834
v 0.413422 1.56481 0.284008
v 0.446916 1.49997 0.224931
v 0.410275 1.4706 0.1763
v 0.368431 1.43589 0.117628
v 0.348666 1.42217 0.0981029
v -0.0511993 1.43418 0.160179
v 0.33686 1.35979 -0.0182502
v 0.261284 1.33784 -0.168643
v 0.202168 1.34633 -0.183354
v 0.145537 1.34168 -0.162975
v -0.0220584 1.3177 -0.0934461
v -0.10048 1.44365 0.162263
v -0.13264 1.49094 0.219345
v -0.135738 1.51753 0.232466
v -0.127162 1.54326 0.253076
v -0.118111 1.54747 0.262285
v -0.0970116 1.54469 0.275551
v -0.0732605 1.5085 0.319751
v 0.0705784 1.28917 0.108973
v 0.181324 1.30669 0.111441
v 0.333265 1.38673 0.0608815
v 0.436174 1.56142 0.270193
v 0.428427 1.48748 0.208661
v 0.415891 1.48157 0.19373
v 0.359294 1.41078 0.0889679
v 0.35084 1.41135 0.0763404
v -0.0347444 1.44987 0.194745
v 0.108543 1.33127 -0.16394
v 0.076529 1.34715 -0.175962
v 0.0095648 1.32096 -0.120941
v -0.0155677 1.31993 -0.106423
v -0.116235 1.47381 0.199758
v -0.108924 1.5485 0.274772
v -0.0690226 1.46181 0.294303
v -0.0702598 1.46169 0.281945
v 0.118575 1.2748 0.110338
v 0.157246 1.2843 0.121445
v 0.1585 1.3113 0.119372
v 0.230867 1.32323 0.114633
v 0.245967 1.34925 0.097248
v 0.278191 1.36906 0.099436
v 0.387758 1.55168 0.279824
v 0.452055 1.51759 0.230045
v 0.437051 1.49906 0.210374
v 0.402385 1.46265 0.150591
v 0.37438 1.43048 0.105712
v -0.0465999 1.44119 0.189196
v 0.33097 1.34066 -0.0754796
v 0.32242 1.33838 -0.0875379
v -0.0633209 1.47056 0.274957
v -0.024089 1.33911 0.0197748
v 0.0923172 1.27842 0.105171
v 0.109502 1.28656 0.109937
v 0.140883 1.29627 0.108672
v 0.328492 1.47536 0.148134
v 0.450984 1.52807 0.237285
v 0.450777 1.50813 0.22603
v 0.401358 1.45372 0.134782
v 0.38682 1.42689 0.0968123
v 0.369752 1.42809 0.100524
v 0.332497 1.35584 -0.0388075
v 0.294521 1.32387 -0.105858
v 0.0221085 1.33027 -0.131655
v -0.103376 1.45245 0.151507
v -0.0619185 1.49632 0.302493
v -0.0559749 1.48319 0.272905
v -0.101479 1.46671 0.199504
v -0.0040873 1.35582 0.0518647
v 0.00692412 1.33628 0.0456384
v 0.113766 1.28747 0.110199
v 0.212873 1.33765 0.128102
v -0.0396148 1.44293 0.173955
v 0.422765 1.56525 0.280549
v 0.426259 1.56486 0.274308
v 0.448143 1.54463 0.253387
v 0.421847 1.48912 0.184882
v 0.409426 1.48132 0.178814
v 0.34489 1.36707 0.00298079
v 0.222854 1.35235 -0.186395
v -0.0760397 1.41623 0.121877
v -0.0846449 1.43586 0.136459
v -0.0860311 1.43761 0.143322
v -0.120705 1.47931 0.192623
v -0.0657907 1.48413 0.318599
v -0.0124071 1.35257 0.0466271
v -0.0353063 1.44598 0.181864
v 0.0625615 1.2925 0.086795
v 0.0614153 1.28538 0.101043
v 0.157216 1.30749 0.123413
v 0.200282 1.33373 0.12647
v 0.295487 1.37822 0.0733081
v 0.313378 1.37715 0.0588485
v 0.320345 1.40319 0.0720801
v 0.332381 1.49475 0.169441
v 0.337077 1.49684 0.179884
v 0.383687 1.43301 0.119558
v 0.0472465 1.32856 -0.165762
v 0.0294883 1.32176 -0.139734
v 0.0166149 1.32157 -0.12483
v -0.129009 1.49116 0.205686
v -0.0239567 1.33637 0.00241835
v -0.0232761 1.36684 0.0568843
v 0.0776225 1.29948 0.112161
v 0.154664 1.30715 0.125172
v 0.182953 1.31626 0.111864
v 0.270047 1.36578 0.101897
v 0.319194 1.47282 0.14408
v 0.352681 1.52483 0.219907
v 0.412049 1.47309 0.166284
v 0.388128 1.44052 0.128663
v -0.112762 1.45949 0.169396
v -0.105613 1.5439 0.254576
v -0.0738208 1.53003 0.282644
v -0.0302283 1.45996 0.196534
v 0.0808074 1.28317 0.107362
v 0.145527 1.3006 0.112536
v 0.374095 1.52926 0.242667
v 0.402486 1.46176 0.166541
v 0.275569 1.33806 -0.132595
v 0.180315 1.34242 -0.17461
v 0.102179 1.33878 -0.165856
v 0.00695532 1.3408 -0.121735
v 0.132305 1.3445 -0.159711
v -0.0228421 1.3369 -0.0896253
v -0.125537 1.48792 0.185616
v -0.0570553 1.47894 0.260444
v -0.0284746 1.44823 0.155665
v -0.0421635 1.44295 0.146774
v -0.0347469 1.42695 0.126274
v -0.00990361 1.369 0.0599237
v 0.0332259 1.33776 0.0668789
v 0.162251 1.31484 0.116374
v 0.165551 1.32572 0.116527
v 0.184602 1.32869 0.115358
v 0.226934 1.34467 0.102564
v 0.262112 1.3601 0.101152
v 0.31715 1.46299 0.139822
v 0.31365 1.48044 0.137451
v 0.373339 1.53676 0.239148
v 0.334408 1.35617 -0.0721361
v 0.283358 1.34047 -0.120058
v 0.269416 1.34682 -0.154983
v 0.238366 1.33914 -0.185287
v 0.173729 1.34232 -0.171591
v 0.0337444 1.34531 -0.153411
v -0.0359015 1.32804 -0.0758138
v -0.111745 1.54063 0.243311
v -0.0847009 1.53813 0.281937
v -0.0523753 1.49462 0.266765
v -0.0210148 1.3388 -0.0219105
v -0.0313152 1.44839 0.165501
v -0.0207064 1.40818 0.113333
v -0.0130453 1.40129 0.103298
v -0.0135983 1.38589 0.0819852
v 0.061401 1.30594 0.0848688
v 0.0892367 1.3 0.110049
v 0.234789 1.34656 0.0982486
v 0.313711 1.41811 0.0807631
v 0.437665 1.55005 0.235535
v 0.440883 1.54481 0.236425
v 0.394697 1.4383 0.118923
v 0.364246 1.40513 0.0724461
v 0.350037 1.38302 0.00665654
v 0.3333 1.36241 -0.027049
v 0.331177 1.36949 -0.0425394
v 0.119671 1.34589 -0.158247
v 0.0405802 1.34607 -0.160794
v -0.0825444 1.41891 0.106538
v -0.0891482 1.43783 0.122423
v -0.064137 1.46864 0.254543
v -0.0272438 1.4541 0.171697
v -0.0395124 1.44452 0.14087
v 0.0103506 1.35201 0.0531938
v 0.0507834 1.31862 0.0788254
v 0.0649185 1.2853 0.106135
v 0.411887 1.56311 0.235057
v 0.378259 1.42541 0.0870126
v 0.357618 1.40646 0.0589502
v -0.00842681 1.34124 -0.114807
v -0.0958142 1.44795 0.137651
v -0.129828 1.51903 0.22247
v -0.0614969 1.50975 0.288684
v 0.220782 1.33086 0.124949
v 0.222884 1.37299 0.105144
v 0.2925 1.38868 0.0785969
v 0.313662 1.39978 0.0699777
v 0.312417 1.43582 0.0976049
v 0.332328 1.51058 0.177914
v 0.401248 1.56177 0.271388
v 0.440699 1.53294 0.22334
v 0.438857 1.51181 0.208746
v 0.419598 1.48612 0.177194
v 0.368986 1.40646 0.0749746
v -0.0323132 1.35135 6.91653e-005
v -0.0309074 1.35892 0.0283622
v -0.0352209 1.37054 0.0370061
v -0.0222583 1.35448 0.038569
v 0.351589 1.38792 0.0290207
v 0.323598 1.35175 -0.088812
v -0.124674 1.53026 0.232558
v 0.0680042 1.3192 0.0992425
v 0.125397 1.30713 0.112576
v 0.139701 1.32934 0.11031
v 0.26626 1.38297 0.105479
v 0.312428 1.47277 0.135293
v 0.377267 1.54604 0.239061
v 0.392374 1.55705 0.254058
v 0.373694 1.40469 0.0591361
v 0.268194 1.35643 -0.15912
v 0.061166 1.34735 -0.172534
v -0.0379244 1.35256 -0.0731867
v -0.0723348 1.3995 0.0644105
v -0.077896 1.41025 0.0922528
v -0.108708 1.46057 0.148092
v -0.131843 1.50707 0.213067
v -0.0541925 1.5117 0.263601
v -0.0600036 1.46868 0.238016
v -0.0253567 1.44771 0.139679
v -0.0311803 1.44179 0.133741
v -0.0219506 1.42814 0.117079
v -0.00440465 1.40023 0.0965562
v 0.0648544 1.32485 0.0938965
v 0.0656996 1.30122 0.10567
v 0.234991 1.37918 0.104402
v 0.283703 1.37402 0.0938652
v 0.32406 1.48143 0.143548
v 0.326721 1.48973 0.147056
v 0.341695 1.52235 0.198308
v 0.433704 1.50363 0.196184
v 0.418706 1.47989 0.16883
v 0.413106 1.4755 0.156174
v 0.0695679 1.34534 -0.175114
v -0.117407 1.47036 0.170257
v -0.126275 1.48969 0.172596
v -0.128453 1.51149 0.200996
v -0.0626835 1.52217 0.273552
v -0.0451431 1.47202 0.208533
v -0.0136421 1.4099 0.110846
v -0.000740368 1.37944 0.0663005
v 0.00840013 1.36908 0.0569695
v 0.0463512 1.33762 0.0791168
v 0.105282 1.30113 0.112094
v 0.1431 1.3177 0.112616
v 0.149201 1.3113 0.122225
v 0.219361 1.35999 0.111057
v 0.27533 1.39168 0.103316
v 0.294686 1.40344 0.077942
v 0.427992 1.49826 0.185169
v 0.259993 1.35522 -0.170725
v 0.237178 1.35837 -0.183264
v -0.0241871 1.34934 -0.0873938
v -0.0269432 1.34855 -0.0226701
v -0.0809822 1.41473 0.0857599
v -0.0890978 1.54238 0.256966
v -0.0534782 1.47912 0.240627
v -0.0497191 1.47237 0.214472
v -0.0316223 1.47633 0.206717
v 0.0584878 1.34006 0.0918926
v 0.155439 1.33064 0.11808
v 0.439728 1.52424 0.214049
v 0.379698 1.42504 0.0725595
v 0.369526 1.40226 0.0519157
v -0.0227604 1.46287 0.17481
v 0.0760971 1.31946 0.116309
v 0.0971627 1.30482 0.111417
v 0.204441 1.33874 0.129194
v 0.334984 1.52595 0.186531
v 0.359776 1.53903 0.222496
v 0.367594 1.55417 0.218145
v 0.398921 1.43952 0.111111
v 0.298166 1.34952 -0.106681
v 0.250107 1.36261 -0.177857
v 0.0500672 1.34251 -0.168145
v -0.0182209 1.35337 -0.106991
v -0.0782407 1.40565 0.0629785
v -0.0918184 1.43004 0.100951
v -0.123647 1.52361 0.208012
v -0.116203 1.53484 0.223596
v -0.0169698 1.45442 0.156334
v 0.000282068 1.42053 0.10971
v 0.114865 1.3102 0.113521
v 0.119979 1.31545 0.114957
v 0.256501 1.38204 0.1057
v 0.301879 1.41851 0.0804909
v 0.400128 1.56204 0.242976
v 0.409229 1.46509 0.140213
v 0.335302 1.375 -0.0235759
v 0.329289 1.3531 -0.0822266
v 0.280729 1.35391 -0.126329
v 0.279151 1.36727 -0.130998
v 0.208548 1.37263 -0.181198
v 0.165391 1.34598 -0.168348
v 0.0944877 1.33464 -0.173058
v -0.0405693 1.34504 -0.0667488
v -0.0367041 1.36992 0.0278128
v -0.0501522 1.48958 0.245823
v -0.0230026 1.47052 0.181425
v 0.00624101 1.40313 0.0967605
v 0.0093274 1.38518 0.07034
v 0.0337105 1.34877 0.0741002
v 0.123188 1.32491 0.115012
v 0.152283 1.32761 0.123848
v 0.21963 1.35445 0.120236
v 0.327701 1.50654 0.158689
v 0.423559 1.56089 0.240408
v 0.431641 1.5018 0.175641
v 0.423904 1.48818 0.170252
v 0.405988 1.45051 0.118367
v 0.32607 1.36198 -0.088143
v 0.276218 1.35409 -0.136591
v 0.230332 1.37226 -0.182864
v 0.143121 1.35975 -0.160692
v 0.00537393 1.36172 -0.122381
v -0.0991336 1.44909 0.120309
v -0.113766 1.46416 0.133178
v -0.12685 1.50182 0.184832
v -0.072373 1.53448 0.263053
v 0.0224055 1.35475 0.0669889
v 0.14872 1.33098 0.124841
v 0.172977 1.33966 0.115757
v 0.190836 1.35494 0.130347
v 0.383401 1.554 0.236104
v 0.431405 1.55185 0.225046
v 0.374915 1.40434 0.026231
v 0.365827 1.40372 0.0388789
v 0.343857 1.37816 -0.00804394
v 0.338582 1.3832 -0.0218014
v 0.267356 1.36952 -0.161558
v 0.213245 1.3533 -0.185351
v 0.0802058 1.36523 -0.172213
v 0.0245402 1.37685 -0.144087
v 0.0133233 1.3567 -0.127177
v -0.104798 1.45177 0.107976
v -0.0959478 1.54328 0.24614
v -0.0483204 1.50002 0.243628
v -0.0294387 1.47216 0.201453
v 0.0185694 1.38271 0.0635222
v 0.0704885 1.34197 0.102908
v 0.0711524 1.3232 0.112548
v 0.108656 1.31917 0.115923
v 0.217012 1.37031 0.109274
v -0.0301226 1.35958 -0.0216991
v 0.349244 1.53893 0.205053
v 0.393939 1.56193 0.229489
v 0.420563 1.48825 0.156239
v 0.0361461 1.36827 -0.156595
v -0.0425717 1.4923 0.223058
v -0.0332107 1.48736 0.211267
v 0.0165765 1.36722 0.0606317
v 0.212343 1.36259 0.124859
v 0.268284 1.40531 0.107014
v 0.276406 1.40872 0.102806
v 0.30173 1.48392 0.127147
v 0.322758 1.49715 0.143244
v 0.424216 1.55202 0.20966
v 0.435813 1.53837 0.213884
v 0.43469 1.52324 0.19139
v 0.434429 1.51273 0.188366
v 0.411709 1.45871 0.118112
v 0.362108 1.40218 0.0234809
v 0.334098 1.36692 -0.0732602
v 0.122238 1.36116 -0.156272
v -0.0250532 1.37465 -0.0887748
v -0.127917 1.50564 0.172261
v -0.0225019 1.44008 0.124731
v 0.00119506 1.40921 0.104846
v 0.0206245 1.39339 0.0720076
v 0.13161 1.31402 0.10965
v 0.136545 1.34759 0.109435
v 0.286194 1.41072 0.0866266
v 0.331652 1.5362 0.16941
v 0.383261 1.56232 0.222248
v 0.40387 1.56336 0.224503
v 0.429223 1.543 0.200346
v 0.416676 1.47095 0.126635
v 0.391829 1.43161 0.10804
v 0.398968 1.4342 0.080665
v 0.331751 1.37949 -0.048854
v 0.33546 1.38393 -0.0802496
v 0.0206344 1.34969 -0.134304
v -0.0839939 1.42115 0.0753517
v -0.121597 1.48236 0.153654
v -0.0164853 1.47585 0.170945
v -0.00940324 1.45849 0.147579
v 0.0275237 1.38143 0.0666655
v 0.0370453 1.36484 0.0796318
v 0.0506592 1.35864 0.0861603
v 0.292268 1.43189 0.0863913
v 0.300651 1.4712 0.118945
v 0.320355 1.49853 0.135476
v 0.338776 1.53717 0.188298
v 0.420359 1.47964 0.139468
v 0.377599 1.40899 0.0445726
v 0.355282 1.39486 0.00806993
v 0.289625 1.35273 -0.114492
v -0.0131735 1.36771 -0.114461
v -0.028645 1.36679 -0.0302022
v -0.0346357 1.36097 -0.00950806
v 0.318901 1.48964 0.136281
v 0.413615 1.56066 0.218901
v 0.284457 1.37412 -0.123276
v -0.0503749 1.51321 0.243177
v -0.0242651 1.48611 0.188765
v -0.0133001 1.43344 0.113097
v 0.120394 1.32939 0.115947
v 0.432501 1.53359 0.194146
v 0.363797 1.40574 0.0207081
v 0.155532 1.36952 -0.162628
v 0.134463 1.38109 -0.155255
v 0.104398 1.35992 -0.159449
v 0.0749074 1.37051 -0.171841
v -0.0409399 1.36611 -0.0691496
v -0.0443864 1.38518 0.0173556
v -0.0777113 1.41173 0.0522743
v -0.124539 1.49228 0.149891
v -0.122202 1.51941 0.189143
v -0.105485 1.53595 0.199232
v -0.103985 1.54085 0.23231
v -0.0874128 1.54132 0.235032
v -0.0577865 1.52541 0.241918
v -0.0347173 1.50609 0.214161
v 0.0229898 1.41111 0.094407
v 0.145522 1.33029 0.122192
v 0.162714 1.3483 0.119458
v 0.175655 1.35444 0.120041
v 0.213048 1.37442 0.122398
v 0.259796 1.40032 0.107806
v 0.362126 1.55351 0.204268
v 0.385938 1.56652 0.197427
v 0.430262 1.50868 0.162727
v 0.38343 1.42764 0.0591909
v 0.371736 1.40765 0.0168698
v 0.352294 1.39724 -0.00922159
v 0.336374 1.38689 -0.0734839
v 0.321956 1.38498 -0.09513
v -0.0267262 1.3669 -0.083673
v -0.110207 1.46038 0.114973
v -0.117771 1.47005 0.124009
v -0.0634828 1.53138 0.2385
v -0.0429904 1.50565 0.223615
v 0.0828137 1.32349 0.117274
v 0.194837 1.3636 0.131727
v 0.213907 1.38399 0.112206
v 0.252034 1.40447 0.107117
v 0.334211 1.54243 0.171742
v 0.414518 1.5612 0.207608
v 0.434508 1.51696 0.178634
v 0.408292 1.44917 0.0976953
v 0.402745 1.43927 0.0895354
v 0.362496 1.40578 0.00811918
v 0.316455 1.37197 -0.0965698
v -0.0784174 1.41567 0.0369055
v -0.0845901 1.42663 0.0637222
v -0.125687 1.51548 0.178169
v -0.0717036 1.5375 0.227974
v -0.00966678 1.46591 0.155505
v 0.112351 1.33145 0.117374
v 0.141008 1.34503 0.114305
v 0.152976 1.34147 0.120631
v 0.206598 1.3735 0.12626
v 0.359419 1.55575 0.194952
v 0.375184 1.56226 0.203286
v 0.393689 1.56578 0.217845
v 0.404154 1.56592 0.211321
v 0.258235 1.37533 -0.17149
v -0.0976349 1.438 0.0936724
v 0.0318788 1.372 0.0744022
v 0.134706 1.34262 0.109244
v 0.150437 1.35757 0.121576
v 0.285194 1.42717 0.0905978
v 0.299196 1.43289 0.084014
v 0.430994 1.54323 0.189508
v 0.419351 1.47126 0.11424
v 0.378413 1.42423 0.0322257
v 0.378811 1.41389 0.0273181
v 0.373566 1.41115 0.00961006
v 0.362145 1.40973 0.00150254
v 0.338478 1.39839 -0.0324742
v 0.109606 1.36605 -0.156323
v -0.049422 1.39914 -0.00936961
v 0.0743712 1.34089 0.113108
v 0.10469 1.33574 0.118847
v 0.148027 1.34684 0.124723
v 0.1576 1.34727 0.119658
v 0.231069 1.39406 0.104858
v 0.296081 1.44468 0.0872372
v 0.305438 1.49068 0.129309
v 0.318551 1.51161 0.131028
v 0.428901 1.5027 0.14777
v 0.425122 1.48507 0.118978
v 0.293959 1.37263 -0.113423
v 0.113274 1.3765 -0.154325
v 0.0853475 1.36968 -0.168877
v -0.12413 1.50057 0.140306
v -0.113202 1.53065 0.194982
v -0.0944997 1.53941 0.203986
v -0.00921028 1.45333 0.124438
v 0.0359515 1.39384 0.0733508
v 0.0632202 1.35306 0.0986183
v 0.260303 1.42897 0.106487
v 0.279788 1.43113 0.0969695
v 0.296307 1.47496 0.113297
v 0.433991 1.5339 0.183468
v 0.381486 1.42965 0.0490594
v 0.332525 1.39032 -0.0475361
v 0.333499 1.38546 -0.0848387
v 0.265597 1.40435 -0.164213
v -0.0192617 1.38475 -0.111449
v -0.0281531 1.3829 -0.0829123
v -0.0416548 1.38452 -0.0704724
v -0.106571 1.45217 0.0936128
v -0.119807 1.51824 0.161623
v -0.00127137 1.47221 0.145308
v -0.00259306 1.46243 0.134342
v 0.0268453 1.39069 0.0680858
v 0.0402178 1.38065 0.0849875
v 0.239544 1.39571 0.105119
v 0.297694 1.49597 0.121492
v 0.411215 1.56102 0.197351
v 0.426845 1.54995 0.19524
v 0.431816 1.52067 0.164861
v 0.367041 1.41353 -0.00323021
v 0.356078 1.41019 -0.015854
v 0.303696 1.37537 -0.106196
v 0.156435 1.38097 -0.161077
v -0.120929 1.47808 0.118568
v -0.119406 1.52681 0.181951
v -0.0484092 1.5205 0.223555
v -0.0255895 1.49424 0.19033
v 0.0124135 1.43065 0.108992
v 0.0147767 1.4142 0.101741
v 0.0737943 1.35257 0.11063
v 0.077183 1.33989 0.118366
v 0.0953337 1.33397 0.11625
v 0.117771 1.34602 0.117793
v 0.168823 1.3606 0.119322
v 0.213329 1.39093 0.114778
v 0.272312 1.4225 0.104424
v 0.343583 1.54535 0.188247
v 0.377338 1.56591 0.192127
v 0.427111 1.54511 0.181182
v 0.431022 1.5302 0.167333
v 0.332699 1.38656 -0.0367561
v 0.33724 1.39426 -0.0777507
v 0.277168 1.37996 -0.141798
v 0.246949 1.38012 -0.17684
v 0.181403 1.37112 -0.170478
v 0.0957955 1.37147 -0.160968
v -0.0393999 1.38316 -0.019655
v -0.0798309 1.5394 0.21342
v -0.0143114 1.48118 0.161699
v 0.0566357 1.35589 0.0905665
v 0.0912138 1.33386 0.116664
v 0.216451 1.391 0.108525
v 0.328018 1.52667 0.157675
v 0.351354 1.55342 0.181191
v 0.426184 1.49569 0.13733
v 0.393096 1.42914 0.0731976
v 0.375163 1.41972 -0.000436929
v 0.285112 1.38597 -0.124399
v 0.194041 1.38109 -0.173305
v 0.00339507 1.38604 -0.122382
v -0.0548198 1.40171 0.0208372
v -0.0624635 1.5347 0.216711
v 0.0584054 1.36957 0.0951905
v 0.128345 1.33716 0.111398
v 0.162091 1.36884 0.122434
v 0.234011 1.41529 0.102834
v 0.408833 1.45122 0.073967
v 0.334551 1.41301 -0.0530368
v 0.270869 1.38477 -0.158192
v 0.218633 1.38028 -0.181627
v 0.103645 1.38459 -0.154524
v 0.0417459 1.38202 -0.160215
v 0.0380686 1.4006 -0.157322
v -0.102687 1.45686 0.0655074
v -0.0736397 1.5415 0.205812
v -0.0207168 1.49823 0.179054
v 0.02078 1.42738 0.105166
v 0.0307456 1.40075 0.0757526
v 0.0685403 1.37381 0.109746
v 0.0731758 1.36267 0.111191
v 0.109621 1.35123 0.121077
v 0.18648 1.38648 0.129755
v 0.196519 1.38769 0.127091
v 0.315134 1.49546 0.129294
v 0.332137 1.54655 0.15954
v 0.350135 1.55816 0.167643
v 0.371769 1.56305 0.179839
v 0.397575 1.5649 0.192763
v 0.339411 1.5538 0.161479
v 0.408369 1.55959 0.187415
v 0.430776 1.5253 0.154887
v 0.428576 1.51018 0.135854
v 0.338148 1.40798 -0.0394295
v 0.274456 1.38447 -0.150683
v 0.233547 1.39162 -0.178345
v -0.0960869 1.54104 0.195651
v -0.00421949 1.45085 0.112604
v -0.00295394 1.4454 0.108432
v 0.0164128 1.44488 0.110332
v 0.140039 1.35036 0.113356
v 0.143648 1.35433 0.122139
v 0.14702 1.36797 0.122486
v 0.150132 1.38035 0.121394
v 0.178666 1.37766 0.127884
v 0.216457 1.40093 0.109375
v 0.276981 1.43878 0.0977766
v -0.0157916 1.39608 -0.115456
v -0.0375103 1.39577 -0.0314947
v -0.121901 1.48155 0.111804
v -0.109434 1.53621 0.187862
v 0.00528627 1.43526 0.111324
v 0.123691 1.34396 0.115383
v 0.294775 1.50609 0.115609
v 0.300895 1.50474 0.120033
v 0.430648 1.51092 0.147449
v 0.42115 1.47746 0.106004
v 0.385802 1.44152 0.0296842
v 0.377398 1.43536 0.0226748
v 0.331895 1.39735 -0.0900192
v 0.266995 1.38537 -0.163329
v 0.0125202 1.38113 -0.12941
v -0.036207 1.3979 -0.0400726
v -0.047988 1.39921 0.0120622
v -0.0717757 1.41686 0.0267573
v -0.11314 1.46659 0.0902016
v -0.0384199 1.5234 0.191886
v -0.031923 1.51019 0.192123
v 0.104695 1.35615 0.121715
v 0.157856 1.36917 0.122649
v 0.207448 1.40136 0.117739
v 0.2715 1.4652 0.092151
v 0.289593 1.44924 0.0860444
v 0.386648 1.56771 0.186303
v 0.40294 1.44644 0.0574475
v 0.38034 1.43318 0.0380597
v 0.0260659 1.39997 -0.148052
v -0.027517 1.39617 -0.0840626
v -0.0391732 1.39818 -0.0744295
v -0.0495992 1.40769 -0.0200532
v -0.123196 1.51005 0.157238
v -0.0531665 1.53452 0.207191
v -0.0439755 1.52467 0.212284
v -0.0192718 1.50763 0.169344
v -0.000204913 1.45016 0.10611
v 0.0793892 1.3605 0.119592
v 0.0848773 1.34895 0.1236
v 0.139519 1.37156 0.11309
v 0.205455 1.39392 0.124946
v 0.211613 1.40383 0.110459
v 0.377779 1.42494 0.00333973
v 0.211154 1.39851 -0.176673
v 0.0800689 1.39108 -0.165275
v -0.0579268 1.41778 -0.00186847
v -0.0813285 1.43082 0.0364062
v -0.111789 1.52922 0.167762
v -0.081223 1.54179 0.191046
v 0.00306894 1.45706 0.10891
v 0.0320472 1.42058 0.0966846
v 0.0851602 1.36863 0.125072
v 0.315199 1.51393 0.124359
v 0.361645 1.55996 0.173608
v 0.425291 1.54561 0.171985
v 0.310148 1.50799 0.120464
v 0.399727 1.56398 0.18029
v 0.424512 1.55041 0.166198
v 0.053258 1.40762 -0.163488
v -0.0647816 1.54213 0.206316
v 0.0393624 1.40519 0.0778025
v 0.0473789 1.39026 0.0923065
v 0.173374 1.38695 0.12632
v 0.178773 1.38988 0.128067
v 0.225224 1.41865 0.103821
v 0.28595 1.45593 0.0848877
v 0.42188 1.55119 0.154699
v 0.415522 1.46294 0.102934
v 0.114328 1.39514 -0.153603
v -0.0221585 1.37911 -0.105173
v -0.0870697 1.44253 0.0520078
v -0.11616 1.48201 0.0782965
v -0.119344 1.5087 0.112124
v -0.0847354 1.54084 0.178779
v 0.0953687 1.35905 0.121734
v 0.0993408 1.36863 0.123398
v 0.166339 1.37971 0.123233
v 0.242454 1.42376 0.102685
v 0.32596 1.53401 0.140712
v 0.427935 1.53897 0.160021
v 0.338441 1.40923 -0.0781441
v 0.308645 1.40973 -0.109299
v 0.0669754 1.38898 -0.168618
v 0.0487534 1.39034 -0.163428
v -0.0424238 1.41223 -0.035305
v 0.0376965 1.41244 0.0836659
v 0.128935 1.36432 0.11157
v 0.133689 1.36164 0.109765
v 0.302273 1.51325 0.117804
v 0.423202 1.4857 0.097201
v 0.379206 1.43792 0.0188972
v 0.376447 1.42446 -0.00985806
v 0.340994 1.41963 -0.047203
v 0.329417 1.40844 -0.0949862
v 0.294204 1.39725 -0.118412
v 0.190772 1.39325 -0.169632
v 0.0612164 1.39271 -0.167349
v -0.0241193 1.39959 -0.0931899
v 0.00721565 1.45156 0.107128
v 0.0433029 1.40275 0.0797487
v 0.114105 1.36222 0.121036
v 0.118377 1.35526 0.11817
v 0.138143 1.35743 0.110862
v 0.181419 1.40118 0.126609
v 0.384315 1.56591 0.16733
v 0.395328 1.56422 0.168331
v 0.423526 1.54023 0.146451
v 0.42915 1.52046 0.140848
v 0.395802 1.44364 0.0427205
v 0.0943154 1.39089 -0.156144
v -0.0448316 1.4129 -0.0715046
v -0.082243 1.43333 0.0241658
v -0.0825233 1.44285 0.0382475
v -0.122436 1.49453 0.108792
v -0.108173 1.53101 0.159087
v -0.0992152 1.53655 0.172057
v -0.0572176 1.5395 0.184643
v 0.0083175 1.48135 0.130316
v 0.0065155 1.46312 0.107761
v 0.027423 1.43549 0.102125
v 0.168219 1.39444 0.125409
v 0.264036 1.44939 0.101223
v 0.357132 1.56056 0.153538
v 0.362662 1.56242 0.161562
v 0.355715 1.42301 -0.0336831
v 0.318232 1.40657 -0.102156
v 0.242144 1.40997 -0.173001
v 0.0725486 1.39864 -0.165871
v 0.0571423 1.425 -0.16128
v -0.0280429 1.42351 -0.0873533
v 0.0589035 1.39236 0.101592
v 0.424894 1.50728 0.101154
v 0.417749 1.47104 0.0814587
v 0.341715 1.42787 -0.053121
v 0.337778 1.41276 -0.0865464
v 0.269516 1.40415 -0.159823
v 0.00884854 1.41087 -0.130804
v -0.0175761 1.4163 -0.115073
v -0.0621969 1.41938 0.00742796
v -0.116719 1.51916 0.135985
v -0.0470575 1.53162 0.189767
v -0.0135048 1.49761 0.156909
v 0.0033539 1.47018 0.130847
v 0.121391 1.36506 0.117366
v 0.313434 1.51811 0.121136
v 0.327162 1.53998 0.128078
v 0.374942 1.4402 -0.0232284
v 0.371508 1.42889 -0.02316
v 0.154709 1.39675 -0.157911
v 0.0993207 1.40597 -0.151655
v 0.0752541 1.41733 -0.158585
v 0.019449 1.41591 -0.141621
v -0.0212181 1.40354 -0.110449
v -0.0818547 1.45183 0.0227713
v -0.073016 1.54476 0.171183
v -0.0375245 1.52846 0.17807
v -0.0324214 1.52181 0.182476
v 0.0374806 1.42764 0.0953638
v 0.0436767 1.42388 0.0889545
v 0.251173 1.4462 0.102251
v 0.284018 1.46449 0.0846941
v 0.310767 1.51858 0.114394
v 0.340709 1.56036 0.141878
v 0.413816 1.5535 0.168553
v 0.427599 1.49971 0.114176
v 0.273367 1.41312 -0.152783
v 0.227594 1.41156 -0.174702
v 0.216317 1.39742 -0.178193
v 0.201155 1.40864 -0.17054
v 0.175944 1.42884 -0.159516
v -0.000563467 1.40625 -0.12227
v -0.0407469 1.42124 -0.0778453
v -0.042139 1.42137 -0.04594
v -0.077229 1.44507 0.00298206
v 0.0192994 1.45512 0.108994
v 0.073541 1.38225 0.115909
v 0.144204 1.37453 0.120767
v 0.159267 1.38556 0.124092
v 0.205415 1.41598 0.116096
v 0.24221 1.4444 0.0982028
v 0.281001 1.46878 0.0839864
v 0.299026 1.51651 0.113678
v 0.375173 1.56432 0.155148
v 0.421985 1.4882 0.0821246
v 0.401599 1.45459 0.0391181
v 0.380109 1.45864 0.00299058
v 0.340332 1.43525 -0.0826495
v 0.335863 1.42077 -0.0925112
v 0.252057 1.40246 -0.171666
v -0.0645422 1.43699 -0.0104399
v -0.0307779 1.52573 0.164537
v 0.00874674 1.45945 0.104286
v 0.0228407 1.45009 0.109972
v 0.0641608 1.41316 0.109978
v 0.0892193 1.36792 0.125568
v 0.167081 1.40248 0.124105
v 0.293215 1.50275 0.112964
v 0.38923 1.5644 0.153932
v 0.404326 1.55813 0.138125
v 0.42673 1.51503 0.116085
v 0.336687 1.42467 -0.0616363
v 0.261029 1.40603 -0.167352
v 0.170605 1.3933 -0.164101
v 0.0879881 1.40976 -0.154091
v -0.0229811 1.41835 -0.103988
v -0.118641 1.49726 0.0890289
v -0.0871316 1.5408 0.163124
v -0.0641804 1.54413 0.183472
v -0.0496214 1.53621 0.17076
v -0.0248544 1.51465 0.172195
v -0.0173886 1.50952 0.159359
v 0.0695605 1.39712 0.112066
v 0.0742111 1.40192 0.117417
v 0.114469 1.3788 0.122394
v 0.137656 1.3751 0.110586
v 0.236197 1.4428 0.0977304
v 0.392613 1.45337 0.0237805
v 0.119405 1.4194 -0.15239
v -0.021819 1.43118 -0.109418
v -0.104943 1.46965 0.054167
v -0.00579792 1.48839 0.146469
v 0.0485641 1.41772 0.0867665
v 0.0549484 1.40664 0.0999044
v 0.256185 1.45697 0.100802
v 0.413718 1.46609 0.06523
v 0.37716 1.45208 -0.00583305
v 0.0615246 1.43083 -0.159904
v 0.031449 1.42144 -0.15077
v -0.0613456 1.43569 -0.0252238
v -0.110977 1.52522 0.123519
v -0.0608651 1.54902 0.173192
v 0.317618 1.53184 0.115354
v 0.421319 1.49996 0.0757885
v 0.353834 1.44055 -0.0513075
v 0.250224 1.43568 -0.167277
v 0.146309 1.39966 -0.154701
v -0.00449682 1.42849 -0.120742
v -0.0242596 1.42194 -0.0936328
v -0.0395951 1.43522 -0.0802922
v -0.0452414 1.42584 -0.0722587
v -0.0829709 1.46189 -0.00122297
v -0.0695531 1.54563 0.161082
v -0.0328594 1.52963 0.157991
v -0.0136323 1.51236 0.142838
v 0.0119597 1.47478 0.109463
v 0.0268508 1.4482 0.106609
v 0.126207 1.3745 0.113884
v 0.212845 1.42571 0.110377
v 0.224346 1.43557 0.101974
v 0.347547 1.56184 0.13858
v 0.361647 1.56085 0.137237
v 0.421279 1.55091 0.144064
v 0.223001 1.42851 -0.170796
v 0.191676 1.41325 -0.166373
v 0.137778 1.40589 -0.152348
v 0.00199345 1.42723 -0.124864
v -0.0191562 1.42623 -0.114559
v -0.109331 1.49486 0.0513946
v -0.114224 1.49837 0.0701736
v -0.115629 1.513 0.0920835
v 0.0788916 1.38165 0.119671
v 0.150295 1.39235 0.120181
v 0.417653 1.49046 0.0594504
v 0.393921 1.46634 0.0120635
v 0.344952 1.44705 -0.0616249
v 0.339091 1.43818 -0.0663293
v 0.313376 1.42942 -0.111926
v 0.211691 1.418 -0.17219
v 0.144309 1.42393 -0.150312
v -0.0729635 1.45765 -0.0157174
v -0.10416 1.53181 0.127587
v 0.012112 1.46576 0.103516
v 0.0416331 1.44282 0.0983956
v 0.0872654 1.38977 0.124675
v 0.157041 1.39515 0.122949
v 0.188859 1.40986 0.123249
v 0.243018 1.46825 0.0904928
v 0.294832 1.52492 0.103808
v 0.41797 1.54936 0.132082
v 0.28632 1.40611 -0.128291
v 0.280639 1.40116 -0.135029
v -0.112898 1.52131 0.111644
v 0.00487749 1.49038 0.132091
v 0.141921 1.38773 0.114515
v 0.178128 1.40904 0.124257
v 0.204837 1.43493 0.113355
v 0.299496 1.52868 0.108014
v 0.395666 1.55935 0.130978
v 0.423671 1.52693 0.119294
v 0.423462 1.5181 0.105272
v 0.156385 1.42672 -0.152753
v -0.048598 1.42859 -0.0381505
v -0.0835223 1.4657 0.0186093
v -0.0182479 1.52095 0.148111
v 0.231711 1.46305 0.0965219
v 0.263913 1.47244 0.0942523
v 0.267896 1.48525 0.0895446
v 0.28842 1.49523 0.0904906
v 0.336317 1.55784 0.134892
v 0.414438 1.55364 0.121017
v 0.384118 1.46653 0.000345401
v 0.278076 1.43618 -0.147356
v -0.0231906 1.43704 -0.0987294
v -0.0452234 1.43526 -0.0457707
v -0.0604703 1.55103 0.158203
v 0.0332127 1.4442 0.0982778
v 0.199527 1.42057 0.121081
v 0.330916 1.54858 0.11613
v 0.41659 1.53505 0.100747
v 0.272008 1.43623 -0.156396
v -0.0277109 1.4422 -0.0906792
v -0.0789002 1.54204 0.147891
v 0.0152193 1.48679 0.117971
v 0.0149664 1.47589 0.103771
v 0.0329839 1.4664 0.108304
v 0.0473175 1.43904 0.0972332
v 0.0536124 1.43237 0.0979058
v 0.0627406 1.42383 0.108255
v 0.1069 1.38182 0.124711
v 0.137911 1.39016 0.110023
v 0.174089 1.4218 0.119454
v 0.212893 1.45531 0.105482
v 0.291789 1.51309 0.0922635
v 0.415748 1.47713 0.0621488
v -0.0427423 1.43539 -0.0546623
v -0.0632545 1.44709 -0.0303389
v -0.0968071 1.53831 0.101012
v -0.0973633 1.53631 0.133709
v -0.0751417 1.54556 0.133587
v -0.0240659 1.52985 0.141302
v -0.00976186 1.51099 0.136426
v 0.0183244 1.47649 0.102055
v 0.120227 1.38589 0.119122
v 0.28468 1.47985 0.0850303
v 0.336138 1.4408 -0.0975293
v -0.101589 1.48168 0.0353812
v 0.0122328 1.50232 0.123098
v 0.0280622 1.46538 0.109233
v 0.0347028 1.45674 0.099594
v 0.0953701 1.40538 0.124846
v 0.165014 1.41417 0.11999
v 0.374247 1.56286 0.12246
v 0.405767 1.55721 0.122285
v 0.391057 1.48128 -0.00476743
v 0.376286 1.45389 -0.0190098
v 0.135695 1.42296 -0.150475
v 0.00115463 1.45702 -0.127077
v -0.0442474 1.44784 -0.0559518
v -0.108713 1.52536 0.0847868
v -0.0539674 1.54645 0.158784
v -0.0399776 1.53655 0.153689
v 0.000266449 1.50867 0.126643
v 0.0131656 1.49356 0.124166
v 0.0681833 1.42825 0.113539
v 0.0781802 1.40891 0.120418
v 0.116836 1.39 0.121021
v 0.190253 1.44217 0.112658
v 0.197467 1.43463 0.115908
v 0.349281 1.56715 0.119717
v 0.37824 1.56168 0.140025
v 0.413062 1.49364 0.0440925
v 0.403108 1.48568 0.0211028
v 0.37421 1.46822 -0.039619
v 0.338374 1.44431 -0.0710325
v 0.340303 1.44289 -0.0911842
v 0.297314 1.4147 -0.121464
v 0.256824 1.43133 -0.166629
v 0.0419851 1.4247 -0.156875
v -0.0435307 1.44229 -0.0745326
v -0.0525665 1.46306 -0.0473745
v -0.0736012 1.47578 -0.0334008
v -0.0107796 1.51871 0.130969
v 0.0363493 1.46835 0.106615
v 0.037851 1.45849 0.0977157
v 0.133815 1.38894 0.109628
v 0.14187 1.40431 0.110142
v 0.148779 1.40229 0.116661
v 0.311842 1.53011 0.107868
v 0.418196 1.51726 0.0782682
v 0.398376 1.47458 0.0150779
v 0.350106 1.46203 -0.0656444
v 0.323569 1.44354 -0.106496
v 0.202833 1.43587 -0.165665
v 0.0335018 1.43499 -0.150898
v -0.0213854 1.4509 -0.107888
v -0.109933 1.50601 0.0569612
v -0.018605 1.52504 0.137611
v 0.102685 1.39641 0.125015
v 0.110508 1.39487 0.123305
v 0.129818 1.39147 0.110655
v 0.279598 1.48755 0.0822516
v 0.301647 1.5379 0.103154
v 0.323118 1.54579 0.106016
v 0.333808 1.55785 0.102105
v 0.364691 1.56611 0.110831
v 0.413339 1.53633 0.085667
v 0.28308 1.43961 -0.142686
v 0.262811 1.43953 -0.163875
v 0.244843 1.48165 0.0873579
v 0.280364 1.50188 0.0821487
v 0.414436 1.55263 0.110576
v 0.415159 1.50187 0.0496173
v 0.394654 1.49218 -0.00363279
v 0.267413 1.43053 -0.161554
v 0.0905668 1.41799 -0.151567
v 0.0392283 1.4515 -0.151924
v -0.0425201 1.45785 -0.0766335
v -0.0819063 1.47976 -0.0177155
v -0.104474 1.5314 0.0874895
v -0.0598497 1.55306 0.143415
v 0.0211387 1.49434 0.110039
v 0.0341539 1.47587 0.107995
v 0.0511688 1.44469 0.100252
v 0.26928 1.50059 0.0871472
v 0.383389 1.56407 0.10515
v -0.0174131 1.44475 -0.11471
v -0.0488943 1.46987 -0.0542147
v -0.0808765 1.47249 0.00453255
v -0.0705226 1.54964 0.123834
v -0.038895 1.54162 0.139763
v 0.043864 1.45233 0.0988513
v 0.0626141 1.43672 0.108269
v 0.250139 1.48881 0.0853695
v 0.41043 1.55518 0.084615
v 0.378994 1.47115 -0.0132548
v -0.0953565 1.49892 0.0176093
v -0.110043 1.51517 0.0717796
v 0.308058 1.53818 0.103016
v 0.341279 1.45993 -0.0779143
v 0.100578 1.42504 -0.149582
v 0.0166674 1.43604 -0.140142
v -0.0452572 1.47015 -0.0629859
v -0.0851716 1.48002 0.0106517
v -0.0840715 1.54594 0.105379
v -0.0595737 1.55344 0.126083
v -0.0489681 1.54971 0.131985
v 0.022399 1.47878 0.101786
v 0.103132 1.41698 0.121058
v 0.113399 1.40647 0.120022
v 0.138412 1.41026 0.107504
v 0.256088 1.48108 0.0927997
v 0.292938 1.52551 0.087219
v 0.367782 1.56891 0.10157
v 0.395702 1.56116 0.113081
v 0.410249 1.52965 0.0601787
v 0.338979 1.45896 -0.0974238
v 0.310351 1.44956 -0.125326
v -0.0214843 1.45702 -0.113164
v 0.160887 1.42453 0.113407
v 0.220446 1.45809 0.102093
v 0.285605 1.50237 0.0829216
v 0.298846 1.53759 0.0985631
v 0.0688388 1.44581 -0.154894
v -0.00541427 1.46124 -0.122018
v -0.0392228 1.45561 -0.0828929
v -0.034373 1.54384 0.127397
v 0.0514634 1.45347 0.101094
v 0.154986 1.41068 0.117135
v 0.342552 1.56741 0.0994862
v 0.411032 1.55772 0.0923355
v 0.410845 1.51501 0.0397994
v 0.377324 1.48208 -0.0258042
v 0.320784 1.46201 -0.113852
v 0.160876 1.45494 -0.150855
v 0.0846127 1.43682 -0.151112
v -0.104587 1.51776 0.045284
v -0.106039 1.51855 0.0565367
v 0.0882819 1.41847 0.122513
v 0.145865 1.41537 0.109494
v 0.409019 1.50319 0.029932
v 0.38937 1.49238 -0.0160991
v -0.0795489 1.48736 -0.00248897
v 0.00923855 1.51135 0.119922
v 0.0431525 1.46725 0.0957818
v 0.126883 1.40845 0.111756
v 0.310028 1.56349 0.0896491
v 0.342261 1.56466 0.11921
v 0.352222 1.5751 0.101509
v 0.357645 1.57615 0.0985151
v 0.409065 1.54252 0.0695294
v 0.344912 1.45996 -0.0704932
v -0.090232 1.50832 0.00773938
v 0.0611425 1.45245 0.106585
v 0.066833 1.45225 0.108809
v 0.0817573 1.42423 0.12041
v 0.133537 1.41325 0.107636
v 0.196953 1.46737 0.102297
v 0.205298 1.46972 0.101855
v 0.236198 1.48233 0.0926205
v 0.316708 1.54791 0.0977555
v 0.340587 1.48034 -0.0861741
v 0.130075 1.44073 -0.148526
v 0.0924654 1.45446 -0.147555
v -0.0248976 1.46847 -0.096882
v -0.0254255 1.45835 -0.0952588
v -0.0403486 1.4721 -0.0792183
v -0.093287 1.54182 0.0632358
v 0.0729369 1.43622 0.115228
v 0.296994 1.54506 0.0859626
v 0.394561 1.56367 0.088559
v 0.405309 1.54079 0.0524083
v 0.404636 1.5313 0.0372506
v 0.375198 1.486 -0.0399969
v 0.36659 1.46574 -0.0522689
v 0.212709 1.43733 -0.167666
v 0.188172 1.45016 -0.160529
v 0.048668 1.45307 -0.154794
v 0.0121729 1.46549 -0.136749
v -0.088334 1.54803 0.0782076
v -0.0230842 1.54093 0.12336
v 0.0244278 1.49589 0.104269
v 0.0455 1.47642 0.0940401
v 0.120038 1.40254 0.117365
v 0.180942 1.44233 0.111244
v 0.235355 1.49613 0.0924012
v 0.40542 1.56239 0.0748845
v 0.0379076 1.48706 0.106303
v 0.213587 1.4686 0.101557
v 0.37712 1.49411 -0.0366556
v 0.267681 1.46648 -0.158554
v 0.149138 1.44822 -0.148006
v -0.0206415 1.46657 -0.113316
v 0.322877 1.45833 -0.110451
v 0.28559 1.46584 -0.144343
v 0.258632 1.45312 -0.163709
v -0.0537785 1.47644 -0.0485019
v -0.0796235 1.48529 -0.0275648
v -0.0749649 1.50499 -0.0303698
v -0.0982645 1.53193 0.043775
v -0.0820942 1.54871 0.0924211
v -0.0246981 1.54674 0.115595
v 0.00951571 1.52081 0.112031
v 0.148163 1.4315 0.104582
v 0.274419 1.5239 0.0830301
v 0.28394 1.52137 0.0807688
v 0.400003 1.51527 0.00884692
v 0.395187 1.50669 -0.0039482
v 0.363739 1.49209 -0.0657849
v 0.337592 1.47057 -0.100179
v 0.21963 1.44324 -0.166983
v 0.0637817 1.45965 -0.153498
v -0.0331694 1.48517 -0.0879865
v -0.059356 1.55727 0.104997
v -0.0106724 1.53008 0.117515
v 0.0208104 1.50118 0.112478
v 0.0413225 1.47074 0.0978512
v 0.116859 1.42213 0.113878
v 0.140184 1.43547 0.103376
v 0.232971 1.49954 0.0922937
v 0.291893 1.54002 0.0829372
v 0.340213 1.57086 0.0899492
v 0.312178 1.47847 -0.128718
v 0.290499 1.45037 -0.139717
v -0.0740102 1.49375 -0.036294
v -0.0693191 1.55635 0.102627
v -0.0417012 1.5512 0.111248
v 0.0281967 1.49975 0.101594
v 0.042493 1.48218 0.105699
v 0.361472 1.5824 0.0839222
v 0.373438 1.57306 0.0869374
v 0.40579 1.56307 0.0674583
v 0.370886 1.49907 -0.0589495
v 0.274393 1.46099 -0.153401
v 0.122589 1.46045 -0.145265
v 0.0863591 1.46239 -0.148224
v 0.054134 1.45668 -0.15477
v -0.0387817 1.48611 -0.0789531
v -0.0766694 1.51158 -0.0124747
v 0.0292316 1.49399 0.101203
v 0.130051 1.42923 0.10612
v 0.219895 1.48947 0.0952566
v 0.26348 1.5106 0.0839613
v 0.0187179 1.51148 0.110456
v 0.0447394 1.48306 0.0952188
v 0.0826973 1.44321 0.114757
v 0.153724 1.43915 0.103655
v 0.304265 1.55461 0.0937984
v 0.321582 1.56653 0.0851993
v 0.402314 1.55963 0.0505682
v 0.369898 1.48451 -0.0553925
v 0.350862 1.4937 -0.0760354
v 0.197343 1.46072 -0.161685
v -0.0647723 1.50406 -0.045839
v -0.0768583 1.49244 -0.0129918
v 0.387214 1.5155 -0.0269958
v 0.217487 1.47406 -0.161931
v -0.0618176 1.55976 0.0972023
v 0.0276997 1.51031 0.103276
v 0.0437088 1.49676 0.104428
v 0.124632 1.43587 0.106587
v 0.170671 1.43824 0.109832
v 0.28416 1.53619 0.0799006
v 0.40317 1.55095 0.0477853
v 0.344905 1.49532 -0.0822832
v 0.0358935 1.4667 -0.148429
v -0.0187833 1.48252 -0.110646
v -0.0804137 1.5235 -0.00634764
v -0.0473024 1.55824 0.0965702
v 0.0757163 1.45396 0.110256
v 0.091971 1.43467 0.117777
v 0.203602 1.4877 0.0941283
v 0.249654 1.50562 0.083778
v 0.29884 1.56174 0.0769907
v 0.353856 1.57975 0.0881143
v 0.137531 1.45939 -0.145083
v -0.00466018 1.48012 -0.120824
v -0.0936659 1.52791 0.0228626
v -0.0296054 1.5533 0.105677
v 0.225098 1.5012 0.0901699
v 0.385948 1.57186 0.0754185
v 0.397301 1.56953 0.0578351
v 0.399029 1.56523 0.0379162
v 0.389802 1.52334 -0.0152138
v 0.374535 1.51454 -0.0512214
v 0.321564 1.48254 -0.114046
v 0.29555 1.4759 -0.138471
v 0.104742 1.45333 -0.146319
v -0.0412148 1.49261 -0.0750176
v -0.0519908 1.4971 -0.0561288
v -0.0632616 1.53173 -0.0499784
v -0.0830036 1.53651 0.00301469
v -0.0859544 1.54847 0.0324541
v -0.070089 1.55871 0.0825134
v 0.033757 1.51269 0.0989511
v 0.0490759 1.4971 0.0944762
v 0.0979412 1.43577 0.116324
v 0.163907 1.44342 0.105167
v 0.287044 1.54941 0.0775867
v 0.387128 1.50493 -0.0266377
v 0.247171 1.46342 -0.163523
v -0.0734073 1.51389 -0.0194766
v -0.0557088 1.56 0.0921462
v 0.110285 1.42956 0.113796
v 0.210938 1.48719 0.0954744
v 0.376742 1.58079 0.0661522
v 0.334978 1.48466 -0.102422
v 0.165701 1.47304 -0.150075
v -0.013449 1.48724 -0.115739
v -0.0197052 1.4865 -0.111812
v -0.0774574 1.55972 0.0619363
v -0.0720223 1.56261 0.0670989
v -0.0177641 1.55175 0.0996725
v -0.0118085 1.54523 0.102814
v 0.0611533 1.47236 0.10048
v 0.190357 1.47021 0.0996712
v 0.258625 1.51902 0.0794483
v 0.275969 1.54073 0.0803056
v 0.398357 1.52786 0.0109406
v 0.140839 1.47374 -0.144137
v -0.00428204 1.53591 0.106594
v 0.0465958 1.49657 0.101503
v 0.0553029 1.47983 -0.150188
v 0.00491653 1.48267 -0.128298
v 0.170746 1.45734 0.100573
v 0.242228 1.51503 0.0858909
v 0.266227 1.52873 0.078503
v 0.362718 1.58755 0.0711939
v 0.0270476 1.52053 0.101437
v 0.0659274 1.48214 0.0965796
v 0.094888 1.45481 0.10892
v 0.314845 1.57884 0.0765846
v 0.36489 1.50542 -0.0707754
v 0.308522 1.49866 -0.130078
v 0.280514 1.48225 -0.14722
v 0.232019 1.47978 -0.161292
v -0.0864039 1.54009 0.0146656
v -0.0887618 1.54652 0.0508232
v -0.0462785 1.56294 0.0834965
v 0.000447202 1.5491 0.09315
v 0.0570352 1.4957 0.0913495
v 0.0581429 1.48489 0.0951206
v 0.0783395 1.46885 0.103803
v 0.0889602 1.45725 0.108826
v 0.139369 1.44927 0.100787
v 0.218651 1.50635 0.0861022
v 0.265555 1.54236 0.0701702
v 0.327357 1.5795 0.0734974
v 0.352389 1.58863 0.0670388
v 0.390995 1.56375 0.000367372
v 0.343443 1.51014 -0.0881713
v 0.339831 1.4982 -0.0901939
v 0.319997 1.48838 -0.114763
v 0.207754 1.48403 -0.159225
v 0.0896622 1.48074 -0.143651
v -0.0233362 1.49276 -0.101344
v 0.00682114 1.54067 0.0963781
v 0.15063 1.45168 0.100223
v 0.238464 1.51502 0.0860437
v 0.347263 1.58177 0.0775917
v 0.396438 1.57147 0.046741
v 0.400265 1.54789 0.0295922
v 0.328312 1.50764 -0.106783
v 0.293315 1.50321 -0.138274
v 0.0668866 1.48048 -0.149378
v 0.0419827 1.46289 -0.151338
v 0.0253789 1.49051 -0.140269
v -0.00103963 1.50335 -0.120302
v -0.0298801 1.50158 -0.090941
v -0.0568704 1.52131 -0.0550847
v 0.0389245 1.51256 0.098816
v 0.0462203 1.50924 0.100754
v 0.132367 1.45012 0.101233
v 0.244634 1.52526 0.0797736
v 0.254085 1.52996 0.0754148
v 0.290035 1.56085 0.0733168
v 0.379481 1.52461 -0.0438328
v 0.127304 1.4768 -0.142418
v -0.0171065 1.50197 -0.112038
v -0.0411181 1.51256 -0.0770314
v -0.068354 1.52528 -0.0424402
v 0.0142402 1.52739 0.102275
v 0.0531565 1.49579 0.091618
v 0.15599 1.45331 0.0995487
v 0.278037 1.55426 0.0760194
v 0.26414 1.49199 -0.154414
v -0.0384373 1.52561 -0.0805593
v 0.0876793 1.48373 0.0966323
v 0.192973 1.48812 0.0920356
v 0.257841 1.53694 0.0710696
v 0.299477 1.56734 0.0723681
v 0.379289 1.54568 -0.0337622
v 0.365413 1.52185 -0.0734171
v 0.358731 1.51568 -0.0786518
v 0.0467758 1.48279 -0.148884
v -0.0769701 1.55978 0.0204316
v -0.0257314 1.56316 0.0842977
v 0.0312738 1.52811 0.0953096
v 0.162093 1.46659 0.0949551
v 0.242427 1.5289 0.0732366
v 0.259498 1.46733 -0.161697
v -0.0693659 1.53216 -0.0235398
v -0.05869 1.56872 0.0560666
v 0.205228 1.50335 0.0864704
v 0.309864 1.5758 0.0773341
v -0.0683071 1.52887 -0.030491
v -0.0657361 1.54273 -0.0231205
v -0.0426062 1.5673 0.0707965
v -0.0220715 1.55873 0.0922353
v 0.0700758 1.49181 0.0927359
v 0.0804788 1.47893 0.0981318
v 0.123502 1.45113 0.101535
v 0.183405 1.47773 0.0937398
v 0.390186 1.55162 -0.00616808
v 0.363586 1.55082 -0.0611907
v 0.371899 1.5298 -0.0580333
v 0.189039 1.47488 -0.156547
v 0.101009 1.48277 -0.142441
v 0.00626522 1.50479 -0.124448
v -0.0730824 1.56366 0.0541524
v 0.0214853 1.53704 0.0916571
v 0.104224 1.44673 0.109341
v 0.26939 1.55554 0.0633613
v 0.364534 1.59081 0.0596176
v 0.38207 1.58216 0.0498977
v -0.0633763 1.53812 -0.0457443
v -0.00738121 1.56548 0.0770044
v 0.00483114 1.55587 0.0841927
v 0.0588731 1.50342 0.0888252
v 0.148962 1.4697 0.0967364
v 0.254609 1.5414 0.0670775
v 0.281083 1.56248 0.0715302
v 0.301046 1.57645 0.0634856
v 0.107838 1.50198 -0.141162
v 0.089089 1.5038 -0.140247
v 0.0723611 1.50098 -0.142871
v -0.0473873 1.52336 -0.0663327
v -0.0665918 1.56888 0.0310566
v 0.0440106 1.52523 0.0948769
v 0.0834788 1.48998 0.0940444
v 0.217295 1.51128 0.0829823
v 0.330904 1.58955 0.0610093
v 0.386381 1.57567 0.000768232
v 0.122199 1.49949 -0.142253
v -0.0451897 1.57738 0.0358724
v 0.0267878 1.541 0.0861762
v 0.0515912 1.51515 0.0931337
v 0.100288 1.46706 0.10181
v 0.347812 1.52679 -0.090949
v 0.272251 1.50079 -0.148682
v 0.172239 1.49165 -0.149952
v -0.0194983 1.5186 -0.101262
v -0.0500328 1.57146 0.0556049
v 0.193869 1.49718 0.0874313
v 0.234062 1.52525 0.0754492
v 0.316072 1.58686 0.0655819
v 0.380812 1.5655 -0.0227512
v 0.336499 1.53794 -0.101397
v 0.256967 1.50892 -0.15272
v 0.248762 1.50104 -0.156538
v -0.0448103 1.54222 -0.0679272
v -0.0574041 1.54537 -0.0515585
v -0.0536324 1.57543 0.0250349
v 0.0667951 1.50164 0.0881246
v 0.0724309 1.50257 0.0852177
v 0.0997626 1.47792 0.0959847
v 0.140781 1.46743 0.0973867
v 0.172992 1.48948 0.0866316
v 0.17865 1.48857 0.0874721
v 0.221076 1.52353 0.0764714
v 0.303613 1.58309 0.0553013
v 0.37947 1.57551 -0.0163047
v 0.358824 1.53337 -0.0793677
v 0.324443 1.53276 -0.109683
v 0.168276 1.50397 -0.148623
v -0.0696917 1.5595 0.00281259
v 0.0473788 1.52147 0.0952955
v 0.115585 1.46628 0.0971861
v 0.15304 1.48171 0.09298
v 0.19875 1.50945 0.080644
v 0.227893 1.50055 -0.158664
v 0.144693 1.48905 -0.145114
v 0.0573801 1.514 0.0865415
v 0.134348 1.47301 0.0946844
v 0.285887 1.57153 0.0626231
v 0.342033 1.59802 0.0435658
v 0.366235 1.59582 0.0285759
v 0.314809 1.51417 -0.121749
v 0.00399043 1.56453 0.0738097
v 0.12637 1.47761 0.0923698
v 0.20922 1.51778 0.0775561
v 0.25254 1.54773 0.0598515
v 0.354482 1.59771 0.0389077
v 0.382575 1.58264 0.005069
v 0.00548173 1.51735 -0.120514
v -0.0600947 1.55129 -0.0297505
v -0.0236413 1.57187 0.0684777
v 0.0398023 1.53671 0.0853052
v 0.320204 1.59178 0.0556675
v 0.384403 1.58385 0.0245564
v 0.193815 1.50796 -0.151661
v 0.144972 1.50927 -0.145907
v -0.0127055 1.51078 -0.114214
v -0.0138221 1.57346 0.0638009
v 0.148382 1.48081 0.0932267
v 0.360355 1.56534 -0.0586995
v 0.0505838 1.50556 -0.14439
v -7.01928e-005 1.53359 -0.112747
v -0.0636595 1.5605 -0.00656975
v -0.0581032 1.57115 0.00879259
v 0.015571 1.55856 0.0755764
v 0.0896564 1.49264 0.0890214
v 0.122069 1.49254 0.085625
v 0.231581 1.53674 0.0679786
v 0.0602439 1.50922 -0.142714
v 0.0491909 1.52869 0.0867985
v 0.0377267 1.50642 -0.142587
v 0.031313 1.52741 -0.134668
v -0.0127878 1.53256 -0.102702
v 0.00194817 1.5699 0.0657505
v 0.055298 1.52558 0.0833256
v 0.0793726 1.50537 0.0857695
v 0.182541 1.50382 0.0797536
v 0.261888 1.55407 0.0601945
v 0.33626 1.54347 -0.101263
v 0.302348 1.52 -0.131007
v 0.0226149 1.51338 -0.134863
v 0.0328815 1.54976 0.0764803
v 0.0631284 1.51495 0.0826062
v 0.159516 1.49541 0.0915583
v 0.17654 1.50523 0.0800837
v 0.317344 1.59336 0.043557
v 0.363733 1.598 0.0125554
v 0.225987 1.52028 -0.154507
v -0.0521599 1.5674 -0.023476
v -0.0202219 1.57867 0.0509304
v 0.109512 1.48293 0.0902381
v 0.208552 1.52447 0.0713362
v 0.335729 1.59991 0.0330548
v 0.2416 1.53988 0.0635825
v 0.279207 1.57106 0.0551416
v 0.300354 1.59495 0.0268838
v 0.239671 1.52016 -0.154211
v -0.0433858 1.54961 -0.0659886
v 0.0547929 1.53695 0.0766857
v 0.344666 1.55291 -0.085361
v 0.129445 1.49674 0.0847809
v 0.166438 1.5059 0.0877814
v 0.193097 1.5191 0.0713479
v 0.232344 1.54259 0.0590058
v 0.367066 1.59512 0.00101187
v 0.313052 1.54339 -0.116579
v 0.0133741 1.53436 -0.12053
v -0.0454891 1.57777 0.0121443
v 0.0397053 1.553 0.0712086
v 0.0649782 1.52262 0.0771183
v 0.150786 1.49576 0.0895008
v 0.153973 1.50514 0.080972
v 0.201252 1.52815 0.0658413
v 0.21978 1.53797 0.0617505
v 0.365979 1.59085 -0.0140742
v 0.252714 1.53297 -0.147568
v 0.283078 1.5225 -0.138902
v 0.0458054 1.53194 -0.136746
v -0.0388872 1.5622 -0.0569437
v -0.0499076 1.5731 -0.00605575
v 0.0258369 1.56058 0.065872
v 0.160667 1.49937 0.0885491
v 0.175713 1.51812 0.0832282
v 0.16592 1.49717 0.0851386
v 0.186034 1.51732 0.0729868
v 0.24353 1.55968 0.0624686
v 0.262952 1.56753 0.0454894
v 0.279851 1.58242 0.0398367
v -0.00269964 1.57479 0.054603
v 0.0899968 1.50744 0.0773542
v 0.167969 1.51294 0.0781042
v 0.242848 1.55042 0.0569684
v 0.294799 1.5837 0.0480821
v 0.329869 1.60114 0.018311
v 0.348946 1.60157 0.0201708
v 0.355891 1.60058 -0.00325881
v 0.356506 1.57423 -0.0563908
v 0.318729 1.5516 -0.110951
v 0.294374 1.5385 -0.128779
v 0.135632 1.52439 -0.144126
v 0.0996093 1.53008 -0.138792
v -0.0347019 1.55607 -0.0711446
v -0.044469 1.56599 -0.0399487
v -0.0416967 1.5791 0.0249522
v -0.0209384 1.58042 0.042561
v 0.174188 1.52289 -0.147507
v -0.0247728 1.54466 -0.0898478
v 0.0806051 1.51707 0.071395
v 0.0966346 1.51567 0.0749236
v 0.105044 1.50307 0.0790053
v 0.146356 1.50852 0.0870417
v 0.202517 1.53435 0.0612834
v 0.256954 1.56556 0.0437191
v 0.362026 1.58879 -0.0240854
v 0.00628798 1.54168 -0.113335
v -0.00423114 1.54538 -0.103087
v 0.00144996 1.57608 0.0428793
v 0.0482349 1.54404 0.0760031
v 0.144286 1.49176 0.0882057
v 0.180041 1.52153 0.0736606
v 0.19089 1.53046 0.0683839
v 0.226351 1.54521 0.0594831
v 0.297827 1.59101 0.0355285
v 0.0638283 1.53373 -0.135366
v -0.00258806 1.5583 -0.0963271
v 0.0220258 1.57055 0.0528634
v 0.0884075 1.51594 0.0787671
v 0.161079 1.51077 0.0770388
v 0.251556 1.56183 0.0494625
v 0.272813 1.57197 0.0485893
v 0.317909 1.59896 0.0248045
v 0.204391 1.53313 -0.148267
v 0.107261 1.54009 -0.137719
v 0.0710231 1.52349 0.0727099
v 0.125092 1.50596 0.0803992
v 0.183254 1.52656 0.0774067
v 0.285153 1.55913 -0.123907
v 0.228075 1.53527 -0.150967
v 0.185809 1.53805 -0.144605
v -0.0261816 1.56725 -0.0681163
v -0.0347901 1.57979 0.00364774
v 0.0159699 1.56742 0.0583709
v 0.199806 1.53577 0.0614492
v 0.215435 1.54153 0.0595137
v 0.218864 1.54583 0.0575866
v 0.356172 1.59869 -0.0164915
v 0.354234 1.5957 -0.0263307
v 0.291389 1.54747 -0.126672
v -0.0259821 1.58223 -0.00197419
v -0.021349 1.58109 0.0252132
v 0.0769685 1.52772 0.0643459
v 0.174379 1.52548 0.0706639
v 0.175496 1.52244 0.0748224
v 0.32357 1.60342 0.00952459
v 0.341126 1.60192 0.00169899
v 0.345768 1.58561 -0.0529962
v 0.0792897 1.53283 -0.135627
v 0.0415935 1.54741 -0.129513
v -0.0155293 1.56117 -0.0847702
v 0.110322 1.51264 0.075102
v 0.133494 1.51672 0.0790303
v 0.194414 1.53752 0.0729184
v 0.245503 1.54007 -0.147754
v 0.0495802 1.55018 0.0691051
v 0.0694524 1.53567 0.0615126
v 0.0858666 1.5233 0.0733823
v 0.23601 1.56014 0.0450698
v 0.328704 1.57091 -0.0866049
v 0.0705376 1.54303 -0.132754
v -0.0369604 1.57265 -0.0364188
v -0.0351221 1.57602 -0.0266694
v -0.0305209 1.5794 -0.0180055
v -0.0105075 1.58242 0.0218945
v 0.0398963 1.55906 0.0632973
v 0.0565759 1.54516 0.0680614
v 0.0664318 1.53232 0.068152
v 0.156061 1.52218 0.0712289
v 0.28636 1.5913 0.0285319
v 0.0308349 1.56879 0.0500769
v 0.10716 1.52139 0.0737917
v 0.138743 1.51636 0.0826026
v 0.208554 1.54658 0.0650559
v 0.251684 1.57048 0.0408991
v 0.294856 1.59522 0.0232127
v 0.305473 1.59798 0.0137557
v 0.342633 1.5971 -0.0440526
v 0.315474 1.58047 -0.0875628
v 0.317796 1.57167 -0.0949918
v 0.022108 1.54869 -0.120095
v 0.215716 1.553 -0.141667
v 0.008182 1.57871 0.0386903
v 0.117711 1.52078 0.0747143
v 0.128376 1.52718 0.0742762
v 0.216944 1.55673 0.0536105
v 0.228692 1.56045 0.0450987
v 0.239501 1.55961 0.0485315
v 0.331319 1.60392 -0.0045637
v 0.154621 1.53282 -0.144508
v 0.073989 1.55493 -0.128576
v 0.0391804 1.56817 0.049816
v 0.131642 1.53073 0.0818495
v 0.140411 1.5244 0.0842237
v 0.16845 1.53703 0.0648238
v 0.187083 1.53848 0.0611408
v 0.214074 1.56009 0.0516238
v 0.315926 1.59999 -0.00527634
v 0.321368 1.5988 -0.0245155
v 0.17698 1.53754 0.0630507
v 0.193121 1.54023 0.0665413
v 0.265531 1.58248 0.0287391
v 0.332477 1.59291 -0.0594627
v 0.28706 1.56928 -0.11582
v -0.0184074 1.58039 -0.0156223
v 0.0119381 1.57743 0.0306537
v 0.0975122 1.53857 0.0601001
v 0.240531 1.54952 -0.143995
v -0.0186485 1.57626 -0.0566162
v 0.0832507 1.53425 0.0632542
v 0.125601 1.53372 0.0804013
v 0.197124 1.54842 0.0516824
v 0.279014 1.59013 0.0262564
v 0.157926 1.55291 -0.138239
v 0.048373 1.55917 -0.123871
v 0.0705602 1.54504 0.0507464
v 0.192675 1.54946 0.0480554
v 0.329175 1.59849 -0.0448112
v 0.261282 1.57222 -0.12573
v 0.032539 1.55982 -0.119182
v -0.0253231 1.57943 -0.0258478
v 0.048653 1.56223 0.0543353
v 0.057687 1.55687 0.0539447
v 0.0574826 1.56104 0.0465862
v 0.285882 1.59814 0.0130331
v 0.299626 1.60349 -0.0128393
v 0.117084 1.54658 -0.136312
v -0.00164076 1.58274 -0.00777981
v 0.0773655 1.54551 0.0537812
v 0.088799 1.53894 0.0583581
v 0.103532 1.53578 0.0649865
v 0.116561 1.52983 0.0790162
v 0.204305 1.55823 0.0317518
v 0.242221 1.57441 0.0297741
v 0.263241 1.58685 0.0212137
v 0.32616 1.59506 -0.0612643
v 0.289489 1.58229 -0.103319
v -0.00459837 1.5703 -0.0833308
v 0.01687 1.57763 0.0278076
v 0.0275441 1.57585 0.0355476
v 0.0449592 1.57135 0.0426724
v 0.129835 1.53889 0.0628041
v 0.153801 1.53635 0.0593571
v 0.170673 1.54534 0.059852
v 0.180477 1.55011 0.0539385
v 0.254157 1.58179 0.0210894
v 0.296275 1.60163 0.00483925
v 0.316113 1.599 -0.0396742
v 0.195417 1.558 -0.137469
v 0.0891678 1.56164 -0.127372
v 0.0176388 1.57151 -0.098188
v -0.00240222 1.58407 -0.0471235
v 0.0643583 1.55574 0.0404014
v 0.220717 1.57064 0.0408506
v 0.211267 1.56526 -0.13343
v 0.127932 1.56283 -0.132566
v -0.00669097 1.5775 -0.0684302
v 0.147404 1.54326 0.0582194
v 0.189404 1.55247 0.0465607
v 0.307108 1.59741 -0.0610407
v 0.164289 1.56399 -0.134926
v 0.00139875 1.58579 -0.0287157
v 0.0896923 1.55555 0.0426614
v 0.117597 1.53944 0.0710313
v 0.168637 1.55147 0.0571567
v 0.201384 1.55993 0.0296129
v 0.289225 1.60283 -0.00677747
v 0.298286 1.59607 -0.0737878
v 0.314345 1.59112 -0.0766578
v 0.262979 1.57863 -0.120236
v 0.234121 1.56409 -0.135406
v 0.0261899 1.57546 -0.0992232
v 0.0273491 1.58067 0.0220675
v 0.0376182 1.57561 0.0371191
v 0.105377 1.5519 0.0560702
v 0.110891 1.55085 0.0570573
v 0.123348 1.55112 0.0485532
v 0.266564 1.59313 0.00678435
v 0.249866 1.57703 -0.124014
v 0.207092 1.5696 -0.13004
v 0.116384 1.56722 -0.129057
v 0.044488 1.56936 -0.115788
v 0.0160642 1.57791 -0.0872924
v 0.0132385 1.585 0.000362243
v 0.0417074 1.57715 0.0244776
v 0.191847 1.55975 0.0404267
v 0.21908 1.57292 0.0221573
v 0.227329 1.57859 0.0299012
v 0.244138 1.59136 0.0150067
v 0.302126 1.60266 -0.0353302
v 0.144503 1.56866 -0.130014
v 0.097628 1.56997 -0.123624
v 0.0705873 1.56834 -0.120016
v 0.0502764 1.57051 0.0339666
v 0.0595452 1.56215 0.0304969
v 0.0849343 1.55064 0.0452882
v 0.180586 1.55743 0.0529861
v 0.235115 1.58189 0.0305391
v 0.252653 1.58632 0.0139145
v 0.268276 1.59771 -0.00842444
v 0.276492 1.5962 0.00251745
v 0.194072 1.57148 -0.127042
v 0.144014 1.57094 -0.126061
v 0.0710748 1.55706 0.0410875
v 0.11501 1.55568 0.0436819
v 0.00801859 1.58418 -0.0638677
v 0.0132596 1.58758 -0.0269661
v 0.0251606 1.58598 0.00284251
v 0.0696941 1.57108 0.0182683
v 0.136493 1.54495 0.058088
v 0.257065 1.59699 -0.00504027
v 0.280271 1.60268 -0.0327779
v 0.297433 1.60162 -0.0537045
v 0.279542 1.59989 -0.0780761
v 0.25383 1.58607 -0.113659
v 0.229032 1.57826 -0.123346
v 0.138601 1.57543 -0.116339
v 0.112074 1.57516 -0.113188
v 0.0827385 1.57387 -0.115614
v 0.0924597 1.56584 0.0386808
v 0.217876 1.57722 0.0124881
v 0.220148 1.57651 0.0143326
v 0.291946 1.60592 -0.0441631
v 0.184344 1.5757 -0.11912
v 0.0581026 1.57748 -0.108819
v 0.0430658 1.58122 -0.0980897
v 0.032715 1.58428 -0.0849204
v 0.0206911 1.58879 -0.0497579
v 0.0357456 1.58482 0.00513064
v 0.041883 1.58117 0.00430554
v 0.0638703 1.57124 0.0174837
v 0.236828 1.58963 0.0192473
v 0.025767 1.5892 -0.0048375
v 0.290194 1.60494 -0.0523504
v 0.169447 1.57765 -0.116298
v 0.0853265 1.57874 -0.107983
v 0.190328 1.56656 0.0434896
v 0.273778 1.59521 -0.0923928
v 0.268841 1.59002 -0.104191
v 0.238471 1.5841 -0.118174
v 0.0724736 1.58283 -0.100576
v 0.156676 1.57118 0.0628585
v 0.155405 1.55467 0.0592911
v 0.226282 1.58803 -0.00327218
v 0.0346506 1.58715 -0.0102886
v 0.0466259 1.58229 -0.00243187
v 0.0601319 1.5826 2.41425e-005
v 0.115324 1.56183 0.0396239
v 0.142091 1.5569 0.0581485
v 0.211802 1.58161 0.0137394
v 0.240081 1.59713 0.00201651
v 0.247731 1.60066 -0.00292205
v 0.273441 1.60412 -0.0675749
v 0.238433 1.59257 -0.105461
v 0.134075 1.58154 -0.111929
v 0.053799 1.58836 -0.0833633
v 0.0186282 1.58656 -0.0655021
v 0.0767907 1.5718 0.0212691
v 0.097109 1.5661 0.0395566
v 0.169244 1.56294 0.058506
v 0.260185 1.6013 -0.0849175
v 0.0324166 1.58929 -0.0283455
v 0.083243 1.58058 0.0197616
v 0.205219 1.57424 0.0225848
v 0.224126 1.58742 -0.111332
v 0.169446 1.58091 -0.114625
v 0.0453356 1.59188 -0.0638883
v 0.104878 1.57072 0.0264165
v 0.174587 1.57304 0.058082
v 0.20168 1.58567 -0.112581
v 0.0974058 1.58031 -0.108402
v 0.0423779 1.58824 -0.0168924
v 0.0689003 1.58316 0.00409852
v 0.0956051 1.57309 0.0270454
v 0.151556 1.57528 0.0625341
v 0.216058 1.59038 0.00130572
v 0.250185 1.60712 -0.0207028
v 0.259408 1.60578 -0.0758846
v 0.250566 1.60299 -0.0880154
v 0.232338 1.5966 -0.102988
v 0.105814 1.59616 -0.104954
v 0.0473244 1.59303 -0.036186
v 0.0960662 1.57791 0.016357
v 0.232471 1.59713 -0.0125091
v 0.182482 1.5893 -0.112619
v 0.130515 1.59207 -0.111222
v 0.0603907 1.59215 -0.0812184
v 0.0569252 1.59624 -0.0528465
v 0.120197 1.57363 0.0448884
v 0.129761 1.57144 0.051882
v 0.26213 1.60459 -0.0301355
v 0.259285 1.60847 -0.0592379
v 0.0784435 1.59305 -0.0939291
v 0.0574392 1.5911 -0.0154459
v 0.0997179 1.57942 0.0143441
v 0.109751 1.57366 0.0321982
v 0.19462 1.58094 0.0416535
v 0.225017 1.5965 -0.0193002
v 0.201334 1.59455 -0.108564
v 0.152637 1.59646 -0.111376
v 0.0877003 1.58896 -0.101747
v 0.0775535 1.59014 0.00709111
v 0.11315 1.58377 0.0390176
v 0.174657 1.58148 0.0610046
v 0.0618199 1.59864 -0.0613762
v 0.0646348 1.59131 -0.00901246
v 0.162556 1.57809 0.0654297
v 0.186906 1.57985 0.0499427
v 0.205898 1.58787 0.0251194
v 0.24519 1.60839 -0.0228419
v 0.218399 1.60029 -0.101415
v 0.12835 1.59892 -0.107453
v 0.0610309 1.59573 -0.0276695
v 0.0914275 1.58614 0.00220105
v 0.0979322 1.58718 0.0063496
v 0.211132 1.59373 0.0132692
v 0.247192 1.61253 -0.0633308
v 0.231158 1.60613 -0.0898729
v 0.181858 1.60058 -0.109396
v 0.0691291 1.59865 -0.0784731
v 0.10453 1.58513 0.0241443
v 0.215098 1.60073 -0.00408884
v 0.218958 1.59921 -0.0181895
v 0.242775 1.60968 -0.0757463
v 0.197542 1.60554 -0.104286
v 0.166148 1.6019 -0.108791
v 0.138584 1.60312 -0.102012
v 0.0968038 1.60232 -0.098329
v 0.0668111 1.60421 -0.0492557
v 0.0682039 1.60311 -0.0211821
v 0.142707 1.58247 0.0598006
v 0.16174 1.58821 0.0706791
v 0.173172 1.59352 0.0694248
v 0.238236 1.61427 -0.0464921
v 0.246798 1.61365 -0.0440058
v 0.170752 1.6049 -0.0991637
v 0.0865525 1.60413 -0.0910941
v 0.0731401 1.60494 -0.072628
v 0.0719495 1.59983 -0.00892955
v 0.0873813 1.59606 -0.0104411
v 0.171687 1.60699 -0.0812402
v 0.213901 1.60972 -0.0969112
v 0.168833 1.60602 0.0748619
v 0.212664 1.609 -0.0258901
v 0.165251 1.60821 -0.0756936
v 0.142619 1.6032 -0.0803972
v 0.0898321 1.60253 -0.0225121
v 0.0954516 1.60019 -0.00430349
v 0.0980089 1.59992 0.00447049
v 0.183504 1.59224 0.0569085
v 0.237383 1.61992 -0.0714382
v 0.221231 1.61469 -0.0841266
v 0.154082 1.60285 -0.0811486
v 0.131942 1.60619 -0.0729617
v 0.107986 1.60708 -0.0565821
v 0.103198 1.59587 0.0257346
v 0.12253 1.59191 0.0487095
v 0.203959 1.59768 0.0328754
v 0.212653 1.60376 0.0144371
v 0.0976128 1.60682 -0.0289355
v 0.160289 1.60604 0.0758364
v 0.206718 1.62026 0.0343286
v 0.211405 1.61392 -0.0316874
v 0.180307 1.61256 -0.0656122
v 0.129386 1.60967 0.0570248
v 0.188018 1.61126 0.0598386
v 0.214906 1.62092 -0.0103875
v 0.197392 1.61656 -0.0479663
v 0.12514 1.61117 -0.06458
v 0.107051 1.60903 -0.0488536
v 0.114129 1.60692 0.0452821
v 0.144182 1.59991 0.0667265
v 0.168157 1.62068 -0.0627433
v 0.168666 1.61029 0.0817839
v 0.180225 1.6097 0.0696094
v 0.198649 1.60903 0.0435671
v 0.14402 1.61587 -0.0682521
v 0.155258 1.6102 0.0814813
v 0.177215 1.61447 0.112725
v 0.09675 1.61289 0.0107752
v 0.150238 1.60701 0.0735936
v 0.197097 1.6243 -0.0401316
v 0.123882 1.62166 -0.0568095
v 0.11862 1.61769 0.0525645
v 0.146786 1.61326 0.082091
v 0.14576 1.61337 0.103978
v 0.191457 1.61951 0.102268
v 0.190898 1.62043 0.0639555
v 0.20757 1.61928 -0.0306021
v 0.215557 1.61081 0.00211417
v 0.15733 1.62038 -0.0647488
v 0.142221 1.62319 -0.0627676
v 0.112973 1.62052 -0.0484993
v 0.144393 1.61184 0.0731999
v 0.182642 1.61849 0.117502
v 0.19943 1.62561 0.0907018
v 0.203689 1.62714 0.0420671
v 0.146898 1.61874 0.116978
v 0.17005 1.62011 0.124254
v 0.193439 1.62377 0.0712005
v 0.214996 1.62475 0.0187584
v 0.180012 1.6233 -0.0557708
v 0.0962958 1.61904 0.000192731
v 0.191036 1.62427 0.112225
v 0.198568 1.62771 0.098816
v 0.133645 1.63304 -0.0557874
v 0.1224 1.62204 0.0607634
v 0.213031 1.62504 0.0244911
v 0.189882 1.63126 -0.0427199
v 0.104402 1.61968 -0.0364823
v 0.129151 1.62645 0.10509
v 0.159064 1.62549 0.126719
v 0.163531 1.63956 -0.0522598
v 0.130513 1.62094 0.071971
v 0.184989 1.62771 0.121045
v 0.203379 1.63212 0.0503767
v 0.207245 1.63264 -0.0232973
v 0.13102 1.62194 0.0970034
v 0.21459 1.63699 0.0253956
v 0.0983191 1.62136 -0.0134969
v 0.104394 1.61456 0.036499
v 0.213393 1.63086 -0.011574
v 0.173055 1.6409 -0.0485726
v 0.15322 1.64084 -0.0534197
v 0.106217 1.64196 -0.0326668
v 0.0979765 1.62228 0.0257806
v 0.17389 1.63128 0.125076
v 0.0980899 1.63553 -0.00920338
v 0.0949233 1.63096 0.0173422
v 0.117923 1.63373 0.0976391
v 0.161007 1.6384 0.125013
v 0.209765 1.6382 0.052134
v 0.119115 1.64011 -0.0475074
v 0.106394 1.62704 0.0446376
v 0.109983 1.62983 0.0534211
v 0.109831 1.63114 0.0585365
v 0.140453 1.62803 0.116448
v 0.19167 1.6409 0.110561
v 0.212071 1.63825 0.0714179
v 0.132897 1.64443 -0.0510182
v 0.11092 1.63729 -0.0409527
v 0.179623 1.64326 0.12053
v 0.198125 1.63423 0.103101
v 0.215152 1.64438 0.0417361
v 0.202626 1.64843 -0.0219934
v 0.0945914 1.6355 0.00944623
v 0.110516 1.63348 0.080371
v 0.114537 1.64473 0.102804
v 0.213177 1.64066 0.0328019
v 0.209831 1.64849 -0.0135508
v 0.183485 1.64471 -0.0414266
v 0.181192 1.65433 -0.0585501
v 0.0994691 1.64059 0.0508679
v 0.214727 1.64285 0.0760764
v 0.217547 1.63709 0.00738777
v 0.0979476 1.63536 0.0345942
v 0.198451 1.65246 0.103896
v 0.149286 1.6496 -0.0605379
v 0.170578 1.64784 0.124812
v 0.222129 1.64972 0.0601833
v 0.217907 1.65073 0.0299037
v 0.218806 1.65055 0.015596
v 0.164487 1.64809 -0.0642925
v 0.143894 1.65103 -0.0509301
v 0.0961973 1.64401 -0.00416843
v 0.104468 1.63999 0.0819413
v 0.146159 1.65823 0.122225
v 0.14731 1.63926 0.121451
v 0.222685 1.65511 0.0687309
v 0.185431 1.6545 -0.0359105
v 0.181222 1.65096 -0.0427932
v 0.122978 1.6507 0.11246
v 0.132812 1.64935 0.117103
v 0.0937424 1.64376 0.0289853
v 0.099446 1.64436 0.0707708
v 0.106432 1.64542 0.0929667
v 0.207757 1.64257 0.0909028
v 0.136736 1.65666 -0.0607869
v 0.135698 1.65393 -0.0492348
v 0.157704 1.65451 0.127875
v 0.179234 1.657 0.122444
v 0.222204 1.66251 0.0201306
v 0.111291 1.65128 -0.0407004
v 0.0936792 1.65182 0.0508822
v 0.167248 1.65726 0.129208
v 0.17685 1.65534 -0.0641742
v 0.0958655 1.65183 -0.00870994
v 0.0954434 1.65456 0.0710568
v 0.156302 1.66264 0.127
v 0.217266 1.66327 0.0833193
v 0.227065 1.66082 0.0578667
v 0.216371 1.64922 -0.00172871
v 0.18226 1.66646 -0.0382907
v 0.119787 1.65605 -0.045808
v 0.16591 1.66342 0.127627
v 0.176154 1.66545 0.122812
v 0.108762 1.66069 0.103211
v 0.129785 1.65869 0.117986
v 0.10031 1.65816 -0.0275726
v 0.0913662 1.65073 0.0139745
v 0.137451 1.66332 0.121925
v 0.160619 1.66393 -0.0657612
v 0.225749 1.65792 0.0469694
v 0.23003 1.67758 0.0306008
v 0.21475 1.67368 -0.0117978
v 0.208501 1.66281 -0.0159542
v 0.146394 1.66211 -0.0648504
v 0.137013 1.6713 -0.0592023
v 0.137584 1.66058 -0.0493488
v 0.0898931 1.65831 0.00281768
v 0.0996853 1.65239 0.0857098
v 0.180783 1.67083 0.121886
v 0.228678 1.67358 0.0625554
v 0.188542 1.66688 -0.032191
v 0.136077 1.66666 -0.0516232
v 0.0906781 1.66281 0.050602
v 0.0994037 1.66712 0.0906911
v 0.155217 1.67113 0.129565
v 0.202781 1.66136 0.101383
v 0.141973 1.67095 -0.0638521
v 0.12256 1.66528 -0.0471244
v 0.0858606 1.66466 0.0362367
v 0.173714 1.6725 0.126426
v 0.196019 1.67168 0.10889
v 0.183003 1.66658 -0.0593773
v 0.0866832 1.66689 0.0466958
v 0.184948 1.67626 0.117967
v 0.224818 1.67576 0.012961
v 0.162799 1.67658 -0.0669714
v 0.149788 1.67054 -0.0678369
v 0.0846807 1.67364 0.0202633
v 0.156724 1.68082 0.126297
v 0.169466 1.68228 0.124994
v 0.177825 1.68237 -0.0518663
v 0.170567 1.67255 -0.063041
v 0.128074 1.67737 -0.0499983
v 0.0747534 1.66781 0.0392666
v 0.0938956 1.66836 0.0737362
v 0.231466 1.68182 0.0163632
v 0.175531 1.67883 -0.0590586
v 0.107528 1.65952 -0.0401798
v 0.0903172 1.67515 -0.0286398
v 0.0712708 1.67508 0.0220483
v 0.233034 1.68371 0.0270231
v 0.219768 1.67431 -0.00255148
v 0.209983 1.67728 -0.0187546
v 0.188087 1.68019 -0.0361752
v 0.0919135 1.68717 0.0701185
v 0.120113 1.67726 0.116027
v 0.149162 1.68606 0.122182
v 0.224577 1.67222 0.072921
v 0.0985736 1.67782 -0.0422399
v 0.0883465 1.67195 0.0509233
v 0.105345 1.67145 0.10155
v 0.164513 1.685 0.129593
v 0.230624 1.67456 0.0482503
v 0.227084 1.68914 0.00353264
v 0.163598 1.68363 -0.0703437
v 0.136904 1.67989 -0.0723322
v 0.109869 1.70156 0.11236
v 0.134316 1.67348 0.120366
v 0.231729 1.69272 0.00324343
v 0.143281 1.68037 -0.0731363
v 0.120254 1.68611 -0.0500681
v 0.0825325 1.6774 -0.00807567
v 0.0707778 1.68182 0.0307126
v 0.0837601 1.68807 0.0442678
v 0.141395 1.6891 0.119656
v 0.164453 1.69188 0.143957
v 0.177147 1.68992 0.120184
v 0.212686 1.68278 0.0909977
v 0.234177 1.69677 0.0419068
v 0.246831 1.68778 0.00914163
v 0.142344 1.69063 -0.0769465
v 0.196079 1.68537 0.105945
v 0.168589 1.68779 -0.0767715
v 0.136382 1.67828 -0.0626071
v 0.0803025 1.68111 0.00187515
v 0.222939 1.69816 -0.0196378
v 0.177934 1.69467 -0.0747678
v 0.166673 1.69037 -0.0814942
v 0.145329 1.69237 0.122419
v 0.179758 1.69818 0.11605
v 0.217243 1.69336 -0.0230608
v 0.183322 1.69363 -0.0435772
v 0.233443 1.70126 -0.00664165
v 0.19792 1.69412 -0.038226
v 0.0916779 1.70098 -0.0462388
v 0.128367 1.68963 0.119079
v 0.15179 1.69612 0.140263
v 0.182472 1.68887 0.112524
v 0.125687 1.6896 -0.0555761
v 0.101609 1.68744 -0.0475008
v 0.0768393 1.68693 0.00784665
v 0.0959333 1.70388 0.0864477
v 0.117853 1.70181 0.116363
v 0.141055 1.69916 0.118918
v 0.176745 1.69849 0.133387
v 0.236015 1.69978 0.020576
v 0.24235 1.69708 0.0115318
v 0.0921104 1.67938 -0.0363102
v 0.0646259 1.68687 0.0162414
v 0.0668159 1.69263 0.0180274
v 0.206636 1.69034 0.0974472
v 0.224619 1.70783 0.0774538
v 0.22863 1.70125 -0.010994
v 0.161213 1.69528 -0.0789113
v 0.127244 1.68594 -0.068575
v 0.0785713 1.69515 0.0225535
v 0.160617 1.70202 0.146138
v 0.171197 1.69975 0.142575
v 0.171343 1.71163 0.127063
v 0.20223 1.70804 0.0989004
v 0.246503 1.70551 -0.00623059
v 0.133847 1.69377 -0.0724108
v 0.0993386 1.70033 -0.0506138
v 0.0787255 1.68982 -0.0140355
v 0.0650949 1.68876 0.0108354
v 0.102963 1.69901 0.102654
v 0.15228 1.70646 0.135908
v 0.18375 1.70705 0.108518
v 0.217983 1.71358 0.0878503
v 0.220248 1.70338 0.0841248
v 0.213608 1.70254 -0.0319635
v 0.184998 1.7015 -0.0456495
v 0.15177 1.701 -0.0815184
v 0.13267 1.7021 -0.0759629
v 0.246128 1.70219 -0.00892528
v 0.158385 1.70097 -0.0818147
v 0.121701 1.70427 -0.0634112
v 0.074679 1.69955 -0.00440642
v 0.15432 1.71593 0.134189
v 0.118083 1.70127 -0.0563073
v 0.0632927 1.70087 0.0125987
v 0.14721 1.71052 0.122633
v 0.235608 1.70552 0.00252655
v 0.246071 1.7163 -0.016431
v 0.199097 1.70656 -0.042172
v 0.166673 1.70215 -0.0707968
v 0.111817 1.70231 -0.0536782
v 0.236129 1.71112 0.0236154
v 0.235329 1.71294 -0.000368886
v 0.0761671 1.70043 -0.0172772
v 0.0808546 1.70443 0.0356272
v 0.164386 1.7145 0.13601
v 0.212516 1.71475 0.0922308
v 0.244205 1.71778 -0.0064513
v 0.23471 1.71277 -0.014917
v 0.186342 1.70865 -0.0645728
v 0.177551 1.70768 -0.0691777
v 0.175667 1.7147 0.115361
v 0.192053 1.71704 0.10116
v 0.229544 1.708 0.0644018
v 0.218756 1.71309 -0.0331768
v 0.0845148 1.70161 -0.0380473
v 0.0719789 1.70892 0.0240003
v 0.0997364 1.7155 0.0957286
v 0.111824 1.72096 0.105147
v 0.209678 1.72548 -0.0433154
v 0.188425 1.71325 -0.0506853
v 0.173852 1.7148 -0.0691653
v 0.0865939 1.69948 0.0561497
v 0.0881521 1.71967 0.0716076
v 0.121529 1.71149 0.113937
v 0.123095 1.72293 0.114275
v 0.141893 1.71934 0.114665
v 0.176926 1.7234 0.106805
v 0.205611 1.72335 0.093781
v 0.238311 1.72439 0.0028472
v 0.234507 1.72143 0.0186628
v 0.162767 1.71087 -0.0818576
v 0.150895 1.70974 -0.0842421
v 0.137971 1.70986 -0.0756985
v 0.0768129 1.71435 -0.0386859
v 0.0823661 1.71652 0.0442707
v 0.164163 1.72972 0.127344
v 0.225161 1.72903 0.0699787
v 0.139802 1.71724 -0.0813727
v 0.114249 1.71092 -0.0563868
v 0.2344 1.71598 0.0440615
v 0.24854 1.72572 -0.0212534
v 0.182472 1.7175 -0.0644519
v 0.121284 1.71518 -0.0634731
v 0.21206 1.73249 0.0841883
v 0.236455 1.73301 0.0134999
v 0.231794 1.72722 -0.0177127
v 0.186753 1.72074 -0.0501035
v 0.152696 1.71781 -0.0866075
v 0.0707595 1.71809 0.0292887
v 0.0985655 1.72502 0.0954451
v 0.118659 1.7287 0.111673
v 0.121259 1.72004 -0.0663281
v 0.0831526 1.71585 -0.0502494
v 0.0618111 1.71593 0.0105042
v 0.155627 1.73282 0.124526
v 0.169527 1.72934 0.112522
v 0.174078 1.73555 0.103763
v 0.229941 1.74336 0.0483165
v 0.223754 1.72246 -0.0314744
v 0.163836 1.71918 -0.0707937
v 0.0676569 1.72518 0.0107217
v 0.103507 1.73488 0.106821
v 0.125515 1.7317 0.113382
v 0.19445 1.73274 0.100254
v 0.2326 1.734 0.0255901
v 0.240612 1.73019 -0.00422646
v 0.249708 1.73891 -0.0137085
v 0.245749 1.73215 -0.0188697
v 0.196697 1.73032 -0.0506336
v 0.188466 1.72875 -0.0638178
v 0.165301 1.72535 -0.0719674
v 0.0723035 1.72466 0.0299878
v 0.228052 1.7368 0.059128
v 0.245751 1.74035 -0.00394956
v 0.182402 1.72401 -0.0674322
v 0.130628 1.72069 -0.0747821
v 0.109363 1.7241 -0.0571799
v 0.084554 1.73768 0.069793
v 0.143526 1.73186 0.110992
v 0.152001 1.7373 0.12266
v 0.168716 1.73965 0.117119
v 0.228493 1.74205 -0.0298569
v 0.160267 1.72311 -0.0853727
v 0.0720347 1.71347 -0.0256329
v 0.161249 1.73927 0.122466
v 0.197843 1.73936 0.097512
v 0.212487 1.74058 0.0857005
v 0.221604 1.73962 0.0732587
v 0.23379 1.74015 -0.0123076
v 0.110945 1.73677 -0.061236
v 0.119457 1.74145 0.121411
v 0.144211 1.74419 0.126296
v 0.196 1.75003 0.108546
v 0.0874958 1.72151 -0.0551019
v 0.0926794 1.7312 0.0879606
v 0.216583 1.75166 0.0875343
v 0.234939 1.74587 -0.00688107
v 0.235473 1.75003 0.00782127
v 0.221743 1.73548 -0.0399669
v 0.141866 1.73513 -0.0864682
v 0.133458 1.72913 -0.0751131
v 0.123394 1.72809 -0.0676316
v 0.10343 1.73508 -0.0561251
v 0.0671274 1.72723 -0.0112667
v 0.0779998 1.73192 0.0449906
v 0.237563 1.74605 0.00183031
v 0.195366 1.73859 -0.0540337
v 0.158293 1.73476 -0.0681051
v 0.14591 1.73405 -0.0869219
v 0.0653597 1.73239 0.00852634
v 0.130846 1.74272 0.124011
v 0.182692 1.7519 0.118483
v 0.20625 1.75266 0.103064
v 0.224738 1.75546 0.0659052
v 0.18922 1.73655 -0.0628968
v 0.183655 1.73324 -0.065969
v 0.148263 1.75109 0.127979
v 0.220193 1.75163 -0.0412572
v 0.150373 1.73512 -0.0814848
v 0.231356 1.75796 0.0429151
v 0.194188 1.74725 -0.0546983
v 0.132979 1.73692 -0.0697753
v 0.0860959 1.73654 -0.0537632
v 0.0772234 1.74462 0.0552996
v 0.0869862 1.74506 0.0806527
v 0.0934738 1.74629 0.0930867
v 0.207799 1.74887 -0.0497771
v 0.159206 1.74402 -0.0687954
v 0.0644617 1.75402 -0.0213017
v 0.109986 1.74142 0.116543
v 0.210646 1.75667 0.0977987
v 0.142148 1.74065 -0.0880727
v 0.07671 1.73206 -0.0479558
v 0.173081 1.75328 0.123106
v 0.184809 1.75018 -0.0651552
v 0.149314 1.74123 -0.0854548
v 0.14575 1.75879 0.12684
v 0.220341 1.76146 0.0752808
v 0.149572 1.74927 -0.07852
v 0.128455 1.74324 -0.0681759
v 0.0681735 1.73529 0.0248158
v 0.176991 1.76352 0.121095
v 0.211794 1.76639 0.0875619
v 0.235635 1.76119 0.00713477
v 0.233059 1.75509 -0.0206051
v 0.12691 1.76834 0.117098
v 0.190448 1.75857 -0.0548407
v 0.183996 1.75547 -0.0678115
v 0.158919 1.74945 -0.0681415
v 0.135143 1.74693 -0.0851005
v 0.110781 1.75312 -0.0602117
v 0.101589 1.74967 -0.0547519
v 0.136741 1.75682 0.126491
v 0.186708 1.76216 0.116734
v 0.192912 1.76677 0.109246
v 0.183986 1.76043 -0.0684887
v 0.0802163 1.75104 -0.0499708
v 0.0621288 1.75906 0.00399424
v 0.0813396 1.75767 0.0760307
v 0.101653 1.74907 0.1028
v 0.231369 1.78165 0.0488643
v 0.190311 1.76488 -0.0670488
v 0.141123 1.75596 -0.0823407
v 0.0625693 1.76653 0.0185724
v 0.225061 1.778 -0.0346627
v 0.197155 1.7672 -0.053185
v 0.175179 1.76454 -0.0725844
v 0.133537 1.75493 -0.0857375
v 0.128357 1.75282 -0.071172
v 0.0705344 1.75386 -0.0375136
v 0.0848741 1.76368 0.0836693
v 0.114245 1.75857 0.110789
v 0.169932 1.77501 0.115597
v 0.215727 1.7748 -0.045723
v 0.156065 1.75544 -0.0719283
v 0.11029 1.75988 -0.0618491
v 0.097799 1.76455 -0.0503686
v 0.0718268 1.75954 0.0542413
v 0.0956148 1.77067 0.0946627
v 0.18919 1.77647 0.107977
v 0.200815 1.77219 0.0983066
v 0.131523 1.7593 -0.0695434
v 0.078209 1.77825 0.0733914
v 0.149512 1.76566 -0.0793319
v 0.107396 1.76892 -0.0570472
v 0.139101 1.7708 0.119017
v 0.15025 1.77071 0.119632
v 0.224512 1.78651 0.0636894
v 0.23499 1.77903 0.0338421
v 0.235955 1.77895 -0.00427524
v 0.232159 1.78342 -0.0183992
v 0.186824 1.77578 -0.0648737
v 0.131082 1.76817 -0.072718
v 0.207849 1.79068 0.0860972
v 0.0707402 1.78142 -0.0267268
v 0.143727 1.78672 0.11315
v 0.235968 1.78387 0.00814424
v 0.156898 1.77344 -0.0716862
v 0.14511 1.77241 -0.0826456
v 0.135584 1.76339 -0.0842917
v 0.0966709 1.78547 0.092837
v 0.131511 1.78341 0.113851
v 0.223895 1.80033 -0.0281203
v 0.193004 1.78143 -0.051212
v 0.165815 1.7694 -0.072773
v 0.0648233 1.76759 -0.0203152
v 0.0815649 1.79101 0.0732703
v 0.109041 1.77909 0.105743
v 0.199334 1.78886 0.0957355
v 0.116553 1.7706 -0.0608308
v 0.0843433 1.76757 -0.0448726
v 0.0620561 1.77676 -0.00167127
v 0.167039 1.78955 0.109042
v 0.228941 1.80701 -0.0110431
v 0.182181 1.78217 -0.0703582
v 0.159412 1.77951 -0.0767341
v 0.13985 1.7752 -0.0819351
v 0.097664 1.77518 -0.0473247
v 0.0845348 1.78978 -0.0370217
v 0.0641439 1.78499 0.0257986
v 0.0714752 1.77809 0.0615088
v 0.153949 1.78785 0.111453
v 0.180477 1.78735 0.107905
v 0.187868 1.79315 0.102264
v 0.229839 1.7969 0.0477948
v 0.119818 1.77541 -0.0658724
v 0.0761049 1.78115 -0.0343295
v 0.214318 1.8016 0.069304
v 0.187747 1.78268 -0.0556244
v 0.0984535 1.78858 -0.042182
v 0.0663504 1.77979 0.0436337
v 0.122342 1.78266 0.11211
v 0.227061 1.80687 0.0422457
v 0.232703 1.80209 0.00154261
v 0.209313 1.79489 -0.0444004
v 0.123404 1.78608 -0.0651559
v 0.104486 1.78275 -0.054366
v 0.0625359 1.78923 0.00832075
v 0.111163 1.78722 0.104586
v 0.119231 1.79978 0.0997077
v 0.131359 1.79169 0.108544
v 0.165274 1.80275 0.0969804
v 0.0730206 1.7925 0.057373
v 0.0951163 1.79638 0.0874435
v 0.213917 1.80233 -0.0361735
v 0.170779 1.78251 -0.0735753
v 0.145228 1.78352 -0.0804358
v 0.0657668 1.79607 -0.00665068
v 0.184089 1.79379 -0.0484959
v 0.231888 1.80745 0.0149252
v 0.182944 1.80321 -0.045932
v 0.132128 1.78558 -0.0760028
v 0.109192 1.79132 -0.0627823
v 0.156409 1.79817 0.101335
v 0.195262 1.80041 0.092459
v 0.200731 1.80102 -0.0438766
v 0.179965 1.79424 -0.0618765
v 0.17425 1.80226 -0.0614554
v 0.150288 1.7878 -0.0685602
v 0.140101 1.78966 -0.0725187
v 0.135753 1.80046 0.100069
v 0.201127 1.80566 0.0827789
v 0.210352 1.8118 -0.0359194
v 0.0897892 1.79972 -0.034983
v 0.077587 1.79706 -0.0278844
v 0.0733854 1.80356 0.0406189
v 0.173751 1.80771 0.0916883
v 0.166254 1.79913 -0.0646781
v 0.0672119 1.80544 0.00689298
v 0.0650152 1.79833 0.0212904
v 0.0969672 1.806 0.0817393
v 0.138142 1.80324 0.101415
v 0.170901 1.80239 0.118366
v 0.210969 1.81409 0.0615698
v 0.220074 1.81909 -0.0169974
v 0.191386 1.81186 -0.0406186
v 0.12232 1.79121 -0.0757893
v 0.224871 1.81994 0.000349185
v 0.098966 1.79582 -0.0509652
v 0.0947044 1.79944 -0.0400971
v 0.109163 1.80098 0.0952619
v 0.175508 1.81015 0.11741
v 0.19879 1.81427 0.0748261
v 0.177225 1.80729 -0.0568388
v 0.142962 1.79742 -0.0706264
v 0.0729748 1.80625 -0.015579
v 0.0705206 1.80822 0.0223249
v 0.136696 1.80463 0.117914
v 0.173842 1.80751 0.100234
v 0.222718 1.81843 0.0280345
v 0.113829 1.79881 -0.0739925
v 0.104629 1.7966 -0.0648074
v 0.129935 1.80707 0.0937734
v 0.211807 1.82287 0.044444
v 0.190518 1.81879 -0.0361555
v 0.109569 1.80521 -0.0642385
v 0.112501 1.81333 0.0838572
v 0.177358 1.81494 0.0839512
v 0.186648 1.81601 0.0806088
v 0.192992 1.82338 0.0662122
v 0.210347 1.82718 0.0225174
v 0.211879 1.83082 -0.00624829
v 0.207078 1.82635 -0.0211773
v 0.16294 1.81009 -0.0618966
v 0.0882891 1.8112 0.0665557
v 0.128865 1.81383 0.0864059
v 0.147942 1.81163 0.123107
v 0.164855 1.8108 0.117916
v 0.138902 1.81113 0.122009
v 0.0969378 1.80586 -0.0513598
v 0.086923 1.80985 -0.0274114
v 0.0776059 1.81283 -0.0158466
v 0.0773571 1.81681 0.0194232
v 0.0801437 1.81528 0.0370373
v 0.128526 1.81061 0.10366
v 0.174703 1.81548 0.0909561
v 0.173835 1.8207 0.0787162
v 0.216883 1.82923 0.00740939
v 0.182262 1.81587 -0.0444795
v 0.110086 1.81238 -0.0512252
v 0.102766 1.81412 -0.0459965
v 0.089811 1.81943 0.0486956
v 0.127063 1.81493 0.0985556
v 0.168423 1.82296 0.0927437
v 0.200373 1.83037 0.0367463
v 0.172934 1.81617 -0.0537338
v 0.132516 1.80686 -0.0675259
v 0.0956735 1.81704 -0.0259029
v 0.0861314 1.82257 0.0328992
v 0.102759 1.81608 0.0739805
v 0.112612 1.82089 0.069153
v 0.120237 1.80927 -0.0628879
v 0.172079 1.8229 0.0846986
v 0.106773 1.82316 0.0566367
v 0.142885 1.81725 0.119811
v 0.166363 1.81913 0.111951
v 0.187294 1.82804 -0.0260142
v 0.116664 1.82335 -0.0545116
v 0.0940708 1.80836 -0.036727
v 0.0824227 1.82258 0.000770417
v 0.176557 1.82481 0.0704545
v 0.182815 1.83361 0.0517042
v 0.189756 1.83147 0.0486164
v 0.0960009 1.82466 -0.00889795
v 0.125482 1.82153 0.0962773
v 0.138742 1.81688 0.108443
v 0.134601 1.8237 0.0999396
v 0.194956 1.83689 0.00798296
v 0.146056 1.81228 -0.0669899
v 0.125452 1.81874 -0.0629972
v 0.178782 1.8272 0.0802222
v 0.203694 1.83379 0.020228
v 0.177268 1.82815 -0.0375041
v 0.159927 1.81508 -0.0652074
v 0.144213 1.82499 -0.0620364
v 0.102931 1.8249 -0.0381183
v 0.099024 1.82727 0.00613812
v 0.152613 1.8218 0.119046
v 0.15883 1.82797 0.107965
v 0.161697 1.83307 0.0939952
v 0.176606 1.83198 0.0833267
v 0.182824 1.83803 0.021821
v 0.185419 1.83458 -0.0144505
v 0.171827 1.83481 -0.0326984
v 0.184482 1.83801 0.00159304
v 0.166944 1.82865 -0.0441612
v 0.103663 1.82709 -0.0212211
v 0.178847 1.83185 0.0670346
v 0.181518 1.83658 0.036422
v 0.1186 1.83053 -0.0373367
v 0.108996 1.83157 -0.00459422
v 0.101824 1.82757 0.035734
v 0.12391 1.82909 0.0833305
v 0.171304 1.83683 0.0776796
v 0.108654 1.83291 0.0249204
v 0.126176 1.83562 0.0919813
v 0.175698 1.83814 0.0586979
v 0.130056 1.83369 -0.047564
v 0.118081 1.83053 0.0600526
v 0.141878 1.82585 0.113362
v 0.168667 1.83968 0.0709068
v 0.175652 1.84077 0.0361343
v 0.173665 1.8379 -0.0162294
v 0.136244 1.8338 0.100296
v 0.156661 1.83566 0.100965
v 0.159849 1.84136 0.0952991
v 0.158705 1.83958 -0.0219386
v 0.163537 1.83674 -0.0387815
v 0.137909 1.83193 -0.0556856
v 0.117653 1.8323 -0.0186756
v 0.110435 1.83402 0.0059687
v 0.114757 1.83848 0.048139
v 0.127195 1.8339 0.0728265
v 0.124137 1.83653 0.0826566
v 0.149232 1.83551 0.102753
v 0.162506 1.8427 -0.00304948
v 0.15424 1.84142 -0.0419602
v 0.146603 1.83341 -0.0517543
v 0.125991 1.83737 0.0558752
v 0.167604 1.84256 0.0811296
v 0.163096 1.84156 0.0562263
v 0.170961 1.84282 0.0365738
v 0.177219 1.84186 0.00682326
v 0.156711 1.84521 0.0107045
v 0.120245 1.84218 0.0466224
v 0.166925 1.84459 0.0686009
v 0.12672 1.83777 -0.031961
v 0.119988 1.83715 0.0220753
v 0.130542 1.84115 0.0742759
v 0.13397 1.84026 0.0890132
v 0.16428 1.84984 0.0782731
v 0.149946 1.84575 -0.00692127
v 0.155407 1.84832 0.0202806
v 0.122563 1.84029 -0.0190191
v 0.128832 1.84425 0.0566322
v 0.146208 1.8478 0.088868
v 0.17173 1.84656 0.0617943
v 0.172225 1.84879 0.0461204
v 0.16873 1.84868 0.0372779
v 0.160921 1.84471 0.0311435
v 0.140781 1.84164 -0.0412204
v 0.1194 1.83917 -0.00710841
v 0.11964 1.83919 0.00210556
v 0.12134 1.84248 0.020264
v 0.122623 1.84495 0.0381236
v 0.166841 1.85211 0.0555473
v 0.129803 1.8471 -0.0216806
v 0.135821 1.8448 0.0850481
v 0.154162 1.84593 0.092613
v 0.158377 1.85309 0.0671912
v 0.147495 1.84829 -0.0163095
v 0.135762 1.8492 0.0590532
v 0.154163 1.84964 -0.0324886
v 0.121655 1.84598 0.00758153
v 0.148058 1.85349 -0.0160612
v 0.129466 1.84965 -0.00962037
v 0.155665 1.85663 0.051406
v 0.148474 1.85214 0.0090946
v 0.138149 1.85305 -0.0258346
v 0.134184 1.85625 0.045243
v 0.138539 1.85409 0.0551511
v 0.152015 1.85669 0.0732639
v 0.155807 1.85981 0.0689167
v 0.162343 1.85382 0.0328331
v 0.154746 1.85699 0.020594
v 0.146963 1.8573 0.0658055
v 0.12605 1.85536 -0.0183284
v 0.126925 1.85512 0.0312749
v 0.148394 1.85804 0.0541253
v 0.146729 1.85849 0.00844335
v 0.145388 1.85532 -0.0199639
v 0.139761 1.86015 0.0288336
v 0.145762 1.86321 0.0217609
v 0.136565 1.86094 -0.00756694
v 0.138399 1.86014 0.0016616
v 0.226944 1.60309 -0.0373264
v -0.152679 1.5191 0.532478
v 0.387955 0.636124 -0.157219
v 0.208416 1.55705 0.0502847
v 0.168877 1.64347 -0.061088
v 0.342429 1.60239 -0.0309151
v 0.378833 0.936754 -0.154486
v 0.340151 0.0683605 -0.0571313
v 0.303693 0.195291 -0.0732201
v 0.340911 0.271978 -0.0561671
v 0.33905 0.0963062 -0.153677
v -0.0191248 0.996306 -0.185545
v -0.0857189 1.45154 0.0363654
v -0.0827475 1.42988 0.0516444
v -0.052899 0.742488 -0.119409
v 0.32735 0.313098 -0.0573489
v 0.330202 0.0721353 -0.0641357
v 0.303036 1.24008 0.0322952
v 0.332888 0.145611 -0.0326961
v 0.34831 0.148056 -0.168634
v 0.387277 0.112074 -0.148142
v 0.37511 1.42161 0.080737
v 0.380113 0.906847 -0.181824
v -0.0414746 0.588607 2.82295e-005
v 0.329563 0.0927704 -0.141059
v -0.0117452 1.31324 -0.0277899
v 0.0902987 1.65973 0.0397804
v -0.00376566 1.57918 0.0059625
v 0.367959 1.44753 -0.0412226
v 0.354703 0.0853007 -0.0021505
v 0.294761 0.970545 0.00189806
v 0.228905 1.71342 -0.0201861
v -0.0496453 0.908076 -0.158575
v -0.0434295 0.573746 0.000820987
v 0.408413 0.487819 -0.129365
v 0.333569 1.40258 -0.057864
v 0.203707 1.15921 -0.207835
v 0.226864 1.16734 -0.203436
v 0.0167445 0.160565 -0.0420157
v 0.345698 0.946038 -0.202368
v 0.279097 1.60449 -0.0483775
v 0.0619718 0.96478 0.0320548
v 0.383822 0.915696 -0.156001
v 0.0577686 0.168135 -0.107324
v 0.0582782 0.170934 -0.134281
v 0.37703 1.41799 0.0652241
v 0.378842 1.42471 0.0511825
v 0.0177444 0.137536 -0.145559
v -0.000214077 0.140707 -0.163086
v -0.0447481 1.41601 -0.0594853
v 0.302503 1.10455 -0.202089
v 0.340206 0.131894 -0.097301
v -0.0102172 1.44201 0.111479
v 0.303023 1.35634 0.0685035
v 0.192489 1.76466 -0.0562464
v 0.159186 1.12829 -0.214236
v 0.168355 1.14075 -0.219355
v 0.146681 1.13214 -0.221895
v 0.182632 1.67557 -0.0421652
v 0.322871 0.716621 -0.23055
v 0.327576 0.720863 -0.210863
v 0.379046 1.44199 0.0057903
v -0.0123807 0.118669 -0.0246937
v 0.0046091 0.120782 -0.00664894
v -0.0315948 0.114903 -0.017445
v 0.00964414 0.121627 -0.0139735
v 0.158564 1.84257 -0.0327639
v 0.168652 1.84068 -0.0387702
v 0.226228 1.33879 0.105905
v 0.224456 1.33566 0.120108
v -0.0163339 1.02655 -0.163715
v 0.175277 1.61329 0.0901572
v 0.165712 1.6123 0.102835
v 0.161138 1.61536 0.120693
v 0.183103 1.61708 0.0755399
v 0.153016 1.61182 0.096591
v -0.00670967 0.124205 -0.0195245
v 0.184864 1.70047 -0.0656655
v 0.178251 1.68898 -0.0638147
v 0.176901 1.68713 -0.0439376
v 0.178444 1.68713 -0.0583553
v 0.181006 1.69768 -0.0507574
v 0.033751 0.163886 -0.168181
v 0.0479034 0.166861 -0.179666
v 0.0124058 0.167286 -0.168525
v 0.155716 1.80664 0.116931
v 0.147131 1.80122 0.103496
v 0.15873 1.80128 0.102211
v 0.133723 1.80532 0.111384
v 0.023347 1.10766 -0.200424
v 0.0381384 1.12196 -0.191337
v 0.146995 1.52595 0.0687391
v 0.143002 1.5168 0.0858239
v 0.135217 1.53313 0.0668601
v 0.150005 1.51714 0.076303
v 0.309737 1.30386 0.0616244
v 0.31102 0.151459 -0.149376
v 0.316024 0.151278 -0.113722
v 0.319458 0.146367 -0.164038
v 0.0978961 0.127802 -0.0877037
v 0.0797612 0.119707 -0.0697829
v 0.0943183 0.13516 -0.110709
v 0.0897801 0.134091 -0.123997
v 0.0841709 0.12885 -0.103345
v 0.0747776 0.11846 -0.072566
v 0.0761604 0.124832 -0.0952901
v 0.0128317 0.178929 -0.0569322
v 0.00051624 0.16626 -0.0423176
v 0.0199299 0.184818 -0.0298271
v -0.00655809 0.156493 -0.0227452
v 0.00176123 0.16477 -0.018552
v 0.344797 0.142449 -0.0594634
v 0.359754 0.13396 -0.0603935
v 0.312956 0.150114 -0.0861221
v 0.328743 0.144298 -0.0783819
v 0.315768 0.16102 -0.0618542
v 0.312407 0.158404 -0.0733361
v 0.34806 0.901295 -0.206635
v 0.349315 0.884334 -0.207931
v 0.344986 0.886149 -0.225903
v 0.346808 0.925884 -0.208902
v 0.0705174 1.70038 0.00187899
v 0.0572268 1.70561 0.0044034
v 0.0690562 1.71354 -0.00234042
v 0.407378 0.0870877 0.0507754
v 0.420939 0.0855977 0.0510884
v 0.403541 0.0877269 0.0806951
v 0.417866 0.0876141 0.0729442
v 0.428412 0.0874993 0.0783926
v 0.390148 0.0870623 0.0689271
v 0.446385 0.07937 0.0436378
v 0.440386 0.085865 0.0681782
v -0.212927 1.45996 0.601839
v -0.209659 1.45856 0.622175
v -0.21154 1.46789 0.620764
v 0.114819 1.82745 0.0722036
v 0.121232 1.81867 0.0777725
v 0.101404 1.82639 0.0456552
v 0.123141 1.82324 0.0876981
v -0.186794 1.48133 0.643055
v -0.190316 1.48688 0.642697
v -0.0123032 0.0790628 0.112066
v -0.0271105 0.0857426 0.0594769
v -0.0434144 0.0810186 0.0788428
v -0.0195463 0.083614 0.0880411
v 0.0165961 0.0884997 0.0558162
v -0.000688503 0.0877378 0.0670859
v 0.347903 1.04461 -0.176105
v 0.351495 1.06954 -0.177035
v 0.349487 1.05249 -0.187515
v -0.0230938 0.52377 -0.0126627
v -0.0321046 0.548181 -0.0169028
v -0.0197784 0.540222 -0.025742
v -0.0152279 0.512681 -0.0127314
v -0.00651351 0.488913 -0.0112032
v 0.229177 0.960408 0.0501091
v 0.13528 0.962967 0.0490247
v 0.219507 0.958738 0.0432175
v 0.0776855 0.963424 0.0375397
v 0.210326 0.957892 0.0848588
v 0.16423 0.960374 0.0734712
v 0.137596 0.961266 0.0848133
v 0.10284 0.96264 0.0588598
v 0.196972 0.956856 0.0730759
v 0.222925 0.958973 0.0878069
v -0.0404282 1.36032 -0.0561728
v -0.0266352 1.3457 -0.0321835
v -0.0174202 1.32587 -0.026205
v -0.044029 1.39752 -0.0623077
v -0.0412511 1.37173 -0.0553882
v -0.0244976 1.31603 -0.0429085
v -0.0327173 1.38115 -0.0350288
v -0.0364892 1.33103 -0.0549405
v -0.0328027 1.31715 -0.0544177
v 0.127542 1.85442 0.0194865
v 0.138266 1.86211 0.012641
v 0.149152 1.86078 0.036355
v 0.325551 1.19125 -0.0267093
v 0.315097 1.22492 0.00906889
v 0.326514 1.18306 -0.0396566
v 0.325613 1.15691 -0.092557
v 0.320147 1.20494 -0.00577318
v 0.326838 1.1533 -0.11037
v 0.3383 1.16962 -0.101934
v 0.337209 1.18808 -0.0686043
v 0.32941 1.20767 -0.0286422
v 0.293605 1.46173 0.0923979
v 0.306346 1.42904 0.0859953
v 0.289451 1.48541 0.0934554
v 0.297413 1.45369 0.0939586
v 0.304559 1.47343 0.126716
v 0.2949 1.49097 0.116584
v 0.304974 1.43649 0.0897144
v 0.290659 1.4638 0.0877172
v 0.305388 1.45243 0.105828
v 0.299421 1.44215 0.0863963
v -0.0480346 0.664095 -0.0658218
v -0.0356943 0.61638 -0.0545086
v -0.0332065 0.59851 -0.0500728
v 0.247698 1.30098 0.0986566
v 0.263612 1.27644 0.0833111
v 0.245143 1.29641 0.108532
v 0.25527 1.29008 0.0859452
v 0.233192 1.32697 0.0986235
v 0.277771 1.26577 0.0628118
v 0.339765 1.40622 0.0777786
v 0.317467 1.45088 0.130178
v 0.313705 1.45185 0.1169
v 0.339652 1.39023 0.0604971
v 0.338709 1.41875 0.0967042
v 0.344808 1.45828 0.174657
v 0.323069 1.42001 0.0906908
v 0.340594 1.45626 0.162382
v 0.347963 1.38943 0.0437226
v 0.340638 1.43723 0.121064
v 0.3568 1.40074 0.0438231
v 0.340023 1.4492 0.151348
v 0.327709 1.45494 0.151225
v 0.324576 1.43186 0.115518
v 0.32394 1.44975 0.139478
v 0.331189 1.40863 0.0828881
v -0.0579098 1.43461 0.169566
v -0.096176 1.45375 0.183467
v -0.0681615 1.45654 0.213182
v -0.0886715 1.4541 0.197604
v -0.0360328 1.46392 0.202973
v -0.0419858 1.45014 0.194469
v -0.0809826 1.43345 0.156109
v -0.0531565 1.46644 0.206434
v -0.0594318 1.44134 0.183369
v -0.0720986 1.45013 0.196607
v -0.11397 1.47073 0.187014
v -0.103916 1.46025 0.182522
v -0.0818679 1.45366 0.212559
v -0.08171 1.45514 0.233919
v -0.102765 1.4479 0.171387
v -0.0755679 1.45326 0.207497
v -0.0919705 1.44541 0.171847
v -0.0755297 1.445 0.177895
v -0.0510268 1.44435 0.192112
v -0.0502243 1.45804 0.198133
v -0.0638259 1.44749 0.192054
v -0.0595403 1.45724 0.201402
v 0.359541 0.015566 -0.120469
v 0.416597 0.0358413 -0.0391521
v 0.376667 0.0379596 0.0303187
v 0.354983 0.0061621 -0.149869
v 0.386534 0.0136214 -0.132455
v 0.461054 0.0428974 0.0992235
v 0.397587 0.0482901 0.107328
v 0.416758 0.0429498 0.0493482
v 0.383485 0.0456877 0.0885566
v 0.434391 0.046773 0.112133
v 0.376527 0.0346092 0.00918648
v 0.432051 0.0367935 -0.00074286
v 0.441682 0.0489358 0.124552
v 0.334274 0.00920451 -0.12586
v 0.420211 0.0488274 0.126793
v 0.4078 0.0386414 0.00628726
v 0.406849 0.0452212 0.0726019
v 0.371906 0.0305609 -0.00702781
v 0.392493 0.0369418 -0.0647657
v 0.34881 0.017116 -0.0721429
v 0.448408 0.0363174 0.0130005
v 0.436876 0.0371662 -0.0110409
v 0.350849 0.0150755 -0.111459
v 0.350374 0.0164617 -0.0925202
v 0.372756 0.041294 0.0540321
v 0.410817 0.0484897 0.120757
v 0.443172 0.0428281 0.0471705
v 0.367151 0.0259114 -0.031137
v 0.34235 0.00856929 -0.137976
v 0.432789 0.0451182 0.0923367
v 0.377025 0.0178502 -0.120166
v 0.371701 0.0262576 -0.096447
v 0.405996 0.0469558 0.0987375
v 0.444899 0.0374062 0.00261815
v 0.399673 0.0407459 0.0358817
v 0.403062 0.0354506 -0.0624497
v 0.390003 0.0360942 0.0018293
v 0.374892 0.0435163 0.0743374
v 0.41151 0.0381972 -0.020107
v 0.391763 0.0428938 0.0550328
v 0.371148 0.026495 -0.0353133
v 0.457322 0.0422028 0.0850001
v 0.458432 0.0399028 0.0452571
v 0.395111 0.0467833 0.0922048
v 0.105056 1.60585 -0.0678407
v 0.21007 1.60959 -0.0677613
v 0.184264 1.60946 -0.0757743
v 0.0887546 1.60639 -0.0809056
v 0.210194 1.60727 -0.0484587
v 0.232275 1.61865 -0.0684041
v 0.201121 1.60975 -0.0922697
v 0.0777327 1.60695 -0.0628929
v 0.0787738 1.60158 -0.0199579
v 0.219364 1.60352 -0.0425132
v 0.201203 1.61011 -0.0601263
v 0.0952367 1.60594 -0.0437446
v 0.0750975 1.60557 -0.0410678
v 0.217883 1.61121 -0.0658824
v 0.198542 1.60979 -0.073089
v 0.107118 1.60437 -0.0926595
v 0.174809 1.81858 0.108396
v 0.144805 1.86025 0.00208794
v -0.0384244 0.0302351 -0.0216937
v 0.00358941 0.0349196 0.0147993
v -0.0608936 0.0298431 0.0334059
v -0.031663 0.0336623 0.0579391
v 0.0293422 0.0370736 0.0219612
v -0.0557567 0.0315299 0.0900973
v 0.0584867 0.0461865 -0.136935
v 0.00244131 0.03525 0.0411209
v 0.0197061 0.0413735 -0.12275
v 0.0474259 0.0468798 -0.116612
v 0.0156912 0.0399155 -0.142529
v 0.0356432 0.0369956 0.0509865
v -0.00413296 0.0352479 -0.0880502
v 0.000531863 0.0343155 -0.106095
v 0.0359448 0.0419194 -0.0934794
v 0.00570868 0.0355914 -0.121912
v 0.0150205 0.0390325 -0.0825844
v 0.0211211 0.0403963 -0.0991163
v 0.036568 0.047067 -0.123838
v -0.0286449 0.0339201 -0.0523738
v -0.0599771 0.0293392 0.0194329
v 0.0373553 0.0361855 -0.0524971
v 0.000630936 0.0336496 0.109677
v 0.0208237 0.036998 -0.0585808
v 0.0171674 0.0351885 0.101744
v 0.0298151 0.0351719 -0.0089703
v 0.0703018 0.0441298 -0.150244
v 0.0690194 0.0385708 -0.0913078
v 0.0568062 0.0437825 -0.10656
v 0.0585668 0.0401342 -0.0831788
v -0.0497802 0.0299621 0.00362389
v 0.0058809 0.036417 -0.132195
v -0.00733818 0.0330143 -0.0469893
v 0.0370539 0.0343362 -0.028671
v 0.00599113 0.0346954 -0.0364244
v -0.026804 0.0313586 -0.0388339
v 0.0452416 0.0350606 -0.0458813
v 0.0211512 0.0413076 -0.151407
v -0.057822 0.0312996 0.0621424
v -0.00328002 0.0339985 -0.0683989
v -0.00941964 0.0337117 -0.00151891
v 0.0730719 0.040242 -0.108647
v -0.00389911 0.0336981 0.124164
v 0.0505003 0.0390743 -0.0712827
v 0.0349214 0.0435568 -0.15993
v 0.0132187 0.0351498 0.0713707
v -0.0282191 0.0331686 0.100938
v -0.0368727 0.0315801 0.0190925
v -0.0263459 0.0335227 0.0791436
v -0.0443857 0.0336227 0.116566
v 0.178461 0.702306 -0.0925873
v 0.174393 0.693471 -0.125091
v 0.174335 0.699193 -0.103352
v 0.176701 0.712713 -0.0683899
v 0.177442 0.726081 -0.0421313
v 0.168725 0.692183 -0.0983595
v 0.154802 0.663387 -0.0760885
v 0.156597 0.686817 -0.0631137
v 0.161431 0.686743 -0.0737336
v 0.165896 0.713666 -0.0526854
v 0.163522 0.700004 -0.0616559
v 0.174222 0.721317 -0.0489716
v 0.171008 0.693784 -0.113465
v 0.156191 0.677941 -0.0664627
v 0.161637 0.673211 -0.089371
v 0.171825 0.70301 -0.087942
v 0.17266 0.710456 -0.068764
v 0.151587 0.653522 -0.0701382
v 0.184554 0.70869 -0.0671706
v 0.192953 0.678324 -0.0868221
v 0.208573 0.631833 -0.0681989
v 0.180591 0.693621 -0.121845
v 0.20275 0.653384 -0.0802024
v 0.19289 0.678588 -0.116954
v 0.209046 0.652975 -0.064177
v 0.191362 0.676401 -0.102031
v 0.20596 0.679983 -0.052101
v 0.201524 0.693481 -0.0463737
v 0.202753 0.640178 -0.0841061
v 0.18157 0.696771 -0.102309
v 0.197958 0.680837 -0.0672394
v -0.0527277 1.42961 0.144922
v -0.0475805 1.43435 0.149169
v -0.0766919 1.42873 0.142199
v -0.074948 1.42993 0.160013
v -0.068277 1.43014 0.159261
v -0.0353468 1.41322 0.120169
v -0.0637021 1.41013 0.114956
v -0.0320694 1.37039 0.0514191
v -0.0657352 1.39992 0.0378675
v -0.0549585 1.39609 0.0881308
v -0.0684081 1.40001 0.0907152
v -0.0428448 1.41759 0.129103
v -0.0361937 1.3972 0.0948133
v -0.0353677 1.37786 0.0666186
v -0.0467029 1.38589 0.072279
v -0.0652965 1.41924 0.130881
v -0.0472814 1.38631 0.0296054
v -0.0438577 1.3798 0.0450994
v -0.0595085 1.38959 0.0621435
v -0.0526401 1.41229 0.115013
v 0.402151 1.47548 0.194489
v 0.385345 1.47869 0.231491
v 0.355538 1.47466 0.18588
v 0.397194 1.45946 0.167155
v 0.366202 1.50543 0.227363
v 0.355267 1.51668 0.22154
v 0.366925 1.49151 0.219041
v 0.373043 1.46802 0.181783
v 0.388783 1.46413 0.176648
v 0.373765 1.47997 0.211196
v 0.35541 1.4681 0.177901
v 0.362468 1.4534 0.176486
v 0.353482 1.48928 0.203186
v 0.392902 1.47678 0.217885
v 0.367229 1.47391 0.19315
v 0.371639 1.45805 0.174266
v 0.38813 1.46946 0.183164
v 0.38213 1.47698 0.21581
v 0.361353 1.45675 0.165621
v 0.376888 1.47221 0.193516
v 0.363222 1.48011 0.202571
v 0.348882 1.4995 0.209098
v 0.456424 1.47585 0.521792
v 0.451498 1.44946 0.589894
v 0.451021 1.45303 0.619151
v 0.451652 1.46077 0.541702
v 0.507549 1.49602 0.621959
v 0.465505 1.49074 0.638746
v 0.520436 1.5059 0.618941
v 0.458239 1.44748 0.609844
v 0.481682 1.46333 0.627346
v 0.518903 1.4865 0.613627
v 0.434544 1.46423 0.57015
v 0.481835 1.47311 0.624953
v 0.454977 1.4614 0.538407
v 0.43685 1.4551 0.586452
v 0.466088 1.45475 0.623742
v 0.445637 1.45617 0.567109
v 0.499499 1.5009 0.631405
v 0.519124 1.48082 0.603888
f 9 9893 9877
f 9877 9875 9
f 9864 89 88
f 89 9867 10
f 31 2 32
f 58 32 2
f 2 18 58
f 18 3 19
f 59 19 3
f 3 9817 59
f 65 59 9817
f 9817 9810 65
f 9824 9837 66
f 20 66 9837
f 9837 9808 20
f 61 20 9808
f 9806 34 61
f 9806 9825 35
f 35 9814 107
f 54 107 9814
f 9812 54 9814
f 116 11 9904
f 12 116 9904
f 12 9886 38
f 9886 4 38
f 39 4 9873
f 13 39 9873
f 15 14 9895
f 9895 9898 15
f 40 15 9898
f 9889 9903 42
f 9903 5 42
f 16 42 5
f 56 68 9805
f 9805 6 56
f 7 9842 21
f 9842 8 21
f 9833 8 9820
f 27 23 9835
f 9835 24 27
f 28 27 24
f 9893 9 72
f 50 9 9875
f 9862 9892 51
f 36 51 9892
f 9882 9864 37
f 88 37 9864
f 89 10 135
f 52 10 9911
f 53 52 9911
f 45 38 4
f 4 39 45
f 69 13 14
f 14 15 69
f 131 46 9889
f 42 131 9889
f 9888 70 16
f 9888 17 47
f 59 65 79
f 66 94 9824
f 9806 35 34
f 55 54 9812
f 56 95 68
f 62 82 8
f 8 9833 62
f 92 9821 22
f 22 9801 92
f 74 92 9801
f 9801 23 74
f 27 74 23
f 28 24 63
f 24 9804 63
f 29 63 9804
f 9804 25 29
f 25 26 76
f 77 76 26
f 26 9803 77
f 83 77 9803
f 9833 9821 62
f 92 62 9821
f 27 28 119
f 30 9813 57
f 78 57 9813
f 9813 31 78
f 31 32 78
f 104 78 32
f 18 19 64
f 20 61 60
f 60 61 34
f 55 68 108
f 36 9882 37
f 88 87 37
f 52 90 10
f 11 114 53
f 12 38 110
f 45 142 38
f 69 15 80
f 40 80 15
f 42 16 81
f 17 9906 48
f 71 43 9893
f 50 72 9
f 50 1 9881
f 45 39 129
f 13 69 143
f 41 46 131
f 131 42 97
f 98 70 9888
f 9888 47 98
f 150 49 43
f 72 71 9893
f 133 86 50
f 9881 133 50
f 36 100 51
f 10 90 135
f 52 53 101
f 53 114 101
f 11 116 115
f 116 12 110
f 35 107 126
f 107 54 127
f 54 55 108
f 109 108 68
f 56 6 128
f 7 73 6
f 21 8 102
f 8 82 102
f 75 74 27
f 119 75 27
f 32 58 104
f 139 104 58
f 58 18 139
f 64 139 18
f 122 19 59
f 79 122 59
f 33 94 123
f 105 94 66
f 20 149 66
f 20 60 67
f 91 73 7
f 7 21 91
f 102 91 21
f 92 82 62
f 28 63 103
f 120 103 63
f 25 137 29
f 25 76 198
f 77 83 185
f 57 159 30
f 139 64 93
f 64 19 122
f 65 33 123
f 149 105 66
f 35 106 34
f 35 126 106
f 127 140 107
f 108 127 54
f 95 109 68
f 128 6 73
f 129 142 45
f 39 13 143
f 80 96 69
f 40 41 85
f 131 85 41
f 47 17 176
f 43 71 150
f 112 71 72
f 72 50 86
f 9881 51 100
f 115 114 11
f 75 147 74
f 119 28 103
f 63 29 120
f 137 25 198
f 76 77 184
f 84 93 64
f 122 84 64
f 123 79 65
f 67 149 20
f 106 60 34
f 169 110 38
f 142 169 38
f 143 129 39
f 96 143 69
f 85 80 40
f 81 97 42
f 164 48 49
f 49 150 132
f 100 36 113
f 90 52 101
f 168 115 116
f 91 136 73
f 82 92 117
f 92 74 118
f 120 29 137
f 77 185 184
f 30 158 83
f 105 124 94
f 106 125 60
f 126 107 215
f 128 95 56
f 16 70 236
f 98 47 99
f 176 99 47
f 146 176 17
f 17 48 146
f 112 151 71
f 72 86 112
f 100 133 9881
f 36 37 152
f 167 88 89
f 135 167 89
f 153 135 90
f 102 136 91
f 102 82 155
f 82 117 155
f 117 92 118
f 147 118 74
f 184 198 76
f 138 159 57
f 57 78 138
f 104 121 78
f 84 122 160
f 123 94 124
f 67 60 125
f 200 140 127
f 174 109 95
f 128 174 95
f 129 143 130
f 236 70 111
f 70 98 111
f 99 111 98
f 132 164 49
f 133 100 134
f 113 134 100
f 116 110 195
f 209 155 117
f 158 185 83
f 139 121 104
f 160 93 84
f 140 215 107
f 108 109 173
f 169 195 110
f 202 143 96
f 96 80 162
f 131 97 145
f 151 150 71
f 133 177 86
f 113 36 178
f 152 178 36
f 207 153 90
f 101 207 90
f 101 114 154
f 154 114 180
f 114 115 180
f 195 168 116
f 102 155 170
f 117 118 209
f 75 119 156
f 157 119 103
f 103 120 157
f 159 158 30
f 121 138 78
f 148 160 122
f 122 79 148
f 105 149 187
f 215 106 126
f 141 127 108
f 73 174 128
f 142 129 161
f 175 161 129
f 129 130 175
f 131 144 85
f 145 97 163
f 97 81 163
f 81 16 236
f 99 176 190
f 146 249 176
f 164 146 48
f 150 221 132
f 112 86 177
f 134 177 133
f 178 165 113
f 166 87 88
f 88 167 166
f 167 135 193
f 153 193 135
f 101 154 208
f 136 102 170
f 119 157 156
f 137 183 120
f 138 121 211
f 93 171 139
f 160 172 93
f 187 124 105
f 173 141 108
f 169 142 161
f 202 130 143
f 162 202 96
f 80 85 162
f 145 144 131
f 151 112 204
f 177 204 112
f 165 134 113
f 208 207 101
f 168 180 115
f 181 136 170
f 170 155 182
f 227 118 147
f 147 75 227
f 157 120 183
f 186 148 79
f 124 186 123
f 187 149 213
f 214 213 149
f 149 67 214
f 199 67 125
f 141 200 127
f 174 173 109
f 216 174 73
f 144 162 85
f 144 145 220
f 236 163 81
f 236 111 189
f 238 221 150
f 150 151 238
f 204 238 151
f 177 134 191
f 192 152 37
f 37 87 192
f 166 223 87
f 167 179 166
f 155 209 182
f 118 227 196
f 75 156 197
f 156 157 197
f 183 197 157
f 159 138 210
f 138 211 210
f 79 123 186
f 187 212 124
f 199 214 67
f 106 199 125
f 201 169 161
f 161 175 217
f 175 130 218
f 188 220 145
f 145 163 188
f 266 189 111
f 111 99 266
f 99 190 266
f 164 132 250
f 221 250 132
f 165 178 206
f 223 192 87
f 167 193 179
f 154 180 194
f 264 180 168
f 182 181 170
f 197 227 75
f 183 137 229
f 230 229 137
f 137 198 230
f 158 159 210
f 121 139 272
f 171 272 139
f 171 93 172
f 172 160 287
f 186 124 231
f 212 231 124
f 232 199 106
f 215 232 106
f 274 173 174
f 174 216 274
f 73 136 216
f 218 217 175
f 203 202 162
f 162 144 203
f 250 146 164
f 191 205 177
f 134 165 191
f 281 206 178
f 178 152 281
f 152 192 222
f 166 179 223
f 193 153 225
f 207 225 153
f 194 208 154
f 195 264 168
f 182 209 240
f 209 118 196
f 270 196 227
f 226 270 227
f 185 255 184
f 211 121 272
f 160 148 287
f 148 186 244
f 187 213 212
f 173 274 233
f 181 216 136
f 217 201 161
f 218 130 234
f 235 234 130
f 202 235 130
f 188 163 290
f 236 290 163
f 249 190 176
f 205 204 177
f 191 165 239
f 165 206 239
f 206 281 253
f 222 281 152
f 223 222 192
f 179 193 224
f 225 224 193
f 254 264 195
f 195 169 254
f 209 196 240
f 197 183 228
f 242 228 183
f 255 230 198
f 198 184 255
f 171 172 322
f 244 287 148
f 199 232 259
f 215 140 246
f 200 141 247
f 141 173 233
f 201 254 169
f 276 235 202
f 202 203 276
f 203 144 219
f 144 220 219
f 250 310 146
f 250 221 237
f 267 238 204
f 277 267 204
f 204 205 277
f 251 205 191
f 223 179 262
f 224 262 179
f 263 225 207
f 207 208 263
f 208 194 263
f 194 180 295
f 275 260 181
f 181 182 275
f 269 275 182
f 182 240 269
f 283 240 196
f 270 283 196
f 227 197 241
f 183 229 242
f 243 271 185
f 185 158 243
f 210 211 256
f 256 211 272
f 172 287 322
f 186 231 257
f 212 245 231
f 213 258 212
f 214 199 259
f 232 215 246
f 140 200 246
f 247 246 200
f 233 247 141
f 216 181 260
f 203 219 276
f 220 188 248
f 290 248 188
f 236 189 291
f 310 249 146
f 267 221 238
f 251 191 252
f 191 239 252
f 239 206 253
f 264 295 180
f 297 270 226
f 241 226 227
f 228 241 197
f 286 242 229
f 229 230 286
f 356 158 210
f 210 256 356
f 257 244 186
f 258 245 212
f 316 274 216
f 216 260 316
f 327 201 217
f 217 218 265
f 218 234 265
f 276 219 309
f 289 309 219
f 219 220 289
f 248 289 220
f 291 290 236
f 343 291 189
f 221 267 331
f 277 205 268
f 251 252 279
f 280 252 239
f 253 280 239
f 222 223 282
f 314 282 223
f 223 262 314
f 224 225 294
f 306 269 240
f 283 306 240
f 270 297 285
f 241 297 226
f 255 185 271
f 356 243 158
f 272 171 300
f 322 300 171
f 257 287 244
f 258 338 245
f 213 214 288
f 259 288 214
f 247 233 273
f 304 273 233
f 233 274 304
f 265 327 217
f 328 234 235
f 189 266 343
f 266 190 330
f 190 249 344
f 292 344 249
f 249 310 292
f 237 425 250
f 237 221 331
f 268 333 277
f 311 251 279
f 319 279 252
f 281 222 261
f 282 261 222
f 262 224 315
f 294 315 224
f 294 225 263
f 295 263 194
f 284 283 270
f 355 286 230
f 230 255 299
f 271 299 255
f 256 272 395
f 300 395 272
f 287 358 322
f 231 245 337
f 246 247 302
f 273 302 247
f 316 260 317
f 315 314 262
f 264 254 296
f 254 201 307
f 265 234 348
f 235 276 328
f 330 343 266
f 310 250 425
f 277 332 267
f 278 333 268
f 268 311 278
f 275 269 326
f 306 305 269
f 284 353 283
f 285 401 284
f 284 270 285
f 299 355 230
f 258 213 323
f 288 323 213
f 288 259 301
f 259 232 301
f 325 301 232
f 232 246 325
f 302 325 246
f 304 303 273
f 316 304 274
f 9687 260 275
f 201 327 307
f 308 327 265
f 329 328 276
f 248 290 342
f 330 190 344
f 333 332 277
f 253 281 398
f 261 398 281
f 282 313 261
f 314 293 282
f 264 296 295
f 306 283 353
f 354 297 241
f 241 228 298
f 338 337 245
f 303 302 273
f 9687 317 260
f 234 328 348
f 289 377 309
f 248 341 289
f 290 291 363
f 291 343 364
f 292 310 365
f 331 267 378
f 332 378 267
f 333 278 349
f 319 280 334
f 312 334 280
f 280 253 312
f 398 312 253
f 293 313 282
f 9700 314 315
f 294 263 336
f 320 336 263
f 295 320 263
f 307 296 254
f 285 297 321
f 354 321 297
f 370 228 242
f 242 286 370
f 271 243 371
f 322 372 300
f 257 231 383
f 323 338 258
f 288 301 324
f 325 324 301
f 304 316 303
f 326 9687 275
f 353 360 306
f 351 318 307
f 307 327 351
f 265 348 308
f 377 329 276
f 276 309 377
f 425 237 426
f 333 388 332
f 278 311 389
f 311 279 366
f 261 313 380
f 9700 293 314
f 336 9700 315
f 315 294 336
f 318 9698 296
f 296 307 318
f 305 306 360
f 241 298 354
f 355 431 286
f 371 299 271
f 419 356 256
f 372 395 300
f 323 374 338
f 324 323 288
f 325 302 339
f 303 339 302
f 303 316 340
f 9688 340 316
f 317 9688 316
f 9687 326 435
f 342 341 248
f 342 290 363
f 363 291 364
f 237 331 426
f 378 426 331
f 279 319 366
f 319 334 345
f 391 398 261
f 380 391 261
f 313 293 335
f 9700 335 293
f 369 353 284
f 284 401 369
f 285 321 401
f 450 354 298
f 299 371 475
f 256 395 419
f 372 322 357
f 358 357 322
f 383 231 337
f 337 338 373
f 323 324 9686
f 9683 9686 324
f 324 325 9683
f 326 269 359
f 308 351 327
f 425 365 310
f 388 378 332
f 388 333 349
f 349 278 350
f 379 350 278
f 389 379 278
f 366 389 311
f 366 319 345
f 313 335 380
f 9700 336 346
f 347 346 336
f 336 320 347
f 298 228 381
f 370 381 228
f 370 286 431
f 382 403 287
f 287 257 382
f 257 383 382
f 374 373 338
f 384 374 323
f 9686 384 323
f 303 340 9685
f 9688 9685 340
f 359 269 305
f 361 348 328
f 329 361 328
f 377 289 362
f 341 362 289
f 423 342 363
f 424 364 343
f 292 386 344
f 367 334 312
f 312 398 367
f 351 308 9702
f 375 308 348
f 348 361 375
f 344 465 330
f 388 387 378
f 388 349 409
f 350 409 349
f 350 379 410
f 510 389 366
f 366 345 390
f 345 334 411
f 9702 9703 351
f 9687 435 352
f 475 355 299
f 358 287 403
f 354 394 321
f 243 356 417
f 418 417 356
f 395 372 420
f 421 382 383
f 337 405 404
f 405 337 373
f 435 326 385
f 359 385 326
f 368 360 353
f 376 361 329
f 329 377 376
f 362 341 407
f 423 363 408
f 363 364 408
f 465 424 343
f 343 330 465
f 390 510 366
f 411 390 345
f 380 335 399
f 335 9699 393
f 461 440 401
f 401 321 461
f 394 461 321
f 298 381 450
f 381 370 431
f 356 419 418
f 420 372 402
f 372 357 402
f 403 382 9564
f 382 421 9564
f 404 383 337
f 308 375 428
f 362 415 377
f 341 342 407
f 365 386 292
f 387 426 378
f 410 409 350
f 410 379 397
f 497 397 379
f 379 389 497
f 367 411 334
f 398 391 469
f 391 380 392
f 399 392 380
f 393 399 335
f 527 369 401
f 354 450 449
f 431 355 416
f 374 384 422
f 406 422 384
f 384 9681 406
f 396 406 9681
f 434 396 352
f 435 434 352
f 305 360 439
f 413 438 375
f 361 413 375
f 414 361 376
f 376 377 414
f 415 414 377
f 426 387 459
f 387 388 467
f 388 409 467
f 397 468 410
f 399 393 448
f 427 448 393
f 368 369 400
f 394 354 441
f 475 416 355
f 417 371 243
f 357 358 443
f 403 443 358
f 404 421 383
f 373 374 422
f 359 305 439
f 362 407 415
f 423 407 342
f 386 465 344
f 386 365 458
f 482 467 409
f 483 409 410
f 447 469 391
f 391 392 447
f 448 427 412
f 427 9702 437
f 428 437 9702
f 9702 308 428
f 438 428 375
f 429 413 361
f 440 527 401
f 431 451 381
f 431 416 529
f 416 475 529
f 419 395 462
f 402 357 442
f 396 434 464
f 439 360 368
f 407 423 456
f 423 408 444
f 408 364 457
f 424 457 364
f 365 425 480
f 483 482 409
f 367 398 436
f 448 392 399
f 414 429 361
f 414 415 430
f 441 461 394
f 441 354 449
f 395 420 462
f 443 442 357
f 421 404 432
f 433 432 404
f 404 405 433
f 454 433 405
f 405 373 454
f 422 454 373
f 406 396 464
f 434 435 455
f 415 407 495
f 456 495 407
f 444 456 423
f 479 424 465
f 426 480 425
f 459 480 426
f 467 466 387
f 468 483 410
f 497 389 445
f 510 445 389
f 367 436 411
f 446 436 398
f 469 446 398
f 427 437 412
f 438 437 428
f 430 429 414
f 368 400 515
f 527 400 369
f 440 461 472
f 450 381 500
f 451 500 381
f 529 451 431
f 418 419 492
f 420 402 452
f 421 432 463
f 422 406 489
f 464 489 406
f 455 464 434
f 385 455 435
f 439 490 359
f 439 368 486
f 457 444 408
f 458 365 480
f 466 459 387
f 447 392 484
f 392 448 484
f 485 437 438
f 368 515 486
f 472 471 440
f 441 449 499
f 419 462 492
f 476 462 420
f 420 452 476
f 402 442 452
f 443 403 9573
f 9586 433 453
f 433 454 453
f 545 454 422
f 385 359 490
f 495 478 415
f 460 538 397
f 397 497 460
f 390 411 511
f 470 484 448
f 412 470 448
f 438 413 485
f 429 430 514
f 527 552 400
f 461 441 473
f 499 473 441
f 474 499 449
f 474 449 450
f 450 500 474
f 417 418 517
f 492 517 418
f 403 9564 9573
f 477 9573 9564
f 9564 463 477
f 463 9586 503
f 9586 453 503
f 545 453 454
f 489 545 422
f 455 531 464
f 430 415 478
f 496 495 456
f 479 534 457
f 457 424 479
f 466 467 481
f 483 468 547
f 538 468 397
f 510 390 523
f 511 523 390
f 485 412 437
f 485 413 525
f 413 429 513
f 551 513 429
f 515 400 526
f 528 472 461
f 473 528 461
f 442 443 488
f 9573 488 443
f 477 463 544
f 493 544 463
f 463 503 493
f 489 464 531
f 385 490 455
f 478 495 494
f 444 496 456
f 444 457 521
f 522 479 465
f 465 386 522
f 386 458 522
f 481 459 466
f 481 467 537
f 467 482 537
f 538 548 468
f 524 511 411
f 469 447 446
f 512 446 447
f 491 470 412
f 485 491 412
f 525 413 513
f 551 429 514
f 515 487 486
f 552 526 400
f 500 451 516
f 530 529 475
f 530 475 371
f 371 417 530
f 502 476 452
f 442 502 452
f 544 9573 477
f 555 503 453
f 545 555 453
f 506 496 444
f 534 521 457
f 507 480 459
f 547 482 483
f 548 547 468
f 460 497 574
f 411 436 524
f 447 484 512
f 470 498 484
f 439 486 541
f 487 541 486
f 528 471 472
f 529 516 451
f 476 501 462
f 554 501 476
f 502 554 476
f 488 502 442
f 519 488 9573
f 505 504 455
f 490 505 455
f 459 481 508
f 550 524 436
f 436 446 550
f 470 491 539
f 525 491 485
f 478 514 430
f 490 439 541
f 515 526 593
f 552 527 553
f 542 651 471
f 474 500 568
f 516 568 500
f 518 517 492
f 492 462 518
f 488 519 571
f 493 503 520
f 590 545 489
f 531 455 504
f 494 495 572
f 495 496 572
f 458 480 536
f 507 536 480
f 459 508 507
f 537 561 481
f 482 547 509
f 445 574 497
f 445 510 565
f 512 484 498
f 539 566 498
f 498 470 539
f 513 607 525
f 462 501 518
f 571 502 488
f 503 555 589
f 489 531 578
f 504 505 557
f 532 557 505
f 505 490 532
f 478 494 558
f 444 521 506
f 535 533 534
f 534 479 535
f 522 535 479
f 561 508 481
f 509 537 482
f 523 565 510
f 524 549 511
f 512 550 446
f 512 498 566
f 513 551 585
f 487 515 593
f 586 528 473
f 499 474 567
f 543 516 529
f 530 417 569
f 517 569 417
f 493 577 544
f 520 577 493
f 578 590 489
f 556 578 531
f 602 572 496
f 496 506 602
f 506 521 582
f 533 582 521
f 521 534 533
f 522 458 560
f 507 508 617
f 546 617 508
f 508 561 546
f 509 562 537
f 538 460 564
f 551 514 540
f 552 593 526
f 553 613 552
f 569 543 529
f 530 569 529
f 518 598 517
f 664 554 502
f 571 664 502
f 519 544 588
f 520 503 589
f 555 545 590
f 531 504 556
f 557 556 504
f 557 532 579
f 535 522 560
f 536 560 458
f 617 536 507
f 562 561 537
f 644 563 538
f 564 644 538
f 523 511 619
f 511 549 619
f 550 512 583
f 566 583 512
f 539 491 576
f 525 576 491
f 487 580 541
f 586 473 596
f 597 567 474
f 568 597 474
f 569 517 598
f 501 554 638
f 609 571 519
f 577 588 544
f 558 494 559
f 572 602 601
f 548 538 563
f 573 564 460
f 460 574 573
f 574 445 565
f 565 523 619
f 583 524 550
f 566 539 575
f 539 576 575
f 540 585 551
f 608 540 514
f 613 628 552
f 553 527 629
f 527 651 629
f 542 471 594
f 595 594 471
f 471 528 595
f 528 586 595
f 518 501 638
f 664 570 554
f 588 609 519
f 589 555 590
f 556 557 611
f 579 532 612
f 572 559 494
f 582 581 506
f 656 582 533
f 584 605 583
f 583 566 584
f 9621 584 566
f 575 9621 566
f 649 576 525
f 525 607 649
f 650 513 585
f 514 478 608
f 608 478 558
f 593 552 628
f 543 569 622
f 611 578 556
f 579 611 557
f 532 541 580
f 559 572 601
f 581 602 506
f 533 535 603
f 536 617 604
f 630 546 561
f 561 562 630
f 591 509 547
f 573 574 659
f 565 659 574
f 568 516 587
f 516 543 587
f 570 638 554
f 623 609 588
f 577 520 684
f 579 600 611
f 580 487 592
f 592 487 593
f 628 627 593
f 558 559 9661
f 604 535 560
f 560 536 604
f 698 617 546
f 591 562 509
f 645 619 549
f 549 524 645
f 524 583 645
f 605 645 583
f 605 584 620
f 584 9621 620
f 9619 620 9621
f 576 9620 575
f 650 607 513
f 608 661 540
f 629 636 553
f 663 597 568
f 638 598 518
f 623 588 599
f 640 599 588
f 588 577 640
f 684 624 577
f 520 589 653
f 590 578 610
f 578 611 610
f 697 665 612
f 612 532 697
f 580 697 532
f 608 558 614
f 615 614 558
f 559 601 641
f 656 581 582
f 535 604 603
f 657 591 547
f 547 548 657
f 548 563 657
f 565 619 618
f 645 679 619
f 621 620 9619
f 9619 606 621
f 682 650 585
f 585 540 682
f 627 592 593
f 613 553 636
f 629 651 716
f 673 586 596
f 663 568 587
f 637 622 569
f 598 637 569
f 638 637 598
f 624 640 577
f 653 684 520
f 589 590 625
f 600 579 626
f 9661 615 558
f 641 9661 559
f 601 602 616
f 602 581 616
f 617 698 604
f 563 644 657
f 573 699 564
f 618 659 565
f 645 605 632
f 620 632 605
f 620 621 646
f 9622 9620 634
f 9620 576 634
f 649 607 635
f 650 635 607
f 622 587 543
f 639 571 609
f 676 639 609
f 623 676 609
f 610 625 590
f 610 611 654
f 600 654 611
f 626 696 600
f 665 626 579
f 579 612 665
f 628 613 686
f 636 686 613
f 594 595 718
f 595 586 718
f 634 576 648
f 540 661 682
f 608 614 661
f 614 615 9657
f 9661 9657 615
f 642 641 601
f 601 616 642
f 533 603 656
f 666 656 603
f 630 562 643
f 679 618 619
f 631 679 645
f 646 632 620
f 663 587 674
f 637 638 675
f 652 676 623
f 623 599 652
f 640 624 722
f 653 589 625
f 696 626 678
f 592 697 580
f 627 628 686
f 616 581 687
f 603 604 666
f 698 666 604
f 690 562 591
f 699 658 644
f 644 564 699
f 679 700 618
f 633 634 647
f 576 649 648
f 733 661 614
f 685 655 627
f 594 718 752
f 673 718 586
f 597 663 662
f 638 570 675
f 705 722 624
f 684 705 624
f 654 625 610
f 654 600 696
f 687 581 708
f 581 656 708
f 698 546 667
f 630 667 546
f 690 591 746
f 657 746 591
f 657 644 755
f 644 658 755
f 659 699 573
f 632 646 660
f 668 660 646
f 670 633 671
f 634 648 680
f 672 648 649
f 649 635 672
f 681 635 650
f 650 682 681
f 694 716 651
f 651 542 694
f 717 694 542
f 542 594 717
f 570 664 704
f 599 677 652
f 599 640 677
f 640 722 677
f 653 724 684
f 725 678 626
f 626 665 725
f 655 697 592
f 686 685 627
f 687 642 616
f 562 690 643
f 699 659 709
f 645 632 691
f 660 691 632
f 648 672 680
f 635 681 767
f 682 661 715
f 752 717 594
f 718 673 735
f 675 570 703
f 664 571 704
f 639 704 571
f 705 684 810
f 738 625 654
f 696 739 654
f 697 725 665
f 636 629 693
f 629 716 693
f 708 656 688
f 690 746 745
f 679 631 747
f 691 631 645
f 660 668 691
f 669 691 668
f 713 669 670
f 731 671 633
f 767 672 635
f 715 767 682
f 733 715 661
f 614 692 733
f 587 622 719
f 720 719 622
f 637 720 622
f 637 675 683
f 703 683 675
f 676 652 721
f 810 684 724
f 741 753 697
f 697 655 741
f 642 9662 641
f 656 666 688
f 689 688 666
f 618 700 729
f 747 700 679
f 730 713 670
f 670 671 730
f 750 730 671
f 633 647 731
f 680 714 647
f 680 672 714
f 681 682 767
f 751 692 9656
f 716 694 829
f 662 663 701
f 695 701 663
f 674 695 663
f 683 702 637
f 704 703 570
f 676 704 639
f 653 625 706
f 739 738 654
f 696 740 739
f 655 685 741
f 726 741 685
f 727 685 686
f 708 707 687
f 666 698 689
f 643 690 745
f 709 659 729
f 659 618 729
f 712 711 631
f 631 691 712
f 730 750 784
f 714 672 766
f 751 733 692
f 693 716 734
f 805 829 694
f 694 717 805
f 719 674 587
f 702 720 637
f 788 702 683
f 683 703 788
f 704 676 9581
f 736 9581 676
f 652 677 773
f 677 722 773
f 706 724 653
f 706 625 738
f 725 697 753
f 686 636 727
f 742 727 636
f 636 693 742
f 688 689 801
f 754 689 698
f 667 754 698
f 630 643 744
f 745 744 643
f 746 657 755
f 728 658 699
f 709 728 699
f 747 631 710
f 711 710 631
f 764 712 691
f 691 669 764
f 713 764 669
f 672 767 766
f 701 757 735
f 735 662 701
f 703 704 9581
f 721 652 773
f 722 705 723
f 724 706 759
f 737 759 706
f 706 738 737
f 678 725 791
f 726 685 792
f 707 708 743
f 760 743 708
f 708 688 760
f 667 630 744
f 747 763 700
f 748 711 712
f 713 730 749
f 730 784 814
f 732 817 767
f 767 715 732
f 715 733 732
f 769 732 733
f 829 734 716
f 717 752 832
f 752 718 807
f 830 807 718
f 773 736 721
f 723 773 722
f 759 737 775
f 740 696 678
f 725 753 778
f 781 707 743
f 688 801 760
f 729 700 763
f 712 764 748
f 814 749 730
f 765 750 671
f 671 731 765
f 647 714 731
f 786 769 733
f 733 751 786
f 808 718 735
f 757 808 735
f 719 695 674
f 788 703 9567
f 703 9581 9567
f 736 771 9581
f 758 810 724
f 724 759 758
f 776 737 738
f 738 739 776
f 861 776 739
f 791 777 678
f 741 726 779
f 685 727 792
f 742 693 804
f 734 804 693
f 745 746 823
f 746 755 823
f 755 761 9604
f 658 728 762
f 709 729 855
f 763 747 812
f 710 812 747
f 710 711 813
f 783 711 748
f 857 764 713
f 765 784 750
f 817 732 756
f 768 756 732
f 732 769 768
f 787 805 717
f 717 832 787
f 806 832 752
f 752 807 806
f 720 702 831
f 788 831 702
f 771 9567 9581
f 773 772 736
f 774 723 705
f 705 810 774
f 759 775 860
f 861 739 740
f 777 848 740
f 740 678 777
f 826 791 725
f 778 826 725
f 741 778 753
f 726 792 837
f 801 689 802
f 803 689 754
f 9604 823 755
f 761 658 762
f 763 897 729
f 794 783 748
f 748 764 794
f 858 857 713
f 713 749 858
f 814 784 795
f 785 765 731
f 731 714 785
f 766 785 714
f 780 786 751
f 734 829 863
f 808 830 718
f 695 719 770
f 720 770 719
f 771 736 790
f 772 790 736
f 811 810 758
f 741 779 778
f 837 779 726
f 876 800 781
f 801 782 760
f 803 802 689
f 754 667 803
f 744 803 667
f 728 709 842
f 793 813 711
f 711 783 793
f 857 794 764
f 825 858 749
f 749 814 825
f 815 784 765
f 817 766 767
f 756 768 820
f 797 820 768
f 798 797 768
f 768 769 798
f 769 786 818
f 799 818 786
f 786 780 799
f 863 804 734
f 833 757 701
f 770 701 695
f 770 720 831
f 788 9567 809
f 789 771 790
f 772 773 834
f 773 723 834
f 774 810 846
f 859 758 759
f 860 859 759
f 778 779 836
f 837 836 779
f 792 727 827
f 727 742 827
f 780 800 819
f 781 743 876
f 743 853 894
f 744 745 841
f 710 824 812
f 813 824 710
f 796 795 784
f 815 796 784
f 766 817 785
f 820 817 756
f 818 798 769
f 863 829 885
f 831 788 866
f 809 866 788
f 835 723 774
f 924 775 737
f 828 827 742
f 742 804 828
f 855 842 709
f 897 855 729
f 824 843 812
f 844 783 794
f 909 844 794
f 857 909 794
f 916 814 795
f 765 785 815
f 816 785 817
f 852 819 800
f 876 852 800
f 894 876 743
f 802 853 782
f 782 801 802
f 854 802 803
f 803 744 822
f 744 841 822
f 745 823 841
f 823 9604 878
f 791 826 883
f 826 778 883
f 884 883 778
f 836 884 778
f 837 792 827
f 901 828 804
f 804 863 901
f 833 808 757
f 865 833 701
f 701 770 865
f 867 866 809
f 809 789 867
f 789 790 868
f 845 868 790
f 790 772 845
f 835 834 723
f 835 774 846
f 811 846 810
f 811 758 859
f 812 897 763
f 793 824 813
f 793 783 844
f 825 814 9666
f 916 9666 814
f 875 816 817
f 817 820 875
f 821 797 798
f 838 821 798
f 798 818 838
f 839 838 818
f 818 799 839
f 840 839 799
f 799 780 840
f 819 840 780
f 822 854 803
f 878 877 823
f 797 875 820
f 933 894 853
f 853 802 895
f 854 895 802
f 841 823 877
f 908 935 9605
f 9605 762 908
f 728 908 762
f 897 812 880
f 858 873 857
f 858 825 874
f 9667 874 825
f 916 795 890
f 795 796 890
f 850 796 815
f 815 785 850
f 924 776 899
f 791 883 882
f 829 805 953
f 805 787 953
f 830 808 9577
f 770 831 902
f 866 902 831
f 832 886 787
f 832 806 886
f 806 807 887
f 807 9577 887
f 864 9577 808
f 808 833 864
f 902 865 770
f 867 789 888
f 845 772 870
f 772 834 870
f 871 870 834
f 872 871 835
f 903 872 835
f 835 846 903
f 846 811 9669
f 847 9669 811
f 811 859 847
f 859 860 911
f 848 777 913
f 882 913 777
f 777 791 882
f 836 837 862
f 827 862 837
f 827 828 849
f 850 890 796
f 816 850 785
f 797 821 917
f 851 821 838
f 838 839 851
f 840 851 839
f 932 840 819
f 822 841 877
f 879 9605 935
f 843 880 812
f 898 824 793
f 793 844 898
f 909 898 844
f 806 887 954
f 867 927 866
f 789 868 888
f 869 868 845
f 845 870 869
f 903 846 889
f 9669 889 846
f 912 899 776
f 848 913 1020
f 884 836 862
f 890 850 9595
f 917 875 797
f 891 917 821
f 852 932 819
f 852 876 958
f 893 958 876
f 853 895 933
f 822 907 854
f 822 877 907
f 988 935 908
f 842 976 728
f 856 855 897
f 909 857 910
f 857 873 910
f 992 873 858
f 948 992 858
f 858 874 948
f 924 899 964
f 1020 912 776
f 776 861 1020
f 740 1020 861
f 862 827 965
f 827 849 965
f 938 849 828
f 901 863 952
f 926 952 863
f 863 885 926
f 953 885 829
f 954 886 806
f 914 887 9577
f 865 864 833
f 927 867 888
f 928 888 868
f 870 871 872
f 873 992 1007
f 9595 904 890
f 906 891 821
f 892 906 821
f 821 851 892
f 894 893 876
f 907 974 854
f 877 878 934
f 896 934 878
f 878 879 896
f 935 896 879
f 842 855 1032
f 880 920 897
f 923 9575 881
f 740 848 1020
f 900 882 883
f 883 884 900
f 884 862 900
f 997 926 885
f 953 997 885
f 939 953 787
f 864 914 9577
f 902 866 927
f 915 927 888
f 903 889 9608
f 904 916 890
f 917 905 875
f 892 851 918
f 851 840 919
f 840 932 919
f 974 933 895
f 895 854 974
f 976 908 728
f 856 897 920
f 880 843 936
f 843 824 921
f 824 898 921
f 911 860 922
f 979 9575 923
f 881 924 923
f 950 964 899
f 899 912 950
f 882 900 951
f 900 862 994
f 965 849 925
f 828 901 938
f 952 938 901
f 787 886 939
f 864 865 914
f 940 865 902
f 927 940 902
f 928 915 888
f 872 903 942
f 9608 942 903
f 905 904 9595
f 906 892 931
f 918 931 892
f 932 852 945
f 893 959 958
f 894 933 960
f 934 974 907
f 907 877 934
f 976 842 1032
f 856 1032 855
f 977 920 880
f 880 936 977
f 921 936 843
f 921 898 937
f 898 909 937
f 909 910 947
f 910 873 991
f 979 922 860
f 860 9575 979
f 913 882 993
f 951 993 882
f 965 994 862
f 966 939 886
f 886 954 966
f 887 914 954
f 940 914 865
f 967 927 915
f 869 928 868
f 916 904 9664
f 917 891 986
f 918 851 944
f 851 919 944
f 958 945 852
f 893 894 946
f 960 946 894
f 988 961 935
f 947 910 991
f 948 874 963
f 923 924 1019
f 1052 1019 924
f 964 1052 924
f 913 993 980
f 925 981 965
f 925 849 938
f 955 982 940
f 940 927 955
f 927 967 956
f 1001 928 869
f 869 929 941
f 9608 930 943
f 905 969 904
f 986 905 917
f 944 1002 918
f 945 919 932
f 893 946 959
f 974 960 933
f 974 934 975
f 896 935 987
f 961 987 935
f 988 908 989
f 976 989 908
f 856 920 990
f 962 977 936
f 921 962 936
f 937 909 947
f 991 873 1070
f 873 1007 1070
f 949 963 874
f 922 979 978
f 1008 950 912
f 1020 1008 912
f 980 1009 1020
f 1020 913 980
f 994 951 900
f 938 1023 925
f 938 952 1024
f 926 995 952
f 1010 953 939
f 939 966 1034
f 982 954 914
f 914 940 982
f 955 927 956
f 967 915 1011
f 869 941 1001
f 984 1001 941
f 942 984 941
f 942 943 984
f 943 930 985
f 930 9671 985
f 905 986 1013
f 1002 931 918
f 970 1002 944
f 957 970 944
f 944 919 957
f 919 945 971
f 945 958 972
f 958 959 1003
f 959 946 973
f 960 973 946
f 934 896 9639
f 987 9639 896
f 977 990 920
f 937 962 921
f 937 947 1059
f 991 1059 947
f 1134 992 948
f 963 1134 948
f 979 923 1051
f 923 1019 1018
f 1022 951 994
f 995 1024 952
f 953 1010 997
f 999 966 954
f 985 984 943
f 9671 968 985
f 9664 904 969
f 1013 969 905
f 931 1067 906
f 971 957 919
f 958 1003 972
f 9639 975 934
f 9641 987 961
f 961 988 9641
f 990 1016 856
f 978 979 9672
f 1018 1051 923
f 964 950 1052
f 994 965 981
f 981 925 1023
f 1023 938 1127
f 1034 966 998
f 982 999 954
f 955 956 1000
f 956 967 983
f 967 1011 983
f 928 1011 915
f 1017 968 9670
f 1002 1028 931
f 1057 1002 970
f 959 973 1003
f 1004 973 960
f 1004 960 974
f 974 975 1004
f 990 977 1006
f 977 962 1006
f 962 937 1033
f 1059 991 1060
f 1084 992 1134
f 1051 9672 979
f 1008 1052 950
f 1020 1125 1008
f 1021 1009 980
f 993 1021 980
f 1127 938 1024
f 926 996 995
f 1135 997 1010
f 998 1035 1034
f 1036 998 966
f 966 999 1036
f 982 955 1025
f 1000 1025 955
f 1027 1000 956
f 983 1027 956
f 1011 928 1039
f 928 1001 1039
f 1041 1001 984
f 984 985 1012
f 1079 1013 986
f 1042 1066 906
f 906 1067 1042
f 1028 1067 931
f 9600 1057 970
f 972 971 945
f 1004 1003 973
f 9640 1004 975
f 987 9641 1005
f 9641 988 1015
f 989 1015 988
f 1072 1007 992
f 992 1084 1072
f 1017 1049 968
f 1017 9670 1062
f 9673 1050 9670
f 993 951 1022
f 981 1022 994
f 926 1085 996
f 926 997 1085
f 1010 939 1148
f 939 1034 1148
f 999 982 1025
f 1025 1000 1026
f 1038 1027 983
f 1038 983 1011
f 1040 1039 1001
f 1001 1041 1040
f 1012 1041 984
f 1028 1002 1029
f 1002 1057 1029
f 972 1058 971
f 1003 1004 1095
f 1004 9640 1045
f 1030 1045 9640
f 1032 856 1100
f 856 1016 1100
f 1060 991 1097
f 1007 1072 1071
f 9670 1050 1062
f 1051 1050 9673
f 9673 9672 1051
f 1052 1008 1054
f 1022 1021 993
f 1010 1148 1135
f 1025 1036 999
f 1000 1027 1037
f 1039 1038 1011
f 1028 1029 1080
f 1116 1029 1057
f 1043 1057 9600
f 9600 9601 1043
f 9601 971 1058
f 1094 972 1003
f 1044 1095 1004
f 1004 1045 1044
f 1030 1014 1031
f 1015 989 1047
f 989 976 1099
f 1006 1081 1016
f 1033 1083 962
f 1007 1071 1070
f 1119 1134 963
f 1018 1077 1051
f 1054 1053 1052
f 1125 1020 1055
f 1020 1009 1055
f 1023 1064 981
f 1024 995 1092
f 1056 1092 995
f 995 996 1056
f 997 1135 1061
f 1035 1073 1034
f 1026 1000 1048
f 1040 1038 1039
f 1065 9663 969
f 969 1013 1065
f 1067 1028 1068
f 1094 1058 972
f 1095 1094 1003
f 1045 1030 1098
f 1030 1031 1098
f 1031 1014 1046
f 1099 1047 989
f 976 1032 1099
f 1100 1099 1032
f 1082 1006 962
f 1059 1033 937
f 1097 991 1118
f 991 1070 1118
f 997 1061 1085
f 1109 1061 1135
f 1148 1034 1073
f 1073 1035 1105
f 998 1036 1074
f 1036 1025 1074
f 1025 1026 1086
f 1037 1048 1000
f 1038 1037 1027
f 1197 1054 1008
f 1008 1125 1197
f 1009 1021 1063
f 1023 1127 1091
f 1013 1079 1065
f 1066 1042 1130
f 1080 1068 1028
f 1058 1043 9601
f 1069 1094 1095
f 1098 1044 1045
f 1100 1016 1096
f 962 1083 1082
f 1110 1035 998
f 998 1074 1110
f 1025 1086 1074
f 1048 1086 1026
f 1087 9653 1049
f 1062 1050 1076
f 1050 1051 1077
f 1089 1077 1018
f 1018 1019 1078
f 1019 1052 1053
f 1126 1055 1009
f 1009 1063 1126
f 1090 1022 981
f 1064 1090 981
f 1127 1024 1092
f 1079 1066 1114
f 1131 1042 1067
f 1068 1080 1161
f 1029 1116 1080
f 1103 1080 1116
f 1043 1093 1057
f 1046 1015 1047
f 1147 1033 1059
f 1086 1048 1075
f 1106 1048 1037
f 1037 9655 1106
f 1087 1017 1088
f 1017 1062 1088
f 1076 1088 1062
f 1076 1050 1112
f 1077 1112 1050
f 1053 1078 1019
f 1021 1022 1063
f 1090 1063 1022
f 1023 1091 1064
f 1131 1130 1042
f 1102 1131 1067
f 1067 1068 1102
f 1161 1102 1068
f 1093 1116 1057
f 1117 1093 1043
f 1094 1104 1058
f 1082 1081 1006
f 1156 1083 1033
f 1059 1060 1133
f 1149 1105 1035
f 9576 1110 1074
f 9576 1074 1086
f 1048 1106 1075
f 1111 1106 9655
f 9655 9653 1111
f 1087 1111 9653
f 1089 1018 1078
f 1053 1054 1124
f 1065 1079 1114
f 1043 1058 1117
f 1104 1117 1058
f 1094 1069 1104
f 1195 1098 1031
f 1101 1096 1016
f 1016 1081 1101
f 1082 1083 1146
f 1133 1060 1097
f 1108 1085 1061
f 1109 1108 1061
f 1148 1073 1157
f 1110 1149 1035
f 1088 1111 1087
f 1107 1123 1088
f 1088 1076 1107
f 1076 1112 1107
f 1112 1077 1140
f 1197 1124 1054
f 1218 1063 1090
f 1141 1064 1091
f 1153 1056 996
f 996 1085 1153
f 1115 1114 1066
f 1066 1130 1115
f 1143 1103 1116
f 1117 1188 1093
f 1095 1044 1069
f 1046 1155 1031
f 1101 1145 1096
f 1172 1134 1119
f 1195 1170 1098
f 1099 1100 1144
f 1100 1096 1144
f 1133 1097 1162
f 1080 1103 1154
f 1126 1125 1055
f 1152 1126 1063
f 1218 1090 1178
f 1090 1064 1178
f 1141 1178 1064
f 1091 1127 1185
f 1127 1092 1186
f 1108 1153 1085
f 1073 1105 1120
f 1149 1120 1105
f 1110 9576 1136
f 9576 1075 1136
f 1075 1106 1158
f 1122 1158 1106
f 1106 1111 1122
f 1111 1088 1137
f 1123 1137 1088
f 1089 1078 1199
f 1108 1109 1163
f 1120 1157 1073
f 1149 1110 1121
f 1110 1136 1121
f 1137 1122 1111
f 1139 1209 1107
f 1107 1112 1139
f 1167 1141 1091
f 1056 1186 1092
f 1128 1114 1129
f 1114 1115 1129
f 1102 1161 1187
f 1116 1093 1143
f 1093 1188 1143
f 1132 1188 1117
f 1117 1104 1132
f 1069 1132 1104
f 1155 1046 1196
f 1047 1196 1046
f 1145 1144 1096
f 1175 1101 1081
f 1081 1082 1175
f 1083 1156 1146
f 1097 1118 1162
f 1118 1070 1162
f 1135 1163 1109
f 1211 1148 1157
f 1123 1107 1138
f 1107 1209 1138
f 1077 1089 1140
f 1166 1089 1199
f 1159 1078 1053
f 1125 1126 1237
f 1185 1167 1091
f 1186 1185 1127
f 1142 1128 1193
f 1130 1131 1160
f 1131 1102 1200
f 1103 1143 1194
f 1069 1044 1174
f 1170 1174 1044
f 1072 1084 1228
f 1084 1134 1171
f 1119 1142 1172
f 1176 1172 1142
f 1163 1169 1108
f 1180 1135 1148
f 1157 1120 1179
f 1179 1120 1149
f 1121 1136 1150
f 1151 1150 1136
f 1136 1075 1151
f 1158 1151 1075
f 1158 1122 1165
f 1232 1122 1137
f 9565 1139 1112
f 1193 1176 1142
f 1161 1080 1201
f 1080 1154 1201
f 1132 1069 1190
f 1174 1190 1069
f 1031 1155 1195
f 1243 1082 1146
f 1146 1156 1254
f 1156 1033 1147
f 1203 1134 1172
f 1211 1180 1148
f 1149 1121 1164
f 1150 1164 1121
f 1151 1158 1165
f 1165 1122 1182
f 1138 1183 1123
f 1159 1124 1177
f 1269 1177 1124
f 1124 1197 1269
f 1197 1125 1291
f 1237 1291 1125
f 1204 1152 1063
f 1063 1218 1204
f 1186 1056 1168
f 1056 1153 1168
f 1169 1153 1108
f 1130 1160 1115
f 1200 1160 1131
f 1200 1102 1187
f 1223 1195 1155
f 1147 1059 1255
f 1133 1255 1059
f 1072 1228 1071
f 1084 1171 1228
f 1206 1169 1163
f 1210 1163 1135
f 1180 1210 1135
f 1207 1211 1157
f 1164 1179 1149
f 1232 1182 1122
f 1140 1089 1166
f 1237 1126 1238
f 1218 1178 1244
f 1160 1200 1173
f 1161 1201 1222
f 1196 1223 1155
f 1099 1144 1213
f 1144 1145 1191
f 1254 1243 1146
f 1284 1171 1134
f 1134 1203 1284
f 1150 1151 1181
f 1182 1208 1165
f 1137 1123 1183
f 1209 1139 1249
f 1177 1278 1159
f 1126 1152 1238
f 1141 1184 1178
f 1205 1168 1153
f 1169 1205 1153
f 1115 1160 1221
f 1222 1187 1161
f 1103 1194 1154
f 1189 1188 1132
f 1190 1189 1132
f 1047 1099 1213
f 1225 1213 1144
f 1191 1225 1144
f 1145 1101 1226
f 1254 1156 1214
f 1162 1070 1202
f 1188 1194 1143
f 1174 1170 1242
f 1196 1047 1213
f 1101 1175 1226
f 1192 1226 1175
f 1175 1082 1192
f 1243 1192 1082
f 1133 1162 1342
f 1257 1203 1172
f 1258 1172 1176
f 1291 1269 1197
f 1245 1244 1178
f 1184 1245 1178
f 1141 1167 1184
f 1157 1179 1207
f 1164 1207 1179
f 1164 1150 1198
f 1181 1198 1150
f 1165 1181 1151
f 1216 1182 1232
f 1183 1232 1137
f 9565 1249 1139
f 1236 1078 1159
f 1206 1163 1210
f 1264 1198 1181
f 1209 1249 1248
f 1199 1078 1235
f 1152 1204 1217
f 1204 1218 1239
f 1186 1168 1220
f 1205 1169 1262
f 1169 1206 1262
f 1221 1193 1115
f 1160 1173 1221
f 1222 1200 1187
f 1189 1194 1188
f 1190 1174 1212
f 1170 1195 1294
f 1191 1145 1305
f 1226 1305 1145
f 1226 1192 1227
f 1070 1071 1256
f 1071 1228 1283
f 1257 1172 1258
f 1176 1193 1229
f 1221 1229 1193
f 1212 1189 1190
f 1242 1212 1174
f 1223 1196 1224
f 1213 1224 1196
f 1147 1214 1156
f 1202 1070 1256
f 1217 1238 1152
f 1167 1185 1260
f 1185 1186 1219
f 1205 1220 1168
f 1207 1164 1215
f 1165 1208 1181
f 1182 1216 1231
f 1138 1209 1233
f 1166 1290 1140
f 1078 1236 1235
f 1229 1221 1270
f 1251 1173 1200
f 1200 1222 1345
f 1194 1189 1240
f 1212 1240 1189
f 1242 1170 1322
f 1241 1255 1133
f 1202 1342 1162
f 1071 1283 1256
f 1258 1176 1229
f 1204 1239 1217
f 1184 1167 1246
f 1167 1260 1246
f 1261 1220 1205
f 1262 1261 1205
f 1210 1313 1206
f 1198 1215 1164
f 1208 1264 1181
f 1248 1234 1209
f 1166 1199 1377
f 1180 1211 1230
f 1266 1230 1211
f 1211 1207 1266
f 1263 1266 1207
f 1215 1263 1207
f 1231 1208 1182
f 1247 1232 1183
f 1234 1233 1209
f 9565 1140 1290
f 1220 1219 1186
f 1221 1173 1250
f 1252 1201 1154
f 1154 1194 1252
f 1294 1195 1253
f 1195 1223 1253
f 1305 1225 1191
f 1305 1226 1275
f 1192 1243 1296
f 1254 1296 1243
f 1133 1342 1241
f 1210 1180 1277
f 1308 1268 1216
f 1232 1308 1216
f 1248 1265 1234
f 1244 1239 1218
f 1246 1245 1184
f 1185 1219 1260
f 1261 1219 1220
f 1313 1262 1206
f 1270 1293 1229
f 1250 1173 1251
f 1252 1222 1201
f 1240 1252 1194
f 1240 1212 1280
f 1322 1272 1242
f 1303 1253 1223
f 1273 1303 1223
f 1227 1275 1226
f 1255 1297 1147
f 1229 1293 1258
f 1277 1313 1210
f 1264 1208 1289
f 1231 1289 1208
f 1231 1216 1268
f 1247 1308 1232
f 1183 1138 1233
f 1177 1316 1278
f 1269 1361 1177
f 1259 1291 1237
f 1237 1238 1259
f 1238 1217 1259
f 1217 1239 1259
f 1244 1245 1292
f 1328 1246 1260
f 1250 1270 1221
f 1200 1345 1251
f 1322 1170 1346
f 1294 1346 1170
f 1223 1224 1273
f 1213 1274 1224
f 1227 1192 1306
f 1296 1306 1192
f 1214 1147 1297
f 1222 1252 1279
f 1271 1252 1240
f 1280 1271 1240
f 1212 1242 1280
f 1242 1272 1280
f 1295 1213 1225
f 1275 1227 1306
f 1296 1254 1282
f 1256 1307 1202
f 1367 1228 1171
f 1312 1284 1203
f 1203 1257 1312
f 1258 1293 1285
f 1361 1316 1177
f 1259 1239 1317
f 1267 1263 1215
f 1215 1198 1267
f 1268 1289 1231
f 1233 1247 1183
f 1233 1234 1335
f 1265 1335 1234
f 1309 1265 1248
f 1248 1249 1309
f 1299 1309 1249
f 1300 1299 1249
f 1249 9565 1300
f 9565 1290 1300
f 1377 1199 1235
f 1251 1345 1340
f 1302 1345 1222
f 1253 1303 1281
f 1303 1273 1330
f 1274 1273 1224
f 1274 1213 1295
f 1225 1305 1295
f 1276 1307 1256
f 1269 1291 1301
f 1317 1239 1244
f 1260 1219 1320
f 1261 1262 1356
f 1332 1356 1262
f 1262 1313 1332
f 1277 1180 1326
f 1230 1326 1180
f 1230 1266 1326
f 1287 1314 1266
f 1267 1287 1263
f 1288 1267 1198
f 1198 1264 1288
f 1289 1288 1264
f 1326 1266 1286
f 1314 1286 1266
f 1266 1263 1287
f 1370 1287 1267
f 1289 1268 1298
f 1308 1334 1268
f 1166 1377 1336
f 1236 1278 1360
f 1361 1269 1388
f 1317 1338 1259
f 1317 1244 1318
f 1261 1310 1219
f 1250 1293 1270
f 1222 1279 1302
f 1252 1271 1279
f 1280 1272 1349
f 1304 1273 1274
f 1353 1306 1296
f 1171 1284 1367
f 1313 1277 1357
f 1333 1357 1277
f 1326 1333 1277
f 1334 1298 1268
f 1290 1166 1336
f 1360 1235 1236
f 1316 1360 1278
f 1388 1269 1301
f 1338 1301 1291
f 1319 1292 1245
f 1328 1260 1320
f 1356 1310 1261
f 1329 1347 1250
f 1251 1329 1250
f 1251 1340 1329
f 1253 1392 1294
f 1306 1352 1275
f 1214 1282 1254
f 1297 1383 1214
f 1276 1256 1354
f 1256 1283 1354
f 1283 1228 1367
f 1284 1312 1384
f 1257 1258 1355
f 1298 1288 1289
f 1300 1290 1372
f 1291 1259 1338
f 1317 1318 1339
f 1244 1292 1319
f 1219 1310 1320
f 1293 1250 1321
f 1347 1321 1250
f 1311 1302 1279
f 1279 1271 1311
f 1271 1280 1311
f 1349 1311 1280
f 1272 1322 1381
f 1392 1346 1294
f 1392 1253 1281
f 1323 1281 1303
f 1304 1330 1273
f 1304 1274 1366
f 1295 1305 1341
f 1305 1275 1331
f 1275 1352 1331
f 1306 1353 1324
f 1297 1255 1241
f 1384 1367 1284
f 1308 1399 1334
f 1299 1300 1327
f 1372 1327 1300
f 1318 1244 1364
f 1319 1364 1244
f 1245 1246 1319
f 1328 1319 1246
f 1320 1365 1328
f 1322 1346 1374
f 1330 1323 1303
f 1274 1295 1366
f 1324 1352 1306
f 1367 1407 1283
f 1355 1258 1325
f 1285 1325 1258
f 1285 1293 1321
f 1286 1314 1369
f 1314 1287 1315
f 1370 1315 1287
f 1267 1288 1343
f 1288 1298 1359
f 1298 1334 1359
f 1233 1371 1247
f 1233 1335 1409
f 1362 1372 1290
f 1302 1311 1348
f 1381 1349 1272
f 1281 1323 1350
f 1305 1331 1341
f 1368 1332 1313
f 1357 1368 1313
f 1286 1369 1385
f 1369 1314 1315
f 1370 1267 1343
f 1387 1399 1308
f 1247 1387 1308
f 1409 1371 1233
f 1418 1344 1265
f 1265 1309 1418
f 1309 1299 1401
f 1327 1401 1299
f 1377 1235 1363
f 1360 1363 1235
f 1360 1316 1337
f 1460 1364 1319
f 1365 1380 1328
f 1347 1329 1421
f 1404 1340 1345
f 1422 1345 1302
f 1348 1422 1302
f 1381 1322 1431
f 1350 1392 1281
f 1330 1304 1351
f 1304 1366 1351
f 1341 1366 1295
f 1424 1341 1331
f 1445 1352 1324
f 1282 1353 1296
f 1463 1354 1283
f 1283 1407 1463
f 1326 1286 1358
f 1385 1358 1286
f 1369 1315 1386
f 1288 1359 1343
f 1387 1247 1371
f 1388 1301 1420
f 1380 1319 1328
f 1310 1356 1373
f 1349 1348 1311
f 1331 1352 1424
f 1282 1214 1383
f 1376 1241 1342
f 1415 1202 1307
f 1307 1276 1435
f 1343 1359 1398
f 1400 1409 1335
f 1335 1265 1456
f 1265 1344 1456
f 1327 1372 1447
f 1338 1317 1389
f 1320 1310 1365
f 1310 1373 1365
f 1404 1329 1340
f 1350 1323 1443
f 1443 1323 1444
f 1323 1330 1375
f 1415 1376 1342
f 1342 1202 1415
f 1257 1355 1312
f 1325 1474 1355
f 1336 1362 1290
f 1337 1316 1419
f 1379 1301 1338
f 1389 1317 1339
f 1380 1391 1319
f 1332 1436 1356
f 1405 1422 1348
f 1348 1349 1405
f 1322 1374 1431
f 1375 1444 1323
f 1351 1375 1330
f 1414 1424 1352
f 1383 1462 1282
f 1241 1376 1395
f 1276 1354 1425
f 1321 1347 1411
f 1421 1411 1347
f 1329 1404 1412
f 1349 1381 1442
f 1353 1282 1462
f 1395 1297 1241
f 1425 1435 1276
f 1285 1321 1486
f 1301 1379 1378
f 1379 1338 1389
f 1429 1339 1318
f 1364 1460 1390
f 1373 1356 1436
f 1358 1385 1416
f 1369 1417 1385
f 1359 1334 1398
f 1399 1398 1334
f 1456 1400 1335
f 1363 1360 1428
f 1361 1419 1316
f 1368 1436 1332
f 1397 1386 1315
f 1315 1370 1397
f 1437 1370 1343
f 1389 1339 1440
f 1345 1422 1404
f 1442 1405 1349
f 1406 1374 1346
f 1392 1406 1346
f 1351 1366 1393
f 1353 1445 1324
f 1415 1307 1435
f 1407 1367 1451
f 1464 1367 1384
f 1486 1325 1285
f 1326 1358 1333
f 1370 1437 1397
f 1387 1371 1454
f 1409 1408 1371
f 1439 1428 1337
f 1318 1364 1390
f 1365 1373 1448
f 1373 1436 1410
f 1412 1421 1329
f 1413 1431 1374
f 1406 1483 1374
f 1366 1341 1393
f 1394 1393 1341
f 1424 1394 1341
f 1382 1353 1462
f 1383 1297 1395
f 1354 1463 1425
f 1333 1358 1453
f 1454 1399 1387
f 1401 1327 1447
f 1402 1336 1377
f 1363 1428 1488
f 1420 1378 1403
f 1459 1378 1379
f 1448 1391 1380
f 1448 1373 1410
f 1321 1411 1396
f 1430 1404 1422
f 1483 1413 1374
f 1406 1392 1449
f 1392 1350 1433
f 1423 1375 1351
f 1351 1393 1423
f 1355 1474 1312
f 1486 1321 1396
f 1357 1452 1368
f 1385 1417 1416
f 1386 1477 1369
f 1408 1454 1371
f 1377 1363 1402
f 1361 1388 1458
f 1379 1389 1440
f 1429 1318 1390
f 1468 1460 1319
f 1319 1391 1468
f 1380 1365 1448
f 1442 1381 1431
f 1413 1432 1431
f 1433 1449 1392
f 1445 1414 1352
f 1395 1376 1434
f 1376 1415 1581
f 1416 1453 1358
f 1417 1369 1477
f 1343 1398 1437
f 1399 1427 1398
f 1409 1400 1455
f 1519 1456 1344
f 1344 1418 1478
f 1447 1372 1438
f 1372 1362 1438
f 1336 1506 1362
f 1488 1402 1363
f 1420 1458 1388
f 1410 1436 1461
f 1421 1412 1494
f 1350 1443 1433
f 1444 1375 1423
f 1445 1353 1446
f 1450 1446 1353
f 1382 1450 1353
f 1451 1499 1463
f 1463 1407 1451
f 1367 1464 1451
f 1325 1552 1474
f 1552 1325 1486
f 1452 1436 1368
f 1357 1333 1452
f 1426 1452 1333
f 1453 1426 1333
f 1397 1477 1386
f 1437 1398 1427
f 1455 1408 1409
f 1478 1519 1344
f 1309 1401 1511
f 1440 1339 1429
f 1429 1390 1441
f 1390 1460 1509
f 1461 1448 1410
f 1494 1514 1421
f 1489 1422 1405
f 1442 1489 1405
f 1471 1393 1394
f 1539 1464 1384
f 1384 1312 1539
f 1474 1539 1312
f 1417 1477 1476
f 1456 1455 1400
f 1418 1309 1511
f 1438 1362 1505
f 1506 1505 1362
f 1419 1439 1337
f 1458 1420 1520
f 1420 1403 1520
f 1459 1379 1479
f 1379 1440 1479
f 1562 1433 1443
f 1423 1393 1471
f 1394 1424 1472
f 1473 1424 1414
f 1414 1445 1473
f 1581 1434 1376
f 1526 1415 1435
f 1437 1529 1397
f 1487 1454 1408
f 1478 1418 1556
f 1447 1438 1504
f 1402 1506 1336
f 1458 1419 1361
f 1378 1658 1403
f 1459 1532 1378
f 1440 1429 1480
f 1448 1461 1469
f 1432 1413 1490
f 1449 1433 1495
f 1382 1462 1450
f 1436 1452 1475
f 1500 1467 1416
f 1416 1417 1500
f 1511 1556 1418
f 1503 1511 1401
f 1658 1378 1659
f 1532 1659 1378
f 1469 1481 1448
f 1475 1461 1436
f 1514 1411 1421
f 1482 1412 1404
f 1510 1482 1404
f 1404 1430 1510
f 1489 1430 1422
f 1442 1431 1523
f 1432 1523 1431
f 1413 1483 1490
f 1449 1483 1406
f 1443 1444 1562
f 1444 1423 1465
f 1472 1471 1394
f 1473 1472 1424
f 1446 1473 1445
f 1486 1485 1552
f 1452 1426 1466
f 1453 1466 1426
f 1501 1477 1397
f 1454 1427 1399
f 1455 1487 1408
f 1557 1438 1505
f 1479 1440 1480
f 1441 1480 1429
f 1396 1411 1522
f 1482 1494 1412
f 1515 1510 1430
f 1430 1489 1470
f 1523 1489 1442
f 1491 1483 1449
f 1495 1491 1449
f 1423 1471 1516
f 1450 1462 1497
f 1434 1581 1546
f 1498 1581 1415
f 1415 1526 1498
f 1451 1464 1499
f 1464 1539 1547
f 1518 1475 1452
f 1466 1518 1452
f 1453 1416 1467
f 1397 1529 1501
f 1487 1455 1502
f 1502 1455 1456
f 1504 1503 1401
f 1401 1447 1504
f 1558 1439 1419
f 1520 1492 1458
f 1507 1532 1459
f 1521 1507 1459
f 1521 1459 1479
f 1468 1391 1448
f 1481 1468 1448
f 1525 1497 1462
f 1383 1525 1462
f 1526 1435 1484
f 1435 1425 1484
f 1522 1486 1396
f 1417 1476 1500
f 1582 1427 1454
f 1519 1457 1456
f 1558 1488 1428
f 1479 1480 1508
f 1533 1508 1480
f 1509 1441 1390
f 1562 1495 1433
f 1472 1473 1517
f 1395 1525 1383
f 1547 1499 1464
f 1552 1575 1474
f 1485 1486 1588
f 1454 1487 1582
f 1402 1488 1531
f 1419 1458 1492
f 1521 1479 1508
f 1509 1460 1513
f 1460 1468 1513
f 1469 1461 1542
f 1465 1423 1496
f 1423 1516 1496
f 1446 1450 1537
f 1529 1437 1582
f 1437 1427 1582
f 1502 1456 1457
f 1504 1438 1557
f 1493 1533 1480
f 1480 1441 1493
f 1570 1481 1469
f 1475 1542 1461
f 1543 1522 1411
f 1514 1543 1411
f 1430 1470 1515
f 1523 1432 1560
f 1524 1560 1432
f 1471 1472 1517
f 1536 1517 1473
f 1497 1537 1450
f 1499 1547 1527
f 1575 1539 1474
f 1453 1467 1528
f 1566 1477 1501
f 1519 1478 1555
f 1556 1568 1478
f 1503 1504 1569
f 1592 1468 1481
f 1470 1489 1523
f 1432 1490 1524
f 1535 1490 1483
f 1491 1586 1483
f 1562 1444 1607
f 1465 1607 1444
f 1538 1525 1395
f 1395 1434 1538
f 1434 1546 1538
f 1527 1425 1463
f 1463 1499 1527
f 1475 1518 1540
f 1528 1518 1466
f 1466 1453 1528
f 1500 1553 1467
f 1577 1566 1501
f 1529 1577 1501
f 1502 1457 1548
f 1568 1555 1478
f 1569 1504 1512
f 1520 1403 1651
f 1658 1651 1403
f 1542 1549 1469
f 1482 1510 1534
f 1523 1571 1470
f 1560 1544 1523
f 1483 1586 1535
f 1491 1495 1580
f 1517 1516 1471
f 1545 1536 1473
f 1446 1545 1473
f 1537 1497 1596
f 1484 1587 1526
f 1484 1425 1610
f 1425 1527 1610
f 1527 1547 1605
f 1588 1486 1522
f 1528 1467 1553
f 1530 1582 1487
f 1487 1502 1530
f 1457 1519 1554
f 1504 1557 1649
f 1506 1402 1531
f 1419 1492 1727
f 1493 1441 1559
f 1509 1559 1441
f 1481 1570 1592
f 1624 1514 1494
f 1550 1494 1482
f 1510 1515 1534
f 1562 1580 1495
f 1546 1609 1538
f 1548 1530 1502
f 1554 1548 1457
f 1555 1554 1519
f 1541 1505 1506
f 1531 1583 1506
f 9566 1531 1488
f 1626 1492 1520
f 1651 1626 1520
f 1613 1521 1508
f 1615 1559 1509
f 1513 1615 1509
f 1468 1592 1513
f 1549 1570 1469
f 1542 1475 1540
f 1494 1550 1624
f 1482 1534 1550
f 1544 1571 1523
f 1580 1586 1491
f 1563 1545 1446
f 1537 1563 1446
f 1581 1498 1669
f 1498 1526 1587
f 1610 1631 1484
f 1552 1485 1598
f 1588 1598 1485
f 1540 1518 1576
f 1518 1528 1576
f 1553 1576 1528
f 1500 1476 1600
f 1566 1476 1477
f 1582 1577 1529
f 1649 1512 1504
f 1541 1557 1505
f 1584 1558 1419
f 1601 1613 1508
f 1508 1533 1601
f 1593 1549 1542
f 1624 1606 1514
f 1515 1470 1571
f 1544 1560 1604
f 1524 1490 1579
f 1490 1535 1579
f 1525 1596 1497
f 1587 1669 1498
f 1553 1500 1589
f 1600 1599 1500
f 1548 1554 1590
f 1555 1568 1618
f 1556 1511 1619
f 1578 1531 9566
f 1613 1507 1521
f 1533 1493 1602
f 1559 1602 1493
f 1542 1540 1593
f 1522 1543 1612
f 1606 1543 1514
f 1585 1571 1544
f 1535 1679 1579
f 1496 1516 1573
f 1516 1517 1573
f 1551 1573 1517
f 1539 1575 1670
f 1552 1565 1575
f 1599 1589 1500
f 1530 1548 1567
f 1548 1590 1567
f 1506 1583 1541
f 1513 1592 1591
f 1515 1571 1534
f 1560 1524 1572
f 1524 1561 1572
f 1579 1561 1524
f 1535 1586 1679
f 1607 1465 1660
f 1465 1496 1660
f 1551 1517 1629
f 1517 1536 1629
f 1563 1537 1595
f 1596 1595 1537
f 1631 1587 1484
f 1598 1565 1552
f 1646 1588 1522
f 1522 1612 1646
f 1619 1568 1556
f 1636 1583 1531
f 1531 1578 1636
f 1584 1419 1727
f 1727 1492 1657
f 1601 1533 1602
f 1549 1593 1622
f 1534 1594 1550
f 1572 1604 1560
f 1641 1679 1586
f 1536 1545 1644
f 1525 1538 1574
f 1655 1576 1553
f 1599 1600 1632
f 1476 1566 1600
f 1577 1690 1566
f 1582 1530 1633
f 1569 1512 1635
f 1513 1591 1615
f 1621 1592 1570
f 1639 1621 1570
f 1570 1549 1639
f 1622 1639 1549
f 1624 1550 1665
f 1585 1640 1571
f 1603 1585 1544
f 1544 1604 1603
f 1546 1581 1732
f 1610 1527 1597
f 1653 1605 1547
f 1547 1645 1653
f 1593 1540 1616
f 1589 1655 1553
f 1618 1554 1555
f 1541 1649 1557
f 1656 1578 9566
f 9566 1584 1656
f 1626 1657 1492
f 1642 1580 1562
f 1536 1644 1608
f 1563 1644 1545
f 1609 1721 1538
f 1669 1732 1581
f 1564 1597 1527
f 1605 1564 1527
f 1611 1547 1539
f 1539 1670 1611
f 1540 1576 1617
f 1576 1655 1617
f 1632 1600 1566
f 1633 1577 1582
f 1636 1541 1583
f 1637 1656 1584
f 1727 1637 1584
f 1638 1613 1601
f 1559 1614 1602
f 1687 1628 1585
f 1603 1687 1585
f 1660 1643 1607
f 1608 1629 1536
f 1574 1596 1525
f 1575 1565 1670
f 1588 1625 1598
f 1588 1646 1625
f 1530 1567 1633
f 1568 1619 1740
f 1614 1559 1615
f 1615 1591 1671
f 1621 1627 1592
f 1612 1543 1676
f 1534 1571 1691
f 1628 1640 1585
f 1580 1641 1586
f 1546 1732 1609
f 1653 1564 1605
f 1611 1645 1547
f 1589 1599 1662
f 1599 1632 1662
f 1690 1632 1566
f 1740 1618 1568
f 1511 1503 1634
f 1569 1634 1503
f 1657 1626 1650
f 1601 1602 1638
f 1707 1638 1602
f 1614 1707 1602
f 1591 1592 1627
f 1622 1593 1623
f 1593 1616 1623
f 1652 1594 1534
f 1534 1691 1652
f 1604 1678 1603
f 1604 1572 1678
f 1642 1562 1607
f 1573 1660 1496
f 1669 1587 1680
f 1675 1631 1610
f 1543 1606 1676
f 1571 1640 1691
f 1674 1572 1561
f 1579 1674 1561
f 1642 1641 1580
f 1573 1551 1629
f 1596 1574 1630
f 1646 1612 1654
f 1676 1654 1612
f 1626 1651 1684
f 1659 1714 1658
f 1671 1620 1615
f 1617 1647 1616
f 1616 1540 1617
f 1554 1734 1590
f 1554 1618 1734
f 1619 1511 1749
f 1634 1749 1511
f 1634 1569 1741
f 1635 1741 1569
f 1633 1567 1664
f 1541 1636 1697
f 1697 1636 1578
f 1727 1657 1728
f 1614 1615 1620
f 1627 1671 1591
f 1639 1622 1673
f 1702 1606 1624
f 1624 1665 1702
f 1784 1691 1640
f 1674 1678 1572
f 1668 1574 1538
f 1538 1721 1668
f 1661 1704 1625
f 1625 1646 1661
f 1662 1681 1589
f 1648 1567 1590
f 1697 1578 1656
f 1685 1507 1613
f 1616 1647 1623
f 1702 1676 1606
f 1640 1628 1693
f 1579 1679 1674
f 1587 1631 1675
f 1597 1675 1610
f 1695 1647 1617
f 1655 1589 1681
f 1690 1577 1633
f 1696 1648 1590
f 1684 1651 1764
f 1659 1532 1715
f 1532 1507 1715
f 1759 1685 1613
f 1707 1614 1735
f 1620 1735 1614
f 1621 1639 1673
f 1719 1665 1550
f 1687 1693 1628
f 1642 1607 1688
f 1643 1688 1607
f 1660 1573 1739
f 1574 1668 1630
f 1597 1564 1689
f 1653 1645 1758
f 1565 1598 1704
f 1598 1625 1704
f 1663 1662 1632
f 1512 1649 1725
f 1726 1649 1541
f 1650 1626 1684
f 1658 1764 1651
f 1729 1613 1638
f 1672 1627 1621
f 1784 1692 1691
f 1687 1603 1666
f 1773 1732 1669
f 1708 1661 1646
f 1681 1747 1655
f 1690 1663 1632
f 1567 1648 1664
f 1512 1705 1635
f 1650 1728 1657
f 1685 1716 1507
f 1613 1729 1759
f 1671 1686 1620
f 1671 1627 1672
f 1621 1673 1718
f 1678 1666 1603
f 1678 1674 1731
f 1720 1674 1679
f 1642 1756 1641
f 1629 1739 1573
f 1667 1608 1644
f 1644 1563 1667
f 1808 1667 1563
f 1595 1808 1563
f 1596 1630 1694
f 1630 1668 1762
f 1840 1680 1587
f 1587 1675 1840
f 1653 1689 1564
f 1704 1661 1736
f 1646 1654 1700
f 1676 1746 1654
f 1655 1695 1617
f 1682 1681 1662
f 1662 1663 1831
f 1649 1726 1725
f 1726 1541 1697
f 1715 1507 1716
f 1623 1647 1677
f 1756 1679 1641
f 1595 1596 1694
f 1680 1773 1669
f 1758 1689 1653
f 1670 1565 1711
f 1700 1708 1646
f 1746 1700 1654
f 1662 1831 1682
f 1663 1690 1766
f 1683 1690 1633
f 1633 1664 1683
f 1648 1683 1664
f 1590 1734 1696
f 1740 1734 1618
f 1748 1740 1619
f 1748 1619 1749
f 1715 1714 1659
f 1729 1638 1707
f 1718 1672 1621
f 1673 1622 1699
f 1622 1623 1699
f 1760 1550 1594
f 1678 1731 1710
f 1643 1660 1775
f 1739 1775 1660
f 1667 1807 1608
f 1808 1595 1694
f 1668 1721 1762
f 1746 1676 1817
f 1705 1512 1725
f 1714 1764 1658
f 1735 1620 1686
f 1623 1677 1699
f 1676 1702 1701
f 1710 1666 1678
f 1679 1756 1720
f 1756 1642 1688
f 1775 1703 1643
f 1721 1609 1798
f 1704 1711 1565
f 1701 1817 1676
f 1647 1695 1712
f 1747 1695 1655
f 1697 1706 1726
f 1697 1656 9572
f 1742 9572 1656
f 1637 1742 1656
f 1728 1650 1779
f 1750 1650 1684
f 1671 1672 1744
f 1718 1717 1672
f 1698 1718 1673
f 1709 1693 1687
f 1687 1666 1709
f 1703 1688 1643
f 1762 1721 1828
f 1766 1690 1683
f 1734 1713 1696
f 1734 1740 1778
f 1800 1778 1740
f 1716 1685 1765
f 1744 1672 1717
f 1736 1661 1708
f 1795 1702 1665
f 1665 1719 1795
f 1550 1760 1719
f 1691 1692 1652
f 1597 1689 1774
f 1723 1677 1647
f 1712 1723 1647
f 1747 1810 1695
f 1682 1747 1681
f 1831 1663 1763
f 1766 1763 1663
f 1713 1648 1696
f 1727 1742 1637
f 1743 1779 1650
f 1816 1765 1685
f 1685 1759 1816
f 1735 1768 1707
f 1686 1671 1744
f 1698 1673 1699
f 1704 1736 1730
f 1594 1652 1760
f 1731 1674 1720
f 1629 1608 1776
f 1807 1776 1608
f 1758 1774 1689
f 1611 1670 1722
f 1711 1722 1670
f 1711 1704 1730
f 1695 1810 1712
f 1831 1724 1682
f 1733 1683 1648
f 1740 1748 1833
f 1764 1714 1803
f 1729 1707 1768
f 1735 1686 1780
f 1717 1718 1751
f 1795 1754 1702
f 1709 1786 1693
f 1666 1838 1709
f 1710 1761 1666
f 1694 1630 1757
f 1829 1675 1597
f 1741 1635 1767
f 1705 1767 1635
f 1706 1813 1726
f 1650 1750 1743
f 1684 1764 1750
f 1714 1715 1815
f 1715 1716 1867
f 1765 1867 1716
f 1770 1699 1677
f 1723 1770 1677
f 1753 1700 1746
f 1737 1795 1719
f 1640 1693 1755
f 1761 1838 1666
f 1731 1720 1710
f 1688 1703 1738
f 1775 1738 1703
f 1774 1829 1597
f 1648 1713 1733
f 1813 1725 1726
f 1727 1728 1779
f 1750 1764 1848
f 1768 1824 1729
f 1744 1780 1686
f 1744 1717 1804
f 1793 1736 1708
f 1745 1752 1708
f 1708 1700 1745
f 1753 1745 1700
f 1806 1783 1719
f 1719 1760 1806
f 1755 1784 1640
f 1786 1785 1693
f 1810 1723 1712
f 1683 1733 1789
f 1749 1634 1801
f 1706 9572 1813
f 1769 1751 1718
f 1769 1718 1698
f 1699 1782 1698
f 1708 1752 1793
f 1754 1794 1701
f 1796 1710 1720
f 1738 1756 1688
f 1739 1797 1775
f 1739 1629 1797
f 1808 1807 1667
f 1808 1694 1822
f 1757 1822 1694
f 1733 1713 1799
f 1778 1713 1734
f 1875 1800 1740
f 1801 1634 1854
f 1767 1854 1634
f 1634 1741 1767
f 1790 1705 1725
f 1814 1813 9572
f 1743 1847 1779
f 1780 1744 1804
f 1782 1769 1698
f 1817 1753 1746
f 1817 1701 1818
f 1794 1818 1701
f 1756 1796 1720
f 1797 1629 1776
f 1807 1808 1772
f 1827 1630 1762
f 1798 1828 1721
f 1609 1732 1798
f 1788 1645 1611
f 1611 1722 1788
f 1724 1747 1682
f 1683 1789 1812
f 1846 1799 1713
f 1740 1833 1875
f 1749 1833 1748
f 1742 1814 9572
f 1909 1802 1742
f 1742 1727 1909
f 1779 1909 1727
f 1768 1735 1860
f 1730 1736 1805
f 1745 1793 1752
f 1719 1783 1737
f 1760 1652 1837
f 1692 1837 1652
f 1827 1757 1630
f 1918 1827 1762
f 1773 1798 1732
f 1773 1680 1884
f 1680 1840 1884
f 1788 1758 1645
f 1811 1763 1766
f 1733 1799 1789
f 1867 1815 1715
f 1824 1759 1729
f 1780 1860 1735
f 1770 1782 1699
f 1771 1745 1753
f 1692 1784 1927
f 1761 1710 1796
f 1821 1820 1756
f 1756 1738 1821
f 1840 1675 1829
f 1758 1777 1774
f 1842 1770 1723
f 1723 1810 1842
f 1812 1766 1683
f 1833 1749 1886
f 1801 1886 1749
f 1782 1781 1769
f 1805 1736 1871
f 1793 1871 1736
f 1863 1771 1753
f 1753 1817 1863
f 1754 1795 1850
f 1795 1737 1865
f 1755 1693 1878
f 1785 1878 1693
f 1761 1796 1787
f 1807 1892 1776
f 1777 1758 1809
f 1810 1747 1843
f 1724 1843 1747
f 1831 1763 1823
f 1766 1812 1811
f 1813 1790 1725
f 1814 1742 1802
f 1759 1824 1792
f 1751 1769 1861
f 1781 1861 1769
f 1819 1786 1709
f 1709 1838 1819
f 1762 1828 1918
f 1829 1774 1777
f 1812 1789 1873
f 1815 1803 1714
f 1765 1816 1791
f 1759 1792 1816
f 1892 1797 1776
f 1856 1772 1808
f 1827 1822 1757
f 1722 1711 1852
f 1730 1852 1711
f 1980 1800 1875
f 1854 1767 2050
f 1705 1887 1767
f 1909 1779 1834
f 1847 1834 1779
f 1780 1804 1891
f 1793 1745 1836
f 1817 1818 1864
f 1837 1806 1760
f 1927 1837 1692
f 1784 1902 1927
f 1784 1755 1902
f 1878 1785 1928
f 1839 1821 1738
f 1826 1839 1738
f 1775 1826 1738
f 1829 1903 1840
f 1809 1758 1885
f 1758 1788 1885
f 1788 1722 1893
f 1763 1811 1823
f 1873 1789 1799
f 1980 1874 1800
f 1887 2050 1767
f 1813 1814 1888
f 1803 1848 1764
f 1860 1897 1768
f 1717 1751 1835
f 1751 1861 1835
f 1862 1781 1782
f 1825 1836 1745
f 1795 1865 1850
f 1819 1785 1786
f 1787 1855 1761
f 1866 1787 1796
f 1820 1866 1796
f 1822 1882 1808
f 1918 1828 1868
f 1883 1868 1828
f 1913 1828 1798
f 1831 1845 1724
f 1823 1832 1831
f 1778 1800 1925
f 1874 1925 1800
f 1867 1765 1791
f 1835 1891 1804
f 1804 1717 1835
f 1770 1862 1782
f 1771 1825 1745
f 1863 1849 1771
f 1838 1761 1855
f 1821 1866 1820
f 1797 1826 1775
f 1892 1807 1881
f 1807 1772 1881
f 1882 1856 1808
f 1798 1773 1869
f 1777 1841 1829
f 1805 1852 1730
f 1810 1853 1842
f 1843 1853 1810
f 1811 1812 1873
f 1925 1713 1778
f 1705 1790 1926
f 1750 1848 1895
f 1897 1824 1768
f 1817 1864 1863
f 1856 1881 1772
f 1822 1827 1882
f 1869 1913 1798
f 1777 1809 1830
f 1885 1830 1809
f 1844 1843 1724
f 1910 1895 1848
f 1891 1860 1780
f 1755 1878 1948
f 1866 1821 1880
f 1903 1829 1841
f 1830 1841 1777
f 1852 1893 1722
f 1845 1831 1858
f 1873 1872 1811
f 1888 1915 1813
f 1802 1888 1814
f 1895 1859 1750
f 1803 1815 2025
f 1911 2025 1815
f 1906 1911 1815
f 1815 1867 1906
f 1862 1770 1900
f 1818 1850 1877
f 1948 1902 1755
f 1819 1879 1785
f 1787 1866 1916
f 1884 1840 1908
f 1908 1840 1903
f 1841 1830 1851
f 1870 1851 1830
f 1830 1885 1870
f 1770 1842 1857
f 1845 1844 1724
f 1873 1799 1923
f 1799 1846 1923
f 1846 1713 1924
f 1925 1924 1713
f 1874 1980 1968
f 1833 1937 1875
f 1859 1834 1847
f 1896 1910 1848
f 1848 1803 1896
f 2025 1896 1803
f 1824 1897 1890
f 1966 1805 1871
f 1871 1793 1931
f 1836 1931 1793
f 1921 1836 1825
f 1894 1825 1771
f 1771 1849 1894
f 1849 1863 1912
f 1877 1864 1818
f 1737 1783 1865
f 1819 1838 1941
f 1838 1855 1941
f 1880 1821 1942
f 1839 1942 1821
f 1797 1935 1826
f 1883 1828 1913
f 1884 1869 1773
f 1893 1885 1788
f 1843 1844 1951
f 1832 1858 1831
f 1872 1823 1811
f 1886 1937 1833
f 1926 1887 1705
f 1792 1824 1890
f 1835 1861 1939
f 1781 1862 1899
f 1940 1899 1862
f 1850 1865 1901
f 1879 1819 2063
f 1787 1916 1855
f 1913 1869 1996
f 1842 1853 1857
f 1853 1843 1951
f 1823 1872 1922
f 1867 1791 1938
f 1897 1860 1946
f 1899 1861 1781
f 1863 1864 1912
f 1927 2015 1837
f 1941 1929 1819
f 1866 1880 1916
f 1856 1882 1986
f 1869 1884 1963
f 1955 1931 1836
f 1924 1923 1846
f 1874 1968 1979
f 1906 1867 1938
f 1816 1792 1791
f 1860 1898 1946
f 1891 1898 1860
f 1891 1835 1939
f 1864 1877 1947
f 1877 1850 1958
f 1837 1934 1806
f 1916 1941 1855
f 1986 1917 1856
f 1920 1851 1870
f 1930 1852 1805
f 1805 1966 1930
f 1894 1921 1825
f 1923 1932 1873
f 1979 1925 1874
f 1980 1875 1981
f 1937 1981 1875
f 1887 1926 1904
f 1909 1834 1889
f 1933 1898 1891
f 1770 1857 1900
f 1864 1947 1912
f 1972 1901 1865
f 1974 1783 1806
f 1806 1934 1974
f 1879 1928 1785
f 1962 1892 1881
f 1856 1917 1881
f 1907 1882 1827
f 1827 1918 1907
f 1870 1885 1914
f 1893 1914 1885
f 1921 1955 1836
f 1832 1936 1858
f 1801 1945 1886
f 1905 1876 1888
f 1888 1802 1905
f 1909 1905 1802
f 1939 1861 1899
f 1862 1900 1940
f 1912 1894 1849
f 1783 1974 1973
f 2063 1819 1929
f 1880 1942 1960
f 1797 1892 1962
f 1986 1882 1907
f 1919 1903 1841
f 1841 1851 1964
f 1914 1920 1870
f 1852 1965 1893
f 1931 1966 1871
f 1921 1894 2008
f 1932 1872 1873
f 1932 1923 2000
f 1854 2050 1801
f 1910 1859 1895
f 1956 1791 1792
f 1890 1956 1792
f 1934 1837 2015
f 1959 1927 1902
f 1902 1948 1959
f 1916 1880 1953
f 1920 1964 1851
f 1832 1823 1989
f 1970 1890 1897
f 2011 1946 1898
f 1947 1877 1958
f 1880 1960 1953
f 1935 1839 1826
f 1962 1935 1797
f 1943 1963 1884
f 1920 1914 1944
f 1965 1914 1893
f 1951 1857 1853
f 1989 1936 1832
f 1922 1989 1823
f 2050 1945 1801
f 1926 1915 2002
f 1905 1909 2033
f 1889 2033 1909
f 1834 1859 2004
f 1890 1970 1969
f 1933 1891 1939
f 1881 1917 1950
f 1963 1996 1869
f 1908 1943 1884
f 1987 1908 1903
f 1841 1964 1919
f 1923 1924 2000
f 1904 1983 1887
f 1876 2002 1915
f 1906 1938 2010
f 1933 2011 1898
f 1939 1899 2006
f 1947 2052 1912
f 1992 1958 1850
f 1850 1901 1992
f 1928 1879 2044
f 1953 1941 1916
f 1942 1839 1961
f 1949 1961 1839
f 1935 1949 1839
f 2022 1944 1914
f 2008 1967 1921
f 2032 1857 1951
f 1977 1951 1844
f 1845 1977 1844
f 1999 1922 1872
f 2000 1978 1932
f 2001 1924 1925
f 1979 2001 1925
f 2004 1889 1834
f 1957 1956 1890
f 1897 1946 1971
f 1952 1894 1912
f 1959 1993 1927
f 1879 2063 2029
f 1907 1918 2030
f 1868 2030 1918
f 1919 1987 1903
f 1965 2022 1914
f 1858 1977 1845
f 1872 1932 1978
f 1968 1980 2024
f 1887 1982 2050
f 1859 1910 2082
f 1984 1896 2025
f 1971 1970 1897
f 1783 1973 1865
f 1950 1962 1881
f 1996 1883 1913
f 1943 1908 2106
f 1987 2106 1908
f 1919 1964 1997
f 1944 1976 1920
f 1965 1852 2067
f 2057 2067 1852
f 1852 1930 2057
f 1931 2013 1966
f 1931 1955 2108
f 1955 1921 1967
f 1924 2001 2058
f 2002 1904 1926
f 1876 1905 2009
f 1910 1896 1990
f 2051 2010 1938
f 1938 1791 2051
f 1890 1969 1957
f 1933 1939 2006
f 2052 1952 1912
f 1964 1920 1976
f 1944 2022 2045
f 1998 2008 1894
f 1983 1982 1887
f 2033 2009 1905
f 2078 2033 1889
f 1889 2004 2078
f 1990 2082 1910
f 2011 1971 1946
f 1952 1998 1894
f 1992 1901 2043
f 1993 2015 1927
f 1948 1878 1975
f 1975 1878 1928
f 2044 1975 1928
f 2018 1935 1962
f 1883 1996 1954
f 1930 1966 2057
f 1951 1977 2074
f 2002 1876 2003
f 2009 2003 1876
f 1933 2006 2097
f 2007 1940 1900
f 1958 1992 2028
f 1959 1948 1994
f 1948 1975 2012
f 1929 1941 2016
f 1985 2016 1941
f 1941 1953 1985
f 1953 1960 1985
f 1960 1942 2054
f 1961 2054 1942
f 1935 2018 2017
f 1907 2065 1986
f 2030 1868 1954
f 1868 1883 1954
f 1997 1964 2090
f 1857 2032 1988
f 2032 1951 2074
f 1858 1936 2139
f 1979 1968 2001
f 1984 1990 1896
f 1969 2005 1957
f 2052 1947 2042
f 2028 2042 1947
f 1947 1958 2028
f 1901 1972 2043
f 2021 1973 1974
f 2014 1974 1934
f 2015 2014 1934
f 2012 1994 1948
f 1995 2018 1962
f 1986 2065 2019
f 2116 1987 1919
f 1964 1976 2090
f 2067 2022 1965
f 2013 1931 2108
f 2037 1999 1872
f 2024 2001 1968
f 1937 1886 2060
f 1945 2060 1886
f 1956 2051 1791
f 1899 1991 2006
f 1940 1991 1899
f 1900 1857 2007
f 1988 2007 1857
f 1952 2027 1998
f 2044 1879 2029
f 2016 2035 1929
f 1985 1960 2053
f 1962 1950 1995
f 1976 1944 2020
f 1955 1967 2072
f 1998 2046 2008
f 2024 1980 2059
f 1981 2059 1980
f 1969 1970 2026
f 1971 2011 2040
f 2062 1972 1865
f 1865 1973 2062
f 2063 1929 2035
f 2081 2016 1985
f 2053 1960 2054
f 1950 1917 1995
f 1944 2045 2020
f 2031 2057 1966
f 1966 2013 2031
f 1936 1989 2075
f 2050 2180 1945
f 2026 2005 1969
f 2097 2011 1933
f 2097 2006 1991
f 1991 1940 2007
f 2017 1949 1935
f 2030 2065 1907
f 1963 1943 2055
f 2038 1978 2000
f 2000 1924 2038
f 2001 2024 2023
f 2049 1945 2180
f 2033 2077 2009
f 2004 1859 2208
f 2079 2082 1990
f 2040 2026 1970
f 1970 1971 2040
f 2104 2028 1992
f 1992 2043 2104
f 1974 2014 2021
f 1995 1917 2019
f 1986 2019 1917
f 1954 1996 2036
f 1943 2106 2055
f 2046 1967 2008
f 1983 1904 2039
f 2002 2039 1904
f 2003 2009 2077
f 2025 2141 1984
f 2015 1993 2113
f 1954 2036 2115
f 2090 1976 2117
f 2056 2020 2045
f 2022 2067 2118
f 2132 2031 2013
f 2108 2132 2013
f 1967 2046 2073
f 2046 1998 2027
f 2007 1988 2084
f 2048 2075 1989
f 1989 1922 2048
f 1872 1978 2037
f 2058 2038 1924
f 1937 2076 1981
f 2208 2078 2004
f 2082 2208 1859
f 1990 1984 2061
f 1957 2111 1956
f 2042 2028 2034
f 1996 1963 2036
f 2022 2131 2045
f 2072 2108 1955
f 2076 2059 1981
f 1982 1983 2039
f 2095 2079 1990
f 1984 2141 2061
f 1957 2005 2111
f 2011 2097 2126
f 1952 2052 2080
f 2113 1993 2088
f 1993 1959 2088
f 1994 2088 1959
f 1954 2115 2030
f 2086 2117 1976
f 1858 2093 1977
f 2139 1936 2075
f 2023 2058 2001
f 2076 1937 2060
f 2095 1990 2061
f 2051 2142 2010
f 2097 1991 2041
f 2084 2098 2007
f 2027 1952 2071
f 2104 2034 2028
f 1972 2105 2043
f 2062 2105 1972
f 1973 2021 2062
f 2014 2015 2113
f 2054 1961 2064
f 1961 1949 2064
f 1919 1997 2116
f 2086 1976 2020
f 2118 2131 2022
f 2032 2074 2047
f 1922 1999 2048
f 2094 2037 1978
f 2049 2060 1945
f 2003 2039 2002
f 2033 2078 2069
f 1906 2010 2142
f 2081 2146 2035
f 2016 2081 2035
f 2081 1985 2122
f 2053 2122 1985
f 2114 1949 2017
f 2019 2100 1995
f 2139 2093 1858
f 2110 2023 2024
f 2039 2003 2133
f 2003 2077 2133
f 2025 1911 2141
f 1991 2007 2098
f 1994 2012 2099
f 2018 1995 2100
f 2089 2123 2065
f 2065 2030 2089
f 2036 1963 2066
f 2055 2066 1963
f 2106 1987 2191
f 2107 2056 2045
f 2046 2027 2071
f 2075 2048 2124
f 1982 2180 2050
f 2135 2082 2079
f 1911 1906 2246
f 2070 2051 1956
f 1956 2111 2070
f 2143 2165 2026
f 2026 2040 2143
f 2011 2126 2136
f 1991 2098 2041
f 2137 2080 2052
f 2052 2042 2137
f 2112 2104 2043
f 2043 2105 2112
f 2088 1994 2155
f 2012 1975 2099
f 2054 2200 2053
f 1987 2116 2191
f 2131 2107 2045
f 2072 1967 2073
f 2024 2059 2110
f 2077 2033 2069
f 2111 2005 2096
f 2005 2026 2096
f 2040 2011 2103
f 2034 2137 2042
f 1975 2044 2129
f 2029 2129 2044
f 2200 2054 2157
f 2054 2064 2211
f 1949 2114 2064
f 2019 2065 2123
f 2067 2057 2171
f 2057 2031 2171
f 2073 2068 2072
f 2092 2084 1988
f 1988 2032 2092
f 2074 1977 2093
f 2125 2094 1978
f 2060 2049 2121
f 2180 2121 2049
f 2180 1982 2101
f 2102 2079 2095
f 2142 2051 2087
f 2083 2087 2051
f 2051 2070 2083
f 2103 2011 2136
f 1952 2080 2162
f 2085 2021 2014
f 2099 2155 1994
f 2063 2035 2146
f 2158 2100 2019
f 2192 2191 2116
f 2116 1997 2218
f 2020 2056 2091
f 2047 2092 2032
f 2038 2125 1978
f 2119 2038 2058
f 2058 2023 2119
f 2023 2110 2119
f 2110 2059 2140
f 2059 2076 2140
f 1982 2039 2101
f 2133 2101 2039
f 2078 2208 2284
f 2273 2102 2095
f 2165 2096 2026
f 2040 2103 2143
f 2014 2113 2085
f 2211 2157 2054
f 2089 2030 2138
f 2115 2138 2030
f 2066 2055 2169
f 2106 2169 2055
f 2171 2118 2067
f 2073 2046 2174
f 2060 2121 2120
f 2133 2077 2181
f 2069 2078 2196
f 2098 2084 2127
f 2071 1952 2162
f 2144 2105 2062
f 2029 2063 2168
f 2146 2168 2063
f 2158 2019 2123
f 2090 2218 1997
f 2132 2171 2031
f 2074 2093 2159
f 2139 2075 2124
f 1999 2037 2048
f 2134 2181 2077
f 2077 2069 2134
f 2208 2082 2135
f 2246 2141 1911
f 2034 2104 2167
f 2274 2113 2088
f 2155 2274 2088
f 2129 2099 1975
f 2017 2203 2114
f 2018 2100 2182
f 2090 2117 2173
f 2091 2086 2020
f 2131 2118 2193
f 2109 2147 2068
f 2068 2073 2109
f 2073 2174 2109
f 2092 2127 2084
f 2148 2047 2074
f 2069 2196 2134
f 2095 2061 2273
f 2165 2186 2096
f 2041 2098 2209
f 2099 2129 2216
f 2129 2029 2168
f 2122 2053 2200
f 2068 2108 2072
f 2093 2139 2149
f 2120 2121 2179
f 2180 2179 2121
f 2133 2164 2101
f 2284 2196 2078
f 2102 2135 2079
f 2041 2166 2097
f 2162 2153 2071
f 2162 2080 2238
f 2137 2238 2080
f 2167 2137 2034
f 2112 2167 2104
f 2182 2017 2018
f 2158 2182 2100
f 2089 2138 2190
f 2173 2218 2090
f 2086 2275 2117
f 2108 2068 2147
f 2109 2174 2213
f 2163 2037 2094
f 2094 2125 2163
f 2038 2119 2125
f 2101 2150 2180
f 2246 1906 2160
f 2142 2160 1906
f 2070 2111 2228
f 2209 2098 2152
f 2127 2152 2098
f 2128 2062 2021
f 2085 2128 2021
f 2146 2081 2156
f 2192 2116 2218
f 2275 2173 2117
f 2275 2086 2091
f 2130 2091 2056
f 2118 2171 2193
f 2132 2108 2183
f 2244 2163 2125
f 2184 2125 2119
f 2257 2083 2070
f 2197 2103 2136
f 2166 2136 2126
f 2209 2166 2041
f 2154 2112 2105
f 2144 2154 2105
f 2113 2274 2145
f 2081 2122 2156
f 2122 2200 2210
f 2066 2223 2036
f 2169 2106 2191
f 2174 2046 2306
f 2175 2306 2046
f 2047 2214 2092
f 2125 2184 2244
f 2176 2184 2119
f 2119 2110 2176
f 2140 2076 2177
f 2060 2177 2076
f 2142 2087 2151
f 2185 2228 2111
f 2111 2096 2185
f 2186 2165 2229
f 2197 2143 2103
f 2126 2097 2166
f 2062 2128 2144
f 2145 2085 2113
f 2190 2123 2089
f 2223 2233 2115
f 2115 2036 2223
f 2132 2183 2171
f 2153 2175 2046
f 2046 2071 2153
f 2139 2124 2205
f 2124 2048 2205
f 2048 2037 2262
f 2120 2177 2060
f 2164 2133 2181
f 2186 2215 2096
f 2210 2156 2122
f 2064 2114 2202
f 2115 2233 2138
f 2241 2130 2056
f 2056 2107 2241
f 2219 2262 2037
f 2140 2176 2110
f 2179 2178 2120
f 2160 2142 2151
f 2087 2083 2265
f 2187 2154 2144
f 2301 2128 2085
f 2155 2099 2198
f 2099 2216 2198
f 2107 2131 2212
f 2193 2212 2131
f 2183 2108 2242
f 2108 2147 2242
f 2127 2092 2161
f 2148 2074 2159
f 2257 2070 2228
f 2172 2152 2127
f 2162 2230 2153
f 2145 2274 2239
f 2287 2274 2155
f 2198 2287 2155
f 2200 2157 2201
f 2318 2201 2157
f 2202 2211 2064
f 2217 2158 2123
f 2190 2217 2123
f 2091 2130 2170
f 2214 2161 2092
f 2243 2214 2047
f 2148 2243 2047
f 2159 2243 2148
f 2093 2261 2159
f 2226 2273 2061
f 2061 2141 2226
f 2246 2227 2141
f 2215 2185 2096
f 2136 2166 2197
f 2167 2112 2232
f 2168 2146 2199
f 2156 2199 2146
f 2066 2169 2251
f 2194 2147 2109
f 2109 2213 2194
f 2149 2139 2308
f 2205 2308 2139
f 2163 2219 2037
f 2177 2120 2178
f 2101 2164 2220
f 2227 2226 2141
f 2257 2265 2083
f 2229 2165 2247
f 2165 2143 2247
f 2161 2172 2127
f 2129 2168 2199
f 2203 2202 2114
f 2182 2203 2017
f 2183 2193 2171
f 2207 2181 2134
f 2134 2196 2207
f 2256 2207 2196
f 2238 2231 2162
f 2232 2112 2267
f 2301 2187 2144
f 2144 2128 2301
f 2173 2275 2320
f 2194 2242 2147
f 2271 2213 2174
f 2306 2271 2174
f 2338 2205 2048
f 2048 2262 2338
f 2163 2244 2254
f 2177 2178 2206
f 2220 2195 2101
f 2263 2208 2135
f 2263 2135 2102
f 2102 2273 2263
f 2215 2186 2229
f 2143 2197 2247
f 2231 2230 2162
f 2154 2187 2221
f 2289 2199 2156
f 2188 2289 2156
f 2211 2318 2157
f 2203 2182 2204
f 2189 2204 2182
f 2182 2158 2189
f 2191 2329 2169
f 2149 2261 2093
f 2244 2184 2236
f 2176 2236 2184
f 2177 2206 2140
f 2263 2280 2208
f 2265 2151 2087
f 2238 2137 2259
f 2137 2167 2259
f 2232 2259 2167
f 2267 2112 2154
f 2154 2221 2267
f 2198 2216 2240
f 2216 2129 2288
f 2199 2288 2129
f 2188 2156 2210
f 2251 2223 2066
f 2091 2252 2275
f 2130 2241 2276
f 2243 2159 2261
f 2176 2140 2224
f 2179 2245 2178
f 2297 2256 2196
f 2196 2284 2297
f 2226 2227 2264
f 2215 2401 2185
f 2229 2258 2215
f 2197 2166 2248
f 2249 2248 2166
f 2166 2209 2249
f 2298 2209 2152
f 2161 2214 2172
f 2240 2287 2198
f 2289 2302 2199
f 2200 2201 2210
f 2303 2211 2202
f 2158 2217 2189
f 2091 2170 2252
f 2170 2130 2270
f 2276 2270 2130
f 2212 2241 2107
f 2175 2153 2299
f 2153 2230 2299
f 2219 2163 2254
f 2206 2224 2140
f 2179 2180 2150
f 2181 2207 2225
f 2280 2284 2208
f 2248 2247 2197
f 2152 2172 2298
f 2315 2221 2187
f 2301 2085 2327
f 2302 2260 2199
f 2303 2318 2211
f 2268 2202 2203
f 2251 2169 2329
f 2192 2218 2269
f 2234 2212 2193
f 2193 2183 2234
f 2183 2242 2234
f 2194 2213 2235
f 2150 2101 2195
f 2164 2181 2225
f 2215 2258 2266
f 2209 2298 2249
f 2085 2145 2327
f 2288 2240 2216
f 2288 2199 2260
f 2188 2210 2369
f 2204 2268 2203
f 2222 2189 2217
f 2190 2138 2250
f 2233 2250 2138
f 2218 2173 2269
f 2242 2194 2253
f 2271 2306 2383
f 2236 2176 2224
f 2245 2309 2178
f 2164 2399 2220
f 2172 2214 2314
f 2187 2301 2315
f 2329 2191 2358
f 2191 2192 2358
f 2235 2213 2295
f 2213 2271 2295
f 2309 2206 2178
f 2245 2179 2279
f 2256 2225 2207
f 2264 2273 2226
f 2160 2151 2312
f 2237 2257 2228
f 2228 2185 2400
f 2401 2400 2185
f 2281 2232 2267
f 2321 2252 2170
f 2170 2270 2321
f 2299 2230 2342
f 2244 2236 2345
f 2272 2345 2236
f 2224 2255 2236
f 2150 2279 2179
f 2256 2297 2311
f 2246 2160 2341
f 2312 2151 2455
f 2265 2455 2151
f 2354 2258 2229
f 2231 2238 2355
f 2259 2355 2238
f 2145 2239 2373
f 2250 2217 2190
f 2223 2251 2233
f 2269 2358 2192
f 2241 2212 2294
f 2277 2294 2212
f 2234 2277 2212
f 2235 2253 2194
f 2299 2306 2175
f 2243 2261 2282
f 2378 2254 2244
f 2345 2378 2244
f 2224 2206 2339
f 2225 2399 2164
f 2264 2227 2323
f 2340 2323 2227
f 2227 2246 2340
f 2341 2340 2246
f 2333 2237 2228
f 2401 2215 2266
f 2248 2249 2368
f 2286 2298 2172
f 2314 2286 2172
f 2259 2232 2355
f 2301 2327 2335
f 2373 2327 2145
f 2290 2303 2202
f 2202 2268 2290
f 2204 2189 2319
f 2292 2319 2189
f 2217 2250 2222
f 2352 2233 2251
f 2275 2252 2344
f 2242 2277 2234
f 2253 2235 2360
f 2296 2314 2214
f 2261 2149 2278
f 2308 2278 2149
f 2308 2205 2338
f 2236 2255 2272
f 2150 2195 2310
f 2273 2264 2353
f 2237 2265 2257
f 2228 2400 2333
f 2229 2247 2334
f 2285 2334 2247
f 2247 2248 2285
f 2230 2231 2342
f 2324 2355 2232
f 2325 2324 2232
f 2326 2267 2221
f 2239 2274 2350
f 2288 2260 2328
f 2189 2222 2292
f 2329 2352 2251
f 2173 2320 2330
f 2235 2295 2336
f 2243 2296 2214
f 2219 2254 2410
f 2279 2438 2245
f 2399 2332 2220
f 2311 2346 2256
f 2415 2280 2263
f 2248 2368 2285
f 2300 2342 2231
f 2355 2300 2231
f 2267 2326 2281
f 2201 2369 2210
f 2268 2204 2291
f 2269 2173 2330
f 2293 2276 2241
f 2294 2293 2241
f 2253 2277 2242
f 2282 2296 2243
f 2384 2338 2262
f 2262 2219 2384
f 2225 2256 2346
f 2297 2284 2283
f 2274 2287 2350
f 2318 2317 2201
f 2291 2290 2268
f 2252 2321 2344
f 2305 2270 2276
f 2293 2305 2276
f 2363 2295 2271
f 2378 2331 2254
f 2264 2323 2366
f 2312 2341 2160
f 2258 2459 2266
f 2334 2354 2229
f 2249 2298 2388
f 2302 2289 2442
f 2222 2250 2371
f 2321 2270 2359
f 2305 2359 2270
f 2336 2360 2235
f 2282 2261 2307
f 2206 2309 2380
f 2309 2245 2438
f 2195 2220 2310
f 2332 2310 2220
f 2284 2280 2283
f 2263 2273 2415
f 2273 2353 2415
f 2264 2366 2353
f 2265 2237 2313
f 2354 2459 2258
f 2298 2286 2348
f 2397 2348 2286
f 2286 2314 2397
f 2232 2281 2325
f 2315 2326 2221
f 2316 2350 2287
f 2287 2240 2316
f 2351 2240 2288
f 2288 2328 2351
f 2343 2442 2289
f 2304 2292 2222
f 2371 2304 2222
f 2250 2233 2357
f 2322 2293 2294
f 2277 2322 2294
f 2306 2299 2417
f 2255 2224 2364
f 2339 2206 2398
f 2438 2279 2385
f 2280 2415 2283
f 2388 2298 2348
f 2315 2301 2372
f 2335 2372 2301
f 2260 2302 2442
f 2304 2371 2374
f 2277 2253 2389
f 2360 2389 2253
f 2383 2363 2271
f 2417 2383 2306
f 2410 2384 2219
f 2410 2254 2331
f 2380 2398 2206
f 2150 2365 2279
f 2414 2346 2311
f 2297 2414 2311
f 2265 2313 2455
f 2334 2285 2347
f 2349 2417 2299
f 2342 2349 2299
f 2289 2188 2343
f 2317 2318 2433
f 2405 2357 2233
f 2233 2352 2405
f 9711 2344 2321
f 2322 2277 2389
f 2295 2363 2362
f 2278 2337 2261
f 2379 2345 2272
f 2272 2255 2379
f 2339 2364 2224
f 2399 2225 2391
f 2459 2401 2266
f 2347 2402 2334
f 2285 2368 2347
f 2404 2325 2281
f 2370 2319 2292
f 2352 2329 2436
f 2448 2269 2330
f 2320 2275 2406
f 2344 2406 2275
f 2336 2295 2361
f 2337 2307 2261
f 2225 2346 2454
f 2387 2283 2415
f 2400 2505 2333
f 2354 2334 2402
f 2457 2327 2373
f 2328 2260 2430
f 2442 2430 2260
f 2201 2317 2431
f 2292 2304 2370
f 2436 2329 2471
f 2329 2358 2471
f 2360 2336 2361
f 2362 2361 2295
f 2409 2308 2338
f 2338 2384 2409
f 2364 2339 2398
f 2438 2380 2309
f 2365 2385 2279
f 2283 2414 2297
f 2353 2439 2415
f 2340 2488 2323
f 2249 2388 2368
f 2296 2397 2314
f 2349 2342 2403
f 2457 2335 2327
f 2343 2188 2356
f 2431 2317 2432
f 2433 2432 2317
f 2357 2381 2250
f 2330 2320 2448
f 2406 2344 2443
f 2344 9711 2443
f 2445 2359 2305
f 2296 2282 2377
f 2411 2378 2345
f 2379 2411 2345
f 2364 2452 2255
f 2150 2310 2386
f 2414 2283 2426
f 2340 2341 2367
f 2300 2403 2342
f 2404 2324 2325
f 2356 2188 2369
f 2369 2201 2431
f 2470 2434 2290
f 2290 2291 2470
f 2319 2291 2204
f 2374 2370 2304
f 2381 2371 2250
f 2381 2357 2375
f 2305 2293 2445
f 2382 2445 2293
f 2293 2322 2382
f 2424 2296 2377
f 2408 2278 2308
f 2386 2365 2150
f 2391 2487 2399
f 2454 2391 2225
f 2454 2346 2414
f 2488 2366 2323
f 2367 2341 2474
f 2341 2312 2474
f 2455 2474 2312
f 2468 2313 2237
f 2237 2333 2468
f 2505 2468 2333
f 2388 2428 2368
f 2315 2372 2573
f 2239 2350 2421
f 2350 2316 2393
f 2442 2343 2394
f 2462 2394 2343
f 2434 2303 2290
f 2405 2375 2357
f 2359 2445 2422
f 2389 2360 2361
f 2390 2376 2362
f 2407 2362 2363
f 2383 2407 2363
f 2397 2296 2424
f 2308 2409 2408
f 2387 2426 2283
f 2353 2366 2439
f 2402 2392 2354
f 2347 2368 2440
f 2388 2348 2428
f 2423 2428 2348
f 2417 2349 2456
f 2315 2573 2420
f 2421 2373 2239
f 2350 2393 2421
f 2446 2316 2240
f 2240 2351 2446
f 2356 2369 2431
f 2303 2433 2318
f 2381 2396 2371
f 2405 2352 2436
f 2376 2361 2362
f 2282 2307 2377
f 2379 2255 2452
f 2380 2425 2398
f 2392 2459 2354
f 2348 2397 2423
f 2419 2281 2326
f 2356 2462 2343
f 2396 2395 2374
f 2374 2371 2396
f 2322 2389 2522
f 2407 2390 2362
f 2450 2331 2378
f 2378 2411 2450
f 2452 2364 2453
f 2444 2425 2380
f 2413 2454 2414
f 2456 2349 2551
f 2300 2355 2418
f 2355 2324 2418
f 2420 2326 2315
f 2481 2573 2372
f 2372 2335 2481
f 2416 2522 2389
f 2389 2361 2416
f 2376 2416 2361
f 2417 2407 2383
f 2307 2337 2449
f 2364 2398 2486
f 2380 2438 2444
f 2438 2385 2502
f 2412 2502 2385
f 2488 2340 2367
f 2313 2494 2455
f 2459 2427 2401
f 2368 2428 2440
f 2403 2551 2349
f 2418 2429 2300
f 2419 2404 2281
f 2351 2328 2490
f 2430 2490 2328
f 2470 2291 2319
f 2395 2370 2374
f 2358 2269 2471
f 2376 2390 2441
f 2397 2424 2460
f 2377 2307 2449
f 2453 2364 2486
f 2365 2560 2385
f 2487 2391 2466
f 2454 2466 2391
f 2421 2457 2373
f 2574 2393 2316
f 2434 2433 2303
f 2375 2405 2447
f 2269 2448 2471
f 2522 2382 2322
f 2423 2397 2460
f 2492 2449 2337
f 2337 2278 2492
f 2410 2331 2501
f 2451 2411 2379
f 2425 2486 2398
f 2529 2438 2502
f 2412 2385 2560
f 2386 2310 2465
f 2332 2465 2310
f 2476 2505 2400
f 2402 2347 2489
f 2300 2541 2403
f 2495 2418 2324
f 2404 2495 2324
f 2335 2457 2481
f 2316 2446 2574
f 2442 2394 2496
f 2370 2395 2483
f 2381 2435 2396
f 2447 2405 2517
f 2436 2517 2405
f 2320 2406 2437
f 2458 2437 2406
f 2443 2458 2406
f 2445 2484 2422
f 2416 2376 2478
f 2441 2478 2376
f 2441 2390 2499
f 2390 2407 2499
f 2407 2417 2480
f 2408 2492 2278
f 2409 2558 2408
f 2409 2384 2485
f 2384 2410 2485
f 2452 2451 2379
f 2452 2453 2464
f 2413 2414 2562
f 2467 2426 2387
f 2493 2387 2415
f 2439 2493 2415
f 2521 2392 2402
f 2478 2461 2416
f 2429 2541 2300
f 2514 2421 2393
f 2490 2430 2482
f 2496 2394 2462
f 2395 2396 2435
f 2473 2377 2449
f 2386 2510 2365
f 2387 2493 2467
f 2313 2468 2504
f 2400 2401 2476
f 2427 2476 2401
f 2440 2489 2347
f 2428 2423 2477
f 2441 2499 2479
f 2490 2446 2351
f 2430 2442 2482
f 2460 2424 2463
f 2579 2473 2449
f 2501 2485 2410
f 2529 2444 2438
f 2465 2510 2386
f 2520 2562 2414
f 2414 2426 2520
f 2439 2366 2515
f 2366 2488 2515
f 2428 2506 2440
f 2420 2419 2326
f 2574 2514 2393
f 2496 2482 2442
f 2462 2356 2614
f 2470 2319 2507
f 2435 2483 2395
f 2560 2365 2510
f 2515 2503 2439
f 2468 2505 2512
f 2427 2459 2570
f 2489 2521 2402
f 2489 2440 2506
f 2484 2445 2469
f 2445 2382 2469
f 2382 2522 2469
f 2461 2522 2416
f 2480 2417 2456
f 2525 2541 2429
f 2404 2530 2495
f 2421 2514 2516
f 2614 2531 2462
f 2319 2370 2507
f 2370 2483 2507
f 2435 2381 2532
f 2375 2532 2381
f 2528 2448 2320
f 2437 2528 2320
f 2449 2492 2579
f 2509 2501 2331
f 2503 2493 2439
f 2504 2494 2313
f 2500 2499 2407
f 2407 2480 2500
f 2404 2419 2542
f 2481 2457 2513
f 2555 2457 2421
f 2421 2516 2555
f 2434 2526 2433
f 2508 2458 2443
f 2508 2443 9710
f 2463 2536 2460
f 2558 2492 2408
f 2409 2485 2596
f 2331 2450 2509
f 2486 2425 2597
f 2537 2597 2425
f 2465 2332 2511
f 2426 2467 2520
f 2474 2455 2475
f 2423 2460 2557
f 2536 2557 2460
f 2479 2491 2478
f 2478 2441 2479
f 2600 2479 2499
f 2541 2551 2403
f 2418 2525 2429
f 2572 2542 2419
f 2419 2420 2572
f 2447 2498 2375
f 2517 2436 2518
f 2436 2471 2518
f 2528 2471 2448
f 2451 2450 2411
f 2451 2452 2580
f 2452 2464 2580
f 2425 2444 2537
f 2560 2559 2412
f 2332 2399 2511
f 2413 2562 2553
f 2494 2475 2455
f 2613 2504 2468
f 2506 2428 2477
f 2404 2542 2530
f 2457 2543 2513
f 2457 2555 2543
f 2433 2545 2432
f 2483 2435 2497
f 2458 2533 2437
f 2464 2453 2581
f 2620 2529 2502
f 2559 2502 2412
f 2487 2511 2399
f 2553 2454 2413
f 2367 2564 2488
f 2459 2392 2578
f 2521 2578 2392
f 2489 2534 2521
f 2557 2477 2423
f 2491 2548 2478
f 2495 2525 2418
f 2573 2481 2513
f 2490 2482 2584
f 2531 2496 2462
f 2431 2432 2544
f 2526 2545 2433
f 2434 2470 2546
f 2497 2507 2483
f 2532 2375 2498
f 2453 2486 2597
f 2589 2493 2503
f 2564 2515 2488
f 2512 2613 2468
f 2505 2476 2554
f 2578 2570 2459
f 2590 2446 2490
f 2356 2431 2544
f 2526 2434 2605
f 2507 2497 2527
f 2498 2447 2517
f 2522 2461 2523
f 2461 2478 2548
f 2499 2500 2576
f 2577 2480 2456
f 2537 2444 2538
f 2444 2529 2538
f 2553 2466 2454
f 2474 2475 2612
f 2570 2540 2427
f 2535 2506 2477
f 2584 2590 2490
f 2458 2508 2607
f 2548 2523 2461
f 2491 2479 2549
f 2576 2600 2499
f 2551 2577 2456
f 2587 2596 2485
f 2485 2501 2587
f 2502 2559 2620
f 2465 2539 2510
f 2511 2582 2465
f 2511 2487 2672
f 2466 2672 2487
f 2467 2493 2589
f 2554 2512 2505
f 2476 2427 2540
f 2547 2519 2472
f 2472 2469 2547
f 2469 2522 2547
f 2549 2479 2600
f 2480 2577 2550
f 2551 2541 2571
f 2525 2567 2541
f 2446 2556 2574
f 2585 2496 2604
f 2496 2531 2604
f 2614 2356 2544
f 2434 2546 2605
f 2568 2546 2470
f 2470 2507 2568
f 2592 2568 2507
f 2497 2435 2622
f 2471 2528 2518
f 2596 2558 2409
f 2552 2581 2453
f 2582 2539 2465
f 2367 2474 2699
f 2612 2699 2474
f 2512 2554 2613
f 2540 2554 2476
f 2495 2530 2665
f 2420 2573 2572
f 2622 2527 2497
f 2532 2622 2435
f 2533 2528 2437
f 2607 2533 2458
f 2579 2492 2632
f 2515 2598 2503
f 2564 2661 2515
f 2521 2534 2578
f 2536 2623 2557
f 9591 2536 2463
f 2524 2576 2500
f 2500 2480 2524
f 2446 2590 2556
f 2507 2527 2592
f 2532 2498 2617
f 2498 2517 2617
f 2575 2617 2517
f 9707 2472 2519
f 2509 2588 2501
f 2597 2552 2453
f 2560 2510 2539
f 2672 2466 2561
f 2553 2561 2466
f 2598 2589 2503
f 2661 2598 2515
f 2570 2569 2540
f 2489 2506 2619
f 2557 2535 2477
f 2565 2547 2522
f 2522 2523 2565
f 2662 2548 2491
f 2628 2567 2525
f 2525 2495 2628
f 2590 2584 2646
f 2591 2584 2482
f 2482 2496 2591
f 2585 2591 2496
f 2544 2432 2545
f 2632 2492 2558
f 2641 2450 2451
f 2464 2581 2580
f 2535 2619 2506
f 2549 2662 2491
f 2480 2550 2524
f 2594 2550 2577
f 2602 2572 2573
f 2574 2516 2514
f 2533 2618 2528
f 2473 2579 2609
f 2580 2641 2451
f 2597 2537 2690
f 2529 2652 2538
f 2562 2520 2583
f 2569 2570 2626
f 2567 2571 2541
f 2705 2530 2542
f 2542 2572 2683
f 2602 2573 2513
f 2614 2604 2531
f 2545 2526 2616
f 2605 2616 2526
f 2518 2575 2517
f 2565 2523 2648
f 2548 2648 2523
f 2566 2524 2550
f 2577 2551 2595
f 2580 2581 2633
f 2529 2620 2652
f 2553 2562 2610
f 2589 2563 2467
f 2635 2598 2661
f 2475 2494 2625
f 2700 2613 2554
f 2540 2569 2554
f 2683 2705 2542
f 2555 2516 2629
f 2586 2605 2546
f 2622 2606 2527
f 2593 2622 2532
f 2518 2639 2575
f 2528 2639 2518
f 2547 2599 2519
f 2549 2600 2663
f 2594 2566 2550
f 2619 2534 2489
f 2641 2509 2450
f 2537 2538 2651
f 2583 2610 2562
f 2520 2467 2583
f 2467 2563 2583
f 2565 2599 2547
f 2571 2595 2551
f 2571 2567 2601
f 2543 2555 2603
f 2555 2629 2603
f 2604 2614 2647
f 2544 2545 2615
f 2616 2615 2545
f 2546 2568 2586
f 2592 2527 2606
f 2533 2607 2631
f 2536 9591 2608
f 2588 2587 2501
f 2580 2633 2624
f 2552 2633 2581
f 2494 2504 2625
f 2570 2578 2644
f 2623 2535 2557
f 2574 2556 2637
f 2614 2544 2615
f 2548 2662 2657
f 2600 2576 2649
f 2601 2595 2571
f 2623 2536 2650
f 2651 2690 2537
f 2559 2560 2634
f 2560 2539 2634
f 2553 2673 2561
f 2589 2611 2563
f 2598 2611 2589
f 2747 2661 2564
f 2367 2747 2564
f 2636 2625 2504
f 2730 2683 2572
f 9708 2519 2627
f 2599 2627 2519
f 2663 2677 2549
f 2524 2649 2576
f 2594 2577 2640
f 2632 2709 2579
f 2710 2687 2587
f 2587 2588 2710
f 2652 2651 2538
f 2652 2620 2671
f 2672 2561 2673
f 2504 2613 2636
f 2644 2626 2570
f 2665 2628 2495
f 2602 2730 2572
f 2684 2556 2590
f 2590 2646 2684
f 2585 2604 2638
f 2667 2617 2575
f 2639 2667 2575
f 2640 2566 2594
f 2595 2640 2577
f 2619 2535 2675
f 2650 2536 2658
f 2608 2658 2536
f 2609 2579 2709
f 2596 2587 2687
f 2552 2597 2670
f 2672 2582 2511
f 2553 2610 2642
f 2635 2611 2598
f 2554 2569 2653
f 2657 2648 2548
f 2662 2549 2677
f 2663 2600 2713
f 2649 2713 2600
f 2516 2574 2629
f 2574 2637 2629
f 2616 2605 2666
f 2568 2592 2586
f 2593 2617 2685
f 9709 2631 2607
f 2675 2535 2623
f 2632 2558 2698
f 2558 2596 2698
f 2624 2641 2580
f 2633 2552 2670
f 2652 2671 2712
f 2621 2642 2610
f 2610 2583 2621
f 2643 2563 2611
f 2699 2747 2367
f 2700 2636 2613
f 2601 2567 2654
f 2567 2628 2654
f 2774 2602 2513
f 2603 2513 2543
f 2584 2591 2646
f 2585 2731 2591
f 2615 2647 2614
f 2592 2606 2695
f 2667 2630 2617
f 2639 2528 2618
f 2644 2578 2682
f 2578 2534 2682
f 2509 2641 2659
f 2620 2559 2671
f 2768 2671 2559
f 2539 2582 2660
f 2673 2553 2642
f 2643 2611 2635
f 2627 2668 9708
f 2599 2565 2676
f 2649 2524 2664
f 2530 2705 2749
f 2513 2603 2774
f 2586 2666 2605
f 2696 2606 2622
f 2593 2696 2622
f 2685 2617 2630
f 2733 2618 2533
f 2533 2631 2733
f 2709 2608 2609
f 2641 2624 2688
f 2670 2597 2690
f 2583 2563 2680
f 2700 2554 2653
f 2653 2569 2701
f 2627 2599 2656
f 2676 2656 2599
f 2524 2566 2664
f 2691 2566 2640
f 2628 2665 2704
f 2749 2665 2530
f 2655 2603 2629
f 2679 2631 9709
f 2588 2509 2717
f 2509 2659 2717
f 2634 2768 2559
f 2634 2539 2660
f 2720 2680 2563
f 2563 2643 2720
f 2720 2643 2635
f 2612 2475 2721
f 2625 2721 2475
f 2569 2626 2701
f 2637 2655 2629
f 2645 2637 2556
f 2592 2695 2586
f 2668 2679 9708
f 2656 2668 2627
f 2565 2648 2676
f 2722 2664 2566
f 2534 2619 2674
f 2650 2658 2727
f 2717 2710 2588
f 2688 2659 2641
f 2689 2688 2624
f 2624 2633 2760
f 2673 2642 2746
f 2583 2680 2719
f 2625 2636 2773
f 2654 2628 2704
f 2645 2556 2684
f 2647 2615 2706
f 2615 2616 2678
f 2657 2676 2648
f 2682 2534 2674
f 2687 2698 2596
f 2624 2760 2689
f 2821 2760 2633
f 2670 2669 2633
f 2729 2690 2651
f 2651 2652 2729
f 2652 2712 2711
f 2642 2621 2746
f 2661 2681 2635
f 2701 2801 2653
f 2626 2644 2762
f 2682 2762 2644
f 2750 2602 2774
f 2666 2707 2616
f 2696 2695 2606
f 2697 2732 2667
f 2667 2639 2697
f 2639 2618 2697
f 2595 2702 2640
f 2601 2703 2595
f 2675 2623 2650
f 2673 2739 2672
f 2681 2720 2635
f 2636 2700 2692
f 2694 2676 2657
f 2662 2694 2657
f 2703 2714 2595
f 2774 2603 2771
f 2603 2763 2771
f 2775 2655 2637
f 2637 2645 2775
f 2591 2731 2646
f 2752 2604 2647
f 2706 2725 2647
f 2678 2706 2615
f 2668 2656 2755
f 2718 2669 2670
f 2711 2729 2652
f 2582 2738 2660
f 2582 2672 2761
f 2719 2823 2583
f 2773 2721 2625
f 2674 2619 2726
f 2675 2726 2619
f 2566 2691 2722
f 2691 2640 2781
f 2781 2640 2702
f 2702 2595 2714
f 2749 2705 2770
f 2603 2655 2763
f 2638 2731 2585
f 2638 2604 2765
f 2604 2752 2765
f 2586 2742 2666
f 2695 2802 2586
f 2679 2668 2686
f 2708 2675 2650
f 2650 2727 2708
f 2717 2659 2688
f 2669 2821 2633
f 2761 2738 2582
f 2746 2739 2673
f 2823 2621 2583
f 2747 2681 2661
f 2654 2703 2601
f 2741 2705 2683
f 2715 2741 2683
f 2707 2796 2616
f 2593 2685 2716
f 2630 2667 2810
f 2618 2733 2753
f 2631 2679 2734
f 2791 2658 2608
f 2709 2632 2798
f 2728 2718 2670
f 2670 2690 2728
f 2773 2636 2692
f 2744 2677 2663
f 2713 2744 2663
f 2683 2730 2715
f 2750 2730 2602
f 2645 2684 2772
f 2647 2725 2752
f 2678 2616 2796
f 2666 2742 2776
f 2732 2810 2667
f 2679 2686 2734
f 2668 2755 2686
f 2799 2698 2687
f 2710 2717 2759
f 2660 2784 2634
f 2699 2612 2911
f 2721 2911 2612
f 2736 2682 2674
f 2755 2656 2756
f 2656 2693 2756
f 2735 9590 2676
f 2676 2694 2735
f 2694 2662 2926
f 2743 2926 2662
f 2662 2677 2743
f 2677 2744 2743
f 2713 2649 2780
f 2664 2780 2649
f 2722 2691 2767
f 2704 2665 2740
f 2705 2741 2723
f 2742 2586 2802
f 2716 2696 2593
f 2727 2658 2758
f 2737 2759 2717
f 2729 2728 2690
f 2712 2671 2794
f 2818 2780 2664
f 2757 2767 2691
f 2703 2654 2782
f 2705 2723 2770
f 2724 2715 2730
f 2638 2765 2809
f 2776 2707 2666
f 2753 2697 2618
f 2698 2798 2632
f 2745 2717 2688
f 2794 2711 2712
f 2784 2660 2785
f 2739 2832 2672
f 2762 2682 2736
f 2807 2740 2665
f 2665 2749 2807
f 2646 2731 2815
f 2731 2638 2764
f 2788 2685 2630
f 2810 2788 2630
f 2753 2733 2899
f 2734 2733 2631
f 2675 2708 2726
f 2745 2737 2717
f 2875 2671 2768
f 2768 2634 2784
f 2832 2761 2672
f 2800 2692 2813
f 2748 2813 2692
f 2692 2700 2748
f 2700 2653 2748
f 2801 2748 2653
f 2626 2801 2701
f 2755 2754 2686
f 2735 2693 9590
f 2735 2694 9580
f 2704 2834 2654
f 2751 2772 2684
f 2684 2646 2751
f 2815 2751 2646
f 2809 2764 2638
f 2674 2726 2833
f 2726 2708 2833
f 2804 2833 2708
f 2758 2843 2727
f 2658 2791 2758
f 2792 2608 2709
f 2825 2681 2747
f 2773 2692 2800
f 2750 2724 2730
f 2734 2686 2754
f 2756 2693 2779
f 2766 2743 2744
f 2664 2722 2818
f 2852 2818 2722
f 2722 2767 2852
f 2714 2881 2702
f 2843 2804 2708
f 2708 2727 2843
f 2846 2687 2710
f 2710 2759 2846
f 2660 2738 2785
f 2823 2746 2621
f 2720 2681 2769
f 2654 2834 2782
f 2772 2775 2645
f 2716 2685 2788
f 2732 2697 2777
f 2753 2777 2697
f 9580 2694 2803
f 2744 2713 2790
f 2703 2881 2714
f 2736 2674 2783
f 2792 2791 2608
f 2689 2886 2688
f 2728 2729 2831
f 2729 2711 2831
f 2784 2785 2876
f 2822 2746 2823
f 2769 2805 2720
f 2747 2699 2842
f 2786 2842 2699
f 2911 2786 2699
f 2704 2740 2834
f 2859 2807 2749
f 2749 2770 2859
f 2723 2741 2913
f 2750 2774 2844
f 2775 2808 2655
f 2765 2752 2862
f 2696 2716 2787
f 2754 2755 2892
f 2756 2892 2755
f 2780 2790 2713
f 2819 2852 2767
f 2691 2781 2757
f 2833 2783 2674
f 2798 2698 2793
f 2846 2799 2687
f 2689 2760 2873
f 2821 2873 2760
f 2785 2738 2877
f 2680 2720 2805
f 2825 2769 2681
f 2814 2801 2626
f 2762 2814 2626
f 2763 2655 2845
f 2862 2809 2765
f 2678 2725 2706
f 2810 2732 2908
f 2893 2819 2767
f 2757 2893 2767
f 2793 2883 2798
f 2886 2745 2688
f 2821 2669 2865
f 2831 2718 2728
f 2671 2875 2841
f 2823 2719 2812
f 2719 2680 2812
f 2844 2724 2750
f 2867 2774 2771
f 2867 2771 2763
f 2775 2772 2827
f 2879 2815 2731
f 2764 2879 2731
f 2862 2752 2916
f 2725 2678 2816
f 2695 2835 2802
f 2696 2835 2695
f 2777 2836 2732
f 2733 2734 2899
f 2756 2779 2778
f 2926 2817 2694
f 2926 2743 2838
f 2820 2843 2758
f 2711 2794 2847
f 2794 2671 2841
f 2738 2761 2902
f 2832 2903 2761
f 2795 2832 2739
f 2739 2746 2795
f 2848 2812 2680
f 2769 2825 2948
f 2842 2825 2747
f 2721 2773 2806
f 2860 2844 2774
f 2845 2867 2763
f 2835 2696 2828
f 2797 2787 2716
f 2788 2797 2716
f 2836 2908 2732
f 2803 2694 2817
f 2799 2793 2698
f 2759 2737 2846
f 2768 2784 2921
f 2876 2785 3023
f 2877 3023 2785
f 2902 2877 2738
f 2806 2911 2721
f 2813 2957 2800
f 2826 2850 2762
f 2762 2736 2826
f 2774 2867 2860
f 2827 2772 2868
f 2751 2868 2772
f 2678 2796 2863
f 2734 2789 2899
f 2781 2702 2880
f 2881 2880 2702
f 2873 2864 2689
f 2840 2669 2718
f 2847 2831 2711
f 2901 2847 2794
f 2875 2768 2921
f 2876 2921 2784
f 2795 2746 2822
f 2680 2805 2848
f 2824 2805 2769
f 2813 2748 2855
f 2850 2856 2762
f 2913 2770 2723
f 2808 2845 2655
f 2827 2808 2775
f 2751 2815 2868
f 2879 2764 2890
f 2809 2890 2764
f 2707 2863 2796
f 2742 2802 2776
f 2899 2777 2753
f 2811 2789 2754
f 2778 2892 2756
f 2837 2779 9580
f 2743 2766 2838
f 2791 2820 2758
f 2791 2792 2872
f 2709 2798 2883
f 2864 2886 2689
f 2865 2669 2840
f 2825 2842 2878
f 2748 2801 2855
f 2801 2849 2855
f 2801 2814 2849
f 2783 2826 2736
f 2890 2809 2907
f 2725 2891 2752
f 2678 2863 2816
f 2776 2863 2707
f 2787 2828 2696
f 2857 2766 2744
f 2790 2857 2744
f 2790 2780 2935
f 2757 2781 2839
f 2881 2703 2830
f 2782 2830 2703
f 2820 2791 2872
f 2709 2882 2792
f 2884 2883 2793
f 2831 2840 2718
f 2841 2901 2794
f 2931 2805 2824
f 2800 2806 2773
f 2814 2762 2856
f 2834 2858 2782
f 2907 2809 2862
f 2917 2891 2725
f 2816 2917 2725
f 2788 2810 2953
f 2908 2953 2810
f 9755 2899 2789
f 2829 9755 2789
f 2789 2811 2829
f 2892 2811 2754
f 2778 2779 2851
f 2871 2837 9580
f 9580 2803 2871
f 2853 2893 2757
f 2880 2839 2781
f 2783 2833 2896
f 2833 2804 2964
f 2843 2964 2804
f 2900 2793 2799
f 2856 2849 2814
f 2752 2891 2916
f 2835 2979 2802
f 2892 2778 2851
f 2803 2817 2871
f 2926 2871 2817
f 2780 2818 2909
f 2818 2852 2909
f 2895 2783 2896
f 2873 2821 2938
f 2903 2902 2761
f 2823 2812 2887
f 2878 2948 2825
f 2878 2842 2854
f 2826 2783 2895
f 2740 2912 2834
f 2951 2859 2770
f 2770 2913 2951
f 2827 2868 2889
f 2776 2802 2962
f 2802 2979 2962
f 2883 2882 2709
f 2874 2847 2901
f 2866 2901 2841
f 2887 2822 2823
f 2812 2848 2894
f 2948 2824 2769
f 2905 2957 2813
f 2855 2905 2813
f 2896 2833 2964
f 2912 2858 2834
f 2898 2815 2879
f 2777 2899 2945
f 2811 2924 2829
f 2779 2837 2870
f 2935 2780 2909
f 2920 2737 2745
f 2864 2873 2928
f 2865 2938 2821
f 2875 2866 2841
f 2903 2832 2904
f 2832 2974 2904
f 2812 2894 2887
f 2805 2931 2848
f 2786 2854 2842
f 2888 2806 2800
f 2892 2924 2811
f 2927 2830 2782
f 2858 2927 2782
f 2941 2741 2715
f 2861 2867 2845
f 2952 2845 2808
f 2934 2917 2816
f 2863 2934 2816
f 2777 2919 2836
f 2900 2884 2793
f 2846 2737 2972
f 2831 2847 2874
f 2800 2957 2888
f 2933 2964 2843
f 2914 2724 2844
f 2860 2914 2844
f 2868 2815 2915
f 2898 2915 2815
f 2863 2776 2869
f 2962 2869 2776
f 2835 2828 2979
f 2874 2840 2831
f 2910 2894 2848
f 2855 2849 2949
f 2964 2963 2896
f 2820 2933 2843
f 2851 2779 2870
f 2870 2837 2925
f 2925 2837 2871
f 2766 2857 2969
f 2909 2852 2819
f 2906 2807 2859
f 2859 2951 2906
f 2860 2867 2943
f 2919 2908 2836
f 2885 2900 2799
f 2799 2846 2885
f 2745 2886 3074
f 2937 2886 2864
f 2929 2865 3002
f 2865 2840 3002
f 2956 2931 2824
f 2855 2949 2905
f 2856 2949 2849
f 2895 3009 2826
f 2807 2912 2740
f 2913 2741 3100
f 2715 2724 2941
f 2918 2828 2787
f 2953 2797 2788
f 2777 2945 2919
f 2839 2853 2757
f 2936 2933 2820
f 2872 2936 2820
f 2872 2792 2965
f 2882 2965 2792
f 3034 2885 2846
f 2920 2972 2737
f 2920 2745 3074
f 2938 2928 2873
f 2921 3004 2875
f 2904 2973 2903
f 2974 2832 2975
f 2795 2975 2832
f 2795 2822 2939
f 2887 2993 2822
f 2848 2931 2910
f 2932 2911 2806
f 2806 2888 2932
f 2850 2826 3009
f 2858 2912 2897
f 2944 2861 2845
f 2808 2827 2952
f 2869 2934 2863
f 2892 2851 2998
f 2969 2838 2766
f 3022 2839 2880
f 2927 2858 3064
f 2965 2882 3092
f 2846 2972 3034
f 2901 2866 2930
f 2887 2894 2947
f 2941 3100 2741
f 2724 2914 2960
f 2861 2943 2867
f 2862 2916 3010
f 2967 3031 2891
f 2891 2917 2967
f 2787 2797 2918
f 2899 9755 3045
f 2819 2893 2989
f 2853 2989 2893
f 2880 2881 3000
f 2881 2830 2959
f 2965 2936 2872
f 2928 2938 3057
f 2840 2874 3003
f 2903 2973 2902
f 2894 2910 2947
f 2923 2888 2957
f 2912 2807 2985
f 2860 2943 2914
f 2890 2898 2879
f 2907 2862 3010
f 3010 2916 2987
f 2916 2891 3031
f 3045 2945 2899
f 2926 2838 2950
f 2959 3000 2881
f 2959 2830 2927
f 2895 2896 2963
f 2928 2937 2864
f 2929 2938 2865
f 2874 2901 2930
f 2866 2875 3048
f 2877 2902 2922
f 2973 2922 2902
f 2958 2905 2949
f 2856 2850 2940
f 2897 3064 2858
f 2861 2944 3138
f 2917 2934 2978
f 2980 2908 2919
f 3081 9754 2924
f 2870 2925 3046
f 2969 2950 2838
f 2857 2790 3063
f 2895 2963 3040
f 2930 2991 2874
f 2875 3004 3048
f 2922 3023 2877
f 2939 2975 2795
f 2993 2939 2822
f 2955 2993 2887
f 2948 2956 2824
f 2940 2949 2856
f 2960 2941 2724
f 2943 2942 2914
f 3051 2952 2827
f 2827 2889 3051
f 2898 2890 3019
f 2987 2916 3087
f 3031 3087 2916
f 2918 3052 2828
f 2945 3045 3114
f 2851 2870 2968
f 3092 2882 3001
f 2883 3001 2882
f 2885 2884 2900
f 2982 2972 2920
f 2920 3074 2982
f 3003 3002 2840
f 2921 2876 3005
f 3023 3005 2876
f 2973 2904 2974
f 2887 2947 2955
f 3076 2932 2888
f 2942 2960 2914
f 2978 2967 2917
f 3039 2953 2908
f 2871 2981 2925
f 3054 2989 2853
f 2853 2839 2946
f 2970 2959 2927
f 2884 3001 2883
f 3074 2886 3012
f 2886 2937 3012
f 3057 3117 2928
f 2984 2947 2910
f 2854 2994 2878
f 2786 3068 2854
f 2786 2911 3025
f 2932 3025 2911
f 3037 3076 2888
f 2888 2923 3037
f 2957 2905 2976
f 2906 2951 2986
f 3099 2951 2913
f 2913 3100 3099
f 2943 2861 3029
f 2961 2944 2845
f 2845 2952 2961
f 2907 3010 3070
f 2797 2953 3020
f 9754 3081 2988
f 2924 2892 2998
f 2926 2981 2871
f 2819 2989 2999
f 2933 2936 3041
f 2937 2928 3066
f 3117 3066 2928
f 3003 2874 2991
f 2992 2930 2866
f 2866 3048 2992
f 2939 2993 2954
f 2948 2878 3042
f 2994 3042 2878
f 3068 2994 2854
f 2958 2949 3026
f 2940 3026 2949
f 3009 2895 3040
f 2897 3027 3064
f 2807 2906 2985
f 3029 3017 2943
f 2890 2907 3030
f 3052 2979 2828
f 3060 3052 2918
f 2997 2918 2797
f 3020 2997 2797
f 2919 2945 2980
f 3114 2980 2945
f 2968 2998 2851
f 2981 2926 2950
f 2857 3103 2969
f 3063 2790 3011
f 2935 3011 2790
f 2935 2909 3011
f 2999 3011 2909
f 2909 2819 2999
f 2946 3054 2853
f 2971 2964 2933
f 3005 2966 2921
f 2954 2975 2939
f 2984 2955 2947
f 2931 2956 3014
f 3008 3085 2948
f 3042 3008 2948
f 2958 2976 2905
f 3046 2968 2870
f 2951 3099 2986
f 2941 3059 3100
f 3017 2942 2943
f 3138 3029 2861
f 2889 2868 3038
f 2915 3038 2868
f 2869 2978 2934
f 2953 3039 3020
f 2908 2980 3101
f 2964 2971 2963
f 2929 3067 2938
f 3004 2921 2966
f 2922 3006 3023
f 3085 3014 2956
f 2956 2948 3085
f 2976 2923 2957
f 3015 2976 2958
f 2940 2850 3009
f 3053 3081 2924
f 2924 2998 3053
f 2925 2981 3046
f 3022 2880 3000
f 3038 3051 2889
f 2915 2898 3018
f 2898 3019 3018
f 2967 2978 3044
f 2997 3060 2918
f 3039 2908 3101
f 2988 3045 9754
f 3040 2963 3089
f 2971 3089 2963
f 2936 2965 3033
f 3067 3057 2938
f 3067 2929 3075
f 3002 3075 2929
f 2930 2992 2983
f 3007 2984 2910
f 2931 3014 3007
f 3016 2985 2906
f 2906 2986 3016
f 2996 2962 2979
f 2959 2970 3047
f 3035 3034 2972
f 3065 3035 2972
f 2972 2982 3065
f 3066 3012 2937
f 2983 2991 2930
f 2993 2955 3013
f 2910 2931 3007
f 2923 2976 3037
f 3030 3019 2890
f 3030 2907 3070
f 2967 2977 3031
f 2977 2967 3044
f 2869 2962 2996
f 2998 2968 3115
f 2946 2839 3088
f 3047 3000 2959
f 3064 2970 2927
f 2971 2933 3041
f 2884 2885 2990
f 2990 2885 3034
f 2973 3006 2922
f 2975 3084 2974
f 3036 3013 2955
f 3028 3027 2897
f 2995 3028 2897
f 2897 2912 2995
f 2942 3017 3050
f 3051 2961 2952
f 3018 3038 2915
f 2978 2869 3113
f 3103 2857 3140
f 3063 3140 2857
f 3054 3021 2989
f 3003 2991 3118
f 2992 3048 3263
f 2954 2993 3013
f 2955 2984 3036
f 3008 3042 3160
f 3068 2786 3025
f 2941 2960 3059
f 3051 3199 2961
f 3069 3018 3019
f 2979 3052 3072
f 2997 3020 3061
f 2998 3115 3126
f 3046 2981 3073
f 2950 3073 2981
f 2969 3103 2950
f 2999 3116 3011
f 2999 2989 3021
f 3047 2970 3147
f 3064 3027 3032
f 3033 3041 2936
f 3002 3003 3075
f 3150 3075 3003
f 3109 3048 3004
f 2975 2954 3024
f 3096 3058 2984
f 2984 3007 3096
f 3007 3014 3110
f 3135 3015 2958
f 3026 3135 2958
f 2940 3049 3026
f 2996 2979 3072
f 3021 3116 2999
f 3141 3054 2946
f 2946 3088 3141
f 3083 2983 2992
f 2992 3263 3083
f 3004 2966 3093
f 3023 3006 3095
f 2973 2974 3084
f 3160 3133 3008
f 2912 2985 2995
f 3016 2986 3043
f 3111 3100 3059
f 3199 2944 2961
f 3019 3030 3069
f 3113 3044 2978
f 3060 2997 3155
f 3061 3155 2997
f 3039 3061 3020
f 3114 3080 2980
f 3102 3045 2988
f 3164 3115 2968
f 3046 3164 2968
f 2839 3022 3104
f 3022 3000 3105
f 3047 3105 3000
f 2971 3041 3055
f 3005 3023 3095
f 3084 3159 2973
f 3145 3084 2975
f 3133 3085 3008
f 3068 3025 3120
f 2940 3009 3121
f 3028 3032 3027
f 3181 3017 3029
f 3051 3038 3163
f 3031 2977 3087
f 2869 2996 3071
f 3063 3011 3167
f 3116 3167 3011
f 3092 3091 2965
f 3172 3001 2884
f 2884 2990 3172
f 3118 3150 3003
f 3006 2973 3159
f 2975 3024 3119
f 2995 2985 3146
f 2985 3016 3146
f 3112 2960 2942
f 3029 3138 3181
f 3030 3070 3184
f 3061 3039 3079
f 3101 3079 3039
f 3080 3101 2980
f 2950 3103 3129
f 3104 3022 3105
f 3091 3033 2965
f 3056 3012 3066
f 3093 3109 3004
f 3119 3176 2975
f 3013 3036 3131
f 2994 3160 3042
f 3015 3097 2976
f 3049 2940 3152
f 3121 3152 2940
f 3137 3059 2960
f 3112 2942 3154
f 2942 3050 3154
f 2977 3044 3207
f 3113 2869 3071
f 3125 3114 3045
f 3102 3125 3045
f 3073 3164 3046
f 3104 3088 2839
f 3147 3156 3047
f 3089 2971 3082
f 2990 3034 3173
f 3118 2991 3108
f 3093 2966 3094
f 3005 3094 2966
f 3159 3095 3006
f 3131 3024 3013
f 3058 3036 2984
f 3007 3110 3178
f 3040 3121 3009
f 3146 3153 2995
f 3181 3050 3017
f 3163 3199 3051
f 3038 3018 3077
f 3070 3010 3185
f 2987 3185 3010
f 2987 3087 3078
f 3072 3071 2996
f 3122 3072 3052
f 3052 3060 3122
f 3102 3081 3062
f 3073 2950 3129
f 3105 3047 3156
f 2971 3055 3082
f 3055 3041 3090
f 3033 3090 3041
f 3074 3191 2982
f 3117 3057 3107
f 3057 3067 3107
f 3095 3144 3005
f 3084 3220 3159
f 3120 3025 3190
f 2932 3190 3025
f 3135 3026 3049
f 3086 3163 3038
f 3123 3155 3061
f 3140 3063 3166
f 3167 3166 3063
f 3168 3021 3054
f 3147 2970 3197
f 3130 3197 2970
f 2970 3064 3130
f 3032 3130 3064
f 3001 3172 3106
f 3173 3172 2990
f 3035 3173 3034
f 3191 3074 3012
f 3067 3075 3149
f 2991 2983 3108
f 3143 3108 2983
f 3281 3263 3048
f 3048 3109 3281
f 3145 2975 3176
f 3007 3178 3096
f 3132 3110 3014
f 3014 3085 3132
f 3037 2976 3180
f 3135 3097 3015
f 3121 3040 3098
f 3077 3086 3038
f 3069 3030 3223
f 3185 3184 3070
f 3060 3155 3122
f 3126 3115 3127
f 3166 3165 3140
f 3141 3168 3054
f 3040 3089 3098
f 3083 3143 2983
f 3190 2932 3278
f 2932 3076 3278
f 3134 3076 3037
f 3028 2995 3157
f 2995 3153 3157
f 3264 3111 3059
f 3059 3137 3264
f 2960 3112 3137
f 3162 3154 3050
f 3050 3181 3162
f 3222 3138 2944
f 3079 3101 3124
f 9753 3062 3081
f 3166 3167 3247
f 3116 3021 3182
f 3021 3168 3182
f 3202 3130 3032
f 3082 3170 3089
f 3144 3094 3005
f 3145 3220 3084
f 3258 3132 3085
f 3133 3258 3085
f 2994 3068 3179
f 3120 3179 3068
f 3037 3180 3134
f 3097 3180 2976
f 3032 3028 3157
f 3043 3146 3016
f 3113 3207 3044
f 3124 3123 3061
f 3061 3079 3124
f 3140 3165 3103
f 3188 3141 3088
f 3211 3170 3082
f 3055 3090 3142
f 3091 3092 3171
f 3203 3171 3092
f 3092 3001 3203
f 3106 3203 3001
f 3191 3012 3158
f 3012 3056 3158
f 3174 3149 3075
f 3075 3150 3174
f 3134 3278 3076
f 3218 3180 3097
f 2944 3199 3222
f 3266 3018 3069
f 3223 3266 3069
f 3101 3080 3237
f 3062 3125 3102
f 3088 3104 3188
f 3105 3156 3169
f 3157 3202 3032
f 3082 3055 3211
f 2982 3288 3065
f 3056 3066 3117
f 3118 3108 3175
f 3189 3131 3036
f 3152 3121 3098
f 3136 3043 2986
f 2986 3099 3136
f 3077 3018 3205
f 3266 3205 3018
f 3207 3235 2977
f 3080 3200 3237
f 3193 3200 3080
f 3080 3114 3193
f 3114 3125 3193
f 3267 3164 3128
f 3164 3073 3128
f 3167 3116 3182
f 3105 3169 3104
f 3170 3098 3089
f 3142 3211 3055
f 3191 3288 2982
f 3144 3095 3192
f 3159 3192 3095
f 3177 3231 3119
f 3036 3058 3189
f 3099 3100 3136
f 3100 3111 3136
f 3161 3264 3137
f 3223 3030 3184
f 3255 3087 2977
f 3207 3113 3139
f 3113 3071 3139
f 3071 3072 3244
f 3125 3062 3285
f 3073 3129 3194
f 3165 3194 3103
f 3195 3188 3104
f 3065 3173 3035
f 3056 3117 3148
f 3107 3067 3204
f 3143 3175 3108
f 3360 3109 3093
f 3094 3360 3093
f 3176 3119 3231
f 3151 3189 3058
f 3058 3096 3151
f 3198 3097 3135
f 3135 3049 3152
f 3331 3161 3137
f 3137 3112 3331
f 3162 3221 3154
f 3181 3138 3213
f 3185 2987 3206
f 3078 3206 2987
f 3078 3087 3255
f 3129 3103 3194
f 3148 3158 3056
f 3149 3204 3067
f 3175 3150 3118
f 3220 3145 3243
f 3176 3243 3145
f 3131 3189 3177
f 3122 3155 3236
f 3237 3124 3101
f 3356 3127 3115
f 3115 3164 3356
f 3194 3128 3073
f 3156 3147 3196
f 3197 3196 3147
f 3142 3090 3262
f 3258 3178 3110
f 3110 3132 3258
f 3198 3135 3152
f 3183 3146 3043
f 3136 3183 3043
f 3323 3136 3111
f 3111 3264 3323
f 3112 3154 3254
f 3234 3254 3154
f 3221 3234 3154
f 3182 3168 3187
f 3168 3141 3201
f 3169 3195 3104
f 9559 3262 3090
f 3090 3033 9559
f 3091 9559 3033
f 3173 3065 3240
f 3158 3148 3241
f 3270 3143 3083
f 3192 3159 3242
f 3189 3209 3177
f 2994 3229 3160
f 3152 3098 3259
f 3254 3331 3112
f 3222 3199 3214
f 3215 3199 3163
f 3255 3206 3078
f 3236 3245 3122
f 3186 3236 3155
f 3155 3123 3186
f 3182 3247 3167
f 3168 3201 3187
f 3188 3201 3141
f 3202 3157 3226
f 3232 3226 3157
f 3098 3170 3219
f 3211 3219 3170
f 3212 3106 3172
f 3172 3173 3212
f 3117 3107 3204
f 3204 3149 3397
f 3243 3176 3231
f 3177 3209 9932
f 3178 3258 3228
f 3179 3277 2994
f 3198 3218 3097
f 3162 3181 3284
f 3181 3213 3284
f 3332 3086 3077
f 3185 3224 3184
f 2977 3235 3255
f 3225 3072 3122
f 3122 3245 3225
f 3267 3293 3164
f 3216 3156 3196
f 3283 3232 3153
f 3153 3146 3283
f 3146 3183 3283
f 3136 3233 3183
f 3323 3233 3136
f 3222 3213 3138
f 3086 3215 3163
f 3301 3223 3184
f 3224 3301 3184
f 3206 3224 3185
f 3225 3244 3072
f 3272 3123 3124
f 3285 3193 3125
f 3165 3208 3194
f 3166 3305 3165
f 3195 3169 3248
f 3217 3096 3178
f 3228 3217 3178
f 3160 3229 3249
f 3262 3287 3142
f 3240 3212 3173
f 3337 3349 3191
f 3158 3337 3191
f 3149 3174 3230
f 3094 3144 3282
f 3220 3242 3159
f 3243 3271 3220
f 9932 3231 3177
f 3273 3246 3126
f 3126 3127 3273
f 3293 3356 3164
f 3208 3304 3194
f 3182 3187 3247
f 3295 3188 3195
f 3297 3189 3151
f 3239 3151 3096
f 3258 3133 3276
f 3133 3249 3276
f 3133 3160 3249
f 3179 3120 3250
f 3190 3250 3120
f 3279 3134 3180
f 3210 3279 3180
f 3198 3152 3310
f 3259 3098 3268
f 3211 3142 3261
f 3287 3261 3142
f 3288 3191 3349
f 3337 3158 3241
f 3148 3117 3378
f 3280 3174 3150
f 3150 3175 3280
f 3175 3143 3350
f 3083 3263 3270
f 3192 3282 3144
f 3205 3332 3077
f 3236 3186 3256
f 3292 3285 3062
f 3062 9753 3292
f 3294 3187 3201
f 3201 3188 3294
f 3216 3248 3169
f 3156 3216 3169
f 3202 3226 3286
f 3217 3239 3096
f 3218 3210 3180
f 3171 3203 3251
f 3280 3230 3174
f 3360 3094 3282
f 3284 3221 3162
f 3215 3214 3199
f 3086 3332 3265
f 3128 3194 3274
f 3130 3202 3286
f 3226 3232 9929
f 3298 3297 3151
f 3239 3298 3151
f 3277 3229 2994
f 3171 9559 3091
f 3288 3240 3065
f 3117 3204 3378
f 3397 3149 3328
f 3270 3252 3143
f 3213 3222 3364
f 3235 3207 3139
f 3186 3123 3257
f 3272 3257 3123
f 3237 3272 3124
f 3194 3304 3274
f 3208 3165 3305
f 3306 3247 3187
f 3187 3294 3306
f 3295 3195 3248
f 3197 3130 3238
f 3297 3227 3189
f 3252 3350 3143
f 3367 3270 3263
f 3282 3192 3368
f 3242 3220 3313
f 3183 3233 3315
f 3254 3234 3340
f 3222 3214 3364
f 3215 3086 3289
f 3266 3223 3290
f 3317 3139 3071
f 3071 3244 3317
f 3356 3273 3127
f 3286 3238 3130
f 3286 3226 9929
f 3366 3318 3249
f 3249 3229 3366
f 3259 3310 3152
f 3336 3219 3211
f 3106 3251 3203
f 3241 3148 3321
f 3378 3321 3148
f 3282 3329 3360
f 3271 3243 3330
f 9940 3243 3231
f 9932 9940 3231
f 3283 3253 3232
f 3214 3215 3300
f 3289 3300 3215
f 3332 3205 3369
f 3224 3206 3341
f 3302 3255 3235
f 3236 3256 3245
f 3365 3272 3237
f 3291 3365 3237
f 3237 3200 3291
f 3200 3193 3291
f 3285 3291 3193
f 3248 3216 3275
f 3419 3298 3239
f 3260 3268 3219
f 3211 3261 3459
f 3251 3106 3312
f 3106 3212 3312
f 3230 3328 3149
f 3175 3350 3280
f 3271 3313 3220
f 3265 3289 3086
f 3266 3369 3205
f 3301 3224 3341
f 3317 3303 3139
f 3306 3405 3247
f 3276 3249 3318
f 3190 3278 3481
f 3278 3134 3393
f 3218 3198 3310
f 3230 3280 3398
f 3281 3109 3448
f 3424 3283 3183
f 3183 3315 3424
f 3340 3363 3254
f 3214 3300 3364
f 3305 3166 3372
f 3247 3372 3166
f 3405 3335 3247
f 3307 3306 3294
f 3308 3294 3188
f 3188 3295 3308
f 3216 3196 3275
f 3309 3343 3196
f 3196 3197 3309
f 3197 3238 3309
f 3228 3258 3276
f 3366 3229 3277
f 3277 3179 3358
f 3250 3358 3179
f 3134 3279 3393
f 3269 3262 9559
f 3311 3269 9559
f 9559 3171 3311
f 3251 3375 3171
f 3288 3299 3240
f 3270 3367 3379
f 3242 3313 3380
f 3330 3243 3338
f 9940 3338 3243
f 3362 3323 3264
f 3264 3161 3362
f 3221 3340 3234
f 3290 3463 3266
f 3206 3255 3342
f 3235 3139 3303
f 3225 3317 3244
f 3333 3256 3186
f 3186 3257 3333
f 3267 3128 3325
f 3274 3325 3128
f 3227 3297 3296
f 3228 3276 3217
f 3327 3276 3318
f 3346 3279 3210
f 3259 3268 3319
f 3459 3336 3211
f 3375 3311 3171
f 3240 3312 3212
f 3321 3337 3241
f 3368 3192 3380
f 3192 3242 3380
f 3330 3382 3271
f 3233 3323 3315
f 3401 3284 3213
f 3213 3364 3401
f 3255 3302 3342
f 3246 3273 3387
f 3293 3267 3325
f 3372 3247 3335
f 3326 3295 3248
f 3275 3326 3248
f 3259 3395 3310
f 3261 3320 3459
f 3379 3422 3270
f 3263 3281 3367
f 3448 3367 3281
f 3381 3313 3361
f 3313 3271 3361
f 3382 3361 3271
f 3314 3322 3253
f 3253 3283 3314
f 3290 3223 3301
f 3341 3206 3435
f 3342 3435 3206
f 3404 3370 3285
f 3356 3293 3334
f 3304 3208 3456
f 3305 3456 3208
f 3275 3196 3343
f 3344 3238 3286
f 9929 3344 3286
f 3239 3217 3419
f 3391 3419 3217
f 3217 3276 3327
f 3218 3310 3347
f 3260 3319 3268
f 3287 3320 3261
f 3299 3288 3412
f 3349 3412 3288
f 3422 3252 3270
f 3338 9940 3339
f 3369 3266 3316
f 3463 3316 3266
f 3301 3341 3384
f 3285 3292 3404
f 3427 3325 3274
f 3308 3307 3294
f 3344 9929 9918
f 3366 3277 3374
f 3319 3395 3259
f 3287 3262 3269
f 3337 3321 3396
f 3350 3252 3414
f 3329 3282 3368
f 3283 3424 3314
f 3340 3221 3324
f 3352 3324 3221
f 3221 3284 3352
f 3401 3352 3284
f 3353 3289 3265
f 3384 3354 3301
f 3225 3245 3355
f 3428 3456 3305
f 3372 3428 3305
f 3306 3307 3373
f 3308 3295 3523
f 3327 3318 3468
f 3392 3358 3250
f 3250 3190 3392
f 3481 3392 3190
f 3278 3393 3481
f 3393 3279 3345
f 3346 3345 3279
f 3260 3219 3348
f 3336 3348 3219
f 3375 3251 3411
f 3240 3299 3376
f 3397 3378 3204
f 3433 3414 3252
f 3380 3313 3381
f 3315 3323 3400
f 3475 3331 3254
f 3363 3475 3254
f 3303 3302 3235
f 3370 3291 3285
f 3334 3293 3325
f 3371 3427 3274
f 3274 3304 3371
f 3373 3405 3306
f 3488 3295 3326
f 3298 3419 3297
f 3374 3277 3358
f 3320 3287 3420
f 3269 3420 3287
f 3312 3411 3251
f 3422 3433 3252
f 3360 3448 3109
f 3339 3351 3338
f 3323 3362 3400
f 3362 3161 3485
f 3363 3340 3425
f 3300 3289 3402
f 3296 3297 9938
f 3357 3217 3327
f 3210 3218 3347
f 3410 3420 3269
f 3269 3311 3410
f 3376 3312 3240
f 3349 3337 3377
f 3432 3378 3397
f 3444 3328 3230
f 3230 3398 3444
f 3280 3350 3398
f 3338 3382 3330
f 3400 3383 3315
f 3475 3161 3331
f 3342 3302 3385
f 3389 3303 3317
f 3256 3333 3386
f 3272 3333 3257
f 3438 3334 3325
f 3523 3307 3308
f 3275 3343 3417
f 3457 3345 3346
f 3347 3346 3210
f 3395 3347 3310
f 3260 3442 3319
f 3411 3312 3376
f 3396 3377 3337
f 3413 3396 3321
f 3359 3413 3321
f 3321 3378 3359
f 3449 3448 3360
f 3338 3351 3451
f 3161 3475 3485
f 3324 3425 3340
f 3353 3402 3289
f 3353 3265 3453
f 3265 3332 3453
f 3354 3403 3301
f 3291 3390 3365
f 3456 3371 3304
f 3442 3458 3319
f 3431 3348 3336
f 3414 3398 3350
f 3360 3329 3399
f 3423 3322 3314
f 3364 3300 3402
f 3369 3453 3332
f 3317 3225 3476
f 3225 3355 3476
f 3355 3245 3386
f 3245 3256 3386
f 3415 3386 3333
f 3333 3272 3455
f 3272 3365 3455
f 3291 3370 3390
f 3273 3356 3426
f 3334 3426 3356
f 3488 3523 3295
f 3326 3275 3416
f 3275 3417 3416
f 3217 3357 3391
f 3457 3346 3408
f 3348 3442 3260
f 3399 3329 3560
f 3368 3560 3329
f 3368 3380 3450
f 3485 3400 3362
f 3364 3402 3401
f 3290 3464 3463
f 3435 3384 3341
f 3303 3506 3302
f 3389 3317 3476
f 3488 3326 3406
f 3406 3326 3416
f 3238 3344 3430
f 9919 3430 3344
f 9925 9919 3344
f 3327 3468 3497
f 3407 3468 3318
f 3490 3318 3366
f 3366 3374 3490
f 3347 3408 3346
f 3388 3347 3395
f 3319 3458 3395
f 3412 3349 3377
f 3450 3503 3368
f 3361 3445 3381
f 3383 3424 3315
f 3437 3365 3390
f 3387 3273 3467
f 3438 3325 3427
f 3335 3428 3372
f 3335 3405 3478
f 3405 3373 3429
f 3343 3496 3417
f 3343 3309 3479
f 3480 3479 3309
f 3309 3238 3480
f 3297 3419 3418
f 3327 3497 3357
f 3394 3408 3347
f 3409 3394 3347
f 3432 3359 3378
f 3422 3379 3434
f 3382 3445 3361
f 3301 3403 3290
f 3342 3385 3436
f 3437 3455 3365
f 3467 3404 3387
f 3392 3491 3358
f 3388 3409 3347
f 3399 3474 3360
f 3381 3450 3380
f 3382 3338 3451
f 3314 3424 3461
f 3370 3404 3466
f 3438 3495 3334
f 3371 3456 3549
f 3496 3343 3479
f 3418 9938 3297
f 3357 3440 3391
f 3374 3358 3491
f 3420 3410 3421
f 3410 3375 3443
f 3411 3443 3375
f 3377 3511 3412
f 3432 3397 3328
f 3474 3449 3360
f 3586 3450 3381
f 3445 3586 3381
f 3436 3385 3506
f 3385 3302 3506
f 3427 3549 3439
f 3427 3371 3549
f 3594 3373 3307
f 3419 3391 3440
f 3491 3527 3374
f 3392 3481 3441
f 3469 3481 3393
f 3393 3345 3469
f 3345 3457 3469
f 3408 3394 3457
f 3482 3457 3394
f 3409 3446 3394
f 3409 3388 3517
f 3459 3431 3336
f 3443 3421 3410
f 3299 3412 3511
f 3353 3453 3487
f 3463 3547 3316
f 3384 3435 3513
f 3436 3435 3342
f 3465 3303 3389
f 3415 3355 3386
f 3507 3467 3273
f 3426 3507 3273
f 3478 3428 3335
f 3307 3523 3594
f 3416 3417 3543
f 3418 9939 9938
f 3491 3392 3611
f 3643 3611 3392
f 3441 3643 3392
f 3442 3348 3447
f 3431 3447 3348
f 3377 3396 3501
f 3413 3501 3396
f 3432 3328 3532
f 3434 3433 3422
f 3379 3367 3460
f 3561 3445 3382
f 3451 3561 3382
f 3461 3423 3314
f 3452 3461 3424
f 3424 3383 3452
f 3363 3425 3546
f 3462 3425 3324
f 3464 3290 3521
f 3403 3521 3290
f 3506 3303 3465
f 3355 3415 3454
f 3415 3333 3455
f 3390 3370 3437
f 3467 3466 3404
f 3439 3438 3427
f 3428 3477 3456
f 3405 3508 3478
f 3496 3543 3417
f 3430 3480 3238
f 3418 3419 3524
f 3394 3446 3537
f 3395 3458 3388
f 3431 3459 3572
f 3421 3470 3420
f 3443 3411 3518
f 3376 3518 3411
f 3376 3299 3472
f 3511 3377 3473
f 3475 3363 3546
f 3352 3401 3486
f 3402 3353 3563
f 3513 3435 3609
f 3455 3454 3415
f 3455 3437 3514
f 3478 3477 3428
f 3429 3508 3405
f 3509 3429 3373
f 3357 3525 3440
f 3318 3490 3407
f 3527 3490 3374
f 3482 3556 3457
f 3394 3537 3482
f 3446 3409 3517
f 3458 3442 3499
f 3447 3499 3442
f 3320 3420 3470
f 3471 3421 3443
f 3518 3471 3443
f 3518 3376 3492
f 3299 3511 3472
f 3413 3359 3483
f 3585 3328 3444
f 3538 3444 3398
f 3414 3538 3398
f 3367 3448 3460
f 3560 3474 3399
f 3451 3351 9935
f 3461 3484 3423
f 3462 3324 3577
f 3352 3577 3324
f 3402 3563 3512
f 3640 3563 3353
f 3466 3437 3370
f 3495 3426 3334
f 3373 3594 3509
f 3419 3440 3524
f 3376 3472 3492
f 3501 3473 3377
f 3532 3359 3432
f 3414 3433 3434
f 3449 3460 3448
f 3505 3383 3590
f 3546 3425 3462
f 3512 3486 3401
f 3401 3402 3512
f 3487 3640 3353
f 3436 3609 3435
f 3389 3476 3548
f 3581 3466 3467
f 3549 3456 3477
f 3429 3509 3522
f 3480 3430 3544
f 3489 9939 3418
f 3418 3524 3489
f 3526 3407 3490
f 3556 3469 3457
f 3498 3388 3458
f 3499 3498 3458
f 3447 3431 3614
f 3572 3614 3431
f 3434 3379 3615
f 3560 3368 3503
f 3586 3503 3450
f 3505 3452 3383
f 3383 3400 3545
f 3400 3591 3545
f 3400 3485 3591
f 3369 3316 3578
f 3547 3578 3316
f 3354 3384 3602
f 3355 3454 3619
f 3440 3525 3604
f 3550 3497 3468
f 3468 3407 3550
f 3536 3482 3537
f 3388 3498 3510
f 3530 3511 3473
f 3473 3501 3531
f 3538 3414 3539
f 3533 3615 3379
f 3379 3460 3533
f 3474 3519 3449
f 3560 3519 3474
f 3561 3451 3493
f 3451 9935 3493
f 3590 3383 3545
f 3486 3577 3352
f 3487 3453 3592
f 3369 3592 3453
f 3513 3602 3384
f 3436 3506 3610
f 3476 3355 3548
f 3507 3426 3494
f 3438 3439 3495
f 3479 3480 3516
f 3544 3516 3480
f 3481 3469 3634
f 3517 3388 3510
f 3470 3421 3500
f 3471 3500 3421
f 3434 3539 3414
f 3504 3484 3461
f 3461 3452 3504
f 3452 3505 3504
f 3475 3546 3617
f 3577 3698 3462
f 3547 3463 3540
f 3464 3540 3463
f 3465 3389 3603
f 3507 3581 3467
f 3426 3495 3494
f 3508 3429 3522
f 3583 3543 3496
f 3622 3604 3525
f 3517 3510 3605
f 3518 3558 3471
f 3531 3530 3473
f 3502 3501 3483
f 3561 3588 3445
f 3484 3504 3562
f 3592 3369 3578
f 3579 3403 3354
f 3602 3579 3354
f 3506 3465 3603
f 3619 3548 3355
f 3514 3542 3455
f 3514 3437 3515
f 3495 3439 3631
f 3477 3478 3743
f 3406 3621 3488
f 3479 3583 3496
f 3441 3481 3634
f 3537 3446 3553
f 3446 3517 3553
f 3558 3500 3471
f 3502 3531 3501
f 3532 3328 3574
f 3519 3560 3534
f 3671 3591 3485
f 3485 3475 3671
f 3602 3513 3609
f 3610 3506 3618
f 3389 3548 3603
f 3541 3619 3454
f 3542 3454 3455
f 3437 3466 3515
f 3508 3743 3478
f 3508 3522 3567
f 3595 3523 3488
f 3621 3595 3488
f 3416 3543 3621
f 3526 3550 3407
f 3527 3526 3490
f 3611 3649 3491
f 3556 3528 3469
f 3529 3572 3459
f 3459 3320 3529
f 3470 3529 3320
f 3472 3511 3559
f 3573 3624 3483
f 3483 3359 3573
f 3679 3539 3434
f 3636 3505 3590
f 3637 3545 3591
f 3475 3617 3608
f 3512 3520 3486
f 3540 3464 3521
f 3542 3541 3454
f 3515 3542 3514
f 3494 3675 3507
f 3549 3477 3565
f 3684 3565 3477
f 3406 3416 3621
f 3489 3524 3569
f 3550 3357 3497
f 3571 3528 3556
f 3553 3517 3613
f 3605 3613 3517
f 3518 3492 3635
f 3492 3472 3635
f 3559 3511 3530
f 3328 3585 3574
f 3533 3460 3748
f 3493 9935 3555
f 3577 3486 3629
f 3520 3629 3486
f 3609 3436 3610
f 3743 3508 3566
f 3535 3600 3524
f 3524 3440 3535
f 3527 3491 3551
f 3649 3551 3491
f 3528 3634 3469
f 3612 3482 3536
f 3702 3510 3498
f 3557 3702 3498
f 3498 3499 3557
f 3558 3554 3500
f 3559 3635 3472
f 3359 3532 3573
f 3434 3615 3679
f 3722 3460 3449
f 3534 3625 3519
f 3604 3535 3440
f 3528 3571 3570
f 3536 3537 3552
f 3553 3552 3537
f 3470 3500 3554
f 3558 3518 3685
f 3587 3685 3518
f 3444 3538 3585
f 3625 3722 3449
f 3449 3519 3625
f 3560 3503 3616
f 3555 9933 3576
f 3475 3608 3671
f 3546 3462 3617
f 3564 3563 3640
f 3743 3684 3477
f 3567 3566 3508
f 3568 3522 3509
f 3516 3544 3598
f 9921 3598 3544
f 3589 3562 3504
f 3627 3504 3505
f 3505 3636 3627
f 3512 3563 3639
f 3579 3521 3403
f 3603 3618 3506
f 3541 3674 3619
f 9571 3515 3466
f 3675 3581 3507
f 3621 3543 3646
f 3543 3583 3646
f 3583 3479 3596
f 3516 3596 3479
f 3598 3597 3516
f 3600 3569 3524
f 3584 3556 3482
f 3612 3584 3482
f 3613 3552 3553
f 3575 3585 3538
f 3538 3539 3575
f 3748 3615 3533
f 3588 3561 3626
f 3493 3555 3576
f 3601 3526 3527
f 3584 3571 3556
f 3668 3584 3612
f 3499 3447 3614
f 3657 3572 3529
f 3470 3657 3529
f 3679 3575 3539
f 3503 3586 3616
f 3561 3493 3626
f 3607 3576 3562
f 3589 3607 3562
f 3504 3627 3589
f 3724 3547 3540
f 3580 3542 3515
f 9571 3580 3515
f 3597 3596 3516
f 3622 3525 3623
f 3525 3357 3623
f 3550 3623 3357
f 3612 3536 3552
f 3470 3554 3657
f 3635 3587 3518
f 3530 3531 3694
f 3532 3574 3721
f 3585 3575 3644
f 3645 3625 3534
f 3606 3616 3586
f 3626 3493 3661
f 3576 3661 3493
f 3545 3637 3628
f 3617 3462 3662
f 3698 3662 3462
f 3698 3577 3629
f 3592 3578 3663
f 3547 3663 3578
f 3675 3582 3581
f 3632 3439 3549
f 3549 3565 3632
f 3567 3522 3593
f 3641 3568 3509
f 3509 3594 3641
f 3633 3594 3523
f 3523 3595 3633
f 3540 3521 3724
f 3580 3620 3542
f 3632 3631 3439
f 3566 3567 3725
f 3693 3593 3522
f 3522 3568 3693
f 3646 3583 3708
f 3583 3700 3708
f 3599 3598 9916
f 9916 3569 3599
f 3600 3599 3569
f 3441 3634 3650
f 3570 3634 3528
f 3613 3605 3709
f 3702 3605 3510
f 3534 3560 3687
f 3616 3687 3560
f 3586 3445 3606
f 3588 3606 3445
f 3607 3661 3576
f 3614 3557 3499
f 3652 3624 3573
f 3573 3532 3652
f 3585 3644 3574
f 3545 3636 3590
f 3591 3671 3637
f 3512 3639 3520
f 3723 3640 3487
f 3592 3723 3487
f 3521 3579 3733
f 3494 3495 3664
f 3631 3682 3495
f 3633 3641 3594
f 3583 3596 3700
f 3604 3600 3535
f 3551 3601 3527
f 3685 3587 3686
f 9617 3531 3502
f 3575 3679 3670
f 3626 3660 3588
f 3579 3602 3740
f 3602 3609 3740
f 3620 3541 3542
f 3682 3664 3495
f 3550 3526 3648
f 3526 3601 3648
f 3767 3709 3605
f 3757 3559 3530
f 3530 3694 3757
f 3721 3652 3532
f 3687 3659 3534
f 3606 3588 3660
f 3654 3661 3607
f 3629 3520 3689
f 3638 3689 3520
f 3656 3674 3541
f 3720 3632 3565
f 3595 3621 3642
f 3599 3597 3598
f 3767 3605 3702
f 3557 3614 3669
f 3614 3572 3703
f 3670 3679 3696
f 3615 3748 3779
f 3659 3645 3534
f 3589 3654 3607
f 3627 3636 3655
f 3628 3636 3545
f 3689 3672 3629
f 3690 3639 3563
f 3563 3564 3690
f 3547 3724 3705
f 3618 3603 3715
f 3741 3548 3619
f 3619 3674 3741
f 3541 3620 3716
f 3682 3631 3630
f 3642 3621 3646
f 3708 3700 3699
f 3552 3613 3677
f 3657 3554 3728
f 3554 3558 3658
f 3635 3686 3587
f 3729 3694 3531
f 3531 9617 3729
f 3652 9616 3624
f 3661 3660 3626
f 3520 3639 3638
f 3609 3610 3809
f 3494 3664 3752
f 3631 3632 3683
f 3743 3566 3707
f 3596 3597 3665
f 3666 3599 3600
f 3600 3604 3666
f 3622 3623 3647
f 3550 3647 3623
f 3651 3668 3612
f 3612 3552 3651
f 3557 3669 3702
f 3644 3575 3653
f 3687 3616 3697
f 3655 3654 3589
f 3589 3627 3655
f 3628 3771 3636
f 3671 3608 3819
f 3723 3564 3640
f 3663 3547 3681
f 3705 3681 3547
f 3733 3739 3521
f 3740 3673 3579
f 3716 3656 3541
f 3580 9571 3620
f 3717 3620 9571
f 3675 3717 3582
f 3683 3630 3631
f 3684 3720 3565
f 3593 3725 3567
f 3595 3642 3735
f 3700 3596 3665
f 3597 3599 3665
f 3667 3622 3647
f 3611 3643 3800
f 3441 3800 3643
f 3709 3677 3613
f 3657 3703 3572
f 3685 3658 3558
f 3679 3615 3779
f 3460 3722 3738
f 3711 3645 3659
f 3660 3712 3606
f 3759 3690 3564
f 3739 3724 3521
f 3809 3610 3773
f 3707 3566 3692
f 3744 3708 3699
f 3667 3604 3622
f 3648 3754 3550
f 3649 3611 3800
f 3570 3650 3634
f 3584 3668 3676
f 3614 3745 3669
f 3635 3704 3686
f 3653 3575 3678
f 3678 3575 3670
f 3697 3616 3712
f 3616 3606 3712
f 3771 3655 3636
f 3714 3628 3637
f 3637 3671 3714
f 3706 3603 3548
f 3548 3741 3706
f 3620 3717 3761
f 3752 3675 3494
f 3683 3632 3719
f 3720 3719 3632
f 3566 3725 3692
f 3726 3641 3633
f 3667 3647 3753
f 3647 3550 3754
f 3676 3571 3584
f 3668 3651 3766
f 3745 3614 3803
f 3559 3704 3635
f 3738 3748 3460
f 3780 3722 3625
f 3660 3661 3688
f 3661 3654 3688
f 3608 3617 3680
f 3732 3617 3662
f 3698 3732 3662
f 3672 3698 3629
f 3639 3690 3638
f 3723 3592 3856
f 3663 3856 3592
f 3673 3733 3579
f 3809 3740 3609
f 3762 3726 3633
f 3633 3595 3762
f 3595 3735 3762
f 3735 3642 3646
f 3599 3736 3665
f 3552 3677 3651
f 3645 3780 3625
f 3645 3711 3780
f 3819 3714 3671
f 3750 3773 3610
f 3610 3618 3750
f 3741 3674 3656
f 3716 3691 3656
f 3752 3664 3774
f 3666 3736 3599
f 3765 3666 3604
f 3604 3667 3765
f 3703 3803 3614
f 3652 3721 3695
f 3721 3574 3746
f 3722 3780 3804
f 3712 3660 3730
f 3714 3771 3628
f 3732 3698 3772
f 3783 3772 3698
f 3618 3715 3760
f 3664 3682 3774
f 3630 3774 3682
f 3683 3719 3630
f 3800 3441 3650
f 3554 3710 3728
f 3554 3658 3710
f 3757 3704 3559
f 3794 3729 9617
f 3795 3794 9616
f 3652 3795 9616
f 3818 3644 3653
f 3678 3818 3653
f 3660 3688 3730
f 3713 3730 3688
f 3856 3663 3681
f 3760 3750 3618
f 3706 3715 3603
f 3717 3675 3718
f 3707 3775 3743
f 3708 3735 3646
f 3676 3668 3766
f 3727 3703 3657
f 3657 3728 3727
f 3729 3757 3694
f 3574 3644 3747
f 3679 3737 3696
f 3781 3711 3659
f 3655 3771 3713
f 3819 3608 3731
f 3680 3731 3608
f 3672 3783 3698
f 3733 3673 3840
f 3742 3718 3675
f 3742 3675 3752
f 3725 3593 3811
f 3693 3811 3593
f 3764 3744 3699
f 3699 3700 3764
f 3701 3765 3667
f 3753 3701 3667
f 3753 3647 3822
f 3754 3822 3647
f 3650 3570 3801
f 3570 3571 3755
f 3651 3677 3793
f 3710 3658 3756
f 3658 3685 3756
f 3685 3686 3756
f 3850 3756 3686
f 3686 3704 3850
f 3574 3747 3746
f 3697 3781 3659
f 3659 3687 3697
f 3564 3723 3759
f 3706 3741 3830
f 3601 3551 3786
f 3649 3786 3551
f 3891 3801 3570
f 3755 3891 3570
f 3676 3755 3571
f 3709 3793 3677
f 3767 3702 3787
f 3757 3729 3827
f 3729 3794 3788
f 3818 3747 3644
f 3711 3781 3838
f 3697 3712 3758
f 3730 3758 3712
f 3732 3680 3617
f 3807 3681 3705
f 3715 3706 3760
f 3734 3691 3716
f 3751 3734 3716
f 3620 3751 3716
f 3620 3761 3751
f 3791 3761 3717
f 3718 3791 3717
f 3720 3684 3862
f 3684 3743 3862
f 3798 3735 3708
f 3708 3744 3798
f 3700 3665 3764
f 3702 3669 3825
f 3745 3825 3669
f 3727 3803 3703
f 3850 3704 3768
f 3746 3695 3721
f 3779 3737 3679
f 3782 3713 3771
f 3749 3690 3759
f 3723 3856 3759
f 3884 3705 3724
f 3724 3739 3884
f 3811 3810 3725
f 3843 3811 3693
f 3736 3764 3665
f 3836 3648 3601
f 3800 3786 3649
f 3815 3755 3676
f 3802 3793 3709
f 3704 3757 3769
f 3788 3827 3729
f 3670 3818 3678
f 3730 3713 3770
f 3782 3770 3713
f 3741 3656 3820
f 3774 3630 3859
f 3744 3764 3812
f 3701 3753 3799
f 3836 3601 3932
f 3793 3792 3651
f 3787 3702 3825
f 3756 3845 3710
f 3778 3818 3670
f 3696 3778 3670
f 3714 3819 3771
f 3691 3820 3656
f 3821 3719 3720
f 3842 3775 3707
f 3707 3692 3842
f 3692 3725 3833
f 3833 3725 3810
f 3736 3666 3813
f 3765 3813 3666
f 3767 3802 3709
f 3825 3745 3849
f 3873 3745 3803
f 3728 3710 3826
f 3769 3768 3704
f 3777 3795 3652
f 3652 3695 3777
f 3731 3680 3882
f 3672 3689 3783
f 3749 3638 3690
f 3807 3705 3789
f 3840 3739 3733
f 3840 3673 3808
f 3752 3774 3832
f 3863 3843 3693
f 3693 3568 3863
f 3763 3762 3735
f 3798 3763 3735
f 3764 3736 3776
f 3813 3776 3736
f 3765 3701 3848
f 3799 3848 3701
f 3822 3754 3814
f 3792 3766 3651
f 3727 3728 3826
f 3827 3769 3757
f 3737 3829 3696
f 3838 3805 3711
f 3782 3771 3854
f 3732 3772 3847
f 3749 3759 3866
f 3673 3740 3808
f 3809 3808 3740
f 3830 3760 3706
f 3691 3734 3784
f 3742 3791 3718
f 3742 3752 3797
f 3862 3743 3785
f 3775 3785 3743
f 3813 3765 3835
f 3648 3836 3814
f 3786 3932 3601
f 3676 3766 3823
f 3766 3792 3823
f 3844 3802 3767
f 3767 3787 3844
f 3849 3745 3873
f 3788 3794 3828
f 3747 3881 3746
f 3829 3737 3852
f 3779 3748 3877
f 3738 3877 3748
f 3781 3697 3806
f 3730 3770 3796
f 3771 3819 3854
f 3882 3680 3855
f 3866 3879 3749
f 3856 3681 3867
f 3681 3807 3867
f 3705 3884 3789
f 3773 3750 3914
f 3841 3750 3760
f 3862 3821 3720
f 3799 3753 3822
f 3754 3648 3814
f 3800 3650 4000
f 3920 4000 3650
f 3650 3801 3920
f 3676 3823 3815
f 3873 3803 3817
f 3837 3778 3696
f 3829 3837 3696
f 3877 3738 3864
f 3861 3758 3730
f 3730 3796 3861
f 3759 3856 3866
f 3741 3820 3830
f 3691 3784 3820
f 3790 3784 3734
f 3831 3790 3751
f 3791 3831 3761
f 3832 3797 3752
f 3774 3859 3947
f 3719 3859 3630
f 3955 3568 3641
f 3641 3726 3955
f 3918 3812 3764
f 3764 3776 3918
f 3765 3848 3835
f 3793 3816 3792
f 3802 3824 3793
f 3845 3826 3710
f 3894 3852 3737
f 3737 3779 3894
f 3806 3697 3758
f 3846 3796 3770
f 3770 3782 3846
f 3854 3846 3782
f 3882 3819 3731
f 3680 3732 3847
f 3689 3638 3878
f 3749 3878 3638
f 3841 3914 3750
f 3831 3751 3761
f 3812 3798 3744
f 3799 3822 3889
f 3755 3815 3892
f 3816 3823 3792
f 3816 3793 3824
f 3802 3844 3860
f 3894 3779 3895
f 3877 3895 3779
f 3738 3722 3864
f 3722 3804 3864
f 3805 3780 3711
f 3805 3838 3959
f 3847 3855 3680
f 3783 3689 3878
f 3809 3773 3945
f 3830 3820 3857
f 3832 3774 3947
f 3776 3834 3918
f 3848 3799 3888
f 3786 3800 3890
f 4000 3890 3800
f 3920 3801 3891
f 3788 3828 3875
f 3970 3959 3838
f 3806 3758 3853
f 3865 3853 3758
f 3861 3865 3758
f 3839 3884 3739
f 3927 3840 3808
f 3808 3809 3885
f 3830 3841 3760
f 3830 3857 4007
f 3831 3791 3900
f 3869 3791 3742
f 3797 3869 3742
f 3568 3955 3863
f 3763 3798 3986
f 3918 3871 3812
f 3813 3834 3776
f 3888 3799 3889
f 3816 3824 3910
f 3802 3860 3824
f 3787 3825 3844
f 3817 3803 3967
f 3803 3727 3967
f 3826 3967 3727
f 3769 3827 3905
f 3827 3851 3905
f 3851 3827 3788
f 3788 3875 3851
f 3852 3912 3829
f 3879 3866 3898
f 3807 3789 3867
f 3868 3857 3820
f 3820 3784 3868
f 3901 3842 3692
f 3833 3901 3692
f 3823 3892 3815
f 3823 3816 3909
f 3849 3844 3825
f 3873 3817 3989
f 3893 3922 3826
f 3826 3845 3893
f 3695 3746 3968
f 3942 3864 3804
f 3805 3942 3804
f 3804 3780 3805
f 3908 3878 3749
f 3749 3879 3908
f 3739 3840 3839
f 3914 3945 3773
f 3832 3953 3797
f 3726 3762 3955
f 3870 3798 3812
f 3812 3871 3870
f 3835 3848 3872
f 3889 3822 3931
f 3814 3931 3822
f 3903 3823 3909
f 3910 3909 3816
f 3849 3860 3844
f 3845 3756 3904
f 3850 3904 3756
f 3876 3828 3795
f 3795 3777 3876
f 3968 3777 3695
f 3818 3778 3958
f 3924 3970 3838
f 3781 3806 3853
f 3853 3865 3896
f 3882 3854 3819
f 3847 3772 3951
f 3831 3858 3790
f 3887 4037 3719
f 3719 3821 3887
f 3997 3955 3762
f 3870 3986 3798
f 3967 3826 3922
f 3850 3768 3874
f 3876 3875 3828
f 3846 3854 3913
f 3783 3883 3772
f 3840 3880 3839
f 3945 3885 3809
f 3858 3868 3784
f 3859 3719 4037
f 3810 3811 3843
f 3762 3763 3997
f 3986 3997 3763
f 3933 3920 3891
f 3892 3823 3903
f 3860 3910 3824
f 3845 3904 3893
f 3905 3768 3769
f 3818 3958 3747
f 3838 3781 3924
f 3853 3924 3781
f 3854 3882 3943
f 3883 3951 3772
f 3926 3866 3856
f 3867 3789 3899
f 3880 3840 3927
f 3858 3831 3886
f 3831 3900 3886
f 3869 3900 3791
f 3775 3842 3985
f 3872 3813 3835
f 3932 3786 3919
f 3873 3921 3849
f 3989 3817 3966
f 3907 3876 3777
f 3746 3881 3968
f 3912 3837 3829
f 3861 3796 3897
f 3796 3846 3897
f 3913 3897 3846
f 3882 3855 3936
f 3855 3847 3944
f 3884 4043 3789
f 3928 3914 3841
f 3841 3830 3928
f 4007 3928 3830
f 3960 3886 3900
f 3821 3862 3961
f 3842 3901 3985
f 3833 3810 3954
f 3863 3955 3939
f 3870 3871 3917
f 3872 3834 3813
f 3963 3872 3848
f 3888 3963 3848
f 3910 3860 3911
f 3941 3911 3860
f 3935 3905 3851
f 3837 3958 3778
f 3943 3913 3854
f 3936 3855 3944
f 3925 3883 3783
f 3783 3878 3925
f 3908 3925 3878
f 3885 3927 3808
f 3915 4007 3857
f 3937 3900 3869
f 3887 3821 3961
f 3871 3918 3902
f 3931 3814 3948
f 3860 3849 3941
f 3921 3941 3849
f 3921 3873 3989
f 3905 3874 3768
f 3896 3924 3853
f 3897 3865 3861
f 3879 3898 3908
f 3926 3856 3978
f 3856 3867 3978
f 3899 3978 3867
f 4043 3899 3789
f 3839 3880 4006
f 3901 3833 3954
f 3902 3917 3871
f 3872 3956 3834
f 3904 3850 3975
f 3850 3874 3975
f 3875 3935 3851
f 3907 3923 3876
f 3968 3907 3777
f 4012 3881 3747
f 3837 3912 4021
f 3896 3865 3977
f 3944 3847 4031
f 3951 4031 3847
f 3952 3915 3857
f 3857 3868 3952
f 3858 3886 3916
f 3938 3937 3869
f 3929 3961 3862
f 3785 3929 3862
f 3810 3843 3930
f 3956 3918 3834
f 3963 3888 3957
f 3889 3957 3888
f 3814 3836 3948
f 3891 3755 3933
f 3940 3933 3755
f 3755 3892 3940
f 3903 3965 3892
f 3817 3967 3966
f 3935 3875 3906
f 3881 4012 3969
f 3747 3958 4012
f 3852 3894 4093
f 3895 4093 3894
f 3936 3943 3882
f 4043 4042 3899
f 4014 3884 3839
f 3945 3914 3983
f 3937 3960 3900
f 3797 3938 3869
f 3953 3938 3797
f 3947 3953 3832
f 3947 3859 4037
f 3980 3929 3785
f 3785 3775 3980
f 3985 3980 3775
f 3954 3810 3930
f 4008 3986 3870
f 3956 3902 3918
f 3965 3903 3972
f 3949 3972 3903
f 3909 3949 3903
f 3969 3968 3881
f 3959 3970 3993
f 3865 3897 3977
f 3866 3926 3898
f 3880 3927 3996
f 4037 3979 3947
f 4055 3870 3917
f 3964 3889 3931
f 3940 3892 4009
f 3965 4009 3892
f 3910 3949 3909
f 3910 3911 3973
f 3934 3973 3911
f 3874 3905 4011
f 3905 3935 4011
f 4004 4021 3912
f 3982 4004 3912
f 3852 3982 3912
f 3959 3942 3805
f 3976 3924 3896
f 4042 3978 3899
f 4014 4043 3884
f 3932 3948 3836
f 3987 3919 3786
f 3786 3890 3987
f 4009 3933 3940
f 3910 3973 3949
f 3893 3904 3974
f 3975 3974 3904
f 4030 3994 3943
f 3914 3928 4033
f 3868 3858 3984
f 3916 3984 3858
f 3890 4000 3987
f 4000 3920 4114
f 3975 3874 3950
f 4011 3950 3874
f 4027 3864 3942
f 3976 3896 3977
f 3897 3913 4029
f 3943 3994 3913
f 3883 3925 3995
f 4044 3952 3868
f 3868 3984 4044
f 3886 3960 3916
f 3938 3953 3946
f 3843 3863 3930
f 3963 3971 3872
f 3932 3919 3999
f 3919 3987 3999
f 3933 4114 3920
f 3934 3941 3988
f 3941 4010 3988
f 4010 3941 3921
f 4057 3989 3966
f 3958 3837 3992
f 4021 3992 3837
f 3942 3959 4027
f 3936 4030 3943
f 4006 4014 3839
f 3996 4006 3880
f 3983 3885 3945
f 3946 3953 4025
f 3953 3947 4015
f 3979 4015 3947
f 3962 3954 3930
f 4113 4008 3870
f 3870 4055 4113
f 3902 3956 4017
f 3971 3956 3872
f 3964 3957 3889
f 3998 3964 3931
f 3931 3948 3998
f 3967 3922 4018
f 4005 3993 3970
f 4033 3983 3914
f 3971 3963 4026
f 3963 3957 4026
f 4114 3933 4064
f 4001 3973 3934
f 3934 3988 4001
f 3935 3906 4067
f 3923 3907 4003
f 3968 3969 3991
f 4020 4012 3958
f 3877 3864 4155
f 3977 3897 4029
f 3913 3994 4029
f 4013 3995 3925
f 3928 4007 4024
f 4015 4025 3953
f 3979 4037 4016
f 3961 3929 4075
f 3954 3985 3901
f 3998 4099 3964
f 4071 3966 3967
f 3967 4018 4071
f 4002 3922 3893
f 3893 3974 4002
f 3990 3974 3975
f 3981 3991 3969
f 3969 4012 3981
f 4093 3982 3852
f 3970 3924 4005
f 3924 3976 4005
f 4059 4022 3977
f 4030 3936 4023
f 3944 4023 3936
f 3883 4178 3951
f 3995 4060 3883
f 3983 3927 3885
f 4024 4033 3928
f 4134 4044 3984
f 3960 4045 3916
f 3960 3937 4070
f 4037 3887 4053
f 3961 4053 3887
f 4017 3917 3902
f 4062 3998 3948
f 4056 4064 3933
f 3933 4009 4056
f 4010 3921 4066
f 3922 4002 4018
f 4020 3958 3992
f 3993 4027 3959
f 3976 3977 4022
f 3944 4031 4023
f 4178 4031 3951
f 3925 3908 4013
f 4107 3996 3927
f 4034 4024 4007
f 4035 4007 3915
f 3937 3938 4109
f 3961 4075 4053
f 4038 3929 3980
f 3980 3985 4038
f 4039 4026 3957
f 3948 3932 4062
f 3999 4062 3932
f 3949 3973 4065
f 3921 3989 4032
f 4002 3974 3990
f 4011 3935 4067
f 4003 3907 4041
f 4041 3907 3968
f 3968 3991 4041
f 4027 3993 4028
f 4029 4059 3977
f 4006 3996 4085
f 4036 3915 3952
f 3984 3916 4134
f 3946 4109 3938
f 3997 3986 4008
f 3964 4039 3957
f 3972 3949 4079
f 3949 4065 4079
f 4032 4066 3921
f 3950 4011 4139
f 4093 3895 4083
f 3877 4083 3895
f 4084 4029 3994
f 3996 4107 4141
f 4046 3960 4070
f 4047 3985 3954
f 3954 3962 4047
f 4054 3962 3930
f 3930 3863 4097
f 3939 4097 3863
f 3939 3955 4098
f 3998 4062 4078
f 4009 3965 4103
f 3965 3972 4103
f 4079 4103 3972
f 4001 3988 4080
f 4072 3990 3975
f 3975 3950 4072
f 3981 4012 4154
f 4083 3877 4130
f 4155 4130 3877
f 3976 4022 4005
f 4118 4005 4022
f 4084 3994 4105
f 4007 4035 4034
f 4044 4036 3952
f 4016 4015 3979
f 4097 4054 3930
f 4048 4098 3955
f 3955 3997 4048
f 4008 4113 4112
f 4017 4055 3917
f 4017 3956 3971
f 4078 4099 3998
f 3987 4000 4101
f 4040 4056 4009
f 4155 3864 4131
f 4027 4131 3864
f 3995 4013 4051
f 4014 4006 4106
f 4086 3927 3983
f 3937 4109 4070
f 4038 4120 3929
f 4096 4047 3962
f 4111 4048 3997
f 4008 4111 3997
f 4063 4101 4000
f 4114 4063 4000
f 4057 4032 3989
f 4071 4057 3966
f 4041 4058 4003
f 4030 4105 3994
f 4051 4060 3995
f 4013 3908 4074
f 3996 4141 4085
f 3927 4086 4107
f 3915 4036 4035
f 4046 4045 3960
f 4075 3929 4120
f 4098 4097 3939
f 4124 4040 4009
f 4103 4124 4009
f 4019 4139 4011
f 4067 4003 4068
f 4049 4041 3991
f 3981 4049 3991
f 4027 4028 4131
f 4145 4028 3993
f 3993 4005 4145
f 4059 4118 4022
f 4023 4031 4133
f 4178 4133 4031
f 3926 3978 4069
f 3978 4042 4069
f 4106 4043 4014
f 4033 4024 4061
f 3985 4047 4038
f 4026 4039 4077
f 4089 3988 4010
f 4010 4066 4089
f 4071 4018 4189
f 4138 4189 4018
f 4067 4019 4011
f 4058 4068 4003
f 4050 4145 4005
f 4005 4157 4050
f 4118 4157 4005
f 4105 4030 4073
f 4074 3908 3898
f 3898 3926 4074
f 4069 4074 3926
f 3983 4033 4061
f 3946 4025 4109
f 4109 4025 4052
f 4025 4015 4052
f 3962 4054 4214
f 4122 4054 4097
f 3971 4026 4077
f 4101 3999 3987
f 4080 3973 4001
f 3988 4089 4115
f 4002 4072 4081
f 4072 3950 4165
f 4139 4165 3950
f 4049 4058 4041
f 4012 4020 4129
f 4116 3992 4021
f 4021 4004 4116
f 3982 4117 4004
f 4118 4059 4168
f 4084 4059 4029
f 4030 4023 4073
f 4042 4043 4269
f 4061 4086 3983
f 4034 4061 4024
f 4015 4016 4095
f 4175 4113 4055
f 4077 4017 3971
f 4078 4062 4100
f 4080 3988 4115
f 4091 4066 4032
f 4032 4057 4091
f 4018 4002 4126
f 4081 4126 4002
f 4067 4184 4019
f 4020 3992 4167
f 4093 4092 3982
f 4084 4105 4190
f 4060 4178 3883
f 4094 4134 3916
f 4110 4015 4095
f 4053 4095 4016
f 4016 4037 4053
f 4038 4047 4076
f 4071 4091 4057
f 4152 4081 4072
f 4058 4049 4082
f 4129 4154 4012
f 4070 4142 4046
f 4214 4096 3962
f 4112 4111 4008
f 4055 4017 4175
f 4087 4077 4039
f 4039 3964 4088
f 4099 4088 3964
f 4101 4163 3999
f 4149 4114 4064
f 4064 4056 4149
f 4102 4056 4040
f 4079 4065 4104
f 4065 3973 4104
f 4080 4104 3973
f 4126 4138 4018
f 4082 4049 4128
f 4049 3981 4128
f 4268 4116 4004
f 4117 4268 4004
f 4028 4145 4131
f 4179 4269 4043
f 4141 4180 4085
f 4044 4134 4036
f 4108 4142 4070
f 4109 4108 4070
f 4076 4120 4038
f 4121 4076 4047
f 4047 4096 4121
f 4222 4214 4054
f 4098 4048 4136
f 4111 4136 4048
f 4039 4088 4087
f 4091 4071 4125
f 4152 4072 4165
f 4058 4082 4204
f 3981 4154 4153
f 4117 3982 4092
f 4051 4160 4060
f 4074 4051 4013
f 4069 4042 4140
f 4106 4179 4043
f 4006 4085 4209
f 4061 4034 4210
f 4222 4054 4122
f 4100 4187 4078
f 4100 4062 3999
f 4102 4123 4056
f 4164 4104 4080
f 4090 4089 4066
f 4189 4125 4071
f 4128 3981 4153
f 4059 4084 4132
f 4190 4132 4084
f 4178 4060 4185
f 4185 4060 4160
f 4119 4074 4069
f 4269 4140 4042
f 4209 4106 4006
f 4180 4209 4085
f 4094 4045 4171
f 4045 4046 4171
f 4142 4171 4046
f 4052 4015 4110
f 4124 4181 4040
f 4066 4091 4090
f 4196 4115 4089
f 4089 4090 4196
f 4146 4090 4091
f 4068 4058 4127
f 4204 4127 4058
f 4050 4157 4148
f 4132 4168 4059
f 4113 4175 4174
f 4017 4077 4223
f 4143 4223 4077
f 4187 4099 4078
f 4063 4226 4101
f 4123 4149 4056
f 4124 4103 4137
f 4103 4079 4150
f 4091 4125 4146
f 4152 4126 4081
f 4167 4129 4020
f 3992 4116 4167
f 4159 4190 4105
f 4105 4073 4159
f 4133 4073 4023
f 4051 4074 4119
f 4141 4107 4169
f 4053 4075 4135
f 4120 4135 4075
f 4193 4121 4096
f 4096 4214 4193
f 4111 4112 4215
f 4194 4215 4112
f 4112 4113 4194
f 4174 4194 4113
f 4188 4100 3999
f 4163 4188 3999
f 4149 4063 4114
f 4115 4164 4080
f 4189 4151 4125
f 4184 4067 4250
f 4147 4250 4067
f 4127 4147 4068
f 4116 4268 4198
f 4092 4310 4117
f 4177 4157 4118
f 4168 4177 4118
f 4170 4278 4134
f 4094 4170 4134
f 4095 4053 4201
f 4097 4098 4173
f 4136 4173 4098
f 4175 4017 4195
f 4087 4143 4077
f 4088 4099 4144
f 4187 4144 4099
f 4226 4163 4101
f 4150 4079 4104
f 4146 4125 4151
f 4082 4128 4166
f 4198 4167 4116
f 4093 4083 4233
f 4234 4233 4083
f 4083 4130 4234
f 4155 4234 4130
f 4119 4160 4051
f 4119 4069 4140
f 4162 4179 4106
f 4171 4170 4094
f 4240 4076 4121
f 4122 4097 4279
f 4173 4279 4097
f 4136 4111 4215
f 4181 4102 4040
f 4150 4137 4103
f 4189 4138 4249
f 4166 4128 4197
f 4233 4092 4093
f 4155 4131 4156
f 4131 4145 4156
f 4205 4156 4145
f 4141 4169 4270
f 4107 4086 4169
f 4108 4109 4261
f 4135 4201 4053
f 4192 4135 4120
f 4120 4076 4192
f 4195 4017 4223
f 4090 4146 4264
f 4139 4203 4165
f 4139 4019 4329
f 4184 4329 4019
f 4153 4197 4128
f 4145 4050 4148
f 4157 4177 4199
f 4132 4190 4158
f 4185 4160 4208
f 4161 4160 4119
f 4106 4209 4162
f 4270 4180 4141
f 4278 4036 4134
f 4171 4142 4172
f 4212 4172 4142
f 4142 4108 4212
f 4191 4052 4110
f 4095 4191 4110
f 4095 4201 4186
f 4264 4196 4090
f 4183 4264 4146
f 4152 4266 4126
f 4152 4165 4230
f 4168 4132 4207
f 4159 4236 4190
f 4159 4073 4244
f 4133 4244 4073
f 4219 4119 4140
f 4140 4269 4219
f 4052 4261 4109
f 4076 4240 4192
f 4173 4136 4263
f 4137 4150 4182
f 4126 4266 4217
f 4230 4266 4152
f 4197 4153 4176
f 4153 4154 4176
f 4154 4129 4176
f 4148 4205 4145
f 4148 4157 4199
f 4207 4206 4168
f 4158 4207 4132
f 4180 4270 4260
f 4175 4195 4273
f 4217 4138 4126
f 4165 4203 4230
f 4166 4289 4082
f 4197 4276 4166
f 4092 4233 4232
f 4206 4177 4168
f 4244 4236 4159
f 4180 4260 4209
f 4220 4086 4061
f 4061 4210 4220
f 4300 4210 4034
f 4300 4034 4035
f 4172 4212 4200
f 4221 4240 4121
f 4193 4221 4121
f 4174 4175 4313
f 4273 4313 4175
f 4241 4143 4087
f 4246 4241 4087
f 4087 4088 4246
f 4224 4246 4088
f 4088 4144 4224
f 4137 4182 4247
f 4217 4249 4138
f 4329 4203 4139
f 4289 4166 4276
f 4304 4234 4155
f 4155 4156 4304
f 4185 4208 4341
f 4238 4208 4160
f 4160 4161 4238
f 4219 4161 4119
f 4035 4036 4211
f 4172 4239 4171
f 4261 4212 4108
f 4252 4052 4191
f 4149 4216 4063
f 4149 4123 4227
f 4287 4254 4102
f 4102 4181 4287
f 4124 4137 4255
f 4247 4255 4137
f 4164 4115 4288
f 4151 4183 4146
f 4127 4243 4147
f 4258 4176 4129
f 4129 4167 4258
f 4199 4177 4206
f 4133 4178 4237
f 4291 4169 4086
f 4220 4291 4086
f 4251 4170 4171
f 4171 4239 4251
f 4172 4200 4239
f 4201 4213 4186
f 4313 4194 4174
f 4144 4187 4225
f 4307 4225 4187
f 4187 4100 4307
f 4163 4202 4188
f 4216 4226 4063
f 4115 4196 4288
f 4151 4189 4249
f 4167 4198 4231
f 4205 4148 4297
f 4158 4190 4218
f 4178 4185 4341
f 4211 4300 4035
f 4214 4222 4352
f 4194 4313 4365
f 4273 4195 4325
f 4223 4325 4195
f 4242 4307 4100
f 4188 4242 4100
f 4216 4149 4227
f 4254 4123 4102
f 4255 4287 4181
f 4181 4124 4255
f 4288 4196 4248
f 4264 4248 4196
f 4329 4184 9675
f 4250 9675 4184
f 4204 4082 4267
f 4289 4267 4082
f 4231 4258 4167
f 4234 4304 4339
f 4218 4190 4235
f 4269 4179 4281
f 4179 4162 4281
f 4282 4162 4209
f 4210 4300 4292
f 4200 4212 4284
f 4186 4191 4095
f 4275 4254 4287
f 4104 4164 4228
f 4183 4151 4256
f 4229 4265 4151
f 4151 4249 4229
f 4199 4297 4148
f 4236 4235 4190
f 4292 4220 4210
f 4284 4239 4200
f 4261 4052 4252
f 4262 4135 4192
f 4192 4240 4262
f 4352 4193 4214
f 4272 4222 4122
f 4279 4272 4122
f 4365 4215 4194
f 4223 4143 4245
f 4202 4242 4188
f 4226 4216 4274
f 4247 4182 4295
f 4104 4182 4150
f 4219 4269 4311
f 4320 4311 4269
f 4209 4260 4282
f 4278 4211 4036
f 4186 4213 4323
f 4135 4213 4201
f 4313 4273 4302
f 4254 4227 4123
f 4264 4183 4296
f 4256 4151 4265
f 4276 4197 4257
f 4310 4092 4232
f 4156 4205 4304
f 4297 4304 4205
f 4299 4206 4207
f 4207 4218 4299
f 4244 4340 4236
f 4343 4270 4169
f 4278 4170 4318
f 4284 4251 4239
f 4284 4212 4261
f 4285 4262 4240
f 4301 4240 4221
f 4263 4136 4253
f 4136 4215 4253
f 4215 4365 4253
f 4241 4245 4143
f 4144 4225 4286
f 4289 4276 4379
f 4233 4234 4319
f 4298 4297 4199
f 4259 4199 4206
f 4235 4236 4305
f 4300 4211 4271
f 4170 4251 9589
f 4191 4186 4322
f 4186 4323 4322
f 4280 4229 4249
f 4280 4249 4217
f 4395 4204 4267
f 4303 4231 4198
f 4244 4133 4237
f 4237 4178 4341
f 4283 4291 4220
f 4170 9589 4318
f 4279 4173 4372
f 4263 4372 4173
f 4241 4246 4373
f 4163 4226 4274
f 4228 4164 4361
f 4164 4288 4361
f 4296 4183 4256
f 4127 4204 4395
f 4339 4319 4234
f 4304 4297 4290
f 4299 4218 4277
f 4218 4235 4277
f 4270 4343 4348
f 4349 4169 4291
f 4252 4334 4261
f 4322 4252 4191
f 4301 4285 4240
f 4307 4374 4225
f 4228 4182 4104
f 4288 4248 4308
f 4248 4264 4296
f 4309 4217 4266
f 4230 4309 4266
f 4232 4233 4319
f 4199 4259 4298
f 4206 4299 4259
f 4269 4281 4320
f 4312 4271 4211
f 4261 4321 4284
f 4213 4135 4345
f 4352 4222 4388
f 4272 4388 4222
f 4294 4325 4223
f 4223 4245 4294
f 4373 4245 4241
f 4202 4163 4274
f 4254 4275 4360
f 4182 4228 4314
f 4328 4280 4217
f 4243 4127 4362
f 4395 4362 4127
f 4231 4303 4338
f 4198 4268 4303
f 4346 4290 4297
f 4237 4340 4244
f 4278 4318 4350
f 4293 9589 4251
f 4251 4284 4293
f 4334 4321 4261
f 4193 4301 4221
f 4272 4279 4337
f 4372 4337 4279
f 4372 4263 4413
f 4373 4367 4245
f 4224 4144 4286
f 4360 4227 4254
f 4377 4256 4265
f 4329 9675 9674
f 4289 4330 4267
f 4268 4117 4331
f 4317 4298 4259
f 4347 4238 4161
f 4282 4281 4162
f 4260 4270 4358
f 4349 4343 4169
f 4410 4349 4291
f 4193 4352 4336
f 4413 4263 4393
f 4253 4393 4263
f 4313 4302 4366
f 4225 4374 4394
f 4202 4432 4242
f 4361 4375 4228
f 4288 4308 4361
f 4217 4309 9579
f 4330 4289 4396
f 4379 4396 4289
f 4338 4176 4258
f 4258 4231 4338
f 4277 4235 4305
f 4342 4347 4311
f 4392 4320 4281
f 4282 4260 4358
f 4348 4358 4270
f 4291 4283 4410
f 4306 4283 4220
f 4220 4292 4306
f 4292 4300 4384
f 4211 4278 4312
f 4387 4252 4322
f 4274 4216 4326
f 4216 4227 4457
f 4360 4275 4390
f 4247 4295 4391
f 4308 4248 4376
f 4296 4376 4248
f 4280 4328 4327
f 4362 9676 4243
f 4330 4395 4267
f 4257 4379 4276
f 4331 4303 4268
f 4117 4310 4331
f 4297 4298 4346
f 4208 4238 4357
f 4281 4282 4490
f 4292 4384 4306
f 4271 4384 4300
f 4278 4350 4312
f 4412 4318 9589
f 4262 4285 4403
f 4285 4301 4364
f 4367 4294 4245
f 4286 4225 4394
f 4287 4255 4370
f 4399 4370 4255
f 4247 4399 4255
f 4295 4182 4434
f 4314 4434 4182
f 4228 4375 4315
f 4265 4229 4377
f 4280 4327 9599
f 9579 4328 4217
f 4230 4203 4316
f 4379 4257 4371
f 4423 4310 4232
f 4299 4277 4332
f 4305 4332 4277
f 4305 4236 4340
f 4490 4392 4281
f 4252 4335 4334
f 4135 4262 4345
f 4262 4403 4345
f 4246 4224 4389
f 4286 4389 4224
f 4242 4374 4307
f 4457 4326 4216
f 4314 4228 4315
f 4256 4377 4353
f 4316 9579 4309
f 4309 4230 4316
f 4423 4331 4310
f 4487 4423 4232
f 4320 4342 4311
f 4283 4306 4333
f 4318 4412 4350
f 4364 4193 4336
f 4227 4360 4457
f 4449 4275 4287
f 4370 4449 4287
f 4316 4203 4440
f 4329 4440 4203
f 4197 4371 4257
f 4303 4331 4354
f 4339 4304 4290
f 4298 4317 4346
f 4417 4317 4259
f 4259 4299 4417
f 4332 4417 4299
f 4344 9589 4293
f 4387 4335 4252
f 4324 4403 4285
f 4365 4393 4253
f 4367 4373 4368
f 4389 4373 4246
f 4399 4247 4391
f 9674 4440 4329
f 4354 4338 4303
f 4319 4339 4380
f 4332 4305 4402
f 4305 4340 4363
f 4381 4340 4237
f 4341 4208 4357
f 4333 4410 4283
f 4412 9589 4344
f 4321 4334 4386
f 4213 4398 4323
f 4364 4324 4285
f 4193 4364 4301
f 4366 4365 4313
f 4394 4369 4286
f 4456 4202 4274
f 4274 4326 4456
f 4353 4376 4296
f 4296 4256 4353
f 4328 9579 4438
f 4422 4354 4331
f 4319 4442 4232
f 4346 4401 4290
f 4417 4332 4356
f 4332 4402 4356
f 4446 4282 4358
f 4271 4312 4418
f 4336 4352 4430
f 4272 4337 4388
f 4373 4389 4431
f 4361 4308 4376
f 4438 4327 4328
f 4354 4400 4338
f 4232 4442 4487
f 4339 4290 4380
f 4346 4317 4397
f 4363 4402 4305
f 4381 4363 4340
f 4426 4357 4238
f 4238 4347 4426
f 4387 4322 4351
f 4322 4323 4398
f 4398 4213 4345
f 4325 4294 4273
f 4353 4377 4436
f 4378 4438 9579
f 4440 9674 9677
f 4396 4450 4330
f 4371 4197 4407
f 4197 4176 4407
f 4355 4422 4331
f 4401 4380 4290
f 4346 4397 4401
f 4317 4409 4397
f 4341 4382 4237
f 4347 4342 4426
f 4335 4386 4334
f 4352 4388 4359
f 4388 4337 4469
f 4432 4374 4242
f 4176 4338 4407
f 4381 4237 4382
f 4343 4349 4383
f 4271 4418 4384
f 4350 4418 4312
f 4398 4351 4322
f 4413 4393 4404
f 4458 4457 4360
f 4360 4390 4458
f 4391 4295 4434
f 4375 4361 4421
f 4436 4377 4405
f 9676 4362 4406
f 4441 4416 4379
f 4371 4441 4379
f 4331 4423 4355
f 4317 4417 4409
f 4392 4342 4320
f 4349 4410 4383
f 4385 4412 4344
f 4398 4345 4479
f 4368 4420 4367
f 4390 4275 4433
f 4338 4400 4407
f 4442 4319 4451
f 4408 4451 4319
f 4381 4425 4363
f 4382 4489 4381
f 4357 4426 4499
f 4348 4343 4383
f 4352 4359 4430
f 4448 4393 4365
f 4376 4353 4435
f 4377 9563 4405
f 9599 4327 9563
f 4395 4406 4362
f 4396 4379 4462
f 4416 4462 4379
f 4380 4408 4319
f 4401 4424 4380
f 4489 4425 4381
f 4341 4357 4382
f 4499 4382 4357
f 4383 4358 4348
f 4350 4412 4478
f 4386 4335 4428
f 4345 4403 4429
f 4359 4388 4469
f 4365 4366 4448
f 4503 4420 4368
f 4431 4389 4505
f 4286 4505 4389
f 4361 4376 4435
f 4438 4378 4460
f 4406 4395 4483
f 4483 4395 4330
f 4450 4483 4330
f 4408 4380 4463
f 4424 4463 4380
f 4401 4397 4443
f 4363 4445 4402
f 4475 4342 4392
f 4350 4478 4418
f 4345 4429 4479
f 4364 4336 4419
f 4431 4368 4373
f 4369 4505 4286
f 4374 4522 4394
f 4436 4435 4353
f 4327 4438 9563
f 4378 4316 4460
f 4316 4440 4439
f 4450 4396 4462
f 4397 4409 4443
f 4444 4417 4356
f 4356 4402 4444
f 4446 4490 4282
f 4411 4410 4333
f 4333 4306 4411
f 4447 4411 4306
f 4306 4384 4447
f 4335 4387 4466
f 4324 4468 4403
f 4364 4468 4324
f 4337 4372 4470
f 4520 4470 4372
f 4372 4413 4520
f 4453 4302 4273
f 4431 4503 4368
f 4369 4394 4522
f 4432 4202 4414
f 4456 4414 4202
f 4415 4433 4275
f 4275 4449 4415
f 4434 4314 4496
f 4315 4496 4314
f 4375 4421 4315
f 4435 4421 4361
f 4439 4460 4316
f 4409 4417 4488
f 4392 4490 4475
f 4428 4427 4386
f 4466 4387 4351
f 4351 4398 4452
f 4336 4430 4419
f 4469 4337 4470
f 4393 4448 4404
f 4273 4294 4453
f 4505 4454 4431
f 4523 4458 4390
f 4390 4433 4523
f 4400 4354 4422
f 4443 4424 4401
f 4564 4445 4363
f 4425 4564 4363
f 4411 4383 4410
f 4501 4478 4412
f 4412 4385 4501
f 4480 4468 4364
f 4364 4419 4480
f 4404 4520 4413
f 4522 4374 4506
f 4432 4506 4374
f 4436 4405 4437
f 9563 4438 4459
f 4423 4514 4355
f 4444 4402 4445
f 4490 4446 4540
f 4491 4446 4358
f 4491 4358 4383
f 4411 4464 4383
f 4428 4335 4466
f 4403 4468 4467
f 4419 4430 4519
f 4521 4453 4294
f 4522 4481 4369
f 4414 4455 4432
f 4545 4421 4435
f 4459 4437 4405
f 4498 4440 9596
f 4371 4407 4484
f 4400 4484 4407
f 4514 4422 4355
f 4516 4408 4463
f 4409 4488 4443
f 4426 4342 4475
f 4464 4491 4383
f 4466 4465 4428
f 4466 4351 4452
f 4467 4502 4429
f 4429 4403 4467
f 4505 4369 4481
f 4455 4506 4432
f 4613 4523 4433
f 4433 4415 4613
f 4391 4434 4507
f 4496 4507 4434
f 4460 4439 4510
f 4498 4510 4439
f 4439 4440 4498
f 4485 4484 4400
f 4400 4422 4485
f 4486 4485 4422
f 4487 4442 4515
f 4442 4451 4515
f 4451 4408 4516
f 4424 4443 4527
f 4417 4444 4488
f 4382 4499 4473
f 4474 4499 4426
f 4478 4492 4418
f 4494 4501 4385
f 4427 4428 4465
f 4404 4471 4520
f 4495 4448 4366
f 4366 4302 4495
f 4583 4415 4449
f 4370 4399 4534
f 4399 4391 4534
f 4545 4315 4421
f 4497 4546 4436
f 4436 4437 4497
f 4459 4438 4524
f 4483 4461 4406
f 4441 4371 4484
f 4514 4486 4422
f 4423 4487 4514
f 4411 4447 4476
f 4447 4384 4477
f 4479 4530 4398
f 4502 4479 4429
f 4560 4480 4419
f 4419 4519 4560
f 4552 4519 4430
f 4430 4359 4552
f 4532 4302 4453
f 4458 4523 4553
f 4507 4534 4391
f 4545 4482 4315
f 4524 4508 4459
f 4438 4460 4524
f 4510 4509 4460
f 4472 4416 4441
f 4484 4472 4441
f 4463 4424 4527
f 4547 4527 4443
f 4489 4382 4473
f 4475 4474 4426
f 4446 4491 4540
f 4500 4477 4384
f 4384 4418 4500
f 4418 4492 4500
f 4478 4501 4493
f 4465 4494 4427
f 4465 4466 4542
f 4466 4452 4530
f 4359 4469 4552
f 4453 4521 4573
f 4521 4294 4367
f 4367 4420 4521
f 4533 4521 4420
f 4503 4533 4420
f 4454 4503 4431
f 4457 4600 4326
f 4437 4459 4535
f 4508 4535 4459
f 4509 4524 4460
f 4483 4450 4512
f 4462 4512 4450
f 4462 4416 4472
f 4514 4487 4526
f 4443 4488 4538
f 4539 4488 4444
f 4445 4539 4444
f 4564 4557 4445
f 4540 4475 4490
f 4411 4518 4464
f 4476 4518 4411
f 4477 4476 4447
f 4492 4478 4493
f 4398 4530 4452
f 4530 4479 4502
f 4467 4468 4550
f 4532 4495 4302
f 4454 4504 4503
f 4544 4454 4505
f 4414 4456 4599
f 4456 4326 4600
f 4600 4457 4553
f 4457 4458 4553
f 4546 4545 4435
f 4435 4436 4546
f 4498 4461 4511
f 4483 4511 4461
f 4472 4512 4462
f 4472 4484 4513
f 4537 4513 4484
f 4484 4485 4537
f 4485 4486 4537
f 4487 4515 4526
f 4516 4515 4451
f 4547 4443 4538
f 4557 4539 4445
f 4473 4565 4489
f 4474 4528 4499
f 4475 4540 4568
f 4464 4518 4491
f 4466 4530 4542
f 4467 4550 4502
f 4532 4453 4573
f 4544 4504 4454
f 4510 4498 4525
f 4486 4514 4555
f 4488 4539 4538
f 4517 4540 4491
f 4518 4517 4491
f 4500 4492 4529
f 4493 4529 4492
f 4559 4493 4501
f 4494 4559 4501
f 4581 4469 4470
f 4470 4520 4581
f 4520 4471 4531
f 4448 4495 4610
f 4533 4503 4504
f 4505 4481 4544
f 4481 4522 4544
f 4415 4583 4613
f 4615 4315 4482
f 4509 4510 4536
f 4525 4536 4510
f 4498 4511 4525
f 4512 4511 4483
f 4512 4472 4513
f 4555 4537 4486
f 4558 4564 4425
f 4425 4489 4565
f 4499 4566 4473
f 4474 4475 4568
f 4494 4465 4569
f 4520 4531 4581
f 4506 4544 4522
f 4370 4534 4597
f 4507 4496 4601
f 4546 4598 4545
f 4437 4535 4497
f 4617 4508 4524
f 4554 4525 4511
f 4512 4554 4511
f 4514 4526 4555
f 4526 4515 4586
f 4516 4586 4515
f 4565 4558 4425
f 4528 4566 4499
f 4517 4576 4540
f 4518 4476 4549
f 4477 4656 4476
f 4477 4500 4577
f 4529 4577 4500
f 4569 4559 4494
f 4465 4542 4541
f 4530 4502 4571
f 4404 4448 4610
f 4543 4533 4504
f 4456 4600 4599
f 4597 4534 4584
f 4507 4584 4534
f 4601 4584 4507
f 4535 4508 4603
f 4524 4509 4644
f 4536 4644 4509
f 4586 4555 4526
f 4547 4538 4548
f 4538 4539 4563
f 4566 4565 4473
f 4568 4528 4474
f 4577 4656 4477
f 4529 4493 4578
f 4541 4569 4465
f 4570 4541 4542
f 4542 4530 4570
f 4530 4571 4570
f 4579 4502 4550
f 4550 4468 4551
f 4468 4480 4551
f 4560 4551 4480
f 4561 4552 4469
f 4469 4581 4561
f 4574 4533 4543
f 4543 4544 4562
f 4506 4562 4544
f 4449 4370 4597
f 4496 4315 4615
f 4598 4482 4545
f 4535 4603 4497
f 4617 4603 4508
f 4524 4644 4617
f 4537 4627 4513
f 4587 4516 4463
f 4556 4587 4463
f 4527 4556 4463
f 4527 4547 4556
f 4548 4556 4547
f 4628 4548 4538
f 4557 4563 4539
f 4568 4540 4576
f 4549 4622 4518
f 4578 4577 4529
f 4559 4578 4493
f 4560 4519 4572
f 4552 4572 4519
f 4404 4593 4471
f 4574 4521 4533
f 4562 4595 4543
f 4583 4449 4597
f 4602 4546 4497
f 4512 4513 4585
f 4604 4627 4537
f 4647 4604 4537
f 4537 4555 4647
f 4586 4516 4670
f 4670 4516 4587
f 4538 4563 4628
f 4557 4564 4589
f 4564 4558 4589
f 4517 4518 4621
f 4518 4622 4621
f 4656 4549 4476
f 4571 4502 4579
f 4591 4579 4550
f 4550 4551 4591
f 4572 4580 4560
f 4552 4561 4572
f 4593 4531 4471
f 4594 4573 4521
f 4521 4574 4594
f 4506 4582 4562
f 4599 4455 4414
f 4611 4553 4523
f 4615 4601 4496
f 4598 4615 4482
f 4602 4616 4546
f 4497 4603 4602
f 4536 4525 4618
f 4554 4625 4525
f 4627 4585 4513
f 4555 4586 4669
f 4556 4548 4575
f 4548 4628 4575
f 4589 4628 4563
f 4563 4557 4589
f 4605 4589 4558
f 4605 4558 4565
f 4565 4566 4606
f 4566 4528 4607
f 4567 4528 4568
f 4632 4567 4568
f 4568 4576 4632
f 4541 4608 4569
f 4580 4591 4551
f 4572 4561 4592
f 4561 4581 4592
f 4610 4593 4404
f 4543 4595 4574
f 4595 4562 4596
f 4613 4611 4523
f 4598 4546 4616
f 4618 4525 4625
f 4668 4646 4554
f 4554 4512 4668
f 4512 4585 4668
f 4587 4556 4588
f 4575 4588 4556
f 4606 4605 4565
f 4567 4607 4528
f 4576 4517 4649
f 4517 4621 4649
f 4559 4569 4608
f 4579 4591 4590
f 4531 4592 4581
f 9714 4596 4562
f 4562 4582 9714
f 4455 4582 4506
f 4647 4555 4669
f 4619 4669 4586
f 4586 4670 4619
f 4684 4628 4589
f 4605 4684 4589
f 4607 4606 4566
f 4567 4632 4631
f 4541 4570 4650
f 4570 4571 4657
f 4590 4571 4579
f 4652 4591 4580
f 4580 9598 4652
f 9715 9598 4592
f 4609 9715 4592
f 4592 4531 4609
f 4531 4593 4609
f 4636 4574 4595
f 4595 4596 4636
f 4614 4583 4597
f 4597 4584 4614
f 4615 4598 4677
f 4662 4603 4617
f 9714 4582 4455
f 4611 4613 4612
f 4584 4601 4643
f 4601 4615 4643
f 4616 4677 4598
f 4637 4616 4602
f 4602 4603 4637
f 4644 4536 4618
f 4625 4554 4646
f 4626 4668 4585
f 4585 4627 4626
f 4620 4588 4575
f 4575 4628 4620
f 4606 4684 4605
f 4606 4607 4629
f 4630 4629 4607
f 4607 4567 4630
f 4632 4576 4633
f 4648 4633 4576
f 4576 4649 4648
f 4622 4655 4621
f 4671 4656 4577
f 4577 4578 4671
f 4591 4651 4590
f 4609 4593 4623
f 4593 4610 4623
f 4624 4623 4610
f 4610 4495 4624
f 4495 4532 4624
f 4573 4624 4532
f 4638 4639 4680
f 9714 4455 9712
f 4641 9712 4455
f 4455 4599 4641
f 4600 4553 4660
f 4553 4611 4660
f 4611 4612 4660
f 4583 4614 9587
f 4677 4643 4615
f 4617 4644 4662
f 4588 4620 4683
f 4629 4721 4606
f 4578 4559 4685
f 4650 4608 4541
f 4650 4570 4657
f 4590 4657 4571
f 4698 4652 9598
f 4634 4698 9598
f 9598 9715 4634
f 4653 4634 9715
f 4623 4624 9713
f 4624 4573 4635
f 4594 4635 4573
f 4618 4625 4788
f 4645 4788 4625
f 4625 4646 4645
f 4627 4604 4626
f 4647 4626 4604
f 4683 4620 4736
f 4684 4620 4628
f 4721 4684 4606
f 4567 4631 4654
f 4632 4633 4631
f 4655 4649 4621
f 4578 4685 4694
f 4559 4608 4685
f 4739 4685 4608
f 4695 4739 4608
f 4652 4651 4591
f 4641 4599 4659
f 4661 4660 4612
f 4612 9587 4661
f 9587 4614 4642
f 4643 4642 4614
f 4614 4584 4643
f 4677 4616 4726
f 4678 4639 4638
f 4663 4678 4638
f 4666 9993 4681
f 4678 4702 4639
f 4640 4680 4688
f 4599 4600 4659
f 4660 4659 4600
f 4637 4726 4616
f 4662 4637 4603
f 4662 4644 4667
f 4692 4667 4644
f 4644 4618 4692
f 4788 4692 4618
f 4668 4626 4682
f 4619 4670 4796
f 4630 4567 4654
f 4656 4693 4549
f 4671 4578 4694
f 4650 4695 4608
f 4657 4740 4650
f 4672 4634 4653
f 4667 4700 4662
f 4626 4647 4706
f 4720 4706 4647
f 4647 4669 4720
f 4633 4648 4790
f 4622 4549 4722
f 4693 4722 4549
f 4723 4693 4656
f 4671 4723 4656
f 4671 4694 4738
f 4740 4657 4708
f 4696 4651 4652
f 4652 4698 4697
f 4673 4672 4653
f 9721 4659 4742
f 4675 4742 4659
f 4659 4660 4675
f 4676 4675 4660
f 4660 4661 4676
f 4642 4676 4661
f 4637 4662 4700
f 4702 9697 4639
f 4691 4678 4663
f 4663 4664 4691
f 4728 4691 4664
f 4679 4664 4663
f 4705 9993 4666
f 4668 4682 4734
f 4706 4682 4626
f 4670 4587 4796
f 4620 4684 4737
f 4633 4790 4631
f 4649 4655 4707
f 4655 4622 4722
f 4740 4695 4650
f 4768 4708 4657
f 4590 4768 4657
f 4697 4696 4652
f 4672 4673 4710
f 4673 9718 4752
f 9718 4674 4752
f 4686 4752 4674
f 4711 4686 4674
f 4674 4658 4711
f 4785 4711 4658
f 4658 9721 4785
f 4712 4785 9721
f 9721 4742 4712
f 4742 4675 4687
f 4699 4687 4675
f 4675 4676 4699
f 4676 4642 4725
f 4643 4725 4642
f 4643 4677 4725
f 4677 4713 4787
f 4677 4726 4713
f 4700 4754 4637
f 4802 4728 4664
f 4679 4780 4664
f 4688 4703 4640
f 4729 4688 4680
f 4680 4704 4729
f 4665 4717 4681
f 4705 4778 9993
f 4645 4646 4733
f 4789 4733 4646
f 4682 4706 4719
f 4588 4796 4587
f 4808 4588 4683
f 4629 4630 4759
f 4790 4654 4631
f 4707 4648 4649
f 4724 4694 4685
f 4685 4739 4750
f 4695 4740 4767
f 4798 4768 4590
f 4590 4651 4798
f 4751 4697 4698
f 4709 4698 4634
f 4754 4726 4637
f 4704 4716 4781
f 4681 4717 9999
f 4718 9990 4689
f 4773 4718 4689
f 4689 10001 4773
f 4727 4690 4714
f 4715 4714 4690
f 9697 4702 4715
f 4788 4645 4756
f 4668 4789 4646
f 4735 4706 4720
f 4720 4669 4757
f 4669 4619 4757
f 4808 4683 4736
f 4737 4736 4620
f 4797 4721 4629
f 4759 4797 4629
f 4630 4654 4759
f 4655 4722 4760
f 4722 4693 4829
f 4723 4671 4738
f 4724 4738 4694
f 4696 4798 4651
f 4634 4672 4709
f 4710 4709 4672
f 4752 4741 4673
f 4711 4753 4686
f 4800 4715 4702
f 4702 4743 4800
f 4678 4691 4743
f 4729 4747 4688
f 4704 4781 4729
f 4781 4716 4744
f 4840 4705 4666
f 4719 4734 4682
f 4795 4619 4796
f 4795 4796 4856
f 4684 4721 4797
f 4707 4810 4648
f 4850 4707 4655
f 4791 4850 4655
f 4749 4724 4685
f 4767 4739 4695
f 4708 4831 4740
f 4741 4710 4673
f 4784 4753 4711
f 4711 4785 4784
f 4687 4699 4769
f 4699 4676 4786
f 4786 4676 4725
f 4725 4677 4787
f 4700 4667 4770
f 4714 4715 4765
f 4743 4691 4766
f 4691 4728 4766
f 4780 4802 4664
f 4718 4773 4851
f 4773 10001 4775
f 10001 4746 4775
f 4701 4727 4748
f 4692 4770 4667
f 4734 4789 4668
f 4757 4735 4720
f 4797 4737 4684
f 4723 4738 9568
f 4724 4749 4860
f 4685 4750 4749
f 4844 4750 4739
f 4709 4751 4698
f 4752 4686 4753
f 4699 4786 4769
f 4713 4726 4787
f 4754 4700 4755
f 4779 4766 4728
f 4803 4802 4780
f 4703 4688 4819
f 4747 4819 4688
f 4805 4716 4730
f 4730 9696 4805
f 4748 4805 9696
f 9696 4701 4748
f 4748 4727 4764
f 4731 9989 4777
f 4761 4745 9990
f 9990 4718 4761
f 4851 4761 4718
f 4732 9996 4763
f 4734 4719 4825
f 4619 4758 4757
f 4808 4736 4827
f 4736 4737 4857
f 4738 4724 4812
f 4739 4767 4844
f 4813 4831 4708
f 4708 4768 4813
f 4696 4697 4832
f 4709 4710 4929
f 4845 4710 4741
f 4712 4742 4687
f 4786 4725 4816
f 4787 4816 4725
f 4770 4755 4700
f 4800 4765 4715
f 4766 4800 4743
f 4819 4818 4703
f 4781 4744 4888
f 4716 4838 4744
f 4761 4772 4745
f 4746 9991 4776
f 4792 4776 9991
f 4762 9994 4793
f 4732 4763 4777
f 4778 4763 9996
f 9992 4840 4666
f 4779 4728 4817
f 4780 4679 4836
f 4679 4703 4836
f 4818 4836 4703
f 4819 4747 4876
f 4729 4876 4747
f 4804 4838 4716
f 4805 4804 4716
f 4805 4748 4782
f 4749 4750 4885
f 4831 4767 4740
f 4798 4696 4814
f 4751 4832 4697
f 4710 4845 4929
f 4741 4752 4783
f 4752 4753 4783
f 4785 4712 4886
f 4769 4799 4687
f 4873 4787 4726
f 4726 4754 4873
f 4756 4733 4847
f 4794 4825 4719
f 4719 4706 4826
f 4706 4735 4826
f 4882 4796 4588
f 4737 4797 4858
f 4654 4987 4759
f 4648 4810 4790
f 4707 4850 4928
f 4760 4791 4655
f 4760 4722 4829
f 4693 4723 4811
f 4820 9987 4717
f 4772 4821 4745
f 4774 4773 4775
f 4775 4746 4881
f 4793 4792 4762
f 4777 10002 4731
f 4801 4800 4766
f 4802 4817 4728
f 4802 4803 4835
f 4744 4838 4837
f 4884 4738 4812
f 4750 4844 4885
f 4768 4798 4870
f 4832 4751 4917
f 4687 4833 4712
f 4873 4754 4906
f 4754 4755 4906
f 4755 4770 4846
f 4770 4692 4913
f 4692 4788 4913
f 4719 4826 4794
f 4795 4758 4619
f 4808 4882 4588
f 4857 4827 4736
f 4858 4857 4737
f 4829 4693 4830
f 4820 4717 4806
f 4771 4745 4806
f 4851 4773 4909
f 4773 4774 4909
f 4881 4774 4775
f 4746 4776 4881
f 10002 4777 4853
f 4777 4763 4853
f 4705 4854 4778
f 9992 4912 4840
f 4764 4714 4841
f 4714 4765 4841
f 4765 4800 4801
f 4779 4864 4766
f 4888 4729 4781
f 4782 4804 4805
f 4724 4860 4812
f 4813 4868 4831
f 4870 4813 4768
f 4901 4814 4696
f 4832 4901 4696
f 4946 4917 4751
f 4751 4709 4946
f 4741 4815 4845
f 4741 4783 4815
f 4902 4783 4753
f 4871 4753 4784
f 4886 4871 4784
f 4784 4785 4886
f 4886 4712 4833
f 4687 4799 4833
f 4834 4799 4769
f 4769 4786 4834
f 4816 4834 4786
f 4788 4756 4913
f 4825 4789 4734
f 4849 4735 4757
f 4849 4757 4758
f 4828 4797 4987
f 4797 4759 4987
f 4654 4790 4867
f 4810 4809 4790
f 4830 4693 4811
f 4717 4771 4806
f 4821 4806 4745
f 4761 4822 4772
f 4890 4776 4792
f 4793 10002 4823
f 4853 4763 4824
f 4778 4824 4763
f 4913 4756 4847
f 4895 4758 4795
f 4883 4808 4827
f 4896 4883 4827
f 4828 4858 4797
f 4867 4987 4654
f 4809 4867 4790
f 4915 4811 4723
f 4844 4767 4861
f 4767 4831 4861
f 4798 4814 4870
f 4976 4946 4709
f 4709 4929 4976
f 4871 4902 4753
f 4872 4816 4787
f 4873 4906 4905
f 4817 4802 4842
f 4802 4835 4842
f 4836 4803 4780
f 4837 4888 4744
f 4878 4804 4782
f 4822 4880 4772
f 4761 4851 4889
f 4792 4793 4852
f 4853 4823 10002
f 4853 4824 4839
f 4778 4854 4824
f 4854 4705 4840
f 4807 4789 4848
f 4866 4848 4789
f 4894 4825 4794
f 4794 4826 4894
f 4941 4849 4758
f 4758 4895 4942
f 4795 4856 4895
f 4883 4882 4808
f 4859 4850 4791
f 4900 4870 4814
f 5026 4901 4832
f 4862 4799 4834
f 4904 4834 4816
f 4787 4863 4872
f 4863 4787 4873
f 4893 4906 4755
f 4755 4846 4893
f 4766 4864 4801
f 4876 4729 4877
f 4888 4877 4729
f 4838 4804 4843
f 4880 4821 4772
f 4852 4890 4792
f 4823 4891 4793
f 4770 4913 4855
f 4789 4825 4866
f 4849 4826 4735
f 4897 4896 4827
f 4857 4897 4827
f 4828 4987 4927
f 4914 4928 4850
f 5022 4859 4791
f 4760 5022 4791
f 4830 4944 4829
f 4723 9568 4915
f 4898 4915 9568
f 4901 4900 4814
f 4917 5026 4832
f 4833 4799 4956
f 4887 4956 4799
f 4904 4862 4834
f 4846 4770 4855
f 4841 4919 4764
f 4874 4841 4765
f 4864 4933 4801
f 4779 4817 4864
f 4818 4819 4993
f 4819 4876 4993
f 4837 4838 4907
f 4820 4806 4908
f 4889 4822 4761
f 4852 4793 4891
f 4854 4840 4892
f 4865 4875 4817
f 4817 4842 4865
f 4843 4804 4964
f 4878 4964 4804
f 4884 4812 4916
f 5025 4812 4860
f 4885 4860 4749
f 4861 4988 4844
f 4945 4813 4870
f 5027 4929 4845
f 4845 4815 4977
f 4930 4871 4886
f 4862 4887 4799
f 4991 4904 4816
f 4872 4991 4816
f 4947 4893 4846
f 4846 4855 4947
f 4856 4796 4986
f 5074 4867 4809
f 4914 4850 4859
f 4829 4944 4760
f 4995 4879 4820
f 4806 4821 4908
f 4880 4822 4966
f 4881 4951 4774
f 4823 4853 4911
f 4824 4854 4940
f 4891 4823 4953
f 4939 4911 4853
f 4853 4839 4939
f 4839 4824 4940
f 4840 4912 4892
f 4913 4847 5008
f 4825 4894 4925
f 4973 4986 4796
f 4796 4882 4973
f 4828 4975 4858
f 5074 4809 4810
f 4944 5022 4760
f 4988 4885 4844
f 4831 4868 4861
f 4869 4813 5045
f 4815 4783 5046
f 4931 4903 4833
f 4958 4872 4863
f 4873 4958 4863
f 4765 4801 4874
f 4864 4817 4875
f 4865 4842 4935
f 4803 4836 4937
f 4888 4837 4920
f 4843 4907 4838
f 4995 4820 4908
f 4966 4965 4880
f 4951 4909 4774
f 4825 4925 4866
f 4826 4849 4941
f 4758 4942 4941
f 4942 4895 4955
f 4986 4955 4856
f 4858 4974 4857
f 4987 4867 5096
f 5074 5096 4867
f 4884 4899 4898
f 4868 4813 4869
f 4900 4945 4870
f 4977 5027 4845
f 5046 4977 4815
f 4783 4902 5046
f 4903 4886 4833
f 4956 4931 4833
f 4957 4887 4862
f 4906 4893 4924
f 4979 4841 4874
f 4874 4801 4933
f 4836 4818 4937
f 4877 4962 4876
f 4782 4938 4878
f 4821 4922 4908
f 4821 4880 4996
f 4965 4996 4880
f 4852 4891 4910
f 4911 4953 4823
f 4854 4892 4940
f 4947 4855 4948
f 4826 4941 4926
f 4895 4856 4955
f 4883 4973 4882
f 4707 4928 4810
f 4945 5045 4813
f 4902 4871 4989
f 5083 4930 4886
f 4886 4903 5083
f 4957 4862 4904
f 4874 4933 4961
f 4935 5009 4865
f 4980 4835 4803
f 4962 4993 4876
f 4920 4877 4888
f 4964 4878 4938
f 4921 4938 4782
f 4922 5052 4908
f 4966 4822 4997
f 4822 4889 4997
f 4951 4881 4967
f 4881 4776 4967
f 4981 4967 4776
f 4776 4890 4981
f 4953 4910 4891
f 4947 4948 4960
f 4954 4925 4894
f 4894 4826 4954
f 4971 4954 4826
f 4926 4971 4826
f 4943 4896 4897
f 4897 4857 5059
f 4898 4899 9627
f 5025 4916 4812
f 5026 4900 4901
f 5046 4902 4989
f 4918 4957 4904
f 4905 4958 4873
f 4905 4906 5028
f 4949 4919 4841
f 4934 4933 4864
f 4936 4835 4950
f 4980 4950 4835
f 4920 4837 5012
f 4837 4907 5012
f 4843 5012 4907
f 5052 4995 4908
f 4996 4922 4821
f 4889 4909 4923
f 4909 4951 4923
f 4952 4890 4852
f 4970 4892 4912
f 4939 4839 4998
f 4969 4998 4839
f 4839 4940 4969
f 4970 4912 9986
f 5007 4855 4913
f 4913 5008 5007
f 4883 4896 5058
f 4943 5002 4896
f 4974 5059 4857
f 4927 4987 5021
f 5023 5022 4944
f 4811 4915 5004
f 5044 4899 4884
f 4884 4916 5044
f 5097 5025 4860
f 4860 4885 5097
f 4988 5097 4885
f 4930 4989 4871
f 5101 4918 4904
f 4958 4991 4872
f 4924 4893 4960
f 4841 4979 4949
f 4934 4864 4875
f 4875 4865 4934
f 4803 4937 4980
f 5011 4937 4818
f 4962 4877 4994
f 4877 4920 4994
f 4843 4964 4963
f 4893 4947 4960
f 5040 4848 4866
f 4941 4942 4972
f 5002 5058 4896
f 5042 4810 4928
f 4928 4914 5042
f 5024 4944 4830
f 4830 4811 5024
f 4811 5004 5078
f 5061 5004 4915
f 4976 4929 5006
f 5080 5006 4929
f 5027 5080 4929
f 5082 4989 4930
f 5083 5082 4930
f 4931 5083 4903
f 4887 4957 4990
f 4904 4991 5101
f 4958 4905 4959
f 5028 4959 4905
f 4924 5028 4906
f 4978 4932 4919
f 4961 4979 4874
f 4992 4961 4933
f 5050 4934 4865
f 4865 5009 5050
f 5032 5009 4935
f 4936 5032 4935
f 5011 4980 4937
f 4993 5011 4818
f 4963 5012 4843
f 5052 4922 5015
f 4997 4889 5037
f 4852 4910 4952
f 4982 5016 4910
f 4910 4953 4982
f 4911 4939 4968
f 4984 4969 4940
f 4940 4892 4984
f 4970 4984 4892
f 4866 4925 4999
f 5001 4926 4941
f 4972 5001 4941
f 4942 4955 4972
f 5059 4943 4897
f 4975 4828 4927
f 5078 5024 4811
f 9627 4899 5160
f 4916 5025 5127
f 5098 4945 4900
f 5026 5098 4900
f 5005 4917 4946
f 4946 4976 5005
f 5027 4977 5130
f 5047 4956 4887
f 4932 4978 9689
f 4919 4949 4978
f 5030 4992 4933
f 4933 4934 5030
f 5013 4963 4964
f 4964 4938 5013
f 4995 5035 4879
f 4890 4952 4981
f 5068 4952 4910
f 5016 5068 4910
f 5000 4999 4925
f 4925 4954 5000
f 5019 4973 4883
f 5020 5059 4974
f 4974 4858 4975
f 5074 4810 5075
f 4810 5042 5075
f 4859 5042 4914
f 4869 4861 4868
f 4917 5063 5026
f 5006 5005 4976
f 5046 4989 5165
f 4931 4956 5047
f 4990 5047 4887
f 4991 4958 4959
f 4948 4855 5048
f 5007 5048 4855
f 4992 4979 4961
f 4993 4962 5051
f 5051 4962 4994
f 5036 4965 4966
f 4966 4997 5036
f 5122 4923 4951
f 4953 5053 5070
f 4953 4968 5053
f 4998 4968 4939
f 4998 4969 4983
f 4984 4983 4969
f 4984 4970 5017
f 9986 5106 4970
f 4999 5040 4866
f 5057 4985 4971
f 4971 4926 5057
f 4926 5001 5057
f 4975 5020 4974
f 5024 5023 4944
f 5003 5024 5078
f 5044 5043 4899
f 4945 5183 5045
f 5063 5143 5026
f 5081 5130 4977
f 4989 5082 5165
f 4959 5201 4991
f 9689 4978 5085
f 5065 4949 4979
f 4934 5050 5031
f 5009 5117 5050
f 4950 4980 5010
f 4920 5012 5188
f 5013 4938 5136
f 4921 5137 4938
f 5035 5014 4879
f 5035 4995 5066
f 5066 4995 5052
f 4965 5090 4996
f 4951 4967 5038
f 5038 4967 4981
f 4999 5000 5041
f 5072 5000 4954
f 4971 4985 4954
f 4972 4955 5226
f 5058 5019 4883
f 5058 5002 5073
f 4943 5073 5002
f 5096 5021 4987
f 5043 5160 4899
f 5163 5097 4988
f 5062 5114 4861
f 5062 4861 4869
f 5045 5062 4869
f 5005 5063 4917
f 5081 4977 5046
f 5083 4931 5084
f 4931 5047 5084
f 4990 4957 5115
f 4918 5115 4957
f 5028 4924 5116
f 4924 4960 5102
f 4948 5132 4960
f 5029 4978 4949
f 4979 4992 5065
f 4934 5031 5030
f 5032 4936 5033
f 4980 5011 5010
f 5173 5011 4993
f 5051 5173 4993
f 5118 5051 4994
f 4994 4920 5088
f 5188 5088 4920
f 5034 5012 4963
f 5013 5034 4963
f 4922 4996 5090
f 5037 5121 4997
f 5038 5122 4951
f 4981 4952 5039
f 4968 4998 5054
f 4998 4983 5054
f 4983 4984 5054
f 5055 5054 4984
f 4984 5017 5071
f 5017 4970 5106
f 4848 5040 5056
f 5041 5040 4999
f 5018 5057 5001
f 5001 4972 5018
f 5042 4859 5076
f 5181 5004 5061
f 5114 5163 4988
f 4988 4861 5114
f 5098 5183 4945
f 5027 5130 5129
f 5084 5047 5218
f 5101 4991 5201
f 5102 5116 4924
f 5007 5008 5048
f 5108 5048 5008
f 5008 9704 5108
f 5086 5085 4978
f 4978 5029 5086
f 5064 5029 4949
f 5065 5064 4949
f 5087 5117 5009
f 4936 4950 5033
f 5147 5033 4950
f 5089 5188 5012
f 5034 5089 5012
f 5136 4938 5137
f 5137 4921 5145
f 5035 9998 5014
f 5090 5015 4922
f 5036 4997 5121
f 4923 5122 5037
f 5039 5091 4981
f 4984 5071 5055
f 5093 5071 5017
f 5106 5093 5017
f 5106 9986 5194
f 5041 5000 5094
f 4954 4985 5072
f 4986 4973 5110
f 5059 5020 5180
f 4927 5021 5198
f 5125 5076 4859
f 4859 5022 5112
f 5022 5023 5112
f 5126 5112 5023
f 5060 5078 5004
f 5160 5061 9627
f 5183 5128 5045
f 5143 5216 5098
f 5026 5143 5098
f 5185 5080 5027
f 5028 5166 4959
f 5168 5132 4948
f 5168 4948 5048
f 5146 5086 5029
f 5049 5065 4992
f 4992 5030 5049
f 5031 5049 5030
f 5032 5087 5009
f 5134 5147 4950
f 4950 5010 5134
f 5011 5134 5010
f 5118 5173 5051
f 9998 5035 5104
f 5052 5149 5066
f 5208 4965 5036
f 5121 5208 5036
f 5122 5067 5037
f 4981 5091 5038
f 5016 4982 5123
f 5072 5109 5000
f 5212 4955 4986
f 4973 5019 5178
f 5180 4943 5059
f 5021 5096 5159
f 5024 5003 5077
f 5181 5060 5004
f 5141 5127 5025
f 5062 5045 5128
f 5005 5006 5079
f 5027 5129 5185
f 5100 5047 4990
f 5100 4990 5115
f 5132 5102 4960
f 5204 5031 5050
f 5050 5117 5204
f 5088 5118 4994
f 5034 5013 5119
f 5052 5015 5149
f 4965 5208 5189
f 5150 5121 5037
f 5123 5068 5016
f 4982 5070 5069
f 5070 5053 5105
f 5053 5092 5105
f 5055 5092 5054
f 9706 5056 9705
f 5041 5094 5138
f 5094 5000 5095
f 5109 5095 5000
f 4985 5057 5177
f 5018 5177 5057
f 5226 5018 4972
f 5110 5212 4986
f 5178 5110 4973
f 4943 5180 5197
f 5075 5111 5074
f 5076 5075 5042
f 5077 5023 5024
f 5061 5160 5140
f 5182 5043 5044
f 5097 5163 5142
f 5128 5253 5062
f 5255 5079 5006
f 5165 5099 5046
f 5083 5084 5322
f 5200 5131 4918
f 4918 5101 5200
f 5166 5201 4959
f 5064 5146 5029
f 5064 5065 5049
f 5087 5032 5172
f 5120 5104 5035
f 5035 5066 5120
f 5207 5149 5015
f 5015 5090 5207
f 5090 4965 5189
f 5037 5067 5150
f 5190 5122 5038
f 5038 5091 5190
f 5069 5070 5152
f 5105 5152 5070
f 5092 5055 5107
f 5055 5071 5153
f 5072 4985 5156
f 5058 5073 5179
f 5198 5021 5159
f 5111 5096 5074
f 5112 5125 4859
f 5003 5078 5113
f 5060 5113 5078
f 5272 5114 5062
f 5253 5272 5062
f 5099 5081 5046
f 5100 5218 5047
f 5132 5221 5102
f 5103 5085 5170
f 5172 5187 5087
f 5134 5011 5233
f 5118 5088 5148
f 5089 5034 5135
f 5013 5136 5119
f 5120 5066 5149
f 5151 5039 4952
f 5107 5105 5092
f 5153 5107 5055
f 5041 5154 5040
f 5138 5094 5124
f 5094 5095 5124
f 5177 5156 4985
f 5019 5058 5157
f 5139 5157 5058
f 5198 4975 4927
f 5061 5140 5181
f 5161 5182 5127
f 5162 5141 5025
f 5025 5097 5162
f 5097 5142 5162
f 5183 5098 5403
f 5216 5403 5098
f 5131 5115 4918
f 5101 5201 5220
f 5028 5116 5186
f 5132 5168 5133
f 5170 5145 5103
f 5146 5064 5171
f 5117 5087 5187
f 5188 5148 5088
f 4952 5068 5151
f 5068 5123 5209
f 5153 5071 5175
f 5093 5106 5193
f 5194 5193 5106
f 5093 5175 5071
f 5108 9705 5144
f 5056 5040 5154
f 5138 5211 5041
f 5124 5095 5155
f 5058 5179 5139
f 5073 4943 5158
f 5043 5182 5215
f 5080 5255 5006
f 5116 5102 5167
f 5221 5167 5102
f 5132 5133 5323
f 5086 5170 5085
f 5172 5032 5033
f 5189 5207 5090
f 5189 5208 5297
f 5224 5208 5121
f 5150 5224 5121
f 5151 5235 5039
f 5174 5068 5209
f 5209 5123 5210
f 5123 5069 5191
f 5152 5191 5069
f 5158 5179 5073
f 5158 4943 5197
f 5076 5111 5075
f 5126 5023 5250
f 5023 5077 5250
f 5060 5181 5229
f 5127 5141 5161
f 5164 5143 5063
f 5130 5185 5129
f 5256 5099 5165
f 5082 5083 5199
f 5322 5199 5083
f 5115 5131 5274
f 5220 5200 5101
f 5166 5028 5186
f 5186 5116 5167
f 5168 5048 5169
f 5187 5204 5117
f 5033 5147 5232
f 5134 5205 5147
f 5011 5173 5233
f 5089 5135 5188
f 5119 5136 5206
f 5235 5091 5039
f 5152 5107 5192
f 5107 5153 5192
f 5211 5138 5267
f 5195 5267 5138
f 5239 5195 5138
f 5124 5239 5138
f 5155 5176 5124
f 5177 5018 5247
f 4955 5212 5226
f 5019 5157 5268
f 4975 5213 5020
f 5159 5096 5333
f 5111 5333 5096
f 5125 5228 5076
f 5112 5214 5125
f 5304 5077 5003
f 5003 5113 5304
f 5160 5043 5215
f 5141 5162 5161
f 5143 5184 5216
f 5164 5184 5143
f 5164 5063 5005
f 5256 5081 5099
f 5165 5082 5217
f 5218 5241 5084
f 5100 5115 5274
f 5048 5108 5169
f 5203 5169 5108
f 5294 5258 5145
f 5145 5170 5294
f 5146 5171 5278
f 5172 5033 5326
f 5205 5232 5147
f 5233 5173 5296
f 5148 5173 5118
f 5148 5188 5222
f 5206 5135 5034
f 5034 5119 5206
f 5206 5136 5137
f 5120 5149 5261
f 5207 5261 5149
f 5150 5067 5224
f 5174 5151 5068
f 5192 5153 5175
f 5193 5236 5093
f 5154 5041 5211
f 5239 5124 5176
f 5176 5155 5196
f 5072 5156 5240
f 5247 5018 5226
f 5212 5110 5288
f 5214 5228 5125
f 5140 5160 5291
f 5215 5291 5160
f 5163 5114 5272
f 5273 5253 5128
f 5255 5309 5079
f 5322 5084 5241
f 5131 5200 5257
f 5201 5166 5202
f 5166 5186 5276
f 5167 5221 5242
f 5323 5221 5132
f 5133 5168 5169
f 5108 5144 5203
f 5294 5170 5231
f 5170 5086 5231
f 5259 5231 5086
f 5086 5146 5259
f 5204 5278 5171
f 5326 5033 5232
f 5205 5134 5295
f 5233 5295 5134
f 5148 5296 5173
f 5135 5206 5243
f 5145 5223 5137
f 5120 9995 5104
f 5298 5224 5067
f 5067 5122 5298
f 5122 5190 5298
f 5244 5192 5175
f 5175 5093 5244
f 5193 5194 5266
f 9705 5056 5324
f 5154 5324 5056
f 5211 5324 5154
f 5225 5196 5155
f 5240 5155 5095
f 5095 5109 5240
f 5156 5177 5247
f 5178 5019 5331
f 5139 5179 5227
f 4975 5198 5213
f 5251 5250 5077
f 5229 5181 5305
f 5181 5140 5305
f 5182 5161 5270
f 5128 5183 5273
f 5309 5005 5079
f 5419 5080 5185
f 5185 5130 5419
f 5292 5130 5081
f 5217 5082 5199
f 5218 5100 5219
f 5274 5219 5100
f 5220 5275 5200
f 5166 5276 5202
f 5167 5276 5186
f 5187 5172 5313
f 5172 5326 5279
f 5188 5135 5222
f 5206 5137 5223
f 5258 5223 5145
f 9995 5120 5282
f 5207 5189 5234
f 5190 5091 5298
f 5262 5298 5091
f 5235 5262 5091
f 5299 5235 5151
f 5209 5210 5263
f 5210 5191 5264
f 5244 5264 5191
f 5191 5192 5244
f 5236 5244 5093
f 5072 5240 5109
f 5268 5331 5019
f 5157 5139 5268
f 5227 5268 5139
f 5249 5179 5158
f 5369 5289 5197
f 5180 5369 5197
f 5159 5333 5446
f 5112 5126 5303
f 5060 5229 5113
f 5335 5305 5140
f 5162 5142 5307
f 5308 5142 5163
f 5273 5183 5403
f 5131 5257 5274
f 5275 5257 5200
f 5202 5220 5201
f 5167 5242 5277
f 5203 5144 5349
f 5238 5349 5144
f 5259 5146 5377
f 5278 5377 5146
f 5279 5313 5172
f 5261 5282 5120
f 5208 5224 5283
f 5284 5174 5209
f 5209 5263 5284
f 5264 5263 5210
f 5236 5193 5237
f 5266 5237 5193
f 5239 5351 5195
f 5245 5176 5196
f 5196 5225 5245
f 5248 5247 5226
f 5368 5249 5158
f 5158 5197 5401
f 5289 5401 5197
f 5213 5180 5020
f 5303 5214 5112
f 5077 5304 5251
f 5161 5162 5307
f 5163 5272 5308
f 5184 5254 5216
f 5419 5130 5292
f 5218 5219 5241
f 5310 5242 5221
f 5323 5310 5221
f 5133 5169 5230
f 5204 5187 5278
f 5232 5205 5260
f 5148 5222 5280
f 5222 5135 5243
f 5314 5281 5223
f 5258 5314 5223
f 5234 5261 5207
f 5234 5189 5297
f 5283 5297 5208
f 5302 5245 5225
f 5246 5302 5225
f 5225 5155 5246
f 5155 5240 5246
f 5288 5248 5226
f 5226 5212 5288
f 5227 5179 5344
f 5249 5344 5179
f 5333 5111 5318
f 5111 5076 5318
f 5290 5113 5229
f 5252 5335 5140
f 5140 5291 5252
f 5306 5215 5182
f 5182 5270 5306
f 5403 5216 5418
f 5309 5164 5005
f 5420 5292 5081
f 5081 5256 5388
f 5293 5220 5202
f 5260 5326 5232
f 5297 5283 5354
f 5235 5299 5262
f 5244 5236 5301
f 5237 5301 5236
f 5324 5349 5238
f 5324 5211 5350
f 5267 5350 5211
f 5287 5240 5156
f 5110 5178 5429
f 5076 5228 5318
f 5305 5290 5229
f 5291 5215 5269
f 5215 5306 5269
f 5308 5307 5142
f 5273 5336 5253
f 5164 5309 5373
f 5241 5219 5449
f 5276 5167 5347
f 5310 5277 5242
f 5323 5133 5311
f 5133 5230 5311
f 5313 5353 5187
f 5280 5296 5148
f 5281 5243 5206
f 5206 5223 5281
f 5330 5283 5224
f 5330 5224 5362
f 5151 5174 5299
f 5301 5264 5244
f 5266 5265 5237
f 5169 5203 5230
f 5339 5230 5203
f 5349 5339 5203
f 5239 5176 5341
f 5176 5245 5341
f 5285 9607 5245
f 5245 5302 5285
f 5246 5240 5286
f 5156 5247 5287
f 5247 5248 5316
f 5248 5288 5316
f 5178 5331 5429
f 5268 5227 5344
f 5400 5368 5158
f 5158 5401 5400
f 5332 5369 5180
f 5213 5332 5180
f 5446 5198 5159
f 5319 5250 5251
f 5290 5304 5113
f 5309 5255 5387
f 5255 5080 5387
f 5358 5387 5080
f 5256 5165 5337
f 5450 5449 5219
f 5293 5202 5347
f 5202 5276 5347
f 5277 5347 5167
f 5258 5294 5312
f 5294 5231 5352
f 5231 5259 5352
f 5278 5187 5353
f 5280 5222 5327
f 5243 5327 5222
f 5314 5258 5312
f 5282 5261 5380
f 5234 5297 5328
f 5298 5362 5224
f 5356 5284 5263
f 5300 5356 5263
f 5264 5300 5263
f 5351 5454 5195
f 5351 5239 5340
f 5239 5341 5340
f 5240 5287 5286
f 5316 5287 5247
f 5288 5110 5398
f 5345 5318 5228
f 5413 5303 5126
f 5126 5250 5413
f 5290 5305 5334
f 5164 5254 5184
f 5277 5310 5359
f 5311 5230 5338
f 5278 5353 5377
f 5380 5261 5234
f 5283 5330 5329
f 5174 5284 5355
f 5264 5301 5300
f 5301 5237 5397
f 5265 5397 5237
f 5267 5195 5350
f 5454 5350 5195
f 5316 5286 5287
f 5344 5249 5317
f 5249 5368 5317
f 5251 5304 5370
f 5507 5252 5291
f 5271 5306 5270
f 5272 5253 5321
f 5469 5253 5336
f 5080 5419 5358
f 5081 5388 5420
f 5374 5337 5165
f 5322 5241 5404
f 5257 5389 5274
f 5377 5393 5259
f 5205 5378 5260
f 5205 5295 5379
f 9995 5282 5443
f 5380 5443 5282
f 5328 5380 5234
f 5328 5297 5354
f 5356 5355 5284
f 5397 5300 5301
f 5266 9997 5265
f 5343 5285 5302
f 5286 5343 5302
f 5302 5246 5286
f 5286 5316 5315
f 5110 5429 5398
f 5228 5214 5345
f 5304 5290 5370
f 5305 5335 5334
f 5269 5507 5291
f 5415 5271 5307
f 5307 5308 5320
f 5308 5272 5321
f 5469 5321 5253
f 5254 5418 5216
f 5386 5373 5309
f 5217 5374 5165
f 5449 5404 5241
f 5257 5275 5500
f 5220 5500 5275
f 5312 5294 5325
f 5313 5279 5360
f 5279 5326 5360
f 5260 5394 5326
f 5312 5281 5314
f 5362 5298 5427
f 5396 5355 5356
f 5265 5428 5397
f 9607 5285 5342
f 5343 5342 5285
f 5366 5315 5316
f 5316 5288 5366
f 5398 5366 5288
f 5214 5303 5402
f 5303 5413 5402
f 5319 5413 5250
f 5319 5251 5385
f 5251 5370 5385
f 5435 5335 5252
f 5309 5387 5386
f 5581 5374 5217
f 5199 5581 5217
f 5219 5274 5375
f 5389 5375 5274
f 5257 5500 5389
f 5348 5438 5323
f 5323 5311 5348
f 5339 5338 5230
f 5453 5349 5324
f 5350 5492 5324
f 5351 5421 5454
f 5312 5325 5392
f 5294 5352 5325
f 5393 5352 5259
f 5326 5394 5360
f 5378 5394 5260
f 5443 5425 9995
f 5380 5328 5361
f 5410 5262 5299
f 5268 5399 5331
f 5317 5368 5367
f 5333 5318 5446
f 5346 5370 5290
f 5371 5346 5290
f 5334 5371 5290
f 5320 5415 5307
f 5256 5337 5388
f 5450 5219 5375
f 5347 5277 5451
f 5359 5451 5277
f 5438 5405 5310
f 5310 5323 5438
f 5339 5349 5390
f 5341 9607 5363
f 5295 5233 5379
f 5424 5233 5296
f 5424 5296 5514
f 5408 5243 5281
f 5361 5328 5395
f 5328 5354 5395
f 5329 5354 5283
f 5362 5329 5330
f 5545 5298 5262
f 5299 5174 5473
f 5174 5355 5473
f 5397 5381 5300
f 5364 5382 5342
f 5342 5343 5364
f 5383 5364 5343
f 5286 5383 5343
f 5286 5315 5365
f 5331 5399 5429
f 5268 5344 5399
f 5431 5332 5213
f 5384 5431 5213
f 5213 5198 5384
f 5446 5384 5198
f 5345 5214 5402
f 5465 5413 5319
f 5319 5385 5465
f 5269 5306 5468
f 5271 5415 5372
f 5320 5308 5416
f 5308 5321 5416
f 5417 5416 5321
f 5373 5254 5164
f 5322 5404 5569
f 5293 5347 5595
f 5557 5595 5347
f 5451 5557 5347
f 5311 5338 5570
f 5390 5349 5453
f 5453 5324 5492
f 5350 5454 5357
f 5340 5422 5421
f 5421 5351 5340
f 5325 5352 5440
f 5352 5393 5440
f 5360 5441 5313
f 5423 5394 5378
f 5233 5424 5379
f 5296 5280 5514
f 5281 5312 5408
f 5354 5409 5395
f 5354 5329 5409
f 5473 5410 5299
f 5396 5356 5474
f 5357 5492 5350
f 5391 5341 5363
f 9607 5342 5363
f 5382 5363 5342
f 5365 5383 5286
f 5344 5317 5445
f 5317 5367 5445
f 5370 5346 5467
f 5484 5371 5334
f 5435 5484 5334
f 5334 5335 5435
f 5468 5507 5269
f 5306 5436 5468
f 5321 5469 5417
f 5273 5508 5336
f 5418 5254 5470
f 5387 5358 5437
f 5488 5358 5419
f 5471 5420 5388
f 5359 5310 5376
f 5310 5405 5376
f 5510 5348 5311
f 5392 5408 5312
f 5393 5377 5490
f 5441 5353 5313
f 5458 5378 5205
f 5379 5458 5205
f 5456 5514 5280
f 5280 5327 5459
f 5408 5327 5243
f 5356 5300 5381
f 5452 5570 5338
f 5339 5452 5338
f 5463 5365 5315
f 5315 5366 5444
f 5399 5344 5445
f 5368 5400 5430
f 5412 5401 5289
f 5289 5369 5412
f 5369 5332 5412
f 5446 5318 5432
f 5432 5318 5464
f 5370 5434 5385
f 5370 5467 5434
f 5346 5414 5467
f 5346 5371 5414
f 5507 5435 5252
f 5508 5469 5336
f 5254 5373 5470
f 5569 5404 5509
f 5375 5389 5499
f 5472 5451 5359
f 5359 5376 5472
f 5440 5392 5325
f 5490 5377 5406
f 5377 5353 5406
f 5406 5353 5491
f 5407 5441 5360
f 5456 5280 5459
f 5327 5408 5459
f 5443 5380 5426
f 5262 5410 5545
f 5526 5473 5355
f 5355 5396 5526
f 5381 5474 5356
f 9997 5428 5265
f 5365 5364 5383
f 5398 5444 5366
f 5430 5367 5368
f 5332 5431 5412
f 5318 5345 5464
f 5414 5371 5538
f 5320 5416 5608
f 5273 5403 5508
f 5437 5386 5387
f 5388 5337 5542
f 5337 5374 5645
f 5581 5199 5582
f 5448 5322 5569
f 5390 5452 5339
f 5363 5439 5391
f 5360 5394 5407
f 5423 5407 5394
f 5361 5426 5380
f 5545 5427 5298
f 5474 5526 5396
f 5381 5397 5442
f 5397 5428 5442
f 5428 9997 9985
f 5315 5444 5463
f 5411 5429 5399
f 5445 5411 5399
f 5400 5401 5535
f 5401 5412 5535
f 5496 5431 5384
f 5433 5464 5345
f 5345 5402 5433
f 5465 5385 5466
f 5538 5371 5484
f 5579 5468 5436
f 5518 5508 5403
f 5418 5518 5403
f 5373 5386 5470
f 5489 5488 5419
f 5489 5419 5292
f 5471 5292 5420
f 5448 5582 5199
f 5322 5448 5199
f 5404 5449 5509
f 5220 5293 5648
f 5595 5648 5293
f 5491 5353 5441
f 5423 5378 9558
f 5458 9558 5378
f 5515 5459 5408
f 5502 5409 5329
f 5329 5362 5502
f 5382 5364 5493
f 5364 5365 5462
f 5481 5535 5412
f 5412 5431 5481
f 5402 5413 5433
f 5447 5433 5413
f 5465 5447 5413
f 5434 5466 5385
f 5483 5467 5414
f 5435 5507 5485
f 5608 5415 5320
f 5610 5471 5388
f 5542 5610 5388
f 5570 5510 5311
f 5363 5455 5461
f 5490 5530 5440
f 5440 5393 5490
f 5407 5423 5457
f 5424 5458 5379
f 5443 5477 5425
f 5427 5502 5362
f 5442 5428 5476
f 9985 5476 5428
f 5462 5493 5364
f 5365 5463 5462
f 5479 5444 5398
f 5494 5479 5398
f 5429 5494 5398
f 5495 5400 5535
f 5496 5481 5431
f 5482 5447 5465
f 5483 5414 5538
f 5485 5484 5435
f 5486 5579 5436
f 5436 5372 5486
f 5517 5608 5416
f 5555 5417 5469
f 5437 5358 5594
f 5684 5449 5450
f 5389 5500 5556
f 5452 5390 5562
f 5563 5422 5340
f 5439 5563 5340
f 5363 5461 5439
f 5458 5424 5512
f 5460 5515 5408
f 5443 5426 5618
f 5474 5381 5475
f 5381 5442 5475
f 5604 5475 5442
f 5476 5604 5442
f 5477 5443 5618
f 5529 5426 5361
f 5361 5395 5529
f 5478 5529 5395
f 5493 5504 5382
f 5522 5462 5463
f 5367 5430 5524
f 5495 5430 5400
f 5384 5446 5506
f 5432 5506 5446
f 5567 5434 5467
f 5485 5507 5712
f 5372 5415 5626
f 5498 5416 5417
f 5470 5487 5418
f 5389 5556 5499
f 5562 5570 5452
f 5520 5453 5492
f 5521 5357 5454
f 5421 5521 5454
f 5422 5584 5421
f 5455 5677 5461
f 5392 5460 5408
f 5490 5406 5501
f 5395 5409 5478
f 5577 5410 5473
f 5392 5440 5511
f 5440 5530 5511
f 5491 5501 5406
f 5407 5457 5559
f 9558 5559 5457
f 5456 5459 5770
f 5515 5770 5459
f 5503 5455 5504
f 5547 5504 5493
f 5534 5494 5429
f 5523 5534 5429
f 5429 5411 5523
f 5480 5411 5445
f 5524 5480 5445
f 5524 5445 5367
f 5432 5464 5497
f 5567 5467 5483
f 5484 5485 5525
f 5508 5555 5469
f 5487 5518 5418
f 5437 5519 5386
f 5645 5542 5337
f 5684 5509 5449
f 5648 5500 5220
f 5628 5405 5438
f 5438 5348 5596
f 5475 5560 5474
f 5528 5604 5476
f 5409 5502 5633
f 5427 5545 5676
f 5533 5547 5493
f 5463 5444 5522
f 5411 5480 5523
f 5535 5481 5505
f 5481 5496 5505
f 5506 5496 5384
f 5432 5497 5506
f 5464 5433 9646
f 5558 9646 5433
f 5485 5712 5539
f 5579 5486 5540
f 5486 5372 5607
f 5372 5626 5607
f 5626 5415 5608
f 5555 5498 5417
f 5541 5487 5470
f 5471 5489 5292
f 5450 5375 5684
f 5375 5499 5776
f 5472 5557 5451
f 5405 5472 5376
f 5596 5628 5438
f 5501 5530 5490
f 5491 5441 5602
f 5770 5514 5456
f 5453 5520 5390
f 5520 5492 5752
f 5357 5752 5492
f 5521 5421 5584
f 5546 5677 5455
f 5531 5546 5455
f 5455 5503 5531
f 5504 5547 5532
f 5480 5524 5549
f 5495 5524 5430
f 5505 5496 5551
f 5506 5551 5496
f 9646 5497 5464
f 5447 5558 5433
f 5466 5434 5553
f 5538 5484 5525
f 5539 5525 5485
f 5697 5507 5468
f 5508 5518 5627
f 5580 5488 5489
f 5569 5583 5448
f 5647 5776 5499
f 5500 5648 5556
f 5597 5596 5348
f 5348 5510 5597
f 5562 5390 5520
f 5573 5460 5392
f 5511 5573 5392
f 5602 5501 5491
f 5512 5424 5513
f 5424 5514 5513
f 5618 5561 5477
f 5427 5633 5502
f 5661 5545 5410
f 5577 5661 5410
f 5543 5473 5526
f 5527 5526 5474
f 5560 5527 5474
f 5476 9985 5528
f 5584 5422 5611
f 5563 5611 5422
f 5563 5439 5564
f 5461 5564 5439
f 5503 5504 5532
f 5493 5462 5533
f 5462 5522 5533
f 5479 5522 5444
f 5590 5589 5535
f 5535 5505 5590
f 5550 5590 5505
f 5551 5550 5505
f 5506 5497 5552
f 5606 5447 5482
f 5466 5606 5482
f 5567 5553 5434
f 5507 5697 5712
f 5644 5518 5487
f 5489 5471 5580
f 5581 5645 5374
f 5562 5629 5570
f 9558 5458 5614
f 5614 5458 5512
f 5516 5515 5460
f 5633 5478 5409
f 5577 5473 5543
f 5560 5475 5616
f 5475 5604 5616
f 5528 9985 5544
f 5511 5530 5574
f 5441 5407 5688
f 5603 5559 9558
f 5770 5515 5516
f 5471 5610 5580
f 5509 5646 5569
f 5684 5375 5776
f 5595 5557 5739
f 5557 5472 5650
f 5565 5533 5522
f 5522 5479 5565
f 5479 5494 5565
f 5534 5523 5548
f 5549 5523 5480
f 5552 5551 5506
f 5497 9646 5536
f 5567 5483 5554
f 5711 5554 5483
f 5538 5711 5483
f 5579 5697 5468
f 5579 5540 5625
f 5527 5575 5526
f 5426 5529 5719
f 5529 5478 5719
f 5676 5633 5427
f 5530 5501 5652
f 5688 5602 5441
f 5654 5407 5559
f 5614 5603 9558
f 5564 5461 5586
f 5677 5586 5461
f 5531 5503 5679
f 5533 5565 5598
f 5534 5587 5494
f 5534 5548 5566
f 5523 5549 5548
f 5549 5524 5588
f 5524 5495 5589
f 5495 5535 5589
f 5590 5550 5591
f 5550 5551 5601
f 5536 5552 5497
f 5578 5537 5447
f 5606 5578 5447
f 5711 5538 5525
f 5607 5540 5486
f 5608 5517 5672
f 5517 5416 5498
f 5508 5627 5555
f 5568 5627 5518
f 5714 5541 5470
f 5519 5714 5470
f 5470 5386 5519
f 5519 5437 5593
f 5488 5594 5358
f 5582 5448 5583
f 5646 5509 5715
f 5556 5648 5699
f 5405 5650 5472
f 5675 5597 5510
f 5575 5543 5526
f 5604 5528 5617
f 5544 5617 5528
f 5605 5576 5544
f 5544 5561 5605
f 5618 5426 5703
f 5719 5703 5426
f 5752 5705 5520
f 5565 5494 5587
f 5566 5587 5534
f 9612 5548 5549
f 5549 5588 9612
f 5622 5588 5524
f 5524 5589 5622
f 5590 5591 5641
f 5591 5550 5601
f 5552 5601 5551
f 5568 5518 5644
f 5628 5596 5716
f 5716 5596 5597
f 5570 5675 5510
f 5537 5572 5558
f 5573 5511 5574
f 5501 5602 5613
f 5688 5407 5654
f 5603 5654 5559
f 5513 5514 5656
f 5516 5460 5657
f 5577 5543 5658
f 5560 5616 5615
f 5576 5617 5544
f 5752 5357 5521
f 5781 5752 5521
f 5584 5634 5521
f 5533 5598 5547
f 9612 5566 5548
f 9612 5588 9614
f 5592 5606 5466
f 5553 5592 5466
f 5758 5553 5567
f 5525 5539 5682
f 5437 5594 5593
f 5738 5715 5509
f 5684 5738 5509
f 5499 5556 5647
f 5674 5650 5405
f 5571 5572 5668
f 5572 5537 5668
f 5652 5574 5530
f 5585 5652 5501
f 5585 5501 5613
f 5602 5688 5653
f 5513 5614 5512
f 5631 5527 5560
f 5615 5631 5560
f 5618 5686 5561
f 5719 5478 5704
f 5661 5676 5545
f 5687 5661 5577
f 5668 9647 5571
f 5592 5553 5643
f 5554 5758 5567
f 5712 5671 5539
f 5517 5498 5672
f 5609 5487 5541
f 5519 5593 5673
f 5818 5580 5610
f 5582 5583 5751
f 5628 5674 5405
f 5675 5570 5629
f 5611 5634 5584
f 5513 5656 5769
f 5770 5656 5514
f 5532 5689 5503
f 5587 5566 5599
f 5566 9612 5600
f 5622 9614 5588
f 5641 5589 5590
f 5591 5601 5623
f 5601 5552 5624
f 5617 5632 5604
f 5605 5561 5686
f 5633 5704 5478
f 5658 5687 5577
f 5669 5668 5537
f 5606 5592 5696
f 5670 5682 5539
f 5593 5594 5737
f 5488 5737 5594
f 5646 5583 5569
f 5699 5647 5556
f 5629 5562 5651
f 5520 5651 5562
f 5546 5531 5612
f 5689 5679 5503
f 5532 5547 5619
f 5636 5619 5547
f 5636 5547 5598
f 5587 5598 5565
f 5600 5599 5566
f 5621 9613 9614
f 5622 5621 9614
f 5589 5641 5664
f 5623 5666 5641
f 5641 5591 5623
f 5653 5613 5602
f 5654 5603 5655
f 5630 5657 5573
f 5616 5604 5660
f 5632 5660 5604
f 5668 5667 9647
f 5669 5537 5578
f 5578 5606 5696
f 5758 5733 5553
f 5758 5554 5734
f 5554 5711 5734
f 5670 5539 5671
f 5579 5625 5697
f 5713 5625 5540
f 5773 5713 5607
f 5607 5626 5773
f 5608 5672 5683
f 5555 5672 5498
f 5644 5487 5609
f 5609 5541 5698
f 5542 5645 5793
f 5583 5646 5760
f 5649 5648 5595
f 5595 5739 5649
f 5650 5739 5557
f 5597 5675 5761
f 5705 5651 5520
f 5781 5521 5753
f 5634 5753 5521
f 9739 5634 5611
f 5564 5586 5782
f 5677 5546 5706
f 5689 5532 5635
f 5532 5619 5635
f 5620 5598 5587
f 5587 5599 5620
f 5621 5637 9613
f 5621 5622 5640
f 5622 5589 5664
f 5624 5623 5601
f 5574 5630 5573
f 5527 5631 5575
f 5659 5742 5615
f 5615 5616 5659
f 5616 5660 5659
f 5797 5632 5617
f 5686 5618 5703
f 5676 5812 5633
f 5612 5706 5546
f 5678 5612 5531
f 5531 5679 5678
f 5620 5636 5598
f 5620 5599 5662
f 5599 5600 9593
f 5600 5680 9593
f 5680 9613 5637
f 5637 5621 5638
f 5639 5638 5621
f 5621 5640 5639
f 5664 5640 5622
f 5624 5642 5623
f 5624 9647 5667
f 5694 5668 5669
f 5669 5578 5695
f 5643 5696 5592
f 5643 5553 5733
f 5626 5608 5773
f 5555 5627 5807
f 5644 5749 5568
f 5541 5714 5698
f 5580 5737 5488
f 5740 5674 5628
f 5761 5716 5597
f 5675 5629 5700
f 5651 5700 5629
f 5652 5585 5722
f 5585 5613 5723
f 5654 5767 5688
f 5657 5770 5516
f 5765 5658 5543
f 5543 5575 5765
f 5685 5575 5631
f 5576 5797 5617
f 5812 5720 5633
f 5676 5661 5812
f 5705 5701 5651
f 5782 9739 5564
f 5782 5586 5725
f 5677 5725 5586
f 5662 5636 5620
f 9593 5662 5599
f 5637 5726 5680
f 5637 5638 5690
f 5663 5638 5639
f 5664 5641 5665
f 5666 5665 5641
f 5692 5665 5666
f 5666 5623 5692
f 5642 5692 5623
f 5693 5642 5624
f 5710 5694 5669
f 5734 5711 5805
f 5711 5525 5759
f 5525 5682 5759
f 5682 5670 5806
f 5671 5712 5791
f 5697 5625 5735
f 5608 5683 5773
f 5749 5644 5736
f 5673 5714 5519
f 5715 5760 5646
f 5826 5699 5648
f 5648 5649 5826
f 5716 5740 5628
f 5723 5613 5743
f 5653 5743 5613
f 5811 5631 5615
f 5615 5742 5811
f 5720 5704 5633
f 5687 5812 5661
f 5630 5574 5800
f 5721 5800 5574
f 5574 5652 5721
f 5723 5763 5585
f 5688 5813 5653
f 5654 5655 5767
f 5717 5767 5655
f 5513 5769 5718
f 5770 5657 5724
f 5679 5689 5744
f 5636 5662 5707
f 5624 5667 5693
f 5681 5693 5667
f 5667 5668 5681
f 5694 5710 5772
f 5695 5710 5669
f 5696 5695 5578
f 5696 5643 5748
f 5733 5748 5643
f 5774 5807 5627
f 5737 5580 5775
f 5818 5610 5542
f 5581 5582 5853
f 5650 5674 5933
f 5701 5700 5651
f 9737 5753 5634
f 5575 5685 5765
f 5631 5811 5685
f 5659 5660 5702
f 5652 5722 5721
f 5614 5513 5764
f 5718 5764 5513
f 5656 5770 5796
f 5657 5630 5799
f 9594 5635 5619
f 5707 5619 5636
f 9593 5680 5708
f 5726 5708 5680
f 5690 5726 5637
f 5690 5638 5709
f 5638 5663 5709
f 5691 5709 5663
f 5692 5642 5730
f 5731 5730 5642
f 5693 5731 5642
f 5681 5694 5747
f 5671 5791 5670
f 5712 5697 5735
f 5807 5842 5555
f 5609 5736 5644
f 5750 5673 5593
f 5737 5750 5593
f 5775 5580 5948
f 5853 5582 5751
f 5776 5738 5684
f 5753 9737 5741
f 5585 5763 5762
f 5813 5688 5767
f 5799 5724 5657
f 9737 9739 9740
f 5725 5677 5756
f 5706 5756 5677
f 5679 5744 5823
f 5726 5690 5727
f 5690 5709 5745
f 5691 5665 5728
f 5665 5692 5729
f 5730 5729 5692
f 5681 5732 5693
f 5694 5772 5747
f 5625 5713 5841
f 5842 5672 5555
f 5627 5568 5774
f 5645 5581 5809
f 5933 5739 5650
f 5740 5933 5674
f 5754 5765 5685
f 5778 5742 5659
f 5702 5778 5659
f 5660 5632 5830
f 5797 5830 5632
f 5704 5720 5861
f 5701 5705 5819
f 5705 5752 5822
f 5782 9740 9739
f 5679 5823 5678
f 5708 9594 9593
f 5757 5745 5709
f 5728 5757 5709
f 5709 5691 5728
f 5729 5728 5665
f 5732 5731 5693
f 5747 5732 5681
f 5772 5710 5849
f 5695 5849 5710
f 5695 5696 5748
f 5805 5711 5882
f 5759 5882 5711
f 5851 5791 5712
f 5712 5735 5851
f 5749 5774 5568
f 5818 5542 5886
f 5751 5583 5845
f 5738 5760 5715
f 5716 5761 5856
f 5777 5761 5675
f 5762 5722 5585
f 5743 5653 5801
f 5813 5801 5653
f 5767 5717 5877
f 5768 5877 5717
f 5796 5769 5656
f 5858 5685 5811
f 5723 5743 5763
f 5764 5768 5717
f 5847 5783 5706
f 5612 5847 5706
f 5814 5744 5689
f 5689 5635 5814
f 5745 5727 5690
f 5804 5729 5730
f 5746 5804 5730
f 5731 5746 5730
f 5747 5772 5787
f 5695 5748 5946
f 5733 5758 5840
f 5734 5789 5758
f 5749 5736 5843
f 5844 5792 5609
f 5609 5698 5844
f 5714 5844 5698
f 5775 5750 5737
f 5776 5647 5810
f 5647 5699 5854
f 5649 5739 5903
f 5740 5716 5794
f 5777 5675 5700
f 5700 5701 5795
f 5811 5742 5829
f 5797 5576 5766
f 5576 5605 5766
f 5686 5703 5936
f 5779 5936 5703
f 5703 5719 5779
f 5704 5779 5719
f 5658 5765 5780
f 5764 5718 5802
f 5831 5799 5630
f 5756 5706 5783
f 5708 5771 9594
f 5727 5745 5816
f 5745 5757 5784
f 5785 5757 5728
f 5728 5729 5785
f 5787 5732 5747
f 5849 5695 5788
f 5946 5788 5695
f 5670 5791 5953
f 5713 5773 5884
f 5867 5683 5672
f 5672 5842 5867
f 5933 5740 5855
f 5781 5822 5752
f 5829 5742 5778
f 5778 5702 5821
f 5658 5780 5687
f 5819 5795 5701
f 5847 5612 5912
f 5612 5678 5835
f 5771 5814 5635
f 5635 9594 5771
f 5815 5771 5708
f 5708 5726 5815
f 5825 5815 5726
f 5726 5727 5825
f 5816 5745 5784
f 5746 5731 5786
f 5732 5786 5731
f 5789 5840 5758
f 5789 5734 5805
f 5735 5625 5851
f 5749 5843 5774
f 5736 5609 5792
f 5673 5750 5974
f 5809 5793 5645
f 5845 5583 5760
f 5738 5776 5920
f 5854 5810 5647
f 5855 5740 5794
f 5761 5777 5846
f 5762 5763 5832
f 5763 5743 5833
f 5768 5764 5802
f 5828 5780 5765
f 5858 5754 5685
f 5873 5821 5702
f 5797 5859 5830
f 5766 5605 5686
f 5720 5812 5798
f 5969 5798 5812
f 5743 5875 5833
f 5876 5767 5877
f 5958 5718 5769
f 5834 5958 5769
f 5724 5796 5770
f 5724 5799 5827
f 5678 5823 5835
f 5757 5785 5817
f 5785 5729 5803
f 5786 5804 5746
f 5839 5732 5787
f 5682 5790 5759
f 5682 5806 5866
f 5953 5806 5670
f 5683 5884 5773
f 5843 5736 5870
f 5844 5714 5808
f 5580 5818 5948
f 5853 5809 5581
f 5776 5810 5955
f 5903 5739 5888
f 5819 5705 5905
f 5822 5905 5705
f 5781 5755 5822
f 5781 5753 5741
f 5977 5828 5765
f 5765 5754 5977
f 5829 5778 5820
f 5821 5820 5778
f 5890 5873 5702
f 5702 5660 5890
f 5830 5890 5660
f 5766 5860 5797
f 5741 5755 5781
f 9740 5782 5894
f 5725 5894 5782
f 5835 5912 5612
f 5823 5744 5970
f 5836 5970 5744
f 5814 5836 5744
f 5815 5814 5771
f 5784 5757 5896
f 5804 5803 5729
f 5772 5839 5787
f 5849 5848 5772
f 5748 5733 5880
f 5931 5840 5789
f 5789 5805 5931
f 5882 5898 5805
f 5759 5790 5883
f 5843 5869 5774
f 5736 5792 5870
f 5974 5808 5714
f 5714 5673 5974
f 5760 5738 5902
f 5738 5920 5902
f 5826 5854 5699
f 5933 5888 5739
f 5856 5794 5716
f 5700 5795 5777
f 5967 5800 5721
f 5833 5857 5763
f 5801 5875 5743
f 5813 5767 5876
f 5766 5686 5874
f 5798 5861 5720
f 5832 5722 5762
f 5802 5718 5958
f 5831 5827 5799
f 5725 5756 5894
f 5756 5783 5895
f 5847 5862 5783
f 5878 5825 5727
f 5727 5816 5878
f 5817 5896 5757
f 5785 5803 5864
f 5804 5786 5838
f 5840 5880 5733
f 5931 5805 5898
f 5866 5790 5682
f 5850 5953 5791
f 5791 5851 5850
f 5776 5955 5920
f 5887 5955 5810
f 5810 5854 5887
f 5856 5761 5889
f 5761 5846 5889
f 5926 5811 5829
f 5812 5687 5969
f 5801 5813 5909
f 5802 5939 5877
f 5769 5796 5834
f 5796 5724 5893
f 5862 5895 5783
f 5824 5836 5814
f 5814 5815 5824
f 5944 5824 5815
f 5913 5944 5815
f 5815 5825 5913
f 5817 5785 5864
f 5837 5865 5804
f 5839 5772 5848
f 5848 5849 5879
f 5986 5946 5748
f 5882 5759 5883
f 5841 5851 5625
f 5844 5870 5792
f 5750 5775 5900
f 5885 5900 5775
f 5794 5956 5855
f 5905 5991 5819
f 5926 5858 5811
f 5860 5859 5797
f 5686 5936 5874
f 5979 5779 5704
f 5687 5780 5969
f 5963 5822 5755
f 5755 5741 5925
f 5865 5864 5803
f 5803 5804 5865
f 5804 5838 5837
f 5915 5986 5748
f 5748 5880 5915
f 5790 5866 5899
f 5853 5919 5809
f 5871 5845 5760
f 5760 5902 5871
f 5826 5649 5922
f 5903 5922 5649
f 5856 5956 5794
f 5967 5831 5800
f 5909 5813 5876
f 5724 5827 5893
f 5858 5926 5906
f 5890 5830 5891
f 5859 5891 5830
f 5861 5979 5704
f 5967 5892 5831
f 5975 5722 5832
f 5857 5833 5976
f 5833 5875 5976
f 5802 5958 5957
f 5893 5834 5796
f 5910 9741 9740
f 5894 5910 9740
f 5894 5756 5895
f 5847 6025 5862
f 5878 6009 5825
f 5878 5816 5863
f 5816 5784 5863
f 5784 5896 5863
f 5838 5839 5837
f 5848 5837 5839
f 5840 5931 5881
f 5953 5866 5806
f 5851 5841 5916
f 5884 5852 5841
f 5683 5867 5966
f 5774 5868 5807
f 5775 5948 5885
f 5854 5826 5921
f 5922 5921 5826
f 5872 5795 5819
f 5819 5991 5872
f 5820 5821 5907
f 5873 5907 5821
f 5969 5780 5992
f 5949 5863 5896
f 5897 5896 5817
f 5837 5848 5914
f 5879 5849 6011
f 6012 6011 5849
f 5849 5788 6012
f 5840 5881 5880
f 5916 5850 5851
f 5683 5932 5884
f 5868 5842 5807
f 5870 5869 5843
f 5900 5974 5750
f 5886 5542 5901
f 5542 5793 5901
f 5919 5853 5751
f 6016 5990 5751
f 5751 5845 6016
f 5892 5940 5831
f 5927 5721 5722
f 5857 5832 5763
f 5909 5876 6036
f 5827 5831 5940
f 5967 5721 5927
f 5976 5875 5937
f 5875 5801 5938
f 5939 5802 6087
f 5895 5862 6025
f 6025 5847 5911
f 5912 5911 5847
f 5912 5835 5929
f 6066 5970 5836
f 5836 5824 5943
f 5930 5865 5837
f 5881 5915 5880
f 5852 5916 5841
f 5947 5867 5842
f 6016 5845 5871
f 5777 5795 5904
f 5872 5904 5795
f 5963 5905 5822
f 5829 5820 5934
f 5820 5907 5934
f 6062 5992 5780
f 5780 5828 6062
f 5908 5937 5875
f 5938 5908 5875
f 5909 5938 5801
f 5876 5877 5978
f 5939 5978 5877
f 5957 6087 5802
f 5944 5943 5824
f 5825 6009 5913
f 5817 5864 5897
f 5930 5864 5865
f 5914 5930 5837
f 5945 5914 5848
f 5848 5879 5945
f 5882 5883 5965
f 5852 5884 5917
f 5884 5932 5917
f 5947 5842 5868
f 5869 5868 5774
f 5818 5886 6002
f 5793 5809 5918
f 5919 5918 5809
f 5887 5854 5921
f 5889 5923 5856
f 5846 5777 6003
f 5777 5904 6003
f 5963 5755 5924
f 5925 9736 5755
f 6006 5754 5858
f 5858 5906 6006
f 5934 5926 5829
f 5907 5873 5960
f 5873 5890 5961
f 5891 5961 5890
f 5859 5860 6022
f 5766 6022 5860
f 5892 5967 5981
f 5975 5927 5722
f 5941 5895 5928
f 5895 6025 5928
f 5950 5949 5896
f 5896 5897 5950
f 6011 6128 5879
f 5952 5931 5898
f 5899 5883 5790
f 5899 5866 6000
f 5973 5916 5852
f 6013 5870 5844
f 6002 5948 5818
f 6145 6002 5886
f 5855 6103 5933
f 5923 5956 5856
f 5926 5934 6117
f 5874 5935 5766
f 5980 5979 5861
f 5861 5798 5980
f 5938 5909 5982
f 6036 5982 5909
f 5978 5939 6087
f 5834 5893 6065
f 5894 5895 5941
f 5835 5823 5942
f 5897 5864 5951
f 5930 5914 5951
f 6111 5945 5879
f 5987 5952 5898
f 5898 5882 5987
f 5965 5987 5882
f 5953 6000 5866
f 5808 6043 5844
f 5948 6069 5885
f 5901 6145 5886
f 5751 5990 5919
f 5922 5903 6116
f 5963 5991 5905
f 5754 6006 5977
f 6085 5934 5907
f 5961 5960 5873
f 5936 5968 5874
f 6072 5993 5832
f 5832 5857 6072
f 6009 5878 6049
f 5985 5949 5950
f 5897 5951 5950
f 5864 5930 5951
f 6128 6111 5879
f 6040 6012 5788
f 5952 5881 5931
f 5954 5953 5850
f 5916 5954 5850
f 5966 5932 5683
f 6013 5844 6043
f 5974 5900 6014
f 5955 5887 6173
f 5888 5933 6054
f 6103 6054 5933
f 5991 5904 5872
f 9736 5924 5755
f 5977 5959 5828
f 5926 6117 5906
f 5891 5859 6021
f 6022 6021 5859
f 5935 5962 5766
f 5975 5832 5993
f 5908 5994 5937
f 6036 5876 5978
f 6065 5958 5834
f 5940 5892 5995
f 9741 5910 5997
f 5928 6047 5941
f 5911 5912 5983
f 5912 5929 5983
f 5943 6066 5836
f 5863 5949 5971
f 5788 5946 6129
f 5868 5869 6001
f 5808 5974 6051
f 5901 5793 6044
f 9734 5924 9736
f 5960 6085 5907
f 5962 6022 5766
f 6024 5980 5798
f 5969 6024 5798
f 5959 6062 5828
f 5997 5910 5998
f 5970 5942 5823
f 5944 6126 5943
f 5878 5863 6049
f 5984 5971 5949
f 5949 5985 5984
f 6089 5972 5951
f 5951 5914 6089
f 5914 5945 6089
f 6129 6040 5788
f 5915 5881 6027
f 5852 5917 5989
f 6051 6043 5808
f 6069 5948 6015
f 5918 6044 5793
f 5920 6102 5902
f 5920 5955 6052
f 5955 6173 6052
f 5956 6032 5855
f 6019 5923 5889
f 5994 5976 5937
f 5908 5938 6055
f 5982 6055 5938
f 5957 5958 6123
f 6065 6037 5958
f 6083 5977 6006
f 5934 6070 6117
f 5960 5961 6060
f 5968 5936 6071
f 5936 5779 6071
f 5991 6004 5904
f 5963 5924 6005
f 6005 5924 9734
f 9741 5997 5996
f 5964 5998 5910
f 6047 5964 5941
f 6047 5928 6048
f 5944 5913 5999
f 5971 6049 5863
f 6026 5985 5950
f 5950 5951 5972
f 5946 5986 6129
f 5987 5965 6028
f 5965 5883 6028
f 5883 5899 6068
f 5899 6000 6029
f 5973 5852 5989
f 5966 5867 6080
f 6002 6015 5948
f 5919 6081 5918
f 5871 5902 6186
f 6102 6186 5902
f 6052 6102 5920
f 6017 6173 5887
f 6017 5887 5921
f 5921 5922 6133
f 6046 6019 5889
f 5889 5846 6046
f 6003 6046 5846
f 5967 5927 5981
f 6036 5978 6056
f 5893 5827 6008
f 5827 5940 6008
f 5940 5995 6008
f 6060 5961 6020
f 6137 6071 5779
f 5779 5979 6137
f 5984 5985 6067
f 5950 5972 6026
f 5881 6041 6027
f 5899 6029 6068
f 5988 6000 5953
f 5954 5988 5953
f 5916 5973 6030
f 5932 5966 6132
f 6001 6042 5868
f 6013 6113 5870
f 6051 5974 6014
f 6069 5900 5885
f 6044 6145 5901
f 6053 5903 5888
f 6054 6053 5888
f 6003 5904 6033
f 6087 5957 6123
f 6037 6123 5958
f 6075 6065 5893
f 6058 6070 5934
f 5934 6085 6058
f 6060 6059 5960
f 6020 5961 6136
f 5891 6136 5961
f 5983 6038 5911
f 6140 5999 5913
f 5881 5952 6041
f 5987 6028 6050
f 6068 6028 5883
f 5988 5954 6030
f 5916 6030 5954
f 6080 6132 5966
f 5867 5947 6031
f 6113 5869 5870
f 5990 6081 5919
f 6053 6116 5903
f 5855 6032 6103
f 6004 6033 5904
f 5975 5993 6035
f 5978 6087 6064
f 6008 6075 5893
f 5959 5977 6231
f 6085 5960 6059
f 5968 5935 5874
f 5892 5981 6063
f 6072 5857 6007
f 5857 5976 6007
f 5976 5994 6007
f 5994 5908 6055
f 6064 6056 5978
f 6065 6075 6074
f 6047 5998 5964
f 6039 6078 5929
f 5929 5835 6039
f 6208 6140 5913
f 5913 6009 6208
f 5984 6067 6088
f 6090 6129 5986
f 5986 5915 6090
f 6050 5952 5987
f 6013 6043 6114
f 6016 5871 6199
f 6018 6017 5921
f 5921 6133 6018
f 5923 6032 5956
f 6059 6060 6104
f 5891 6021 6061
f 5962 5935 6023
f 5980 6137 5979
f 5969 5992 6024
f 5992 6062 6167
f 6035 5927 5975
f 6007 5994 6122
f 5983 5929 6078
f 5942 5970 6066
f 5943 6193 6066
f 6009 6049 6168
f 6067 5985 6010
f 6079 6029 6000
f 6092 6079 6000
f 6000 5988 6092
f 5917 5932 6132
f 6031 6080 5867
f 5947 6042 6031
f 6113 6093 5869
f 6045 6103 6032
f 6033 6046 6003
f 6096 5963 6005
f 6006 5906 6084
f 6084 5906 6117
f 6063 5981 6034
f 5981 5927 6034
f 5993 6072 6213
f 6138 6008 5995
f 5996 5997 9742
f 6038 5983 6139
f 5944 5999 6126
f 5971 5984 6088
f 6112 6128 6011
f 6011 6012 6112
f 6040 6112 6012
f 6050 6041 5952
f 5917 6132 6131
f 6001 5869 6093
f 5922 6116 6133
f 6095 5923 6019
f 5991 5963 6163
f 5977 6083 6231
f 6084 6083 6006
f 6022 6061 6021
f 5980 6024 6206
f 6121 6062 5959
f 6231 6121 5959
f 5892 6063 6109
f 6055 5982 6107
f 6109 5995 5892
f 6077 9742 5997
f 6124 6077 5997
f 5998 6124 5997
f 6025 5911 6099
f 6038 6099 5911
f 5835 5942 6039
f 5942 6066 6125
f 6009 6168 6208
f 6067 6010 6169
f 5985 6026 6010
f 6050 6028 6171
f 6221 6171 6028
f 5988 6030 6092
f 6158 6092 6030
f 6016 6210 5990
f 6032 5923 6045
f 6163 6004 5991
f 6005 9738 6096
f 6231 6083 6097
f 6071 6120 5968
f 6200 6034 5927
f 6072 6007 6202
f 6036 6056 6073
f 6138 6075 6008
f 6154 6153 5998
f 6047 6154 5998
f 6049 5971 6253
f 5972 6142 6026
f 6089 5945 6143
f 5945 6111 6143
f 5915 6027 6090
f 6281 6090 6027
f 6027 6041 6100
f 6326 6100 6041
f 6028 6068 6221
f 6158 6030 6130
f 5973 6130 6030
f 6159 6113 6013
f 6114 6043 6256
f 6043 6051 6256
f 5900 6069 6160
f 6307 6145 6044
f 5918 6307 6044
f 6211 6173 6017
f 6018 6211 6017
f 6212 6054 6103
f 5923 6095 6187
f 6070 6058 6057
f 6136 5891 6178
f 6061 6178 5891
f 6061 6022 6086
f 5935 5968 6120
f 5992 6167 6024
f 9742 6077 6076
f 6124 5998 6153
f 6219 6154 6047
f 6047 6048 6219
f 6099 6038 6207
f 6126 6193 5943
f 6168 6049 6194
f 6141 6010 6026
f 6142 6141 6026
f 6100 6281 6027
f 6041 6050 6183
f 6001 6031 6042
f 6051 6014 6101
f 6210 6016 6199
f 6199 5871 6186
f 6053 6054 6146
f 6033 6004 6082
f 5927 6035 6200
f 6271 6035 5993
f 5993 6213 6271
f 6122 5994 6105
f 6055 6106 5994
f 5982 6036 6227
f 6073 6227 6036
f 6251 6073 6056
f 6056 6064 6251
f 6057 6117 6070
f 6085 6059 6205
f 6059 6104 6205
f 6104 6060 6098
f 6020 6098 6060
f 6023 6022 5962
f 6121 6167 6062
f 6122 6189 6007
f 6106 6055 6107
f 6107 5982 6227
f 6087 6123 6150
f 6204 6037 6065
f 6074 6204 6065
f 5928 6025 6099
f 6078 6139 5983
f 6126 5999 6180
f 6169 6088 6067
f 6170 6169 6010
f 6040 6129 6182
f 6221 6068 6091
f 6068 6029 6091
f 6114 6159 6013
f 5918 6081 6267
f 5990 6210 6081
f 6102 6052 6115
f 6116 6053 6094
f 6053 6146 6094
f 6019 6046 6095
f 6033 6095 6046
f 9738 6218 6096
f 6023 6086 6022
f 5935 6229 6023
f 6166 6120 6071
f 6137 6166 6071
f 6202 6007 6189
f 6106 6105 5994
f 6227 6073 6108
f 6123 6037 6204
f 6151 6138 5995
f 5995 6109 6151
f 6155 6219 6048
f 6048 5928 6155
f 5999 6140 6180
f 6194 6049 6253
f 6088 6169 6235
f 6182 6112 6040
f 6029 6079 6184
f 5989 6130 5973
f 5989 6131 6209
f 6114 6256 6159
f 6282 6256 6051
f 6212 6146 6054
f 6096 6163 5963
f 6176 6084 6117
f 6058 6085 6228
f 6205 6228 6085
f 6061 6086 6178
f 6206 6137 5980
f 6109 6063 6152
f 6174 6152 6063
f 6063 6034 6174
f 6213 6072 6201
f 6251 6108 6073
f 6099 6155 5928
f 6141 6170 6010
f 6089 6143 6127
f 6158 6157 6092
f 6093 6113 6237
f 6014 5900 6283
f 5900 6160 6283
f 6188 6187 6095
f 6033 6082 6162
f 6082 6004 6134
f 6163 6134 6004
f 6164 6083 6084
f 6176 6164 6084
f 6098 6118 6104
f 6206 6024 6230
f 6139 6207 6038
f 6110 6125 6066
f 6066 6193 6110
f 6156 6253 5971
f 5971 6088 6156
f 5972 6089 6127
f 6029 6184 6091
f 6157 6079 6092
f 6185 6130 5989
f 6001 6144 6031
f 6238 6282 6051
f 6101 6014 6283
f 6437 6307 5918
f 5918 6267 6437
f 6186 6102 6115
f 6133 6116 6357
f 6103 6045 6161
f 6045 5923 6187
f 6216 6074 6075
f 6075 6138 6216
f 6119 6086 6023
f 6119 6023 6229
f 6270 6229 5935
f 6120 6270 5935
f 6202 6201 6072
f 6108 6251 6149
f 6064 6087 6150
f 6245 6151 6109
f 6152 6245 6109
f 6235 6156 6088
f 6127 6142 5972
f 6209 6185 5989
f 6001 6093 6144
f 6222 6144 6093
f 6018 6133 6211
f 6094 6357 6116
f 6095 6033 6162
f 6135 6163 6096
f 6096 6218 6135
f 6020 6136 6165
f 6229 6269 6119
f 6166 6270 6120
f 6244 6189 6122
f 6122 6105 6244
f 6106 6175 6105
f 6106 6107 6361
f 6203 6150 6123
f 6123 6204 6203
f 6216 6204 6074
f 6124 6153 6263
f 6139 6078 6191
f 6274 6078 6039
f 6192 6274 6039
f 6039 5942 6192
f 5942 6125 6192
f 6129 6090 6220
f 6131 6132 6197
f 6051 6101 6238
f 6015 6002 6172
f 6357 6211 6133
f 6103 6308 6212
f 6148 6117 6057
f 6057 6058 6228
f 6217 6205 6104
f 6104 6118 6217
f 6178 6165 6136
f 6178 6086 6190
f 6167 6230 6024
f 6150 6251 6064
f 6151 6216 6138
f 6125 6110 6313
f 6169 6170 6278
f 6170 6141 6195
f 6141 6142 6279
f 6143 6111 6325
f 6128 6325 6111
f 6182 6129 6220
f 6281 6100 6378
f 6183 6326 6041
f 6289 6183 6050
f 6171 6289 6050
f 6132 6080 6197
f 6222 6093 6237
f 6159 6237 6113
f 6015 6160 6069
f 6002 6145 6172
f 6095 6162 6188
f 6284 6176 6117
f 6117 6148 6284
f 6098 6020 6177
f 6166 6137 6206
f 6200 6241 6034
f 6202 6189 6243
f 6215 6227 6108
f 6149 6215 6108
f 6077 6232 6076
f 6154 6263 6153
f 6099 6219 6155
f 6207 6139 6252
f 6252 6139 6179
f 6191 6179 6139
f 6143 6254 6127
f 6325 6128 6364
f 6128 6112 6364
f 6112 6182 6181
f 6290 6221 6091
f 6157 6158 6292
f 6158 6130 6185
f 6147 6308 6103
f 6187 6161 6045
f 6163 6135 6268
f 6098 6248 6118
f 6177 6020 6165
f 6086 6119 6249
f 6269 6249 6119
f 6134 6163 6268
f 6218 6268 6135
f 6193 6126 6447
f 6528 6208 6168
f 6156 6235 6266
f 6169 6278 6235
f 6195 6141 6279
f 6196 6171 6221
f 6304 6079 6157
f 6185 6292 6158
f 6185 6209 6293
f 6080 6031 6198
f 6306 6198 6031
f 6380 6238 6101
f 6240 6295 6052
f 6052 6173 6240
f 6211 6240 6173
f 6187 6188 6224
f 6174 6034 6260
f 6242 6200 6035
f 6035 6271 6242
f 6175 6106 6361
f 6361 6107 6226
f 6399 6251 6150
f 6203 6399 6150
f 6228 6205 6247
f 6177 6248 6098
f 6165 6178 6190
f 6249 6190 6086
f 6274 6191 6078
f 6180 6447 6126
f 6314 6326 6183
f 6198 6197 6080
f 6031 6144 6306
f 6256 6282 6257
f 6145 6307 6368
f 6239 6186 6223
f 6186 6115 6223
f 6244 6105 6214
f 6226 6107 6227
f 6310 6203 6204
f 6261 6310 6204
f 6097 6083 6246
f 6164 6246 6083
f 6190 6249 6340
f 6343 6230 6167
f 6167 6121 6343
f 6259 6121 6231
f 6231 6097 6312
f 6219 6099 6234
f 6192 6125 6376
f 6313 6376 6125
f 6168 6194 6275
f 6195 6278 6170
f 6142 6127 6254
f 6181 6364 6112
f 6220 6181 6182
f 6335 6289 6171
f 6290 6091 6236
f 6292 6304 6157
f 6327 6237 6159
f 6368 6172 6145
f 6186 6337 6199
f 6295 6115 6052
f 6161 6147 6103
f 6224 6161 6187
f 6268 6322 6134
f 6241 6260 6034
f 6200 6242 6241
f 6271 6213 6225
f 6213 6201 6250
f 6201 6202 6250
f 6243 6250 6202
f 6189 6244 6243
f 6175 6214 6105
f 6297 6215 6149
f 6149 6251 6298
f 6204 6216 6261
f 6248 6217 6118
f 6269 6229 6342
f 6121 6299 6343
f 6121 6259 6299
f 6134 6258 6082
f 6077 6124 6233
f 6124 6263 6233
f 6263 6154 6363
f 6264 6363 6154
f 6154 6219 6264
f 6099 6207 6265
f 6110 6193 6313
f 6194 6253 6275
f 6303 6254 6143
f 6220 6090 6288
f 6090 6281 6288
f 6183 6289 6314
f 6091 6184 6236
f 6255 6184 6079
f 6079 6304 6255
f 6305 6294 6209
f 6209 6197 6305
f 6199 6356 6210
f 6295 6223 6115
f 6345 6261 6216
f 6216 6151 6262
f 6151 6245 6262
f 6245 6152 6311
f 6057 6228 6429
f 6360 6270 6166
f 9574 6268 6218
f 6218 6232 9574
f 6265 6234 6099
f 6207 6324 6265
f 6447 6313 6193
f 6180 6140 6391
f 6143 6325 6303
f 6220 6288 6424
f 6290 6196 6221
f 6144 6222 6306
f 6210 6267 6081
f 6224 6188 6369
f 6262 6345 6216
f 6097 6246 6312
f 6331 6246 6164
f 6176 6331 6164
f 6057 6429 6148
f 6247 6429 6228
f 6217 6247 6205
f 6248 6177 6319
f 6342 6229 6359
f 6270 6359 6229
f 6166 6206 6402
f 6231 6312 6259
f 6232 6077 6333
f 6191 6274 6348
f 6302 6140 6208
f 6253 6156 6276
f 6235 6278 6277
f 6236 6184 6291
f 6336 6304 6292
f 6294 6293 6209
f 6198 6353 6197
f 6380 6282 6238
f 6239 6337 6186
f 6211 6357 6468
f 6188 6162 6309
f 6258 6309 6162
f 6339 6241 6242
f 6242 6271 6339
f 6227 6215 6272
f 6297 6149 6298
f 6245 6311 6419
f 6165 6319 6177
f 6190 6320 6165
f 6342 6341 6269
f 6402 6360 6166
f 6214 6318 6244
f 6175 6329 6214
f 6226 6227 6272
f 6399 6203 6344
f 6419 6262 6245
f 6264 6219 6300
f 6234 6265 6273
f 6265 6324 6301
f 6389 6324 6207
f 6346 6389 6207
f 6207 6252 6346
f 6302 6391 6140
f 6275 6253 6276
f 6156 6266 6349
f 6277 6266 6235
f 6279 6142 6280
f 6142 6254 6280
f 6100 6326 6378
f 6171 6196 6315
f 6353 6305 6197
f 6237 6379 6222
f 6159 6256 6327
f 6257 6327 6256
f 6101 6283 6380
f 6368 6307 6381
f 6267 6210 6356
f 6356 6199 6337
f 6146 6357 6094
f 6308 6147 6317
f 6188 6309 6369
f 6258 6134 6322
f 6217 6248 6401
f 6319 6165 6472
f 6320 6472 6165
f 6249 6269 6321
f 6206 6230 6402
f 6339 6271 6225
f 6250 6225 6213
f 6318 6433 6243
f 6243 6244 6318
f 6404 6345 6262
f 6419 6404 6262
f 6174 6311 6152
f 9574 6232 6285
f 6232 6333 6285
f 6233 6286 6077
f 6233 6263 6287
f 6363 6287 6263
f 6234 6300 6219
f 6348 6179 6191
f 6352 6181 6220
f 6315 6335 6171
f 6292 6185 6463
f 6367 6463 6185
f 6306 6222 6379
f 6327 6466 6237
f 6015 6172 6160
f 6211 6296 6240
f 6212 6438 6146
f 6358 6247 6217
f 6217 6401 6358
f 6319 6371 6248
f 6340 6320 6190
f 6321 6340 6249
f 6269 6341 6321
f 6360 6359 6270
f 6174 6260 6328
f 6243 6398 6250
f 6399 6298 6251
f 6310 6344 6203
f 6286 6333 6077
f 6301 6375 6265
f 6447 6180 6391
f 6208 6528 6302
f 6413 6528 6168
f 6168 6377 6413
f 6275 6377 6168
f 6156 6349 6276
f 6424 6352 6220
f 6378 6288 6281
f 6185 6293 6367
f 6355 6257 6282
f 6380 6355 6282
f 6296 6211 6468
f 6357 6146 6382
f 6308 6438 6212
f 6470 6312 6246
f 6246 6331 6470
f 6370 6247 6358
f 6362 6323 9574
f 6285 6362 9574
f 6287 6286 6233
f 6363 6264 6334
f 6300 6334 6264
f 6273 6300 6234
f 6273 6265 6375
f 6346 6252 6347
f 6179 6347 6252
f 6348 6274 6446
f 6274 6192 6446
f 6376 6446 6192
f 6254 6303 6414
f 6289 6335 6314
f 6236 6316 6290
f 6255 6291 6184
f 6354 6379 6237
f 6466 6354 6237
f 6356 6437 6267
f 6239 6406 6337
f 6174 6328 6420
f 6418 6250 6398
f 6297 6272 6215
f 6298 6435 6297
f 6456 6284 6148
f 6332 6429 6247
f 6370 6332 6247
f 6360 6402 6492
f 6322 6268 6323
f 6285 6333 6474
f 6277 6278 6422
f 6477 6422 6278
f 6195 6279 6449
f 6280 6351 6279
f 6394 6255 6304
f 6353 6294 6305
f 6580 6381 6307
f 6307 6437 6580
f 6454 6382 6146
f 6438 6454 6146
f 6438 6308 6519
f 6317 6519 6308
f 6369 6309 6396
f 6258 6396 6309
f 6260 6241 6338
f 6241 6339 6338
f 6433 6398 6243
f 6329 6175 6361
f 6311 6174 6420
f 6400 6176 6284
f 6230 6343 6372
f 6412 6376 6313
f 6447 6412 6313
f 6276 6377 6275
f 6350 6278 6195
f 6195 6449 6350
f 6537 6424 6288
f 6288 6378 6537
f 6378 6326 6496
f 6393 6326 6314
f 6335 6479 6314
f 6335 6315 6366
f 6316 6196 6290
f 6463 6336 6292
f 6223 6406 6239
f 6468 6357 6382
f 6147 6161 6317
f 6418 6225 6250
f 6399 6532 6298
f 6310 6261 6385
f 6443 6419 6311
f 6400 6331 6176
f 6284 6456 6400
f 6371 6401 6248
f 6472 6320 6430
f 6473 6430 6320
f 6320 6340 6473
f 6431 6340 6321
f 6230 6372 6417
f 6373 6258 6322
f 6273 6334 6300
f 6375 6301 6410
f 6301 6324 6411
f 6278 6350 6477
f 6280 6254 6414
f 6303 6478 6414
f 6393 6496 6326
f 6452 6293 6294
f 6488 6198 6306
f 6466 6327 6467
f 6327 6257 6516
f 6407 6317 6161
f 6161 6224 6407
f 6397 6339 6225
f 6318 6214 6403
f 6361 6483 6329
f 6226 6272 6434
f 6330 6434 6272
f 6341 6431 6321
f 6373 6322 6387
f 6322 6323 6428
f 6323 6362 6428
f 6374 6474 6333
f 6286 6374 6333
f 6390 6347 6179
f 6348 6390 6179
f 6392 6377 6276
f 6279 6351 6449
f 6325 6364 6436
f 6352 6364 6181
f 6426 6479 6335
f 6335 6366 6426
f 6236 6415 6316
f 6236 6291 6427
f 6294 6353 6395
f 6464 6488 6306
f 6379 6464 6306
f 6160 6380 6283
f 6172 6368 6453
f 6356 6337 6406
f 6406 6223 6489
f 6418 6397 6225
f 6403 6481 6318
f 6329 6403 6214
f 6383 6330 6272
f 6297 6383 6272
f 6385 6344 6310
f 6441 6148 6429
f 6431 6473 6340
f 6343 6299 6372
f 6481 6433 6318
f 6329 6586 6403
f 6226 6483 6361
f 6384 6383 6297
f 6435 6384 6297
f 6435 6298 6532
f 6388 6362 6285
f 6392 6276 6349
f 6424 6537 6365
f 6425 6393 6314
f 6314 6479 6425
f 6451 6394 6304
f 6304 6336 6451
f 6497 6367 6293
f 6353 6198 6416
f 6408 6407 6224
f 6373 6396 6258
f 6485 6470 6331
f 6400 6485 6331
f 6441 6456 6148
f 6544 6542 6358
f 6358 6401 6544
f 6342 6386 6341
f 6402 6230 6417
f 6299 6259 6459
f 6338 6328 6260
f 6338 6339 6531
f 6339 6397 6531
f 6404 6494 6345
f 6420 6443 6311
f 6285 6474 6388
f 6287 6421 6286
f 6287 6363 6460
f 6334 6460 6363
f 6301 6411 6410
f 6390 6348 6462
f 6446 6462 6348
f 6303 6325 6436
f 6316 6315 6196
f 6463 6451 6336
f 6452 6497 6293
f 6395 6452 6294
f 6160 6172 6453
f 6381 6453 6368
f 6437 6356 6405
f 6295 6489 6223
f 6439 6224 6369
f 6396 6439 6369
f 6387 6322 6428
f 6370 6358 6559
f 6542 6559 6358
f 6319 6490 6371
f 6386 6342 6432
f 6359 6432 6342
f 6545 6372 6299
f 6259 6312 6459
f 6460 6421 6287
f 6273 6375 6409
f 6324 6389 6411
f 6389 6535 6526
f 6461 6389 6346
f 6508 6346 6347
f 6643 6392 6349
f 6349 6266 6448
f 6266 6277 6448
f 6364 6352 6423
f 6496 6537 6378
f 6415 6236 6427
f 6427 6291 6450
f 6394 6450 6255
f 6394 6451 6514
f 6497 6463 6367
f 6488 6416 6198
f 6257 6355 6516
f 6296 6295 6240
f 6493 6330 6383
f 6385 6261 6602
f 6429 6332 6572
f 6559 6332 6370
f 6490 6503 6371
f 6471 6490 6319
f 6319 6472 6471
f 6299 6459 6545
f 6423 6436 6364
f 6415 6512 6316
f 6296 6468 6498
f 6522 6531 6397
f 6397 6418 6522
f 6433 6486 6398
f 6385 6602 6505
f 6400 6456 6440
f 6503 6544 6401
f 6401 6371 6503
f 6359 6360 6492
f 6312 6470 6459
f 6483 6482 6329
f 6344 6385 6505
f 6602 6261 6345
f 6345 6494 6602
f 6516 6467 6327
f 6380 6160 6529
f 6160 6453 6529
f 6453 6381 6517
f 6580 6517 6381
f 6406 6405 6356
f 6500 6396 6373
f 6375 6410 6445
f 6461 6535 6389
f 6446 6376 6510
f 6376 6412 6510
f 6447 6391 6609
f 6302 6528 6527
f 6277 6422 6448
f 6414 6351 6280
f 6366 6315 6553
f 6427 6480 6415
f 6386 6431 6341
f 6492 6432 6359
f 6328 6548 6420
f 6614 6522 6418
f 6442 6493 6383
f 6383 6384 6442
f 6435 6442 6384
f 6399 6344 6484
f 6505 6484 6344
f 6404 6419 6506
f 6443 6506 6419
f 6409 6375 6475
f 6445 6475 6375
f 6526 6411 6389
f 6366 6553 6426
f 6315 6316 6553
f 6514 6450 6394
f 6295 6296 6518
f 6317 6407 6455
f 6439 6408 6224
f 6387 6428 9761
f 6456 6441 6457
f 6648 6441 6429
f 6429 6572 6648
f 6492 6402 6458
f 6402 6417 6458
f 6531 6584 6328
f 6328 6338 6531
f 6418 6398 6585
f 6486 6585 6398
f 6532 6399 6484
f 6506 6494 6404
f 6507 9761 6362
f 6362 6388 6507
f 6334 6273 6444
f 6409 6444 6273
f 6508 6461 6346
f 6412 6447 6476
f 6495 6609 6391
f 6391 6302 6495
f 6511 6413 6377
f 6392 6511 6377
f 6551 6422 6477
f 6512 6553 6316
f 6512 6415 6577
f 6480 6577 6415
f 6623 6452 6395
f 6465 6464 6354
f 6354 6466 6465
f 6580 6437 6540
f 6405 6593 6437
f 6489 6295 6518
f 6382 6454 6469
f 6407 6408 6499
f 6440 6485 6400
f 6472 6430 6530
f 6586 6481 6403
f 6586 6329 6482
f 6443 6420 6547
f 6444 6460 6334
f 6510 6462 6446
f 6609 6476 6447
f 6449 6351 6596
f 6352 6424 6552
f 6591 6496 6393
f 6425 6479 6611
f 6480 6427 6513
f 6427 6450 6513
f 6623 6395 6487
f 6416 6487 6395
f 6557 6516 6355
f 6592 6529 6453
f 6438 6660 6454
f 6558 6499 6408
f 6408 6439 6558
f 6457 6440 6456
f 6502 6572 6332
f 6332 6559 6502
f 6459 6470 6504
f 6500 6387 9757
f 6387 9761 9757
f 6444 6421 6460
f 6525 6410 6411
f 6411 6526 6525
f 6347 6390 6509
f 6462 6509 6390
f 6393 6425 6591
f 6451 6463 6539
f 6463 6497 6579
f 6515 6488 6464
f 6464 6465 6515
f 6466 6467 6556
f 6516 6556 6467
f 6674 6557 6355
f 6355 6380 6674
f 6517 6592 6453
f 6593 6540 6437
f 6518 6296 6688
f 6469 6498 6468
f 6468 6382 6469
f 6660 6469 6454
f 6455 6519 6317
f 6499 6455 6407
f 6567 6439 6396
f 6520 6567 6396
f 6548 6328 6584
f 6600 6486 6433
f 6433 6481 6600
f 6548 6547 6420
f 6470 6485 6501
f 6441 6648 6457
f 6503 6490 6560
f 6471 6472 6530
f 6473 6521 6430
f 6562 6473 6431
f 6431 6386 6582
f 6535 6461 6719
f 6756 6349 6448
f 6477 6350 6551
f 6303 6436 6727
f 6552 6424 6365
f 6553 6512 6565
f 6613 6674 6380
f 6380 6529 6613
f 6569 6531 6522
f 6614 6418 6585
f 6571 6483 6226
f 6226 6434 6571
f 6330 6493 6574
f 6442 6435 6532
f 6432 6491 6386
f 6569 6667 6531
f 6434 6330 6575
f 6374 6523 6474
f 6409 6475 6524
f 6525 6564 6410
f 6462 6510 6550
f 6590 6350 6449
f 6449 6596 6590
f 6536 6596 6351
f 6351 6414 6536
f 6673 6591 6425
f 6425 6611 6673
f 6513 6577 6480
f 6623 6497 6452
f 6406 6541 6405
f 6406 6489 6676
f 6489 6518 6626
f 6438 6566 6660
f 6566 6438 6519
f 9757 6520 6500
f 6470 6501 6583
f 6544 6503 6632
f 6490 6471 6573
f 6530 6573 6471
f 6562 6561 6473
f 6695 6562 6431
f 6582 6695 6431
f 6491 6582 6386
f 6432 6492 6629
f 6504 6545 6459
f 6583 6504 6470
f 6482 6483 6601
f 6574 6575 6330
f 6546 6574 6493
f 6493 6442 6546
f 6533 6506 6443
f 6443 6547 6533
f 6444 6409 6524
f 6564 6445 6410
f 6719 6461 6549
f 6461 6508 6549
f 6508 6347 6509
f 6509 6462 6550
f 6302 6527 6495
f 6589 6643 6349
f 6349 6756 6589
f 6414 6478 6536
f 6727 6478 6303
f 6552 6423 6352
f 6513 6450 6554
f 6514 6554 6450
f 6579 6539 6463
f 6556 6599 6465
f 6465 6466 6556
f 6516 6557 6659
f 6498 6688 6296
f 6503 6560 6632
f 6573 6560 6490
f 6473 6561 6521
f 6417 6372 6651
f 6372 6545 6651
f 6522 6614 6570
f 6571 6434 6575
f 6494 6506 6533
f 6563 6388 6474
f 6523 6563 6474
f 6421 6444 6576
f 6524 6475 6608
f 6475 6445 6608
f 6594 6564 6525
f 6719 6772 6535
f 6588 6550 6510
f 6510 6412 6588
f 6476 6588 6412
f 6620 6422 6551
f 6350 6590 6621
f 6478 6727 6622
f 6553 6565 6656
f 6577 6685 6512
f 6514 6451 6538
f 6487 6416 6612
f 6416 6488 6612
f 6659 6556 6516
f 6676 6489 6626
f 6518 6581 6626
f 6688 6581 6518
f 6567 6558 6439
f 6485 6440 6669
f 6544 6543 6542
f 6570 6569 6522
f 6532 6546 6442
f 6724 6620 6551
f 6551 6350 6621
f 6622 6536 6478
f 6553 6656 6426
f 6515 6612 6488
f 6592 6613 6529
f 6676 6541 6406
f 6499 6558 6647
f 6733 6558 6567
f 6669 6501 6485
f 6440 6457 6669
f 6714 6683 6572
f 6572 6502 6714
f 6573 6530 6605
f 6432 6629 6491
f 6492 6458 6629
f 6668 6545 6504
f 6667 6584 6531
f 6585 6708 6614
f 6571 6601 6483
f 6799 6533 6547
f 6534 6799 6547
f 6606 6640 6507
f 6507 6388 6606
f 6643 6589 6863
f 6727 6436 6728
f 6611 6479 6655
f 6426 6655 6479
f 6565 6512 6597
f 6538 6451 6539
f 6497 6623 6555
f 6543 6559 6542
f 6530 6521 6605
f 6548 6584 6747
f 6634 6575 6574
f 6574 6546 6634
f 6532 6616 6546
f 6484 6616 6532
f 6617 6505 6602
f 6547 6548 6534
f 6525 6526 6594
f 6642 6594 6526
f 6526 6535 6642
f 6595 6549 6508
f 6508 6509 6595
f 6528 6413 6741
f 6620 6448 6422
f 6725 6724 6551
f 6621 6725 6551
f 6597 6512 6685
f 6554 6514 6578
f 6515 6465 6646
f 6599 6646 6465
f 6659 6599 6556
f 6816 6674 6613
f 6593 6405 6541
f 6455 6499 6786
f 6631 6633 6560
f 6560 6573 6631
f 6629 6458 6650
f 6417 6650 6458
f 6563 6606 6388
f 6564 6594 6703
f 6392 6643 6831
f 6610 6365 6537
f 6537 6496 6610
f 6758 6610 6496
f 6496 6591 6758
f 6597 6656 6565
f 6539 6579 6687
f 6598 6579 6497
f 6497 6555 6598
f 6469 6660 6744
f 6566 6519 6627
f 6567 6568 6733
f 6585 6486 6615
f 6583 6501 6750
f 6648 6572 6670
f 6559 6543 6630
f 6632 6560 6633
f 6521 6561 6605
f 6491 6825 6582
f 6747 6534 6548
f 6569 6570 6662
f 6600 6663 6486
f 6634 6546 6628
f 6616 6628 6546
f 6484 6505 6635
f 6617 6635 6505
f 6494 6533 6636
f 6618 6587 9974
f 6523 9652 6912
f 6619 6444 6524
f 6607 6619 6524
f 6524 6608 6684
f 6509 6550 6654
f 6550 6588 6654
f 6511 6741 6413
f 6511 6392 6831
f 6365 6881 6552
f 6655 6645 6611
f 6685 6577 6705
f 6554 6657 6513
f 6578 6514 6658
f 6487 6624 6623
f 6599 6659 6782
f 6803 6517 6580
f 6558 6733 6647
f 6669 6604 6501
f 6714 6502 6630
f 6502 6559 6630
f 6632 6543 6544
f 6573 6605 6631
f 6605 6561 6682
f 6825 6695 6582
f 6652 6668 6504
f 6504 6583 6652
f 6662 6667 6569
f 6840 6570 6614
f 6708 6585 6615
f 6615 6486 6663
f 6523 6738 6563
f 6576 6444 6641
f 6445 6564 6702
f 6423 6728 6436
f 6423 6552 6742
f 6656 6655 6426
f 6646 6612 6515
f 6519 6455 6627
f 6786 6627 6455
f 9759 6568 9757
f 6572 6683 6670
f 6633 6631 6672
f 6561 6562 6682
f 6677 6639 9974
f 6639 9767 6618
f 6563 6738 6818
f 6738 6523 6912
f 6608 6445 6700
f 6642 6703 6594
f 6753 6535 6772
f 6719 6549 6773
f 6721 6773 6549
f 6549 6595 6721
f 6704 6527 6528
f 6528 6741 6704
f 6590 6596 6726
f 6577 6513 6705
f 6657 6705 6513
f 6625 6624 6487
f 6541 6760 6593
f 6732 6498 6469
f 6469 6744 6732
f 6566 6837 6660
f 6481 6586 6710
f 6586 6482 6664
f 6601 6664 6482
f 6617 6602 6679
f 6636 6679 6602
f 6602 6494 6636
f 6534 6763 6799
f 6631 6605 9964
f 6695 6682 6562
f 6651 6650 6417
f 6698 6651 6545
f 6750 6652 6583
f 9981 6677 9974
f 6700 6445 6702
f 6535 6753 6642
f 6595 6509 6653
f 6654 6588 6849
f 6704 6495 6527
f 6832 6756 6448
f 6644 6448 6620
f 6821 6621 6590
f 6726 6821 6590
f 6727 6728 6757
f 6742 6552 6881
f 6591 6673 6758
f 6656 6597 6729
f 6554 6578 6657
f 6538 6658 6514
f 6759 6598 6555
f 6647 6733 6661
f 9758 6733 6568
f 6840 6662 6570
f 6708 6840 6614
f 6710 6600 6481
f 6484 6635 6693
f 6617 6679 6843
f 6618 6765 6587
f 6563 6818 6606
f 6912 9652 6717
f 6619 6641 6444
f 6654 6653 6509
f 6448 6644 6832
f 6611 6645 6673
f 6775 6729 6597
f 6685 6775 6597
f 6578 6658 6686
f 6623 6624 6555
f 6923 6555 6624
f 6624 6625 6781
f 6852 6613 6592
f 6803 6580 6675
f 6580 6540 6675
f 6688 6498 6732
f 6744 6660 6761
f 6710 6709 6600
f 6664 6710 6586
f 6799 6712 6533
f 6534 6747 6763
f 6638 6765 6618
f 6545 6668 6698
f 6501 6604 6750
f 6714 6630 6649
f 6630 6543 6715
f 6633 6770 6632
f 9767 6639 6665
f 6457 6648 6699
f 6671 6543 6632
f 6632 6770 6671
f 9964 6605 6713
f 6605 6682 6713
f 6491 6749 6825
f 6691 6778 6747
f 6747 6584 6691
f 6667 6691 6584
f 6666 6707 6667
f 6663 6796 6615
f 6780 6678 6575
f 6575 6634 6780
f 6746 6780 6634
f 6628 6746 6634
f 6693 6616 6484
f 6843 6635 6617
f 6636 6533 6712
f 6681 6637 6603
f 6735 6681 6603
f 6603 6587 6735
f 6689 6665 6639
f 6640 6606 6737
f 6755 6723 6476
f 6476 6609 6755
f 6863 6831 6643
f 6742 6728 6423
f 6687 6538 6539
f 6598 6687 6579
f 6625 6612 6706
f 6612 6646 6706
f 6835 6557 6674
f 6803 6592 6517
f 6760 6540 6593
f 6676 6626 6743
f 6626 6581 6743
f 6761 6785 6744
f 6911 6786 6499
f 6499 6647 6911
f 6457 6699 6669
f 6648 6670 6699
f 6671 6715 6543
f 6770 6633 6672
f 6650 6651 6697
f 6737 6771 6640
f 6716 6737 6606
f 6654 6754 6653
f 6723 6588 6476
f 6495 6755 6609
f 6794 6644 6620
f 6724 6794 6620
f 6766 6705 6657
f 6730 6686 6658
f 6802 6646 6599
f 6599 6782 6802
f 6782 6659 6731
f 6659 6557 6731
f 6966 6743 6581
f 6691 6667 6707
f 6796 6692 6615
f 6600 6709 6663
f 6601 6571 6779
f 6765 6694 6587
f 6690 6665 6689
f 6662 6666 6667
f 6692 6708 6615
f 6575 6779 6571
f 6682 6695 6895
f 6805 6604 6669
f 6699 6805 6669
f 6751 6683 6714
f 6606 6818 6716
f 6607 6641 6619
f 6739 6684 6752
f 6700 6752 6684
f 6702 6564 6703
f 6703 6642 6819
f 6862 6819 6642
f 6723 6849 6588
f 6755 6495 7072
f 6536 6726 6596
f 6536 6622 6864
f 6880 6864 6622
f 6727 6880 6622
f 6610 6881 6365
f 6658 6538 6730
f 6687 6730 6538
f 6783 6731 6557
f 6557 6835 6783
f 6836 6676 6743
f 6689 6639 6734
f 6690 6762 6665
f 6664 6601 6779
f 6678 6780 6869
f 6843 6693 6635
f 6712 6711 6636
f 6680 6637 6764
f 6808 6764 6637
f 6637 6681 6808
f 6694 6735 6587
f 6713 6682 6844
f 6491 6629 6696
f 6650 6696 6629
f 6715 6649 6630
f 6739 6792 6607
f 6700 6702 6701
f 6722 6754 6654
f 6849 6722 6654
f 6741 6511 6831
f 6831 6863 7073
f 6657 6578 6800
f 6965 6852 6592
f 6966 6581 6885
f 6817 6885 6581
f 6581 6688 6817
f 6688 6732 6817
f 6744 6785 6784
f 6837 6761 6660
f 6838 6911 6647
f 6734 6777 6689
f 6662 6840 6891
f 6796 6663 6811
f 6664 6745 6710
f 6678 6779 6575
f 6843 6814 6693
f 6825 6895 6695
f 6696 6749 6491
f 6697 6651 6896
f 6651 6698 6896
f 7002 6698 6668
f 6792 6641 6607
f 6752 6793 6739
f 6701 6752 6700
f 6703 6718 6702
f 6642 6753 6977
f 6741 6831 6830
f 6673 6645 6822
f 6800 6766 6657
f 6686 6730 6801
f 6598 6815 6687
f 6816 6835 6674
f 6613 6852 6816
f 6592 6803 6965
f 6760 6675 6540
f 6541 6676 6836
f 6627 6837 6566
f 6786 6949 6627
f 6661 6838 6647
f 6762 6776 9769
f 6798 6663 6709
f 6745 6798 6709
f 6709 6710 6745
f 6616 6693 6947
f 6814 6947 6693
f 6711 6679 6636
f 6898 6765 6638
f 6736 6898 6638
f 9964 6713 6748
f 6826 6750 6604
f 6751 6670 6683
f 6769 6751 6649
f 6649 6715 6769
f 9976 6770 6672
f 6701 6702 6718
f 6773 6720 6719
f 6849 6723 6740
f 6724 6725 6820
f 6902 6758 6673
f 6822 6902 6673
f 6645 6833 6822
f 6578 6686 6800
f 6815 6730 6687
f 6884 6923 6624
f 6624 6781 6884
f 6802 6706 6646
f 6783 7044 6731
f 6837 6627 6949
f 6776 9774 9769
f 6807 6777 6734
f 6762 6690 6824
f 6690 6777 6861
f 6691 6707 6906
f 6708 6692 6840
f 6745 6664 6841
f 6779 6841 6664
f 6767 6748 6713
f 6713 6844 6767
f 6805 6826 6604
f 6714 6649 6751
f 6788 6912 6717
f 6717 6641 6788
f 6718 6703 6790
f 6642 6977 6862
f 6720 6773 6991
f 6829 6704 6741
f 6741 6830 6829
f 6645 6655 6833
f 6598 6759 6866
f 6555 6923 6759
f 6836 6760 6541
f 6796 6919 6692
f 6779 6678 6812
f 6780 6746 6842
f 6746 6628 6842
f 6905 6711 6712
f 6712 6799 6905
f 6778 6763 6747
f 6809 6681 6735
f 6735 6694 6809
f 6810 6809 6694
f 6765 6810 6694
f 6844 6682 6768
f 6652 7002 6668
f 6845 6652 6750
f 6750 6826 6845
f 6805 6699 6915
f 6846 6715 6671
f 6827 6846 6671
f 6671 6770 6827
f 6716 6818 7065
f 6793 6752 6789
f 6719 6720 6978
f 6722 6917 6754
f 7072 6723 6755
f 6832 6589 6756
f 6794 6724 6820
f 6791 6621 6821
f 6757 6728 6774
f 6728 6742 6774
f 7028 6881 6610
f 6729 6775 6850
f 6851 9727 6685
f 6685 6705 6851
f 6759 6923 6834
f 6733 9758 6968
f 6861 6824 6690
f 6778 6691 6906
f 6906 6707 6854
f 6870 6854 6707
f 6707 6666 6870
f 6853 6870 6666
f 6666 6662 6853
f 6662 6891 6853
f 6919 6840 6692
f 6843 6679 7013
f 6679 6711 7013
f 6680 6764 9966
f 6810 6765 6898
f 6848 6898 6736
f 9582 6766 6800
f 6815 6883 6730
f 6866 6815 6598
f 6803 6675 6924
f 6743 6983 6836
f 6784 6732 6744
f 6925 6661 6733
f 6733 6968 6925
f 6895 6768 6682
f 6896 6857 6697
f 6897 6699 6670
f 6670 6751 6897
f 6846 6769 6715
f 6827 6770 9976
f 6787 6839 6771
f 6771 6737 6787
f 6788 6926 6912
f 6739 6793 6792
f 6701 6789 6752
f 6773 6721 6991
f 6653 6721 6595
f 6828 6495 6704
f 6878 6863 6589
f 6589 6832 6878
f 6725 6621 6879
f 6621 6791 6879
f 6864 6726 6536
f 6727 6757 7026
f 6959 7028 6610
f 6775 6685 6850
f 9727 6850 6685
f 9582 6851 6705
f 9774 6776 6875
f 6776 6888 6823
f 6776 6762 6888
f 6762 6824 6804
f 6861 6777 6806
f 6807 6806 6777
f 6811 6663 6797
f 6798 6797 6663
f 6841 6798 6745
f 6812 6841 6779
f 6812 6678 6962
f 6869 6962 6678
f 6628 6616 6813
f 6947 6813 6616
f 6963 6799 6763
f 6847 6808 6681
f 6924 6965 6803
f 7035 6818 6738
f 6912 7035 6738
f 6641 6792 6788
f 6819 6790 6703
f 6772 6719 6978
f 6653 6754 6917
f 7072 6495 6828
f 6880 6727 7026
f 6742 6881 6774
f 6610 6758 6959
f 6902 6959 6758
f 6850 6795 6729
f 6823 6875 6776
f 6804 6888 6762
f 6748 6767 6856
f 6650 6697 6929
f 9610 6788 6792
f 6753 6772 6978
f 6829 6828 6704
f 7027 6774 6881
f 6902 6822 6960
f 6833 6940 6822
f 6841 6868 6798
f 6799 6963 6905
f 6964 6963 6763
f 6763 6778 6964
f 6681 6809 6847
f 6908 6800 6686
f 6801 6908 6686
f 6834 6922 6759
f 6706 6802 7017
f 7104 7017 6802
f 6948 7104 6802
f 6802 6782 6948
f 6969 6787 6737
f 6737 6716 6969
f 6767 6844 6856
f 6873 6844 6768
f 6895 6825 6928
f 6696 6650 6929
f 6857 6929 6697
f 6848 6899 6898
f 6842 6869 6780
f 9582 6800 6865
f 6908 6865 6800
f 6884 6781 7016
f 6782 6731 6948
f 6981 7044 6783
f 6783 6835 6981
f 7018 6885 6817
f 6817 6732 7018
f 6784 7018 6732
f 7034 6949 6786
f 6701 6718 6877
f 6862 6901 6819
f 6644 6794 6832
f 6794 6820 6957
f 6940 6960 6822
f 6861 9984 6890
f 6768 6895 6927
f 6928 6825 6749
f 6929 6749 6696
f 6897 6915 6699
f 6769 6931 6751
f 6809 6810 6933
f 6871 6894 6848
f 9610 6792 6867
f 6876 6789 6701
f 6701 6877 6876
f 6790 6877 6718
f 6916 6862 6977
f 6978 6977 6753
f 6829 6830 6938
f 6820 6725 7222
f 6879 7222 6725
f 6908 6801 6909
f 6801 6883 6909
f 6999 6982 6852
f 6852 6965 6999
f 6887 6911 6838
f 6838 6661 6887
f 6787 9760 6839
f 6891 6840 6903
f 6840 6919 6903
f 6919 6796 6942
f 6811 6942 6796
f 6868 6841 6944
f 6842 6628 6813
f 6814 6843 6994
f 7013 6994 6843
f 6856 6844 6873
f 6845 6826 6951
f 6915 6826 6805
f 6952 6931 6769
f 6846 6952 6769
f 6846 6827 6874
f 9966 7047 6893
f 6764 6808 7047
f 6847 6809 7025
f 6898 6933 6810
f 6894 6899 6848
f 6872 9771 6934
f 6901 6790 6819
f 6991 6721 7070
f 6722 6849 6937
f 7222 6957 6820
f 6958 6791 6821
f 6821 6726 6958
f 6864 6958 6726
f 6655 6795 6882
f 6866 6883 6815
f 6922 6866 6759
f 7017 7016 6706
f 6835 6816 7171
f 6982 6816 6852
f 6761 6837 6886
f 6818 7035 7065
f 6792 6793 6867
f 6797 6798 6943
f 6868 6943 6798
f 6945 6944 6841
f 6841 6812 6945
f 6962 6869 6946
f 6778 6906 6892
f 6855 9794 9792
f 9794 6855 9784
f 6856 6873 9967
f 6927 6873 6768
f 6749 6929 6971
f 6915 7004 6826
f 6931 6986 6751
f 6858 9778 6935
f 9943 6935 9778
f 6859 6860 9763
f 6890 6824 6861
f 6916 6901 6862
f 7048 7070 6721
f 6721 6653 7048
f 6917 7048 6653
f 6849 6740 6937
f 6830 6831 7049
f 6831 7073 7049
f 6940 6833 7075
f 6833 6655 7075
f 6882 7075 6655
f 9582 6865 6921
f 7016 7084 6884
f 6948 6731 7032
f 7171 6981 6835
f 6743 6966 7173
f 6967 7018 6784
f 6785 6761 7061
f 7062 7061 6761
f 6661 6925 7112
f 6789 7021 6793
f 6876 9765 6789
f 6941 7011 6855
f 6855 9792 6941
f 6942 7012 6919
f 7077 6946 6869
f 6869 6842 7077
f 6906 6854 6907
f 9791 6907 6854
f 6854 6870 9791
f 7039 6808 6847
f 7025 7039 6847
f 6871 6872 6934
f 9771 9766 6934
f 6824 7024 6804
f 6913 6890 9984
f 7002 6652 7003
f 6897 6985 6915
f 6897 6751 6986
f 6935 7001 6858
f 7066 6860 6875
f 6900 6876 6877
f 6877 6790 6936
f 6829 6938 7258
f 6939 6863 6878
f 6757 6774 7074
f 7027 6881 6992
f 7028 6992 6881
f 6909 6980 6908
f 6883 6866 6998
f 7084 6923 6884
f 6966 6885 7033
f 6886 7062 6761
f 6786 6911 7063
f 7000 6887 6661
f 6661 7112 7000
f 6787 6969 7086
f 6912 6926 6970
f 6867 7020 9610
f 6789 9765 6950
f 6823 7066 6875
f 6853 6891 6918
f 6996 6918 6891
f 6891 6903 6996
f 6904 6811 6943
f 6811 6797 6943
f 6943 6868 6920
f 6962 6945 6812
f 6892 6964 6778
f 6894 6871 6954
f 6873 6914 9967
f 6927 6895 6928
f 6896 6698 6930
f 6698 7002 6930
f 6951 7003 6652
f 6652 6845 6951
f 7004 6951 6826
f 6972 6985 6897
f 6986 6972 6897
f 6953 6952 6846
f 6846 6874 6953
f 6874 9963 6953
f 7039 6987 6808
f 6933 6975 6809
f 6933 6898 6989
f 6898 6899 6989
f 6955 6954 6871
f 6900 6877 7007
f 6937 7071 6722
f 6828 6829 7008
f 7258 7008 6829
f 7073 6863 7221
f 7161 6958 6864
f 7040 6941 9792
f 6903 6919 6961
f 6942 6811 6904
f 6892 6906 7099
f 6907 7099 6906
f 6932 6893 7047
f 6921 6865 7030
f 6865 6908 6980
f 7044 7032 6731
f 6983 6910 6836
f 6743 7173 7045
f 7035 6912 6970
f 7009 9949 9958
f 7001 7015 6976
f 6976 6858 7001
f 6935 9943 9944
f 6823 6888 6984
f 6857 6896 6930
f 6931 6952 6973
f 6936 7007 6877
f 6790 6901 6990
f 7008 7072 6828
f 6939 7221 6863
f 7095 6832 6794
f 6864 6880 7202
f 7026 7202 6880
f 7040 6993 6941
f 6996 6903 6961
f 6919 7012 6961
f 6907 9791 9780
f 6921 9724 9582
f 7030 6865 6980
f 6883 7014 6909
f 6923 7084 6834
f 7104 7152 7017
f 7297 6675 6760
f 6836 7297 6760
f 6983 6743 7045
f 6785 6967 6784
f 6886 6837 6949
f 7063 7034 6786
f 7019 7063 6911
f 6911 6887 7019
f 9626 7112 6925
f 6925 6968 9626
f 9625 9760 7086
f 9760 6787 7086
f 6716 7065 6969
f 7020 6867 7021
f 6867 6793 7021
f 7037 6890 6913
f 9968 7037 6913
f 7046 6914 6873
f 6873 6927 7046
f 6928 7046 6927
f 6929 6857 7118
f 6857 6930 7118
f 6985 7004 6915
f 6931 6973 6986
f 7005 6973 6952
f 6974 7047 6808
f 6989 6975 6933
f 6899 6894 6989
f 7122 6989 6894
f 6901 6916 6990
f 7071 7048 6917
f 6878 6832 6939
f 7052 6939 6832
f 6957 7222 7050
f 7053 6960 6940
f 9945 7011 7010
f 6993 7011 6941
f 7040 9779 9789
f 7029 7012 6942
f 6904 7029 6942
f 6868 6944 6920
f 6813 6947 7165
f 6963 6995 6905
f 6979 6963 6964
f 7014 6883 6997
f 6816 6982 7171
f 6836 6910 7297
f 6949 7034 6886
f 6789 6950 7022
f 6950 9777 7022
f 6888 6889 6984
f 7024 6889 6804
f 6971 6928 6749
f 7118 6971 6929
f 7025 6809 6975
f 6954 7122 6894
f 6955 7091 6954
f 7001 6935 7057
f 6900 9770 6876
f 7093 6936 6790
f 6790 6990 7093
f 6916 6977 7069
f 7324 6991 7070
f 6938 6830 7049
f 7339 6794 6957
f 6959 6902 7108
f 6945 6962 7041
f 6946 7041 6962
f 6842 6813 7042
f 6711 6905 7078
f 6995 7078 6905
f 6979 6995 6963
f 6964 6892 6979
f 7099 6979 6892
f 7146 7099 6907
f 7033 7173 6966
f 6968 9625 9626
f 7086 7064 9625
f 7066 6823 7036
f 6984 7036 6823
f 6889 7024 7023
f 6890 7024 6824
f 6952 6953 7005
f 7006 7005 6953
f 6974 6808 6987
f 7122 6954 7091
f 6976 7015 6956
f 9944 7057 6935
f 7069 6990 6916
f 6977 6978 7069
f 6978 6720 7200
f 6991 7200 6720
f 7218 7070 7048
f 6740 7178 6937
f 7095 7052 6832
f 7139 7161 6864
f 7026 6757 7096
f 7074 7096 6757
f 7009 9945 7010
f 9788 6996 6961
f 6904 6943 7144
f 7129 7110 6943
f 6943 6920 7129
f 7042 6813 7165
f 6921 7079 9724
f 6980 6909 7126
f 7014 7126 6909
f 7060 6998 6866
f 6866 6922 7060
f 6922 6834 7060
f 7044 6981 7085
f 7033 6885 7018
f 7019 6887 7195
f 6887 7000 7195
f 7021 6789 7115
f 7022 7115 6789
f 7015 7001 7080
f 6914 7037 9968
f 6951 7004 7088
f 7004 6985 7089
f 6986 6973 7120
f 7177 6973 7005
f 7025 6975 7106
f 6989 7122 9578
f 7091 6955 7107
f 7047 7038 6932
f 6975 6989 7106
f 7200 7128 6978
f 7071 6937 7138
f 7028 6959 7051
f 6940 7075 7053
f 7097 9953 7009
f 7009 7010 7098
f 7144 6943 7110
f 7041 6944 6945
f 7077 6842 7042
f 7165 6947 7111
f 6814 7111 6947
f 6814 6994 7111
f 7078 7013 6711
f 7126 7124 6980
f 7102 6997 6998
f 6834 7084 7103
f 7087 7022 9777
f 9777 9768 7087
f 6956 7015 7192
f 9954 9948 7058
f 9770 6900 7127
f 7007 7127 6900
f 6936 7092 7007
f 7217 7069 6978
f 7128 7217 6978
f 6991 7324 7200
f 7027 7074 6774
f 7097 7009 7098
f 7011 6993 7109
f 7029 6904 7144
f 6920 6944 7129
f 7076 7129 6944
f 6946 7077 7183
f 7078 6994 7013
f 7030 6980 7123
f 7152 7130 7016
f 7016 7017 7152
f 7194 7085 6981
f 7269 7171 6982
f 7210 6982 6999
f 6999 6965 7210
f 7020 7021 7176
f 7023 7024 7117
f 7157 7117 7024
f 7024 6890 7157
f 7120 7189 6972
f 6972 6986 7120
f 7005 7006 7121
f 7038 7159 7006
f 7039 7025 7090
f 7305 7090 7025
f 7050 7222 7477
f 7053 7203 6960
f 7223 7140 7075
f 6882 7223 7075
f 7041 7076 6944
f 6994 7078 7145
f 7055 6995 6979
f 6979 7099 7055
f 7079 6921 7123
f 6921 7030 7123
f 9950 7126 7031
f 7192 7043 6956
f 7100 7015 7080
f 7056 7080 7001
f 7057 7056 7001
f 7193 7104 6948
f 7131 7230 6924
f 6924 6675 7131
f 6886 7034 7249
f 7063 7249 7034
f 7035 6970 7133
f 6984 7067 7036
f 6890 7037 7157
f 7068 7037 6914
f 6914 7046 7068
f 7046 6928 7068
f 6971 7118 7136
f 7119 7089 6985
f 6985 6972 7119
f 7189 7119 6972
f 7158 7120 6973
f 6973 7177 7158
f 6987 7039 7090
f 7025 6988 7305
f 7097 7142 9953
f 6993 7040 7162
f 7054 7162 7012
f 7012 7029 7054
f 7183 7041 6946
f 7100 7192 7015
f 7101 7056 7057
f 7149 7058 9948
f 7081 7149 9948
f 7060 7102 6998
f 7170 7060 6834
f 7130 7084 7016
f 7085 7032 7044
f 7154 7020 7114
f 7176 7114 7020
f 7066 7036 7134
f 6889 7023 7156
f 7135 7068 6928
f 6928 6971 7135
f 7234 7003 6951
f 7089 7088 7004
f 7159 7121 7006
f 7025 7106 6988
f 7106 6989 9578
f 7127 7007 7092
f 7069 7094 6990
f 7138 6937 7257
f 7178 7257 6937
f 7072 7008 7179
f 7050 7339 6957
f 6864 7202 7139
f 7027 6992 7309
f 7108 7051 6959
f 7203 6902 6960
f 9729 7223 6882
f 7216 7255 6936
f 7093 7216 6936
f 7094 7093 6990
f 7201 6740 6723
f 6723 7072 7201
f 6794 7339 7095
f 6879 6791 7259
f 6791 6958 7259
f 7202 7026 7096
f 7010 7011 7109
f 7144 7054 7029
f 7057 7058 7101
f 6997 7102 7169
f 6834 7103 7170
f 6675 7297 7131
f 7231 7033 7018
f 7153 7113 7086
f 7086 6969 7153
f 6969 7065 7212
f 7065 7035 7212
f 7133 7212 7035
f 7133 6970 7175
f 7067 6984 7155
f 7117 7156 7023
f 7136 7135 6971
f 7105 6930 7002
f 7002 7003 7105
f 7160 7159 7038
f 7038 7047 7160
f 7047 6974 7160
f 6987 7215 6974
f 7091 7107 7254
f 7092 6936 7255
f 7200 7238 7128
f 7218 7324 7070
f 7218 7048 7239
f 7071 7239 7048
f 7178 6740 7394
f 7201 7394 6740
f 7072 7179 7201
f 7073 7221 7476
f 7221 6939 7241
f 7339 7050 7477
f 7074 7275 7096
f 7261 6992 7028
f 7028 7051 7261
f 7203 7108 6902
f 7180 7203 7053
f 7140 7053 7075
f 7142 7141 9953
f 7109 7098 7010
f 6993 7162 7143
f 7184 7099 7146
f 7079 7123 7181
f 7124 7123 6980
f 7124 7126 7125
f 9782 7043 7265
f 7101 7058 7149
f 7082 7167 7081
f 6997 7169 7059
f 7151 7103 7084
f 7193 6948 7032
f 7173 7172 7045
f 7173 7033 7248
f 7018 6967 7231
f 7064 7086 7113
f 7115 7022 7087
f 7087 9768 7116
f 7067 7134 7036
f 7156 7155 6984
f 6984 6889 7156
f 7068 7197 7037
f 6951 7088 7234
f 7122 7091 7191
f 7069 7217 7290
f 7476 7049 7073
f 6939 7052 7241
f 7309 7074 7027
f 7141 7142 7182
f 7143 7109 6993
f 7054 7163 7162
f 7129 7076 7207
f 7041 7183 7263
f 7184 7055 7099
f 7185 9785 7166
f 7149 7148 7101
f 7167 7149 7081
f 7102 7060 7247
f 7151 7187 7103
f 7152 7104 7268
f 7193 7268 7104
f 7193 7032 7370
f 7085 7370 7032
f 7211 7210 6965
f 6965 6924 7211
f 7230 7211 6924
f 6910 6983 7132
f 6983 7045 7132
f 7045 7172 7132
f 6785 7188 6967
f 6785 7061 7188
f 7000 7112 7279
f 9747 7116 9764
f 9764 7134 9747
f 7136 7251 7135
f 7121 7177 7005
f 7236 7121 7159
f 7199 6987 7090
f 7090 7305 7199
f 7254 7191 7091
f 7340 7259 6958
f 7097 7098 7205
f 7144 7110 7164
f 7246 7183 7077
f 7042 7246 7077
f 7145 7165 7111
f 7111 6994 7145
f 6995 7055 7225
f 7186 7166 9782
f 7265 7186 9782
f 7265 7043 7226
f 7056 7101 7147
f 7083 7059 7168
f 7059 7169 7168
f 6981 7171 7194
f 7061 7062 7188
f 7232 7112 9626
f 6970 7154 7175
f 7176 7299 7114
f 7176 7021 7213
f 7021 7115 7213
f 7087 7213 7115
f 7117 7157 7196
f 7157 7037 7272
f 7197 7272 7037
f 7135 7197 7068
f 7136 7118 7214
f 7119 7088 7089
f 7160 6974 7215
f 7191 7137 7122
f 9723 7079 7181
f 7123 7124 7224
f 7125 7126 9950
f 7092 7323 7127
f 7093 7094 7216
f 7217 7128 7238
f 7222 6879 7422
f 7259 7422 6879
f 7621 7340 6958
f 6958 7161 7621
f 7096 7503 7202
f 7074 7309 7260
f 7261 7309 6992
f 7051 7108 7242
f 7053 7140 7180
f 7245 7054 7144
f 7164 7110 7206
f 7129 7206 7110
f 7225 7078 6995
f 7055 7184 7225
f 7147 7101 7148
f 7150 7167 7082
f 7168 7150 7082
f 7102 7247 7278
f 7229 7247 7060
f 7187 7170 7103
f 7297 7495 7131
f 7248 7033 7231
f 7188 7231 6967
f 7174 7064 7113
f 6969 7212 7153
f 7067 9747 7134
f 7214 7251 7136
f 7118 6930 7214
f 7236 7177 7121
f 6987 7199 7237
f 7254 9772 7289
f 7123 7327 7181
f 7224 7124 7125
f 7472 7216 7094
f 7094 7069 7290
f 7220 7258 6938
f 6938 7049 7220
f 7275 7503 7096
f 7223 7341 7140
f 9960 7125 9950
f 7205 7182 7142
f 7142 7097 7205
f 7098 7109 7243
f 7109 7143 7244
f 7144 7164 7245
f 7076 7041 7347
f 7263 7347 7041
f 7042 7165 7246
f 7208 7100 7080
f 7056 7208 7080
f 7148 7149 7294
f 7102 7278 7169
f 7060 7170 7229
f 7084 7130 7151
f 7173 7352 7172
f 7112 7232 7279
f 7175 7154 7281
f 7155 7156 7328
f 7196 7233 7117
f 6930 7105 7214
f 7252 7234 7088
f 7088 7119 7285
f 7119 7189 7335
f 7160 7236 7159
f 7160 7215 7321
f 7237 7215 6987
f 7092 7255 7362
f 7408 7291 7095
f 7095 7339 7408
f 7108 7203 7325
f 7181 7271 9723
f 7271 7181 7327
f 7224 7327 7123
f 7182 7204 7141
f 7143 7162 7311
f 7163 7311 7162
f 7347 7207 7076
f 7184 7146 7276
f 7192 7226 7043
f 7209 7149 7167
f 7150 7295 7167
f 7495 7230 7131
f 7248 7352 7173
f 7249 7062 6886
f 7249 7063 7354
f 7250 7063 7019
f 7019 7195 7250
f 7195 7000 7371
f 7279 7371 7000
f 7213 7087 9744
f 7155 7328 7067
f 7233 7156 7117
f 7272 7196 7157
f 7329 7105 7003
f 7003 7234 7329
f 7285 7252 7088
f 7189 7120 7287
f 7158 7287 7120
f 7158 7177 7287
f 6988 7106 7190
f 7106 9578 7190
f 9602 7190 9578
f 9578 7137 9602
f 7094 7290 7307
f 7238 7200 7380
f 7179 7008 7240
f 7052 7095 7291
f 7242 7108 7325
f 7180 7292 7203
f 7365 7292 7180
f 7205 7098 7243
f 7245 7163 7054
f 7206 7129 7207
f 7183 7246 7348
f 7264 7145 7078
f 7078 7225 7264
f 7276 7225 7184
f 7208 7192 7100
f 7294 7147 7148
f 7295 7209 7167
f 7295 7150 7227
f 7150 7168 7228
f 7169 7228 7168
f 7266 7169 7278
f 7267 7151 7130
f 7194 7171 7411
f 7171 7269 7411
f 7188 7062 7413
f 7174 7113 7270
f 7356 7212 7133
f 7287 7286 7189
f 7287 7177 7235
f 7236 7235 7177
f 7274 7236 7160
f 7306 7199 7305
f 9602 7137 7322
f 7345 7245 7164
f 7206 7345 7164
f 7263 7183 7348
f 7276 7146 7185
f 7277 7166 7186
f 7150 7228 7227
f 7266 7228 7169
f 7388 7231 7188
f 7250 7354 7063
f 7371 7250 7195
f 7283 7328 7156
f 7156 7233 7283
f 7198 7272 7197
f 7197 7135 7198
f 7135 7251 7198
f 7214 7273 7251
f 7252 7285 7303
f 7335 7285 7119
f 7335 7189 7286
f 7218 7239 7219
f 7008 7258 7240
f 7490 7220 7049
f 7242 7261 7051
f 9959 7224 7125
f 7204 7182 7310
f 7243 7109 7366
f 7109 7244 7366
f 7185 7166 7277
f 7208 7056 7147
f 7149 7209 7333
f 7130 7152 7268
f 7387 7132 7172
f 7352 7387 7172
f 7133 7175 7280
f 7196 7300 7233
f 7302 7273 7214
f 7214 7105 7302
f 7237 7288 7215
f 7378 7237 7199
f 7199 7306 7378
f 7253 7322 7137
f 7137 7191 7253
f 7254 7253 7191
f 7362 7323 7092
f 7255 7216 7256
f 7308 7290 7217
f 7238 7308 7217
f 7364 7238 7380
f 7239 7071 7474
f 7138 7474 7071
f 7337 7476 7221
f 7221 7241 7337
f 7291 7241 7052
f 7140 7365 7180
f 7223 9722 7341
f 7182 7205 7395
f 7243 7262 7205
f 7311 7244 7143
f 7344 7311 7163
f 7246 7165 7368
f 7145 7264 7331
f 7192 7208 7385
f 7315 7247 7229
f 7229 7170 7315
f 7267 7187 7151
f 7268 7267 7130
f 7463 7085 7194
f 7355 7279 7232
f 7280 7356 7133
f 7281 7280 7175
f 7400 7317 7213
f 9744 7400 7213
f 7067 7328 7416
f 7300 7484 7233
f 7196 7272 7320
f 7198 7251 7301
f 7252 7329 7234
f 7274 7235 7236
f 6988 7190 7360
f 7253 7254 7336
f 7307 7472 7094
f 7308 7238 7435
f 7364 7435 7238
f 7219 7239 7474
f 7477 7222 7422
f 7341 7365 7140
f 7395 7310 7182
f 7395 7205 7262
f 7293 7344 7163
f 7163 7245 7293
f 7206 7207 7424
f 7276 7264 7225
f 7277 7276 7185
f 7186 7265 7332
f 7208 7147 7313
f 7333 7294 7149
f 7278 7247 7314
f 7396 7314 7247
f 7396 7247 7315
f 7170 7316 7315
f 7268 7193 7462
f 7386 7269 6982
f 6982 7210 7386
f 7334 7386 7210
f 7210 7211 7334
f 7353 7413 7062
f 7270 7113 7483
f 7299 7176 7317
f 7176 7213 7317
f 7282 7318 9747
f 9747 7067 7282
f 7416 7282 7067
f 7272 7198 7357
f 7251 7273 7301
f 7284 7329 7252
f 7303 7284 7252
f 7287 7235 7376
f 7274 7160 7321
f 7304 7321 7215
f 7487 7305 6988
f 7289 7336 7254
f 7256 7362 7255
f 7472 7256 7216
f 7453 7200 7420
f 7324 7420 7200
f 7324 7218 7330
f 7260 7275 7074
f 7424 7345 7206
f 7346 7424 7207
f 7207 7347 7346
f 7348 7347 7263
f 7349 7368 7165
f 7165 7145 7349
f 7331 7349 7145
f 7265 7226 7332
f 7385 7312 7226
f 7226 7192 7385
f 7227 7460 7295
f 7428 7187 7267
f 7462 7410 7268
f 7411 7463 7194
f 7211 7230 7334
f 7298 7397 6910
f 7132 7298 6910
f 7532 7387 7352
f 7062 7249 7353
f 7373 7153 7212
f 7212 7356 7373
f 7224 9959 7342
f 7283 7233 7484
f 7320 7300 7196
f 7302 7301 7273
f 7329 7302 7105
f 7288 7304 7215
f 7237 7378 7377
f 7487 7306 7305
f 7360 7487 6988
f 7380 7200 7453
f 7219 7330 7218
f 7474 7138 7525
f 7257 7525 7138
f 7475 7201 7179
f 7179 7240 7475
f 7476 7490 7049
f 7622 7139 7202
f 7202 7503 7622
f 7366 7262 7243
f 7383 7293 7245
f 7345 7383 7245
f 7384 7348 7246
f 7368 7384 7246
f 7542 7333 7209
f 7227 7228 7296
f 7228 7266 7296
f 7314 7266 7278
f 7398 7248 7231
f 7388 7398 7231
f 7465 7353 7249
f 7113 7153 7414
f 7373 7446 7153
f 7317 7399 7299
f 7320 7272 7468
f 7303 7285 7335
f 7286 7287 7376
f 7235 7274 7359
f 7304 7288 7402
f 7190 9603 7360
f 7289 7323 7336
f 7290 7308 7363
f 7257 7178 7551
f 7394 7551 7178
f 7240 7258 7501
f 7220 7501 7258
f 7635 7621 7161
f 7161 7139 7635
f 7327 7224 7342
f 7310 7395 7440
f 7366 7244 7367
f 7369 7331 7264
f 7264 7276 7369
f 7332 7277 7186
f 7208 7313 7385
f 7313 7147 7426
f 7294 7333 9609
f 7460 7209 7295
f 7444 7296 7266
f 7266 7314 7444
f 7481 7316 7170
f 7187 7481 7170
f 7267 7268 7410
f 7370 7085 7482
f 6910 7495 7297
f 7328 7283 7319
f 7301 7302 7392
f 7237 7377 7288
f 7336 7323 7379
f 7434 7472 7307
f 7338 7337 7241
f 7241 7291 7338
f 7552 7309 7261
f 7242 7552 7261
f 7203 7292 7608
f 7343 9951 7204
f 7204 7310 7343
f 7382 7343 7310
f 7311 7367 7244
f 7460 7227 7351
f 7412 7352 7248
f 7413 7388 7188
f 7413 7353 7496
f 7249 7354 7465
f 7371 7279 7389
f 7355 7389 7279
f 7483 7372 7270
f 7153 7446 7414
f 7429 7356 7280
f 7282 7431 7318
f 7416 7328 7515
f 7357 7468 7272
f 7393 7392 7302
f 7376 7335 7286
f 7362 7379 7323
f 7472 7407 7256
f 7363 7307 7290
f 7330 7420 7324
f 7475 7394 7201
f 7325 7203 7437
f 7439 7438 7365
f 7365 7341 7439
f 7478 7326 7271
f 7271 7327 7409
f 7327 7342 7409
f 7328 7319 7515
f 7302 7329 7393
f 7329 7284 7375
f 7376 7432 7335
f 7359 7376 7235
f 7377 7402 7288
f 7404 9603 7322
f 7322 7253 7404
f 7253 7336 7361
f 7407 7362 7256
f 7307 7363 7434
f 7476 7337 7454
f 7291 7408 7421
f 7552 7260 7309
f 7478 9728 7326
f 7409 7478 7271
f 9951 7343 7381
f 7311 7344 7455
f 7350 7369 7276
f 7276 7277 7350
f 7277 7332 7350
f 7332 7226 7312
f 7147 7294 7426
f 7542 9609 7333
f 7398 7412 7248
f 7250 7535 7354
f 7399 7430 7281
f 7431 7282 9748
f 7320 7468 7374
f 7468 7357 7390
f 7357 7198 7391
f 7301 7391 7198
f 7301 7392 7358
f 7375 7393 7329
f 7284 7303 7449
f 7303 7335 7401
f 7335 7432 7401
f 7274 7321 7486
f 7419 7486 7321
f 7321 7304 7419
f 7402 7377 7606
f 7361 7404 7253
f 7361 7336 7379
f 7525 7257 7500
f 7551 7500 7257
f 7526 7475 7240
f 7608 7437 7203
f 7455 7367 7311
f 7425 7346 7347
f 7347 7348 7425
f 7384 7479 7348
f 7458 7350 7332
f 7209 7460 7459
f 7427 7444 7314
f 7314 7396 7427
f 7428 7481 7187
f 7577 7462 7193
f 7193 7370 7577
f 7352 7412 7532
f 7414 7483 7113
f 7430 7467 7281
f 7484 7319 7283
f 7300 7320 7374
f 7391 7390 7357
f 7449 7375 7284
f 7401 7449 7303
f 7274 7486 7359
f 7487 7360 7433
f 7360 9603 7433
f 7379 7406 7361
f 7362 7406 7379
f 7491 7552 7242
f 7538 7242 7325
f 7438 7292 7365
f 7409 7342 7554
f 7395 7262 7440
f 7262 7366 7440
f 7293 7571 7344
f 7441 7571 7293
f 7293 7383 7441
f 7479 7425 7348
f 7349 7331 7457
f 7331 7369 7457
f 7542 7209 7459
f 7315 7316 7494
f 7410 7461 7267
f 7482 7577 7370
f 7463 7482 7085
f 7495 6910 7397
f 7467 7429 7280
f 7280 7281 7467
f 9748 7282 7447
f 7416 7447 7282
f 7391 7301 7358
f 7448 7393 7375
f 9603 7404 7403
f 7551 7394 7436
f 7421 7338 7291
f 7341 9726 7439
f 9725 7439 9726
f 7381 7343 9570
f 7343 7382 9570
f 7440 7382 7310
f 7383 7345 7456
f 7424 7456 7345
f 7368 7349 7493
f 7350 7457 7369
f 7413 7398 7388
f 7465 7496 7353
f 7250 7371 7535
f 7372 7466 7355
f 7429 7373 7356
f 7417 7515 7319
f 7319 7484 7417
f 7468 7390 7485
f 7393 7358 7392
f 7450 7432 7376
f 7376 7359 7450
f 7359 7418 7546
f 7359 7486 7418
f 7402 7419 7304
f 7565 7378 7306
f 9603 7403 7433
f 7406 7405 7361
f 7406 7362 7452
f 7407 7452 7362
f 7435 7364 7550
f 7330 7219 7489
f 7474 7489 7219
f 7342 7492 7554
f 7455 7440 7366
f 7367 7455 7366
f 7571 7423 7344
f 7456 7424 7541
f 7457 7493 7349
f 7385 7313 7442
f 7427 7396 7445
f 7396 7315 7445
f 7386 7334 7464
f 7230 7543 7334
f 7132 7387 7531
f 7535 7465 7354
f 7355 7579 7389
f 7497 7414 7446
f 7467 7430 7537
f 7430 7399 7563
f 7317 7400 7415
f 7400 9752 7415
f 7515 7545 7416
f 7516 7484 7300
f 7300 7374 7516
f 7469 7485 7390
f 7390 7391 7469
f 7449 7448 7375
f 7432 7450 7471
f 7377 7378 7498
f 7565 7498 7378
f 7405 7404 7361
f 7405 7406 7451
f 7473 7363 7308
f 7435 7473 7308
f 7502 7421 7408
f 7408 7339 7502
f 7339 7477 7648
f 7538 7491 7242
f 7382 7440 7505
f 7441 7383 7456
f 7384 7368 7493
f 7507 7458 7332
f 7332 7312 7507
f 7312 7385 7480
f 7313 7426 7443
f 7509 7351 7296
f 7296 7444 7509
f 7462 7461 7410
f 7512 7411 7269
f 7269 7386 7512
f 7543 7464 7334
f 7298 7132 7641
f 7531 7641 7132
f 7532 7531 7387
f 7372 7483 7466
f 7536 7466 7483
f 7483 7414 7497
f 7317 7563 7399
f 7545 7447 7416
f 7519 7358 7393
f 7647 7306 7487
f 7433 7403 7566
f 7473 7434 7363
f 7420 7330 7489
f 7648 7502 7339
f 7259 7583 7422
f 7503 7275 7504
f 7275 7260 7567
f 7608 7292 7636
f 7346 7541 7424
f 7457 7350 7573
f 7350 7458 7558
f 7442 7480 7385
f 7443 7442 7313
f 7528 9609 7529
f 9609 7542 7529
f 7315 7494 7445
f 7316 7481 7494
f 7428 7267 7510
f 7511 7510 7267
f 7267 7461 7511
f 7495 7543 7230
f 7398 7533 7412
f 7371 7389 7514
f 7355 7466 7579
f 7563 7537 7430
f 7358 7469 7391
f 7393 7448 7519
f 7470 7449 7401
f 7547 7402 7606
f 7647 7565 7306
f 7404 7405 7488
f 7451 7488 7405
f 7451 7406 7452
f 7473 9592 7434
f 7727 7394 7475
f 7337 7338 7774
f 7597 7635 7139
f 7139 7622 7597
f 7325 7437 7538
f 7438 7439 7568
f 9728 7478 7539
f 9570 7555 7381
f 7609 9570 7382
f 7540 7440 7455
f 7455 7344 7423
f 7493 7479 7384
f 7480 7507 7312
f 7351 7508 7460
f 7444 7427 7509
f 7481 7428 7494
f 7482 7463 7613
f 7535 7371 7513
f 7514 7513 7371
f 7389 7579 7514
f 7616 7497 7446
f 7446 7373 7616
f 7415 7563 7317
f 7520 7516 7374
f 7374 7468 7520
f 7485 7469 7518
f 7448 7449 7470
f 7401 7432 7470
f 7471 7470 7432
f 7546 7450 7359
f 7486 7546 7418
f 7407 7524 7452
f 7499 7434 9592
f 7380 7453 7620
f 7501 7526 7240
f 7490 7476 7634
f 7552 7567 7260
f 7505 7609 7382
f 7541 7586 7456
f 7541 7346 7527
f 7346 7425 7527
f 7425 7479 7527
f 7507 7558 7458
f 7459 7460 7508
f 7600 7445 7494
f 7461 7462 7576
f 7462 7577 7576
f 7639 7386 7464
f 7397 7626 7495
f 7533 7532 7412
f 7534 7398 7413
f 7413 7560 7534
f 7615 7496 7465
f 7561 7579 7466
f 7536 7580 7466
f 7429 7467 7660
f 9743 7563 7415
f 7517 7520 7468
f 7485 7517 7468
f 7519 7448 7521
f 7448 7470 7521
f 7471 7593 7470
f 7471 7450 7522
f 7498 7606 7377
f 7566 7487 7433
f 7581 7403 7404
f 7488 7581 7404
f 7407 7472 7524
f 7472 7434 7524
f 7499 7524 7434
f 7620 7364 7380
f 7740 7436 7394
f 7394 7727 7740
f 7706 7501 7220
f 7490 7706 7220
f 7774 7454 7337
f 7568 7636 7292
f 7292 7438 7568
f 7570 7539 7478
f 7478 7409 7570
f 7556 7505 7440
f 7440 7540 7556
f 7423 7540 7455
f 7506 7527 7479
f 7479 7493 7506
f 7442 7443 7681
f 7589 7508 7351
f 7509 7427 7599
f 7427 7445 7638
f 7669 7600 7494
f 7510 7494 7428
f 7613 7577 7482
f 7639 7512 7386
f 7640 7639 7464
f 7495 7625 7543
f 7397 7298 7626
f 7513 7602 7535
f 7616 7373 7698
f 7373 7429 7698
f 7545 7515 7594
f 7515 7417 7591
f 7417 7484 7617
f 7484 7516 7617
f 7592 7517 7485
f 7592 7485 7518
f 7469 7358 7564
f 7546 7522 7450
f 7546 7486 7523
f 7673 7473 7435
f 7550 7673 7435
f 7453 7420 7633
f 7489 7633 7420
f 7489 7474 7819
f 7774 7687 7454
f 7477 7422 7583
f 7583 7259 7666
f 7259 7340 7666
f 7568 7439 7569
f 7555 9570 7585
f 7441 7456 7586
f 7598 7506 7493
f 7572 7598 7493
f 7493 7457 7572
f 7573 7572 7457
f 7759 7480 7442
f 7530 7542 7459
f 7509 7589 7351
f 7599 7624 7509
f 7638 7599 7427
f 7511 7461 7576
f 7626 7625 7495
f 7580 7561 7466
f 7497 7536 7483
f 7522 7618 7471
f 7566 7403 7549
f 7403 7581 7549
f 7550 7364 7632
f 7525 7819 7474
f 7475 7526 7727
f 7741 7634 7476
f 7476 7454 7741
f 7338 7421 7607
f 7340 7621 7666
f 9725 7569 7439
f 7539 7553 9728
f 7554 7584 7409
f 7652 7540 7423
f 7557 7573 7350
f 7350 7558 7557
f 7528 7681 7443
f 7508 7530 7459
f 7624 7589 7509
f 7613 7463 7614
f 7559 7614 7463
f 7463 7411 7559
f 7411 7512 7559
f 7641 7531 7578
f 7534 7533 7398
f 7537 7660 7467
f 7604 7537 7563
f 9748 7447 7735
f 7515 7591 7594
f 7358 7519 7564
f 7735 7447 7544
f 7545 7544 7447
f 7595 7564 7519
f 7519 7521 7595
f 7546 7523 7646
f 7486 7419 7703
f 7547 7419 7402
f 7547 7606 7671
f 7452 7524 7631
f 7473 7673 7619
f 7454 7687 7741
f 7583 7648 7477
f 7504 7275 7567
f 7552 7491 7675
f 7528 7529 7575
f 7542 7575 7529
f 7532 7578 7531
f 7413 7496 7560
f 7536 7497 7603
f 7617 7591 7417
f 7564 7518 7469
f 7593 7702 7521
f 7593 7471 7618
f 7487 7566 7548
f 7620 7664 7364
f 7633 7620 7453
f 7665 7727 7526
f 7706 7526 7501
f 7421 7502 7607
f 7491 7538 7709
f 7691 7538 7437
f 7437 7608 7691
f 7650 7555 7585
f 7651 7585 9570
f 7441 7586 7653
f 7654 7586 7541
f 7541 7527 7654
f 7587 7612 7527
f 7527 7506 7587
f 7574 7558 7507
f 7507 7480 7574
f 7480 7759 7680
f 7530 7575 7542
f 7638 7445 7600
f 7576 7577 7590
f 7464 7543 7640
f 7626 7298 7753
f 7641 7753 7298
f 7615 7560 7496
f 7603 7580 7536
f 7702 7595 7521
f 7522 7546 7646
f 7486 7703 7523
f 7628 7703 7419
f 7419 7547 7628
f 7548 7647 7487
f 7499 7631 7524
f 7632 7364 7664
f 7633 7489 7818
f 7489 7819 7818
f 7500 7551 7674
f 7436 7674 7551
f 7538 7691 7676
f 7649 7569 9725
f 7554 7677 7584
f 7650 7677 7555
f 7556 7540 7610
f 7571 7611 7423
f 7441 7678 7571
f 7527 7612 7654
f 7598 7587 7506
f 7530 7508 7731
f 7508 7589 7658
f 7600 7669 7761
f 7715 7578 7532
f 7465 7535 7601
f 7602 7601 7535
f 7660 7537 7562
f 7544 7545 7627
f 7594 7627 7545
f 7564 7595 7644
f 7723 7498 7565
f 7566 7549 7548
f 7663 7488 7451
f 7451 7452 7663
f 7631 7663 7452
f 7704 7819 7525
f 7525 7500 7704
f 7674 7704 7500
f 7490 7582 7706
f 7338 7793 7774
f 7338 7607 7793
f 7688 7502 7648
f 7504 7622 7503
f 7552 7675 7567
f 7609 7651 9570
f 7540 7652 7610
f 7572 7573 7679
f 7573 7557 7679
f 7695 7557 7558
f 7748 7558 7574
f 7680 7574 7480
f 7759 7442 7656
f 7696 7658 7589
f 7494 7510 7750
f 7577 7613 7733
f 7465 7601 7615
f 7579 7561 7717
f 7547 7671 7628
f 7671 7606 7763
f 7606 7498 7763
f 7549 7581 7629
f 7666 7689 7583
f 7743 7691 7608
f 7569 7649 7710
f 7623 7553 7539
f 7539 7570 7623
f 7678 7611 7571
f 7678 7441 7653
f 7587 7598 7612
f 7748 7695 7558
f 7637 7588 7575
f 7575 7530 7637
f 7799 7511 7576
f 7590 7577 7733
f 7514 7579 7814
f 7579 7717 7845
f 7580 7717 7561
f 7683 7594 7591
f 7592 7518 7643
f 7596 7702 7593
f 7683 7627 7594
f 7516 7520 7701
f 7564 7644 7643
f 7702 7644 7595
f 7548 7549 7629
f 7581 7488 7630
f 7663 7630 7488
f 7582 7490 7707
f 7634 7707 7490
f 7607 7502 7688
f 7767 7570 7409
f 7584 7767 7409
f 7505 7556 7758
f 7610 7758 7556
f 7744 7610 7652
f 7611 7652 7423
f 7746 7612 7598
f 7598 7572 7746
f 7624 7599 7697
f 7750 7669 7494
f 7590 7799 7576
f 7640 7543 7682
f 7785 7682 7543
f 7532 7533 7715
f 7659 7560 7615
f 7845 7814 7579
f 7698 7718 7616
f 7618 7522 7645
f 7646 7645 7522
f 7763 7498 7723
f 7565 7647 7723
f 7647 7548 7755
f 7739 7499 9592
f 9592 7619 7739
f 7636 7743 7608
f 7668 7636 7568
f 9569 7651 7609
f 7609 7505 9569
f 7586 7654 7653
f 7442 7681 7656
f 7624 7696 7589
f 7559 7512 7857
f 7625 7785 7543
f 7578 7715 7822
f 7560 7659 7716
f 7513 7514 7814
f 7717 7580 7786
f 7603 7786 7580
f 7762 7698 7429
f 7591 7617 7683
f 7661 7701 7520
f 7662 7661 7520
f 7520 7517 7662
f 7517 7592 7662
f 7643 7662 7592
f 7518 7564 7643
f 7605 7618 7645
f 7581 7630 9618
f 7673 7550 7726
f 7632 7726 7550
f 7688 7648 7742
f 7709 7675 7491
f 7709 7538 7676
f 9606 7649 9725
f 7767 7623 7570
f 7692 7650 7585
f 7585 7651 7692
f 7655 7746 7572
f 7679 7655 7572
f 7681 7588 7657
f 7530 7731 7713
f 7731 7508 7784
f 7658 7784 7508
f 7697 7696 7624
f 7761 7638 7600
f 7714 7510 7511
f 7642 7602 7513
f 7660 7762 7429
f 7537 7604 7562
f 7699 7562 7604
f 7604 9750 7699
f 7702 7596 7605
f 7646 7523 7738
f 7703 7738 7523
f 7724 7755 7548
f 7548 7629 7724
f 7705 7665 7526
f 7526 7706 7705
f 7634 7741 7792
f 7689 7648 7583
f 7667 7621 7635
f 7635 7597 7667
f 7569 7668 7568
f 7553 7623 7711
f 7612 7746 7693
f 7679 7557 7694
f 7588 7637 7730
f 7713 7730 7637
f 7637 7530 7713
f 7714 7511 7799
f 7752 7639 7640
f 7682 7752 7640
f 7682 7785 7871
f 7626 7913 7625
f 7641 7578 7753
f 7534 7560 7716
f 7615 7601 7659
f 7642 7513 7814
f 7720 7735 7544
f 7544 7627 7720
f 7837 7684 7617
f 7617 7516 7837
f 7701 7837 7516
f 7645 7646 7827
f 7738 7827 7646
f 7670 7738 7703
f 7628 7671 7722
f 7755 7723 7647
f 7663 7631 7672
f 7725 7739 7619
f 7619 7673 7725
f 7620 7633 7904
f 7792 7707 7634
f 7906 7622 7504
f 7649 9606 7778
f 7830 7711 7623
f 7767 7830 7623
f 7745 7653 7654
f 7654 7612 7745
f 7693 7745 7612
f 7557 7695 7694
f 7574 7680 7749
f 7730 7657 7588
f 7658 7696 7844
f 7761 7760 7638
f 7714 7750 7510
f 7733 7613 7614
f 7559 7857 7614
f 7533 7534 7715
f 7601 7602 7659
f 7627 7683 7700
f 7721 7661 7662
f 7643 7644 7736
f 7644 7702 7737
f 7722 7703 7628
f 7685 9618 7630
f 7663 7686 7630
f 7818 7904 7633
f 7741 7687 7708
f 7766 7504 7567
f 7690 7766 7567
f 7776 7743 7636
f 7636 7668 7776
f 7584 7728 7767
f 7779 7712 7650
f 7759 7656 7821
f 7760 7697 7599
f 7599 7638 7760
f 7822 7753 7578
f 7642 7659 7602
f 7786 7603 7787
f 7603 7497 7754
f 7718 7754 7497
f 7497 7616 7718
f 7660 7562 7834
f 7562 7699 7719
f 9745 7699 9750
f 7684 7700 7683
f 7643 7721 7662
f 7671 7763 7862
f 9618 7685 7764
f 7686 7685 7630
f 7672 7686 7663
f 7739 7672 7631
f 7631 7499 7739
f 7688 7742 7943
f 7765 7666 7621
f 7621 7667 7765
f 7675 7690 7567
f 7584 7677 7728
f 7712 7728 7677
f 7779 7650 7692
f 7692 7651 9569
f 7678 7820 7611
f 7678 7653 7768
f 7655 7679 7747
f 7679 7694 7747
f 7574 7749 7748
f 7783 7656 7681
f 7657 7783 7681
f 7752 7857 7512
f 7512 7639 7752
f 7626 7753 7913
f 7858 7913 7753
f 7716 7813 7534
f 7700 7720 7627
f 7683 7617 7684
f 7788 7701 7661
f 7605 7645 7790
f 7771 7670 7703
f 7671 7862 7722
f 7708 7687 7829
f 7689 7742 7648
f 7757 7676 7691
f 7691 7743 7757
f 7710 7668 7569
f 7778 7710 7649
f 7711 7778 9606
f 7744 7797 7610
f 7611 7744 7652
f 7820 7678 7768
f 7866 7809 7653
f 7745 7866 7653
f 7769 7746 7655
f 7781 7747 7694
f 7729 7781 7694
f 7694 7695 7729
f 7695 7748 7729
f 7732 7761 7669
f 7736 7721 7643
f 7737 7736 7644
f 7702 7605 7737
f 7827 7790 7645
f 7703 7722 7771
f 7801 7722 7862
f 7763 7723 7918
f 7793 7607 7756
f 7607 7688 7756
f 7689 7666 7765
f 7794 7675 7709
f 7832 7748 7749
f 7782 7749 7680
f 7680 7759 7782
f 7844 7784 7658
f 7669 7750 7732
f 7751 7750 7714
f 7799 7751 7714
f 7799 7590 7812
f 7857 7733 7614
f 7682 7871 7752
f 7625 7913 7928
f 7800 7915 7715
f 7715 7534 7800
f 7734 7813 7716
f 7716 7659 7734
f 7754 7787 7603
f 7872 7719 7699
f 7699 9745 7872
f 7825 7735 7720
f 7700 7684 7770
f 7661 7721 7898
f 7905 7740 7727
f 7774 7829 7687
f 7906 7597 7622
f 7766 7906 7504
f 7775 7794 7709
f 7709 7676 7775
f 7797 7796 7610
f 7809 7768 7653
f 7693 7746 7769
f 7747 7769 7655
f 7735 7825 7816
f 7720 7700 7825
f 7898 7789 7661
f 7790 7737 7605
f 7790 7827 7817
f 7738 7670 7828
f 7723 7802 7918
f 7723 7755 7802
f 7839 7802 7755
f 7674 7436 7942
f 7436 7740 7942
f 7792 7741 7708
f 7676 7757 7795
f 7711 7830 7842
f 7729 7748 7832
f 7749 7782 7832
f 7730 7783 7657
f 7811 7844 7696
f 7590 7733 7812
f 7823 7734 7659
f 7659 7642 7823
f 7786 7787 7988
f 7736 7898 7721
f 7883 7764 7685
f 7726 7632 7873
f 7664 7873 7632
f 7664 7620 7805
f 7904 7805 7620
f 7665 7905 7727
f 7705 7706 7791
f 7806 7791 7706
f 7706 7582 7806
f 7707 7806 7582
f 7766 7690 7969
f 7795 7775 7676
f 7777 7668 7710
f 7710 7778 7777
f 7728 7712 7808
f 7779 7808 7712
f 7745 7693 7850
f 7769 7780 7693
f 7869 7782 7759
f 7821 7869 7759
f 7783 7730 7810
f 7730 7713 7810
f 7876 7713 7731
f 7784 7876 7731
f 7856 7761 7732
f 7733 7857 7926
f 7915 7822 7715
f 7813 7800 7534
f 7845 7717 7824
f 7834 7762 7660
f 7834 7562 7719
f 7825 7700 7916
f 7700 7770 7916
f 7789 7788 7661
f 7738 7828 7827
f 7900 7862 7763
f 7918 7900 7763
f 7685 7686 9585
f 7772 9585 7686
f 7804 7772 7672
f 7672 7739 7804
f 7739 7725 7804
f 7704 7674 7848
f 7942 7848 7674
f 7665 7705 7773
f 7791 7773 7705
f 7943 7968 7688
f 7690 7675 7969
f 7864 7830 7767
f 7956 7779 7692
f 7831 7956 7692
f 7692 9569 7831
f 7758 7610 7874
f 7798 7797 7744
f 7744 7611 7798
f 7611 7820 7798
f 7780 7850 7693
f 7888 7769 7747
f 7832 7781 7729
f 7876 7810 7713
f 7760 7854 7697
f 7878 7812 7733
f 7733 7926 7878
f 7785 7625 7928
f 7786 7824 7717
f 7787 7754 7815
f 7754 7718 7815
f 7718 7698 7815
f 7837 7846 7684
f 7839 7755 7724
f 7903 7725 7673
f 7726 7903 7673
f 7840 7819 7704
f 7793 7829 7774
f 7793 7756 7884
f 7841 7743 7776
f 7711 7842 7863
f 7767 7728 7808
f 7874 9569 7758
f 7850 7866 7745
f 7843 7780 7769
f 7891 7821 7656
f 7656 7783 7851
f 7854 7811 7696
f 7696 7697 7854
f 7854 7760 7855
f 7760 7761 7856
f 7642 7814 7823
f 7824 7786 7988
f 7815 7833 7787
f 7846 7770 7684
f 7898 7736 7826
f 7736 7737 7826
f 7801 7771 7722
f 7804 7803 7772
f 7829 7793 7807
f 7884 7807 7793
f 7756 7688 7968
f 7969 7906 7766
f 7775 7795 7954
f 7795 7757 7954
f 7743 7841 7757
f 7874 7831 9569
f 7796 7874 7610
f 7798 7820 7887
f 7889 7888 7747
f 7889 7747 7781
f 7750 7751 7732
f 7734 7879 7813
f 7988 7787 7833
f 7815 7698 7979
f 7698 7762 7979
f 7762 7834 7979
f 7898 7880 7789
f 7817 7838 7737
f 7724 7764 7963
f 7883 7963 7764
f 7903 7726 7873
f 7689 7991 7742
f 7797 7798 7965
f 7888 7843 7769
f 7891 7656 7851
f 7876 7784 7853
f 7760 7856 7855
f 7799 7893 7751
f 7799 7812 7893
f 7857 7752 7927
f 7871 7894 7752
f 7753 7822 7858
f 7996 7800 7813
f 7734 7823 7859
f 7929 7835 7834
f 7834 7719 7929
f 7933 7788 7789
f 7827 7939 7817
f 7847 7939 7827
f 7827 7828 7847
f 7801 7862 7899
f 7935 7904 7818
f 7818 7819 7935
f 7819 7840 7935
f 7848 7840 7704
f 7708 7921 7792
f 7991 7943 7742
f 7922 7906 7969
f 7675 7794 7969
f 7907 7777 7778
f 7863 7907 7778
f 7863 7842 7886
f 7808 7864 7767
f 7796 7797 7924
f 7965 7798 7887
f 7843 7867 7780
f 7781 7832 7868
f 7875 7890 7821
f 7821 7891 7875
f 7876 7870 7810
f 7928 7871 7785
f 7996 7915 7800
f 7813 7879 7996
f 7896 7895 7823
f 7814 7896 7823
f 7701 7788 7897
f 7789 7880 7933
f 7737 7838 7881
f 7940 7771 7801
f 7803 9585 7772
f 7805 7904 7985
f 7936 7942 7740
f 7740 7905 7936
f 7707 7792 7921
f 7849 7841 7776
f 7776 7668 7849
f 7668 7777 7849
f 7908 7830 7864
f 7971 7956 7831
f 7820 7768 7947
f 7809 7866 7865
f 7867 7850 7780
f 7832 7782 7925
f 7783 7810 7852
f 7870 7852 7810
f 7853 7784 7877
f 7784 7844 7877
f 7859 7879 7734
f 7845 7896 7814
f 7988 7860 7824
f 7835 7979 7834
f 7719 7872 7929
f 7836 7816 7861
f 7816 7825 7930
f 7770 7931 7916
f 7837 7701 8015
f 7897 8015 7701
f 7881 7826 7737
f 7838 7817 7939
f 7801 7899 7940
f 7963 7839 7724
f 7803 7804 7902
f 7804 7725 7902
f 7903 7902 7725
f 7873 7664 7920
f 7805 7920 7664
f 7791 7806 8043
f 7806 7707 7921
f 7765 7991 7689
f 7965 7924 7797
f 7768 7809 7947
f 7972 7865 7866
f 7869 7821 7890
f 7877 7844 7912
f 7844 7811 7912
f 7894 7927 7752
f 7915 7858 7822
f 7895 7859 7823
f 7846 7931 7770
f 7847 7828 7934
f 7828 7670 7917
f 9585 7901 7685
f 7849 7777 7993
f 7907 7993 7777
f 7874 7971 7831
f 7865 7947 7809
f 7925 7868 7832
f 7869 7925 7782
f 7851 7783 7949
f 7870 7876 7975
f 7877 7911 7853
f 7912 7811 7959
f 7854 7959 7811
f 7960 7855 7856
f 7892 7856 7732
f 7732 7751 7892
f 7927 7926 7857
f 7928 8013 7871
f 7913 7858 7978
f 7914 7978 7858
f 7915 7914 7858
f 7845 7824 7896
f 7966 7930 7825
f 7825 7916 7966
f 7846 7837 8015
f 7933 7897 7788
f 7917 7934 7828
f 7917 7670 7999
f 7670 7771 7999
f 7901 9585 8042
f 7902 8019 7803
f 7773 7905 7665
f 7921 8043 7806
f 7885 7969 7794
f 7794 7775 7885
f 7886 7907 7863
f 7908 7842 7830
f 7946 7808 7779
f 7867 7843 7948
f 7889 7781 7958
f 7781 7868 7958
f 7852 7949 7783
f 7824 7860 7896
f 7979 7835 7952
f 7989 7929 7872
f 7872 7836 7989
f 7836 7861 7989
f 7932 7931 7846
f 7881 7982 7826
f 7862 7900 7899
f 7882 7918 7802
f 7802 7839 7882
f 7963 7882 7839
f 7685 7901 7883
f 7923 7954 7757
f 7757 7841 7923
f 7907 7886 7945
f 7864 7808 7909
f 7947 7887 7820
f 7910 7925 7869
f 7890 7875 8011
f 8083 7891 7851
f 7949 8083 7851
f 7975 7876 7950
f 7853 7950 7876
f 7912 7911 7877
f 7959 7854 7951
f 7854 7855 7951
f 7833 7815 7937
f 7982 7898 7826
f 7939 7881 7838
f 7985 8061 7805
f 7991 8003 7943
f 7796 7964 7874
f 7866 7850 7972
f 7867 7948 7957
f 7843 7888 7948
f 7888 7889 7958
f 7869 7890 7910
f 7893 7812 8023
f 7878 8006 7812
f 7894 7871 8051
f 7961 7937 7815
f 7815 7979 7961
f 7835 7929 7938
f 7816 7930 7990
f 7982 7880 7898
f 7934 7939 7847
f 7934 7917 7983
f 7771 7940 7999
f 7899 7900 8008
f 7901 7963 7883
f 8019 7919 7803
f 7920 7805 8061
f 7985 7904 8091
f 7935 8091 7904
f 7773 7791 8078
f 8043 8078 7791
f 8045 7667 7597
f 7597 7906 8045
f 7944 8045 7906
f 7906 7922 7944
f 7841 7849 7923
f 7993 7907 7945
f 7886 7842 7955
f 7842 7908 7955
f 7909 7908 7864
f 7956 7946 7779
f 7867 7972 7850
f 7949 7852 8049
f 7870 8049 7852
f 7911 7950 7853
f 7960 7951 7855
f 7892 7960 7856
f 7893 7892 7751
f 8006 8023 7812
f 7977 7927 7894
f 8051 7977 7894
f 7978 7928 7913
f 7861 7816 7990
f 7953 7933 7880
f 7941 7900 7918
f 7903 7873 7984
f 8046 7944 7922
f 7885 7775 7992
f 8033 7923 7849
f 7946 7909 7808
f 7964 7971 7874
f 7965 8005 7924
f 8048 7958 7868
f 7910 7890 8082
f 7959 7951 7995
f 8013 8051 7871
f 8007 7914 7915
f 7896 7860 8056
f 7938 7952 7835
f 7929 7989 7938
f 7980 7989 7861
f 7990 7980 7861
f 7880 7982 7953
f 7934 7998 7939
f 7882 7941 7918
f 8019 7902 7967
f 7967 7902 7903
f 7903 7984 7967
f 7807 8059 7829
f 7807 7884 8030
f 7756 8030 7884
f 8003 8031 7943
f 7922 7969 8046
f 7993 8033 7849
f 7971 8010 7956
f 7796 7924 8004
f 8005 8004 7924
f 7958 7948 7888
f 8048 7868 7925
f 7925 7910 8048
f 7891 8083 7875
f 7911 7912 8084
f 7959 8012 7912
f 7995 7951 7960
f 7892 7893 8036
f 7977 7926 7927
f 8071 8007 7915
f 7915 7996 8071
f 7996 7879 7987
f 7879 7859 8052
f 8027 7988 7833
f 7916 7931 8028
f 7932 7846 7997
f 8015 7997 7846
f 8015 7897 8016
f 7998 7934 7962
f 7899 8008 7940
f 8044 7921 7708
f 7954 7992 7775
f 7954 7923 7986
f 8033 7986 7923
f 7955 7970 7886
f 7909 7946 8065
f 7957 7948 7973
f 7974 7973 7948
f 7948 7958 7974
f 8036 7960 7892
f 8036 7893 8023
f 8013 7928 8024
f 7859 7895 8052
f 7966 7916 8028
f 7932 8028 7931
f 7881 7939 7998
f 7934 8018 7962
f 7983 7917 7999
f 8000 7963 7901
f 8041 8000 7901
f 7935 7840 7848
f 8104 7765 7667
f 7667 8045 8104
f 7986 7992 7954
f 7945 7886 7970
f 7957 7972 7867
f 7994 7974 7958
f 7994 7958 8048
f 8012 8084 7912
f 7995 8012 7959
f 7878 7926 7976
f 7926 7977 7976
f 7914 8007 7978
f 7987 7879 8129
f 7895 7896 8026
f 8056 8026 7896
f 7937 8027 7833
f 8115 7990 7930
f 7966 8115 7930
f 7933 7953 7981
f 7998 7982 7881
f 8018 7934 7983
f 7941 8008 7900
f 7920 7984 7873
f 7848 7942 8058
f 7942 7936 8058
f 8059 8002 7829
f 7968 7943 8155
f 7909 8064 7908
f 8122 7946 7956
f 7956 8010 8122
f 8035 8005 7965
f 7887 8035 7965
f 7950 7911 8096
f 8084 8096 7911
f 7978 8024 7928
f 8052 8129 7879
f 7860 7988 8056
f 7961 7979 8110
f 7901 8042 8118
f 8063 8058 7936
f 7936 7905 8063
f 7905 7773 8063
f 7756 7968 8155
f 8155 7943 8031
f 8079 7991 7765
f 7765 8104 8079
f 8064 7955 7908
f 7964 8010 7971
f 7964 7796 8004
f 7947 8035 7887
f 8047 7947 7865
f 8111 7875 8083
f 8021 7995 7960
f 7960 8036 8021
f 7979 7952 8110
f 8073 7952 7938
f 7938 7989 8073
f 8017 8016 7897
f 7897 7933 8017
f 7933 7981 8017
f 7940 8008 7999
f 8000 7882 7963
f 7984 7920 8061
f 8001 8061 7985
f 8043 7921 8120
f 8030 8059 7807
f 7992 7986 8060
f 7986 8033 8060
f 7993 7945 8034
f 8093 7972 7957
f 7973 8093 7957
f 8111 8011 7875
f 8049 7870 8095
f 7975 8095 7870
f 8138 8006 7878
f 7878 7976 8138
f 8053 8056 7988
f 8027 8053 7988
f 8088 8073 7989
f 7989 7980 8088
f 8115 7966 8014
f 8028 8014 7966
f 7997 8089 7932
f 7998 7953 7982
f 8008 7941 8075
f 7935 7848 8101
f 8044 7708 8002
f 7708 7829 8002
f 8080 8033 7993
f 8034 8080 7993
f 8068 7865 7972
f 8095 7975 8107
f 8055 7975 7950
f 8096 8055 7950
f 8021 8036 8022
f 8013 8024 8108
f 8024 7978 8086
f 7996 7987 8114
f 8129 8165 7987
f 7990 8037 7980
f 7953 7998 8038
f 7999 8040 7983
f 8009 7941 7882
f 7882 8000 8009
f 8057 8009 8000
f 7967 7984 8029
f 8061 8077 7984
f 8091 7935 8062
f 8101 8062 7935
f 8058 8101 7848
f 8168 8063 7773
f 7773 8078 8168
f 8030 7756 8155
f 7991 8031 8003
f 8233 8045 7944
f 8060 8033 8032
f 8004 8020 7964
f 8035 8067 8005
f 7865 8068 8047
f 7910 8082 8048
f 8049 8083 7949
f 8138 8023 8006
f 7978 8007 8071
f 8071 7996 8114
f 8165 8114 7987
f 8052 7895 8025
f 8027 7937 8140
f 7961 8140 7937
f 8115 8037 7990
f 7953 8038 8098
f 8057 8000 8041
f 8019 7967 8029
f 8077 8029 7984
f 8120 7921 8044
f 8059 8030 8143
f 8103 8031 7991
f 8079 8103 7991
f 7969 7885 8046
f 7945 7970 8034
f 7909 8065 8092
f 8010 7964 8020
f 8020 8004 8145
f 8005 8067 8004
f 7974 7994 8094
f 7994 8048 8069
f 8055 8107 7975
f 8050 8084 8012
f 7995 8050 8012
f 8113 8036 8023
f 8071 8086 7978
f 8053 8027 8140
f 8072 8110 7952
f 7980 8037 8088
f 8028 8116 8014
f 8089 7997 8142
f 7981 7953 8098
f 8039 8018 7983
f 7999 8008 8186
f 8041 7901 8118
f 8118 8042 8076
f 7919 8019 8132
f 8029 8132 8019
f 8001 7985 8090
f 8091 8090 7985
f 8155 8102 8030
f 8066 8065 7946
f 8011 8111 8070
f 7995 8021 8182
f 7977 8051 8085
f 8073 8072 7952
f 7932 8116 8028
f 8054 8038 7998
f 8040 8039 7983
f 8167 7941 8009
f 8143 8030 8102
f 8080 8032 8033
f 8122 8010 8169
f 8106 8169 8010
f 8161 8047 8068
f 8093 8068 7972
f 7973 7974 8081
f 8094 8081 7974
f 8069 8094 7994
f 8082 7890 8188
f 8011 8188 7890
f 8050 7995 8182
f 8138 8113 8023
f 8138 7976 8164
f 7977 8085 8171
f 8051 8013 8108
f 8026 8025 7895
f 8026 8056 8109
f 8116 7932 8089
f 7997 8015 8142
f 8016 8142 8015
f 8040 7999 8186
f 8074 8186 8008
f 8074 8008 8075
f 8167 8075 7941
f 8009 8057 8167
f 8119 8076 8042
f 7919 8119 8042
f 8046 8133 7944
f 7970 7955 8105
f 8122 8066 7946
f 8020 8106 8010
f 8035 7947 8178
f 7947 8047 8178
f 8093 7973 8081
f 8171 7976 7977
f 8086 8108 8024
f 8056 8053 8087
f 8098 8017 7981
f 8098 8038 8148
f 8188 8011 8070
f 8184 8140 7961
f 8110 8184 7961
f 8016 8017 8142
f 8097 8142 8017
f 8017 8098 8097
f 8054 8148 8038
f 7962 8018 8099
f 8018 8131 8099
f 8039 8131 8018
f 8119 7919 8132
f 8063 8168 8268
f 8133 8233 7944
f 8046 7885 7992
f 8080 8034 8105
f 8034 7970 8105
f 8067 8145 8004
f 8118 8100 8041
f 8077 8061 8153
f 8001 8153 8061
f 8268 8058 8063
f 8120 8078 8043
f 8060 8032 8134
f 8064 8092 8121
f 8159 8135 8020
f 8020 8145 8159
f 8145 8067 8160
f 8067 8035 8205
f 8093 8161 8068
f 8069 8136 8094
f 8082 8069 8048
f 8083 8049 8126
f 8095 8126 8049
f 8022 8036 8137
f 8108 8085 8051
f 8109 8056 8087
f 8185 8110 8072
f 8073 8088 8130
f 8132 8029 8219
f 8029 8077 8174
f 8078 8124 8168
f 8002 8120 8044
f 8156 8105 7955
f 7955 8064 8157
f 8064 8121 8157
f 8093 8081 8125
f 8136 8125 8081
f 8094 8136 8081
f 8111 8083 8196
f 8083 8126 8196
f 8055 8096 8127
f 8189 8127 8096
f 8112 8096 8084
f 8050 8112 8084
f 8022 8182 8021
f 8036 8113 8137
f 8183 8129 8052
f 8052 8025 8183
f 8072 8073 8130
f 8077 8153 8174
f 8154 8090 8091
f 8062 8154 8091
f 8079 8104 8190
f 7992 8060 8176
f 8157 8156 7955
f 8135 8106 8020
f 8067 8205 8160
f 8125 8161 8093
f 8188 8070 8224
f 8249 8224 8070
f 8070 8111 8249
f 8096 8112 8189
f 8171 8164 7976
f 8128 8171 8085
f 8109 8172 8026
f 8166 8130 8088
f 8088 8037 8166
f 8089 8142 8227
f 8099 8148 8054
f 8099 8131 8117
f 8074 8075 8151
f 8075 8167 8123
f 8120 8124 8078
f 8262 8104 8045
f 8045 8233 8262
f 8134 8176 8060
f 8134 8032 8223
f 8092 8065 8248
f 8065 8066 8248
f 8146 8136 8069
f 8069 8082 8181
f 8188 8181 8082
f 8107 8055 8127
f 8108 8128 8085
f 8114 8165 8251
f 8165 8129 8192
f 8025 8026 8172
f 8184 8110 8194
f 8130 8185 8072
f 8115 8141 8037
f 8196 8249 8111
f 8137 8182 8022
f 8210 8137 8113
f 8211 8210 8113
f 8113 8138 8211
f 8183 8280 8129
f 8172 8139 8025
f 8193 8087 8053
f 8053 8140 8193
f 8194 8110 8185
f 8131 8039 8040
f 8075 8123 8151
f 8200 8100 8118
f 8076 8200 8118
f 8174 8219 8029
f 8001 8090 8153
f 8154 8062 8202
f 8120 8002 8175
f 8059 8175 8002
f 8059 8143 8187
f 8176 8144 7992
f 8223 8032 8080
f 8100 8057 8041
f 8232 8103 8079
f 8104 8262 8190
f 8159 8145 8204
f 8170 8161 8125
f 8125 8136 8170
f 8162 8196 8126
f 8095 8162 8126
f 8164 8171 8289
f 8192 8266 8165
f 8141 8166 8037
f 8116 8089 8215
f 8173 8097 8098
f 8098 8148 8173
f 8099 8149 8148
f 8150 8117 8131
f 8229 8150 8131
f 8131 8040 8229
f 8186 8229 8040
f 8151 8186 8074
f 8167 8057 8152
f 8062 8101 8202
f 8101 8058 8202
f 8222 8155 8031
f 8031 8103 8222
f 8079 8190 8232
f 8234 8233 8133
f 8046 7992 8191
f 8144 8191 7992
f 8177 8176 8134
f 8156 8080 8105
f 8237 8157 8121
f 8273 8066 8122
f 8178 8205 8035
f 8179 8178 8047
f 8047 8161 8179
f 8107 8162 8095
f 8127 8238 8107
f 8189 8112 8163
f 8182 8209 8050
f 8172 8109 8147
f 8184 8242 8140
f 8185 8130 8166
f 8099 8117 8149
f 8174 8153 8220
f 8168 8124 8203
f 8133 8046 8234
f 8177 8134 8223
f 8121 8092 8158
f 8248 8158 8092
f 8122 8169 8273
f 8146 8069 8276
f 8180 8276 8069
f 8181 8180 8069
f 8107 8238 8162
f 8171 8128 8279
f 8212 8086 8071
f 8071 8114 8212
f 8114 8251 8225
f 8192 8129 8280
f 8183 8025 8139
f 8147 8109 8226
f 8109 8087 8226
f 8193 8226 8087
f 8141 8115 8272
f 8014 8272 8115
f 8227 8142 8216
f 8097 8216 8142
f 8148 8149 8173
f 8153 8090 8220
f 8234 8046 8191
f 8158 8237 8121
f 8135 8169 8106
f 8239 8238 8127
f 8050 8163 8112
f 8182 8137 8197
f 8240 8128 8108
f 8108 8086 8240
f 8225 8212 8114
f 8242 8193 8140
f 8184 8194 8214
f 8272 8014 8199
f 8014 8116 8199
f 8116 8215 8199
f 8097 8173 8195
f 8149 8117 8228
f 8244 8123 8167
f 8167 8152 8244
f 8057 8100 8152
f 8203 8268 8168
f 8175 8284 8120
f 8143 8102 8245
f 8160 8204 8145
f 8178 8287 8205
f 8170 8179 8161
f 8276 8136 8146
f 8209 8250 8050
f 8197 8137 8210
f 8198 8211 8138
f 8138 8164 8198
f 8171 8279 8289
f 8266 8251 8165
f 8139 8256 8183
f 8147 8213 8172
f 8194 8185 8252
f 8228 8117 8150
f 8150 8229 8217
f 8281 8186 8151
f 8151 8123 8244
f 8119 8200 8076
f 8187 8175 8059
f 8285 8102 8155
f 8176 8177 8246
f 8223 8080 8236
f 8156 8236 8080
f 8206 8179 8170
f 8250 8163 8050
f 8289 8198 8164
f 8215 8089 8227
f 8173 8149 8292
f 8149 8228 8292
f 8186 8217 8229
f 8281 8217 8186
f 8100 8200 8260
f 8218 8200 8119
f 8132 8218 8119
f 8231 8090 8154
f 8058 8268 8253
f 8285 8245 8102
f 8177 8223 8246
f 8156 8157 8304
f 8273 8169 8269
f 8135 8269 8169
f 8178 8179 8287
f 8170 8136 8206
f 8264 8206 8136
f 8276 8264 8136
f 8181 8188 8207
f 8224 8207 8188
f 8127 8189 8239
f 8209 8182 8197
f 8240 8086 8212
f 8139 8172 8213
f 8243 8252 8185
f 8185 8166 8243
f 8258 8243 8166
f 8141 8258 8166
f 8195 8216 8097
f 8152 8100 8260
f 8219 8218 8132
f 8230 8219 8174
f 8202 8231 8154
f 8245 8187 8143
f 8155 8222 8285
f 8191 8286 8394
f 8235 8286 8191
f 8191 8144 8235
f 8144 8176 8235
f 8156 8304 8247
f 8237 8304 8157
f 8269 8135 8159
f 8204 8160 8263
f 8207 8180 8181
f 8209 8208 8250
f 8280 8266 8192
f 8280 8183 8256
f 8242 8226 8193
f 8252 8214 8194
f 8201 8220 8090
f 8231 8201 8090
f 8253 8202 8058
f 8203 8124 8221
f 8124 8120 8221
f 8284 8221 8120
f 8234 8191 8394
f 8287 8179 8270
f 8249 8196 8265
f 8196 8162 8265
f 8314 8239 8189
f 8198 8289 8315
f 8128 8240 8279
f 8226 8242 8241
f 8272 8258 8141
f 8244 8152 8283
f 8261 8260 8200
f 8218 8261 8200
f 8174 8220 8230
f 8245 8349 8187
f 8263 8343 8204
f 8206 8270 8179
f 8238 8265 8162
f 8189 8163 8314
f 8209 8197 8208
f 8277 8197 8210
f 8198 8255 8211
f 8251 8297 8225
f 8242 8184 8257
f 8214 8257 8184
f 8215 8309 8199
f 8151 8244 8259
f 8152 8260 8283
f 8236 8156 8247
f 8066 8273 8248
f 8159 8204 8343
f 8239 8306 8238
f 8267 8213 8147
f 8147 8226 8267
f 8272 8199 8323
f 8215 8227 8309
f 8195 8173 8291
f 8173 8292 8291
f 8292 8228 8367
f 8150 8367 8228
f 8230 8220 8355
f 8201 8355 8220
f 8348 8268 8203
f 8103 8232 8222
f 8374 8232 8190
f 8384 8262 8233
f 8233 8234 8384
f 8176 8246 8235
f 8223 8319 8246
f 8247 8319 8236
f 8205 8263 8160
f 8264 8275 8206
f 8224 8295 8207
f 8306 8265 8238
f 8277 8208 8197
f 8212 8225 8297
f 8256 8139 8271
f 8257 8241 8242
f 8272 8300 8258
f 8216 8309 8227
f 8259 8281 8151
f 8317 8202 8253
f 8221 8348 8203
f 8284 8175 8318
f 8302 8285 8222
f 8236 8319 8223
f 8269 8159 8274
f 8287 8263 8205
f 8275 8270 8206
f 8210 8211 8278
f 8280 8336 8266
f 8139 8213 8308
f 8213 8267 8322
f 8226 8241 8267
f 8252 8243 8299
f 8291 8216 8195
f 8281 8259 8324
f 8317 8231 8202
f 8175 8187 8318
f 8303 8222 8232
f 8232 8374 8303
f 8304 8254 8247
f 8276 8364 8264
f 8265 8288 8249
f 8306 8239 8344
f 8296 8250 8208
f 8255 8278 8211
f 8351 8345 8279
f 8256 8321 8280
f 8271 8321 8256
f 8308 8271 8139
f 8298 8267 8241
f 8241 8257 8298
f 8214 8252 8299
f 8300 8299 8243
f 8243 8258 8300
f 8309 8323 8199
f 8217 8310 8150
f 8244 8282 8259
f 8316 8260 8261
f 8318 8187 8349
f 8349 8245 8311
f 8301 8311 8245
f 8245 8285 8301
f 8190 8262 8374
f 8235 8246 8370
f 8246 8319 8370
f 8273 8269 8274
f 8274 8159 8343
f 8270 8275 8320
f 8364 8275 8264
f 8224 8249 8288
f 8239 8314 8344
f 8163 8250 8314
f 8278 8277 8210
f 8289 8279 8345
f 8279 8240 8351
f 8240 8212 8334
f 8266 8297 8251
f 8283 8282 8244
f 8327 8253 8268
f 8221 8284 8368
f 8158 8248 8293
f 8248 8273 8293
f 8263 8287 8305
f 8180 8294 8276
f 8180 8207 8295
f 8288 8265 8313
f 8306 8313 8265
f 8208 8277 8296
f 8315 8255 8198
f 8212 8297 8334
f 8299 8290 8214
f 8300 8272 8323
f 8291 8292 8354
f 8361 8367 8150
f 8218 8316 8261
f 8341 8218 8219
f 8219 8230 8341
f 8230 8355 8341
f 8393 8355 8201
f 8231 8393 8201
f 8384 8374 8262
f 8363 8293 8273
f 8295 8294 8180
f 8224 8288 8295
f 8278 8255 8307
f 8289 8345 8315
f 8240 8334 8351
f 8266 8336 8335
f 8321 8336 8280
f 8322 8308 8213
f 8310 8361 8150
f 8324 8217 8281
f 8326 8317 8253
f 8253 8327 8326
f 8318 8368 8284
f 8394 8384 8234
f 8254 8319 8247
f 8274 8363 8273
f 8287 8270 8312
f 8320 8312 8270
f 8313 8295 8288
f 8331 8296 8277
f 8271 8308 8337
f 8353 8216 8291
f 8354 8360 8291
f 8367 8354 8292
f 8268 8348 8327
f 8302 8301 8285
f 8303 8302 8222
f 8304 8237 8328
f 8158 8328 8237
f 8343 8376 8274
f 8294 8364 8276
f 8350 8314 8250
f 8277 8278 8332
f 8297 8266 8346
f 8335 8346 8266
f 8214 8298 8257
f 8340 8283 8260
f 8394 8286 8420
f 8286 8235 8362
f 8254 8304 8328
f 8312 8305 8287
f 8313 8306 8365
f 8250 8296 8350
f 8333 8255 8315
f 8404 8333 8315
f 8345 8351 8357
f 8321 8271 8358
f 8407 8337 8308
f 8352 8299 8300
f 8323 8338 8300
f 8323 8309 8366
f 8309 8216 8353
f 8360 8353 8291
f 8340 8282 8283
f 8260 8316 8340
f 8349 8342 8318
f 8362 8420 8286
f 8362 8235 8370
f 8328 8158 8329
f 8158 8293 8329
f 8376 8363 8274
f 8364 8320 8275
f 8350 8344 8314
f 8277 8332 8331
f 8307 8332 8278
f 8345 8404 8315
f 8334 8297 8372
f 8358 8271 8337
f 8308 8322 8407
f 8359 8322 8267
f 8298 8359 8267
f 8290 8299 8408
f 8352 8300 8338
f 8217 8324 8339
f 8282 8373 8259
f 8325 8340 8316
f 8316 8218 8325
f 8348 8221 8368
f 8303 8374 8382
f 8343 8263 8377
f 8305 8377 8263
f 8313 8378 8295
f 8346 8372 8297
f 8346 8335 8437
f 8336 8321 8347
f 8298 8214 8391
f 8290 8391 8214
f 8408 8299 8352
f 8338 8323 8366
f 8353 8366 8309
f 8217 8339 8310
f 8341 8325 8218
f 8430 8393 8231
f 8430 8231 8317
f 8326 8430 8317
f 8410 8326 8327
f 8370 8319 8386
f 8330 8377 8305
f 8305 8312 8330
f 8294 8371 8364
f 8294 8295 8356
f 8378 8356 8295
f 8383 8306 8344
f 8388 8344 8350
f 8396 8296 8331
f 8334 8372 8351
f 8359 8407 8322
f 8259 8373 8324
f 8311 8369 8349
f 8293 8363 8329
f 8377 8376 8343
f 8344 8388 8383
f 8396 8350 8296
f 8307 8255 8389
f 8255 8333 8379
f 8345 8357 8404
f 8358 8347 8321
f 8381 8358 8337
f 8338 8446 8352
f 8413 8282 8340
f 8327 8348 8410
f 8401 8410 8348
f 8371 8403 8364
f 8395 8313 8365
f 8306 8383 8365
f 8332 8396 8331
f 8307 8389 8332
f 8379 8389 8255
f 8335 8336 8390
f 8347 8390 8336
f 8359 8298 8391
f 8408 8391 8290
f 8354 8367 8400
f 8392 8413 8340
f 8392 8340 8325
f 8393 8341 8355
f 8342 8349 8369
f 8394 8385 8384
f 8319 8254 8460
f 8328 8460 8254
f 8329 8411 8328
f 8329 8363 8402
f 8403 8312 8320
f 8320 8364 8403
f 8404 8357 8380
f 8337 8407 8381
f 8366 8353 8406
f 8400 8367 8418
f 8368 8401 8348
f 8368 8318 8342
f 8382 8374 8431
f 8375 8420 8362
f 8370 8375 8362
f 8294 8356 8387
f 8412 8383 8388
f 8437 8335 8398
f 8390 8398 8335
f 8390 8347 8416
f 8338 8366 8399
f 8366 8406 8399
f 8361 8418 8367
f 8373 8450 8324
f 8460 8386 8319
f 8371 8294 8387
f 8395 8378 8313
f 8396 8388 8350
f 8379 8333 8443
f 8414 8380 8357
f 8472 8357 8351
f 8351 8372 8472
f 8424 8472 8372
f 8372 8346 8424
f 8347 8358 8405
f 8391 8408 8483
f 8446 8338 8399
f 8448 8353 8360
f 8360 8354 8448
f 8310 8339 8428
f 8324 8450 8339
f 8411 8460 8328
f 8456 8432 8329
f 8402 8456 8329
f 8376 8402 8363
f 8376 8377 8402
f 8330 8312 8457
f 8471 8365 8383
f 8333 8463 8443
f 8346 8397 8424
f 8437 8397 8346
f 8405 8416 8347
f 8358 8381 8417
f 8445 8417 8381
f 8448 8406 8353
f 8361 8310 8428
f 8325 8341 8392
f 8386 8375 8370
f 8411 8329 8432
f 8377 8330 8433
f 8378 8387 8356
f 8400 8448 8354
f 8392 8341 8419
f 8341 8393 8419
f 8368 8342 8459
f 8477 8302 8303
f 8374 8384 8431
f 8384 8385 8431
f 8402 8377 8433
f 8457 8421 8330
f 8387 8403 8371
f 8434 8387 8378
f 8396 8332 8423
f 8333 8404 8463
f 8357 8472 8414
f 8416 8405 8426
f 8381 8407 8445
f 8359 8391 8440
f 8483 8440 8391
f 8408 8352 8446
f 8476 8446 8399
f 8428 8418 8361
f 8452 8419 8393
f 8393 8430 8452
f 8401 8368 8485
f 8342 8369 8459
f 8453 8459 8369
f 8369 8311 8454
f 8311 8301 8454
f 8303 8382 8477
f 8382 8431 8477
f 8375 8386 8469
f 8421 8433 8330
f 8458 8312 8403
f 8442 8403 8387
f 8378 8395 8434
f 8383 8412 8471
f 8388 8396 8412
f 8423 8412 8396
f 8487 8332 8389
f 8463 8404 8380
f 8435 8424 8397
f 8397 8437 8435
f 8415 8435 8437
f 8398 8390 8438
f 8416 8438 8390
f 8405 8358 8427
f 8483 8408 8441
f 8409 8476 8399
f 8399 8406 8409
f 8400 8418 8449
f 8413 8373 8282
f 8453 8369 8454
f 8510 8301 8302
f 8457 8312 8458
f 8422 8395 8365
f 8426 8405 8427
f 8484 8409 8406
f 8449 8448 8400
f 8435 8415 8444
f 8466 8445 8407
f 8407 8359 8466
f 8446 8441 8408
f 8428 8339 8467
f 8451 8413 8392
f 8420 8385 8394
f 8460 8411 8455
f 8432 8455 8411
f 8433 8421 8524
f 8442 8458 8403
f 8365 8471 8422
f 8487 8423 8332
f 8424 8464 8472
f 8429 8430 8326
f 8326 8410 8429
f 8491 8410 8401
f 8459 8485 8368
f 8460 8469 8386
f 8434 8495 8387
f 8389 8379 8487
f 8488 8463 8380
f 8380 8414 8488
f 8358 8417 8427
f 8475 8427 8417
f 8439 8475 8417
f 8417 8445 8439
f 8447 8484 8406
f 8406 8448 8447
f 8450 8467 8339
f 8392 8419 8451
f 8419 8452 8451
f 8429 8452 8430
f 8516 8429 8410
f 8491 8516 8410
f 8302 8477 8510
f 8420 8375 8468
f 8468 8375 8469
f 8433 8523 8402
f 8494 8524 8421
f 8421 8457 8494
f 8495 8442 8387
f 8434 8395 8422
f 8379 8443 8461
f 8436 8444 8415
f 8440 8466 8359
f 8521 8450 8373
f 8413 8521 8373
f 8485 8491 8401
f 8510 8454 8301
f 8385 8420 8468
f 8456 8402 8523
f 8524 8523 8433
f 8487 8379 8461
f 8463 8462 8443
f 8414 8472 8488
f 8424 8425 8464
f 8425 8435 8481
f 8435 8444 8481
f 8473 8415 8437
f 8398 8473 8437
f 8398 8438 8474
f 8438 8416 8465
f 8445 8466 8482
f 8442 8495 8470
f 8412 8423 8528
f 8529 8528 8423
f 8423 8487 8529
f 8464 9649 8472
f 8473 8436 8415
f 8496 8474 8438
f 8438 8465 8496
f 8416 8426 8465
f 8426 8427 8465
f 8497 8465 8427
f 8498 8497 8427
f 8475 8498 8427
f 8482 8439 8445
f 8447 8448 8508
f 8449 8418 8499
f 8418 8428 8499
f 8521 8413 8451
f 8501 8451 8452
f 8452 8429 8516
f 8485 8459 8492
f 8503 8494 8457
f 8457 8458 8503
f 8467 8499 8428
f 8450 8509 8467
f 8431 8385 8511
f 8469 8460 8478
f 8512 8478 8460
f 8455 8512 8460
f 8470 8458 8442
f 8517 8471 8412
f 8480 8461 8443
f 8443 8462 8480
f 8463 8488 8513
f 8534 8514 8472
f 9649 8534 8472
f 8481 8530 8425
f 8444 8436 8506
f 8436 8473 8489
f 8474 8473 8398
f 8439 8549 8475
f 8476 8531 8446
f 8448 8449 8508
f 8499 8467 8500
f 8509 8500 8467
f 8450 8521 8509
f 8452 8516 8501
f 8385 8468 8542
f 8468 8469 8478
f 8434 8422 8479
f 8517 8422 8471
f 8528 8517 8412
f 8513 8462 8463
f 8514 8488 8472
f 8444 8506 8505
f 8483 8563 8440
f 8441 8446 8531
f 8451 8501 8490
f 8492 8459 8551
f 8459 8453 8551
f 8486 8551 8453
f 8453 8454 8486
f 8511 8477 8431
f 8478 8542 8468
f 8512 8455 8493
f 8432 8493 8455
f 8432 8456 8493
f 8523 8493 8456
f 8524 8494 8525
f 8503 8458 8526
f 8470 8526 8458
f 8495 8434 8479
f 8461 8480 8519
f 8462 8519 8480
f 8505 8530 8481
f 8481 8444 8505
f 8562 8506 8436
f 8436 8489 8562
f 8489 8473 8474
f 8497 8496 8465
f 8520 8498 8475
f 8439 8482 8536
f 8466 8536 8482
f 8466 8440 8563
f 8484 8447 8507
f 8499 8508 8449
f 8565 8541 8451
f 8451 8490 8565
f 8511 8385 8542
f 8479 8422 8527
f 8518 8529 8487
f 8487 8461 8518
f 8504 8518 8461
f 8533 8462 8513
f 8489 8474 8515
f 8496 8515 8474
f 8549 8520 8475
f 8536 8549 8439
f 8441 8563 8483
f 8476 8409 8531
f 8409 8484 8507
f 8447 8508 8507
f 8521 8451 8541
f 8491 8485 8543
f 8486 8454 8510
f 8510 8477 8522
f 8511 8522 8477
f 8502 8525 8494
f 8494 8503 8502
f 8470 8495 8544
f 8479 8544 8495
f 8527 8422 8517
f 8504 8461 8519
f 8545 8513 8488
f 8515 8562 8489
f 8496 8497 8535
f 8498 8535 8497
f 8550 8507 8508
f 8508 8499 9562
f 8499 8500 9562
f 8540 8509 8521
f 8492 8543 8485
f 8526 8502 8503
f 8526 8470 8544
f 8535 8515 8496
f 8441 8574 8563
f 8531 8574 8441
f 8409 8507 8538
f 8508 9562 8550
f 8500 8509 8539
f 8569 8516 8491
f 8588 8551 8486
f 8522 8486 8510
f 8522 8511 8552
f 8527 8517 8583
f 8519 8462 8571
f 8545 8533 8513
f 8488 8546 8545
f 8488 8514 8546
f 8530 8505 8556
f 8557 8505 8506
f 8506 8562 8557
f 8547 8535 8498
f 8498 8548 8547
f 8520 8548 8498
f 8563 8536 8466
f 8531 8409 8537
f 8409 8538 8537
f 8501 8516 8490
f 8516 8569 8580
f 8511 8542 8581
f 8542 8478 8581
f 8493 8523 8570
f 8502 8582 8525
f 8479 8527 8532
f 8518 8504 8577
f 8504 8519 8577
f 8571 8577 8519
f 8514 8534 8546
f 8555 8534 9649
f 9562 8500 8539
f 8580 8490 8516
f 8543 8569 8491
f 8610 8543 8492
f 8551 8610 8492
f 8486 8522 8552
f 8493 8599 8512
f 8523 8524 8570
f 8524 8525 8582
f 8582 8502 8566
f 8502 8526 8566
f 8532 8544 8479
f 8528 8529 8584
f 8529 8518 8584
f 9651 8530 9648
f 8515 8535 8558
f 8550 8559 8507
f 8532 8567 8544
f 8517 8528 8583
f 8577 8571 8590
f 8591 8571 8462
f 8568 8462 8533
f 8533 8545 8593
f 8561 8556 8505
f 8558 8562 8515
f 8538 8507 8559
f 8539 8509 8564
f 8509 8540 8564
f 8521 8541 8540
f 8569 8543 8632
f 8478 8512 8599
f 8582 8570 8524
f 8580 8565 8490
f 8486 8552 8588
f 8599 8581 8478
f 8493 8570 8618
f 8532 8527 8553
f 8527 8583 8553
f 8568 8591 8462
f 8592 8568 8533
f 8546 8593 8545
f 8546 8534 8554
f 8555 8554 8534
f 9648 8530 8604
f 8505 8557 8561
f 8557 8562 8573
f 8535 8547 8558
f 8548 8520 8595
f 8520 8549 8607
f 8549 8536 8607
f 8596 8607 8536
f 8563 8596 8536
f 8574 8531 8586
f 8531 8537 8586
f 8559 8608 8538
f 8559 8550 8560
f 8560 9562 8579
f 8541 8565 8598
f 8588 8575 8551
f 8584 8583 8528
f 8518 8577 8585
f 8592 8533 8593
f 8593 8546 8572
f 8554 8572 8546
f 8556 8604 8530
f 8578 8561 8557
f 8557 8573 8578
f 8607 8595 8520
f 8608 8586 8537
f 8537 8538 8608
f 9650 9648 8604
f 8578 8620 8561
f 9560 8573 8562
f 8562 8558 9560
f 9562 8539 8579
f 8597 8579 8539
f 8539 8564 8597
f 8598 8540 8541
f 8552 8511 8576
f 8599 8493 8618
f 8570 8582 8613
f 8601 8600 8567
f 8567 8532 8601
f 8553 8601 8532
f 8585 8584 8518
f 8632 8580 8569
f 8611 8575 8588
f 8588 8552 8611
f 8581 8576 8511
f 8613 8618 8570
f 8623 8613 8582
f 8571 8591 8590
f 8556 8561 8605
f 8606 8605 8561
f 8620 8606 8561
f 8563 8574 8596
f 8586 8596 8574
f 8559 8560 8609
f 8609 8587 8559
f 8560 8579 8609
f 8630 8564 8540
f 8565 8580 8631
f 8575 8610 8551
f 8599 8612 8581
f 8590 8614 8577
f 8593 8572 8625
f 9650 8604 8619
f 8604 8556 8605
f 8595 8659 8548
f 8630 8597 8564
f 8540 8598 8630
f 8552 8576 8654
f 8576 8581 8643
f 8589 8623 8582
f 8582 8566 8589
f 8566 9584 8589
f 8601 8553 8635
f 8602 8635 8553
f 8553 8583 8602
f 8585 8577 8614
f 8590 8591 8657
f 8568 8657 8591
f 8603 8572 8554
f 8573 8594 8578
f 8548 8659 8547
f 8587 8608 8559
f 8565 8631 8598
f 8622 8610 8575
f 8575 8611 8617
f 8583 8584 8602
f 8614 8590 8665
f 8593 8636 8592
f 8625 8572 8603
f 8603 9650 8671
f 8619 8671 9650
f 9560 8558 8615
f 8558 8547 8659
f 8609 8579 8621
f 8579 8597 8621
f 8580 8632 8640
f 8632 8543 8616
f 8543 8610 8616
f 8617 8622 8575
f 8611 8552 8654
f 8643 8654 8576
f 8643 8581 8633
f 8581 8612 8633
f 8612 8599 8644
f 8618 8644 8599
f 8645 8589 9584
f 9584 8600 8645
f 8600 8601 8634
f 8585 8602 8584
f 8590 8657 8665
f 8626 8619 8604
f 8604 8605 8626
f 8605 8606 8658
f 8659 8615 8558
f 8595 8607 8660
f 8662 8639 8596
f 8596 8586 8662
f 8628 8662 8586
f 8586 8608 8628
f 8651 8587 8609
f 8609 8621 8651
f 8622 8616 8610
f 8644 8633 8612
f 8644 8618 8667
f 8618 8613 8667
f 8645 8623 8589
f 8634 8645 8600
f 8635 8634 8601
f 8665 8656 8614
f 8624 8657 8568
f 8636 8624 8568
f 8568 8592 8636
f 8593 8625 8636
f 8658 8626 8605
f 8620 8578 8627
f 8578 8594 8627
f 8595 8660 8659
f 8607 8596 8639
f 8629 8621 8597
f 8630 8629 8597
f 8602 8585 8655
f 8656 8655 8585
f 8585 8614 8656
f 8637 8636 8625
f 8638 8625 8603
f 8647 8606 8620
f 8620 8627 8647
f 8639 8660 8607
f 8608 8587 8628
f 8640 8631 8580
f 8616 8677 8632
f 8622 8641 8616
f 8642 8622 8617
f 8617 8611 8642
f 8653 8642 8611
f 8654 8653 8611
f 8646 8635 8602
f 8638 8637 8625
f 8603 8671 8638
f 8626 8704 8619
f 8647 8658 8606
f 8725 8647 8627
f 8683 8627 8594
f 8648 8683 8594
f 8659 8649 8615
f 8661 8639 8662
f 8651 8621 8674
f 8630 8598 8700
f 8631 8700 8598
f 8677 8640 8632
f 8652 8641 8622
f 8642 8652 8622
f 8644 8667 8718
f 8645 8634 8669
f 8634 8635 8646
f 8602 8655 8646
f 8671 8619 8710
f 8649 8648 8615
f 8659 8660 8650
f 8661 8660 8639
f 8684 8628 8587
f 8587 8651 8684
f 8616 8641 8677
f 8652 8663 8641
f 8653 8652 8642
f 8654 8643 8686
f 8643 8633 8687
f 8613 8623 8668
f 8623 8645 8668
f 8669 8668 8645
f 8665 8657 8692
f 8624 8636 8681
f 8666 8637 8638
f 8704 8710 8619
f 8721 8704 8626
f 8649 8659 8693
f 8673 8661 8662
f 8662 8628 8673
f 8651 8674 8684
f 8629 8674 8621
f 8630 8700 8699
f 8676 8700 8631
f 8701 8631 8640
f 8640 8677 8701
f 8663 8677 8641
f 8663 8652 8664
f 8652 8653 8664
f 8653 8654 8680
f 8686 8680 8654
f 8687 8686 8643
f 8687 8633 8688
f 8633 8644 8688
f 8718 8688 8644
f 8668 8689 8613
f 8634 8646 8669
f 8646 8655 8690
f 8670 8692 8657
f 8624 8670 8657
f 8626 8658 8721
f 8659 8650 8693
f 8661 8672 8660
f 8628 8684 8673
f 8675 8629 8630
f 8630 8699 8675
f 8631 8701 8676
f 8678 8663 8664
f 8664 8653 8678
f 8653 8680 8679
f 8667 8613 8689
f 8669 8646 8690
f 8691 8690 8655
f 8655 8656 8691
f 8656 8665 8692
f 8681 8636 8637
f 8658 8647 8698
f 8627 8683 8682
f 8660 8672 8650
f 8674 8629 8695
f 8675 8695 8629
f 8685 8677 8663
f 8663 8678 8685
f 8679 8678 8653
f 8680 8686 8702
f 8668 8669 8694
f 8691 8656 8707
f 8624 8719 8670
f 8720 8681 8637
f 8666 8720 8637
f 8638 8671 8751
f 8698 8647 8725
f 8693 8683 8649
f 8679 8680 8697
f 8702 8697 8680
f 8689 8718 8667
f 8692 8707 8656
f 8681 8719 8624
f 8735 8720 8666
f 8638 8709 8666
f 8658 8698 8769
f 8725 8627 8711
f 8627 8682 8711
f 8675 8714 8695
f 8715 8700 8676
f 8676 8701 8715
f 8726 8701 8677
f 8677 8685 8726
f 8696 8726 8685
f 8685 8678 8696
f 8678 8679 8696
f 8732 8696 8679
f 8679 8697 8732
f 8717 8702 8686
f 8687 8717 8686
f 8689 8668 8723
f 8708 8707 8692
f 8670 8708 8692
f 8710 8704 8703
f 8698 8725 8770
f 8682 8683 8705
f 8650 8672 8713
f 8661 8673 8752
f 8716 8727 8696
f 8696 8732 8716
f 8702 8732 8697
f 8718 8728 8688
f 8706 8694 8690
f 8690 8691 8706
f 8729 8735 8666
f 8709 8729 8666
f 8758 8769 8698
f 8682 8705 8711
f 8712 8683 8693
f 8672 8661 8752
f 8714 9597 8695
f 8675 8699 8722
f 8699 8700 8722
f 8715 8722 8700
f 8726 8696 8731
f 8727 8731 8696
f 8687 8688 8717
f 8707 8706 8691
f 8719 8708 8670
f 8721 8703 8704
f 8721 8658 8730
f 8769 8730 8658
f 8737 8711 8705
f 8713 8712 8693
f 8693 8650 8713
f 9597 8752 8673
f 8701 8726 8715
f 8747 8716 8732
f 8732 8702 8762
f 8718 8689 8728
f 8728 8689 8723
f 8733 8723 8706
f 8706 8707 8733
f 8671 8710 8751
f 8736 8751 8710
f 8710 8703 8736
f 8759 8737 8705
f 8722 8714 8675
f 8731 8727 8746
f 8748 8754 8702
f 8702 8717 8748
f 8717 8688 8728
f 8707 8708 8755
f 8708 8719 8734
f 8724 8734 8719
f 8719 8681 8724
f 8681 8720 8724
f 8735 8724 8720
f 8729 8709 8757
f 8709 8638 8750
f 8751 8750 8638
f 8703 8721 8768
f 8730 8768 8721
f 8770 8758 8698
f 8777 8725 8711
f 8705 8712 8745
f 8738 8713 8672
f 8672 8752 8738
f 9597 8714 8753
f 8739 8753 8714
f 8714 8722 8739
f 8726 8731 8760
f 8747 8727 8716
f 8754 8762 8702
f 8728 8723 8743
f 8733 8743 8723
f 8755 8708 8734
f 8735 8729 8744
f 8750 8757 8709
f 8777 8770 8725
f 8745 8759 8705
f 8712 8713 8771
f 8752 9597 8753
f 8715 8726 8741
f 8760 8741 8726
f 8762 8742 8732
f 8728 8748 8717
f 8743 8749 8728
f 8755 8733 8707
f 8744 8729 8756
f 8757 8756 8729
f 8765 8768 8730
f 8784 8737 8759
f 8771 8745 8712
f 8740 8739 8722
f 8722 8715 8740
f 8741 8740 8715
f 8772 8741 8760
f 8746 8760 8731
f 8761 8746 8727
f 8747 8761 8727
f 8742 8747 8732
f 8754 8748 8781
f 8743 8733 8755
f 8755 8734 8767
f 8724 8735 8763
f 8744 8763 8735
f 8757 8750 8764
f 8751 8736 8792
f 8730 8769 8765
f 8737 8777 8711
f 8738 8771 8713
f 8796 8738 8752
f 8785 8753 8739
f 8740 8785 8739
f 8740 8741 8779
f 8763 8767 8734
f 8734 8724 8763
f 8768 8736 8703
f 8770 8819 8758
f 8759 8745 9557
f 8752 8753 8796
f 8779 8785 8740
f 8741 8772 8779
f 8780 8760 8746
f 8766 8748 8728
f 8728 8749 8766
f 8774 8749 8743
f 8743 8755 8774
f 8818 8750 8751
f 8765 8769 8811
f 8783 8777 8737
f 8738 8796 8771
f 8761 8780 8746
f 8742 8773 8747
f 8789 8742 8762
f 8766 8781 8748
f 8767 8774 8755
f 8763 8744 8775
f 8744 8756 8775
f 8756 8757 8782
f 8764 8782 8757
f 8768 8765 8794
f 8837 8769 8758
f 8737 8784 8783
f 9853 8759 9557
f 8778 8796 8753
f 8785 8778 8753
f 8786 8772 8760
f 8787 8780 8761
f 8773 8761 8747
f 8789 8762 8798
f 8762 8754 8798
f 8767 8763 8800
f 8775 8756 8776
f 8782 8776 8756
f 8792 8818 8751
f 9557 8771 8795
f 8780 8786 8760
f 8781 8798 8754
f 8790 8766 8749
f 8749 8774 8790
f 8794 8793 8768
f 9853 8784 8759
f 8791 8790 8774
f 8803 8779 8772
f 8786 8803 8772
f 8761 8773 8787
f 8773 8742 8789
f 8781 8766 8799
f 8790 8799 8766
f 8800 8791 8774
f 8774 8767 8800
f 8801 8800 8763
f 8763 8775 8801
f 8776 8801 8775
f 8818 8764 8750
f 8736 8768 8793
f 8811 8794 8765
f 8819 8770 8869
f 8770 8777 8820
f 8777 8783 8820
f 8784 9853 9848
f 8796 8795 8771
f 8812 8796 8778
f 8785 8779 8812
f 8787 8786 8780
f 8787 8773 8788
f 8773 8789 8788
f 8799 8798 8781
f 8810 8809 8776
f 8782 8810 8776
f 8811 8769 8837
f 8805 8783 8784
f 9848 8805 8784
f 8778 8785 8812
f 8786 8787 8797
f 8788 8797 8787
f 8788 8789 9859
f 8798 9859 8789
f 8801 8776 8809
f 8817 8782 8764
f 8764 8832 8817
f 8842 8792 8736
f 8736 8793 8842
f 8812 9849 8795
f 8795 8796 8812
f 8803 8812 8779
f 8803 8786 9850
f 8786 8797 9850
f 9847 9859 8798
f 9851 9847 8798
f 8798 8799 9851
f 8799 8790 9851
f 8764 8818 8832
f 8804 8822 8793
f 8793 8794 8804
f 8819 8837 8758
f 8813 8812 8803
f 9850 8813 8803
f 8782 8817 8810
f 8826 8818 8792
f 8833 8826 8792
f 8792 8842 8833
f 8842 8793 8822
f 8794 8811 8836
f 8820 8869 8770
f 8820 8783 8851
f 8815 9844 8816
f 8836 8811 8827
f 8837 8819 8823
f 8783 8805 8851
f 8805 9848 8824
f 9849 8812 8813
f 9846 8806 8825
f 8838 8814 8807
f 8807 8815 8838
f 8815 8816 8830
f 8821 8816 9855
f 9855 8808 8821
f 8808 8809 8821
f 8817 8832 8882
f 8818 8826 8832
f 9854 8825 8829
f 8806 8814 8852
f 8831 8830 8816
f 8816 8821 8831
f 8810 8817 8841
f 8804 8794 8836
f 8837 8827 8811
f 8869 8823 8819
f 8851 8862 8820
f 8805 8824 8828
f 8834 8825 8806
f 8852 8834 8806
f 8838 8852 8814
f 8830 8838 8815
f 8809 8810 8841
f 8828 8851 8805
f 8828 8824 8850
f 8829 8850 8824
f 8825 8863 8829
f 8871 8854 8831
f 8831 8821 8871
f 8864 8809 8841
f 8822 8804 8835
f 8836 8835 8804
f 8869 8820 8862
f 8834 8863 8825
f 8854 8830 8831
f 8881 8871 8821
f 8821 8809 8881
f 8842 8822 8839
f 9631 8835 8836
f 8849 9631 8836
f 8823 8827 8837
f 8850 8829 8843
f 8863 8843 8829
f 8838 8830 8853
f 8844 8853 8830
f 8809 8864 8881
f 8832 8826 8845
f 8855 8826 8833
f 8833 8842 8855
f 8842 8839 8855
f 8850 8878 8828
f 8853 8852 8838
f 8854 8844 8830
f 8855 8839 8846
f 8839 9632 8846
f 8847 8846 9632
f 9630 8840 8860
f 8856 8860 8840
f 8856 8840 8848
f 8840 9628 8848
f 9628 8835 9631
f 8836 8827 8849
f 8878 8883 8828
f 8817 8882 8887
f 8847 9630 8859
f 8823 8858 8827
f 8848 9631 8857
f 8861 8857 9631
f 9631 8849 8861
f 8858 8849 8827
f 8916 8862 8851
f 8843 8878 8850
f 8863 8870 8843
f 8841 8817 8887
f 8845 8895 8832
f 8855 8845 8826
f 8855 8846 8875
f 8859 9630 8873
f 8876 8860 8856
f 8856 8848 8865
f 8857 8866 8848
f 8851 8828 8916
f 8895 8882 8832
f 8860 8873 9630
f 8856 8865 8876
f 8866 8865 8848
f 8858 8823 8880
f 8869 8880 8823
f 8878 8843 8870
f 8875 8868 8855
f 8872 8879 8847
f 8847 8859 8872
f 8873 8898 8859
f 8877 8861 8849
f 8849 8858 8877
f 8853 8844 8867
f 8894 8867 8844
f 8841 8887 8890
f 8845 8855 8868
f 8873 8860 8888
f 8860 8876 8888
f 8904 8876 8865
f 8866 8904 8865
f 8861 8900 8857
f 8834 8852 8874
f 8885 8874 8852
f 8852 8853 8885
f 8854 8871 8902
f 8859 8898 8872
f 8910 8877 8858
f 8883 8916 8828
f 8870 8863 8884
f 8863 8834 8884
f 8890 8864 8841
f 8845 8868 8896
f 8893 8900 8861
f 8861 8877 8893
f 8880 8910 8858
f 8869 8862 8880
f 8916 8880 8862
f 8884 8912 8870
f 8834 8874 8884
f 8854 8894 8844
f 8871 8881 8886
f 8896 8895 8845
f 8897 8896 8868
f 8868 8875 8897
f 8875 8879 8908
f 8929 8898 8873
f 8904 8899 8876
f 8904 8866 8938
f 8853 8867 8901
f 8902 8894 8854
f 8889 8886 8881
f 8908 8897 8875
f 8872 8908 8879
f 8892 8929 8873
f 8888 8876 8903
f 8915 8866 8857
f 8900 8915 8857
f 8953 8916 8883
f 8878 8911 8883
f 8886 8902 8871
f 8881 8864 8889
f 8917 8887 8882
f 8882 8895 8917
f 8873 8888 8892
f 8876 8899 8903
f 8905 8893 8877
f 8877 8910 8905
f 8911 8953 8883
f 8912 8878 8870
f 8901 8885 8853
f 8867 8894 8901
f 8907 8889 8864
f 8890 8907 8864
f 8917 8890 8887
f 8891 8908 8872
f 8866 8915 8938
f 8917 8935 8890
f 8900 8893 8905
f 8910 8880 8923
f 8916 8923 8880
f 8911 8878 8906
f 8912 8906 8878
f 8895 8896 8917
f 8897 8917 8896
f 8891 8927 8908
f 8891 8872 8909
f 8898 8909 8872
f 8933 8898 8934
f 8929 8934 8898
f 8892 8888 8920
f 8903 8920 8888
f 8899 8904 8918
f 8905 8921 8900
f 8905 8910 8922
f 8912 8884 8932
f 8913 8932 8884
f 8884 9561 8913
f 9561 8885 8919
f 8889 8907 8926
f 8920 8941 8892
f 8904 8938 8918
f 8938 8915 8930
f 8921 8915 8900
f 8885 8901 8925
f 8914 8917 8897
f 8897 8908 8914
f 8927 8914 8908
f 8937 8927 8891
f 8933 8909 8898
f 8929 8892 8941
f 8921 8905 8964
f 8923 8922 8910
f 8906 8912 8931
f 9561 8919 8924
f 8901 8894 8940
f 8894 8902 8944
f 8926 8907 8961
f 8890 8961 8907
f 8909 8937 8891
f 8903 8899 8942
f 8915 8921 8930
f 8953 8923 8916
f 8932 8931 8912
f 8947 8913 9561
f 8924 8947 9561
f 8919 8885 8925
f 8940 8925 8901
f 8886 8944 8902
f 8886 8889 8926
f 8935 8961 8890
f 8914 8935 8917
f 8914 8927 8936
f 8905 8922 8964
f 8922 8923 8943
f 8926 8948 8886
f 8929 8928 8934
f 8941 8920 8946
f 8920 8903 8946
f 8899 8918 8942
f 8930 8921 8952
f 8967 8911 8906
f 8924 8919 8968
f 8955 8940 8894
f 8936 8945 8914
f 8972 8936 8927
f 8927 8937 8972
f 8941 8928 8929
f 8918 8938 8980
f 8938 8930 8951
f 8921 8964 8952
f 8967 8953 8911
f 8931 8967 8906
f 8954 8931 8932
f 8947 8924 8963
f 8968 8963 8924
f 8940 8919 8925
f 8886 8948 8960
f 8935 8914 8945
f 8909 8933 8958
f 8959 8933 8934
f 8942 8946 8903
f 8953 8967 8966
f 8931 8975 8967
f 8940 8939 8919
f 8955 8970 8940
f 8894 8944 8955
f 8960 8944 8886
f 8972 8949 8936
f 8937 8909 8958
f 8957 8942 8918
f 8922 8943 8964
f 8923 8953 8943
f 8939 8940 8970
f 8926 8961 8971
f 8936 8949 8945
f 8962 8959 8934
f 8928 8962 8934
f 8928 8941 8950
f 8941 8946 8950
f 8946 8942 8957
f 8918 8980 8957
f 8951 8980 8938
f 8954 8975 8931
f 8939 8968 8919
f 8948 8926 8971
f 8958 8972 8937
f 8956 8950 8946
f 8946 8957 8956
f 8951 9032 8980
f 8951 8930 9012
f 9006 8943 8953
f 8970 8955 8982
f 9002 8955 8944
f 9012 8930 8974
f 8952 8974 8930
f 9017 8974 8952
f 8964 9017 8952
f 8953 8966 9006
f 8963 8996 8947
f 8944 8960 9002
f 8961 8935 9583
f 8935 8945 9583
f 8972 8958 8978
f 9010 8958 8933
f 9010 8933 8959
f 8962 8928 8950
f 8950 8956 8979
f 8956 8957 8984
f 8973 8984 8957
f 8957 8980 8973
f 8943 8965 8964
f 8943 9006 8989
f 8996 8986 8947
f 8981 8968 8939
f 8969 8981 8939
f 8960 8948 8971
f 8985 8973 8980
f 8945 8949 8977
f 8999 8977 8949
f 8949 8972 8999
f 8962 8950 8979
f 8984 8979 8956
f 8965 9017 8964
f 8989 8965 8943
f 8963 8968 8991
f 8981 8991 8968
f 8970 8982 8976
f 8955 9002 8982
f 9583 8945 8977
f 8978 8999 8972
f 9022 8959 8962
f 8962 8979 9022
f 8988 8984 8973
f 8985 8988 8973
f 9007 8966 8967
f 8967 8975 9007
f 8975 8954 9008
f 8996 8963 8990
f 8976 8982 8997
f 9062 9013 9002
f 8977 8999 9014
f 9015 8978 8958
f 9022 9010 8959
f 8985 8980 9032
f 8994 8993 8979
f 8979 8984 8994
f 8951 9012 9084
f 9008 9007 8975
f 9615 9008 8954
f 8991 8990 8963
f 9002 8960 9003
f 8961 9583 8992
f 8983 8992 9583
f 8993 9022 8979
f 8988 8994 8984
f 8985 9032 9065
f 8995 8986 9001
f 8986 8996 9001
f 8991 8981 9020
f 9003 9062 9002
f 8971 9003 8960
f 8971 8961 9039
f 8992 9039 8961
f 8999 8978 9009
f 9000 8965 8989
f 8989 9006 9018
f 8990 8991 9024
f 9020 9024 8991
f 9020 8981 9038
f 9004 8992 8983
f 8983 8998 9004
f 9014 8998 8987
f 9010 9022 9050
f 8993 8994 9016
f 8988 8985 9036
f 8965 9005 9017
f 8965 9000 9005
f 9038 8981 8969
f 9045 9007 9008
f 9636 9008 9615
f 8995 9636 9615
f 8990 9001 8996
f 9025 8997 8982
f 8978 9015 9080
f 8994 8988 9052
f 9036 9052 8988
f 9065 9036 8985
f 9005 9000 9034
f 9018 9000 8989
f 9040 9006 8966
f 9045 9040 8966
f 8966 9007 9045
f 9637 8995 9001
f 9635 9637 9001
f 9001 8990 9635
f 8990 9024 9019
f 9054 9025 8982
f 8982 9002 9054
f 9002 9013 9054
f 9003 8971 9026
f 9039 9026 8971
f 9009 9014 8999
f 9021 9015 8958
f 8958 9010 9021
f 9022 8993 9011
f 8993 9016 9011
f 9032 8951 9084
f 9005 9034 9061
f 9034 9000 9023
f 9000 9018 9023
f 9020 9038 9069
f 9004 8998 9027
f 9022 9011 9029
f 9030 9011 9016
f 9031 9016 8994
f 9052 9031 8994
f 9635 8990 9019
f 8992 9004 9079
f 9021 9080 9015
f 9033 9114 8974
f 8974 9017 9033
f 9018 9006 9067
f 9063 9079 9004
f 9004 9027 9063
f 9028 9027 8998
f 9014 9028 8998
f 9014 9009 9028
f 9022 9029 9050
f 9016 9031 9030
f 9084 9012 9066
f 9005 9061 9060
f 9008 9636 9048
f 9046 9048 9636
f 9041 9635 9019
f 9037 9041 9019
f 9035 9042 9024
f 9024 9020 9035
f 9038 8969 9053
f 8969 8997 9053
f 8997 9025 9053
f 9003 9026 9078
f 9039 9078 9026
f 8992 9055 9039
f 9029 9011 9043
f 9051 9043 9011
f 9011 9030 9051
f 9059 9030 9031
f 9065 9032 9083
f 9005 9033 9017
f 9067 9023 9018
f 9048 9045 9008
f 9069 9035 9020
f 9062 9049 9013
f 9078 9062 9003
f 8992 9079 9055
f 9010 9057 9021
f 9050 9029 9058
f 9030 9072 9071
f 9059 9072 9030
f 9059 9031 9044
f 9031 9052 9044
f 9074 9052 9036
f 8974 9066 9012
f 9033 9005 9060
f 9075 9061 9034
f 9006 9040 9067
f 9042 9041 9037
f 9053 9069 9038
f 9049 9054 9013
f 9078 9039 9055
f 9029 9043 9058
f 9051 9030 9071
f 9084 9083 9032
f 9089 9075 9034
f 9023 9089 9034
f 9635 9041 9634
f 9025 9094 9053
f 9063 9027 9064
f 9028 9070 9027
f 9058 9057 9050
f 9114 9033 9141
f 9089 9023 9047
f 9067 9047 9023
f 9045 9048 9085
f 9086 9048 9046
f 9046 9638 9086
f 9097 9060 9061
f 9099 9085 9048
f 9086 9099 9048
f 9042 9035 9068
f 9035 9069 9076
f 9070 9064 9027
f 9009 8978 9056
f 9080 9056 8978
f 9043 9051 9081
f 9071 9081 9051
f 9082 9044 9052
f 9074 9082 9052
f 9065 9074 9036
f 9114 9066 8974
f 9068 9041 9042
f 9094 9069 9053
f 9025 9054 9101
f 9077 9101 9054
f 9054 9049 9077
f 9078 9055 9092
f 9009 9123 9028
f 9081 9096 9043
f 9059 9044 9073
f 9075 9097 9061
f 9068 9035 9087
f 9076 9088 9035
f 9094 9025 9101
f 9049 9062 9116
f 9078 9116 9062
f 9010 9050 9057
f 9096 9058 9043
f 9071 9072 9106
f 9073 9072 9059
f 9074 9065 9107
f 9083 9107 9065
f 9102 9141 9033
f 9033 9060 9102
f 9085 9040 9045
f 9634 9041 9110
f 9100 9068 9090
f 9091 9076 9069
f 9092 9055 9678
f 9055 9079 9678
f 9070 9028 9105
f 9123 9105 9028
f 9124 9009 9056
f 9057 9058 9125
f 9112 9073 9044
f 9044 9082 9112
f 9111 9041 9100
f 9068 9087 9090
f 9035 9088 9087
f 9104 9116 9078
f 9104 9078 9092
f 9095 9678 9079
f 9079 9063 9095
f 9064 9095 9063
f 9127 9125 9058
f 9096 9081 9093
f 9071 9093 9081
f 9066 9083 9084
f 9075 9103 9097
f 9115 9040 9085
f 9099 9115 9085
f 9110 9041 9111
f 9087 9088 9134
f 9088 9076 9091
f 9094 9091 9069
f 9117 9095 9064
f 9064 9070 9117
f 9124 9123 9009
f 9106 9093 9071
f 9072 9073 9106
f 9082 9074 9113
f 9138 9066 9114
f 9097 9102 9060
f 9075 9089 9098
f 9047 9098 9089
f 9067 9040 9588
f 9121 9086 9638
f 9105 9117 9070
f 9056 9080 9118
f 9080 9021 9118
f 9021 9057 9125
f 9108 9103 9075
f 9040 9115 9588
f 9134 9133 9087
f 9678 9095 9679
f 9129 9113 9074
f 9107 9129 9074
f 9138 9083 9066
f 9098 9047 9109
f 9121 9099 9086
f 9132 9111 9100
f 9100 9090 9132
f 9092 9185 9104
f 9073 9112 9137
f 9102 9097 9131
f 9103 9131 9097
f 9098 9108 9075
f 9091 9094 9140
f 9094 9101 9140
f 9105 9123 9136
f 9118 9021 9119
f 9125 9119 9021
f 9093 9106 9137
f 9106 9073 9137
f 9128 9112 9082
f 9113 9128 9082
f 9114 9141 9174
f 9115 9099 9120
f 9122 9143 9110
f 9110 9111 9122
f 9132 9122 9111
f 9133 9132 9090
f 9090 9087 9133
f 9091 9134 9088
f 9127 9126 9125
f 9127 9058 9096
f 9112 9128 9157
f 9083 9129 9107
f 9138 9114 9174
f 9099 9121 9148
f 9077 9049 9154
f 9116 9104 9135
f 9185 9135 9104
f 9680 9185 9092
f 9117 9155 9095
f 9679 9095 9155
f 9117 9105 9150
f 9136 9150 9105
f 9093 9156 9096
f 9165 9128 9113
f 9145 9129 9083
f 9141 9102 9131
f 9131 9103 9130
f 9103 9108 9130
f 9109 9588 9147
f 9121 9110 9148
f 9143 9148 9110
f 9133 9134 9139
f 9101 9077 9140
f 9049 9116 9154
f 9135 9154 9116
f 9124 9136 9123
f 9119 9125 9126
f 9157 9137 9112
f 9113 9129 9165
f 9138 9145 9083
f 9108 9098 9142
f 9160 9588 9115
f 9161 9122 9132
f 9134 9091 9144
f 9091 9140 9144
f 9142 9167 9108
f 9147 9142 9098
f 9098 9109 9147
f 9147 9588 9160
f 9143 9122 9176
f 9161 9176 9122
f 9161 9132 9149
f 9132 9133 9149
f 9139 9149 9133
f 9177 9139 9134
f 9134 9144 9177
f 9056 9118 9196
f 9119 9151 9118
f 9093 9137 9156
f 9158 9157 9128
f 9196 9124 9056
f 9151 9196 9118
f 9180 9127 9096
f 9156 9180 9096
f 9186 9156 9137
f 9131 9130 9146
f 9130 9108 9167
f 9200 9160 9115
f 9115 9120 9200
f 9148 9120 9099
f 9153 9177 9144
f 9195 9140 9077
f 9077 9154 9195
f 9174 9141 9159
f 9166 9159 9141
f 9141 9131 9166
f 9146 9166 9131
f 9146 9130 9167
f 9155 9162 9680
f 9150 9155 9117
f 9136 9173 9150
f 9119 9126 9152
f 9164 9152 9126
f 9126 9127 9164
f 9180 9164 9127
f 9147 9169 9142
f 9120 9148 9170
f 9143 9176 9171
f 9161 9149 9184
f 9178 9153 9144
f 9144 9140 9178
f 9140 9195 9178
f 9680 9205 9185
f 9163 9151 9119
f 9119 9152 9163
f 9137 9157 9186
f 9165 9158 9128
f 9165 9129 9187
f 9138 9174 9189
f 9167 9142 9168
f 9142 9169 9168
f 9190 9147 9160
f 9171 9170 9148
f 9148 9143 9171
f 9184 9172 9161
f 9155 9150 9173
f 9180 9156 9181
f 9129 9145 9187
f 9145 9138 9189
f 9190 9169 9147
f 9183 9190 9160
f 9160 9200 9183
f 9176 9161 9172
f 9177 9153 9203
f 9185 9234 9135
f 9680 9162 9211
f 9155 9173 9162
f 9242 9162 9173
f 9182 9186 9157
f 9157 9158 9182
f 9188 9187 9145
f 9189 9188 9145
f 9215 9189 9174
f 9207 9166 9146
f 9146 9167 9175
f 9168 9175 9167
f 9170 9208 9120
f 9170 9171 9208
f 9171 9176 9217
f 9176 9172 9217
f 9149 9139 9201
f 9177 9201 9139
f 9177 9203 9202
f 9234 9195 9154
f 9206 9173 9136
f 9179 9136 9124
f 9124 9196 9226
f 9231 9163 9152
f 9164 9192 9152
f 9186 9181 9156
f 9158 9165 9187
f 9166 9207 9199
f 9146 9175 9207
f 9169 9190 9168
f 9120 9208 9200
f 9184 9149 9210
f 9202 9201 9177
f 9191 9203 9153
f 9153 9178 9191
f 9154 9135 9234
f 9173 9206 9242
f 9136 9179 9206
f 9151 9163 9196
f 9192 9231 9152
f 9164 9180 9212
f 9180 9181 9193
f 9159 9215 9174
f 9216 9208 9171
f 9217 9216 9171
f 9217 9172 9209
f 9220 9209 9172
f 9172 9184 9220
f 9210 9220 9184
f 9242 9211 9162
f 9124 9226 9179
f 9212 9192 9164
f 9180 9193 9212
f 9158 9187 9194
f 9214 9194 9187
f 9187 9188 9214
f 9188 9189 9197
f 9215 9197 9189
f 9166 9221 9159
f 9168 9190 9198
f 9190 9183 9246
f 9149 9201 9210
f 9178 9195 9204
f 9230 9234 9185
f 9211 9205 9680
f 9196 9163 9227
f 9182 9158 9213
f 9194 9213 9158
f 9246 9198 9190
f 9228 9219 9200
f 9200 9208 9228
f 9202 9203 9223
f 9204 9191 9178
f 9196 9227 9226
f 9193 9181 9218
f 9181 9186 9218
f 9186 9182 9213
f 9168 9198 9207
f 9198 9199 9207
f 9219 9183 9200
f 9201 9202 9223
f 9195 9224 9204
f 9225 9242 9206
f 9261 9227 9163
f 9231 9261 9163
f 9218 9186 9235
f 9186 9213 9235
f 9214 9188 9197
f 9166 9199 9221
f 9228 9208 9222
f 9217 9209 9236
f 9201 9233 9210
f 9223 9203 9191
f 9195 9234 9224
f 9205 9230 9185
f 9205 9211 9259
f 9206 9179 9225
f 9214 9197 9232
f 9209 9220 9229
f 9234 9230 9271
f 9226 9225 9179
f 9254 9192 9212
f 9193 9254 9212
f 9214 9213 9194
f 9197 9215 9239
f 9222 9208 9236
f 9216 9236 9208
f 9216 9217 9236
f 9236 9209 9229
f 9237 9229 9220
f 9220 9210 9237
f 9210 9233 9237
f 9223 9241 9201
f 9223 9191 9241
f 9204 9224 9253
f 9259 9230 9205
f 9242 9225 9279
f 9218 9254 9193
f 9232 9197 9239
f 9221 9215 9159
f 9221 9199 9245
f 9199 9198 9245
f 9225 9226 9279
f 9226 9227 9260
f 9231 9273 9261
f 9192 9247 9231
f 9238 9254 9218
f 9213 9214 9255
f 9232 9256 9214
f 9262 9239 9215
f 9198 9246 9291
f 9219 9266 9183
f 9240 9250 9229
f 9233 9201 9251
f 9234 9258 9224
f 9242 9265 9211
f 9261 9272 9227
f 9218 9235 9243
f 9235 9213 9243
f 9255 9243 9213
f 9232 9239 9244
f 9221 9262 9215
f 9228 9275 9219
f 9228 9222 9248
f 9236 9248 9222
f 9236 9229 9250
f 9229 9237 9240
f 9201 9241 9251
f 9253 9224 9258
f 9234 9271 9258
f 9265 9259 9211
f 9260 9279 9226
f 9272 9260 9227
f 9247 9273 9231
f 9254 9247 9192
f 9218 9243 9238
f 9244 9256 9232
f 9221 9245 9290
f 9291 9245 9198
f 9275 9266 9219
f 9250 9249 9236
f 9237 9233 9269
f 9233 9251 9269
f 9253 9191 9204
f 9256 9255 9214
f 9290 9262 9221
f 9248 9267 9228
f 9251 9241 9270
f 9241 9191 9252
f 9191 9253 9252
f 9262 9289 9239
f 9291 9290 9245
f 9267 9275 9228
f 9248 9236 9249
f 9250 9257 9249
f 9250 9240 9276
f 9240 9237 9264
f 9269 9264 9237
f 9253 9258 9278
f 9242 9279 9265
f 9243 9288 9238
f 9282 9256 9244
f 9246 9183 9266
f 9248 9249 9611
f 9276 9257 9250
f 9264 9276 9240
f 9251 9270 9269
f 9252 9270 9241
f 9272 9261 9280
f 9273 9309 9261
f 9254 9238 9287
f 9288 9287 9238
f 9274 9288 9243
f 9243 9255 9281
f 9256 9281 9255
f 9267 9248 9611
f 9611 9249 9263
f 9249 9257 9263
f 9270 9252 9277
f 9309 9280 9261
f 9287 9247 9254
f 9295 9282 9244
f 9289 9244 9239
f 9246 9292 9291
f 9252 9253 9278
f 9271 9230 9307
f 9265 9279 9332
f 9322 9332 9279
f 9281 9274 9243
f 9282 9281 9256
f 9298 9290 9291
f 9266 9292 9246
f 9268 9263 9257
f 9276 9268 9257
f 9283 9269 9270
f 9277 9283 9270
f 9278 9277 9252
f 9258 9312 9278
f 9230 9259 9313
f 9279 9260 9322
f 9272 9322 9260
f 9264 9269 9301
f 9258 9271 9328
f 9265 9313 9259
f 9247 9309 9273
f 9247 9287 9303
f 9244 9289 9295
f 9306 9268 9276
f 9269 9283 9294
f 9328 9312 9258
f 9230 9313 9307
f 9272 9280 9284
f 9282 9295 9310
f 9262 9290 9326
f 9267 9611 9305
f 9263 9268 9293
f 9285 9306 9276
f 9276 9264 9285
f 9264 9301 9285
f 9269 9294 9301
f 9286 9283 9277
f 9277 9278 9286
f 9312 9319 9278
f 9322 9272 9284
f 9267 9336 9275
f 9336 9267 9305
f 9294 9283 9311
f 9284 9280 9308
f 9302 9308 9280
f 9309 9302 9280
f 9309 9247 9333
f 9247 9303 9333
f 9297 9303 9287
f 9287 9288 9297
f 9324 9314 9274
f 9274 9281 9324
f 9281 9282 9310
f 9298 9291 9335
f 9291 9292 9315
f 9316 9293 9268
f 9316 9268 9306
f 9306 9285 9299
f 9286 9311 9283
f 9278 9319 9286
f 9296 9328 9271
f 9271 9307 9296
f 9265 9332 9321
f 9323 9297 9288
f 9288 9274 9323
f 9314 9323 9274
f 9281 9310 9325
f 9326 9289 9262
f 9290 9298 9351
f 9315 9335 9291
f 9292 9266 9304
f 9266 9275 9304
f 9336 9304 9275
f 9305 9611 9330
f 9299 9285 9300
f 9285 9301 9300
f 9339 9313 9265
f 9265 9321 9339
f 9325 9324 9281
f 9351 9326 9290
f 9298 9335 9351
f 9318 9300 9301
f 9301 9294 9318
f 9311 9327 9294
f 9340 9302 9309
f 9333 9340 9309
f 9306 9299 9317
f 9299 9300 9317
f 9311 9286 9338
f 9319 9338 9286
f 9312 9320 9319
f 9328 9320 9312
f 9325 9310 9356
f 9310 9295 9356
f 9326 9329 9289
f 9315 9292 9304
f 9347 9316 9306
f 9306 9317 9347
f 9327 9337 9294
f 9338 9327 9311
f 9322 9284 9308
f 9295 9289 9329
f 9330 9350 9305
f 9331 9338 9319
f 9349 9296 9307
f 9307 9313 9349
f 9332 9322 9344
f 9308 9344 9322
f 9308 9302 9345
f 9302 9340 9345
f 9342 9333 9303
f 9303 9297 9342
f 9314 9324 9325
f 9363 9356 9295
f 9351 9334 9326
f 9295 9329 9363
f 9330 9316 9358
f 9300 9318 9348
f 9304 9336 9346
f 9305 9357 9336
f 9348 9317 9300
f 9318 9337 9353
f 9327 9338 9337
f 9320 9331 9319
f 9321 9332 9371
f 9344 9371 9332
f 9345 9340 9382
f 9341 9340 9333
f 9333 9342 9341
f 9325 9343 9314
f 9334 9329 9326
f 9350 9357 9305
f 9360 9347 9317
f 9366 9328 9296
f 9349 9366 9296
f 9339 9321 9371
f 9341 9382 9340
f 9351 9335 9379
f 9315 9379 9335
f 9346 9364 9304
f 9346 9336 9357
f 9358 9316 9369
f 9316 9347 9369
f 9348 9360 9317
f 9348 9318 9353
f 9313 9339 9349
f 9355 9297 9323
f 9323 9314 9355
f 9314 9343 9355
f 9343 9325 9368
f 9375 9363 9329
f 9338 9331 9380
f 9370 9349 9339
f 9339 9371 9370
f 9344 9308 9406
f 9342 9297 9362
f 9334 9375 9329
f 9334 9351 9391
f 9347 9360 9369
f 9360 9348 9361
f 9348 9353 9361
f 9354 9338 9380
f 9331 9320 9365
f 9320 9328 9366
f 9367 9371 9344
f 9362 9341 9342
f 9355 9362 9297
f 9368 9325 9356
f 9304 9376 9315
f 9352 9357 9350
f 9358 9352 9350
f 9353 9337 9378
f 9346 9357 9364
f 9369 9359 9358
f 9378 9361 9353
f 9365 9381 9331
f 9387 9366 9349
f 9345 9406 9308
f 9362 9355 9643
f 9644 9643 9355
f 9343 9644 9355
f 9363 9375 9384
f 9379 9391 9351
f 9376 9379 9315
f 9364 9376 9304
f 9364 9357 9377
f 9359 9352 9358
f 9386 9369 9360
f 9360 9361 9386
f 9337 9354 9378
f 9380 9331 9381
f 9320 9366 9365
f 9406 9367 9344
f 9372 9406 9345
f 9382 9372 9345
f 9356 9363 9400
f 9395 9375 9334
f 9334 9391 9395
f 9400 9399 9368
f 9368 9356 9400
f 9357 9352 9377
f 9361 9378 9386
f 9378 9354 9393
f 9380 9393 9354
f 9373 9394 9362
f 9374 9343 9390
f 9343 9368 9390
f 9384 9400 9363
f 9352 9359 9385
f 9365 9366 9412
f 9387 9412 9366
f 9349 9370 9387
f 9371 9367 9388
f 9415 9388 9367
f 9406 9415 9367
f 9341 9362 9394
f 9409 9642 9374
f 9374 9390 9383
f 9384 9375 9401
f 9395 9401 9375
f 9391 9379 9419
f 9377 9396 9364
f 9377 9352 9420
f 9369 9386 9405
f 9428 9386 9378
f 9392 9428 9378
f 9378 9393 9392
f 9388 9370 9371
f 9409 9374 9383
f 9402 9395 9391
f 9379 9376 9403
f 9420 9352 9385
f 9381 9411 9380
f 9381 9365 9440
f 9412 9440 9365
f 9412 9387 9413
f 9398 9431 9372
f 9372 9382 9398
f 9341 9398 9382
f 9390 9860 9383
f 9401 9400 9384
f 9403 9419 9379
f 9376 9364 9404
f 9396 9404 9364
f 9405 9359 9369
f 9397 9392 9393
f 9411 9393 9380
f 9440 9411 9381
f 9387 9370 9413
f 9370 9388 9414
f 9431 9406 9372
f 9341 9394 9398
f 9394 9645 9416
f 9410 9645 9389
f 9408 9410 9389
f 9642 9408 9389
f 9417 9390 9368
f 9368 9399 9417
f 9419 9402 9391
f 9404 9403 9376
f 9385 9427 9420
f 9385 9359 9427
f 9433 9428 9392
f 9397 9433 9392
f 9411 9397 9393
f 9414 9441 9370
f 9415 9414 9388
f 9407 9398 9394
f 9416 9645 9410
f 9409 9408 9642
f 9409 9383 9437
f 9418 9417 9399
f 9395 9402 9426
f 9405 9427 9359
f 9405 9386 9450
f 9413 9370 9441
f 9415 9406 9423
f 9398 9407 9693
f 9442 9418 9399
f 9399 9400 9442
f 9400 9401 9442
f 9401 9395 9444
f 9396 9377 9420
f 9386 9428 9450
f 9397 9411 9421
f 9412 9413 9429
f 9431 9423 9406
f 9416 9410 9447
f 9436 9447 9410
f 9408 9409 9459
f 9437 9459 9409
f 9434 9425 9417
f 9418 9434 9417
f 9402 9419 9453
f 9404 9396 9438
f 9420 9438 9396
f 9422 9421 9411
f 9411 9440 9422
f 9440 9412 9429
f 9414 9415 9430
f 9410 9408 9436
f 9395 9426 9444
f 9453 9426 9402
f 9419 9403 9449
f 9455 9427 9405
f 9450 9455 9405
f 9445 9429 9413
f 9441 9445 9413
f 9423 9430 9415
f 9423 9431 9435
f 9431 9398 9432
f 9693 9432 9398
f 9459 9436 9408
f 9444 9442 9401
f 9428 9433 9451
f 9439 9433 9421
f 9422 9439 9421
f 9430 9441 9414
f 9432 9435 9431
f 9447 9446 9416
f 9447 9436 9481
f 9444 9426 9443
f 9453 9443 9426
f 9449 9453 9419
f 9404 9438 9464
f 9438 9420 9454
f 9427 9454 9420
f 9427 9455 9467
f 9422 9440 9457
f 9423 9435 9694
f 9436 9459 9481
f 9437 9860 9460
f 9425 9460 9860
f 9442 9444 9443
f 9403 9404 9464
f 9456 9455 9450
f 9451 9450 9428
f 9439 9451 9433
f 9439 9422 9457
f 9440 9429 9457
f 9445 9468 9429
f 9441 9430 9473
f 9452 9442 9469
f 9442 9443 9469
f 9449 9463 9453
f 9467 9454 9427
f 9468 9457 9429
f 9445 9441 9458
f 9473 9458 9441
f 9446 9447 9448
f 9481 9448 9447
f 9459 9437 9460
f 9425 9434 9461
f 9452 9461 9434
f 9452 9469 9462
f 9443 9453 9470
f 9438 9454 9465
f 9451 9456 9450
f 9461 9452 9462
f 9469 9443 9478
f 9463 9470 9453
f 9449 9403 9466
f 9403 9464 9466
f 9467 9465 9454
f 9467 9455 9499
f 9456 9499 9455
f 9490 9456 9451
f 9462 9469 9475
f 9449 9466 9463
f 9464 9438 9465
f 9451 9439 9490
f 9692 9695 9474
f 9448 9481 9485
f 9481 9459 9496
f 9459 9460 9496
f 9485 9477 9448
f 9460 9425 9486
f 9443 9470 9478
f 9465 9484 9464
f 9499 9489 9467
f 9490 9439 9479
f 9457 9479 9439
f 9468 9471 9457
f 9468 9445 9472
f 9492 9472 9445
f 9445 9458 9492
f 9476 9458 9473
f 9461 9486 9425
f 9475 9461 9462
f 9463 9466 9504
f 9466 9464 9484
f 9465 9467 9489
f 9457 9471 9479
f 9491 9471 9468
f 9472 9491 9468
f 9476 9492 9458
f 9482 9475 9469
f 9469 9478 9482
f 9478 9470 9483
f 9463 9504 9483
f 9484 9504 9466
f 9499 9456 9490
f 9694 9480 9493
f 9494 9480 9692
f 9692 9474 9494
f 9477 9494 9474
f 9486 9496 9460
f 9470 9463 9483
f 9465 9624 9484
f 9465 9489 9624
f 9471 9491 9508
f 9461 9475 9501
f 9475 9482 9501
f 9502 9482 9478
f 9478 9483 9502
f 9504 9503 9483
f 9504 9484 9497
f 9471 9508 9479
f 9491 9472 9523
f 9472 9492 9523
f 9476 9473 9493
f 9473 9694 9493
f 9494 9477 9495
f 9486 9461 9487
f 9503 9502 9483
f 9488 9497 9484
f 9623 9488 9484
f 9484 9624 9623
f 9499 9498 9489
f 9524 9523 9492
f 9509 9492 9476
f 9493 9480 9500
f 9494 9500 9480
f 9495 9510 9494
f 9481 9496 9485
f 9501 9487 9461
f 9504 9497 9505
f 9624 9489 9498
f 9490 9479 9522
f 9508 9522 9479
f 9515 9508 9491
f 9523 9515 9491
f 9524 9492 9509
f 9476 9493 9509
f 9506 9509 9493
f 9500 9506 9493
f 9500 9494 9510
f 9477 9485 9511
f 9496 9511 9485
f 9496 9486 9530
f 9511 9510 9495
f 9495 9477 9511
f 9522 9498 9499
f 9499 9490 9522
f 9487 9530 9486
f 9503 9504 9521
f 9504 9505 9521
f 9497 9488 9513
f 9525 9524 9509
f 9501 9507 9512
f 9498 9534 9623
f 9509 9506 9526
f 9500 9510 9516
f 9510 9511 9529
f 9517 9529 9511
f 9511 9496 9517
f 9530 9517 9496
f 9487 9501 9530
f 9512 9530 9501
f 9498 9522 9534
f 9509 9526 9525
f 9529 9533 9510
f 9518 9512 9507
f 9505 9514 9521
f 9505 9497 9513
f 9534 9532 9623
f 9508 9515 9528
f 9515 9523 9528
f 9533 9516 9510
f 9533 9529 9547
f 9519 9527 9518
f 9512 9518 9531
f 9527 9531 9518
f 9519 9520 9527
f 9545 9527 9520
f 9520 9521 9545
f 9521 9514 9545
f 9522 9528 9540
f 9537 9528 9523
f 9535 9537 9523
f 9523 9524 9535
f 9524 9525 9535
f 9526 9535 9525
f 9543 9517 9530
f 9514 9505 9539
f 9505 9513 9539
f 9540 9534 9522
f 9526 9516 9533
f 9529 9517 9543
f 9530 9512 9543
f 9531 9527 9538
f 9534 9536 9532
f 9526 9731 9535
f 9531 9543 9512
f 9539 9532 9536
f 9543 9547 9529
f 9546 9545 9514
f 9539 9546 9514
f 9536 9534 9552
f 9731 9526 9549
f 9542 9541 9533
f 9533 9547 9542
f 9550 9531 9538
f 9551 9546 9539
f 9552 9861 9536
f 9534 9540 9552
f 9541 9549 9526
f 9537 9535 9556
f 9732 9556 9535
f 9731 9732 9535
f 9550 9541 9542
f 9547 9550 9542
f 9544 9547 9543
f 9538 9545 9733
f 9552 9540 9555
f 9540 9548 9555
f 9541 9553 9549
f 9544 9550 9547
f 9733 9541 9550
f 9733 9545 9554
f 9546 9554 9545
f 9546 9551 9554
f 9554 9861 9732
f 9556 9732 9861
f 9861 9555 9556
f 8712 8705 8683
f 633 9622 634
f 1006 1016 990
f 4678 4743 4702
f 871 834 835
f 9433 9397 9421
f 6684 6607 6524
f 5694 5681 5668
f 1756 1820 1796
f 7909 8092 8064
f 743 760 853
f 853 760 782
f 9041 9068 9100
f 3655 3713 3688
f 4916 5127 5044
f 6998 6997 6883
f 5123 4982 5069
f 8424 8435 8425
f 6871 6934 6955
f 1170 1044 1098
f 4953 4911 4968
f 7299 7399 7281
f 3794 9617 9616
f 8771 9557 8745
f 9558 5457 5423
f 3688 3654 3655
f 9563 4377 9599
f 1558 9566 1488
f 6730 6883 6801
f 5607 5713 5540
f 3375 3410 3311
f 7711 7863 7778
f 3483 3501 3413
f 9526 9533 9541
f 9552 9555 9861
f 3734 3751 3790
f 1337 1428 1360
f 7270 7372 7355
f 6722 7071 6917
f 6291 6255 6450
f 634 680 647
f 252 280 319
f 7227 7296 7351
f 8648 8649 8683
f 1702 1754 1701
f 755 658 761
f 5877 5768 5802
f 5611 5563 9739
f 5563 5564 9739
f 9506 9500 9516
f 9508 9528 9522
f 6416 6395 6353
f 5657 5460 5573
f 6739 6607 6684
f 6197 6209 6131
f 9539 9513 9532
f 4756 4645 4733
f 4218 4207 4158
f 7168 7082 7083
f 596 567 597
f 369 368 353
f 7681 7528 7588
f 7588 7528 7575
f 8594 9560 8615
f 8594 8573 9560
f 8874 9561 8884
f 8874 8885 9561
f 7521 7470 7593
f 9562 8560 8550
f 6500 6373 6387
f 9563 4459 4405
f 463 9564 421
f 2532 2617 2593
f 7593 7618 7596
f 7605 7596 7618
f 6706 7016 6781
f 3876 3923 3906
f 8976 8997 8969
f 6530 6430 6521
f 6354 6464 6379
f 1124 1159 1053
f 499 567 473
f 596 473 567
f 9337 9318 9294
f 5917 6131 5989
f 721 736 676
f 5941 5964 5894
f 5894 5964 5910
f 9565 1112 1140
f 1128 1129 1193
f 1115 1193 1129
f 9566 1558 1584
f 789 809 771
f 771 809 9567
f 4738 4884 9568
f 4898 9568 4884
f 6082 6258 6162
f 7505 7758 9569
f 4544 4543 4504
f 4067 4068 4147
f 9024 9042 9019
f 9042 9037 9019
f 3906 3875 3876
f 3717 9571 3582
f 1378 1420 1301
f 1439 1558 1428
f 4953 5070 4982
f 1706 1697 9572
f 4807 4733 4789
f 4847 4733 4807
f 6706 6781 6625
f 6788 9610 6926
f 9573 544 519
f 3790 3858 3784
f 5439 5340 5391
f 9574 6323 6268
f 9501 9482 9507
f 9482 9502 9507
f 9337 9338 9354
f 7174 7270 7355
f 7232 7174 7355
f 9551 9536 9861
f 9539 9536 9551
f 986 891 1066
f 1066 891 906
f 4727 4714 4764
f 4909 4889 4851
f 5182 5044 5127
f 924 881 775
f 881 9575 775
f 775 9575 860
f 5171 5049 5204
f 5171 5064 5049
f 5049 5031 5204
f 6804 6889 6888
f 5037 4889 4923
f 2469 2472 2484
f 5786 5732 5838
f 5838 5732 5839
f 1075 9576 1086
f 8594 8615 8648
f 807 830 9577
f 7137 9578 7122
f 4072 4002 3990
f 1079 986 1066
f 5614 5764 5603
f 5764 5717 5603
f 5603 5717 5655
f 5210 5123 5191
f 5152 5192 5191
f 3581 9571 3466
f 3581 3582 9571
f 6684 6608 6700
f 1847 1750 1859
f 7554 7492 7677
f 7492 7555 7677
f 4161 4311 4347
f 4161 4219 4311
f 251 311 205
f 268 205 311
f 4378 9579 4316
f 2734 2754 2789
f 2779 2693 9580
f 2693 2735 9580
f 3157 3153 3232
f 5841 5713 5884
f 776 924 737
f 9350 9330 9358
f 7038 7006 6932
f 6932 7006 6953
f 9452 9418 9442
f 9418 9452 9434
f 8847 8875 8846
f 8879 8875 8847
f 7677 7650 7712
f 6766 9582 6705
f 2463 2377 2473
f 2463 2424 2377
f 5436 5271 5372
f 5271 5436 5306
f 9014 8987 8977
f 8987 9583 8977
f 8987 8998 8983
f 8987 8983 9583
f 9584 8526 8567
f 9584 8566 8526
f 8567 8526 8544
f 8042 9585 7919
f 7919 9585 7803
f 596 597 735
f 735 597 662
f 673 596 735
f 4067 3906 4003
f 3906 3923 4003
f 433 9586 432
f 432 9586 463
f 8970 8969 8939
f 8969 8970 8976
f 5382 5504 5363
f 5363 5504 5455
f 1236 1159 1278
f 9587 4642 4661
f 9587 4613 4583
f 4612 4613 9587
f 6655 6656 6795
f 6656 6729 6795
f 9109 9047 9588
f 9067 9588 9047
f 4321 4386 4344
f 4344 4386 4385
f 7686 7672 7772
f 4344 4293 4321
f 4321 4293 4284
f 2656 2676 9590
f 9590 2693 2656
f 2473 9591 2463
f 2473 2609 9591
f 2609 2608 9591
f 4427 4385 4386
f 4385 4427 4494
f 5092 5053 5054
f 4968 5054 5053
f 6487 6612 6625
f 9592 7473 7619
f 9168 9207 9175
f 5707 9594 5619
f 5707 5662 9593
f 9594 5707 9593
f 905 9595 875
f 816 9595 850
f 875 9595 816
f 1850 1794 1754
f 1794 1850 1818
f 5691 5664 5665
f 5640 5664 5691
f 5640 5691 5663
f 4440 9677 9596
f 9596 9677 4406
f 9596 4461 4498
f 4461 9596 4406
f 9425 9860 9417
f 9417 9860 9390
f 8674 8695 8684
f 8695 9597 8684
f 8684 9597 8673
f 5107 5152 5105
f 3131 3119 3024
f 3177 3119 3131
f 4560 4580 4551
f 4572 4592 9598
f 4572 9598 4580
f 4280 9599 4229
f 4229 9599 4377
f 957 9600 970
f 9600 971 9601
f 957 971 9600
f 9603 7190 9602
f 7322 9603 9602
f 627 655 592
f 3828 3794 3795
f 762 9605 761
f 879 878 9604
f 761 9605 879
f 879 9604 761
f 7711 9606 7553
f 7553 9606 9725
f 9607 5341 5245
f 5391 5340 5341
f 6689 6777 6690
f 8669 8690 8694
f 8668 8694 8723
f 8723 8694 8706
f 869 870 929
f 929 942 941
f 929 872 942
f 943 942 9608
f 7443 7426 7528
f 7426 7294 7528
f 9609 7528 7294
f 6926 7154 6970
f 6926 9610 7154
f 7154 9610 7020
f 9316 9330 9293
f 9330 9611 9293
f 9611 9263 9293
f 5600 9613 5680
f 9614 9613 9612
f 5600 9612 9613
f 8913 8954 8932
f 8913 8947 8986
f 8995 9615 8986
f 8913 8986 8954
f 9615 8954 8986
f 3483 3624 3502
f 9616 9617 3502
f 9616 3502 3624
f 5161 5307 5270
f 5307 5271 5270
f 7764 7724 9618
f 7724 7629 9618
f 7629 7581 9618
f 7281 7154 7299
f 7299 7154 7114
f 9620 9621 575
f 9621 9620 9619
f 606 9619 9620
f 9622 606 9620
f 9532 9513 9488
f 9623 9624 9498
f 9488 9623 9532
f 7174 9625 7064
f 9625 7174 9626
f 7232 9626 7174
f 9521 9520 9503
f 9502 9519 9518
f 9502 9518 9507
f 9519 9503 9520
f 9502 9503 9519
f 5061 4915 9627
f 4915 4898 9627
f 8822 8835 8839
f 8847 9632 9630
f 9630 9629 8840
f 8835 9628 9629
f 9628 8840 9629
f 9630 9632 9629
f 8835 9632 8839
f 8835 9629 9632
f 9631 8848 9628
f 633 9633 606
f 670 9633 633
f 669 668 670
f 606 9633 621
f 670 646 9633
f 621 9633 646
f 646 670 668
f 9046 9636 9638
f 9635 9634 9637
f 9634 9638 9637
f 9110 9638 9634
f 9638 9110 9121
f 9636 8995 9637
f 9636 9637 9638
f 1015 1014 9641
f 1005 9639 987
f 1005 1030 9639
f 9639 9640 975
f 1005 1014 1030
f 9641 1014 1005
f 1030 9640 9639
f 1876 1915 1888
f 1926 1790 1915
f 1813 1915 1790
f 9343 9374 9644
f 9394 9373 9645
f 9644 9374 9643
f 9643 9389 9645
f 9645 9373 9643
f 9389 9643 9642
f 9642 9643 9374
f 5552 9647 5624
f 5552 5536 9647
f 5536 9646 9647
f 9646 5558 5572
f 9646 5572 5571
f 5571 9647 9646
f 8530 9651 8425
f 9651 9648 8555
f 9651 8555 9649
f 8425 9649 8464
f 9650 8555 9648
f 8554 8555 9650
f 8603 8554 9650
f 8425 9651 9649
f 4094 3916 4045
f 6421 6374 6286
f 6576 6641 6717
f 9652 6374 6421
f 9652 6523 6374
f 6421 6576 9652
f 9652 6576 6717
f 1049 9653 1040
f 1017 1087 1049
f 1012 985 9654
f 1037 1038 9655
f 9653 9655 1038
f 985 968 9654
f 1041 1049 1040
f 1041 1012 9654
f 1041 9654 1049
f 1040 9653 1038
f 968 1049 9654
f 800 780 9658
f 9657 692 614
f 780 9656 9658
f 707 781 9659
f 9656 9660 9658
f 9659 687 707
f 9657 9661 9662
f 9657 9662 692
f 800 9658 9659
f 9662 642 9660
f 9658 9660 642
f 9658 642 687
f 687 9659 9658
f 781 800 9659
f 9656 692 9660
f 9660 692 9662
f 9661 641 9662
f 1142 1113 1128
f 1114 1128 1065
f 916 9664 9666
f 969 9663 9664
f 1119 9665 1142
f 874 9667 949
f 9665 1128 1113
f 1142 9665 1113
f 1065 1128 9663
f 9665 9664 9663
f 1128 9665 9663
f 9667 9665 949
f 9667 9666 9664
f 949 1119 963
f 949 9665 1119
f 9665 9667 9664
f 9667 825 9666
f 9670 968 9671
f 930 9668 9671
f 847 859 911
f 847 922 9668
f 9668 889 9669
f 9608 889 930
f 9668 978 9671
f 911 922 847
f 9671 978 9673
f 9673 9670 9671
f 9668 922 978
f 9668 930 889
f 847 9668 9669
f 978 9672 9673
f 9676 4406 9677
f 4147 4243 4250
f 9674 9675 9676
f 9676 4250 4243
f 9675 4250 9676
f 9674 9676 9677
f 9678 9679 9680
f 9155 9680 9679
f 9680 9092 9678
f 9681 9682 396
f 317 352 9688
f 352 396 9682
f 9685 9684 339
f 9681 9683 9684
f 339 9683 325
f 9682 9681 9684
f 352 9682 9688
f 9681 384 9683
f 9686 9683 384
f 9682 9684 9685
f 9687 352 317
f 339 9684 9683
f 9682 9685 9688
f 339 303 9685
f 4782 9690 4921
f 4919 4932 9691
f 9691 4748 4764
f 5085 5103 9689
f 4932 9690 9691
f 4782 4748 9690
f 4921 9690 4932
f 4764 4919 9691
f 5145 4921 5103
f 4921 4932 9689
f 9690 4748 9691
f 5103 4921 9689
f 9430 9694 9473
f 9416 9424 9394
f 9430 9423 9694
f 9435 9432 9480
f 9432 9693 9692
f 9407 9695 9693
f 9692 9693 9695
f 9416 9446 9424
f 9435 9480 9694
f 9692 9480 9432
f 9446 9695 9424
f 9407 9394 9424
f 9407 9424 9695
f 4663 4638 4640
f 4680 4640 4638
f 4727 9697 4690
f 4701 9697 4727
f 4690 9697 4715
f 4716 4704 4730
f 4704 4680 4639
f 9696 4639 9697
f 4704 4639 4730
f 9697 4701 9696
f 4663 4640 4679
f 4730 4639 9696
f 393 9703 427
f 9701 346 347
f 9703 9702 427
f 9701 351 9703
f 351 9701 318
f 296 9698 295
f 347 318 9701
f 9699 9700 346
f 9698 318 347
f 347 320 9698
f 9703 393 9701
f 335 9700 9699
f 9699 346 9701
f 393 9699 9701
f 5238 9705 5324
f 5144 9705 5238
f 9706 9705 5108
f 5008 4847 9704
f 9704 4807 9706
f 4848 5056 9706
f 4807 9704 4847
f 9704 9706 5108
f 4848 9706 4807
f 9707 2484 2472
f 2443 9711 9710
f 9710 9711 2422
f 9711 2359 2422
f 9708 2679 9709
f 2484 9710 2422
f 2484 9707 9710
f 2508 9710 9707
f 9709 2519 9708
f 2359 9711 2321
f 2607 2508 9709
f 2519 9709 9707
f 9707 9709 2508
f 9715 9719 4653
f 4574 4636 4594
f 4635 4594 4636
f 4659 9721 4641
f 4623 9713 9719
f 4653 9719 4673
f 4624 4635 9713
f 4636 9720 4635
f 9718 4673 9719
f 9721 9716 9712
f 9721 4658 9716
f 9717 9718 9713
f 4674 9717 9720
f 9713 9718 9719
f 9716 9720 4596
f 9715 4609 9719
f 4658 4674 9720
f 9720 9717 4635
f 9712 9716 9714
f 9721 9712 4641
f 4658 9720 9716
f 4635 9717 9713
f 4596 9714 9716
f 4609 4623 9719
f 9717 4674 9718
f 6850 9727 9730
f 7553 9725 9728
f 9726 7341 9722
f 9724 7079 9723
f 7271 7326 9723
f 9724 9729 9727
f 7326 9726 9722
f 9722 7223 9729
f 6795 6850 6882
f 9729 9723 9722
f 9727 6851 9724
f 9728 9725 9726
f 7326 9728 9726
f 6851 9582 9724
f 9723 9729 9724
f 6882 6850 9730
f 9730 9729 6882
f 9730 9727 9729
f 7326 9722 9723
f 9537 9548 9528
f 9541 9733 9553
f 9732 9553 9554
f 9554 9553 9733
f 9550 9544 9531
f 9531 9544 9543
f 9731 9553 9732
f 9550 9538 9733
f 9549 9553 9731
f 9735 6076 6232
f 6218 9735 6232
f 6218 6076 9735
f 9734 9736 5996
f 5634 9739 9737
f 9737 9740 5741
f 5996 9742 9734
f 9734 9742 6005
f 9741 9736 5925
f 9738 6005 9742
f 6076 9738 9742
f 5741 9741 5925
f 9740 9741 5741
f 6218 9738 6076
f 9741 5996 9736
f 7087 7116 9744
f 9743 9750 7563
f 7816 7836 7735
f 7563 9750 7604
f 7116 9749 9744
f 7400 9744 9749
f 7836 9745 7735
f 9752 9746 7415
f 7836 7872 9745
f 7415 9746 9743
f 9748 9743 7431
f 9751 9746 9752
f 9751 9749 7116
f 9750 9743 9748
f 9746 7431 9743
f 7431 9751 7318
f 7318 9751 9747
f 9745 9748 7735
f 7116 9747 9751
f 9749 9751 9752
f 9745 9750 9748
f 9752 7400 9749
f 7431 9746 9751
f 3404 3292 3387
f 3246 3387 3292
f 3246 3053 3126
f 2924 9755 2829
f 2988 3081 3102
f 3126 3053 2998
f 9754 3045 9755
f 3053 3246 9753
f 3053 9753 3081
f 9755 2924 9754
f 3292 9753 3246
f 6568 9759 9758
f 9760 9625 6968
f 6520 6568 6567
f 6568 6520 9757
f 9759 9757 6640
f 6507 6640 9757
f 6839 9756 6771
f 9758 6839 6968
f 6507 9757 9761
f 6771 9759 6640
f 6362 9761 6428
f 9759 6771 9756
f 9760 6968 6839
f 6839 9758 9756
f 9758 9759 9756
f 7107 9772 7254
f 9764 9763 7134
f 7134 9763 7066
f 7323 9772 7127
f 7289 9772 7323
f 6665 9769 9767
f 6618 9767 6638
f 6638 9769 9773
f 6871 6848 6872
f 9768 9764 7116
f 6875 9776 9774
f 6875 6860 9776
f 9775 9777 9766
f 7066 9763 6860
f 6934 9766 6955
f 6955 9766 9762
f 6638 9773 6736
f 6859 9776 6860
f 9769 9774 9773
f 6859 9775 9776
f 6859 9763 9764
f 9772 6955 9770
f 9777 9775 9768
f 9772 9770 7127
f 6955 9762 9770
f 9770 9762 9765
f 9767 9769 6638
f 9775 9771 9776
f 6736 9771 6872
f 6859 9764 9768
f 9766 9771 9775
f 9772 7107 6955
f 9771 9773 9774
f 9771 9774 9776
f 9777 6950 9765
f 9762 9777 9765
f 6736 6872 6848
f 9765 6876 9770
f 9777 9762 9766
f 6736 9773 9771
f 9768 9775 6859
f 6961 7012 9788
f 7162 9788 7012
f 6907 9780 7146
f 7040 9788 7162
f 7166 9785 9797
f 6956 9783 6976
f 6918 9790 6853
f 9786 6976 9796
f 6996 9781 6918
f 6858 6976 9786
f 6853 9790 6870
f 9787 9795 9786
f 9780 9791 9793
f 6996 9789 9781
f 9797 9785 9799
f 9787 9798 9799
f 9794 9779 9792
f 9787 9793 9795
f 9793 9781 9795
f 6870 9790 9791
f 9798 9796 9783
f 9798 9786 9796
f 9797 9782 7166
f 9798 9783 9797
f 9786 9778 6858
f 9790 6918 9781
f 7185 7146 9780
f 9787 9799 9780
f 9784 9947 9795
f 9789 9779 9781
f 9799 9798 9797
f 9780 9785 7185
f 9796 6976 9783
f 9789 9788 7040
f 9793 9791 9790
f 6996 9788 9789
f 9792 9779 7040
f 9947 9786 9795
f 9794 9781 9779
f 9786 9947 9778
f 9785 9780 9799
f 9781 9794 9795
f 9787 9786 9798
f 9783 9782 9797
f 9787 9780 9793
f 9790 9781 9793
f 9946 9947 9784
f 9795 9794 9784
f 65 9810 33
f 9802 33 9810
f 68 55 9812
f 9805 9841 6
f 9814 35 9825
f 7 6 9841
f 9819 9827 3
f 3 18 9819
f 26 25 9804
f 83 9803 9828
f 30 83 9828
f 9807 9839 9834
f 9831 9822 9800
f 9830 9800 26
f 9829 9832 9843
f 9834 9839 9802
f 9817 3 9827
f 18 2 9819
f 9809 9825 9829
f 9826 9807 9836
f 9824 94 9802
f 9828 9813 30
f 9811 9820 9815
f 9809 9829 9805
f 9808 9837 9816
f 9813 9822 31
f 9804 9830 26
f 9809 9812 9814
f 9816 9807 9826
f 9812 9809 9805
f 9843 9808 9816
f 9806 9832 9825
f 9826 9820 9842
f 9800 9803 26
f 9808 9843 61
f 9833 9811 9821
f 94 33 9802
f 9800 9822 9828
f 9831 9818 9823
f 9823 9818 9840
f 9832 9806 61
f 9843 9832 61
f 9814 9825 9809
f 9826 9842 9841
f 9842 7 9841
f 9811 9833 9820
f 9838 9811 9815
f 9815 9826 9836
f 9826 9815 9820
f 9818 9831 9835
f 9802 9839 9824
f 9819 9840 9827
f 23 9801 9835
f 9816 9839 9807
f 9819 9823 9840
f 9824 9839 9837
f 9816 9826 9843
f 24 9830 9804
f 9811 9838 22
f 9801 9838 9835
f 9826 9841 9829
f 9831 9830 24
f 9801 22 9838
f 9838 9840 9818
f 9835 9838 9818
f 9810 9817 9836
f 9811 22 9821
f 9823 9819 2
f 9803 9800 9828
f 9828 9822 9813
f 9829 9825 9832
f 9823 2 9831
f 2 9822 9831
f 9840 9836 9817
f 9827 9840 9817
f 68 9812 9805
f 9836 9834 9802
f 9831 24 9835
f 9841 9805 9829
f 9807 9834 9836
f 9815 9836 9840
f 9826 9829 9843
f 9810 9836 9802
f 31 9822 2
f 9800 9830 9831
f 9815 9840 9838
f 9837 9839 9816
f 9842 9820 8
f 8797 9846 9850
f 9557 9857 9853
f 8809 8808 8801
f 8806 9846 8802
f 9845 9858 9854
f 8801 9852 8800
f 8801 8808 9852
f 8800 9852 8791
f 8807 9844 8815
f 8790 9856 9851
f 8802 8797 8814
f 8814 8806 8802
f 9848 9853 9845
f 9845 9850 9858
f 8795 9857 9557
f 8813 9850 9845
f 8790 8791 9856
f 9851 9856 9855
f 9845 9853 9857
f 9844 9847 9855
f 9849 9845 9857
f 9857 8795 9849
f 9854 9858 8825
f 8814 8797 8788
f 9845 9854 9848
f 9848 9854 8829
f 9859 9847 9844
f 8797 8802 9846
f 8824 9848 8829
f 8813 9845 9849
f 9855 9856 8808
f 9852 8808 9856
f 8814 8788 8807
f 9855 9847 9851
f 9859 9844 8807
f 9859 8807 8788
f 9858 9846 8825
f 9846 9858 9850
f 8791 9852 9856
f 9855 8816 9844
f 9373 9362 9643
f 2954 3013 3024
f 6396 6500 6520
f 929 870 872
f 6042 5947 5868
f 1750 1847 1743
f 8600 9584 8567
f 7737 7790 7817
f 9698 320 295
f 4679 4640 4703
f 5482 5465 5466
f 9622 633 606
f 5630 5800 5831
f 6956 7043 9783
f 9783 7043 9782
f 9526 9506 9516
f 541 532 490
f 5663 5639 5640
f 3911 3941 3934
f 651 527 471
f 527 440 471
f 1014 1015 1046
f 9477 9474 9446
f 9448 9477 9446
f 9695 9446 9474
f 5447 5537 5558
f 780 751 9656
f 8099 8054 7962
f 8054 7998 7962
f 9556 9555 9537
f 9555 9548 9537
f 4636 4596 9720
f 3268 3098 3219
f 9528 9548 9540
f 9437 9383 9860
f 4935 4842 4936
f 4842 4835 4936
f 9527 9545 9538
f 9861 9554 9551
f 50 44 1
f 50 9874 44
f 11 53 9904
f 9884 9904 9908
f 9867 9911 10
f 9864 9900 89
f 36 9892 9882
f 13 9866 14
f 9862 51 9897
f 9881 9897 51
f 9875 9874 50
f 43 9872 9893
f 49 9899 9872
f 49 9906 9899
f 48 9906 49
f 46 41 9905
f 46 9905 9891
f 9886 9873 4
f 9870 9880 9879
f 9879 9880 9876
f 9885 9878 9905
f 9875 9877 9879
f 1 9901 9885
f 9884 9908 9910
f 9898 9895 9896
f 13 9873 9866
f 9910 9907 9884
f 44 9901 1
f 9887 9863 9895
f 9885 9905 9883
f 9870 9899 9880
f 9900 9864 9865
f 9883 9898 9896
f 41 40 9905
f 9875 9878 9874
f 9879 9878 9875
f 9885 9901 9878
f 9879 9877 9870
f 9908 9911 9867
f 9863 9869 9909
f 9896 9902 9897
f 9868 9890 9871
f 5 9888 16
f 9886 9884 9907
f 9896 9885 9883
f 9863 9887 9866
f 9873 9869 9866
f 9868 17 9888
f 9871 9890 9905
f 9906 9871 9880
f 9872 9870 9893
f 5 9868 9888
f 9882 9892 9909
f 9864 9882 9909
f 9863 9909 9902
f 9869 9907 9865
f 9903 9868 5
f 49 9872 43
f 9903 9890 9868
f 9872 9899 9870
f 9893 9870 9877
f 9867 9865 9910
f 9865 9867 9900
f 9902 9896 9895
f 9897 9902 9862
f 9907 9869 9873
f 9905 9890 9891
f 9894 9897 1
f 44 9874 9901
f 9866 9887 14
f 9876 9878 9879
f 9880 9905 9876
f 40 9883 9905
f 1 9897 9881
f 9880 9871 9905
f 17 9871 9906
f 9904 9884 9886
f 9910 9908 9867
f 9886 9907 9873
f 40 9898 9883
f 9891 9890 9889
f 9894 9896 9897
f 9896 9894 9885
f 9865 9907 9910
f 9863 9866 9869
f 9902 9909 9862
f 9874 9878 9901
f 9903 9889 9890
f 9904 53 9908
f 9892 9862 9909
f 1 9885 9894
f 9867 89 9900
f 9906 9880 9899
f 9863 9902 9895
f 53 9911 9908
f 9904 9886 12
f 9864 9909 9865
f 9905 9878 9876
f 9868 9871 17
f 9865 9909 9869
f 3576 9933 9913
f 9933 9912 9914
f 9933 9914 9913
f 9912 9915 9914
f 9912 3569 9915
f 3569 9923 9915
f 3569 9916 9923
f 3598 9923 9916
f 3598 9921 9923
f 3544 9922 9921
f 3430 9922 3544
f 9914 9924 9913
f 3430 9919 9922
f 9914 9915 9927
f 9927 9920 9917
f 9928 9922 9920
f 9924 9914 9927
f 3344 9918 9925
f 3232 3253 9929
f 3253 3322 9918
f 9915 9923 9928
f 9918 9929 3253
f 9922 9928 9921
f 9924 9917 3484
f 3562 9913 9924
f 3484 3562 9924
f 9926 3423 9917
f 9922 9919 9920
f 9925 9918 9926
f 9918 3322 9926
f 9926 3322 3423
f 9927 9928 9920
f 9928 9927 9915
f 9927 9917 9924
f 3484 9917 3423
f 9928 9923 9921
f 9917 9920 9926
f 9920 9925 9926
f 9925 9920 9919
f 3227 3209 3189
f 9933 9941 9912
f 3569 9912 9930
f 3227 3296 9936
f 3351 9937 9935
f 9941 3555 9937
f 3339 9931 9937
f 9932 9936 9934
f 9934 9936 3296
f 3296 9942 9931
f 9937 9931 9941
f 9934 9940 9932
f 9912 9941 9930
f 9940 9934 3339
f 9939 9942 9938
f 9935 9937 3555
f 9942 9930 9941
f 9933 3555 9941
f 9930 9942 9939
f 3489 9930 9939
f 9937 3351 3339
f 3296 9938 9942
f 3227 9936 3209
f 3569 9930 3489
f 3209 9936 9932
f 9934 3296 9931
f 3339 9934 9931
f 9941 9931 9942
f 6997 7059 7014
f 7342 9959 7492
f 9961 9953 7141
f 7014 7031 7126
f 7057 9944 7058
f 7082 7081 7083
f 6855 7011 9784
f 9945 9784 7011
f 9957 9953 9961
f 9950 7031 9956
f 9948 7083 7081
f 9958 9945 7009
f 9943 9958 9962
f 9954 7058 9944
f 9953 9957 9952
f 9948 9954 9955
f 9952 9955 9962
f 9961 9960 9950
f 9953 9952 9949
f 7125 9960 9959
f 9961 9956 9957
f 9950 9956 9961
f 9943 9778 9947
f 9784 9945 9946
f 9956 9952 9957
f 9955 7083 9948
f 7204 9951 7141
f 7381 7555 7492
f 9946 9958 9947
f 9949 9952 9962
f 9955 9956 7031
f 9954 9962 9955
f 9961 9959 9960
f 7059 7031 7014
f 9956 9955 9952
f 9958 9943 9947
f 7059 9955 7031
f 7009 9953 9949
f 7492 9959 9951
f 9951 7381 7492
f 9943 9962 9954
f 9943 9954 9944
f 9959 7141 9951
f 7059 7083 9955
f 9949 9962 9958
f 9946 9945 9958
f 9961 7141 9959
f 6764 7047 9966
f 9984 9967 6913
f 9981 9973 6677
f 6913 9967 9968
f 9967 9969 6856
f 9965 9983 9975
f 6861 6806 9975
f 6827 9963 6874
f 6618 9974 6639
f 6856 9972 6748
f 6893 6932 9963
f 9982 9980 9972
f 9978 9970 9981
f 9977 9983 9965
f 9969 9975 9983
f 6807 6734 6806
f 6953 9963 6932
f 6748 9980 9964
f 9968 9967 6914
f 9982 9972 9977
f 9977 9970 9982
f 9979 9966 6893
f 6603 6637 9978
f 9970 9978 6637
f 9979 6893 9963
f 9970 9973 9981
f 9969 9967 9984
f 9980 6672 9964
f 9980 6748 9972
f 6827 9976 9963
f 9972 9969 9983
f 9975 9984 6861
f 9971 9966 9979
f 9975 9969 9984
f 6637 9971 9970
f 9963 9976 9979
f 6856 9969 9972
f 9973 9970 9977
f 9977 9972 9983
f 9981 9974 6603
f 9979 9982 9970
f 9979 9970 9971
f 9980 9976 6672
f 6680 9971 6637
f 9980 9982 9976
f 6806 6734 9965
f 9981 6603 9978
f 9977 9965 9973
f 6806 9965 9975
f 9982 9979 9976
f 6672 6631 9964
f 6734 9973 9965
f 4777 9989 4732
f 4717 9987 9999
f 5266 9988 9997
f 4771 9990 4745
f 4746 10001 9989
f 9998 10000 5194
f 4912 9992 9986
f 4879 9987 4820
f 9999 9987 9992
f 4665 9993 9996
f 4732 10001 4689
f 4731 9994 9989
f 5104 9995 9998
f 4689 9990 4665
f 10000 9998 9995
f 9996 4732 4665
f 9997 9988 9985
f 9985 5477 5544
f 4665 9990 4771
f 4665 4771 4717
f 9995 5425 9988
f 4665 4681 9993
f 4778 9996 9993
f 9987 4879 9992
f 9988 5477 9985
f 9988 5425 5477
f 5194 10000 5266
f 9989 9991 4746
f 9989 9994 9991
f 4666 9999 9992
f 5561 5544 5477
f 9986 9992 5014
f 10000 9995 9988
f 9994 4762 9991
f 4879 5014 9992
f 9999 4666 4681
f 10001 4732 9989
f 9998 9986 5014
f 9988 5266 10000
f 9986 9998 5194
f 4732 4689 4665
f 4792 9991 4762
f 9887 9895 14
f 9889 46 9891
f 3562 3576 9913
f 9966 9971 6680
f 10002 4793 4731
f 9994 4731 4793
f 6587 6603 9974
f 6677 9973 6639
f 9973 6734 6639
f 9769 6665 6762
