v -0.02033121 0.03223633 -0.0635973
v 0.3391281 0.01564132 -0.1036922
v 0.3612704 0.02699821 -0.03934875
v 0.03298592 0.03778491 0.0694456
v 0.07435805 0.04982336 -0.1248612
v 0.467614 0.04310345 0.07974125
v 0.4684927 0.04249955 0.06334829
v 0.458537 0.03981069 0.02376089
v -0.004455328 0.03801311 -0.1060291
v -0.0571003 0.0346423 0.1003628
v -0.01064636 0.03777226 0.1322328
v 0.01013958 0.03644383 0.1154253
v 0.03960396 0.03931719 0.02208223
v 0.03626104 0.03695331 -0.002285522
v 0.04198774 0.03687033 -0.02915114
v 0.07726152 0.05089456 -0.1270142
v 0.04577849 0.05108055 -0.1597121
v 0.3452848 0.0207899 -0.07193583
v 0.3577167 0.02743287 -0.04331851
v 0.3741914 0.04671314 0.08039514
v 0.4660226 0.04280528 0.04445443
v 0.4282118 0.03823325 -0.02319989
v 0.4114275 0.04021476 -0.05251534
v 0.3922715 0.02564064 -0.1112145
v 0.3792945 0.01511258 -0.1489908
v 0.3702597 0.01383627 -0.1490303
v 0.4011185 0.03511618 -0.08518599
v 0.3936217 0.02435721 -0.1195916
v 0.3871133 0.01878898 -0.140536
v 0.3410764 0.0138306 -0.1449255
v 0.3309158 0.0136105 -0.1200188
v 0.3342735 0.01621072 -0.1079631
v 0.3683863 0.03729343 0.009878497
v 0.3936975 0.05222571 0.1093009
v 0.4042411 0.05055369 0.1211349
v -0.05530855 0.03589929 -0.004388096
v -0.06210998 0.03953117 0.01965067
v 0.02527032 0.03973815 0.09437591
v 0.03932649 0.0401665 0.04196193
v 0.05026612 0.04046724 -0.05191305
v 0.05394308 0.04374067 -0.06098138
v 0.07385505 0.04922944 -0.1046329
v 0.008373067 0.04531807 -0.1422024
v -0.01386501 0.03606742 -0.07860453
v 0.03575844 0.04149089 0.06447211
v 0.06149445 0.04688862 -0.07876257
v 0.0607472 0.05283512 -0.1559519
v 0.03112622 0.05091238 -0.1623763
v 0.01806684 0.04761312 -0.1567337
v -0.01560773 0.03826626 -0.08224947
v -0.04629044 0.03344242 -0.02094968
v -0.04683339 0.03719324 0.1210011
v -0.02961323 0.03653229 0.1284384
v 0.4318441 0.05452838 0.1321008
v 0.4483947 0.05176147 0.124451
v 0.4672183 0.04616852 0.09189065
v 0.3350561 0.0158515 -0.1345742
v 0.3382019 0.01796094 -0.09419268
v 0.3630522 0.02977525 -0.02893209
v 0.3889762 0.05694409 0.1034191
v 0.3835288 0.04700042 0.09618314
v 0.4504558 0.0430169 0.004724124
v 0.3920156 0.02308735 -0.1285299
v 0.3464984 0.02567084 -0.07382699
v 0.3684906 0.03443405 -0.002359921
v 0.368793 0.0436635 0.06332852
v 0.3839104 0.063222 0.09107395
v 0.4597847 0.04834445 0.1122
v 0.04042804 0.03923806 -0.01369513
v 0.07494865 0.05410789 -0.13815
v 0.002276681 0.04679882 -0.1291237
v -0.004208644 0.04210978 -0.1130773
v 0.4685683 0.05906293 0.07269441
v 0.4155712 0.04281589 -0.04886405
v 0.4092302 0.05034393 -0.07838647
v 0.372361 0.01514783 -0.1529441
v 0.3648999 0.01433418 -0.1546924
v 0.3343069 0.01946438 -0.1255153
v 0.3623446 0.03538866 -0.03017657
v 0.04573061 0.04773251 -0.03473989
v 0.07595377 0.06018295 -0.1183894
v 0.4534952 0.04589055 0.008287355
v 0.3503833 0.01330279 -0.1516454
v 0.3502349 0.03002461 -0.06493896
v 0.05075211 0.04975037 -0.05107928
v -0.01203526 0.04406088 -0.09227714
v -0.0661158 0.04790418 0.04221166
v -0.06492752 0.0353068 0.0541497
v -0.06237055 0.03297175 0.06738285
v -0.05458317 0.04187095 0.1157511
v 0.4663298 0.05077028 0.04660162
v 0.4323349 0.04179158 -0.02358864
v 0.3442422 0.03106596 -0.07939
v 0.3673488 0.03989412 0.03556526
v 0.4634605 0.05250639 0.1085585
v 0.04183626 0.04619756 -0.01888877
v 0.07154919 0.05550404 -0.09986982
v 0.06967968 0.05600144 -0.1482314
v 0.06334464 0.06280612 -0.1535555
v -0.04056378 0.03952232 -0.03793724
v -0.04059663 0.04353006 0.1309664
v 0.4625083 0.05129166 0.03010853
v 0.3955404 0.03214514 -0.119509
v 0.3370836 0.02144031 -0.1050045
v 0.369233 0.05162857 0.05117527
v 0.3983339 0.06670579 0.1177195
v 0.4152766 0.0549046 0.130465
v 0.4478997 0.05788168 0.1288853
v 0.4577137 0.05729614 0.119805
v 0.01658203 0.04735285 0.1090579
v 0.07187391 0.06410547 -0.1435795
v -0.006350301 0.0494004 -0.1110959
v -0.0481604 0.04495637 -0.02573734
v -0.02412421 0.04322326 0.1373231
v -0.007993824 0.04372057 0.1343337
v 0.004554999 0.04077261 0.1246312
v 0.4452923 0.04994496 -0.01035956
v 0.4337065 0.05301607 -0.0301813
v 0.4015321 0.03887221 -0.09467985
v 0.3910637 0.02909774 -0.1352419
v 0.3353575 0.0278683 -0.1204185
v 0.3598909 0.03462915 -0.03921997
v 0.3637348 0.04521924 0.00710037
v 0.3652516 0.05149616 0.02945305
v 0.3942166 0.06632533 0.1113463
v 0.4044572 0.06409433 0.1233399
v 0.4335532 0.06238498 0.1334632
v 0.466764 0.054977 0.08978921
v 0.03473082 0.04894543 0.06218909
v 0.03722023 0.05754483 0.03166839
v 0.06508319 0.05293156 -0.08388785
v 0.01698411 0.05772924 -0.1569504
v -0.01882067 0.04383941 -0.0777343
v -0.03345056 0.05042901 -0.05656254
v -0.06018202 0.04049932 0.09851252
v 0.4677469 0.05745196 0.05438856
v 0.3877601 0.03146813 -0.1449787
v 0.3364273 0.02666044 -0.1376694
v 0.3386687 0.02451269 -0.09766006
v 0.4172927 0.07168542 0.1296807
v 0.4418086 0.07377565 0.1236019
v 0.02905397 0.04819641 0.08210998
v 0.04023499 0.05132907 0.01887742
v 0.06320997 0.06065327 -0.07146303
v 0.0713251 0.06134358 -0.09454134
v 0.03611238 0.06743858 -0.164791
v 0.4179684 0.05071399 -0.05635838
v 0.3504443 0.04661891 -0.03569216
v 0.3751505 0.05792428 0.07315172
v 0.007556239 0.05530297 -0.1446103
v 0.0002392285 0.05470591 -0.1318913
v -0.06239404 0.05294289 0.01124349
v -0.05644733 0.05380256 0.111939
v -0.02623767 0.05466551 0.135618
v 0.4560251 0.05222206 0.009222725
v 0.4046214 0.04486899 -0.1013292
v 0.3996549 0.03969134 -0.1193996
v 0.3496295 0.0294479 -0.1545828
v 0.3401571 0.0224027 -0.1450394
v 0.3484728 0.03794032 -0.06059724
v 0.023359 0.05788713 0.08738944
v 0.04907303 0.05417779 -0.03499193
v 0.07516516 0.06423819 -0.110097
v 0.02489356 0.05997615 -0.162175
v -0.04336164 0.05236065 -0.03884406
v -0.06615341 0.05301318 0.06017825
v -0.06389149 0.05033748 0.08547892
v 0.001571382 0.0543633 0.1282682
v 0.01467272 0.05601417 0.1101575
v 0.4646512 0.05881383 0.03817491
v 0.3382386 0.03623696 -0.1059663
v 0.342324 0.03648721 -0.08203052
v 0.4523164 0.07045176 0.1171521
v 0.4625311 0.06567765 0.1016229
v 0.03125765 0.05838312 0.05784839
v 0.05124375 0.06073855 -0.1598437
v -0.01467574 0.05212326 -0.08869775
v -0.05670343 0.05069405 -0.009997315
v -0.06300434 0.05827858 0.08505496
v -0.01122809 0.05760421 0.1346143
v 0.4649345 0.06530433 0.04143127
v 0.4569827 0.06116884 0.009533357
v 0.3968207 0.03871787 -0.1296842
v 0.3689976 0.0287581 -0.1591617
v 0.358383 0.02630416 -0.1575042
v 0.3569198 0.05401699 0.002247203
v 0.3712237 0.05976906 0.05657646
v 0.07313786 0.0671256 -0.1028738
v 0.07357664 0.07157783 -0.1412123
v 0.06041766 0.07129471 -0.157699
v -0.02262137 0.05744312 -0.07936524
v -0.06816015 0.05652262 0.03768373
v -0.06082883 0.05540454 0.09934412
v -0.02187608 0.06210835 0.133324
v 0.007422375 0.05646206 0.1215392
v 0.4341278 0.06050985 -0.03788263
v 0.4042178 0.04904815 -0.1069038
v 0.3799845 0.03034499 -0.1538723
v 0.3984518 0.07362994 0.1113821
v 0.4285052 0.07406598 0.1285403
v 0.01773393 0.07140162 0.09553271
v 0.04381832 0.05707619 0.002838967
v 0.05613927 0.060242 -0.0289811
v -0.003238154 0.05746633 -0.1209775
v -0.01754445 0.06111563 -0.09374737
v -0.05002489 0.05520342 -0.0240568
v -0.0471178 0.05750205 0.12373
v -0.03776876 0.05794972 0.1299728
v 0.4467986 0.05812647 -0.01074758
v 0.340386 0.02971483 -0.1432336
v 0.3358956 0.02977752 -0.1309763
v 0.3656603 0.0642095 0.04434788
v 0.3771822 0.06966882 0.07294197
v 0.3865545 0.0739415 0.09338692
v 0.4106545 0.07092219 0.1268899
v 0.4640941 0.06966261 0.07375307
v 0.02878233 0.06668887 0.0653622
v 0.03233977 0.06367494 0.05462227
v 0.06616052 0.06513286 -0.05649513
v 0.06820888 0.06419474 -0.08593877
v 0.01170691 0.06043214 -0.1519923
v -0.06739672 0.06411105 0.03918273
v -0.06859189 0.06072752 0.05900329
v -0.05667715 0.06433152 0.09919531
v -0.05152022 0.06123856 0.1151285
v 0.4175227 0.05737651 -0.07211594
v 0.4129121 0.054971 -0.0721206
v 0.4055092 0.05135076 -0.11371
v 0.3905577 0.03762794 -0.1437907
v 0.3825311 0.03591695 -0.1537013
v 0.3580261 0.06032772 0.01341995
v 0.4081192 0.08183894 0.1157515
v 0.4488153 0.07572335 0.1121702
v 0.04516875 0.06759554 0.01768655
v 0.04799886 0.06550435 0.007220304
v 0.07578541 0.06945468 -0.1297039
v 0.01670208 0.06804562 -0.1585244
v 0.001890995 0.06131752 -0.1354406
v -0.03480234 0.060529 -0.05386619
v 0.4446916 0.06438547 -0.01325238
v 0.4144241 0.05869389 -0.09067728
v 0.3974893 0.0440226 -0.1358079
v 0.3531382 0.03772248 -0.1608763
v 0.348655 0.05179992 -0.0308499
v 0.3622623 0.06691282 0.02799136
v 0.4172687 0.0817788 0.1214099
v 0.4295853 0.08142398 0.1209301
v 0.07362197 0.07295534 -0.09641277
v 0.04647415 0.07041626 -0.1641982
v 0.02275074 0.06489223 -0.1613161
v -0.02545728 0.06008315 -0.08070579
v -0.0338114 0.06177334 -0.05967555
v -0.04555918 0.0661243 -0.02406774
v 0.01024328 0.07246475 0.1074755
v 0.3707001 0.03425465 -0.1608477
v 0.3381666 0.03588939 -0.1418407
v 0.347288 0.05722262 -0.03026668
v 0.3723252 0.0731893 0.05834253
v 0.3981376 0.08155183 0.1065888
v 0.4610088 0.07136564 0.04867237
v -0.053927 0.06950094 0.01066771
v -0.0640151 0.06533399 0.07552327
v -0.0299282 0.0705992 0.1224114
v -0.002859192 0.06976137 0.1244009
v 0.0368745 0.07176062 0.04090225
v 0.06719743 0.07188333 -0.1517477
v -0.0007559542 0.0661365 -0.1330339
v -0.01573375 0.06420342 -0.1037087
v 0.452596 0.06831691 0.01075292
v 0.4315418 0.05960407 -0.06387194
v 0.3635856 0.03899631 -0.1649623
v 0.3356562 0.03521172 -0.1223754
v 0.4358603 0.08175815 0.1128172
v 0.4583997 0.07477623 0.0906506
v 0.4547195 0.0699074 0.02371715
v 0.06031176 0.06682374 -0.02665018
v -0.01057959 0.06389983 -0.1090239
v -0.02368254 0.06618497 -0.1142228
v -0.03354177 0.06340813 -0.08329535
v -0.03959504 0.06609062 -0.04250261
v -0.05945183 0.05987606 0.004649146
v -0.06575678 0.06727089 0.04612891
v 0.4403657 0.0642907 -0.04188537
v 0.4365086 0.06528661 -0.05812492
v 0.4370533 0.06439992 -0.07287946
v 0.391823 0.04265848 -0.1475486
v 0.3416624 0.04567718 -0.06411399
v 0.3899609 0.08345462 0.08540566
v 0.07156494 0.07101957 -0.07578629
v 0.07622617 0.07279649 -0.1168163
v 0.0770295 0.07557174 -0.1308043
v 0.04601848 0.08039299 -0.1680412
v -0.05211852 0.07689236 0.05626697
v -0.04385867 0.071808 0.1002317
v -0.01332985 0.07495467 0.123865
v -0.002916725 0.07590871 0.1154161
v 0.4262962 0.05968556 -0.08139045
v 0.4082194 0.05768768 -0.1129117
v 0.3734403 0.04058728 -0.1643915
v 0.3381946 0.04111066 -0.1142689
v 0.4030088 0.08497661 0.1043249
v 0.4273009 0.08761616 0.1113368
v 0.4350176 0.08703603 0.0960687
v 0.4468546 0.08025707 0.09081328
v 0.4546295 0.07351632 0.004130886
v 0.4505467 0.06951699 -0.01186858
v 0.01327167 0.07814434 0.0901278
v 0.02781657 0.08373921 0.04882062
v 0.06739722 0.06917436 -0.05139224
v 0.03353947 0.07289293 -0.1671866
v -0.02786477 0.0636011 -0.1025819
v -0.04225102 0.07347273 -0.02369018
v -0.04884984 0.07729948 0.02620512
v -0.06029216 0.06993378 0.06028326
v -0.04516883 0.07507618 0.08756549
v 0.4567285 0.07505216 0.0652127
v 0.4449588 0.08255751 0.05950547
v 0.0007443735 0.08203231 0.09063071
v -0.03767421 0.06498501 -0.06454118
v -0.02567662 0.07860162 0.1156067
v 0.4308717 0.06445906 -0.0816454
v 0.3398808 0.04389077 -0.08510514
v 0.3822033 0.08400906 0.0695576
v 0.394163 0.08605143 0.08349428
v 0.4145862 0.08702443 0.1074733
v 0.4506122 0.07501265 0.02757479
v 0.02046187 0.07942723 0.07225621
v 0.05133935 0.07376639 0.001048919
v 0.06236603 0.07853771 -0.02725956
v 0.06574305 0.07816537 -0.1556472
v 0.0112126 0.0698249 -0.15222
v -0.000338467 0.0716562 -0.1293228
v -0.006522104 0.07014193 -0.1194651
v -0.04345102 0.07760362 -0.03731546
v -0.03867622 0.08263557 0.03630752
v -0.0340726 0.07949232 0.1063638
v 0.3572664 0.06989574 0.005350929
v 0.3690131 0.07613471 0.03994738
v 0.4264166 0.08919823 0.1001565
v 0.4355978 0.08578646 0.07846245
v 0.07394453 0.07902604 -0.0861837
v 0.07532997 0.08269484 -0.1031549
v 0.07280507 0.07778484 -0.1448102
v 0.05638412 0.08004339 -0.1640295
v -0.04110028 0.07582106 -0.06453478
v -0.0316913 0.08275039 0.09278994
v -0.02704007 0.08337551 0.1018195
v 0.04499947 0.07943498 0.01394022
v -0.004597558 0.0748381 -0.1312597
v -0.01079557 0.07578911 -0.1323952
v 0.01257913 0.08537172 0.07252516
v 0.4326135 0.08258378 0.04332862
v 0.4473281 0.07258216 -0.02848983
v 0.419826 0.06365516 -0.0994512
v 0.3836363 0.0429173 -0.158959
v 0.3458186 0.03841788 -0.1550238
v 0.3357018 0.0525394 -0.09524107
v 0.3374145 0.05278314 -0.08201494
v 0.4569851 0.08564328 0.01630936
v 0.4543231 0.07825659 -0.005012522
v 0.05333043 0.08534291 -0.007401828
v 0.07391343 0.08354409 -0.06745741
v 0.07594655 0.08066642 -0.1216067
v 0.07395352 0.08475757 -0.1375697
v 0.0391806 0.0866507 -0.1694966
v -0.03624721 0.07224101 -0.09365845
v -0.0440496 0.08407364 -0.03036196
v 0.4489653 0.08331672 -0.02654933
v 0.4362091 0.07289723 -0.05551578
v 0.3973038 0.05147423 -0.1410504
v 0.364322 0.04825251 -0.1682577
v 0.338113 0.0468206 -0.1211628
v 0.3676724 0.08266829 0.01832448
v 0.3760994 0.0836017 0.04688898
v 0.03950064 0.08814332 0.01770697
v 0.0619203 0.08385965 -0.02418282
v 0.06993073 0.08137083 -0.04953824
v 0.01226914 0.07795933 -0.1515283
v -0.02471533 0.07250468 -0.1179223
v -0.03822866 0.08309822 0.02141235
v 0.4021179 0.0574691 -0.1358772
v 0.3388646 0.06187079 -0.05397686
v 0.3452177 0.06582056 -0.03577411
v 0.3836197 0.08632749 0.05338248
v 0.4524311 0.09148907 0.02608161
v 0.05435628 0.08956753 -0.1651817
v 0.01071494 0.0836702 -0.1503366
v 0.004137235 0.07749797 -0.1393019
v -0.03552844 0.07811469 -0.1070482
v -0.04278471 0.08618806 -0.06736761
v -0.03659743 0.08436398 0.00985291
v -0.0253976 0.09234294 0.02311362
v -0.01318375 0.08935477 0.05046343
v 0.4224361 0.07171923 -0.0939859
v 0.3393175 0.04468635 -0.1331316
v 0.416153 0.08764245 0.04380402
v -0.02780819 0.08216304 -0.1172533
v -0.04306565 0.07899705 -0.004658159
v -0.02327886 0.08858448 0.02993426
v 0.4424144 0.0849012 -0.04718463
v 0.4414448 0.07133918 -0.07440861
v 0.3334965 0.05599749 -0.108293
v 0.3346719 0.06582501 -0.06820031
v 0.355843 0.07895777 -0.01427672
v 0.3654181 0.08438383 0.008084473
v 0.3947337 0.09032166 0.04270728
v 0.07715042 0.08792596 -0.08473714
v 0.07495298 0.0893112 -0.1274118
v -0.004334859 0.08040869 -0.1384533
v -0.0202635 0.07796692 -0.1223683
v -0.04452493 0.08989745 -0.04513517
v 0.008285369 0.09852734 0.03568975
v 0.03929015 0.09491778 0.01784706
v 0.07194205 0.08778472 -0.02728637
v 0.08252285 0.08755076 -0.05002902
v 0.382433 0.05239881 -0.1632643
v 0.357641 0.05718584 -0.1667108
v 0.3490088 0.0517574 -0.1584525
v 0.3423111 0.04802511 -0.1455726
v 0.336586 0.05509437 -0.1269504
v 0.3444332 0.07549102 -0.03694895
v 0.3835186 0.09124923 0.03567728
v 0.07569539 0.08684946 -0.1140547
v 0.07088443 0.09313804 -0.1459427
v 0.02714184 0.07951243 -0.1652647
v 0.02174457 0.0819988 -0.1610752
v 0.003486012 0.09219822 0.04803221
v 0.02736855 0.09426598 0.03022294
v 0.06313402 0.09250207 -0.004693158
v 0.08217093 0.09059336 -0.04233526
v 0.3920527 0.05378167 -0.1524486
v 0.3488132 0.07892071 -0.02340776
v 0.3627653 0.08632507 0.006959694
v 0.4305225 0.08935121 0.04067324
v 0.4425098 0.0821265 0.03887183
v -0.04410776 0.09601225 -0.02465195
v 0.01902458 0.09787829 0.03264735
v 0.03234979 0.09478679 0.02373224
v 0.4583401 0.09217923 0.003167048
v 0.4432501 0.0761933 -0.0798099
v 0.4208758 0.07339609 -0.1024941
v 0.3315479 0.06306863 -0.09910166
v 0.3313432 0.06426932 -0.08196399
v 0.07864081 0.09646458 -0.1029335
v -0.04039681 0.09228983 -0.1100873
v -0.04094138 0.1010857 -0.01148189
v -0.03120828 0.09559919 0.01490838
v -0.008638487 0.09463066 0.03344581
v 0.4151911 0.06582412 -0.1272891
v 0.4104862 0.06109193 -0.1357893
v 0.3942368 0.05919882 -0.1545613
v 0.3349863 0.06134879 -0.1175615
v 0.3575813 0.09079024 0.009148188
v 0.3735766 0.09189826 0.02412143
v 0.4448897 0.09677938 0.02980402
v 0.07942751 0.09191055 -0.09120557
v 0.07427158 0.09626473 -0.1322587
v 0.04540922 0.0952239 -0.1687591
v 0.02198813 0.09437338 -0.1620616
v -0.02943651 0.09452002 -0.121277
v 0.4255044 0.07549555 -0.09240341
v 0.3400847 0.05787248 -0.1432435
v 0.3391753 0.08199189 -0.02198092
v 0.4083626 0.09487117 0.04209133
v 0.06550318 0.08950695 -0.1566518
v 0.01038221 0.08809561 -0.155757
v 0.003688948 0.08719682 -0.1536701
v -0.01366566 0.0868875 -0.1238163
v -0.03912699 0.09177776 0.001944907
v -0.006253251 0.1049806 0.0289486
v 0.4413848 0.08417264 -0.09290183
v 0.4338626 0.07908291 -0.08924521
v 0.4173482 0.08241843 -0.1022204
v 0.412239 0.06883758 -0.1450454
v 0.3732426 0.05287551 -0.169022
v 0.3383222 0.06100628 -0.1343405
v 0.3277011 0.07647633 -0.04918085
v 0.08568197 0.1033508 -0.04463704
v 0.0667448 0.1000882 -0.151238
v 0.03125855 0.09600773 -0.1682274
v 0.007731196 0.09203848 -0.1668599
v 0.001226175 0.08884855 -0.1460491
v -0.007642313 0.0853228 -0.1318368
v -0.01834401 0.1007111 0.02452209
v 0.02584823 0.1014712 0.02889297
v 0.450381 0.09020091 -0.01842375
v 0.4456882 0.09859921 -0.01522861
v 0.3249129 0.0674279 -0.1003724
v 0.3922786 0.09770381 0.0389999
v 0.4602511 0.09921096 0.01827561
v 0.01320864 0.1067995 0.02982141
v 0.3445022 0.0586924 -0.1551345
v 0.3352579 0.08554107 -0.02557285
v 0.08203989 0.1005045 -0.0709053
v 0.08319524 0.09399928 -0.0782619
v 0.08499246 0.09967392 -0.09433055
v -0.03361507 0.08522217 -0.1145007
v -0.01891255 0.1087482 0.01274959
v 0.4174023 0.07543585 -0.1164005
v 0.4035328 0.06161417 -0.1574094
v 0.339859 0.06369901 -0.145222
v 0.3238388 0.06611598 -0.1194396
v 0.347997 0.09060409 -0.003143298
v 0.4293517 0.1029307 0.0239918
v 0.4462912 0.1007172 0.02148252
v 0.08489205 0.10483 -0.1178427
v 0.03116234 0.09899702 -0.1707768
v 0.02012696 0.09758001 -0.1771877
v 0.01055497 0.1036437 -0.1478911
v -0.04106078 0.08848315 -0.1012459
v -0.04987543 0.09747483 -0.06042134
v -0.03346371 0.1067953 -0.0009598724
v 0.05470308 0.1069773 0.006915331
v 0.08147056 0.1030358 -0.03250158
v 0.4469 0.08936974 -0.02871787
v 0.3967499 0.0643775 -0.1686042
v 0.3501568 0.06304151 -0.1630649
v 0.3487244 0.06960249 -0.1595316
v 0.3274966 0.07891552 -0.06841421
v 0.3446918 0.1009413 -0.01635524
v 0.07330107 0.1016197 -0.1268132
v 0.05629117 0.09972025 -0.1630767
v -0.04681492 0.09996983 -0.08897233
v -0.05463703 0.1058985 -0.04159467
v 0.03581988 0.1083786 0.01899269
v 0.4440558 0.09199095 -0.03810485
v 0.4422316 0.08243414 -0.07464161
v 0.4251738 0.08508261 -0.09282685
v 0.3836463 0.06086355 -0.1663241
v 0.3674676 0.06278581 -0.1686003
v 0.4069428 0.1018143 0.03474429
v 0.4558977 0.1048308 0.0202396
v 0.07172576 0.1076819 -0.1395727
v 0.07078037 0.1027765 -0.1407034
v 0.06594472 0.1082889 -0.156177
v 0.03970629 0.1033987 -0.1702635
v 0.005243388 0.0949749 -0.1647652
v -0.01674737 0.09588295 -0.124182
v -0.00127119 0.1116904 0.02325784
v 0.07314296 0.1133097 -0.01497224
v 0.457034 0.1050526 0.01016446
v 0.4442213 0.0936273 -0.09653819
v 0.3894527 0.06908754 -0.1729815
v 0.3266424 0.08187142 -0.04462955
v 0.3766804 0.09790625 0.02844888
v 0.0196672 0.1053338 -0.179326
v 0.004404309 0.09916079 -0.1373287
v -0.004676238 0.09862471 -0.1268234
v -0.05653291 0.1088676 -0.05347839
v -0.0515255 0.1055684 -0.03238896
v 0.06701399 0.1029262 -0.007961855
v 0.4435703 0.09476987 -0.05185259
v 0.4464218 0.09572547 -0.06574156
v 0.3270365 0.06521271 -0.1383002
v 0.3639132 0.09893956 0.01382111
v 0.4066896 0.1085537 0.02420541
v 0.4349071 0.1041479 0.0225916
v 0.08512406 0.1067204 -0.05406244
v 0.0764955 0.110042 -0.07407628
v 0.05696312 0.1080375 -0.1642122
v 0.0115961 0.09805994 -0.1759778
v 0.0126775 0.1083749 -0.1671048
v -0.005293933 0.1054755 -0.1281114
v -0.02482747 0.1076407 -0.1330083
v -0.04452311 0.1003452 -0.1089388
v -0.03253801 0.1130618 -0.006721196
v 0.415796 0.07953323 -0.1279055
v 0.4104939 0.07779068 -0.1495818
v 0.3635896 0.07170831 -0.1689373
v 0.3291046 0.07776854 -0.1420127
v 0.3256103 0.07488893 -0.1107044
v 0.08139125 0.1045719 -0.08460032
v -0.03394365 0.1094108 -0.1289559
v -0.03668698 0.09842271 -0.1201913
v 0.001614116 0.118958 0.01033621
v 0.02668221 0.1241437 0.01104456
v 0.3291446 0.09430659 -0.03877319
v 0.3921172 0.1119966 0.01882036
v 0.432508 0.1118795 0.02836319
v 0.4499727 0.1115604 0.01146413
v 0.08135226 0.113479 -0.1243795
v 0.08248863 0.1072299 -0.1285675
v -0.05370552 0.1101161 -0.03865306
v -0.04334592 0.1137263 -0.03196599
v 0.06344889 0.1157063 -0.001904131
v 0.4139546 0.09276997 -0.1049283
v 0.3936017 0.07990103 -0.165745
v 0.3299605 0.08700086 -0.07111048
v 0.3598986 0.1065587 0.0008976131
v 0.3761783 0.1104274 0.01337395
v 0.01108168 0.1135684 -0.1418451
v 0.4428859 0.1167227 0.01121003
v 0.4409389 0.103721 -0.01744464
v 0.4356041 0.09392613 -0.1015372
v 0.4209326 0.09485538 -0.1027395
v 0.4090782 0.09140925 -0.1133051
v 0.4127249 0.0840793 -0.1410861
v 0.3553202 0.07037072 -0.1652092
v 0.3261669 0.09416004 -0.07235366
v 0.4122696 0.1170073 0.02958047
v 0.07479082 0.1129761 -0.08958215
v 0.08227224 0.109245 -0.1081155
v 0.06145602 0.1146692 -0.1554374
v 0.05225747 0.1154052 -0.1634859
v -0.05293343 0.1143751 -0.04333915
v 0.004045143 0.1222837 -0.02182611
v 0.04426174 0.1145994 0.01236862
v 0.0926612 0.1144094 -0.04248631
v 0.3306223 0.08364442 -0.08472765
v 0.3903204 0.1158526 0.01614866
v 0.4096106 0.1120698 0.02493504
v 0.4406645 0.1135665 0.02683361
v 0.444743 0.102584 -0.04881588
v 0.09515826 0.1178821 -0.04846646
v 0.08417952 0.1148757 -0.05482723
v 0.07783148 0.1174364 -0.1131622
v 0.02553572 0.1025263 -0.1790138
v -0.04834885 0.1159747 -0.1104006
v -0.05131567 0.1082297 -0.08232484
v -0.0301 0.1193131 -0.03782805
v -0.007768206 0.1222236 -0.02640506
v 0.3789987 0.07904864 -0.175056
v 0.3309492 0.08988965 -0.08855876
v 0.3307132 0.1032816 -0.04032161
v 0.3723243 0.1206315 0.001469397
v 0.421212 0.1204711 0.03156979
v 0.4418852 0.1111195 -0.007290371
v 0.4424407 0.107013 -0.03740665
v 0.4551915 0.1050642 -0.07179175
v 0.02167592 0.1232403 -0.1725284
v -0.05875037 0.1242022 -0.05205499
v -0.05090462 0.1214212 -0.04606327
v 0.01080603 0.1281679 -0.01986605
v 0.02366672 0.1259526 -0.01146968
v 0.0550074 0.1272573 0.003972428
v 0.4549685 0.1096696 -0.05895767
v 0.3594883 0.08181459 -0.1691031
v 0.3382542 0.07519062 -0.154882
v 0.3341503 0.08989288 -0.1129773
v 0.3273497 0.09876221 -0.05622128
v 0.07159726 0.1200332 -0.08859937
v 0.07006273 0.1251489 -0.1080465
v 0.01855624 0.1211232 -0.1669426
v -0.01462925 0.1032051 -0.1293375
v -0.05869478 0.1161961 -0.05473112
v -0.03229284 0.1228125 -0.03522307
v 0.03020644 0.1321485 -0.01902864
v 0.03862912 0.1282523 -0.005288888
v 0.0380413 0.1235121 0.01161477
v 0.05877491 0.1235365 0.004084769
v 0.4492567 0.08715594 -0.08699517
v 0.3236131 0.09662963 -0.08661456
v 0.3598548 0.1221847 -0.01125456
v 0.3917744 0.1222707 0.02517835
v 0.441209 0.1189705 0.005454905
v 0.07396384 0.1181871 -0.1414384
v 0.002835463 0.1153743 -0.1313707
v -0.0196905 0.1209576 -0.1405245
v -0.0438527 0.1157224 -0.1215514
v -0.04531005 0.1253787 -0.03530877
v 0.09105198 0.1199493 -0.03954316
v 0.409297 0.09122602 -0.1418036
v 0.4037372 0.08655389 -0.1460284
v 0.325693 0.07534853 -0.1266462
v 0.4353603 0.1206392 0.02741298
v 0.05672967 0.1197274 -0.1616225
v 0.02598925 0.1258885 -0.1738683
v -0.0305023 0.1253851 -0.01823988
v -0.02897679 0.131062 -0.006518262
v -0.01204824 0.1258275 -0.007027553
v -0.003626168 0.1296945 -0.007057862
v 0.04983635 0.1306687 -0.002108799
v 0.4088503 0.09740297 -0.1126872
v 0.3890035 0.09168807 -0.1505169
v 0.3420641 0.08229922 -0.1577476
v 0.3343797 0.09421479 -0.1115191
v 0.3219168 0.1007545 -0.08144829
v 0.4046571 0.1305825 0.03235788
v -0.05346361 0.1175679 -0.0799449
v 0.03526536 0.131023 -0.01688748
v 0.0606685 0.1324814 -0.001368549
v 0.07432207 0.1263194 -0.01961105
v 0.3485133 0.08855383 -0.1582627
v 0.3417139 0.110652 -0.02644352
v 0.4487571 0.1203126 -0.01307797
v 0.4510559 0.1165544 -0.04059492
v 0.07104765 0.1262389 -0.1187396
v 0.06327742 0.1259916 -0.1496918
v 0.04881143 0.1292311 -0.1641591
v 0.01783476 0.1198818 -0.1503558
v -0.04965318 0.1285967 -0.03476291
v 0.09861854 0.1205669 -0.06702758
v 0.4564335 0.1144241 -0.07512785
v 0.4426073 0.103764 -0.1034301
v 0.3940018 0.09791755 -0.1540103
v 0.4016509 0.126709 0.03202394
v 0.4342842 0.1265021 0.0226444
v 0.035611 0.1192748 -0.1763557
v -0.02956416 0.12163 -0.1410166
v -0.05124465 0.1247584 -0.09799007
v 0.3953382 0.1007396 -0.1519382
v 0.3550715 0.09153215 -0.162868
v 0.337882 0.09168419 -0.148051
v 0.3339911 0.09295666 -0.1402546
v 0.3338525 0.1118136 -0.05356273
v 0.3610598 0.1263352 -0.006744035
v 0.07541607 0.1281629 -0.1272528
v 0.07097559 0.1259545 -0.1318719
v -0.03710602 0.1286773 -0.1366494
v -0.04806791 0.1352235 -0.06493426
v -0.05123685 0.1350902 -0.04585449
v -0.05285774 0.1320136 -0.03959393
v -0.02689607 0.137673 0.0005454277
v 0.04240344 0.1377406 -0.01615332
v 0.08166857 0.1291663 -0.0363954
v 0.4527648 0.1086992 -0.08701888
v 0.4358727 0.1060417 -0.112496
v 0.4122099 0.1038811 -0.1133759
v 0.3737072 0.09727627 -0.165188
v 0.3675782 0.09698735 -0.1671517
v 0.3207466 0.09936653 -0.103333
v 0.3268372 0.1054228 -0.0643122
v 0.3303502 0.1184809 -0.07033329
v 0.3565767 0.1238972 -0.02026894
v 0.4145682 0.1316997 0.02883129
v 0.4482557 0.1264103 -0.01261023
v 0.4546079 0.124388 -0.0417004
v -0.02172271 0.1401371 -0.1504275
v -0.0443169 0.135442 -0.1247233
v -0.01578368 0.1364831 -0.005353277
v 0.02838233 0.1385758 -0.0159901
v 0.07734557 0.1353003 -0.04524631
v 0.09518759 0.1274369 -0.05714594
v 0.4566589 0.1199201 -0.08745933
v 0.4060714 0.1007061 -0.1171967
v 0.3183652 0.1007606 -0.1175645
v 0.3476546 0.135195 -0.01157832
v 0.3728049 0.1296549 0.0157711
v 0.3805297 0.1331354 0.02448703
v 0.3833686 0.1404063 0.02750066
v 0.4375013 0.13004 0.01166589
v 0.4572349 0.1238977 -0.05525747
v 0.08650535 0.1344873 -0.1355457
v 0.026519 0.1328498 -0.1688304
v 0.02658312 0.133107 -0.1473423
v 0.01323805 0.1235448 -0.1395503
v -0.05167174 0.1294665 -0.07369357
v -0.04738306 0.1368372 -0.03317478
v -0.02068684 0.1412433 -0.0009555186
v -0.002359921 0.136897 -0.008571806
v 0.1026508 0.1313699 -0.08837865
v 0.4275309 0.1050625 -0.1159384
v 0.4334949 0.1309422 0.01619261
v 0.03389583 0.1304504 -0.1697803
v 0.0009076795 0.1251546 -0.1341224
v 0.06468771 0.1406749 -0.03543954
v 0.3936954 0.1078829 -0.1351144
v 0.3586888 0.1301074 -0.02727498
v 0.356569 0.1284409 -0.01837489
v 0.0680854 0.134337 -0.1419201
v 0.004431678 0.1345221 -0.1433786
v -0.0120729 0.1373409 -0.1520047
v -0.04809488 0.1348071 -0.1023611
v -0.03191877 0.139904 -0.004787144
v 0.02468935 0.1457409 -0.01372791
v 0.05155095 0.1422612 -0.01032065
v 0.05865019 0.138707 -0.005430408
v 0.07531206 0.1375185 -0.05564322
v 0.09277542 0.1357522 -0.07606144
v 0.3763106 0.10497 -0.165782
v 0.322015 0.1018976 -0.1485892
v 0.3165255 0.1129188 -0.1130509
v 0.3170546 0.1106339 -0.09555034
v 0.3470353 0.1240768 -0.06362435
v 0.3410869 0.1392439 -0.02403926
v 0.3647956 0.144655 0.01432436
v 0.3957892 0.1416521 0.02923743
v 0.4309981 0.1371339 0.002245843
v 0.4424557 0.1318383 -0.009146763
v 0.1038715 0.1381833 -0.1010938
v 0.09076431 0.1310404 -0.1325811
v 0.0673644 0.1383522 -0.1437812
v -0.04134275 0.142172 -0.0293793
v -0.003108401 0.1410615 -0.01175078
v 0.04543985 0.1513455 -0.01568383
v 0.09865786 0.1369851 -0.08770825
v 0.4308903 0.1197531 -0.1276166
v 0.3514732 0.09865603 -0.1647767
v 0.321378 0.1075689 -0.1611021
v 0.3159493 0.1079506 -0.1435174
v 0.4014174 0.1412363 0.02678467
v 0.4519992 0.1285705 -0.02842088
v -0.03153086 0.1496193 -0.04028682
v -0.02785773 0.1472291 -0.002533668
v -0.003227105 0.1508585 -0.025736
v 0.01639752 0.1537386 -0.01998889
v 0.05797949 0.1451059 -0.06716483
v 0.06936211 0.1430437 -0.0779909
v 0.09871941 0.1419145 -0.0982853
v 0.09593405 0.1394154 -0.1256391
v 0.06066581 0.133852 -0.1535257
v 0.05589947 0.142194 -0.154255
v 0.03675206 0.1377977 -0.1680243
v 0.4575913 0.1246271 -0.07598149
v 0.442481 0.1191951 -0.1129603
v 0.4155902 0.1159323 -0.1376707
v 0.4100636 0.1138509 -0.1354172
v 0.3936322 0.1129413 -0.1327129
v 0.338572 0.1047971 -0.1714563
v 0.3486101 0.1222762 -0.04689663
v 0.3594027 0.1348912 -0.045744
v -0.04562544 0.1383898 -0.09736814
v -0.03925399 0.1423323 -0.05845875
v -0.01186251 0.1488779 -0.02025327
v 0.02631811 0.1523724 -0.01636012
v 0.0416889 0.1557092 -0.02676565
v 0.05925591 0.1438622 -0.02327243
v 0.07799331 0.1427958 -0.09319209
v 0.1024913 0.1431622 -0.1107774
v 0.05313902 0.1459455 -0.05345278
v 0.06012738 0.1487154 -0.08030143
v 0.03771037 0.1417317 -0.1684726
v 0.02352956 0.1369659 -0.1429153
v -0.03441884 0.1486768 -0.07590131
v -0.01417909 0.1510065 -0.005699757
v 0.4121407 0.1400872 0.01873551
v 0.4514123 0.1357269 -0.03596604
v 0.4538623 0.135029 -0.05623282
v 0.4499272 0.1177673 -0.1024075
v 0.4004277 0.1129661 -0.1304078
v 0.3619679 0.1030804 -0.1701229
v 0.42865 0.112563 -0.1246195
v 0.3782758 0.1138412 -0.1506903
v 0.3228055 0.1175761 -0.09815414
v 0.3411482 0.1238343 -0.08754271
v 0.435497 0.1388714 -0.00708141
v 0.449137 0.1351397 -0.02696457
v 0.07461024 0.1453781 -0.09326468
v 0.08592182 0.1459844 -0.09805498
v 0.09850056 0.1495778 -0.104548
v 0.03854274 0.1452935 -0.1577896
v -0.02726278 0.1447727 -0.146832
v -0.03431971 0.1520892 -0.08485553
v -0.02794778 0.1523999 -0.0244471
v 0.3180893 0.1154073 -0.1408864
v 0.3554662 0.1303349 -0.06896965
v 0.3558681 0.1412325 -0.04657888
v 0.3893674 0.1462587 0.02849943
v 0.4492432 0.1406988 -0.04410863
v 0.03300881 0.1565042 -0.02139166
v 0.07841075 0.1535716 -0.08550332
v 0.09978296 0.1516713 -0.1245496
v 0.07746512 0.1416553 -0.1449158
v 0.05362354 0.1473862 -0.1681004
v -0.04170658 0.1406894 -0.1314181
v -0.03766252 0.1563759 -0.1316521
v -0.02406021 0.1500373 0.002758326
v -0.01901574 0.1493229 0.003734187
v 0.3607756 0.1389849 -0.03290155
v 0.3384506 0.1421686 -0.03592477
v 0.3727954 0.1475927 0.02224066
v 0.4438047 0.145177 -0.01812933
v 0.4559721 0.1259499 -0.08549402
v 0.3782669 0.1177978 -0.1516909
v 0.3663979 0.1177507 -0.1622354
v 0.3454726 0.1076948 -0.1789461
v 0.3303208 0.1090041 -0.171193
v 0.3168338 0.1156639 -0.1538188
v 0.3218448 0.1258651 -0.1374055
v 0.325212 0.1217286 -0.1271473
v 0.3317057 0.1231947 -0.1141665
v 0.3359068 0.1265232 -0.1148338
v -0.01835678 0.1610252 0.003581952
v -0.004448365 0.1604537 -0.004856237
v 0.03732151 0.1562195 -0.05419305
v 0.09055711 0.1423778 -0.132102
v 0.03946928 0.1484827 -0.1554694
v 0.02920378 0.1460938 -0.1516254
v 0.01490351 0.1467533 -0.1569417
v -0.04054381 0.1515858 -0.107221
v 0.3374087 0.1458048 -0.02291482
v 0.4030289 0.1531292 0.022463
v 0.413372 0.1460204 0.01595288
v 0.4301717 0.1432094 0.001357717
v 0.4547231 0.1303165 -0.09536762
v 0.4177414 0.1239734 -0.1441157
v 0.3950025 0.1207116 -0.1556951
v 0.3253053 0.113444 -0.1671543
v 0.3499447 0.135022 -0.07789428
v 0.002640422 0.1581292 -0.03343508
v 0.04886132 0.1586974 -0.07032026
v 0.06291801 0.1557337 -0.07390285
v 0.07917821 0.1531781 -0.1334815
v 0.07806529 0.1493689 -0.1462757
v 0.06345763 0.1508346 -0.1646445
v 0.02843263 0.1550286 -0.1612804
v -0.04430055 0.1481432 -0.1240257
v -0.02609109 0.1565117 -0.03831914
v 0.3594732 0.1517727 0.002511386
v 0.4312218 0.1545343 0.00364273
v 0.4530971 0.1320772 -0.07353394
v 0.3523096 0.1145304 -0.1765804
v 0.3467557 0.1296762 -0.09005096
v 0.007099438 0.1655035 -0.05089146
v 0.02576353 0.1629108 -0.05997575
v 0.05431129 0.161915 -0.06538618
v 0.05385988 0.1546298 -0.1635619
v -0.008171923 0.1507605 -0.1614344
v -0.02148929 0.1591461 -0.02091066
v -0.02013052 0.1600199 -0.002514208
v 0.3451133 0.1469608 -0.04268375
v 0.3682782 0.1627656 0.01609291
v 0.393277 0.1578082 0.02461099
v 0.3742832 0.1237453 -0.1703721
v 0.3276923 0.1208771 -0.1635456
v -0.005341269 0.1574921 -0.03215864
v 0.04230144 0.1581846 -0.07159257
v 0.06358889 0.1597057 -0.0736341
v 0.09020291 0.1595063 -0.09978642
v -0.04287121 0.1541322 -0.1187648
v -0.02821693 0.1607466 -0.06038642
v 0.3354762 0.1526903 -0.05052443
v 0.3297385 0.1579402 -0.03404165
v 0.3479865 0.148575 -0.01101422
v 0.4428467 0.148155 -0.0370739
v 0.4527736 0.1413007 -0.08465778
v 0.3465874 0.1203084 -0.1802027
v 0.3192078 0.1271134 -0.1512485
v 0.3310477 0.1287024 -0.1224955
v 0.3362673 0.1418556 -0.08043917
v 0.05635002 0.1663355 -0.06686652
v 0.09862991 0.1548491 -0.1070602
v 0.06837237 0.1553923 -0.1625773
v 0.05096235 0.1599557 -0.1648255
v 0.01017191 0.1492234 -0.1596918
v -0.03379351 0.1574633 -0.08790203
v -0.02727413 0.166381 -0.05396678
v 0.445695 0.1474577 -0.05354675
v 0.4277785 0.1339028 -0.136897
v 0.3573056 0.1226014 -0.1797112
v 0.3273906 0.133719 -0.1235452
v 0.3356368 0.1345764 -0.1125494
v 0.333428 0.1422956 -0.09355777
v 0.07194618 0.1613085 -0.08418121
v 0.09232325 0.160789 -0.1242642
v 0.06921893 0.158617 -0.1430646
v -0.0203951 0.1654523 -0.02142012
v -0.00461248 0.1647512 0.001269209
v 0.01014966 0.175663 -0.01239642
v 0.3600989 0.1640383 -0.004935755
v 0.4249739 0.1596209 0.008332385
v 0.4471134 0.1436098 -0.06971528
v 0.4427038 0.1322334 -0.1152506
v 0.3958856 0.1242869 -0.1591614
v 0.356521 0.1269048 -0.1804367
v 0.3502141 0.1292457 -0.1668284
v 0.07744177 0.1638644 -0.1004364
v 0.09516904 0.155892 -0.130852
v 0.08377144 0.160595 -0.1410308
v 0.06496035 0.1625725 -0.1590706
v 0.009387491 0.1608536 -0.1573882
v -0.03426703 0.1652899 -0.08466478
v 0.0109725 0.1810194 -0.006555814
v 0.3561347 0.1586158 -0.008592326
v 0.4446183 0.1461402 -0.02317124
v 0.4027233 0.129441 -0.1544616
v 0.3405077 0.1293049 -0.1583074
v 0.3158939 0.1522863 -0.09258892
v 0.01133895 0.1762226 -0.05893157
v 0.06475027 0.1651713 -0.08830853
v 0.08078709 0.1652494 -0.1247761
v 0.08528414 0.1689661 -0.1413792
v 0.07363845 0.1641664 -0.1508013
v 0.06023135 0.1630872 -0.1668092
v 0.05380949 0.1656826 -0.1660969
v -0.01478422 0.1624652 -0.1587665
v -0.03714937 0.1598525 -0.1033684
v 0.3278551 0.1590814 -0.05768062
v 0.3198018 0.1594414 -0.05053955
v 0.3889544 0.1670058 0.01930523
v 0.4323627 0.1656013 -0.005456372
v 0.363752 0.1281339 -0.1822181
v 0.3387541 0.1355908 -0.1532021
v 0.3263276 0.1442232 -0.1111816
v 0.3280427 0.1530073 -0.09870201
v 0.03638867 0.1676041 -0.07359489
v 0.0253871 0.1654089 -0.1568283
v -0.006484524 0.1585648 -0.1629548
v -0.007719561 0.1666232 -0.1637836
v -0.04361701 0.163931 -0.1205211
v -0.01974747 0.1687308 -0.001336821
v -0.01018215 0.1654912 0.005952334
v 0.4030381 0.1648864 0.01575413
v 0.4372859 0.1552993 -0.005169425
v 0.4484955 0.1502487 -0.0732915
v 0.4525061 0.1557664 -0.078269
v 0.4498717 0.1465216 -0.09777582
v 0.3944283 0.1395795 -0.1503595
v 0.3807376 0.1321808 -0.1713886
v 0.3545606 0.1326858 -0.1753986
v 0.3193233 0.1365026 -0.135102
v 0.05751238 0.1674147 -0.07993327
v 0.08019906 0.1688305 -0.1533004
v 0.06262822 0.1714066 -0.1736011
v 0.02150504 0.1693383 -0.1627256
v -0.04111614 0.1695233 -0.1103102
v -0.01550538 0.1682924 0.007085262
v 0.3639831 0.1727463 0.01286235
v 0.3820876 0.1737071 0.01827891
v 0.4349882 0.142458 -0.1288087
v 0.3344723 0.133684 -0.1502796
v 0.3303968 0.1532549 -0.1035832
v 0.02573126 0.1752687 -0.07054598
v 0.01095782 0.1734421 -0.1696618
v 0.003499252 0.1726119 -0.1678156
v -0.04149425 0.1688785 -0.1223738
v 0.3019563 0.1613024 -0.1108635
v 0.322217 0.169366 -0.04231256
v 0.3387935 0.168005 -0.03104496
v 0.3746786 0.1676065 0.02158724
v 0.4018999 0.1742897 0.009348099
v 0.4216418 0.1718592 0.003429559
v 0.4399218 0.1574098 -0.03519215
v 0.4448937 0.1532997 -0.06145892
v 0.3622058 0.1360919 -0.1841854
v 0.3544734 0.1387211 -0.1799716
v 0.3428932 0.1378891 -0.1618538
v 0.05669561 0.1735639 -0.07179745
v 0.05106287 0.1752785 -0.08480365
v 0.03668253 0.1719773 -0.1759372
v 0.02880747 0.1783375 -0.1792691
v -0.02005814 0.1640125 -0.1519188
v -0.03120959 0.1761331 -0.05544357
v 0.4159015 0.1388154 -0.140038
v 0.3969734 0.1470111 -0.1421178
v 0.3832802 0.136998 -0.1658509
v 0.3328164 0.1440194 -0.1716856
v 0.3328072 0.14714 -0.1424727
v 0.3252805 0.1456736 -0.1357312
v 0.3243311 0.1504922 -0.1327441
v 0.3241751 0.1512963 -0.1217691
v 0.05005097 0.1811572 -0.05953592
v 0.0570233 0.1755246 -0.1353596
v 0.06056142 0.1810683 -0.1848166
v 0.05687036 0.1750835 -0.1814941
v 0.01100596 0.1780522 -0.1731436
v 0.006162659 0.1852244 -0.167821
v 0.3347443 0.1457218 -0.1756065
v 0.3088379 0.1579244 -0.1178506
v 0.2999852 0.1731723 -0.07314325
v 0.3094116 0.1699656 -0.05499461
v 0.3525935 0.1724366 -0.0224624
v 0.351804 0.1859364 -0.02978873
v 0.359797 0.183329 0.004325875
v 0.376797 0.1829448 0.01698561
v 0.4524985 0.1686382 -0.06347898
v 0.05114465 0.1721093 -0.1042325
v 0.06717978 0.1791306 -0.1539607
v -0.02331204 0.1747984 -0.03160454
v -0.02503025 0.1810276 -0.02122444
v 0.4437147 0.1561172 -0.103217
v 0.3003584 0.1659278 -0.0937799
v 0.4022608 0.1820855 0.005942742
v 0.4306027 0.1727838 -0.007713074
v 0.01991668 0.1855536 -0.06476083
v 0.04397986 0.1763446 -0.05984885
v 0.05803023 0.1778612 -0.06423934
v 0.06222915 0.1831169 -0.07228857
v 0.05982853 0.1895529 -0.1822045
v -0.02181343 0.1955545 0.001297427
v -0.01601319 0.1954486 0.004791728
v -0.01029937 0.1842446 0.006259381
v 0.417377 0.1530187 -0.1395581
v 0.3622434 0.1448425 -0.1748299
v 0.3287706 0.153663 -0.1724776
v 0.2983772 0.1783434 -0.07478391
v 0.3065851 0.177395 -0.05629646
v 0.3459782 0.1924983 -0.03898742
v 0.02634762 0.182621 -0.06816878
v 0.05369678 0.1799361 -0.08173674
v -0.04352767 0.1778352 -0.1083426
v -0.04846977 0.184667 -0.08667392
v -0.03816343 0.1790295 -0.0686796
v -0.001170891 0.1883059 0.004165123
v 0.4524415 0.1581085 -0.08271635
v 0.3565941 0.1440465 -0.1784397
v 0.3037498 0.1609715 -0.1358279
v 0.2993526 0.1666604 -0.1250611
v 0.3121299 0.1861598 -0.05382314
v 0.4209258 0.1774315 0.0003338539
v 0.4392972 0.1689926 -0.03185979
v 0.4466855 0.165771 -0.05378263
v 0.05270891 0.183466 -0.1294363
v 0.07262788 0.1779693 -0.1613297
v 0.06926388 0.1768117 -0.1714691
v -0.02653955 0.1831708 -0.1338576
v -0.02713154 0.1873467 -0.01081316
v 0.04636566 0.1807528 -0.1843295
v -0.009387711 0.178554 -0.1596508
v -0.01669512 0.1811886 -0.1495216
v -0.03897998 0.1906553 -0.1093054
v 0.06520678 0.1934463 -0.07372126
v 0.05098759 0.1895433 -0.1000385
v 0.05782783 0.1872105 -0.1636086
v 0.3962637 0.1525024 -0.1426868
v 0.3191447 0.1539544 -0.1713411
v 0.2992525 0.1769831 -0.09742694
v 0.4476358 0.1683586 -0.08218401
v 0.4394739 0.1598834 -0.1149895
v 0.3597136 0.1531802 -0.1574769
v 0.3041006 0.1618365 -0.1515204
v 0.2983577 0.1818545 -0.07283092
v 0.02834922 0.1938064 -0.02904415
v 0.03000466 0.1926325 -0.05766648
v 0.04111834 0.2024711 -0.05157251
v 0.04909477 0.1810237 -0.1044423
v 0.05410517 0.1851392 -0.146705
v -0.02517905 0.1903531 -0.003317544
v 0.01904478 0.1913469 -0.01016362
v 0.3909217 0.1600062 -0.1485829
v 0.3531948 0.1596606 -0.1608777
v 0.3080212 0.1650538 -0.1603289
v 0.2992254 0.1736261 -0.1244246
v 0.3566426 0.1926994 0.002401385
v 0.3696776 0.1869899 0.01551618
v 0.3819628 0.186862 0.0143681
v 0.441032 0.1647633 -0.04014215
v 0.02963391 0.19646 -0.04664526
v 0.03452165 0.1992098 -0.05154792
v 0.04591771 0.1914826 -0.05627563
v 0.05350133 0.193728 -0.06351022
v 0.05125841 0.1926125 -0.1586905
v -0.03036443 0.1976984 -0.02078827
v 0.005298348 0.1842226 -1.183036E-05
v 0.4357876 0.1558287 -0.12508
v 0.339411 0.1586121 -0.166322
v 0.3000319 0.1721007 -0.1462422
v 0.3019339 0.1813518 -0.1184449
v 0.3002777 0.1865243 -0.08520679
v 0.3039651 0.1920686 -0.0619088
v 0.43279 0.1801373 -0.01079653
v 0.03119076 0.1994538 -0.02153926
v 0.05144287 0.1970857 -0.1210055
v -0.01628651 0.1910673 -0.1469664
v -0.02734757 0.1914902 -0.1240811
v -0.04841361 0.1893899 -0.07660048
v -0.03578021 0.203424 -0.04026854
v 0.4277393 0.1547284 -0.1344367
v 0.3650054 0.1587758 -0.1546465
v 0.3376912 0.1670047 -0.1705913
v 0.3270274 0.1670029 -0.1721802
v 0.3880607 0.1964896 0.009378955
v 0.4506551 0.1766001 -0.07126527
v 0.05647864 0.2036184 -0.1065552
v 0.0281226 0.1935764 -0.1797076
v -0.0389122 0.19252 -0.05526433
v 0.4095278 0.1631531 -0.1449562
v 0.3176763 0.1630367 -0.1710856
v 0.351404 0.1956247 -0.02889922
v 0.05904451 0.2059978 -0.05446242
v 0.0654793 0.1957023 -0.0836878
v -0.02899338 0.2017696 -0.008098761
v 0.4405805 0.1692749 -0.1077192
v 0.3599381 0.1689293 -0.1686689
v 0.321472 0.1712246 -0.1699845
v 0.3124171 0.2023803 -0.05895364
v 0.4397092 0.1832223 -0.01927127
v 0.4511184 0.1822445 -0.06183704
v 0.4477887 0.174908 -0.08652844
v 0.05535911 0.2034886 -0.1912509
v 0.00618479 0.2099009 0.001124755
v 0.02295873 0.2020997 -0.009132337
v 0.06969105 0.2178038 -0.05439849
v 0.06033352 0.2009932 -0.1867769
v -0.04857089 0.1925839 -0.09362541
v 0.03865398 0.207402 -0.02294138
v 0.3530224 0.2042216 -0.003189657
v 0.4257529 0.1842425 -0.003060133
v 0.3828257 0.167302 -0.1573259
v 0.4240859 0.1796734 -0.1331937
v 0.3317873 0.173006 -0.1724459
v 0.3122872 0.17735 -0.1571443
v 0.3016308 0.1843135 -0.140973
v 0.4332819 0.1920881 -0.006625272
v 0.4453547 0.1837237 -0.03629472
v 0.4485724 0.1795345 -0.05269971
v 0.06961686 0.202944 -0.08160667
v 0.05304173 0.2014697 -0.1380296
v 0.05319743 0.2077769 -0.150276
v 0.05271389 0.1993917 -0.1663119
v -0.0220642 0.2011128 -0.1360727
v -0.05278904 0.2010313 -0.08872578
v 0.04339643 0.2083406 -0.0417471
v 0.05397099 0.208045 -0.1234466
v 0.04346699 0.2066343 -0.1888852
v 0.01771877 0.1994722 -0.1702466
v 0.3633183 0.1893989 0.01137859
v 0.3586376 0.1769564 -0.1718679
v 0.3296843 0.1996027 -0.05119768
v 0.07320691 0.2115846 -0.07417454
v 0.06416851 0.2089245 -0.1000737
v -0.03065148 0.2148622 -0.005996017
v 0.0242819 0.2198563 -0.007424015
v 0.4005631 0.19799 0.003450031
v 0.4490324 0.1836578 -0.07537278
v 0.4481949 0.1801257 -0.09231812
v 0.3910854 0.1718331 -0.1559836
v 0.3283787 0.1831337 -0.1659623
v 0.3028058 0.186081 -0.09787217
v 0.4335531 0.1787141 -0.1213725
v 0.412628 0.1722414 -0.144337
v 0.06138698 0.2129924 -0.1736264
v -0.01174041 0.2124968 -0.1467889
v -0.04480795 0.2151151 -0.05206266
v 0.3685578 0.1794805 -0.1714364
v 0.3046918 0.1817947 -0.1525402
v 0.3918726 0.2074456 0.003525258
v 0.4130673 0.1849413 0.001505792
v 0.4510334 0.1975292 -0.04449422
v 0.4494542 0.1899743 -0.0573347
v 0.06061174 0.2197529 -0.04562685
v 0.071481 0.2146219 -0.09005853
v 0.03402857 0.2085193 -0.1828696
v 0.01645324 0.2141433 -0.1659804
v -0.0167684 0.2085246 -0.143386
v -0.03500843 0.2021809 -0.1171253
v -0.04741317 0.2079968 -0.1006646
v -0.002192406 0.2118817 0.003459822
v 0.05305488 0.2204474 -0.02925565
v 0.4166659 0.186106 -0.1363322
v 0.3153434 0.1844169 -0.1595111
v 0.3016609 0.1835056 -0.1471572
v 0.3130318 0.2060374 -0.1309495
v 0.3078321 0.1986263 -0.1053576
v 0.3443657 0.2147861 -0.04939452
v 0.3489746 0.2096443 -0.04217513
v 0.3661377 0.2110515 0.009515624
v 0.3768325 0.2081817 0.007972903
v 0.3999028 0.2094671 0.001351499
v 0.05591132 0.2134844 -0.1454998
v -0.04037351 0.226706 -0.03023155
v 0.06189225 0.2103189 -0.1882122
v -0.05466884 0.2031966 -0.07717375
v 0.4118253 0.2129994 0.0003464608
v 0.4286358 0.2018168 -0.003353652
v 0.4452585 0.2026012 -0.009951644
v 0.3082048 0.2032064 -0.1526037
v 0.3066855 0.2023285 -0.1005545
v 0.3006065 0.20045 -0.08236281
v 0.07206517 0.229438 -0.04774057
v 0.07594401 0.2246952 -0.06740115
v 0.06752409 0.221434 -0.1203077
v 0.04245201 0.2178431 -0.1889965
v -0.0474109 0.2011393 -0.06383907
v -0.03577481 0.2099157 -0.03501095
v -0.02046763 0.2136674 0.001710666
v 0.03369144 0.224385 -0.0116024
v 0.04763407 0.2255414 -0.02098312
v 0.3670831 0.2169837 0.00666318
v 0.4482883 0.1949535 -0.02527748
v 0.4481248 0.1943094 -0.06797081
v 0.4503303 0.186812 -0.08381727
v 0.3702036 0.1849823 -0.1713062
v 0.3431731 0.1843899 -0.1704768
v 0.3087083 0.2078703 -0.1085722
v 0.3911941 0.1834992 -0.1542455
v 0.3544453 0.1938968 -0.1792276
v 0.3124004 0.194265 -0.1640205
v 0.3538482 0.2084095 0.005861077
v 0.0662015 0.2288619 -0.03912434
v 0.06898971 0.2264985 -0.1517331
v 0.06707078 0.2263626 -0.1835236
v 0.02279947 0.2225667 -0.1641515
v -0.004207731 0.2186843 -0.1495877
v -0.04012967 0.2158956 -0.1194001
v -0.01996734 0.2315587 -0.0002716708
v 0.4346311 0.1897811 -0.1183636
v 0.3522001 0.2112149 -0.02100596
v 0.0725702 0.2282727 -0.1203205
v 0.06683511 0.2235408 -0.1662401
v 0.04282222 0.230761 -0.1901592
v -0.0513476 0.2255549 -0.06270427
v -0.007324528 0.2226041 0.003083535
v 0.01622689 0.2231914 -0.002759807
v 0.06506456 0.2422413 -0.02609432
v 0.3958019 0.1963326 -0.1379742
v 0.364479 0.1945065 -0.1730892
v 0.345238 0.1944025 -0.1800329
v 0.3344741 0.1903875 -0.1681063
v 0.3045271 0.2153191 -0.06934375
v 0.3597848 0.2142086 0.0088432
v 0.4260365 0.2113352 -0.002578681
v 0.06474645 0.2310715 -0.03193527
v 0.05090715 0.2180812 -0.1933869
v -0.01925043 0.2208877 -0.1400065
v -0.05811656 0.2191977 -0.07583747
v -0.03923872 0.2174284 -0.04176512
v 0.3231851 0.1996012 -0.1729062
v 0.299157 0.2131636 -0.08887096
v 0.2990075 0.2158546 -0.07928251
v 0.3558358 0.2326639 0.00512604
v 0.07640693 0.2336714 -0.110305
v 0.03057905 0.223943 -0.1713159
v 0.005337841 0.2266986 -0.1504355
v -0.03743599 0.2165228 -0.1239778
v -0.05529774 0.2182883 -0.08984695
v -0.0290266 0.232517 -0.004777438
v 0.3083636 0.2002546 -0.160102
v 0.3015922 0.2169051 -0.1023564
v 0.4528284 0.2062608 -0.05703143
v 0.072273 0.2319077 -0.1620425
v 0.0279941 0.2463555 -0.004115554
v 0.4506336 0.195889 -0.09209133
v 0.3775791 0.1962358 -0.1557496
v 0.36436 0.2051478 -0.1670831
v 0.3486776 0.2258741 -0.01908628
v 0.3805276 0.2197652 0.003402273
v 0.4057786 0.2215584 0.001536796
v 0.4418588 0.2217154 -0.003526172
v 0.4539344 0.2101085 -0.04047668
v 0.06960599 0.2469592 -0.02895358
v 0.06161929 0.2210476 -0.1916382
v 0.0265935 0.2315172 -0.1694282
v -0.05829884 0.2245968 -0.08631663
v 0.05182805 0.2487457 -0.01727902
v 0.4242681 0.2011096 -0.1210888
v 0.2974025 0.2265495 -0.0883319
v 0.4527784 0.2077821 -0.0190777
v 0.07518417 0.2380953 -0.05848193
v 0.0187907 0.230437 -0.158945
v -0.03901459 0.2238819 -0.1198528
v 0.4554802 0.2062668 -0.0815404
v 0.4340969 0.2112714 -0.1097166
v 0.3177291 0.2038965 -0.1734753
v 0.3141194 0.2127937 -0.1276924
v 0.3149455 0.2287839 -0.06828266
v 0.3471904 0.2384668 -0.03439666
v 0.371345 0.229791 0.009118396
v 0.3966616 0.2269501 0.002745841
v 0.07704879 0.2381418 -0.08667874
v -0.01979933 0.2315256 -0.132215
v -0.0370542 0.2231883 -0.01439397
v 0.342327 0.2084333 -0.1845664
v 0.3113032 0.229476 -0.1270376
v 0.07666927 0.2336289 -0.09540389
v 0.05261531 0.2370128 -0.194782
v 0.07269206 0.2396573 -0.0432952
v 0.07929483 0.243631 -0.1319982
v 0.07521674 0.2392537 -0.165304
v 0.03774962 0.2398186 -0.1899938
v -0.001442639 0.2393238 -0.1446523
v -0.04731175 0.2258866 -0.1116317
v -0.05962474 0.2285897 -0.0793727
v -0.01416691 0.2333391 0.001589991
v 0.04133745 0.2460596 -0.01135267
v 0.4578169 0.2069995 -0.06803727
v 0.4417503 0.2136732 -0.1004761
v 0.4043712 0.2079876 -0.1278739
v 0.3330271 0.2035256 -0.1816463
v 0.3491144 0.2274025 -0.04109357
v 0.3487962 0.2247952 -0.01036909
v 0.3092568 0.2428422 -0.07551298
v 0.3391739 0.2360132 -0.05917814
v 0.422016 0.2217994 0.0001801488
v 0.4547937 0.2196285 -0.0349527
v -0.008629346 0.2340912 -0.1411357
v 0.009851457 0.2400688 0.0001333277
v 0.4518139 0.2175982 -0.08563521
v 0.3837874 0.2016835 -0.1476597
v 0.3543951 0.2019645 -0.1793445
v 0.3145599 0.2148324 -0.1620527
v 0.3012819 0.2310268 -0.07889505
v 0.4591633 0.2180225 -0.05441519
v 0.06443328 0.2447706 -0.189649
v 0.01041492 0.2463718 -0.1554229
v -0.04207484 0.2407604 -0.02191605
v 0.3307461 0.2213168 -0.06036457
v 0.3664791 0.2433581 0.008765926
v 0.3762672 0.2402536 0.009721502
v 0.4541672 0.2243114 -0.02797065
v 0.07289003 0.2425298 -0.1788805
v -0.05860338 0.243209 -0.07637255
v -0.04549972 0.2448833 -0.04962077
v 0.0218788 0.2472152 -0.001686566
v 0.3964693 0.2053825 -0.1358148
v 0.3696474 0.2140052 -0.1606354
v 0.3172084 0.2147374 -0.1729386
v 0.3483365 0.2321096 -0.003463765
v 0.3886485 0.2379363 0.007085315
v 0.4308608 0.2371261 0.002293314
v 0.4458491 0.2279524 -0.01139686
v 0.04438262 0.2422124 -0.1942036
v -0.01016474 0.2475832 -0.1379344
v -0.02272154 0.2477533 -0.1276766
v -0.04345118 0.2454457 -0.04328269
v 0.06957453 0.2650345 -0.02585614
v 0.3471666 0.2249714 -0.1811127
v 0.3318046 0.2167014 -0.1869561
v 0.3215347 0.2147623 -0.1799968
v 0.3166708 0.2227227 -0.1380836
v 0.2978334 0.2370719 -0.1030132
v 0.3306246 0.2556388 -0.06696541
v 0.3534163 0.2509847 0.00300174
v 0.07912546 0.253397 -0.09512505
v 0.0801319 0.2527392 -0.1515003
v 0.04842713 0.2506705 -0.1927759
v -0.0001687041 0.2450194 0.001350202
v 0.3228569 0.2267631 -0.1626687
v 0.3193116 0.2226705 -0.1497733
v 0.4597934 0.2255769 -0.05811911
v 0.07368375 0.2697659 -0.03341815
v 0.07642852 0.2560937 -0.07774402
v 0.06580935 0.255594 -0.1869289
v -0.04828764 0.2441416 -0.1097686
v -0.03830511 0.2430401 -0.01085926
v 0.3929269 0.2217234 -0.1426181
v 0.3875812 0.216325 -0.1481175
v 0.3021099 0.2309862 -0.1130573
v 0.3382555 0.2627701 -0.03080595
v 0.3477805 0.2422249 -0.003204341
v 0.07299867 0.2527449 -0.04631571
v 0.08321097 0.2582027 -0.130966
v 0.003843049 0.2547612 -0.1477023
v -0.03839601 0.2415542 -0.1208915
v -0.01783222 0.2568168 -0.001006627
v 0.4289463 0.2275627 -0.1087818
v 0.331829 0.2281899 -0.1881571
v 0.3435664 0.2451538 -0.04995257
v 0.4111879 0.2486206 0.005099776
v 0.08475929 0.2681884 -0.1216255
v 0.07262698 0.2498756 -0.1818035
v 0.07332598 0.2650302 -0.1777594
v 0.02491298 0.2591802 -0.1870144
v -0.04307461 0.2496143 -0.03179678
v -0.02479868 0.249536 -0.00261551
v 0.4596333 0.222598 -0.06880848
v 0.3378571 0.2284363 -0.1884061
v 0.2998977 0.2450011 -0.0868883
v 0.3435994 0.2522011 -0.04251617
v 0.3984653 0.2465582 0.005947953
v 0.422603 0.2517723 0.003917701
v 0.07982443 0.2585778 -0.1594663
v 0.0232897 0.2453161 -0.1797973
v 0.01569791 0.2519782 -0.1732674
v -0.05821621 0.2422329 -0.08980639
v -0.0596803 0.256743 -0.08964442
v 0.2981496 0.2420317 -0.08839334
v 0.4546617 0.232189 -0.02722411
v 0.03906491 0.2557086 -0.1918696
v -0.05914605 0.2538856 -0.08039441
v 0.00920701 0.2586083 0.00171157
v 0.4452581 0.2303074 -0.09189123
v 0.4118048 0.2338853 -0.1193716
v 0.3277951 0.2302768 -0.1834062
v 0.3248073 0.2353735 -0.1636505
v 0.3156013 0.2336645 -0.1394359
v 0.3231362 0.2462165 -0.1683792
v 0.3401543 0.2584426 -0.0187416
v 0.375762 0.2544493 0.01084272
v 0.4369049 0.2274244 -0.001406973
v 0.4611902 0.2335306 -0.05994109
v -0.05261916 0.2475298 -0.0640391
v -0.008011563 0.2436074 0.00118646
v 0.02355739 0.2682217 0.001045273
v 0.001510004 0.2720234 -0.1663935
v 0.4261279 0.2378806 -0.1056286
v 0.4005053 0.2393269 -0.1374208
v 0.4457616 0.2528077 -0.01387848
v 0.4577356 0.2431013 -0.04303985
v 0.08794504 0.281652 -0.1318753
v -0.01530273 0.2585258 -0.1349416
v -0.0360529 0.2578418 -0.1171615
v -0.05586959 0.2589301 -0.1029577
v 0.03836488 0.2620937 -0.004182962
v 0.4576957 0.244662 -0.07606439
v 0.3836884 0.2439215 -0.155953
v 0.3764364 0.2344607 -0.1595908
v 0.3054647 0.2486873 -0.1336991
v 0.3860908 0.2551659 0.009107571
v 0.4056261 0.2558008 0.00587016
v 0.4536605 0.2475151 -0.02874999
v 0.07555379 0.2723152 -0.08103836
v 0.05789482 0.264845 -0.1884309
v -0.02612718 0.2699599 -0.004075448
v 0.05735365 0.2766132 -0.0115695
v 0.06289537 0.2671224 -0.01970026
v 0.3289165 0.2373927 -0.1756895
v 0.3365068 0.2573845 -0.0619925
v 0.08613946 0.2724747 -0.1409155
v 0.06639294 0.2718801 -0.1835619
v 0.03279622 0.2749031 -0.1878634
v 0.3354122 0.270469 -0.01790156
v 0.4163179 0.2625124 0.004386832
v 0.07449118 0.270446 -0.06309852
v 0.01928272 0.2724957 -0.1855308
v -0.01180267 0.2839299 -0.1488324
v -0.05036916 0.2642747 -0.06629343
v -0.03807276 0.2595994 -0.01160398
v -0.004613764 0.2656514 0.0003560218
v 0.3929692 0.2433567 -0.1472686
v 0.35183 0.2423455 -0.1838908
v 0.3273513 0.2435596 -0.1741597
v 0.2951348 0.2589672 -0.1105293
v 0.295762 0.2550867 -0.09728897
v 0.3035354 0.255257 -0.08201632
v 0.3170595 0.2590689 -0.07340915
v 0.3786357 0.2796821 0.01165767
v 0.3952409 0.2686127 0.009461071
v 0.4355302 0.2577459 -0.002269449
v 0.0824374 0.2772884 -0.1077922
v 0.2959458 0.259786 -0.1174105
v 0.2969562 0.2836751 -0.09306452
v 0.4425638 0.2577376 -0.01032899
v 0.07654067 0.2846794 -0.04492383
v 0.08698209 0.2859196 -0.1228696
v -0.01185021 0.2727666 -0.1415301
v -0.03727344 0.2718633 -0.1228741
v 0.4493782 0.2447143 -0.0874292
v 0.3122681 0.248875 -0.1470267
v 0.3444031 0.2620664 -0.006831483
v 0.3815829 0.2643867 0.01153175
v 0.07058011 0.2886921 -0.02435367
v 0.08489484 0.2775827 -0.1460301
v 0.06971522 0.279846 -0.1774425
v -0.04574993 0.2647753 -0.05573427
v -0.03297101 0.2627302 -0.007235223
v -0.009630155 0.2799632 -0.001216891
v 0.4320718 0.2499979 -0.104027
v 0.3427932 0.2386405 -0.1885486
v 0.3331409 0.2582424 -0.1812386
v 0.3296809 0.2731839 -0.06626997
v 0.3702933 0.2749955 0.01024023
v 0.4039833 0.2646235 0.007357634
v 0.08470562 0.2957119 -0.1182114
v 0.05527461 0.282765 -0.1887377
v -0.05212346 0.269953 -0.1089397
v -0.05877107 0.2685423 -0.08073851
v -0.04679191 0.2780559 -0.04756585
v 0.03022961 0.2684749 0.0003264332
v 0.4526223 0.2538179 -0.08105875
v 0.3037079 0.2893099 -0.0799848
v 0.4591907 0.2488249 -0.06728709
v 0.07818611 0.2993858 -0.03640711
v 0.08367345 0.2862061 -0.1430781
v -0.05833937 0.2712806 -0.09583627
v -0.04273536 0.2665091 -0.02970147
v 0.0216191 0.2735052 0.0007140273
v 0.3277543 0.2510727 -0.1765796
v 0.4559185 0.2586993 -0.05412285
v 0.07298206 0.2970508 -0.07787362
v -0.03307715 0.281601 -0.1302171
v 0.0514437 0.2737743 -0.008497664
v 0.4196662 0.2546501 -0.1211171
v 0.3170329 0.2565289 -0.1730758
v 0.3094471 0.2601264 -0.155266
v 0.2980679 0.2523966 -0.1188013
v 0.3012047 0.2712981 -0.08446641
v 0.3396832 0.2651258 -0.04533856
v 0.4283376 0.2687455 0.0002759644
v 0.08071729 0.2800066 -0.1537015
v 0.05874376 0.2923223 -0.1836748
v 0.008310348 0.274466 -0.1791246
v -0.05931604 0.2846538 -0.09240957
v 0.006141637 0.3007998 0.001525396
v 0.04205126 0.3100682 0.008278089
v 0.3591767 0.2557535 -0.1807006
v 0.3334315 0.2703428 -0.1812772
v 0.3025152 0.2603714 -0.1391701
v 0.2947493 0.2662911 -0.1058168
v 0.4545932 0.2575561 -0.03970826
v 0.08785162 0.2959831 -0.13234
v 0.06229968 0.2961252 -0.171683
v -0.01896943 0.2930084 -0.1441987
v -0.0481104 0.2852694 -0.06155155
v 0.03957416 0.2851611 0.002118627
v 0.4414981 0.2563105 -0.0957026
v 0.3490399 0.2620828 -0.1878658
v 0.3301944 0.2864951 -0.06248412
v 0.05222167 0.2945698 -0.1890764
v 0.01706969 0.285753 -0.1845145
v -0.04258463 0.2653824 -0.01816753
v 0.3345338 0.2466951 -0.1880015
v 0.3171444 0.2795161 -0.07257157
v 0.3320654 0.2829166 -0.04640977
v 0.08336212 0.2934587 -0.1426475
v 0.04107631 0.2805797 -0.1898898
v -0.03235732 0.286919 -0.008583579
v 0.06224003 0.2913478 -0.01292514
v 0.4093905 0.2618918 -0.1324073
v 0.316441 0.2699298 -0.1797504
v 0.4421285 0.2742064 -0.01420471
v 0.4497642 0.2664987 -0.02787233
v 0.4593242 0.2599366 -0.06675585
v 0.07738528 0.3101309 -0.09968149
v -0.05830617 0.2891596 -0.08840711
v -0.05186665 0.2818475 -0.07350802
v -0.01036159 0.3061612 -0.002030529
v 0.04982404 0.2985293 -0.0003168127
v 0.394549 0.2594207 -0.1459546
v 0.3754141 0.2587134 -0.1649113
v 0.4052281 0.280632 0.008666689
v 0.4169093 0.2789105 0.006067425
v 0.06600642 0.3026654 -0.1628892
v 0.0679962 0.2947143 -0.162996
v 0.007584954 0.2920219 0.001551538
v 0.07833258 0.2968331 -0.04490712
v 0.001285498 0.2839369 -0.1754742
v -0.042593 0.3037316 -0.1241201
v -0.04242851 0.304379 -0.03778389
v -0.01756565 0.277437 -0.001979731
v 0.02885686 0.3110595 0.01130799
v 0.0740769 0.3001306 -0.02943052
v 0.3916807 0.285346 0.01060769
v 0.4201656 0.2878808 0.004376908
v 0.4312666 0.2756629 -0.002282616
v 0.4539842 0.2692674 -0.07983241
v 0.4376866 0.2713244 -0.1028742
v 0.303383 0.277977 -0.1573626
v 0.29574 0.2816262 -0.1315887
v 0.4291762 0.2896247 -0.0007598414
v 0.450896 0.2768939 -0.03781275
v 0.4555182 0.2701329 -0.05780148
v 0.4546919 0.2793788 -0.07721853
v 0.0737541 0.2935742 -0.06476413
v 0.05834167 0.3030416 -0.01018843
v 0.3423725 0.2854183 -0.005626914
v 0.4436646 0.2824094 -0.02194341
v 0.08097766 0.3056895 -0.1494958
v -0.03689074 0.3013943 -0.1311916
v -0.05375801 0.3075059 -0.07435793
v -0.02584803 0.2828893 -0.004752279
v 0.3653759 0.269493 -0.1754046
v 0.344412 0.2739311 -0.1854786
v 0.2921579 0.2979465 -0.119074
v 0.2925054 0.2986474 -0.1064224
v 0.3257754 0.2885568 -0.06746496
v 0.3269133 0.2929761 -0.03947076
v 0.4029878 0.2990841 0.009464114
v 0.4541208 0.2718509 -0.04893771
v 0.08506767 0.3155438 -0.1468072
v 0.03041589 0.3000231 -0.1931779
v 0.01085653 0.3034934 -0.1871185
v -0.004213374 0.2975657 -0.1721181
v -0.05575087 0.2898846 -0.1042824
v 0.02389573 0.3199538 0.01289088
v 0.06775932 0.3084961 -0.02233688
v 0.4490115 0.2759437 -0.09046333
v 0.3289677 0.2865784 -0.1872762
v 0.299926 0.2883053 -0.0850815
v 0.3267809 0.3050478 -0.01833173
v 0.3499307 0.2807973 0.0004705493
v 0.08250565 0.3320473 -0.1242501
v 0.01618369 0.3019972 0.006093142
v 0.07506339 0.3171428 -0.0295008
v 0.4238364 0.2657885 -0.1177721
v 0.3287628 0.2943324 -0.0508054
v 0.3286397 0.2898242 -0.02205731
v 0.3562101 0.280092 0.004095842
v 0.3646127 0.2834994 0.008456253
v -0.008588003 0.2922952 -0.1626187
v 0.05748979 0.3147972 -0.01227038
v 0.3793025 0.2739575 -0.1582886
v 0.3643271 0.2818072 -0.1790971
v 0.3432455 0.2809734 -0.1855851
v 0.07423365 0.3058394 -0.06698409
v 0.04932351 0.3141223 -0.1806378
v -0.05647204 0.3056684 -0.1029164
v -0.04841371 0.2976003 -0.05266777
v -0.04007099 0.2881719 -0.01666097
v 0.03716635 0.3081537 0.009805946
v 0.437625 0.2824486 -0.009041138
v 0.4418002 0.2985007 -0.02231795
v 0.4515176 0.2865557 -0.04949465
v 0.02856227 0.3159531 -0.1936391
v -0.02410911 0.309482 -0.006781327
v 0.08139422 0.3202993 -0.03729426
v 0.4527216 0.2884524 -0.0837656
v 0.04807362 0.3080187 -0.17923
v 0.04199339 0.2968468 -0.1940279
v -0.03853247 0.3119588 -0.01829044
v 0.4012262 0.282126 -0.1367044
v 0.3939914 0.2925017 -0.1442534
v 0.3478239 0.2911738 -0.1877848
v 0.3429192 0.306031 -0.002834958
v 0.3864826 0.3071491 0.0134601
v 0.4303105 0.302021 -0.003774696
v 0.06916945 0.3064966 -0.1611363
v 0.005430923 0.3204274 -0.1888123
v 0.007385143 0.3131351 0.003379852
v 0.356452 0.2759154 -0.1859864
v 0.08664169 0.3072963 -0.1293338
v 0.08456735 0.3327572 -0.136128
v 0.07902439 0.3234693 -0.1622659
v -0.05752952 0.3132748 -0.08607875
v 0.4408797 0.2877571 -0.1016688
v 0.3169792 0.2889785 -0.1847557
v 0.3225487 0.303937 -0.06684068
v 0.4507473 0.3011383 -0.05691829
v 0.4521626 0.2944571 -0.07907401
v 0.0651847 0.3242233 -0.02411847
v 0.08311564 0.3339233 -0.04031111
v 0.0817543 0.3266681 -0.0535997
v -0.008224793 0.3208789 -0.1741636
v 0.04387894 0.3215746 0.008441847
v 0.2921261 0.3200471 -0.1005605
v 0.319494 0.3106756 -0.06803762
v 0.4134839 0.2974692 0.007011304
v 0.05425418 0.3291183 -0.01550449
v 0.05740487 0.3254196 -0.1842935
v 0.02590675 0.3263691 -0.1905792
v 0.03687913 0.3329622 0.01606484
v 0.4420964 0.2957638 -0.101094
v 0.3150343 0.3101579 -0.1882046
v 0.3593633 0.3147931 0.008450785
v 0.3710244 0.3140946 0.01302337
v 0.3785806 0.3034688 0.01365962
v 0.4408513 0.3044225 -0.02402196
v 0.4480186 0.2958721 -0.04194899
v 0.0736598 0.3290783 -0.07917417
v 0.01835615 0.3229441 -0.1936792
v -0.04444315 0.303294 -0.04371414
v 0.03205865 0.3404866 0.01937238
v 0.4481091 0.2971757 -0.09172844
v 0.3942491 0.3084919 -0.1468787
v 0.296248 0.3134485 -0.08526198
v 0.3029989 0.3084054 -0.07722417
v 0.3258971 0.2947442 -0.03604092
v 0.3192395 0.3120191 -0.02829647
v 0.4045693 0.310456 0.01027987
v 0.04059193 0.3395509 0.01408605
v 0.03082044 0.3187257 -0.1887348
v -0.04175491 0.2975913 -0.02481817
v 0.3305588 0.2955349 -0.1879788
v 0.3069656 0.2812388 -0.1735394
v 0.4170019 0.3106219 0.006318166
v 0.0472244 0.3274089 0.001881417
v 0.075491 0.3468367 -0.07486178
v -0.009286069 0.3369073 -0.1806426
v -0.02382423 0.3155677 -0.1470821
v 0.2978109 0.299065 -0.1512844
v 0.2916415 0.3001278 -0.1123829
v 0.3203027 0.3167709 -0.0502416
v 0.318659 0.3264501 -0.02035884
v 0.4367567 0.3061058 -0.0158734
v 0.05830846 0.3433919 -0.01952659
v 0.07770599 0.3310389 -0.03096273
v 0.4184403 0.2961721 -0.1206904
v 0.2936206 0.2984174 -0.1363786
v 0.2921392 0.3041615 -0.1292372
v 0.3249269 0.3314424 -0.01396759
v 0.4444738 0.3058385 -0.03821601
v 0.05234251 0.3399574 -0.01482441
v 0.06708843 0.3421625 -0.02473637
v 0.0831842 0.3419854 -0.05414926
v 0.07996368 0.3432677 -0.1647754
v 0.009817316 0.3239741 -0.1924027
v -0.05851589 0.3270918 -0.08358644
v 0.01791497 0.3236625 0.01105391
v 0.3937558 0.3172585 0.01363293
v 0.07555677 0.3417352 -0.10015
v 0.03215322 0.3286829 -0.1913873
v -0.05393502 0.3119165 -0.06325781
v 0.3652695 0.2975184 -0.1794394
v 0.3472992 0.3189192 0.001854609
v 0.3808665 0.3239602 0.01518612
v 0.3568968 0.2931561 -0.1853514
v 0.28924 0.3241408 -0.1122464
v 0.4133664 0.3214885 0.008479284
v 0.4460828 0.3125251 -0.04647846
v 0.4492891 0.3140988 -0.08405367
v 0.06414752 0.3518115 -0.0186951
v -0.05366752 0.3317637 -0.1121662
v -0.04327144 0.3235079 -0.0279753
v -0.0003685026 0.3342685 0.0002251607
v -0.01516049 0.3266277 -0.1647917
v -0.04063002 0.3253888 -0.1320696
v -0.001392921 0.3443737 0.001919044
v 0.3064117 0.3041822 -0.175118
v 0.3169715 0.3195269 -0.02748095
v 0.4333012 0.3242111 -0.004486573
v 0.4478722 0.3186675 -0.06035108
v 0.4525411 0.3094658 -0.07124039
v 0.07397337 0.3576495 -0.08388267
v 0.08497088 0.3308084 -0.1459572
v 0.07006386 0.3420763 -0.1810474
v 0.06595219 0.3362053 -0.1825925
v 0.02027675 0.342851 -0.1933237
v 0.02638964 0.3529074 0.02288877
v 0.3380578 0.3093598 -0.1865557
v 0.2955078 0.3281338 -0.08347084
v 0.3845657 0.3653526 0.02095737
v 0.3938995 0.3475184 0.01699892
v 0.04528081 0.3502325 -0.007035392
v 0.08515525 0.3468078 -0.0424233
v 0.07949909 0.344105 -0.06302837
v 0.01259543 0.3392432 -0.1908686
v -0.02738842 0.3473831 -0.149532
v -0.04500715 0.3245394 -0.04332566
v 0.3226524 0.3089863 -0.1888208
v 0.2994401 0.3122441 -0.1615916
v 0.2885667 0.3339212 -0.1278698
v 0.3111488 0.3402096 -0.05184929
v 0.3530765 0.3413255 0.01014315
v 0.4403101 0.3148398 -0.02473703
v 0.03926395 0.3560281 0.01556048
v 0.07352236 0.3532363 -0.09591474
v -0.05121206 0.324531 -0.116098
v -0.05811051 0.3212165 -0.09708847
v 0.01369085 0.3462572 0.01555727
v 0.4363787 0.3041866 -0.1060712
v 0.3595344 0.3176503 -0.18342
v 0.3497231 0.3128993 -0.1856122
v 0.3047408 0.3328013 -0.07142647
v 0.3124349 0.3357036 -0.05778077
v 0.3634949 0.3373183 0.01421609
v 0.3898655 0.3448048 0.01756152
v 0.07955517 0.343105 -0.03172965
v 0.08386379 0.3564648 -0.03640273
v 0.04984147 0.3535916 -0.2023616
v 0.003349254 0.3436977 -0.1896385
v -0.004091419 0.3433109 -0.1867639
v -0.05987588 0.3332378 -0.08829825
v 0.3680246 0.3189321 -0.1778402
v 0.398731 0.3402736 0.01484853
v 0.06052661 0.3652758 -0.00610054
v -0.01821674 0.3510855 -0.1701405
v -0.06161855 0.3450936 -0.08050323
v -0.05112934 0.3265202 -0.05486759
v -0.0179327 0.3367302 -0.008193921
v 0.01292243 0.3523248 0.01522033
v 0.3729571 0.2990235 -0.1691838
v 0.3761126 0.3257133 -0.1698538
v 0.2919338 0.320757 -0.1430019
v 0.305517 0.3528553 -0.02565531
v 0.4431902 0.3323232 -0.04248641
v 0.05011373 0.3586504 -0.007125108
v 0.07802226 0.3644456 -0.1282439
v 0.04346615 0.3465563 -0.201218
v -0.01392623 0.3555721 -0.1785511
v -0.03455736 0.3234758 -0.01630556
v -0.01093796 0.3521747 -0.004974357
v 0.4430922 0.3170519 -0.09799385
v 0.4194012 0.3241891 -0.1242977
v 0.405594 0.3269503 -0.1384843
v 0.3900188 0.3277637 -0.1548596
v 0.319454 0.3206625 -0.190165
v 0.3129725 0.3349148 -0.02378916
v 0.340596 0.3321959 -0.0008688869
v 0.06705827 0.3640451 -0.01545609
v 0.0855177 0.3620744 -0.05209663
v 0.001831099 0.3574266 0.004089738
v 0.03456644 0.3699811 0.02432918
v 0.4364156 0.3268311 -0.1086093
v 0.2892418 0.3229985 -0.120195
v 0.0292732 0.3534904 -0.2025605
v -0.05745899 0.3416547 -0.1022771
v 0.4374766 0.349623 -0.107721
v 0.3916661 0.3506183 -0.1557386
v 0.3107117 0.3600808 -0.01715668
v 0.4245163 0.3349107 0.002932895
v 0.4455165 0.3326904 -0.05378941
v 0.4468338 0.3272936 -0.07889031
v 0.07102019 0.3590066 -0.02293496
v 0.08002286 0.3707699 -0.0298226
v 0.07589215 0.3727912 -0.07881451
v 0.006349685 0.3536833 -0.1901768
v 0.3710789 0.3329985 0.01532952
v -0.06111615 0.354706 -0.06746492
v -0.04995274 0.3501849 -0.04269845
v 0.01670491 0.3595735 0.01640122
v 0.04140832 0.3580892 0.0004390585
v 0.3566154 0.3452944 -0.184707
v 0.3502013 0.3271185 -0.1867996
v 0.3040333 0.3338944 -0.1723695
v 0.2939842 0.3250521 -0.1530297
v 0.3005856 0.3608183 -0.06036754
v 0.08781145 0.3737193 -0.04214334
v 0.0727763 0.3666872 -0.1840721
v 0.06258441 0.3659827 -0.1959833
v -0.002849721 0.3598545 -0.1876305
v -0.04711995 0.3509006 -0.1281017
v -0.06186014 0.3464616 -0.09332305
v -0.05682821 0.364121 -0.06144135
v -0.04509073 0.3481593 -0.03086044
v 0.02020823 0.3544083 0.02106036
v 0.2893509 0.3393569 -0.1419592
v 0.2876973 0.3474068 -0.1024511
v 0.3065281 0.3475221 -0.05904391
v 0.3003162 0.3650177 -0.02723797
v 0.3970049 0.3538513 0.01410663
v 0.4408321 0.3349195 -0.02022588
v -0.04074046 0.343468 -0.1346071
v 0.02967068 0.3684584 0.02711954
v 0.06708849 0.3751287 -0.00682949
v 0.3277057 0.3509371 -0.007123478
v 0.3412627 0.3654718 0.008706773
v 0.410836 0.3425126 0.007943939
v 0.4353034 0.3523158 -0.01891031
v 0.445111 0.3526813 -0.06076826
v 0.4435503 0.3484533 -0.09473394
v 0.08353658 0.3822217 -0.06396238
v 0.08018845 0.3613377 -0.1615719
v -0.02842131 0.3568337 -0.01769691
v 0.2864885 0.3635684 -0.0899018
v 0.3010118 0.3648736 -0.05120447
v 0.3646173 0.3781933 0.02319436
v -0.06678361 0.367954 -0.08924218
v -0.03985757 0.354781 -0.02546448
v 0.3063482 0.3479259 -0.03800648
v 0.3321426 0.3601522 -0.0003766194
v 0.3578714 0.3815919 0.02235918
v 0.07128667 0.3768873 -0.01816798
v -0.05327681 0.3542045 -0.05570468
v 0.02491403 0.3724613 0.02352994
v 0.2952731 0.3533733 -0.07271948
v 0.01874784 0.3664877 -0.20307
v -0.05882751 0.3693345 -0.1096875
v -0.06153316 0.3455063 -0.07068389
v -0.02316654 0.3759587 -0.0176747
v 0.01251746 0.372912 0.002552964
v 0.05870752 0.3757746 0.0002070526
v 0.3683991 0.3536695 -0.1788544
v 0.3296489 0.3319871 -0.1914859
v 0.3220601 0.3463818 -0.1918501
v 0.3140291 0.3385867 -0.1872739
v 0.2910228 0.3504451 -0.08358973
v 0.0806891 0.3607702 -0.1445955
v 0.06876305 0.3711053 -0.1907635
v 0.03669644 0.383782 -0.2098862
v 0.03597851 0.3762182 0.01848929
v 0.0406772 0.3767206 0.003038035
v 0.3421171 0.339195 -0.1899625
v 0.4410091 0.3591451 -0.03667038
v 0.07385668 0.3777746 -0.1106519
v -0.02337334 0.3701442 -0.1661963
v 0.3826817 0.3522997 -0.1653108
v 0.2906197 0.3566669 -0.15704
v 0.3753549 0.3629386 0.02137833
v 0.4436932 0.3428157 -0.04767705
v 0.4452721 0.3459274 -0.0841794
v 0.02761337 0.3680627 -0.2083295
v -0.009110793 0.3623627 -0.1844665
v -0.04855004 0.3707184 -0.03460891
v 0.01955705 0.3787662 0.01288632
v 0.2865228 0.3676844 -0.1438432
v 0.4224834 0.3529297 -0.00491358
v 0.0842442 0.3902464 -0.03215092
v 0.07658944 0.3746945 -0.1769836
v -0.02159825 0.3869514 -0.1732765
v -0.05292748 0.379874 -0.1275368
v 0.4215223 0.3374869 -0.1248459
v 0.07697716 0.4055264 -0.01084577
v 0.006568927 0.371628 -0.1973515
v -0.0619159 0.3834463 -0.06434038
v 0.04688044 0.3779429 0.0008521881
v 0.3876664 0.3820273 0.0195258
v 0.3935193 0.3784351 0.01451588
v 0.08867852 0.3837576 -0.04502849
v 0.07620365 0.3916805 -0.1705905
v -0.001729392 0.3716861 -0.1914169
v -0.01584495 0.3856477 -0.1805282
v -0.04532669 0.3734373 -0.1369452
v -0.05538169 0.3811592 -0.04447752
v -0.004693302 0.3737467 -0.008394911
v 0.02872917 0.3808312 0.02853271
v 0.03664972 0.382098 0.01066193
v 0.06137792 0.3985542 0.008745708
v 0.2984739 0.3456684 -0.1688655
v 0.3992429 0.3687533 0.006947089
v 0.405883 0.3682932 -0.0005684185
v 0.4125995 0.3731598 -0.01001211
v 0.07854575 0.3851365 -0.07645656
v 0.07466376 0.3913718 -0.09271638
v 0.07353992 0.3832973 -0.09735027
v 0.06771891 0.391791 -0.1966901
v 0.009209368 0.3912882 -0.006309872
v 0.4001789 0.3532965 -0.1473285
v 0.3411916 0.3695827 -0.1949276
v 0.3082992 0.3460449 -0.1793822
v 0.2956227 0.3360572 -0.1609123
v 0.2928675 0.3591641 -0.1643487
v 0.2828979 0.3747586 -0.1076439
v 0.2835141 0.3739163 -0.09794381
v 0.3407183 0.3879167 0.01604213
v 0.009993798 0.3928207 -0.204667
v -0.06308401 0.3624893 -0.09907044
v -0.04078389 0.3872272 -0.02938688
v 0.4346892 0.3689544 -0.1088876
v 0.3752 0.3567663 -0.1727088
v 0.3306148 0.3858238 0.008306338
v 0.4459738 0.3727982 -0.07265282
v 0.08979381 0.3973831 -0.053565
v 0.07572474 0.3943865 -0.1618265
v 0.07336123 0.4011703 -0.182717
v -0.05392665 0.3905632 -0.1320441
v -0.05573007 0.3704446 -0.05522342
v -0.01751567 0.3897793 -0.01844346
v 0.07278015 0.4013367 0.002202912
v 0.3623489 0.3621907 -0.1835626
v 0.333209 0.353202 -0.1938147
v 0.3156073 0.3671687 -0.1884718
v 0.2882364 0.3666876 -0.07717033
v 0.2868995 0.3770612 -0.07193542
v 0.3002957 0.3780465 -0.02036617
v 0.3967968 0.381007 0.007690175
v 0.4428934 0.3613281 -0.05337522
v 0.4454024 0.3675621 -0.08657572
v 0.06767818 0.3925832 0.0043372
v 0.2954597 0.3769456 -0.05077434
v 0.3723384 0.3811018 0.02332163
v 0.4350947 0.3687215 -0.02925518
v 0.07021919 0.3997388 -0.192915
v 0.03648112 0.3948921 0.009703027
v 0.07218358 0.4081431 -0.1181012
v 0.07523977 0.3896965 -0.1359072
v 0.02360206 0.3891527 -0.2100233
v -0.04427642 0.4120798 -0.1522005
v -0.04777328 0.3982788 -0.1435565
v -0.06769305 0.3957708 -0.1112038
v 0.01106836 0.4028015 -0.0006283643
v 0.07329288 0.4131518 -0.110045
v 0.02117177 0.3944727 0.02724753
v 0.3148547 0.3777347 -0.1899375
v 0.3006333 0.3692495 -0.1785096
v 0.3513765 0.3790089 0.01928979
v 0.4008382 0.3905675 -0.006362404
v 0.07532374 0.4094161 0.001752229
v 0.09028964 0.4034317 -0.0402344
v 0.056911 0.404514 -0.2087309
v -0.06960951 0.3849135 -0.07408726
v 0.03105924 0.419557 0.01675115
v 0.4241229 0.3675439 -0.1219495
v 0.2930309 0.3826425 -0.03309025
v 0.09221285 0.4251995 -0.03657165
v 0.03985186 0.3956941 -0.2112242
v -0.06238878 0.402812 -0.06074371
v 0.3543048 0.3892406 -0.1916066
v 0.3292204 0.3861306 -0.1967026
v 0.28025 0.3935877 -0.08925694
v 0.4134671 0.3869925 -0.02107313
v 0.440711 0.39184 -0.06991625
v 0.08735345 0.4049018 -0.03218627
v 0.08691436 0.4029879 -0.06268106
v 0.06301317 0.3957247 -0.2023574
v 0.01526766 0.3967175 0.018345
v 0.07183771 0.4281866 0.01689938
v 0.4159052 0.3899728 -0.1305252
v 0.3654733 0.392301 -0.1839621
v 0.2839006 0.3847576 -0.1420095
v 0.2845496 0.3650372 -0.117782
v 0.3789163 0.3950448 0.02351301
v 0.08019341 0.402013 -0.02026616
v 0.005089975 0.411955 -0.2054233
v -0.008488821 0.4012568 -0.1902994
v -0.05300166 0.3979364 -0.04062016
v 0.006840388 0.4222948 0.01337984
v 0.02982448 0.4112548 0.02219801
v 0.3218 0.3800986 -0.1937578
v 0.2953128 0.3809455 -0.1772922
v 0.2874181 0.387806 -0.1620123
v 0.3368364 0.4057558 0.01698273
v 0.07715677 0.4164034 -0.0955454
v 0.05232976 0.3920815 -0.2078614
v -0.02378189 0.4202665 -0.1787739
v -0.07133264 0.3881277 -0.09448008
v -0.05913657 0.41234 -0.05016603
v 0.028847 0.3956753 0.02766975
v 0.04535117 0.4302926 0.01309489
v 0.2859781 0.40582 -0.03370725
v 0.3885535 0.408498 0.01631017
v 0.0773198 0.433301 0.009022288
v 0.04555752 0.4094344 0.008111921
v 0.06326605 0.4266047 0.01845374
v 0.4086511 0.3655414 -0.138533
v 0.3789102 0.3797556 -0.1701804
v 0.2923855 0.3946322 -0.1783462
v 0.2888778 0.3923761 -0.05328498
v 0.2911046 0.3964667 -0.02366255
v 0.3148259 0.4000044 -0.001068146
v 0.08235692 0.4272137 -0.01719927
v 0.02617303 0.4163536 -0.2165902
v 0.3093908 0.384692 -0.009380693
v 0.3815805 0.4243641 0.01920595
v 0.4401515 0.3812108 -0.09710643
v 0.0704808 0.4316766 -0.1308613
v 0.005910932 0.414051 -0.01032092
v 0.3721087 0.4130902 0.02548204
v 0.07139536 0.4132892 -0.1743912
v -0.07273321 0.409622 -0.08322886
v 0.00115506 0.395825 -0.0128994
v 0.005521794 0.4333385 -0.007732812
v 0.4321297 0.3952157 -0.1136574
v 0.3912552 0.3934971 -0.1560152
v 0.3469774 0.380789 -0.1942027
v 0.3277706 0.3995055 0.008925952
v 0.3974548 0.4075917 0.0001989612
v 0.4404714 0.3766787 -0.05772528
v 0.4419015 0.3863347 -0.08920196
v 0.06692185 0.4225406 -0.19856
v -0.05996351 0.4093708 -0.1310448
v 0.27751 0.406981 -0.1094838
v 0.3148059 0.4256336 0.006338621
v 0.4146874 0.3998494 -0.03125675
v 0.0935264 0.4228473 -0.04757916
v 0.08754352 0.4273745 -0.0705462
v -0.04590916 0.386942 -0.03281308
v 0.003557734 0.4398916 0.02418464
v 0.03726838 0.4220649 0.01153867
v 0.05437979 0.4372066 0.02050783
v 0.3033918 0.392074 -0.1907426
v 0.392737 0.4051981 0.01202172
v 0.09315477 0.4378272 -0.05693296
v 0.07021818 0.4171258 -0.1413675
v -0.03328497 0.4234599 -0.1679996
v -0.06461541 0.4054787 -0.06632945
v -0.0297903 0.4004381 -0.02606221
v 0.0004844797 0.4160048 -0.01632752
v 0.02149853 0.4143744 0.0297344
v 0.3221365 0.3918702 -0.1976522
v 0.2869543 0.4032954 -0.1623826
v 0.2824213 0.3969571 -0.1369846
v 0.01015299 0.4203539 -0.2105621
v -0.07363417 0.4125781 -0.09773788
v 0.3733424 0.3894659 -0.1770628
v 0.3391135 0.3925822 -0.1979039
v 0.4316594 0.3914673 -0.04871199
v 0.4409882 0.3970208 -0.0967668
v 0.07427111 0.435405 -0.1150438
v 0.05839692 0.4274363 -0.2132961
v 0.0006020829 0.4425094 0.01255388
v 0.01294753 0.4212524 0.02791921
v 0.0334135 0.423266 0.01384245
v 0.278227 0.4073178 -0.07241168
v 0.2797516 0.4228735 -0.04731558
v 0.3026721 0.4142291 -0.005645949
v 0.4233595 0.3947058 -0.03754776
v 0.09127659 0.4389104 -0.02986314
v -0.06974955 0.4363943 -0.0773334
v 0.3826776 0.3900819 -0.1660166
v 0.2948554 0.4074461 -0.1884265
v 0.3483246 0.4186314 0.02533931
v 0.369611 0.4054404 0.02590933
v 0.4109139 0.4088242 -0.03196327
v 0.07898042 0.4317714 -0.09780306
v 0.06716423 0.4418168 -0.1504354
v 0.03688079 0.4188677 -0.2178732
v 0.03805958 0.4435154 0.01539619
v 0.40964 0.400263 -0.1371199
v 0.3832235 0.4106737 -0.1658748
v 0.272958 0.4353419 -0.1295533
v 0.366347 0.4338703 0.02702301
v 0.438766 0.4154612 -0.08823574
v 0.07656176 0.4464707 0.01591625
v 0.09039977 0.4447619 -0.07142656
v 0.06839837 0.4254186 -0.1880786
v 0.02809886 0.429939 -0.2196378
v -0.01321114 0.4260523 -0.1926212
v -0.06156965 0.4268306 -0.1323019
v 0.401545 0.4103836 -0.1448229
v 0.3594242 0.4390194 0.02907162
v 0.4333211 0.4117394 -0.1099058
v 0.0810867 0.4461252 -0.00755969
v 0.3468054 0.4090837 -0.196564
v 0.273878 0.4297915 -0.08315118
v 0.4062601 0.410576 -0.02502888
v 0.4295619 0.4188892 -0.06307795
v 0.09405835 0.4389749 -0.03913726
v 0.0509173 0.4266677 -0.2173602
v -0.05731805 0.4285541 -0.0479806
v 0.001177902 0.4557787 -0.008309837
v 0.02128954 0.4415804 0.02510507
v 0.4345433 0.4269538 -0.09863973
v -0.01875203 0.4458748 -0.03104178
v 0.06397511 0.4456186 0.02683067
v 0.07133175 0.45459 0.02530128
v 0.3030614 0.4119775 -0.1986993
v 0.2906103 0.4088959 -0.1803399
v 0.2881889 0.418126 -0.1708755
v 0.2824433 0.4070085 -0.1435711
v 0.2797229 0.3977832 -0.1222149
v 0.2754599 0.4202901 -0.06648415
v -0.05728658 0.4266497 -0.1400195
v 0.02237177 0.4534742 0.02067252
v 0.3142047 0.4049912 -0.2001251
v 0.4000691 0.4336469 -0.002609327
v 0.4048278 0.4211654 -0.02211227
v 0.08293902 0.4466237 -0.09385554
v 0.01987403 0.4491216 -0.217603
v -0.06173913 0.442083 -0.1362635
v -0.07483105 0.4403308 -0.09210675
v -0.04832321 0.4256831 -0.04015201
v -0.03993874 0.4240468 -0.03530521
v 0.01371078 0.4466425 0.02942182
v 0.03249867 0.460889 0.02070875
v 0.2716707 0.4356411 -0.1176889
v 0.2816401 0.424377 -0.02967847
v 0.4192358 0.4191923 -0.04958241
v 0.06410094 0.4393751 -0.2030567
v 0.04641038 0.4453292 -0.2237557
v -0.002357341 0.4231931 -0.2024434
v -0.00748589 0.4502587 -0.2038793
v -0.03146213 0.4411319 -0.1757754
v -0.04335325 0.4350085 -0.1589934
v -0.04964041 0.4557881 -0.1575376
v 0.371261 0.4140602 -0.1796385
v 0.2929516 0.4327747 -0.1972811
v 0.2778238 0.433236 -0.04804152
v 0.2949103 0.4049574 -0.01488867
v 0.4366423 0.4150985 -0.07470042
v 0.0020915 0.4479551 -0.20955
v -0.02093981 0.4294159 -0.1849242
v 0.0006292498 0.4610174 0.02810911
v 0.0526363 0.4557662 0.02973169
v 0.4272763 0.4203954 -0.1189896
v 0.403853 0.4314434 -0.01230067
v 0.06195741 0.4345953 -0.2094071
v -0.07490679 0.4362829 -0.1038031
v -0.02306562 0.4250996 -0.02832112
v 0.35354 0.4179296 -0.1939517
v 0.2720986 0.4342218 -0.1046741
v 0.09154692 0.4605742 -0.07453069
v -0.07548521 0.4514449 -0.1086064
v -0.06385504 0.4387885 -0.06598836
v 0.2993365 0.4315479 -0.203787
v 0.2705708 0.4438423 -0.06404964
v 0.3351946 0.4411464 0.02543558
v 0.345025 0.4454827 0.03006748
v 0.3942385 0.4377743 0.005696577
v 0.4088276 0.4325698 -0.0374092
v 0.07904821 0.4648984 0.01164029
v 0.08440861 0.4688283 -0.008491721
v 0.09680339 0.4630505 -0.04551279
v -0.06666659 0.4608909 -0.07404161
v 0.008940977 0.4667063 0.02550292
v 0.03361763 0.478237 0.03104425
v 0.3185291 0.4199012 -0.2010569
v 0.3873296 0.467284 0.007934078
v 0.08728495 0.4563795 -0.01820007
v 0.06172048 0.4629284 -0.1746732
v 0.05799304 0.4642734 -0.2117782
v -0.002962114 0.4564812 0.02113459
v 0.0247564 0.4591094 0.01920502
v 0.4197674 0.4216835 -0.1262722
v 0.333574 0.4073061 -0.2012193
v 0.282399 0.4293406 -0.155268
v 0.3572718 0.4236722 0.0279072
v 0.4131781 0.435101 -0.05108734
v 0.419529 0.4358473 -0.06167752
v 0.4295961 0.4367451 -0.07622904
v -0.07487861 0.4585572 -0.09196943
v -0.06086433 0.4437442 -0.0550356
v -0.001512324 0.4589678 -0.0176559
v 0.01561208 0.4771605 0.02312285
v 0.3470203 0.4259898 -0.1974974
v 0.3122825 0.4382937 -0.203552
v 0.2781878 0.4432752 -0.03000079
v 0.3854776 0.4373923 0.01395733
v 0.4094667 0.449116 -0.03048509
v 0.09409996 0.4672 -0.03065794
v 0.04479862 0.4608979 -0.2280689
v 0.3903414 0.4257863 -0.1551738
v 0.3597992 0.4103801 -0.1894488
v 0.30176 0.443281 0.002614177
v 0.3339421 0.4569995 0.02907064
v 0.3761767 0.4478347 0.01999882
v 0.4070092 0.4533829 -0.02106863
v 0.09494804 0.4649422 -0.06340836
v -0.04239105 0.4526446 -0.1672145
v -0.0453281 0.4715668 -0.047943
v -0.006714297 0.465782 0.006927668
v 0.05729218 0.4684116 0.03487843
v 0.3199286 0.436179 -0.2007657
v 0.3253948 0.4400066 0.01933656
v 0.06762855 0.4316161 -0.1797691
v -0.005700065 0.4536875 -0.02351775
v -0.007607038 0.465685 0.01454151
v 0.002497647 0.4805715 0.02606367
v 0.3809028 0.4435811 -0.1705209
v 0.2740683 0.4440765 -0.1407321
v 0.2905104 0.4464525 -0.007223235
v 0.09624618 0.4941092 -0.07555853
v 0.4092994 0.4409133 -0.1341383
v 0.283593 0.4641335 -0.01043849
v 0.2874188 0.4217868 -0.01811732
v 0.4144098 0.4510856 -0.060831
v 0.4320789 0.4379883 -0.1035754
v 0.0629181 0.4491715 -0.1985929
v 0.05652998 0.4551515 -0.2178848
v 0.02880621 0.4493717 -0.2215097
v -0.03704682 0.4628894 -0.1757477
v -0.04661609 0.4689433 -0.1650112
v -0.06179033 0.4604212 -0.1383601
v -0.01195831 0.4843387 0.01988485
v -0.005049505 0.476025 0.02563096
v 0.03745261 0.4898399 0.0376798
v 0.4240677 0.4471586 -0.1206769
v 0.2788825 0.4601988 -0.01885232
v 0.432567 0.4365223 -0.09339905
v 0.07254902 0.4806402 0.02519911
v 0.08742779 0.4939654 -0.009773348
v 0.07314892 0.4552293 -0.1236188
v 0.03890368 0.4567268 -0.227178
v -0.02979697 0.4658236 -0.184678
v -0.071089 0.463057 -0.1205557
v -0.014463 0.4845833 0.01014585
v 0.06714591 0.4604379 0.03064479
v 0.3929334 0.4444333 -0.1531412
v 0.377307 0.436059 -0.174391
v 0.2883093 0.4412685 -0.1768779
v 0.2687578 0.4503163 -0.1218536
v 0.2753621 0.4567734 -0.02798507
v 0.3631267 0.4701902 0.02791023
v 0.378755 0.4846947 0.01317962
v 0.4294724 0.4364801 -0.1129414
v 0.08706109 0.4804635 -0.09911828
v 0.05614422 0.4810746 -0.2097209
v -0.01486 0.4679447 -0.1990492
v -0.01918432 0.4527826 -0.1940164
v -0.05536886 0.4768083 -0.1542303
v -0.01925689 0.4801393 -0.0365655
v -0.004587973 0.4760266 -0.01190516
v -0.009156537 0.490606 0.02556135
v 0.3432491 0.4718368 0.03350091
v 0.0983527 0.4900883 -0.04316579
v 0.09808239 0.4876385 -0.05566777
v 0.09173988 0.486735 -0.08901274
v 0.06764621 0.4589773 -0.1415616
v 0.04889373 0.4670897 -0.2268661
v -0.05674732 0.4578075 -0.05180304
v -0.02167428 0.4693616 -0.03647676
v 0.3469146 0.4619976 -0.1962612
v 0.2660072 0.4638589 -0.1130533
v 0.3930998 0.4664412 0.00227413
v 0.4118037 0.4523706 -0.05216817
v 0.06978931 0.4817775 -0.1373024
v 0.02552484 0.4900427 0.03454192
v 0.3850076 0.4516876 -0.1655533
v 0.367674 0.4323857 -0.1835551
v 0.2956519 0.4445482 -0.2057523
v 0.3488675 0.4727395 0.03334447
v 0.3546652 0.4750994 0.03221397
v 0.0804724 0.4904016 0.008919017
v 0.019387 0.4781072 -0.2186632
v -0.006241845 0.4779161 -0.02183712
v 0.3286646 0.4358486 -0.2010184
v 0.269639 0.4605646 -0.05048231
v 0.4136401 0.471988 -0.06970263
v 0.4319701 0.450552 -0.09760191
v 0.07291383 0.5066305 0.02308781
v 0.05715846 0.4792462 -0.1999009
v 0.05049627 0.4804278 -0.2262531
v -0.06234708 0.4615488 -0.05935191
v 0.324718 0.4688556 0.02722728
v 0.412016 0.4611716 -0.0404612
v 0.09523435 0.4853636 -0.03239658
v 0.005753232 0.4955754 -0.2124588
v -0.06768611 0.4702671 -0.08014148
v -0.05156431 0.4653111 -0.04980689
v -0.01544407 0.4913857 -0.0005353577
v 0.01104004 0.4943919 0.03086632
v 0.01168854 0.5035333 0.0321937
v 0.04369709 0.5006091 0.03886598
v 0.05168836 0.4943446 0.03825148
v 0.3004726 0.4496548 -0.2104321
v 0.2683454 0.4692113 -0.1449662
v 0.336661 0.4869176 0.03375234
v 0.3529207 0.5134286 0.03486184
v 0.4200056 0.4569276 -0.07299134
v 0.003063896 0.4713228 -0.2105215
v -0.0615747 0.4829251 -0.1448262
v -0.07515882 0.4689189 -0.1031561
v 0.07516489 0.4835086 -0.1266621
v 0.0626342 0.4704101 -0.161216
v -0.07181838 0.4731507 -0.1152784
v -0.06869305 0.4856357 -0.08621561
v 0.02861811 0.5071514 0.03263022
v 0.4012539 0.4653844 -0.141098
v 0.3399995 0.4406055 -0.2003898
v 0.3206555 0.4549068 -0.2025398
v 0.2917547 0.4490761 -0.1925818
v -0.07287195 0.4848149 -0.09737188
v -0.0197808 0.5126553 0.01468789
v 0.05795276 0.5060529 0.03718567
v 0.3634641 0.4485697 -0.186573
v 0.2763627 0.4601542 -0.155786
v 0.2657362 0.4713567 -0.1356838
v 0.2948463 0.482819 0.005294865
v 0.4281744 0.451103 -0.08422942
v -0.0003854418 0.4966124 0.02959402
v 0.04239944 0.5095553 0.03564031
v 0.2636449 0.4770143 -0.068794
v 0.4148924 0.4848059 -0.0513919
v 0.05591201 0.49061 -0.2030355
v 0.02868835 0.4808841 -0.2280763
v -0.0685905 0.4846553 -0.1252024
v -0.07478672 0.4850291 -0.1085411
v 0.4301054 0.4495616 -0.109516
v 0.2954302 0.4566607 -0.2108878
v 0.2687852 0.4558525 -0.08665197
v 0.3997366 0.4660157 -0.006228894
v 0.4032577 0.465118 -0.01204684
v 0.4128966 0.4731205 -0.06097025
v 0.0818315 0.5043067 0.008032804
v 0.09873314 0.5012082 -0.06561798
v -0.06320698 0.4821964 -0.06823335
v -0.01431142 0.4953112 -0.03290316
v 0.05470521 0.5173823 0.03684411
v 0.3756232 0.4612666 -0.17753
v 0.3689685 0.4618084 -0.1828768
v 0.3569149 0.4533212 -0.1903614
v 0.3293892 0.4682826 -0.2007356
v 0.2758707 0.4728743 -0.1632724
v 0.2700224 0.4858206 -0.03683308
v 0.2754471 0.470804 -0.024535
v 0.3043219 0.473609 0.01442974
v -0.0006041701 0.5141188 0.0250789
v 0.06262678 0.5180764 0.03447474
v 0.09966852 0.5171199 -0.03477039
v 0.09675781 0.5081813 -0.09137534
v 0.09164671 0.5052435 -0.1055337
v 0.05718481 0.4943755 -0.1815475
v -0.02211051 0.5056213 -0.002633285
v 0.4261176 0.4740692 -0.1023714
v 0.41745 0.4676277 -0.124918
v 0.2945291 0.4620912 -0.2093909
v 0.2807572 0.4888205 -0.01349308
v 0.41082 0.4866566 -0.02993184
v 0.422011 0.4821395 -0.08953316
v 0.09356067 0.5164198 -0.01840994
v 0.03857007 0.4761759 -0.2317206
v -0.007317047 0.4841768 -0.2053044
v -0.0183888 0.4988611 -0.1981073
v -0.028419 0.4880215 -0.1897561
v -0.03978667 0.4955665 -0.1797836
v -0.07261486 0.49879 -0.1112812
v -0.05798482 0.4886643 -0.06279743
v -0.02052952 0.5119255 -0.04269933
v 0.2846484 0.4489034 -0.1655621
v 0.3255029 0.4919305 0.0298302
v 0.4159381 0.4769728 -0.07809149
v 0.02781619 0.5198775 0.02359071
v 0.03326023 0.4714404 -0.2284745
v -0.01064842 0.5020415 -0.02442045
v 0.2927385 0.4792776 -0.1952966
v -0.02201766 0.5095051 0.007374989
v 0.05068064 0.4975942 -0.2264064
v -0.06257163 0.5046613 -0.07840676
v -0.03377377 0.4951859 -0.04971102
v 0.3892274 0.4616674 -0.1588041
v 0.3358719 0.4807374 -0.1987009
v 0.3267641 0.4865569 -0.2015493
v 0.3138972 0.4557062 -0.2067639
v 0.3050719 0.4693938 -0.2160942
v 0.2640358 0.4829842 -0.0587213
v 0.3672692 0.48265 0.02477199
v 0.07183812 0.531032 0.02570853
v 0.06116417 0.4944273 -0.1631759
v -0.01628713 0.5145177 -0.03596286
v 0.412259 0.4739742 -0.03356909
v 0.4207473 0.4728983 -0.1170187
v -0.006790887 0.5249571 0.01673757
v 0.01761784 0.4918672 -0.2194921
v 0.4161433 0.4797143 -0.126873
v 0.3148998 0.4753084 -0.2089263
v 0.2624975 0.4860421 -0.1330051
v 0.2584362 0.4999822 -0.07571317
v 0.2912771 0.4967543 0.00254179
v 0.3880579 0.4991644 0.002001748
v -0.02778562 0.524061 0.007263567
v -0.04902125 0.493713 -0.1676792
v -0.04994391 0.5039607 -0.06184167
v -0.03186538 0.5284911 -0.006607076
v 0.3969402 0.4791927 -0.1462197
v 0.3612661 0.5016711 0.03043823
v 0.369522 0.5244582 0.0257535
v 0.4052033 0.4983796 -0.02092364
v 0.4183749 0.4948627 -0.09434818
v 0.01291128 0.5238505 0.01798778
v 0.02980553 0.5282909 0.02291814
v 0.05867351 0.5334793 0.03333963
v 0.06871737 0.5027914 -0.1508593
v 0.03364727 0.4982757 -0.238046
v -0.06378774 0.4968584 -0.1327614
v -0.02653947 0.5128377 -0.001326295
v 0.3636506 0.4729822 -0.1848932
v 0.2991553 0.4691771 -0.2162949
v 0.2620235 0.4863864 -0.09219228
v 0.3450316 0.5020338 0.03601748
v 0.4136251 0.5052742 -0.08022185
v 0.0435986 0.4955034 -0.2353441
v 0.01355447 0.5366925 0.0130462
v 0.380465 0.4802245 -0.1722162
v 0.3009264 0.508534 0.01247868
v 0.3745498 0.5227047 0.0201776
v 0.1042406 0.5246997 -0.04735574
v 0.0268799 0.4992558 -0.2342058
v -0.06441072 0.5059167 -0.1322487
v -0.06741983 0.5138773 -0.09618239
v 0.04681111 0.5234016 0.03309819
v 0.04957324 0.5362623 0.03394616
v 0.3546698 0.4787575 -0.1890424
v 0.284595 0.4750764 -0.1771228
v 0.3246386 0.5124612 0.0301443
v 0.379325 0.5163249 0.01271729
v 0.3973593 0.4864948 -0.007238285
v 0.4152488 0.493456 -0.0826536
v -0.05736893 0.4997166 -0.1542498
v -0.0178357 0.5290021 -0.029418
v 0.3424231 0.5010379 -0.1933518
v 0.2664316 0.4821393 -0.14781
v 0.258888 0.4995828 -0.1260289
v 0.3948522 0.5141587 -0.007423583
v 0.06775781 0.5210869 -0.1630143
v 0.05384136 0.5049585 -0.2034101
v 0.3363682 0.5150756 0.03546913
v 0.05351659 0.5180414 -0.201224
v -0.06015233 0.5071807 -0.07448415
v -0.05116189 0.5198824 -0.06945776
v -0.03641736 0.5415772 -0.01346352
v 0.2758595 0.5066319 -0.01993656
v 0.413829 0.4911473 -0.06491002
v -0.01595147 0.5223729 0.01599045
v -0.01821267 0.5395914 0.007920643
v 0.04026825 0.5607375 0.02800291
v 0.09979413 0.5287024 -0.02728541
v -0.03401049 0.5051133 -0.1865096
v -0.05944787 0.5137756 -0.1518202
v -0.0305443 0.5276495 -0.05726179
v 0.2892807 0.4820791 -0.1878511
v 0.1046303 0.5334139 -0.07010736
v 0.01472019 0.5089859 -0.2199615
v -0.07258559 0.5046588 -0.1068833
v -0.02218586 0.5378745 -0.04838601
v 0.4152372 0.52175 -0.08395581
v 0.4147781 0.5127116 -0.09922944
v 0.4168649 0.4969586 -0.1213957
v 0.2964771 0.4867239 -0.2128748
v 0.2934064 0.4936604 -0.2013606
v 0.2614937 0.5062194 -0.1541034
v 0.4107334 0.5143322 -0.03349304
v 0.08958961 0.5294881 0.0003848225
v 0.1018247 0.5300248 -0.09855958
v 0.06174478 0.5179828 -0.1733286
v -0.003262831 0.5172796 -0.2074973
v -0.02216586 0.5164774 -0.1963951
v -0.0455153 0.5102689 -0.1770277
v -0.03270961 0.5397761 0.001087762
v -0.001590169 0.5420251 0.006462058
v 0.01912119 0.5420032 0.01736868
v 0.06702 0.5450937 0.02374457
v 0.08336499 0.5420361 0.01422265
v 0.3033404 0.497567 -0.2260126
v 0.25831 0.5154152 -0.05998845
v 0.4058867 0.5269555 -0.02455927
v 0.05627527 0.5152202 -0.1883351
v 0.04815525 0.5185885 -0.2329305
v 0.4163711 0.4967319 -0.1072454
v 0.3748693 0.4913643 -0.1768287
v 0.2723738 0.5042726 -0.1780712
v 0.2683439 0.4904614 -0.1612319
v 0.2554022 0.5119897 -0.07428338
v 0.2689641 0.5114471 -0.03257703
v 0.2911691 0.5357683 0.0018329
v 0.3495469 0.5285569 0.03496853
v -0.03092619 0.5559572 -0.001828507
v 0.05477966 0.5631069 0.0179621
v 0.1004992 0.5450538 -0.02048892
v -0.05120845 0.5234622 -0.1718541
v 0.4124284 0.5275803 -0.03712844
v 0.4155001 0.5103757 -0.04663006
v 0.09397402 0.5510511 0.0003052764
v 0.0987472 0.5278122 -0.1112807
v 0.08209222 0.5020722 -0.1233015
v 0.05075422 0.5093512 -0.2229208
v -0.05750389 0.5310308 -0.0827674
v 0.03652776 0.5499562 0.03125218
v 0.07832982 0.54514 0.01777433
v 0.4207446 0.5219857 -0.07102135
v 0.3873353 0.4974521 -0.1629067
v 0.3210569 0.4970146 -0.2068064
v 0.310782 0.4906308 -0.2191409
v 0.2554891 0.5184649 -0.1386029
v 0.2797851 0.5340658 -0.0119768
v 0.03611428 0.5050375 -0.2406269
v 0.02228232 0.5203922 -0.2364963
v -0.04962622 0.5323012 -0.1749468
v 0.3617589 0.4957175 -0.184015
v 0.3498218 0.4985597 -0.1887662
v 0.306479 0.5187284 0.01610957
v 0.04238846 0.516491 -0.2406277
v 0.02725245 0.5232404 -0.2424053
v -0.05524059 0.519483 -0.1639787
v -0.06874596 0.5324701 -0.124264
v 0.07507694 0.5541604 0.01635402
v 0.08887507 0.5618252 0.007070648
v 0.3687345 0.5024613 -0.1803607
v 0.2987645 0.4855367 -0.2194641
v 0.329891 0.5327725 0.03036639
v -0.03842949 0.5536969 -0.01146095
v 0.02643115 0.5491595 0.02708387
v 0.09693794 0.5608972 -0.003438054
v 0.09550358 0.5441048 -0.1333854
v 0.0583953 0.5383056 -0.1882022
v 0.01157744 0.5229138 -0.2205855
v -0.03914411 0.5170956 -0.1846951
v -0.0628957 0.5263911 -0.1486727
v -0.019213 0.5368603 -0.03661548
v 0.4070454 0.5159526 -0.1351887
v 0.3973368 0.5058983 -0.1470547
v 0.2652948 0.5244015 -0.04134253
v 0.3175825 0.5365527 0.02118965
v 0.3676386 0.5412604 0.02660166
v 0.3915841 0.5304726 -0.004549272
v 0.00628606 0.5141057 -0.213187
v -0.006933228 0.5336125 -0.2069803
v -0.02479382 0.5334123 -0.1968877
v -0.06717757 0.5282313 -0.1036799
v -0.03350852 0.5516903 -0.0667318
v 0.4137658 0.5141611 -0.09121306
v 0.2822298 0.4994492 -0.1875932
v 0.2678339 0.5347673 -0.03306586
v -0.06756647 0.5193354 -0.129781
v 0.416328 0.5173854 -0.1130678
v 0.320987 0.511067 -0.2087066
v 0.3790726 0.5404571 0.01518511
v 0.4188352 0.5536361 -0.06502241
v -0.04027641 0.5573856 -0.02114716
v 0.1089231 0.5527936 -0.03856646
v 0.05290016 0.5338666 -0.2049315
v -0.06510356 0.5464158 -0.1078514
v -0.02509307 0.5580889 -0.0517229
v 0.3805889 0.5161368 -0.1714419
v 0.3105476 0.5101214 -0.2278117
v 0.2619442 0.5278881 -0.1747298
v 0.3358374 0.5485352 0.03158046
v 0.386295 0.5423441 0.003782836
v 0.05053588 0.5334203 -0.2233498
v 0.01439873 0.5365295 -0.2325405
v -0.04884865 0.5333792 -0.0734194
v 0.07734489 0.5635942 0.01279523
v 0.330423 0.5079411 -0.1995523
v 0.2555751 0.5265625 -0.06317809
v 0.3091538 0.5430804 0.0149525
v 0.4208634 0.5288055 -0.0694471
v 0.04661035 0.5390185 -0.2372127
v 0.03358452 0.5304222 -0.2470179
v 0.004648836 0.530783 -0.214783
v -0.02589195 0.56017 -0.001522183
v 0.01788475 0.5809805 0.02314158
v 0.4149826 0.5257971 -0.1156777
v 0.2967302 0.5099858 -0.2172991
v 0.2938697 0.5121142 -0.2091801
v 0.4082265 0.5504981 -0.03214969
v 0.1029806 0.5743077 -0.01577011
v 0.05204677 0.544534 -0.2058065
v -0.04620009 0.5679055 -0.02328768
v -0.01192344 0.5652068 -0.003166158
v 0.4101868 0.5243833 -0.1297051
v 0.337754 0.5178574 -0.1946085
v 0.2553532 0.5300449 -0.1573189
v 0.3461146 0.5439328 0.03444674
v -0.0009546935 0.561345 0.002141217
v 0.006886572 0.5822639 0.0161452
v 0.02652248 0.5848721 0.02152009
v 0.1105745 0.5509879 -0.06044
v -0.04117471 0.5349569 -0.183404
v -0.05463588 0.5474777 -0.08585211
v -0.03622529 0.5660834 -0.03623754
v 0.3068796 0.5377008 -0.236334
v 0.3029132 0.5142206 -0.2303905
v 0.2759922 0.5279439 -0.1967659
v 0.2531652 0.5218889 -0.09994029
v 0.2518101 0.5265535 -0.07897547
v 0.4120823 0.5441074 -0.09445204
v 0.4112198 0.5376483 -0.1038856
v -0.0375362 0.5708073 -0.007939419
v 0.003126215 0.5726004 0.007893972
v -0.01928557 0.5600411 -0.2006237
v -0.02668958 0.5625774 -0.04500583
v 0.2852744 0.5615763 -0.004489811
v 0.3426607 0.5620373 0.03331256
v 0.419061 0.5413122 -0.07996842
v 0.1035075 0.5483473 -0.1116815
v 0.04061709 0.5336034 -0.2447922
v -0.06807547 0.5409393 -0.1189598
v -0.03877966 0.577758 -0.04247784
v 0.3644492 0.5202436 -0.1809449
v 0.3275203 0.5317246 -0.2027385
v 0.3215079 0.5295359 -0.2104197
v 0.2982052 0.5219132 -0.2253749
v 0.05969026 0.5748598 0.01459532
v 0.3903236 0.5638693 -0.00514873
v -0.04783937 0.5868706 -0.02435922
v -0.01469999 0.5826904 -0.007642185
v -0.05679446 0.5524688 -0.1682853
v -0.06345659 0.5604466 -0.1579262
v -0.04934063 0.5686175 -0.08814535
v 0.3717261 0.5309625 -0.178753
v 0.3623205 0.5561426 0.02976397
v 0.4036916 0.5510517 -0.02421465
v 0.4153139 0.5529872 -0.05128257
v 0.08100364 0.5835976 0.006834647
v 0.09153626 0.5855453 -0.001036141
v 0.1136802 0.574034 -0.04307304
v 0.1062462 0.550864 -0.08516742
v -0.01010945 0.5497716 -0.2050789
v -0.0318403 0.553182 -0.1939368
v 0.4069718 0.5434697 -0.1189992
v 0.3863325 0.529463 -0.1617623
v 0.3542905 0.5122295 -0.1842543
v 0.2921861 0.5360526 -0.2194234
v 0.2875827 0.5250421 -0.2075972
v 0.01119898 0.5855285 0.02037107
v 0.08706445 0.5836588 0.002806779
v 0.1027373 0.5797313 -0.1347384
v -0.06683948 0.5625368 -0.1349888
v 0.3456472 0.5198056 -0.1879435
v 0.3022135 0.5373281 -0.2361372
v 0.2717227 0.5580862 -0.02137101
v 0.3147416 0.5654376 0.02077851
v 0.3761718 0.5708208 0.01652816
v 0.03811414 0.5881847 0.01407822
v 0.1070743 0.5699701 -0.09928055
v 0.09841211 0.5853539 -0.1506664
v -0.007252637 0.5564857 -0.2087772
v 0.4097185 0.548376 -0.09972569
v 0.4069147 0.5380285 -0.1302615
v 0.2987102 0.5388719 -0.233999
v 0.2966613 0.5344257 -0.227039
v 0.1000715 0.5467203 -0.1242972
v 0.02333711 0.5412734 -0.2482165
v -0.05507753 0.5745023 -0.09825478
v -0.02994892 0.5680318 -0.06259049
v -0.03007045 0.5810792 -0.05760875
v -0.03811081 0.5909712 -0.01536914
v 0.4169132 0.565269 -0.08301852
v 0.3433127 0.5586147 -0.1850824
v 0.2490643 0.5424692 -0.1461282
v 0.2450566 0.5469278 -0.08749963
v 0.1188839 0.5886665 -0.07471739
v 0.1048975 0.584532 -0.1286236
v -0.043359 0.5538568 -0.1847235
v -0.007911389 0.5945789 -0.001749564
v -0.00193612 0.6031304 0.01046225
v 0.3323474 0.5540679 -0.1962817
v 0.2455802 0.5523311 -0.07159918
v 0.3537523 0.5524657 0.03392844
v 0.4078797 0.5731115 -0.04097062
v 0.1105792 0.5565361 -0.07250711
v 0.09071039 0.5630647 -0.1531473
v 0.03636204 0.5533659 -0.2521785
v 0.0004340261 0.5593382 -0.2161936
v -0.03707188 0.5720183 -0.07554529
v -0.04305861 0.5932182 -0.0483841
v -0.04468194 0.5775202 -0.03328222
v -0.04890976 0.5863751 -0.03237434
v 0.0564164 0.6119811 0.005922295
v 0.403587 0.5455721 -0.137838
v 0.3501167 0.5376315 -0.1828444
v 0.3151767 0.529968 -0.2257691
v 0.2468521 0.5451198 -0.1254423
v 0.4192422 0.5554851 -0.07259541
v 0.05733028 0.550025 -0.194383
v 0.01483227 0.5553762 -0.2455149
v 0.007889206 0.5476043 -0.2236518
v -0.009780713 0.618499 0.000122577
v 0.04233475 0.594532 0.01153084
v 0.2679034 0.526149 -0.1850008
v 0.326357 0.5871832 0.02794793
v 0.1100274 0.5729776 -0.09133439
v 0.06446347 0.5510747 -0.1838625
v 0.04268694 0.5545616 -0.247265
v 0.3818768 0.5775647 0.007752823
v 0.0789621 0.5517521 -0.1648517
v 0.04874424 0.5454677 -0.2318468
v -0.04000515 0.5663986 -0.1905183
v -0.04353815 0.5929778 -0.09023848
v -0.05303762 0.6006266 -0.03538974
v -0.05123302 0.6037486 -0.02929215
v 0.01153523 0.6042231 0.01682901
v 0.07161685 0.5834911 0.01062921
v 0.1094812 0.6028627 -0.02633933
v 0.4101994 0.5649523 -0.0961244
v 0.2567062 0.5425121 -0.176755
v 0.2502418 0.5482191 -0.1643339
v 0.3658306 0.6029714 0.02093964
v -0.06592579 0.5813727 -0.1573045
v -0.06563015 0.5756505 -0.1239979
v -0.03434182 0.5963019 -0.06625786
v 8.56556E-05 0.6164808 0.01105309
v 0.3974548 0.5509071 -0.1472409
v 0.3845949 0.5675558 -0.163356
v 0.372034 0.5468911 -0.1782453
v 0.2792678 0.5455484 -0.2130797
v 0.2374732 0.5687915 -0.08762237
v -0.02584178 0.5512296 -0.1975499
v -0.0661565 0.5985995 -0.1474129
v 0.3793939 0.5420658 -0.1719477
v 0.3638477 0.5553024 -0.1807095
v 0.3867644 0.5831199 -0.002720578
v 0.4137332 0.5720795 -0.05331487
v -0.04667185 0.567104 -0.1842865
v -0.0270195 0.6026753 -0.01654259
v 0.4046706 0.5550249 -0.1175379
v 0.3003561 0.5847911 0.009367319
v 0.3783648 0.598318 0.00897773
v 0.1196228 0.593807 -0.08449799
v 0.04511771 0.5731469 -0.240437
v 0.01093699 0.5559019 -0.2386866
v -0.06318001 0.5735303 -0.1135536
v -0.04719618 0.6050109 -0.05504756
v 0.2636615 0.577189 -0.03054353
v 0.3939427 0.5880952 -0.02216137
v 0.4144955 0.5794858 -0.06312594
v 0.02823361 0.5597261 -0.255823
v -0.02175932 0.5746885 -0.2009033
v -0.02167724 0.6117808 -0.01496184
v 0.01883864 0.6059334 0.01450067
v 0.02384407 0.6409326 -0.0002832189
v 0.3987449 0.5702316 -0.1426886
v 0.3125067 0.5378206 -0.2320358
v 0.2391081 0.5726497 -0.07550924
v 0.2597559 0.5606529 -0.03848249
v 0.3232356 0.5965004 0.02431711
v 0.3470907 0.5879727 0.03123616
v 0.4147933 0.5844309 -0.08988889
v 0.04321675 0.5721051 -0.250163
v -0.06248388 0.5842194 -0.1708439
v -0.03848514 0.6078486 -0.06595439
v 0.09327441 0.6129984 -0.01175139
v 0.2951856 0.5566956 -0.2363666
v 0.2406092 0.5615253 -0.1053512
v 0.4061836 0.562589 -0.1058288
v 0.1157637 0.595011 -0.04247313
v -0.05822625 0.5687566 -0.1718614
v -0.05327342 0.5925239 -0.1043286
v -0.04546284 0.6151764 -0.02547137
v -0.01672976 0.6253512 -0.01129616
v 0.06164289 0.6478276 -0.004318479
v 0.300192 0.5659994 -0.2439496
v 0.2705006 0.5563818 -0.2121705
v 0.3575926 0.5915242 0.02746479
v 0.402507 0.5633169 -0.1314156
v 0.08987339 0.5849986 -0.1646839
v 0.0487364 0.5740428 -0.2190221
v 0.3512161 0.555196 -0.1803904
v 0.2893074 0.5597438 -0.2306496
v 0.2814334 0.5890762 -0.008325194
v 0.412626 0.5862743 -0.06147305
v 0.4153095 0.5897718 -0.08175996
v -0.05529352 0.6194362 -0.04529165
v 0.02607986 0.6148292 0.008148264
v 0.05072028 0.6372222 -0.0001373664
v 0.3592377 0.6102486 0.02210676
v 0.4010881 0.5916016 -0.0397928
v 0.4133747 0.5990239 -0.07586592
v -0.009191665 0.6343843 0.0005127378
v 0.114739 0.6119054 -0.03439588
v 0.1162331 0.5911604 -0.09268294
v 0.07701984 0.5816133 -0.1811589
v 0.05797636 0.5923401 -0.2136716
v 0.002370194 0.5737298 -0.2277344
v -0.03672445 0.5799967 -0.1951266
v 0.3233968 0.5562332 -0.2096104
v 0.3080891 0.5579997 -0.2415458
v 0.2655828 0.5717323 -0.2157225
v 0.0635319 0.5725766 -0.1936274
v 0.03626411 0.5809077 -0.2613454
v -0.04097426 0.6024953 -0.1988246
v -0.05158488 0.6291575 -0.03740257
v -0.02795261 0.6260942 -0.02201226
v 0.3904439 0.5739131 -0.1557266
v 0.3164342 0.5584879 -0.2309707
v 0.2898795 0.57378 -0.2385354
v 0.2647824 0.5563861 -0.2045915
v 0.2483324 0.5699233 -0.1832625
v 0.2436177 0.5638378 -0.1586547
v 0.3509912 0.6122659 0.02441561
v 0.01995433 0.5798042 -0.2605821
v 0.07584402 0.6244051 -0.003168043
v 0.08430657 0.6141028 -0.005312558
v 0.3783202 0.5729421 -0.1737081
v 0.37335 0.5666043 -0.1784702
v 0.3671919 0.5821887 -0.1833384
v 0.3577544 0.5881991 -0.1846652
v 0.3271514 0.552615 -0.2026563
v 0.2518208 0.5928075 -0.04627126
v 0.3809603 0.6169201 -0.001406735
v 0.04177067 0.5814028 -0.2566259
v 0.01280476 0.5826985 -0.2550721
v -0.00672061 0.5753064 -0.2133728
v -0.05278394 0.6102744 -0.04980071
v 0.03899864 0.6225075 0.003600899
v 0.2660377 0.5966547 -0.0260041
v 0.4118798 0.5982608 -0.1008819
v 0.4043182 0.5814977 -0.1083796
v 0.1268056 0.6241809 -0.07321548
v 0.02528487 0.5850133 -0.2661777
v -0.03538575 0.5949489 -0.07666501
v 0.3631538 0.5743316 -0.1828963
v 0.2776951 0.5642281 -0.2242592
v 0.2406832 0.5722439 -0.1550063
v 0.2408912 0.5677696 -0.1337838
v 0.2376581 0.5757506 -0.1257477
v 0.3950664 0.6109408 -0.0372605
v 0.1207254 0.6047427 -0.1000415
v 0.008430491 0.5825906 -0.2476172
v -0.05998056 0.5997991 -0.1200001
v 0.007932877 0.6353948 0.004406076
v 0.2800698 0.6070874 -0.0114286
v 0.3711976 0.6038311 0.01654935
v 0.1270294 0.6131439 -0.0843579
v 0.1073491 0.5949901 -0.1198327
v 0.09079151 0.5946324 -0.1700926
v 0.03215041 0.5896986 -0.2683851
v -0.002881772 0.5811165 -0.2204206
v -0.0175975 0.5895138 -0.2080774
v -0.06367258 0.606231 -0.1712907
v -0.04817363 0.6120147 -0.1064959
v 0.3410567 0.5820237 -0.1876602
v 0.2548778 0.5643969 -0.1937625
v 0.236356 0.5900657 -0.1675507
v 0.3871996 0.6225814 -0.01767734
v -0.04947261 0.6222777 -0.06579489
v -0.04573618 0.6380162 -0.03635646
v -0.01751524 0.6125236 -0.01156817
v 0.1105712 0.6203687 -0.03151114
v 0.3205853 0.5731568 -0.2237794
v 0.3066342 0.5792743 -0.2475595
v 0.2714527 0.5793248 -0.2232405
v 0.305248 0.6083857 0.009046767
v 0.3736831 0.6513119 -0.004558079
v 0.3987056 0.587771 -0.1412677
v -0.03017764 0.5866707 -0.199247
v 0.001356397 0.6429615 0.001981173
v 0.3936099 0.597132 -0.151494
v 0.3254475 0.5890709 -0.2118588
v 0.3131555 0.5743905 -0.241225
v 0.2289279 0.5935406 -0.09047057
v 0.4137911 0.6198118 -0.09116906
v 0.1048895 0.6020607 -0.1506136
v 0.09457742 0.612339 -0.1796898
v 0.07396418 0.5967718 -0.1943729
v 0.05339953 0.6126735 -0.2352001
v -0.04024442 0.6103108 -0.0930395
v 0.05207774 0.6531239 -0.004854623
v 0.2591252 0.6045859 -0.03527932
v 0.3369054 0.616585 0.02512279
v 0.4101135 0.6074657 -0.07077207
v -0.03138874 0.6569106 -0.03301239
v 0.110449 0.5973302 -0.1125482
v 0.04656407 0.5940093 -0.2493916
v -0.06579616 0.6042404 -0.1364833
v 0.2258242 0.6056947 -0.09177275
v 0.2471313 0.6086388 -0.05331512
v 0.3161534 0.6239809 0.01188251
v 0.3874358 0.5967173 -0.009471227
v 0.4037076 0.6174142 -0.06191289
v 0.09720439 0.6373703 -0.02208108
v 0.100694 0.6116474 -0.1708954
v 0.05032213 0.605895 -0.2402234
v -0.04461333 0.5851184 -0.1918943
v 0.4013107 0.5990532 -0.1146453
v 0.3997131 0.5901643 -0.1243322
v 0.3810368 0.5965887 -0.1712375
v 0.2468855 0.5969765 -0.2073902
v -0.01576336 0.6025184 -0.2136376
v -0.05711433 0.6469125 -0.05290904
v -0.0207358 0.655269 -0.01696314
v 0.1184301 0.6500563 -0.04647779
v 0.3960589 0.6202686 -0.1269359
v 0.3458756 0.5759283 -0.1840859
v 0.2335564 0.6005934 -0.1585779
v 0.2328208 0.5920302 -0.1355972
v 0.2230919 0.6010355 -0.1102736
v 0.3917623 0.6355726 -0.03441407
v -0.0170007 0.6307648 -0.2245105
v -0.0301314 0.6123228 -0.2079265
v -0.0546085 0.5965889 -0.1861027
v -0.05118636 0.6316553 -0.1207248
v -0.03506118 0.6493304 -0.03478754
v 0.3389663 0.6078755 -0.1925649
v 0.2765799 0.6045788 -0.2377621
v 0.2548756 0.622349 -0.03912542
v 0.1315484 0.6278986 -0.1081795
v 0.1155824 0.6208912 -0.1316546
v -0.003007306 0.6153694 -0.2345944
v -0.04207009 0.6421631 -0.09191801
v 0.02458678 0.6575264 -0.005752701
v 0.3587539 0.6098992 -0.1887396
v 0.2846844 0.5877826 -0.2354654
v 0.2664604 0.588663 -0.2250243
v 0.2385922 0.5987056 -0.06987996
v 0.3539303 0.6339268 0.01618716
v 0.1353253 0.6356199 -0.1069241
v -0.04718238 0.6197335 -0.2019323
v -0.06649342 0.6188362 -0.161814
v -0.05839636 0.6442233 -0.06539559
v 0.01091731 0.658078 -0.005077831
v 0.08267809 0.6515923 -0.01678496
v 0.3695984 0.6060919 -0.1856639
v 0.3027943 0.5845471 -0.2499552
v 0.2974637 0.5955594 -0.2523966
v 0.2535516 0.5895564 -0.2133832
v 0.2427545 0.5942144 -0.1945233
v 0.2343876 0.6053254 -0.1790181
v 0.2714518 0.6289948 -0.02216671
v 0.3364155 0.6385319 0.01765708
v 0.4130348 0.6162155 -0.1002303
v -5.204929E-05 0.6073669 -0.2380443
v -0.001280601 0.6595899 -0.00530706
v 0.3295338 0.6072239 -0.2050012
v 0.2317447 0.6201833 -0.08018394
v 0.298834 0.6340743 -0.002647325
v 0.3974073 0.6408625 -0.0531856
v 0.1274152 0.6247544 -0.1138895
v 0.0809418 0.6121678 -0.1951028
v 0.02870755 0.6083961 -0.2757059
v 0.01720346 0.5926784 -0.2656346
v -0.06786437 0.6232057 -0.1522303
v 0.01538213 0.6779717 -0.01466508
v 0.07299408 0.6508612 -0.01023948
v 0.2391729 0.5898383 -0.1793499
v 0.2221389 0.6211906 -0.09545922
v 0.3680947 0.6416403 0.005198017
v 0.4091284 0.6227803 -0.07684591
v 0.1221203 0.6331518 -0.05246232
v 0.1317956 0.6383472 -0.08763954
v 0.06681531 0.6020404 -0.2060845
v 0.009129712 0.6049352 -0.2605337
v -0.01093184 0.6100748 -0.2204897
v 0.1267369 0.6529791 -0.06490983
v 0.387898 0.6170772 -0.1647986
v 0.351205 0.6071582 -0.1872752
v 0.3461362 0.6193001 -0.1905171
v 0.2398753 0.629487 -0.06241447
v 0.384696 0.6535178 -0.02276481
v 0.04052935 0.6091041 -0.2715561
v -0.06630602 0.6274836 -0.1471632
v 0.4083196 0.6193129 -0.1091365
v 0.3929599 0.6093718 -0.1509496
v 0.3447818 0.6355869 0.01833331
v 0.1291986 0.6472706 -0.1441093
v -0.02398173 0.6175644 -0.2139334
v -0.03962235 0.6360634 -0.09727861
v -0.0540533 0.6616794 -0.05404671
v 0.106621 0.6492954 -0.03413194
v 0.2555098 0.5991931 -0.2234336
v 0.4124012 0.6508093 -0.09480321
v 0.08274465 0.6233666 -0.2008314
v 0.04556455 0.6026406 -0.2595829
v -0.05964498 0.6197413 -0.1871805
v -0.05600908 0.6631358 -0.0868399
v 0.04180332 0.6566828 -0.005706239
v 0.3921093 0.6292456 -0.1430753
v 0.3242464 0.6225765 -0.2210589
v 0.3151203 0.5933971 -0.2425773
v 0.2495956 0.6399142 -0.04763955
v 0.108118 0.6246857 -0.1709134
v -0.06264886 0.6215444 -0.1819921
v -0.06830677 0.6410585 -0.1661528
v -0.04893398 0.6807357 -0.1202938
v -0.009914006 0.6602647 -0.008206978
v 0.116744 0.6187662 -0.04132827
v 0.3424305 0.6266937 -0.1931867
v 0.3238433 0.6046238 -0.2197059
v 0.3085064 0.610348 -0.2561242
v 0.3599781 0.6380771 0.01190089
v 0.01926905 0.6141462 -0.2740782
v 0.005870846 0.6107516 -0.2562857
v -0.04432242 0.6516801 -0.2164943
v -0.05327142 0.6427442 -0.2048748
v -0.04972646 0.6798744 -0.05735334
v 0.3350056 0.5917264 -0.1944859
v 0.3031583 0.6054507 -0.2572528
v 0.3798869 0.6553728 -0.01410631
v 0.03724234 0.6256126 -0.2811408
v -0.007640978 0.6359543 -0.2376433
v -0.06662044 0.6451544 -0.1585655
v -0.05390122 0.6520015 -0.1355767
v -0.04814569 0.6476145 -0.08655861
v 0.3940265 0.6368406 -0.1307134
v 0.2614537 0.6281784 -0.2457027
v 0.2278354 0.6155551 -0.1563959
v 0.3289704 0.6354104 0.01743284
v 0.04503481 0.6307439 -0.2781241
v -0.008698701 0.6202354 -0.2275518
v 0.0584777 0.6764758 -0.01490063
v 0.4000213 0.6284655 -0.1200538
v 0.3906789 0.6344585 -0.1604766
v 0.3794416 0.6399258 -0.1800883
v 0.3754018 0.5998623 -0.1795999
v 0.2439558 0.6192786 -0.2229465
v 0.2382028 0.6289307 -0.218584
v 0.2338389 0.6156506 -0.1918364
v 0.2590265 0.6553242 -0.03823802
v 0.39884 0.6578212 -0.05636552
v 0.4106751 0.6578469 -0.112778
v 0.1113645 0.6161642 -0.1348671
v 0.1087204 0.6131834 -0.139993
v -0.06143043 0.6416005 -0.1445654
v -0.0448282 0.6572651 -0.1064276
v -0.02571636 0.6761006 -0.02736258
v 0.07444751 0.6848953 -0.02359178
v 0.08507521 0.6776147 -0.02802499
v 0.3627692 0.6367393 -0.1940586
v 0.3126738 0.6249804 -0.2549225
v 0.2869664 0.6194006 -0.2503211
v 0.2450169 0.6318207 -0.2343981
v 0.2888126 0.6537121 -0.01427115
v 0.1115755 0.6371391 -0.1736392
v 0.1020811 0.6433253 -0.2005031
v -0.03512571 0.6331689 -0.2143306
v -0.0439584 0.647056 -0.1145771
v -0.05958559 0.6641362 -0.06817105
v 0.001134814 0.6783193 -0.01543845
v 0.317091 0.6283924 -0.2473242
v 0.2940971 0.6193888 -0.2560753
v 0.2177084 0.6251665 -0.1095451
v 0.3605925 0.6714107 -0.001020189
v 0.4134704 0.6389285 -0.1041854
v -0.05783831 0.6461654 -0.1998217
v -0.06923656 0.6521045 -0.1731401
v -0.06798544 0.6629056 -0.1679163
v -0.04577906 0.6656631 -0.1234423
v -0.05927322 0.6672815 -0.08154544
v -0.06144663 0.6866972 -0.09012331
v -0.05077535 0.6970913 -0.06637596
v -0.03734415 0.6839424 -0.04370319
v 0.1257358 0.6721709 -0.06282507
v 0.227621 0.6361511 -0.08603072
v 0.3013715 0.6619241 -0.006384088
v 0.3233732 0.6621597 0.006513797
v 0.3843712 0.6651313 -0.02602072
v 0.4053684 0.6518298 -0.07609208
v 0.1175865 0.6497308 -0.1656639
v 0.1054092 0.6362142 -0.1883572
v 0.05929602 0.6228195 -0.2300432
v -0.03888261 0.6627196 -0.2266614
v -0.02190011 0.6851101 -0.02680414
v 0.04761874 0.6910627 -0.01769593
v 0.389743 0.6428008 -0.1555467
v 0.2784462 0.6269622 -0.2494757
v 0.2322158 0.630013 -0.20454
v 0.2185967 0.6291475 -0.1444007
v 0.1366173 0.6469885 -0.12785
v 0.1167611 0.66271 -0.04715196
v 0.320373 0.6388028 -0.2375152
v 0.3028477 0.629607 -0.2631746
v 0.29698 0.6208704 -0.2592444
v 0.2429091 0.6573956 -0.05640943
v 0.4137244 0.6528169 -0.1018101
v 0.1387354 0.6469766 -0.1207831
v 0.0928766 0.6307476 -0.1972179
v -0.06744657 0.6461852 -0.1790563
v 0.1122385 0.6738633 -0.04574244
v 0.1369127 0.6477806 -0.1025206
v 0.3269213 0.6357369 -0.2140141
v 0.2288168 0.6273413 -0.1861438
v 0.3408946 0.6609742 0.00871182
v 0.1100591 0.6644871 -0.2076304
v 0.07807763 0.643478 -0.2186702
v 0.04909085 0.6312055 -0.2714656
v -0.05758334 0.670907 -0.06411414
v -0.02494296 0.7059989 -0.03844663
v -0.0173309 0.6949435 -0.02883906
v -0.009252751 0.6878273 -0.02189568
v 0.02989425 0.6926908 -0.01825663
v 0.10168 0.6919428 -0.04190164
v 0.3965997 0.6473241 -0.1283988
v 0.3742535 0.6573044 -0.1878569
v 0.3601404 0.6255336 -0.1925033
v 0.3515472 0.6410314 -0.1943767
v 0.2985328 0.6303031 -0.2627786
v 0.2868811 0.6391442 -0.2576492
v 0.2151102 0.634202 -0.1326621
v 0.2149097 0.6450794 -0.1071288
v 0.273539 0.6534959 -0.02543297
v 0.3534551 0.6934124 -0.005771125
v 0.3951546 0.6752284 -0.05149922
v 0.0716337 0.6306937 -0.2186414
v 0.008321544 0.6970552 -0.02336249
v 0.1395777 0.6671574 -0.1519226
v 0.008739571 0.6371326 -0.2724591
v -0.0002768706 0.6432329 -0.2539256
v -0.06939069 0.6724254 -0.1889691
v 0.02490474 0.710905 -0.02756884
v 0.06252545 0.7042999 -0.02630465
v 0.2288238 0.6597232 -0.07786731
v 0.3653857 0.6791621 -0.007569395
v 0.3330069 0.6421559 -0.2035145
v 0.2247839 0.649545 -0.2069102
v -0.04985418 0.6788484 -0.1415918
v -0.03667076 0.70449 -0.05171268
v 0.0800666 0.6961163 -0.03095652
v 0.1207 0.7051868 -0.06017531
v 0.1227745 0.6782594 -0.05779825
v 0.4088233 0.6721211 -0.08377099
v 0.05345575 0.6365542 -0.2582076
v -0.05357686 0.6756493 -0.1478455
v 0.04408927 0.7089602 -0.02451885
v 0.1335187 0.6714725 -0.08298869
v 0.3683384 0.6313415 -0.18986
v 0.3099129 0.6538689 -0.265922
v 0.02974058 0.6408169 -0.290464
v -0.003507819 0.6523635 -0.2518049
v -0.02671253 0.6403257 -0.222049
v -0.03058659 0.722658 -0.05179969
v 0.2153522 0.6619685 -0.09538235
v 0.3983456 0.6991078 -0.06623062
v 0.389901 0.6613798 -0.1433029
v 0.3558397 0.6531507 -0.1966685
v 0.06397177 0.6485569 -0.2383595
v 0.05606384 0.654 -0.2570779
v 0.05103927 0.6483337 -0.2761863
v 0.1115053 0.7054673 -0.05093434
v 0.2603722 0.6952888 -0.04027202
v 0.4040169 0.6891527 -0.07460065
v 0.3930003 0.6748358 -0.1349206
v 0.2201261 0.6399866 -0.1703937
v 0.08338805 0.649938 -0.218861
v 0.0569047 0.6393998 -0.246788
v 0.01711916 0.6308171 -0.2800986
v 0.005726503 0.648482 -0.2713496
v -0.05621938 0.6753523 -0.2182389
v 0.1416829 0.6706804 -0.1066879
v 0.2203501 0.6710517 -0.08926179
v 0.2817613 0.6871802 -0.02571208
v 0.3421155 0.6934753 -0.002752967
v 0.2990572 0.6561961 -0.2705551
v 0.2095086 0.6535536 -0.1224657
v 0.1444226 0.6636155 -0.1271387
v 0.1197942 0.6628087 -0.1770874
v 0.094598 0.6567537 -0.2172325
v -0.02525525 0.6720126 -0.2385321
v -0.06612045 0.666508 -0.1974621
v -0.06370681 0.6800681 -0.1661373
v 0.1325696 0.7008319 -0.0806354
v 0.2497175 0.6771078 -0.04741435
v 0.3470009 0.6670519 -0.1984614
v 0.3246388 0.6586735 -0.2220299
v 0.2232215 0.6472528 -0.1972477
v 0.2127442 0.6473215 -0.1526092
v -0.04959115 0.6714976 -0.2239711
v -0.06222178 0.6837721 -0.2136657
v -0.06035978 0.7058486 -0.1161725
v -0.01285523 0.7215211 -0.04101235
v 0.09895044 0.7107804 -0.04349354
v 0.3243843 0.6881456 -0.002455587
v 0.3582985 0.7006127 -0.01029805
v 0.3637989 0.670188 -0.197048
v 0.2762062 0.6550349 -0.2609559
v 0.1505873 0.6828916 -0.1409192
v 0.1050586 0.6660667 -0.2165837
v -0.01475886 0.6624774 -0.2422616
v -0.06626003 0.6914842 -0.2080921
v -0.06929396 0.6933932 -0.1916117
v 0.2915812 0.6782451 -0.01737944
v 0.4119765 0.6790592 -0.1054264
v 0.3946928 0.6938169 -0.1302646
v 0.387712 0.6690918 -0.159436
v 0.3873794 0.6620942 -0.1728392
v 0.2569773 0.6191752 -0.2373554
v 0.1101341 0.6533319 -0.195117
v 0.04884764 0.6703171 -0.2944886
v 0.02308535 0.6380934 -0.2882949
v -0.05686152 0.7033687 -0.07936983
v 0.4083426 0.6796283 -0.1124783
v 0.3848211 0.6793998 -0.1821721
v 0.259647 0.6484993 -0.2555491
v 0.2117639 0.6538092 -0.1645727
v -0.06827492 0.6920167 -0.1839058
v -0.06514771 0.731594 -0.1264699
v -0.04705247 0.7264359 -0.07829595
v 0.1106834 0.7167889 -0.05397447
v 0.2949532 0.6981981 -0.0208539
v 0.3472477 0.7001678 -0.006212134
v 0.3744673 0.6797131 -0.01690898
v 0.3893071 0.6922927 -0.04497573
v 0.2921082 0.6639747 -0.2704722
v 0.2466519 0.6418601 -0.2436074
v 0.2281308 0.649951 -0.2168843
v 0.1458914 0.6776443 -0.1544456
v 0.07038535 0.6648582 -0.2408141
v -0.05115712 0.7075617 -0.1504404
v 0.1407854 0.6848141 -0.1002559
v 0.3880592 0.664628 -0.1670245
v 0.3389243 0.6482311 -0.1984279
v 0.05194989 0.6589874 -0.281647
v 0.01834695 0.6741899 -0.3011403
v -0.05392397 0.7038514 -0.1650352
v -0.05234895 0.704582 -0.1337042
v -0.06040924 0.7120844 -0.09154987
v 0.04160991 0.7201726 -0.02910505
v 0.08056168 0.7290378 -0.04045555
v 0.2096543 0.6957599 -0.1041315
v 0.2217516 0.7014734 -0.08265385
v 0.2360907 0.6871622 -0.06422207
v 0.3440347 0.6991662 -0.207194
v 0.05675197 0.6658975 -0.2649067
v 0.01190802 0.670023 -0.2928827
v -0.02377624 0.7017264 -0.2583348
v -0.03677966 0.69237 -0.2457283
v -0.03708535 0.73169 -0.0646798
v -0.0253241 0.7293092 -0.05105158
v 0.02139035 0.7403939 -0.03982927
v 0.04334646 0.7420202 -0.03797904
v 0.0658334 0.7380689 -0.03925029
v 0.1285083 0.7110754 -0.07223465
v 0.4122191 0.6899635 -0.09634989
v 0.3805587 0.6830754 -0.1890998
v 0.3573901 0.6738395 -0.1999628
v 0.2138052 0.6621328 -0.1848245
v 0.1511104 0.6916528 -0.1647118
v 0.1328808 0.6784258 -0.1780092
v 0.03247359 0.6800975 -0.3085279
v -0.04473703 0.6888464 -0.237555
v 0.3197222 0.709275 -0.01271927
v 0.4089863 0.6993507 -0.1137231
v 0.3850653 0.7060601 -0.1667344
v 0.3191322 0.6647487 -0.2474132
v 0.1574788 0.6967118 -0.1538832
v 0.1146508 0.6672252 -0.1900716
v 0.07935882 0.7012564 -0.2574086
v -0.05406805 0.7345926 -0.09494124
v 0.09529404 0.7301953 -0.0483145
v 0.2881637 0.7091388 -0.02929246
v 0.3022884 0.6819415 -0.2780777
v 0.2268526 0.664187 -0.229009
v 0.2077388 0.661001 -0.1578689
v 0.108056 0.6666023 -0.2133128
v 0.04187519 0.6582538 -0.2943626
v -0.06896576 0.717101 -0.2074993
v -0.06250197 0.7417749 -0.1170822
v -0.01588852 0.7534046 -0.05892107
v 0.3871877 0.6919937 -0.1497889
v 0.327509 0.6647432 -0.2152325
v 0.2020846 0.6764091 -0.155861
v 0.199947 0.6861398 -0.1369832
v 0.09621346 0.6798965 -0.2337245
v -0.002627143 0.6661729 -0.261992
v -0.01298605 0.6965506 -0.2633607
v 0.126489 0.7232477 -0.07131444
v 0.1450511 0.7109505 -0.1113377
v 0.3795929 0.7211396 -0.03851411
v 0.389061 0.7070063 -0.05168706
v 0.4103475 0.7116938 -0.09944274
v 0.3918464 0.7045105 -0.1361033
v 0.3332225 0.663995 -0.2064068
v 0.2842409 0.6673938 -0.2680557
v 0.1923057 0.7071226 -0.1618651
v 0.07256229 0.7039084 -0.2648668
v 0.05291802 0.6935586 -0.3000856
v 0.00849369 0.6940145 -0.3010516
v -0.0592431 0.7243689 -0.2403046
v -0.06358456 0.7172607 -0.1046603
v 0.272217 0.7357742 -0.04521901
v 0.353334 0.7211493 -0.01435758
v 0.3138434 0.7023488 -0.2733402
v 0.2386417 0.6460911 -0.2348243
v 0.2061686 0.6750101 -0.1824314
v 0.1152729 0.6878083 -0.2155722
v 0.1045265 0.7017988 -0.2455703
v 0.06180743 0.6720431 -0.2569988
v -0.06606342 0.7042976 -0.1832305
v 0.3350107 0.7065938 -0.008123104
v 0.2427668 0.6782328 -0.2666656
v 0.22166 0.6647959 -0.2190034
v 0.03791327 0.6799372 -0.3072653
v -0.05765193 0.7403194 -0.1816115
v -0.03988704 0.7553459 -0.07851437
v -0.02134229 0.7447933 -0.05655011
v 0.03018017 0.7583169 -0.04719841
v 0.3404494 0.7172714 -0.01152269
v 0.3732587 0.6906878 -0.1961949
v 0.3538514 0.7008181 -0.2054731
v 0.3282876 0.6929532 -0.2188378
v 0.3152964 0.6660267 -0.2602117
v 0.247849 0.6772922 -0.2686171
v 0.2145649 0.6757665 -0.2122589
v 0.2102509 0.6777427 -0.1970035
v 0.1992483 0.6903175 -0.1842499
v 0.1429066 0.7036014 -0.1967703
v 0.004306749 0.7001462 -0.2973809
v -0.01839486 0.7000223 -0.2605767
v -0.06552596 0.7056904 -0.2205643
v -0.0635576 0.7343318 -0.1376516
v 0.4096408 0.7274069 -0.1160387
v -0.04558949 0.7143369 -0.2517292
v -0.05802957 0.7289865 -0.181848
v 0.250453 0.721249 -0.05381603
v 0.3628708 0.7206272 -0.01899926
v 0.3756615 0.7177123 -0.03039576
v 0.3987916 0.7227118 -0.08247956
v 0.4106686 0.7053631 -0.1094235
v 0.3223206 0.693586 -0.234163
v 0.3064243 0.6688091 -0.2727026
v 0.2906754 0.6891379 -0.2776816
v 0.2229465 0.6933326 -0.2491629
v 0.1209055 0.7036451 -0.2177139
v 0.06656972 0.6990951 -0.2672982
v 0.05789994 0.6944604 -0.2796677
v 0.0122267 0.7004546 -0.308583
v -0.05672836 0.7301115 -0.1563332
v 0.007468621 0.7574061 -0.0525545
v 0.09144879 0.7658386 -0.06247371
v 0.3133204 0.7412264 -0.0249337
v 0.3928942 0.7189247 -0.06828663
v 0.4088327 0.723935 -0.1034922
v 0.3822422 0.6941607 -0.1892985
v 0.3622511 0.6949333 -0.2020627
v 0.3384371 0.686721 -0.2076527
v 0.3177451 0.6939999 -0.2585995
v 0.2763689 0.6878608 -0.2750732
v -0.06770442 0.7230144 -0.2177967
v 0.1051573 0.7652053 -0.07181563
v 0.1183427 0.7359325 -0.0689525
v 0.2133667 0.7279879 -0.08931315
v 0.2360406 0.716682 -0.06399963
v 0.3842602 0.705265 -0.1788285
v 0.3824504 0.7120162 -0.190966
v 0.2552328 0.6784594 -0.2706987
v 0.1606047 0.7137799 -0.170096
v 0.1443048 0.6850255 -0.1700598
v 0.09834877 0.7005345 -0.2483209
v -0.06565057 0.7578989 -0.1417123
v -0.05015094 0.7556736 -0.09554446
v -0.02547736 0.7645122 -0.06973192
v 0.02600528 0.7757106 -0.05644303
v 0.1498116 0.7403352 -0.1143458
v 0.3871761 0.7141669 -0.1473349
v 0.309065 0.6888239 -0.2761511
v 0.2667647 0.6794728 -0.2716291
v 0.2517697 0.7120155 -0.2895233
v -0.008225903 0.6983896 -0.2725883
v -0.01547945 0.7178512 -0.2770495
v -0.06129735 0.7501256 -0.1999314
v -0.0565395 0.7486504 -0.1069912
v -0.05299258 0.7832425 -0.1205256
v 0.2460689 0.7359446 -0.05787408
v 0.3619372 0.762137 -0.02998471
v 0.393608 0.7142786 -0.1359828
v 0.3742627 0.7078044 -0.1998088
v 0.295866 0.7012838 -0.2834125
v 0.1932444 0.7183312 -0.2119706
v 0.4063714 0.7302199 -0.0981798
v 0.3876229 0.7299275 -0.1502928
v 0.2374569 0.6808243 -0.263535
v 0.2308031 0.7056516 -0.2754044
v 0.2090978 0.6970263 -0.2250886
v 0.1935678 0.7034749 -0.1780464
v 0.1532186 0.7217006 -0.2044262
v 0.04696826 0.6883699 -0.3069286
v -0.0686437 0.7347879 -0.2275981
v -0.07034321 0.7365153 -0.2144
v -0.03207141 0.7574307 -0.07024316
v 0.3851978 0.7291536 -0.05684643
v 0.405454 0.7206913 -0.1234603
v 0.3857261 0.6954473 -0.1568278
v 0.2359993 0.7074601 -0.2825022
v 0.1575669 0.7206643 -0.1940499
v 0.09638584 0.7227568 -0.2685366
v 0.02448682 0.6767381 -0.3054438
v 0.02329833 0.6974152 -0.3150581
v -0.03907871 0.7220693 -0.2647722
v -0.06062979 0.7599868 -0.1921427
v -0.06478312 0.7532542 -0.1572383
v 0.3024637 0.72873 -0.02734833
v 0.3751735 0.7481449 -0.04008453
v 0.383889 0.7299215 -0.1854322
v 0.3783494 0.7197016 -0.1989799
v 0.3462613 0.7193987 -0.2113805
v 0.3284923 0.7126237 -0.2250666
v 0.2268673 0.7001334 -0.2633095
v 0.1100649 0.7037162 -0.2425242
v -0.05221844 0.7133102 -0.2425626
v -0.03284215 0.7877871 -0.09043809
v -0.01728805 0.7817515 -0.07711084
v 0.1367413 0.7542467 -0.08937907
v 0.1427687 0.7460994 -0.09697656
v 0.3706362 0.7196628 -0.02481074
v 0.3904654 0.7403651 -0.07027009
v 0.3178951 0.7154394 -0.2679936
v 0.1634396 0.7311917 -0.189186
v 0.1147703 0.7067078 -0.2382084
v 0.07243172 0.7218323 -0.2791246
v 0.05020011 0.7080222 -0.3160464
v 0.07982798 0.755039 -0.05044521
v 0.1917126 0.7561446 -0.1132497
v 0.3262105 0.7396553 -0.02020434
v 0.3478674 0.7434201 -0.01992
v 0.3560632 0.7215068 -0.2087192
v 0.1865223 0.7337731 -0.2026612
v -0.0667706 0.7865775 -0.1644452
v -0.06132915 0.7924422 -0.1519244
v 0.1282262 0.7495309 -0.08121867
v 0.2884587 0.7408165 -0.03898805
v 0.4053564 0.7361736 -0.1327149
v 0.3914006 0.7305955 -0.1448961
v 0.3821013 0.7291579 -0.193547
v 0.32311 0.7138731 -0.2376254
v 0.3221131 0.732039 -0.2461656
v 0.20759 0.7148005 -0.2424394
v 0.1582838 0.7361594 -0.2121834
v 0.1500571 0.736492 -0.2250213
v -0.02443917 0.7247916 -0.2735707
v -0.06678203 0.7664264 -0.1629101
v -0.001485464 0.7959804 -0.07898468
v 0.04487385 0.7838079 -0.05849354
v 0.4088907 0.7411823 -0.1260241
v 0.3377275 0.7112743 -0.2139707
v 0.06414132 0.7152116 -0.2849849
v -0.005062969 0.716886 -0.2917741
v -0.06744522 0.7484384 -0.2142139
v -0.06241781 0.7642518 -0.2090536
v 0.1475992 0.7732449 -0.1040223
v 0.4092492 0.7326918 -0.1106113
v 0.3664844 0.7156281 -0.2048479
v 0.2257573 0.7169493 -0.2739573
v 0.07012422 0.7466706 -0.2987216
v 0.01866139 0.7320855 -0.3326072
v 0.02762371 0.7915949 -0.06455389
v 0.0677604 0.7598982 -0.04832351
v 0.2083981 0.7605728 -0.09197524
v 0.250455 0.7439932 -0.05705394
v 0.3179088 0.764458 -0.0296261
v 0.3365901 0.7620598 -0.0241023
v 0.3740248 0.7617829 -0.04282019
v 0.3841914 0.7382579 -0.1790328
v 0.3329162 0.731265 -0.224384
v 0.3257131 0.7288679 -0.2345739
v 0.3069053 0.7261368 -0.2896328
v 0.2398914 0.7152812 -0.28992
v 0.2148935 0.722618 -0.2610789
v 0.2135397 0.7760928 -0.0886333
v 0.3974101 0.7523329 -0.0795882
v 0.4032719 0.7393015 -0.08783673
v 0.2763572 0.7179983 -0.2892156
v 0.2657486 0.719203 -0.2907854
v 0.03025719 0.7242918 -0.3316148
v -0.06911823 0.7584574 -0.2474121
v -0.06998352 0.759677 -0.231583
v 0.1163532 0.7662321 -0.07931027
v 0.1540609 0.7581964 -0.1194783
v 0.1310474 0.7302293 -0.2347841
v 0.1049167 0.7226068 -0.2630414
v 0.03716734 0.7202733 -0.3298728
v -0.04922045 0.7501333 -0.2722179
v -0.03882768 0.7749105 -0.08971026
v 0.2908656 0.780542 -0.04853575
v 0.3380658 0.7798892 -0.02833095
v 0.4017458 0.766791 -0.09351991
v 0.4082577 0.7495163 -0.1046767
v 0.3803027 0.7613758 -0.2035604
v 0.1854183 0.7336466 -0.1817583
v 0.3806423 0.7497869 -0.05762596
v 0.3953292 0.755737 -0.1471134
v 0.3741119 0.7353478 -0.2057665
v 0.3427261 0.7505502 -0.2220698
v 0.212315 0.7156948 -0.2513857
v 0.1877974 0.7306222 -0.2123359
v 0.165734 0.7444833 -0.2045825
v 0.05988671 0.7226856 -0.3007427
v 0.05952727 0.7534612 -0.3284857
v -0.04121579 0.8131935 -0.1133767
v -0.003605932 0.8205197 -0.09387808
v 0.01337885 0.8054158 -0.0800266
v 0.04487213 0.835089 -0.08479555
v 0.1825956 0.7732105 -0.1139719
v 0.3709 0.7827741 -0.04695512
v 0.3772138 0.7726772 -0.05888329
v 0.3836563 0.7500056 -0.1697949
v 0.312647 0.7292882 -0.2847991
v 0.2988558 0.7539272 -0.3020111
v 0.2720025 0.7402725 -0.2957262
v 0.1770713 0.7463495 -0.2047499
v 0.08124731 0.7266842 -0.277654
v 0.04318292 0.7183566 -0.3269385
v 0.006703564 0.7401757 -0.3273893
v -0.064116 0.7789296 -0.2195232
v -0.06676264 0.7712668 -0.1810849
v -0.06918102 0.7906577 -0.2022545
v 0.1330394 0.7900135 -0.09777051
v 0.3813297 0.769209 -0.0627944
v 0.2933673 0.7278802 -0.2931889
v 0.1986611 0.7245845 -0.2340847
v 0.3652622 0.7376038 -0.2110075
v 0.1851235 0.7499776 -0.2357918
v 0.1616077 0.7552373 -0.2218209
v 0.1452022 0.7314366 -0.2245219
v 0.1240899 0.7314204 -0.2446453
v 0.05039109 0.7329176 -0.3313662
v 0.02813452 0.8275122 -0.08552368
v 0.05673647 0.7958363 -0.06356364
v 0.07432026 0.8076741 -0.07525579
v 0.1529851 0.8039411 -0.1113549
v 0.1621459 0.7956488 -0.1172234
v 0.1608054 0.7826447 -0.1180769
v 0.1783731 0.7959756 -0.1158354
v 0.1943032 0.7862369 -0.1079113
v 0.3275744 0.7893622 -0.03229957
v 0.002700783 0.7252982 -0.3101554
v -0.04181074 0.744741 -0.2772607
v 0.2180868 0.7786394 -0.08584047
v 0.4099313 0.7556982 -0.1202167
v 0.1860026 0.7572968 -0.2495348
v 0.168079 0.7543224 -0.2156346
v 0.1163092 0.7602848 -0.2827782
v -0.007810404 0.7497202 -0.3095554
v -0.01730573 0.7520505 -0.2991565
v 0.3506499 0.7691669 -0.02704445
v 0.3944529 0.7655947 -0.07515839
v 0.4104183 0.7633886 -0.1082851
v 0.386076 0.7596232 -0.162933
v 0.2429648 0.7225202 -0.2948763
v 0.193518 0.7556792 -0.2613358
v 0.1076493 0.7544455 -0.2851146
v -0.0273447 0.7624529 -0.2979924
v -0.05976608 0.7517337 -0.2577317
v -0.0687642 0.7958954 -0.2459508
v 0.09671531 0.7975551 -0.08213931
v 0.2374968 0.7769172 -0.07300525
v 0.2786301 0.7849323 -0.05593666
v 0.3180242 0.7343978 -0.2735682
v 0.2233204 0.7395351 -0.2877275
v 0.18146 0.7529266 -0.2249649
v 0.1532463 0.7571936 -0.2396499
v 0.135535 0.7657916 -0.2641231
v 0.07635285 0.7457493 -0.2934628
v -0.05958349 0.8361413 -0.1642043
v -0.05762934 0.8066571 -0.1420707
v -0.04963352 0.8168098 -0.12751
v 0.06183005 0.8181062 -0.07593555
v 0.3679397 0.7665988 -0.03617923
v 0.3484777 0.7509206 -0.2194287
v 0.1464259 0.7583268 -0.249045
v 0.1301581 0.7586575 -0.2632352
v 0.06653123 0.7815265 -0.3269577
v 0.06479487 0.7525752 -0.311747
v 0.05518841 0.7169051 -0.3125051
v 0.05125564 0.8418792 -0.08733723
v 0.09144937 0.8269534 -0.09493465
v 0.3562719 0.766186 -0.02838759
v 0.2884301 0.7510902 -0.2997207
v 0.2132303 0.7571933 -0.2864293
v 0.1137317 0.7992293 -0.09311346
v 0.277427 0.7990426 -0.05859072
v 0.3130796 0.7900023 -0.03766517
v 0.3424225 0.7829753 -0.02891454
v 0.3542596 0.8133147 -0.04033924
v 0.3979269 0.7906306 -0.08961536
v 0.3121796 0.765579 -0.298054
v 0.2776499 0.7502403 -0.2986473
v 0.1653735 0.7765324 -0.2423952
v 0.1575426 0.7798772 -0.2555639
v -0.06688827 0.7886841 -0.2751376
v 0.3833013 0.7546065 -0.1886437
v 0.3733762 0.7688134 -0.2167042
v 0.2045397 0.7526734 -0.2743742
v 0.1773692 0.7695215 -0.2467118
v 0.1754603 0.7606769 -0.2254352
v 0.09616847 0.7546694 -0.2930565
v 0.0487514 0.750118 -0.3433275
v -0.06348577 0.8108524 -0.1717705
v 0.1650119 0.8187884 -0.1174088
v 0.1894223 0.8148792 -0.1122574
v 0.2300614 0.7989147 -0.08130829
v 0.3918419 0.7739667 -0.07331441
v 0.3923753 0.7736182 -0.1540164
v 0.2635399 0.7626561 -0.3099509
v 0.1242747 0.7632158 -0.2767891
v 0.07887686 0.7793499 -0.3175545
v 0.002248006 0.7735534 -0.34274
v -0.06397621 0.7700305 -0.2667378
v -0.07062831 0.8058211 -0.2008988
v 0.374811 0.8107439 -0.06966181
v 0.4082686 0.7824948 -0.1099619
v 0.2730764 0.7670353 -0.3088318
v 0.2482566 0.7318608 -0.2986233
v 0.1094479 0.7981825 -0.3183673
v 0.04814361 0.7688128 -0.3556215
v -0.06074248 0.8200557 -0.1604811
v -0.0535598 0.82747 -0.1427387
v -0.0330463 0.8175867 -0.1082666
v 0.3676517 0.7575613 -0.2165427
v 0.3640173 0.7600594 -0.2187111
v 0.1995187 0.7518233 -0.2672969
v 0.1680392 0.7793095 -0.2513796
v 0.07184603 0.7919353 -0.3300938
v 0.06334662 0.7686256 -0.3247088
v -0.06861117 0.8044168 -0.2874928
v 0.003029906 0.8577712 -0.1161814
v 0.0381624 0.8417732 -0.08829927
v 0.3314575 0.7660742 -0.2423677
v 0.3087773 0.7895448 -0.3102713
v 0.2484666 0.7829038 -0.3253156
v 0.1863709 0.7834518 -0.2799127
v 0.08851048 0.7474568 -0.2913473
v 0.1397964 0.8184934 -0.1097868
v 0.1472761 0.8126509 -0.1100997
v 0.216304 0.8297373 -0.09435519
v 0.4031864 0.774146 -0.1377743
v 0.3834518 0.7773599 -0.18184
v 0.3528868 0.774069 -0.2246493
v 0.03717323 0.7599127 -0.3528347
v -0.0447854 0.7880033 -0.3051181
v -0.01383558 0.8546511 -0.1220505
v 0.1188934 0.8067542 -0.09835792
v 0.410502 0.7704554 -0.1182895
v 0.378382 0.7875966 -0.2199919
v 0.2067201 0.7688709 -0.2894472
v 0.1810152 0.7769126 -0.2660548
v 0.1599075 0.7923165 -0.269079
v 0.1335712 0.7842 -0.2830902
v -0.03772124 0.7678996 -0.295672
v -0.07233136 0.7974128 -0.2662182
v -0.07181052 0.8114293 -0.2247899
v -0.07306495 0.8251547 -0.2261347
v -0.05855349 0.8704779 -0.1788118
v -0.04353071 0.8456354 -0.1391689
v 0.3056873 0.7543707 -0.2999977
v 0.2261766 0.7656408 -0.3110635
v 0.05650234 0.7642248 -0.3439157
v 0.02979166 0.7396712 -0.3408283
v 0.01812841 0.8389904 -0.09671581
v 0.05775668 0.8542405 -0.09473057
v 0.3818552 0.8028914 -0.1954018
v 0.3812549 0.7823603 -0.2048271
v 0.3238581 0.774502 -0.2614509
v 0.1713707 0.7991855 -0.2829725
v 0.1204265 0.8006248 -0.3109557
v 0.1021814 0.788609 -0.3158352
v 0.01129726 0.7656719 -0.3448593
v -0.07104623 0.8090799 -0.2840723
v 0.09271508 0.8486802 -0.1061722
v 0.1754011 0.8295116 -0.1198007
v 0.2406725 0.7867932 -0.3297909
v 0.2287881 0.7724149 -0.3174412
v 0.01855443 0.7761421 -0.3562728
v -0.002084702 0.765613 -0.3322882
v -0.0539175 0.7908705 -0.2937384
v -0.07148108 0.8354025 -0.2231432
v -0.02397868 0.815032 -0.09987339
v 0.1176048 0.8415191 -0.1124805
v 0.3933454 0.8014203 -0.1615397
v 0.3016001 0.7898256 -0.3140184
v 0.2867773 0.8011935 -0.3199081
v 0.2351462 0.7442455 -0.3042691
v 0.06232154 0.7960462 -0.342086
v -0.02473514 0.7879064 -0.3194572
v -0.06965576 0.8237983 -0.2747186
v -0.06693346 0.8342417 -0.2073701
v 0.2471453 0.8104758 -0.07447277
v 0.286796 0.7981239 -0.05387087
v 0.3680135 0.8175545 -0.06069769
v 0.3708185 0.7904524 -0.2275165
v 0.341812 0.7814342 -0.234978
v 0.178698 0.7988621 -0.2883232
v 0.0591743 0.7815279 -0.3483081
v -0.03872759 0.8022078 -0.3200219
v -0.06872828 0.8148757 -0.2518515
v 0.06840354 0.8595077 -0.1021658
v 0.07864107 0.8808888 -0.1145666
v 0.1507682 0.8497371 -0.1222411
v 0.1974861 0.8395858 -0.1095595
v 0.3892598 0.8069359 -0.08077722
v 0.4068929 0.7905462 -0.1326728
v 0.3542584 0.810285 -0.2373945
v 0.3454394 0.8056917 -0.242243
v 0.1606044 0.805678 -0.2858752
v 0.1456583 0.7874681 -0.2755629
v 0.09312858 0.815568 -0.3400801
v -0.02003258 0.7974389 -0.3320355
v -0.06468299 0.8495204 -0.1919675
v -0.02343277 0.8812723 -0.1474812
v 0.1671094 0.8503563 -0.1218177
v 0.3137356 0.8030013 -0.3101506
v 0.2664851 0.8046485 -0.3270888
v 0.2366897 0.7713173 -0.3209889
v 0.2146436 0.7906052 -0.3157281
v 0.1955978 0.7866872 -0.2957016
v 0.1490967 0.8071364 -0.2907052
v 0.07340682 0.8251896 -0.3546601
v -0.06933081 0.8284129 -0.3046422
v -0.0330388 0.8874174 -0.1586026
v 0.3255711 0.8340697 -0.03955472
v 0.4036924 0.8097849 -0.144691
v 0.3239097 0.7922209 -0.2711289
v 0.03760215 0.8016464 -0.3746065
v -0.07110011 0.8328625 -0.2888923
v -0.07500598 0.8482841 -0.2540554
v 0.3973584 0.8155744 -0.09318569
v 0.4066949 0.8063444 -0.112676
v 0.3203749 0.7786376 -0.274588
v 0.3171471 0.7916389 -0.2967863
v 0.1577382 0.8256283 -0.3064772
v -0.07207373 0.8731452 -0.2408607
v 0.1016452 0.8684491 -0.1199424
v 0.2374162 0.8378434 -0.08534192
v 0.3398801 0.8229702 -0.03751712
v 0.358801 0.8169292 -0.04606289
v 0.4077325 0.8087329 -0.1211116
v 0.3842418 0.7898304 -0.1820723
v 0.2178347 0.8014014 -0.3274491
v 0.207398 0.8339298 -0.3403146
v 0.1873024 0.8131267 -0.3126535
v 0.0425736 0.7877181 -0.366862
v -0.004159454 0.8059475 -0.3604141
v -0.0122353 0.7875492 -0.3329892
v 0.01257591 0.9026451 -0.144378
v 0.03051708 0.8717282 -0.1108239
v 0.1249474 0.8651188 -0.1250186
v 0.1752572 0.8642526 -0.1217375
v 0.2742096 0.8408418 -0.06641234
v 0.3713135 0.823627 -0.07064717
v 0.3999906 0.8253284 -0.1029992
v 0.3843914 0.8208758 -0.1912688
v 0.2769711 0.7960879 -0.318971
v 0.1341874 0.8161508 -0.3103504
v -0.05567904 0.8138907 -0.3104168
v -0.0490468 0.8922889 -0.1785677
v 0.2638105 0.8319228 -0.07043625
v 0.385343 0.8238171 -0.08137225
v 0.4056502 0.8218734 -0.1173276
v 0.3971465 0.8167599 -0.1573697
v 0.3797007 0.8049411 -0.2166358
v 0.3315011 0.7948465 -0.2604814
v 0.3203669 0.8068253 -0.2862397
v 0.2469406 0.7997561 -0.3345422
v -0.04566238 0.8131424 -0.3246232
v -0.07207845 0.8387893 -0.2744712
v -0.06904119 0.8743439 -0.2261325
v 0.005795804 0.8879883 -0.1367724
v 0.166249 0.8777887 -0.1280294
v 0.1873695 0.8623358 -0.1159341
v 0.2946095 0.8486922 -0.05343648
v 0.2571148 0.8189006 -0.3385472
v 0.198732 0.7964496 -0.3066292
v 0.01622468 0.8233396 -0.3816888
v 0.007409617 0.7994171 -0.3627583
v -0.03693296 0.8217686 -0.3386757
v -0.01138953 0.8929371 -0.151348
v 0.03614254 0.9095262 -0.1325369
v 0.4059231 0.8195124 -0.1417412
v 0.3767922 0.8164978 -0.2312337
v 0.1482054 0.8287699 -0.3111619
v 0.09706276 0.8155921 -0.3387912
v 0.2107132 0.8512367 -0.1020292
v 0.3947962 0.8215147 -0.1633127
v 0.3626679 0.7943332 -0.2301346
v 0.3364535 0.8211986 -0.2671862
v 0.239534 0.824497 -0.3512919
v 0.1811313 0.8351371 -0.3271667
v 0.1397644 0.8312408 -0.3179322
v 0.1061022 0.826489 -0.3421653
v 0.05604019 0.7830086 -0.3571293
v -0.05595848 0.8321517 -0.3242637
v -0.07160601 0.8470987 -0.3090948
v -0.06258724 0.8774509 -0.1949997
v 0.4051684 0.8286218 -0.139633
v 0.1627746 0.828109 -0.310435
v -0.04000564 0.8866209 -0.1638273
v 0.04737698 0.9219337 -0.1345706
v 0.2222764 0.8263413 -0.3493386
v 0.1660862 0.8394949 -0.3236493
v 0.05755509 0.8019894 -0.3624521
v 0.04860705 0.8028745 -0.3730058
v -0.06655089 0.847223 -0.3236625
v -0.07886094 0.8679385 -0.2597238
v 0.1079531 0.898026 -0.1377364
v 0.1285996 0.8830438 -0.1324212
v 0.1860783 0.8894805 -0.1231186
v 0.3911389 0.8218002 -0.1757827
v 0.3578615 0.8333599 -0.2445945
v 0.3238978 0.8190796 -0.2828254
v 0.3179683 0.8229086 -0.3069564
v 0.2263343 0.8374755 -0.3592051
v 0.06561188 0.8171238 -0.3524707
v 0.05919293 0.8111828 -0.3567731
v 0.0008109063 0.83257 -0.3805988
v 0.2963372 0.8216486 -0.324425
v 0.1214033 0.8328653 -0.3352184
v 0.08325787 0.848818 -0.3692576
v 0.02870487 0.8022562 -0.3722815
v -0.02044599 0.8548959 -0.3824469
v -0.07633811 0.8604295 -0.3037896
v -0.05597872 0.9068912 -0.2012745
v 0.2271253 0.8633323 -0.09738533
v 0.2341511 0.8660389 -0.09365933
v 0.3311424 0.8493005 -0.04284273
v 0.3595779 0.8265037 -0.0517798
v 0.3667529 0.8383449 -0.07273934
v 0.3784082 0.8256131 -0.2297603
v 0.2340051 0.8287028 -0.3548381
v 0.2297378 0.8393338 -0.3616007
v 0.1776026 0.8462774 -0.3355162
v 0.1540209 0.8649456 -0.3455866
v 0.05413796 0.8684267 -0.406396
v 0.04246175 0.8315389 -0.3931104
v -0.07525918 0.8596938 -0.281032
v -0.005479421 0.9101022 -0.1615208
v 0.1385532 0.9081466 -0.1389897
v 0.3838286 0.8462551 -0.08666062
v 0.3725957 0.8253882 -0.2370326
v 0.3484997 0.8335061 -0.2518973
v 0.3251972 0.8458431 -0.2924008
v 0.3138537 0.8407112 -0.3228396
v 0.05757465 0.859816 -0.3881594
v 0.3931433 0.8416651 -0.09477198
v 0.4037263 0.837526 -0.1150275
v 0.4041584 0.8439 -0.1248301
v 0.2446219 0.8281788 -0.3508458
v 0.1412385 0.8630085 -0.3481001
v -0.02605891 0.8177018 -0.3422819
v -0.05738763 0.8622391 -0.3466734
v -0.07830089 0.8739035 -0.3198969
v 0.119037 0.9097849 -0.1448066
v 0.1442074 0.8753837 -0.127814
v 0.3133779 0.8631754 -0.04812109
v 0.3478151 0.8453601 -0.04898072
v 0.3963479 0.8519049 -0.1681071
v 0.3797151 0.8353261 -0.2232036
v 0.3188249 0.8438128 -0.3166331
v 0.1862633 0.847988 -0.3444436
v 0.06315464 0.8468083 -0.3734136
v 0.05187967 0.8692948 -0.4122303
v -0.01175029 0.8465825 -0.3841394
v -0.04306623 0.854259 -0.3615298
v -0.04328644 0.9300925 -0.2011626
v 0.03390384 0.9281196 -0.1479888
v 0.2479874 0.8667634 -0.08514339
v 0.3027548 0.8681034 -0.05226643
v 0.3487001 0.8655825 -0.06175737
v 0.4010622 0.8545712 -0.1255069
v 0.3386568 0.8370222 -0.2708911
v 0.1104025 0.8734245 -0.3758965
v -0.08018282 0.880266 -0.2783745
v -0.08029834 0.8955763 -0.2759774
v 0.05379736 0.9300094 -0.1392027
v 0.358356 0.8570471 -0.07266193
v 0.4024599 0.8449413 -0.1473572
v 0.216109 0.8262975 -0.3432309
v 0.1286703 0.8517777 -0.343796
v 0.1035466 0.8604078 -0.371094
v -0.02404824 0.8387964 -0.3636504
v -0.08018191 0.9136104 -0.2791669
v -0.06491882 0.8816666 -0.2068478
v 0.2722151 0.8817365 -0.06770198
v 0.3907731 0.8594984 -0.1003903
v 0.3589309 0.8627028 -0.2538039
v 0.09311287 0.8597175 -0.3755787
v -0.06300407 0.8629836 -0.3404374
v -0.07123277 0.8944459 -0.2432059
v 0.0001195921 0.9347742 -0.1764222
v 0.05971159 0.9151695 -0.1302542
v 0.161522 0.9152999 -0.1329287
v 0.2164755 0.8960903 -0.1116207
v 0.2700772 0.8334208 -0.3399127
v 0.2040334 0.846397 -0.3482276
v -0.07687751 0.8762702 -0.2983501
v -0.0494866 0.9235612 -0.2019023
v 0.0237139 0.9468554 -0.1715474
v 0.2059558 0.8857136 -0.1130858
v 0.2225237 0.9045166 -0.1096309
v 0.3670531 0.8507243 -0.07902204
v 0.3836536 0.8459762 -0.1994764
v 0.3817013 0.8250155 -0.201756
v 0.307652 0.8315614 -0.3239701
v 0.2938846 0.8443124 -0.3341915
v 0.1946328 0.8403705 -0.3414208
v 0.1680088 0.9310923 -0.1356633
v 0.3788373 0.8573914 -0.08956771
v 0.3965902 0.8647622 -0.1143539
v 0.3767644 0.8563919 -0.2430893
v 0.3710218 0.8569183 -0.2484678
v 0.1761291 0.8786371 -0.3656055
v 0.1612211 0.8666906 -0.3488742
v 0.04951962 0.8496985 -0.4018981
v -0.06777022 0.9179703 -0.2402176
v -0.03682771 0.9308143 -0.1962324
v 0.2938633 0.8712494 -0.3450456
v 0.2405233 0.8749976 -0.3782722
v -0.03630531 0.8891265 -0.3998918
v -0.07429282 0.8750999 -0.3339969
v -0.02109616 0.9336583 -0.1888802
v 0.0982286 0.8919935 -0.1325206
v 0.3178013 0.8780329 -0.05144147
v 0.3993296 0.8731072 -0.1426084
v 0.3917055 0.8469478 -0.1828812
v 0.3726674 0.8630439 -0.2480738
v 0.302636 0.8620141 -0.3366806
v 0.2641448 0.8795034 -0.3635991
v 0.1986574 0.8688121 -0.3636795
v 0.1281899 0.8798802 -0.368111
v 0.07370581 0.8635923 -0.3835994
v -0.007256385 0.8582903 -0.3946725
v 0.07557147 0.9326304 -0.1455674
v 0.2449286 0.890875 -0.08736846
v 0.2949577 0.9029718 -0.06095725
v 0.3378375 0.8550307 -0.04718896
v 0.3983468 0.8722762 -0.1293239
v 0.3777286 0.8708476 -0.2419505
v 0.3205801 0.8677672 -0.3217432
v 0.2494935 0.8826014 -0.3767335
v 0.1838328 0.8835427 -0.3734639
v 0.01170017 0.8792782 -0.4160565
v -0.04938481 0.835978 -0.3363898
v 0.09927145 0.9406399 -0.1570949
v 0.3568966 0.8772153 -0.08390592
v 0.3992704 0.8645427 -0.1522011
v 0.3503167 0.8450739 -0.2541365
v 0.2815039 0.8400275 -0.3390114
v 0.05922599 0.8915747 -0.4091366
v 0.02937558 0.8565682 -0.4076591
v -0.07148677 0.9276264 -0.2648622
v -0.06499144 0.9355757 -0.2459381
v 0.1594468 0.947073 -0.1432451
v 0.3791917 0.8773449 -0.2361462
v 0.3448546 0.8914059 -0.276083
v 0.2730565 0.8841593 -0.3624282
v 0.2576557 0.8670796 -0.3619525
v 0.1650137 0.8866718 -0.3690326
v 0.1024586 0.9079705 -0.4092066
v -0.04895169 0.8818598 -0.3804265
v -0.07509966 0.9199585 -0.2688696
v 0.1983663 0.9075122 -0.1200018
v 0.2099276 0.8684657 -0.3689832
v 0.2044557 0.8878614 -0.3798658
v 0.148605 0.8952553 -0.3713688
v 0.1168583 0.8951218 -0.3892393
v 0.09791942 0.8828759 -0.3906053
v 0.3894132 0.8781425 -0.1880917
v -0.03982145 0.8706083 -0.3757192
v -0.05495287 0.9015102 -0.3892652
v -0.06330049 0.9111829 -0.3830157
v -0.06722947 0.9159094 -0.3811253
v -0.06143489 0.9227424 -0.2238312
v -0.03506925 0.967169 -0.2268397
v 0.2050588 0.920638 -0.1223022
v 0.3447974 0.9006004 -0.08749444
v 0.314523 0.8678288 -0.3312316
v 0.04050274 0.8656065 -0.416498
v 0.03464562 0.8669725 -0.4164431
v -0.07058313 0.8793595 -0.3451635
v -0.0826188 0.913466 -0.3401292
v -0.082257 0.9218639 -0.3276813
v -0.00716752 0.9720444 -0.2151965
v 0.0726082 0.9605074 -0.1615386
v 0.3033693 0.8842452 -0.3442422
v 0.1837305 0.9178823 -0.4038001
v 0.06122995 0.907887 -0.4217926
v -0.07630523 0.9609616 -0.3027055
v -0.05705785 0.9769978 -0.2555469
v 0.03255744 0.9666157 -0.1824714
v 0.12274 0.9474459 -0.1580934
v 0.3409363 0.8842554 -0.06755458
v 0.383282 0.8744967 -0.2058297
v 0.3189568 0.8869704 -0.3340635
v 0.1553818 0.9134313 -0.387624
v 0.07695916 0.8975326 -0.4105802
v -0.04178509 0.8978477 -0.4020114
v 0.2711236 0.8998435 -0.06983532
v 0.3095184 0.9259526 -0.06854033
v 0.335792 0.881379 -0.05931936
v 0.3906775 0.8808799 -0.1075263
v 0.3922682 0.8870668 -0.1691921
v 0.3280013 0.8767103 -0.2990995
v 0.3242334 0.8917582 -0.326848
v 0.04794584 0.8956379 -0.4302939
v -0.08392906 0.9203847 -0.3065231
v 0.3805319 0.8890679 -0.2170781
v 0.3685082 0.8768961 -0.2552465
v 0.1049706 0.9456987 -0.4388423
v 0.05387709 0.910522 -0.4298711
v -0.05022655 0.9625832 -0.2339033
v -0.03945565 0.9893354 -0.2474265
v 0.1798738 0.9472667 -0.1369316
v 0.2485993 0.9080532 -0.08731747
v 0.3835739 0.8900732 -0.1051267
v 0.3944142 0.8977903 -0.1288612
v 0.3762518 0.8893304 -0.2534838
v 0.3087582 0.8983715 -0.3448687
v 0.2273284 0.8983182 -0.3978049
v 0.1429401 0.9145604 -0.3930488
v 0.00758208 0.8852988 -0.4171524
v -0.03017934 0.9102069 -0.420141
v 0.2012208 0.960122 -0.1395315
v 0.2131038 0.9539288 -0.1323535
v 0.3944094 0.8945765 -0.1544549
v 0.3905894 0.9096901 -0.1716824
v 0.388922 0.8992597 -0.1890177
v 0.2372439 0.9193358 -0.4056362
v 0.2311524 0.8923901 -0.3928
v -0.08293419 0.9198453 -0.3573179
v -0.06460422 0.9742198 -0.275773
v 0.01731624 0.9863196 -0.2123516
v 0.05236491 0.9733678 -0.1719175
v 0.06042843 0.9716398 -0.1688917
v 0.2258324 0.9240542 -0.1114637
v 0.2662631 0.9284571 -0.07613238
v 0.3087037 0.9069492 -0.06123623
v 0.332583 0.9179525 -0.08714414
v 0.3600479 0.8949365 -0.09444661
v 0.3868953 0.9109024 -0.1146089
v 0.1229776 0.9201298 -0.4075322
v 0.02304912 0.9004778 -0.4364077
v -0.01985407 0.8982314 -0.4179664
v -0.08752484 0.9519226 -0.3270712
v -0.08434558 0.9435504 -0.304939
v -0.07027107 0.9637836 -0.2873703
v 0.08264404 0.971772 -0.1720129
v 0.1005799 0.9701369 -0.1751806
v 0.1092277 0.9457264 -0.1610902
v 0.3261544 0.8937137 -0.06029066
v 0.392623 0.9119014 -0.1394902
v 0.2593042 0.9028118 -0.378337
v 0.248332 0.9366899 -0.4084886
v 0.1649771 0.9200392 -0.401762
v 0.05292906 0.9284315 -0.4436028
v -0.04226428 0.9694323 -0.2330613
v -0.01110064 0.9925426 -0.2347696
v 0.0445563 0.9953847 -0.1951026
v 0.3238199 0.9228185 -0.07807039
v 0.3499645 0.9027068 -0.09267834
v 0.3844415 0.901387 -0.2031982
v 0.3780861 0.9142308 -0.254963
v 0.3250384 0.9254292 -0.3388682
v 0.2972654 0.8973458 -0.3540622
v 0.2774881 0.9241021 -0.3813998
v 0.2241509 0.888826 -0.3912854
v 0.2112181 0.917083 -0.4049219
v 0.1440484 0.9545576 -0.4256276
v 0.09308464 0.9571943 -0.4565338
v -0.07702896 0.9109241 -0.3671961
v -0.05634969 1.016222 -0.2895534
v 0.07021114 1.007446 -0.1967609
v 0.349678 0.9202976 -0.1007255
v 0.3794335 0.9049985 -0.2390692
v 0.3506664 0.8963201 -0.2710722
v 0.04107062 0.9206778 -0.4532889
v -0.006932444 0.9026498 -0.4253179
v -0.08432648 0.9358628 -0.3392457
v 0.1746925 0.979262 -0.1496079
v 0.2229669 0.9626415 -0.1254569
v 0.1938564 0.9252697 -0.4078507
v 0.3887564 0.9134789 -0.1974205
v 0.3289313 0.9211444 -0.3295689
v 0.1795453 0.9448261 -0.4271254
v 0.3180897 0.9257304 -0.0740271
v 0.3725014 0.9185722 -0.1080084
v 0.3882986 0.9191126 -0.2132271
v 0.3710521 0.9067048 -0.2642135
v 0.2880073 0.9033362 -0.3648559
v 0.283393 0.8993703 -0.3661578
v 0.217237 0.9264306 -0.414588
v 0.2027169 0.9473108 -0.425704
v 0.1761395 0.9208791 -0.4047292
v 0.1390606 0.9683747 -0.4395894
v 0.1120036 0.9517415 -0.4401796
v 0.06906404 0.9293061 -0.4395916
v 0.05286652 0.9509553 -0.4607314
v 0.01915543 0.9382954 -0.4641798
v 0.2872637 0.9346648 -0.0698102
v 0.389899 0.9243771 -0.1289143
v 0.3557293 0.8995733 -0.2683919
v 0.3030664 0.9149439 -0.354419
v 0.2664499 0.9233363 -0.3832865
v 0.1541965 0.9421579 -0.4142762
v -0.01447039 0.9241922 -0.4374001
v -0.08505368 0.9414453 -0.3728992
v -0.08834602 0.9423742 -0.3625195
v -0.08545947 0.9490848 -0.3495934
v 0.05974512 1.019171 -0.2077311
v 0.1112742 0.9917865 -0.1852814
v 0.1286873 0.9805645 -0.1722786
v 0.2867281 0.9694959 -0.3979711
v 0.1631879 0.951026 -0.4291663
v 0.08881138 0.9465293 -0.4490157
v 0.02611682 0.9322356 -0.4616964
v 0.004962165 0.9248911 -0.4474575
v 0.3377589 0.9227469 -0.09719513
v 0.3681538 0.9389158 -0.1135855
v 0.3880388 0.9376212 -0.1939108
v 0.3390327 0.9077712 -0.2919524
v 0.07899389 0.9299424 -0.4371771
v -0.06265561 1.005824 -0.2973456
v 0.2450688 0.9490684 -0.09461267
v 0.2739686 0.9396364 -0.07566614
v 0.3797563 0.90704 -0.2262093
v 0.1282927 0.9563511 -0.4404287
v -0.06814572 1.0088 -0.3224347
v -0.04944573 1.010206 -0.2769937
v 0.01649875 1.039272 -0.2627843
v 0.1024371 0.9965901 -0.1917946
v 0.1477504 0.9843551 -0.1631987
v 0.3881865 0.9262978 -0.1581966
v 0.2919177 0.9661133 -0.3909725
v 0.2640455 0.9428706 -0.3945215
v 0.1654567 0.9678775 -0.4448677
v -0.08891971 0.9647377 -0.3467458
v -0.05930514 1.005205 -0.2848752
v 0.271517 0.9700432 -0.08253954
v 0.3522137 0.9443263 -0.2861863
v 0.3189488 0.9308692 -0.3452376
v 0.1946479 0.959838 -0.4355667
v 0.1533511 0.9829305 -0.4552902
v 0.1460882 0.9786781 -0.4458334
v 0.06607432 0.991436 -0.4952985
v 0.01420424 0.9311768 -0.4567756
v -0.04857266 0.9304985 -0.4201239
v -0.06570825 0.9497139 -0.407506
v -0.08680516 0.9658534 -0.338442
v -0.06179957 1.038715 -0.3213607
v 0.02582968 0.9977587 -0.2166194
v 0.08715977 1.016031 -0.203023
v 0.3025106 0.95174 -0.07851847
v 0.3768467 0.9456837 -0.2595631
v 0.1390339 0.9914397 -0.459085
v 0.03966747 0.9532694 -0.4749847
v -0.04831526 0.9543387 -0.4419385
v -0.006528979 1.044446 -0.2839295
v 0.03712317 1.029897 -0.2376483
v 0.1571899 0.995071 -0.1645768
v 0.2135089 0.9817577 -0.1433259
v 0.2397816 0.9635532 -0.1028607
v 0.2995606 0.9341053 -0.07014377
v 0.3083511 0.9534082 -0.08403333
v 0.3753037 0.9491028 -0.1253964
v 0.3848622 0.948426 -0.2271749
v 0.364438 0.9431323 -0.2804987
v 0.2742271 0.9659898 -0.4007583
v 0.235226 0.9764445 -0.4382852
v 0.2278662 0.9487814 -0.4272311
v 0.2201893 0.9511196 -0.4290461
v 0.127004 1.00527 -0.4855739
v 0.1135229 0.9890512 -0.4755204
v 0.09210683 1.01769 -0.5113565
v 0.04971133 0.9958926 -0.5007341
v -0.08885809 0.9574906 -0.3629375
v -0.02136092 1.019091 -0.2661713
v 0.1869253 0.9941724 -0.1605456
v 0.2632165 0.9650604 -0.08313753
v 0.3307456 0.9413619 -0.3345352
v 0.09833822 0.9851249 -0.478752
v 0.166166 1.008415 -0.1700754
v 0.202387 0.9900428 -0.1544788
v 0.3409229 0.9522474 -0.1136282
v 0.3853642 0.9520963 -0.1717842
v 0.3771026 0.9335644 -0.240154
v 0.3356064 0.9274901 -0.3084016
v -0.08913773 0.972748 -0.3797263
v -0.07632562 1.006554 -0.3434468
v 0.08411483 1.056132 -0.2295734
v 0.3194599 0.9442208 -0.09032335
v 0.3333893 0.9509673 -0.1107656
v 0.3867164 0.9562577 -0.2043456
v 0.2977709 0.9667704 -0.3829665
v 0.2803289 0.9532896 -0.3923707
v 0.1498454 1.003055 -0.4744587
v -0.003195141 0.9567665 -0.4687382
v -0.08417243 0.994085 -0.3505918
v -0.04211696 1.041547 -0.3047775
v 0.06595726 1.026149 -0.2101292
v 0.3869129 0.9340566 -0.171117
v 0.3875721 0.9519441 -0.2188831
v 0.3736778 0.9364373 -0.2684588
v 0.3160722 0.958654 -0.3558
v 0.2540082 0.9443897 -0.4069999
v 0.03216723 0.9339969 -0.4630361
v -0.01151271 0.9420515 -0.4529275
v -0.06179868 0.9744639 -0.4325339
v 0.04847151 1.062074 -0.251515
v 0.1318282 1.03362 -0.1983237
v 0.2867106 0.9646342 -0.08000168
v 0.312028 0.9756063 -0.1113496
v 0.3051179 0.9434962 -0.3634244
v 0.135037 1.015156 -0.4866037
v -0.07711642 0.9283178 -0.3797755
v 0.05428137 1.022674 -0.2121439
v 0.3767248 0.9571899 -0.2430812
v 0.02177675 0.9718847 -0.4915765
v 0.004310228 0.9734794 -0.4830951
v -0.04522745 0.9675329 -0.4506865
v -0.09359717 0.9784288 -0.3640483
v -0.02518709 1.069597 -0.3204352
v 0.2140566 1.012092 -0.1498312
v 0.3235003 0.9599577 -0.1102465
v 0.3880332 0.9439657 -0.1452963
v 0.3099199 0.9444304 -0.356932
v 0.1871288 1.01083 -0.4773898
v -0.03831904 0.9522381 -0.448253
v -0.05540199 0.9634451 -0.4380868
v -0.08931817 0.9873317 -0.3853339
v 0.1513824 1.050243 -0.1912225
v 0.3544429 0.9666043 -0.1201278
v 0.3849826 0.968522 -0.1899306
v 0.1845377 0.9704313 -0.4463734
v 0.1666721 1.00989 -0.4823952
v 0.1419533 1.01195 -0.4797092
v -0.05853746 0.9532114 -0.4240828
v -0.009756416 1.061117 -0.3023418
v 0.1230341 1.089316 -0.2312812
v 0.266959 0.9805396 -0.4123414
v 0.2052976 0.9747826 -0.4460109
v 0.1220406 1.021217 -0.5027673
v -0.05316493 0.9982763 -0.4656872
v 0.2550229 0.9539436 -0.08772463
v 0.3838554 0.9688718 -0.1693194
v 0.3695142 0.9640897 -0.2793022
v 0.24671 0.9655516 -0.4258941
v 0.03490619 0.96753 -0.4870611
v -0.06755354 0.9865794 -0.4314677
v 0.1180521 1.027786 -0.2063617
v 0.362091 0.9717785 -0.1251995
v 0.3578998 0.9971218 -0.1353868
v 0.3600021 0.987433 -0.293496
v 0.1478522 1.033315 -0.5006127
v -0.0816202 0.9752895 -0.4018865
v 0.2184738 1.001076 -0.4605461
v 0.02673653 0.9861411 -0.5032724
v -0.09221263 1.002948 -0.379989
v -0.06783897 1.047002 -0.3653969
v -0.06403575 1.046613 -0.3371432
v -0.01949963 1.092932 -0.3384695
v 0.1483656 1.032629 -0.1864921
v 0.2890699 0.9810269 -0.08779731
v 0.3740603 0.9794296 -0.253417
v 0.3749563 0.9708582 -0.2616999
v 0.3456541 0.9512015 -0.2942055
v 0.3126854 0.9773457 -0.3625215
v 0.2541795 0.9969237 -0.4381709
v 0.1337825 1.029836 -0.4962401
v -0.04786121 0.9988158 -0.4729657
v -0.08716708 1.004915 -0.3675693
v -0.08090359 1.03582 -0.3865626
v 0.02461571 1.081022 -0.2956806
v 0.05206875 1.086189 -0.2679783
v 0.2788984 0.9959423 -0.4094915
v 0.207929 0.9943624 -0.4590142
v 0.1086554 1.025586 -0.5120652
v 0.07887197 1.011991 -0.5103441
v 0.03067776 1.014067 -0.5218036
v -0.02378916 0.9867775 -0.4811063
v -0.08692537 1.003229 -0.3948875
v -0.0584835 1.071937 -0.3550074
v 0.168478 1.023384 -0.4922388
v 0.04422149 0.9928715 -0.5002488
v -0.01874065 0.9887027 -0.4852476
v -0.02887404 0.9849924 -0.4752015
v -0.0770143 0.993616 -0.419495
v -0.0703862 1.059627 -0.3846544
v 0.03499094 1.074223 -0.2817606
v 0.3839069 0.97489 -0.2064506
v 0.2702362 1.01149 -0.4271737
v 0.2534879 1.031692 -0.4545465
v 0.134921 1.04743 -0.5124189
v 0.06100618 1.012557 -0.5136328
v -0.01396241 1.013046 -0.5102358
v 0.03934096 1.125503 -0.3240267
v 0.3027095 0.9745849 -0.09435847
v 0.3842743 0.9605565 -0.1488226
v 0.3268259 0.9908328 -0.3548453
v 0.1159256 1.05262 -0.5319359
v -0.001991693 1.10805 -0.339201
v 0.09926703 1.055825 -0.2272755
v 0.1176563 1.071267 -0.2276035
v 0.1571352 1.049313 -0.1886106
v 0.17865 1.045202 -0.1900611
v 0.2173047 1.026313 -0.1468351
v 0.3047353 1.013257 -0.133589
v 0.2950808 1.015779 -0.406133
v 0.05824294 1.075914 -0.2530682
v 0.1873949 1.024606 -0.1763228
v 0.2411838 1.00248 -0.1044347
v 0.3704554 0.9766263 -0.139227
v 0.3825406 0.98095 -0.1785074
v 0.3855879 0.9764301 -0.226909
v 0.369021 0.9888213 -0.2804683
v 0.3064809 0.9814975 -0.3711659
v 0.1947123 1.032189 -0.4886287
v 0.09651298 1.042814 -0.5318016
v 0.08024358 1.05228 -0.5452163
v -0.02737638 1.01091 -0.495433
v -0.06022941 1.01167 -0.4685737
v -0.08636154 1.017079 -0.4090951
v -0.09252344 1.018977 -0.3931814
v -0.07282087 1.054076 -0.3865869
v 0.04088952 1.082445 -0.2822363
v 0.2060584 1.018718 -0.1627212
v 0.3042753 0.9800133 -0.1026431
v 0.3334475 0.9893784 -0.1255832
v 0.0163102 1.006113 -0.5145342
v 0.07937974 1.071583 -0.2407922
v 0.2367391 0.9981786 -0.1088831
v 0.3224064 0.9853129 -0.3574955
v 0.3090721 0.9970549 -0.3711019
v 0.1581905 1.043277 -0.5076683
v -0.06596097 1.069774 -0.3661341
v 0.3199606 0.9898096 -0.1233826
v 0.2811685 1.034897 -0.4250828
v 0.1712867 1.04731 -0.5096411
v 0.1273674 1.0445 -0.516915
v -0.02893778 1.106045 -0.3610882
v 0.09163854 1.118791 -0.2608008
v 0.3791774 0.9995617 -0.2294116
v 0.3281463 1.016844 -0.3577248
v 0.2889146 1.028246 -0.4153142
v 0.2014123 1.046743 -0.4952532
v 0.1468883 1.057524 -0.5209922
v -0.04266177 1.002627 -0.4794784
v -0.04853676 1.015395 -0.4878659
v -0.08586093 1.002798 -0.4149179
v 0.06766259 1.083183 -0.2513048
v 0.2576423 1.014535 -0.09922794
v 0.2966462 1.008797 -0.1266054
v 0.3006056 1.043915 -0.394797
v 0.1395413 1.043777 -0.5082642
v -0.06691014 1.01773 -0.4526126
v 0.004487228 1.144947 -0.3734749
v 0.1592409 1.06608 -0.1987747
v 0.3703511 0.9889562 -0.1503205
v 0.2690433 1.042646 -0.4434024
v 0.2458683 1.035755 -0.4626082
v 0.1731882 1.068814 -0.5231352
v 0.1051278 1.063636 -0.5447882
v 0.03917645 1.033216 -0.5344682
v -0.08735232 1.037102 -0.4078927
v -0.08563331 1.040099 -0.4021503
v -0.047277 1.1034 -0.3771923
v 0.02920921 1.135235 -0.3459649
v 0.1882785 1.056916 -0.1917392
v 0.2502545 1.002849 -0.09876298
v 0.2970065 0.9999732 -0.1156776
v 0.3494882 0.9879574 -0.1256688
v 0.3744828 1.004762 -0.1779117
v 0.3765379 0.9959235 -0.2048318
v 0.3765715 1.010417 -0.2270819
v 0.3714697 0.9966199 -0.2706784
v 0.3568566 1.015058 -0.2993463
v 0.341103 1.005669 -0.3152801
v 0.2955096 1.043643 -0.4094291
v 0.2226063 1.033642 -0.4760968
v 0.1544518 1.064725 -0.5232704
v 0.1276827 1.083205 -0.541309
v 0.1179866 1.078906 -0.5497511
v -0.009140609 1.019232 -0.5181651
v -0.05445328 1.012772 -0.4783437
v 0.1065383 1.102366 -0.2438744
v 0.3025166 1.005611 -0.1281316
v 0.3106822 1.043039 -0.3800922
v 0.210539 1.058852 -0.4963254
v -0.06881388 1.082631 -0.3987414
v 0.1336902 1.085279 -0.218003
v 0.1893215 1.071232 -0.1952484
v 0.2277526 1.054766 -0.1198199
v 0.2678574 1.009104 -0.097861
v 0.2942861 0.980943 -0.08846582
v 0.2867271 1.006815 -0.1041138
v 0.3680518 1.016469 -0.2547575
v 0.3650185 1.016501 -0.2871418
v 0.3286718 1.040144 -0.3523557
v 0.3051928 1.045258 -0.3864883
v 0.1794272 1.089064 -0.53127
v -0.03229043 1.021596 -0.5015467
v -0.0842777 1.05691 -0.419542
v -0.07580283 1.065478 -0.4083061
v -0.03097202 1.133339 -0.3909442
v -0.01142145 1.167329 -0.4025429
v 0.04618028 1.144517 -0.3246889
v 0.05400489 1.124421 -0.2986768
v 0.07936293 1.119329 -0.2679568
v 0.2983778 1.05224 -0.4055279
v 0.07736214 1.072063 -0.5598737
v 0.03867075 1.052308 -0.5503322
v 0.02275585 1.028068 -0.5344256
v -0.05318798 1.020209 -0.4911166
v -0.06240736 1.019086 -0.4785917
v -0.08048563 1.022229 -0.4409353
v -0.05722575 1.094238 -0.3781026
v 0.0005727857 1.178318 -0.4058957
v 0.2101396 1.049665 -0.1595602
v 0.3616742 1.020038 -0.1642037
v 0.3221433 1.041275 -0.3685769
v 0.2906647 1.050586 -0.4208255
v 0.2806515 1.053072 -0.4328762
v 0.2700377 1.056993 -0.445335
v 0.2316259 1.036208 -0.4699643
v 0.1365906 1.086097 -0.5455732
v 0.09039897 1.060247 -0.5480163
v 0.005974794 1.004826 -0.5094536
v -0.01689283 1.030411 -0.5194707
v -0.07915911 1.025662 -0.4485152
v -0.08368685 1.036135 -0.4441316
v -0.08345053 1.037233 -0.4254115
v 0.1182526 1.121025 -0.2386013
v 0.3463918 1.012435 -0.1351922
v 0.3663257 1.028083 -0.213776
v 0.3381334 1.035088 -0.3193123
v 0.05794702 1.046997 -0.5449672
v -0.06887425 1.021192 -0.4667121
v -0.08391309 1.029949 -0.4340538
v -0.05239402 1.132622 -0.4175044
v 0.1743213 1.079977 -0.2093884
v 0.171308 1.082467 -0.2037207
v 0.1990579 1.062291 -0.1837916
v 0.2224254 1.050977 -0.1280014
v 0.3315579 1.01693 -0.1321564
v 0.3648545 1.030744 -0.2508056
v 0.3601715 1.033778 -0.2901204
v 0.3515185 1.035475 -0.3058558
v 0.3323269 1.048872 -0.3533522
v 0.3187187 1.055096 -0.3808784
v 0.2979769 1.061046 -0.4153168
v 0.2465247 1.064961 -0.4724234
v 0.219746 1.077681 -0.4983269
v 0.196111 1.086223 -0.5197189
v -0.02156229 1.036772 -0.5290189
v -0.0357985 1.028556 -0.5106863
v 0.02767612 1.178908 -0.3857008
v 0.064597 1.116507 -0.2787969
v 0.1459868 1.094936 -0.207874
v 0.2216987 1.043204 -0.1324835
v 0.2846426 1.023219 -0.1188097
v 0.3648432 1.031043 -0.2722014
v 0.3426431 1.048375 -0.3306869
v 0.2345969 1.071507 -0.4841228
v 0.1705495 1.092204 -0.537738
v 0.04895392 1.069459 -0.5615805
v -0.07654338 1.029591 -0.4623596
v -0.0627747 1.114619 -0.4165228
v 0.0643805 1.151325 -0.303344
v 0.1253949 1.116434 -0.2308431
v 0.1561289 1.090105 -0.2047967
v 0.3134367 1.013408 -0.1336061
v 0.3685926 1.029385 -0.2347721
v 0.354254 1.041735 -0.3033929
v 0.2768363 1.067518 -0.4454449
v 0.1366705 1.09711 -0.5528916
v 0.1240878 1.097575 -0.556143
v -0.008775193 1.035354 -0.5292476
v -0.08171096 1.079234 -0.4255422
v -0.07506869 1.077717 -0.4221492
v 0.1801634 1.07537 -0.1816958
v 0.2045539 1.057683 -0.1605396
v 0.3678059 1.016777 -0.1758825
v 0.3620773 1.028938 -0.1940376
v 0.1564427 1.093382 -0.5428246
v 0.1498235 1.103757 -0.5584332
v -0.0626198 1.032254 -0.4958645
v -0.02325936 1.159963 -0.4089645
v -0.01078792 1.179511 -0.4091915
v 0.03530256 1.174811 -0.3711814
v 0.2681187 1.042911 -0.1125109
v 0.3286455 1.060592 -0.3604166
v 0.2462616 1.075206 -0.4790701
v 0.171161 1.102465 -0.5442954
v 0.1150558 1.098014 -0.5649927
v 0.09603862 1.091043 -0.5668421
v -0.08606297 1.051811 -0.4446636
v 0.01464884 1.187205 -0.4062851
v 0.04204922 1.167644 -0.3437864
v 0.1909254 1.068778 -0.1545102
v 0.1267842 1.102854 -0.5657715
v 0.110457 1.095031 -0.5659093
v 0.08063078 1.085076 -0.5684484
v 0.06069614 1.076689 -0.5658625
v 0.02190834 1.06227 -0.5596638
v 0.01803976 1.050904 -0.5499135
v -0.08652256 1.067441 -0.4299148
v -0.06992838 1.118081 -0.4281859
v -0.05733459 1.138104 -0.4231401
v 0.02886912 1.182748 -0.3819325
v 0.1374848 1.10791 -0.2105539
v 0.1628754 1.092188 -0.1911867
v 0.1459373 1.109567 -0.5646347
v -0.009482279 1.044617 -0.5395854
v -0.0746039 1.029319 -0.4781045
v -0.08133532 1.03626 -0.4601552
v -0.0365725 1.163925 -0.4212898
v 0.000458736 1.184931 -0.3900405
v 0.05224139 1.158731 -0.3224261
v 0.2121967 1.061595 -0.1389071
v 0.2836201 1.047831 -0.1444177
v 0.3238664 1.032707 -0.1336349
v 0.3036965 1.08072 -0.4090588
v 0.2184252 1.08903 -0.5064701
v 0.1828159 1.107022 -0.542266
v 0.1738533 1.114711 -0.5492004
v 0.1092885 1.103392 -0.5766017
v -0.03793584 1.1826 -0.4379769
v -0.01194339 1.188659 -0.4063846
v 0.04252441 1.166927 -0.3331
v 0.08650364 1.139026 -0.2714219
v 0.1493452 1.098138 -0.192373
v 0.17597 1.076952 -0.1644432
v 0.1788245 1.078798 -0.1596068
v 0.292578 1.041253 -0.1431528
v 0.3574824 1.030753 -0.1667427
v 0.2470087 1.047644 -0.108648
v 0.2573099 1.045607 -0.1071508
v 0.3345932 1.031846 -0.1348463
v 0.3689538 1.037818 -0.209369
v 0.3698237 1.039655 -0.2365918
v 0.2742616 1.089162 -0.4519331
v 0.08986861 1.096571 -0.5762837
v 0.07134382 1.090725 -0.5762562
v 0.05035244 1.077809 -0.5699807
v -0.08324171 1.086119 -0.4424199
v 0.06724528 1.150424 -0.2914572
v 0.1029147 1.129145 -0.2533819
v 0.2737086 1.043737 -0.1185251
v 0.2779343 1.04518 -0.1209385
v 0.2797846 1.047432 -0.1391032
v 0.3176478 1.036865 -0.1309443
v 0.3453711 1.031815 -0.1431026
v 0.3663606 1.037241 -0.1857793
v 0.3662579 1.041669 -0.2628536
v 0.3498406 1.067467 -0.3073199
v 0.2141852 1.125103 -0.5231666
v 0.1295962 1.11926 -0.5746306
v -0.03314488 1.042058 -0.5200396
v -0.05090249 1.038143 -0.5070099
v 0.0879179 1.133931 -0.2522535
v 0.122315 1.120338 -0.2296452
v 0.3355802 1.067381 -0.3410538
v 0.2861959 1.096545 -0.4345721
v 0.2894813 1.082477 -0.4306343
v 0.1273926 1.107056 -0.573113
v 0.05928472 1.088656 -0.5769302
v 0.04108382 1.080763 -0.5711798
v 0.01444401 1.068398 -0.5601156
v 0.002388407 1.051805 -0.5487423
v -0.0009433962 1.060876 -0.5502892
v 0.04625946 1.157628 -0.2939228
v 0.1580853 1.088459 -0.1667257
v 0.1652748 1.085675 -0.1668144
v 0.3639957 1.051918 -0.2038452
v -0.6525675 1.366741 0.8709946
v -0.6543435 1.346307 0.8755862
v -0.6446805 1.363411 0.8661722
v 0.227396 1.05582 -0.1136767
v 0.3125997 1.041994 -0.1203024
v 0.3298044 1.038313 -0.1266163
v 0.3599794 1.055268 -0.2827705
v 0.3329355 1.081607 -0.3390387
v 0.3238681 1.08214 -0.3661391
v 0.2485923 1.10151 -0.4836911
v -0.01507709 1.060246 -0.5425405
v -0.0211812 1.053454 -0.5361803
v -0.06753764 1.132031 -0.4411215
v -0.01607027 1.209583 -0.4311551
v 0.01409977 1.187909 -0.364294
v 0.06632806 1.136341 -0.2493255
v 0.02496524 1.083423 -0.5675234
v -0.03477164 1.052817 -0.5238134
v -0.07170909 1.02848 -0.4844704
v -0.05319521 1.15973 -0.4395191
v 0.1667685 1.068636 -0.1118775
v 0.2400094 1.052013 -0.09993218
v 0.2699536 1.04782 -0.1079207
v 0.2932135 1.043852 -0.1128042
v 0.3637445 1.056527 -0.2502553
v -0.6481611 1.389019 0.8592075
v -0.6392664 1.399223 0.8506308
v 0.527918 1.383585 1.04314
v 0.5232966 1.34924 1.031262
v 0.3568424 1.068668 -0.2747735
v 0.3115758 1.087917 -0.3936025
v 0.2376435 1.112427 -0.5001345
v 0.1932182 1.103311 -0.5327908
v -0.07864288 1.034155 -0.4793289
v 0.06060102 1.143649 -0.2602184
v 0.08227216 1.122154 -0.2107833
v 0.135347 1.083516 -0.1362947
v 0.2402547 1.053259 -0.09849611
v 0.2924969 1.04609 -0.1106773
v 0.3461348 1.038137 -0.1421325
v -0.6593032 1.371074 0.8701264
v -0.645227 1.372568 0.8585414
v -0.6454191 1.344381 0.872848
v 0.5261642 1.365176 1.044035
v 0.2973954 1.098634 -0.4174175
v 0.1531402 1.126674 -0.5663115
v 0.09759795 1.104735 -0.5818327
v -0.08292688 1.066672 -0.4548791
v 0.1276567 1.087519 -0.1370886
v 0.2306098 1.062453 -0.100001
v -0.6377165 1.342801 0.865045
v 0.5337911 1.409277 1.051611
v -0.6820816 1.350865 0.8821284
v -0.6461668 1.398787 0.8481153
v 0.35015 1.07242 -0.3012127
v -0.07393982 1.040213 -0.4969257
v -0.08136672 1.049185 -0.4645583
v -0.0734598 1.114946 -0.4450589
v 0.001370132 1.222582 -0.4184942
v 0.02282837 1.197114 -0.3562744
v 0.02913645 1.174964 -0.3282141
v 0.2608917 1.052532 -0.1018458
v 0.3603351 1.064849 -0.236437
v -0.6791113 1.342085 0.8772999
v -0.6645326 1.359039 0.8707478
v -0.63731 1.361649 0.8548235
v -0.6398406 1.326379 0.8649316
v 0.5225884 1.354205 1.022724
v 0.2708775 1.112105 -0.4568938
v -0.02352504 1.067255 -0.5433796
v -0.05007401 1.178241 -0.457928
v 0.04357867 1.183671 -0.3168218
v 0.05845184 1.153088 -0.2663383
v 0.1539566 1.074507 -0.1133234
v 0.2025846 1.066573 -0.09961079
v 0.3439242 1.050514 -0.1460591
v -0.6815462 1.35244 0.8713455
v -0.6684291 1.351267 0.8724362
v -0.6387711 1.313699 0.862491
v 0.5184233 1.36949 1.036472
v 0.5298328 1.412549 1.052776
v 0.2811632 1.115178 -0.4458832
v 0.2422645 1.122333 -0.4967434
v 0.06943622 1.09565 -0.5789565
v -0.05772889 1.047004 -0.5169148
v -0.07913096 1.039851 -0.491365
v -0.08093516 1.069853 -0.4677325
v 0.330295 1.049037 -0.1279738
v 0.3518767 1.057598 -0.1701139
v -0.6858046 1.345716 0.8822601
v -0.6386262 1.406987 0.8403207
v -0.6268531 1.325693 0.8531412
v -0.6507065 1.327625 0.8649405
v 0.5527212 1.405117 1.029383
v 0.5356655 1.395077 1.033455
v 0.3312787 1.09256 -0.3497981
v 0.3180768 1.103673 -0.3884957
v 0.2543658 1.13313 -0.4852332
v 0.1271615 1.130978 -0.580718
v 0.09583841 1.121859 -0.58606
v -0.07384802 1.057516 -0.476081
v -0.08082038 1.093092 -0.4480367
v -0.06354687 1.146784 -0.4527286
v 0.08776652 1.123838 -0.198083
v 0.217628 1.058114 -0.09694343
v -0.6580927 1.37536 0.8579906
v -0.6291915 1.308401 0.8567294
v 0.51304 1.393959 1.053879
v 0.5494809 1.431966 1.03887
v -0.6270458 1.337452 0.850991
v -0.6760145 1.330454 0.8642417
v -0.08325326 1.097243 -0.4660569
v -0.08333343 1.101981 -0.4605524
v 0.02894127 1.194122 -0.343213
v 0.1167857 1.094694 -0.1495339
v 0.1311972 1.092048 -0.1313518
v 0.3573524 1.061751 -0.196571
v 0.358216 1.078064 -0.2360241
v 0.3369082 1.090114 -0.327018
v 0.2379573 1.128231 -0.5031219
v 0.2290556 1.142187 -0.5153212
v 0.03869666 1.091274 -0.5737474
v -0.05605399 1.053548 -0.5225658
v 0.5225643 1.411705 1.05154
v 0.5580176 1.436355 1.032425
v 0.5312752 1.379938 1.022049
v -0.6844266 1.344924 0.869048
v -0.6766675 1.349223 0.8641192
v -0.6463112 1.395453 0.8397359
v -0.07292122 1.141245 -0.4604079
v -0.03669155 1.200666 -0.4551883
v 0.2672969 1.061775 -0.1045917
v 0.3562287 1.084902 -0.278613
v 0.5207791 1.384655 1.043781
v 0.5111665 1.401942 1.054231
v 0.5382478 1.419784 1.047923
v 0.5411857 1.439926 1.034671
v 0.5440476 1.429109 1.041692
v 0.5534887 1.453999 1.029898
v 0.5389743 1.395632 1.024143
v 0.5261936 1.370409 1.02397
v -0.6378695 1.40569 0.8338189
v -0.6379423 1.387697 0.8446748
v -0.6281409 1.315581 0.8585975
v -0.6729746 1.319281 0.8547567
v 0.1142483 1.108617 -0.1502722
v 0.1630848 1.079643 -0.1072207
v 0.1820626 1.070595 -0.1037744
v 0.2992626 1.055948 -0.1143392
v 0.3346898 1.05549 -0.1321998
v 0.3444709 1.079342 -0.3141984
v 0.3279435 1.107601 -0.3721666
v 0.002559751 1.069471 -0.5548083
v -0.04207403 1.059952 -0.5272797
v 0.5602039 1.450551 1.029973
v 0.5579031 1.424734 1.020268
v 0.2917597 1.126251 -0.4316355
v 0.2072783 1.148634 -0.5345933
v 0.1861461 1.129187 -0.5457937
v 0.06251922 1.106101 -0.5825379
v -0.02477382 1.215274 -0.4498166
v 0.2563452 1.066845 -0.1026606
v -0.6660944 1.363818 0.8582137
v -0.6659535 1.359901 0.8513335
v -0.6224963 1.411194 0.8223947
v -0.6185883 1.388558 0.8054092
v -0.6547573 1.315271 0.8475306
v -0.6591061 1.322415 0.8551592
v 0.5123906 1.371946 1.034073
v 0.3320134 1.114278 -0.3531179
v 0.1615266 1.147625 -0.5683319
v -0.003313616 1.084175 -0.5610598
v -0.01363529 1.07613 -0.5541472
v -0.08107007 1.054144 -0.5048071
v -0.07159898 1.079369 -0.4808357
v -0.05456067 1.194517 -0.4749683
v -0.01558288 1.240138 -0.4533305
v 0.09680828 1.116592 -0.1723261
v 0.306218 1.059006 -0.1191408
v -0.6222087 1.410398 0.8149345
v -0.6194179 1.360484 0.8179039
v -0.6292844 1.348202 0.8480035
v 0.505235 1.351031 1.029313
v 0.5098722 1.39052 1.045701
v 0.5144054 1.412085 1.048702
v 0.5434227 1.407457 1.008837
v 0.523152 1.368269 1.013744
v 0.3123875 1.12384 -0.4009864
v 0.2783388 1.144609 -0.4586759
v 0.1295499 1.144616 -0.5861857
v 0.0595292 1.117339 -0.5866207
v -0.06308965 1.051609 -0.5201873
v -0.07522359 1.054826 -0.5141012
v -0.06544257 1.161207 -0.4619947
v 0.01407198 1.219691 -0.3892214
v 0.2102346 1.077922 -0.1015815
v 0.2856109 1.061862 -0.108789
v -0.6144729 1.407198 0.8085222
v -0.6317609 1.371599 0.8307661
v -0.623518 1.302158 0.8410844
v -0.6338099 1.301208 0.846449
v 0.5275187 1.379008 1.007099
v 0.5183463 1.346727 1.017489
v -0.679192 1.33836 0.8524476
v -0.6173801 1.411949 0.809494
v -0.646257 1.31036 0.8387426
v -0.07990534 1.123467 -0.4650944
v 0.08369683 1.135611 -0.2113264
v 0.3558038 1.0864 -0.2665007
v 0.3353698 1.106941 -0.3294993
v 0.3316413 1.129637 -0.3621697
v 0.2479975 1.150551 -0.4940254
v -0.03449831 1.064331 -0.5338173
v 0.5289096 1.42214 1.04939
v 0.560617 1.458134 1.021527
v 0.5436022 1.398228 1.015753
v 0.5201702 1.362117 1.017168
v 0.3503359 1.104049 -0.282906
v 0.1947033 1.145444 -0.5441328
v 0.09782673 1.138669 -0.5914465
v 0.08022818 1.126041 -0.5884024
v -0.04741361 1.069709 -0.5314687
v -0.08043463 1.090016 -0.4676446
v -0.07358103 1.167621 -0.4805631
v 0.2825203 1.06567 -0.1040621
v 0.3343023 1.064414 -0.1354828
v -0.6351242 1.392969 0.818846
v -0.6052776 1.417809 0.7957117
v 0.3208676 1.132394 -0.3879277
v 0.01793111 1.093982 -0.5725611
v -0.06759129 1.175359 -0.4782493
v -0.06076173 1.195932 -0.4858254
v -0.0352555 1.237666 -0.4793952
v 0.1625209 1.086784 -0.1089373
v 0.3259715 1.069178 -0.1261692
v 0.3477926 1.073472 -0.1678821
v -0.6662388 1.337162 0.8387325
v -0.6206568 1.403287 0.8047684
v -0.6196704 1.335189 0.8334576
v -0.617893 1.320378 0.827753
v -0.6627647 1.315575 0.8479283
v 0.4985726 1.333565 1.014098
v 0.5082622 1.40221 1.049363
v 0.5467709 1.446031 1.030486
v 0.1749432 1.163475 -0.5664458
v 0.1610728 1.161698 -0.5718835
v -0.07078975 1.071926 -0.4853536
v -0.08287506 1.120657 -0.4715678
v 0.1852333 1.079648 -0.09988035
v 0.2628501 1.076627 -0.09358004
v -0.6190644 1.309305 0.839605
v 0.5259815 1.432162 1.040973
v 0.5565389 1.465689 1.021218
v 0.5546529 1.433933 1.016555
v 0.5074131 1.340587 1.004868
v 0.3531555 1.086984 -0.2291071
v 0.2836581 1.144679 -0.452199
v 0.2110017 1.15772 -0.5322865
v 0.129757 1.162169 -0.5897576
v 0.1103737 1.151216 -0.5939678
v -0.0819291 1.059631 -0.4869982
v -0.07395528 1.075759 -0.4852825
v -0.03052312 1.259126 -0.4917293
v -0.004019827 1.24396 -0.437466
v 0.1291953 1.099751 -0.1326364
v 0.197732 1.085924 -0.09467565
v 0.2972434 1.064266 -0.1084968
v 0.3462036 1.079992 -0.1687282
v 0.3544303 1.077426 -0.2004481
v -0.6273932 1.298831 0.83205
v 0.5114857 1.375439 1.030308
v 0.5361986 1.433202 1.038778
v 0.5521837 1.44502 1.011659
v 0.5337007 1.399563 1.00216
v 0.5051082 1.33118 1.006207
v 0.3498217 1.104745 -0.2995152
v -0.0358126 1.077173 -0.5440109
v -0.08587322 1.0504 -0.4928046
v -0.06703091 1.106481 -0.4958605
v 0.02244579 1.215818 -0.3536878
v 0.292619 1.075692 -0.09826919
v -0.6809528 1.33339 0.8509532
v -0.6146899 1.303779 0.8230629
v -0.6728066 1.314582 0.8288089
v 0.5141472 1.387856 1.028685
v 0.5346743 1.44325 1.030716
v 0.3423355 1.099492 -0.197821
v 0.3004792 1.147873 -0.4243118
v 0.2631407 1.16324 -0.4735533
v 0.04682901 1.123542 -0.5902175
v -0.02547771 1.075696 -0.5476247
v 0.06423679 1.152159 -0.2527758
v 0.1692405 1.092252 -0.1031257
v 0.2099551 1.087353 -0.08944429
v -0.682655 1.325199 0.847836
v -0.6501731 1.373287 0.8333849
v -0.6044044 1.404178 0.7851094
v -0.590148 1.43043 0.786204
v -0.580026 1.431586 0.7793306
v -0.6156819 1.372177 0.7928541
v -0.6606232 1.311177 0.8297524
v 0.5253886 1.384128 0.999254
v 0.5120435 1.36097 1.007756
v 0.2412836 1.16172 -0.5020646
v 0.2220415 1.166749 -0.5213293
v 0.1039448 1.163794 -0.598103
v -0.0670975 1.059475 -0.5227422
v -0.03864904 1.246173 -0.4930193
v 0.03322169 1.20287 -0.3337071
v 0.3446343 1.102748 -0.2528088
v 0.3460207 1.110912 -0.2678214
v -0.670321 1.339886 0.8371508
v -0.5732575 1.424884 0.7707941
v 0.5404614 1.448491 1.028772
v 0.5597577 1.478892 1.015213
v 0.5337791 1.419417 1.009661
v 0.2869757 1.15861 -0.4473571
v 0.2049288 1.184191 -0.542745
v 0.2379379 1.081576 -0.09539769
v 0.28479 1.074629 -0.09921029
v 0.3319066 1.076539 -0.1297485
v 0.3281306 1.082228 -0.1222263
v 0.3381287 1.111325 -0.241391
v -0.659067 1.349532 0.8301964
v -0.6095129 1.330608 0.8046464
v -0.6385142 1.31255 0.8138149
v -0.6490794 1.314459 0.8291241
v 0.5078977 1.409073 1.037419
v 0.5099643 1.415464 1.042636
v 0.5439007 1.453494 1.022309
v 0.5186026 1.38332 0.9956439
v 0.5052123 1.350583 0.9976754
v 0.4998321 1.328205 0.9936574
v 0.2723323 1.161656 -0.4603859
v 0.224645 1.184862 -0.5161652
v 0.1792069 1.17616 -0.5666293
v 0.08591678 1.146248 -0.5980599
v 0.05547428 1.144096 -0.5952107
v 0.04991611 1.180722 -0.2960782
v 0.09036523 1.131064 -0.1744251
v -0.6701611 1.339355 0.8338883
v -0.6643463 1.334865 0.830807
v -0.598437 1.394232 0.7758719
v 0.5478705 1.469108 1.016551
v 0.5389379 1.435712 1.002795
v 0.5011817 1.351916 0.9910216
v 0.5014063 1.343773 0.9949607
v 0.2569923 1.179647 -0.4760401
v 0.1874859 1.179134 -0.5618423
v 0.0333575 1.102003 -0.5790766
v -0.07749023 1.15322 -0.4867559
v 0.1533453 1.098714 -0.1001767
v 0.2712406 1.080638 -0.09204121
v 0.3164392 1.076396 -0.1048373
v -0.6402797 1.355834 0.8028799
v -0.6105431 1.343355 0.7921706
v -0.6091459 1.310519 0.8002825
v 0.5026969 1.356021 1.01832
v 0.5090848 1.400283 1.038105
v 0.5215809 1.431442 1.036192
v 0.513437 1.368958 0.9937152
v 0.3152097 1.150508 -0.3951642
v 0.2967739 1.161588 -0.4301018
v 0.2376948 1.180689 -0.500293
v 0.1200027 1.170671 -0.594821
v -0.07928657 1.061571 -0.5091324
v -0.08559453 1.059435 -0.4971793
v 0.02045525 1.238695 -0.3626263
v 0.04759764 1.205653 -0.3065061
v 0.3471398 1.116891 -0.2879938
v 0.3358799 1.126561 -0.3144053
v -0.5850022 1.434548 0.7749026
v -0.5775705 1.401229 0.7580316
v -0.6049768 1.35623 0.7815437
v -0.6209378 1.296563 0.8146232
v -0.6463589 1.315885 0.8133558
v 0.4941424 1.326308 1.000835
v 0.5157731 1.382068 1.016002
v 0.5612597 1.476289 1.011256
v 0.4945901 1.326176 0.9874914
v 0.2307904 1.19529 -0.5093014
v 0.1579124 1.19631 -0.5803645
v 0.0669686 1.154437 -0.600027
v 0.03258529 1.126577 -0.5869158
v -0.05382999 1.065403 -0.5277261
v -0.0697397 1.073514 -0.5302873
v -0.07527981 1.063918 -0.5232711
v -0.07350205 1.123723 -0.4916361
v -0.006696906 1.263404 -0.453419
v 0.07994981 1.144587 -0.2029757
v 0.3399367 1.091113 -0.1645263
v -0.6202711 1.383186 0.7951159
v -0.621749 1.375347 0.7877306
v -0.5983765 1.393779 0.7690626
v -0.5468209 1.457106 0.7480204
v -0.5063756 1.488739 0.7418704
v -0.6370499 1.30272 0.7936411
v 0.4957912 1.344598 1.006265
v 0.5106608 1.421536 1.035436
v 0.5281513 1.445165 1.032806
v 0.5411263 1.464827 1.016433
v 0.5577893 1.491514 1.013732
v 0.3239106 1.155732 -0.3761253
v 0.3077818 1.162561 -0.40702
v -0.02727068 1.087028 -0.5549402
v -0.07367966 1.097636 -0.4974342
v -0.06504712 1.10782 -0.5004496
v -0.04970199 1.233183 -0.5052283
v 0.1191655 1.112473 -0.1280732
v 0.2442739 1.087163 -0.08612293
v 0.3450504 1.129388 -0.2733598
v -0.6058255 1.38428 0.776902
v -0.5950778 1.415309 0.7776133
v -0.6074622 1.327054 0.7899279
v 0.5126947 1.375218 1.012115
v 0.5144877 1.394569 0.9998442
v 0.4987213 1.355371 0.9899859
v 0.4937435 1.344589 0.9859337
v 0.331357 1.156524 -0.3534164
v 0.2484565 1.179904 -0.4850987
v 0.1364173 1.185952 -0.5912838
v 0.0925678 1.153704 -0.5998563
v -0.08276638 1.070287 -0.4994616
v -0.08931491 1.066989 -0.4916342
v -0.06824737 1.214337 -0.5044909
v 0.01188793 1.253485 -0.3948241
v -0.5988034 1.398055 0.7778242
v -0.6370986 1.357785 0.7976553
v 0.4989426 1.354375 1.007178
v 0.5319681 1.456761 1.018635
v 0.5697408 1.497518 1.014764
v 0.5472281 1.461231 1.004308
v 0.5165625 1.406223 0.9996388
v 0.5014075 1.351625 0.9830143
v 0.2749342 1.176544 -0.4606599
v 0.1160352 1.179417 -0.5966926
v 0.0008979924 1.102413 -0.5727838
v -0.02200988 1.099601 -0.5633374
v -0.02751155 1.097876 -0.5599191
v -0.07740418 1.071265 -0.5204674
v -0.08122629 1.055357 -0.5057815
v 0.02768476 1.238554 -0.3469231
v 0.05742151 1.204602 -0.2799534
v 0.09217845 1.141905 -0.1640576
v 0.1647945 1.102167 -0.09660508
v 0.1804198 1.093388 -0.08887383
v 0.2050794 1.10026 -0.08547205
v -0.6664897 1.338288 0.8210689
v -0.6024438 1.396504 0.7795519
v -0.5404705 1.46333 0.7486212
v -0.6101296 1.29871 0.7937124
v -0.6230285 1.293956 0.7943226
v 0.5136083 1.403654 1.025139
v 0.542388 1.474452 1.008473
v 0.4994817 1.363129 0.9930058
v 0.4999285 1.347734 0.9765834
v 0.2943008 1.169999 -0.4269204
v 0.2819782 1.181124 -0.4430614
v 0.01841339 1.11833 -0.5807723
v -0.07786798 1.137032 -0.4874676
v -0.03207827 1.272741 -0.5017977
v 0.119527 1.125185 -0.1200246
v 0.2409234 1.102719 -0.08283848
v 0.3045889 1.083236 -0.09259596
v 0.3313721 1.118941 -0.2226209
v -0.6585025 1.331435 0.8101461
v 0.4865553 1.325856 0.9936973
v 0.5021913 1.374765 0.9924989
v 0.4900189 1.315389 0.9856212
v 0.4931169 1.356668 0.985834
v 0.3338271 1.143118 -0.3066171
v 0.2720222 1.189161 -0.462813
v 0.183293 1.219723 -0.562949
v -0.01899869 1.10793 -0.5682352
v -0.05885103 1.078432 -0.5321726
v -0.08115806 1.075782 -0.5007875
v -0.07305335 1.193714 -0.4950995
v 0.2700433 1.08757 -0.08615401
v 0.3290424 1.112057 -0.1788048
v -0.5437741 1.452829 0.7477598
v -0.6107923 1.305655 0.7762757
v -0.6414855 1.303531 0.7870073
v 0.4908273 1.343719 0.9969339
v 0.5224377 1.440252 1.028217
v 0.5358732 1.46388 1.017502
v 0.5665595 1.492576 1.011237
v 0.2876762 1.183647 -0.4175787
v -0.04911831 1.07562 -0.5351116
v -0.07182486 1.07966 -0.5322526
v -0.06832536 1.132004 -0.5041445
v -0.05105228 1.258003 -0.5261447
v 0.0766288 1.159852 -0.2074993
v 0.08120546 1.159641 -0.1860485
v 0.2751057 1.091711 -0.08290008
v 0.3313731 1.127875 -0.2350943
v 0.3380437 1.136737 -0.2423917
v -0.5449954 1.418772 0.7364615
v -0.6260604 1.293931 0.7759659
v -0.6490592 1.302507 0.7971616
v -0.6514752 1.30257 0.795017
v 0.2973668 1.179334 -0.4034754
v 0.136227 1.200521 -0.5905125
v -0.09515823 1.077114 -0.4895543
v -0.06625387 1.162315 -0.5168645
v -0.07255445 1.19281 -0.5180424
v -0.01371291 1.285573 -0.484119
v 0.3340234 1.152348 -0.3122188
v -0.6472992 1.321084 0.7944894
v -0.5838927 1.416158 0.7653665
v -0.5333859 1.446267 0.7413126
v -0.6122506 1.298269 0.7743962
v 0.5059209 1.370491 1.006636
v 0.5254916 1.454579 1.024766
v 0.5780342 1.541784 1.016856
v 0.5101539 1.403174 0.9907727
v 0.5038875 1.374303 0.9821457
v 0.3265497 1.167392 -0.3593326
v 0.2753745 1.194371 -0.4456848
v 0.2433735 1.213828 -0.4962513
v 0.1460793 1.20889 -0.585591
v 0.103065 1.186216 -0.6003864
v 0.02070603 1.132914 -0.5870103
v -0.09168174 1.080258 -0.4898747
v -0.06756108 1.160432 -0.518732
v -0.07168367 1.176875 -0.518417
v -0.07409263 1.188872 -0.5043739
v 0.01037846 1.285364 -0.409019
v 0.1473402 1.116753 -0.09697773
v 0.3188829 1.095595 -0.1130866
v 0.3254471 1.118863 -0.173562
v 0.3425271 1.130802 -0.2559275
v 0.3385794 1.143611 -0.2509035
v -0.624949 1.355877 0.7854658
v -0.5557557 1.432725 0.7458092
v -0.4847755 1.515421 0.7398273
v -0.6106285 1.320948 0.765137
v 0.6016634 1.585434 1.021824
v 0.5166345 1.410961 0.9847149
v 0.2748436 1.200805 -0.4140825
v 0.2356084 1.201912 -0.5051513
v 0.1711562 1.215021 -0.5724137
v 0.1220221 1.202973 -0.5963268
v 0.07231858 1.161299 -0.6011738
v -0.09190666 1.070361 -0.4925385
v -0.06956375 1.110429 -0.5020481
v -0.03946041 1.27588 -0.5208138
v -0.008477822 1.301163 -0.4721353
v 0.0655757 1.191233 -0.2526142
v 0.3174431 1.108406 -0.1351004
v -0.4889586 1.510709 0.7381388
v -0.6142974 1.294055 0.7908913
v 0.5098158 1.412185 1.024656
v 0.5374233 1.467458 1.010851
v 0.5602125 1.489398 1.005583
v 0.5129543 1.411118 0.9841943
v 0.4928574 1.338768 0.9712729
v 0.4812151 1.309875 0.9785005
v 0.2992511 1.188999 -0.3683833
v 0.2701267 1.204406 -0.4334975
v 0.08468788 1.174965 -0.5972526
v 0.03371941 1.144019 -0.5916827
v 0.1622318 1.120932 -0.07902292
v 0.2919402 1.092738 -0.07915504
v 0.3084387 1.088682 -0.09282467
v 0.3087259 1.102699 -0.09295964
v 0.3329689 1.153762 -0.2746344
v -0.527474 1.461757 0.7441507
v -0.4909512 1.471191 0.7314444
v -0.6277921 1.306067 0.7615888
v 0.5072041 1.380968 1.007112
v 0.5141827 1.42922 1.026445
v 0.5866678 1.529772 1.014095
v 0.5810707 1.518134 1.011743
v 0.3186832 1.175053 -0.365682
v 0.1918462 1.21686 -0.5577794
v 0.05095562 1.157775 -0.5944225
v -0.05444895 1.088857 -0.5405129
v -0.07369134 1.109245 -0.5029235
v -0.02542564 1.31115 -0.521484
v 0.1506601 1.123476 -0.08362647
v 0.2214147 1.099888 -0.08194606
v 0.233716 1.111588 -0.07805167
v 0.2932055 1.104224 -0.07269166
v 0.3264998 1.1305 -0.2183849
v -0.619794 1.292743 0.7547388
v -0.6354812 1.310892 0.775736
v 0.5247852 1.454005 1.021351
v 0.2646756 1.209017 -0.452209
v 0.207913 1.21333 -0.5382993
v 0.134192 1.216396 -0.5917075
v -0.03945882 1.097433 -0.5534569
v -0.08471107 1.075076 -0.4980807
v 0.3367769 1.149857 -0.2344713
v -0.5678619 1.404656 0.7508503
v -0.4711844 1.512388 0.7335547
v -0.5505329 1.383089 0.7165452
v 0.5158153 1.399868 1.009553
v 0.5614631 1.518373 1.012324
v 0.5192914 1.398296 0.9832907
v 0.5117658 1.39435 0.9774795
v 0.337232 1.164232 -0.3155487
v 0.2833197 1.196157 -0.3981674
v 0.248353 1.216536 -0.4919881
v 0.2071612 1.112857 -0.0775622
v 0.3206857 1.131886 -0.1957799
v -0.6227979 1.296907 0.7460544
v 0.5495268 1.473461 0.9984549
v 0.2713881 1.2102 -0.4337241
v 0.2509638 1.220148 -0.4850816
v 0.220436 1.221753 -0.5233586
v 0.2057499 1.224162 -0.5388082
v 0.1108636 1.200573 -0.5984842
v -0.07735783 1.077681 -0.5296768
v -0.07956782 1.075258 -0.5099833
v -0.1033527 1.088241 -0.4854735
v -0.06512812 1.242695 -0.5229703
v -0.001179572 1.309425 -0.4482816
v 0.04533527 1.22726 -0.314336
v 0.1214974 1.135761 -0.1120196
v 0.2744492 1.104503 -0.06935146
v -0.6255422 1.334175 0.7768345
v -0.5213319 1.452024 0.7366551
v -0.4230462 1.548251 0.7274544
v 0.4945852 1.3597 0.9941566
v 0.5621538 1.539017 1.014052
v 0.6129414 1.597344 1.021279
v 0.5801061 1.542397 1.010358
v 0.5313835 1.466972 0.9873371
v 0.4794843 1.324981 0.9652623
v 0.3170064 1.181651 -0.3549177
v 0.1430884 1.229052 -0.5852319
v -0.07776889 1.114125 -0.4988585
v -0.06466926 1.158944 -0.5193337
v -0.06056404 1.191319 -0.5365252
v -0.07076339 1.230946 -0.5182249
v -0.04258981 1.304791 -0.5427499
v 0.2491103 1.107243 -0.07825531
v 0.2864269 1.103204 -0.06808773
v 0.3108945 1.112633 -0.122448
v 0.3112348 1.124217 -0.1442274
v -0.5076314 1.479074 0.7378526
v -0.4328474 1.558025 0.7258364
v -0.5678556 1.33574 0.7140048
v -0.5984361 1.33107 0.7355179
v 0.4806579 1.333328 0.9826363
v 0.5202706 1.433928 1.013004
v 0.6157379 1.605044 1.024544
v 0.2721561 1.221983 -0.4441939
v 0.2452743 1.230078 -0.491455
v 0.229415 1.224413 -0.5108166
v 0.1923824 1.230528 -0.5531144
v 0.07655022 1.180442 -0.5956075
v -0.08509023 1.083715 -0.500384
v -0.09437691 1.089726 -0.4910757
v 0.07686122 1.18131 -0.1990432
v 0.2962073 1.109952 -0.07875668
v -0.5996462 1.366031 0.7624092
v -0.5030627 1.447872 0.7260891
v -0.5595077 1.354244 0.7078004
v 0.5166385 1.420251 1.021319
v 0.5234287 1.458899 0.9989486
v 0.604035 1.616944 1.026035
v 0.6152433 1.61584 1.015014
v 0.5594608 1.511144 1.000974
v 0.2562328 1.219147 -0.4684018
v -0.06308006 1.082157 -0.5359338
v -0.08065709 1.079307 -0.5061262
v -0.09716415 1.079648 -0.4936801
v -0.06830118 1.133155 -0.5083039
v -0.06896362 1.186814 -0.5260739
v -0.07335793 1.214138 -0.5207636
v 0.02254752 1.261698 -0.3658194
v 0.313989 1.141823 -0.1886691
v 0.3292834 1.151149 -0.2105787
v -0.5898121 1.358201 0.7511594
v -0.4405425 1.551854 0.7256591
v -0.6091984 1.335157 0.7534882
v 0.2227169 1.240478 -0.5081653
v 0.2127191 1.234395 -0.5259404
v 0.1147348 1.212969 -0.5928501
v -0.0232197 1.114068 -0.5683802
v -0.08033285 1.081457 -0.5298654
v -0.0734535 1.2121 -0.5270017
v -0.06875523 1.256575 -0.5341378
v 0.1893109 1.11624 -0.07921132
v 0.3210635 1.142524 -0.2104931
v 0.3327603 1.175647 -0.3219294
v -0.5049378 1.436038 0.7298216
v -0.4343963 1.55239 0.7275475
v -0.5596548 1.345451 0.716418
v 0.5080036 1.399905 0.9998667
v 0.5107247 1.432274 0.9920054
v 0.5222203 1.443624 1.006295
v 0.152596 1.233989 -0.5780123
v 0.05497945 1.169408 -0.5944995
v 6.720051E-05 1.124861 -0.5806792
v -0.1042594 1.081821 -0.4886413
v -0.1022498 1.08431 -0.4897193
v -0.05790257 1.279781 -0.5400515
v 0.1218698 1.147393 -0.1077541
v 0.3317729 1.156129 -0.2149044
v 0.3317147 1.161135 -0.2507396
v 0.2832737 1.219934 -0.3773386
v 0.2791761 1.2127 -0.4040617
v 0.2749682 1.22792 -0.4366555
v 0.2539383 1.230972 -0.4761803
v 0.1348225 1.224562 -0.589826
v -0.0519365 1.095798 -0.5464519
v -0.08889802 1.084189 -0.5002376
v 0.2976737 1.119061 -0.09878667
v 0.3156998 1.152886 -0.1945983
v 0.3366821 1.166274 -0.296182
v 0.323631 1.183733 -0.3286572
v 0.2923031 1.202339 -0.3674935
v -0.5096142 1.446727 0.7340803
v -0.4263919 1.558085 0.7210433
v 0.5096805 1.417254 1.002143
v 0.630487 1.651022 1.023791
v 0.6291687 1.638391 1.019882
v 0.3217549 1.194435 -0.2900761
v 0.04709557 1.2387 -0.3006694
v 0.3081264 1.135758 -0.1526796
v -0.3871766 1.586489 0.7189951
v 0.4934474 1.386975 0.9839733
v 0.5126142 1.453266 0.9918815
v 0.2837192 1.228596 -0.4165347
v 0.2632732 1.236107 -0.4432071
v 0.2307695 1.24767 -0.492091
v 0.2045257 1.241502 -0.5320992
v 0.1053191 1.20962 -0.5919954
v 0.1010684 1.198071 -0.5991585
v 0.06317363 1.173708 -0.5964831
v -0.07831611 1.087495 -0.5098128
v -0.1053034 1.081349 -0.4895157
v -0.06046771 1.210058 -0.5391579
v 0.007706534 1.300161 -0.4171633
v 0.1327933 1.150621 -0.0988662
v 0.2328018 1.122556 -0.07050737
v 0.2975225 1.147159 -0.1473508
v -0.4584669 1.515587 0.7245801
v -0.3835703 1.564121 0.7202814
v -0.3942025 1.527233 0.7197811
v 0.4871171 1.36405 0.9839972
v 0.6390138 1.688875 1.013964
v 0.2740009 1.23278 -0.4308633
v 0.2506105 1.237179 -0.475364
v 0.008731697 1.142577 -0.5840064
v -0.07920273 1.083825 -0.5161972
v 0.01660689 1.288611 -0.3930958
v 0.03851807 1.250007 -0.3322894
v 0.1062569 1.151256 -0.1277738
v 0.2657616 1.111862 -0.05851213
v 0.3346178 1.173892 -0.2674952
v 0.2817543 1.222334 -0.3895185
v -0.4282897 1.491887 0.7189038
v -0.4450924 1.513983 0.7211294
v -0.3832163 1.578653 0.7172807
v 0.5004095 1.413668 0.9878541
v 0.6569356 1.712786 1.0338
v 0.5866268 1.580409 1.007788
v 0.1750207 1.247324 -0.558754
v 0.1360733 1.238097 -0.5893914
v 0.08995831 1.197567 -0.5994629
v 0.08553353 1.190906 -0.5996974
v -0.0635205 1.088872 -0.540463
v -0.03174015 1.326635 -0.5417468
v 0.1971805 1.129727 -0.0773015
v 0.2999636 1.150281 -0.1578538
v -0.369608 1.575122 0.7060577
v -0.3303263 1.611779 0.6995903
v -0.4919394 1.418816 0.7180486
v 0.5066923 1.448747 0.9909194
v 0.6305343 1.713661 1.024775
v 0.1398937 1.246529 -0.5845454
v 0.05370009 1.171515 -0.5947261
v -0.07528608 1.086147 -0.5398673
v -0.1030196 1.082525 -0.4961509
v -0.07104 1.215923 -0.5308395
v -0.07525394 1.232921 -0.5288303
v -0.07329925 1.25499 -0.5373721
v -0.01812637 1.333726 -0.5111145
v 0.05989609 1.212839 -0.263312
v 0.08859816 1.165595 -0.1643097
v 0.2992126 1.205379 -0.333213
v 0.2883879 1.223265 -0.3363952
v -0.357257 1.590328 0.7140387
v -0.4075523 1.493083 0.7182927
v 0.4786184 1.373206 0.970226
v 0.5155333 1.519092 0.9958031
v 0.5739355 1.628455 1.01859
v 0.5781533 1.572305 1.002049
v 0.1573377 1.247229 -0.5751323
v 0.09132856 1.203508 -0.5981907
v 0.02900537 1.152078 -0.5878894
v -0.01575229 1.126424 -0.5703596
v -0.06145944 1.099065 -0.5449425
v -0.08163663 1.088134 -0.5098227
v -0.1109515 1.082504 -0.4814707
v -0.06335169 1.173189 -0.531606
v 0.03315862 1.268707 -0.3436324
v 0.3086347 1.152573 -0.1824854
v 0.2824191 1.231238 -0.3800665
v -0.420559 1.513835 0.7162065
v -0.3247931 1.614983 0.6942738
v 0.6399526 1.708986 1.013759
v 0.4809839 1.387096 0.9759867
v 0.1947491 1.255794 -0.5304934
v 0.1136649 1.219157 -0.5915174
v 0.002096452 1.135236 -0.5810743
v -0.07136143 1.100805 -0.5468259
v 0.1597514 1.141183 -0.07956802
v 0.2086134 1.126001 -0.07485944
v 0.2240697 1.121657 -0.07212286
v 0.2879556 1.130119 -0.09476577
v 0.3302396 1.168072 -0.2245722
v 0.3334439 1.182384 -0.2696443
v 0.3072702 1.199536 -0.3187539
v 0.2841642 1.233688 -0.4138777
v -0.4875119 1.411008 0.7051437
v -0.3245777 1.614137 0.7132734
v -0.3507929 1.566794 0.7127051
v -0.4835142 1.415193 0.7095664
v -0.4120713 1.487238 0.7161003
v 0.2865142 1.235548 -0.3896997
v 0.229347 1.259122 -0.4763953
v 0.2118041 1.259221 -0.5128377
v -0.0502938 1.102471 -0.5492332
v -0.07880642 1.089057 -0.5360317
v -0.07917463 1.088807 -0.523099
v -0.0897253 1.087241 -0.5030835
v -0.0763282 1.133863 -0.5060441
v -0.06677524 1.270254 -0.5368214
v 0.005716033 1.305861 -0.4178504
v 0.08433723 1.182398 -0.168354
v 0.2887426 1.140755 -0.1120479
v 0.6431519 1.72253 1.019652
v 0.6579378 1.734038 1.01617
v 0.642792 1.719908 0.9947312
v 0.602794 1.64381 1.001015
v 0.5283821 1.513667 0.9899496
v 0.5360015 1.571652 1.005429
v 0.1827011 1.265527 -0.5441589
v 0.1186835 1.225317 -0.5868285
v 0.04602967 1.172803 -0.5937327
v -0.07508161 1.095985 -0.5381759
v -0.1060558 1.079616 -0.4953148
v -0.1131518 1.079311 -0.4849303
v -0.1180256 1.076816 -0.4756052
v -0.05894614 1.197798 -0.539507
v -0.01549236 1.339552 -0.496996
v 0.05245725 1.242094 -0.2752112
v 0.06577774 1.215771 -0.2337635
v -0.3822242 1.553794 0.7067063
v -0.3539466 1.588902 0.6996463
v 0.3287351 1.187015 -0.2921877
v 0.2474959 1.248175 -0.4430192
v 0.1681479 1.260921 -0.5579993
v 0.07319429 1.195285 -0.5998822
v 0.01163372 1.149211 -0.5829074
v -0.02899003 1.12026 -0.5631284
v -0.07205601 1.267105 -0.5361555
v 0.2420177 1.13042 -0.05889639
v 0.2737131 1.114738 -0.05788617
v -0.3251122 1.58776 0.6839852
v 0.5397769 1.560792 1.007607
v 0.2670117 1.247 -0.4264246
v 0.2742528 1.238439 -0.4253323
v 0.0438974 1.174074 -0.5925037
v -0.002818227 1.141739 -0.5772994
v -0.1034619 1.092471 -0.4838811
v -0.06152248 1.284156 -0.539983
v 0.1974478 1.136292 -0.07080851
v 0.3227618 1.15824 -0.1781185
v -0.3644004 1.541372 0.702099
v -0.3430813 1.561108 0.7119473
v -0.317858 1.571805 0.7107445
v -0.4366217 1.457729 0.7074625
v -0.4389654 1.456587 0.7129515
v -0.3525853 1.529559 0.7089951
v -0.07334083 1.250995 -0.5376209
v -0.05275007 1.308467 -0.5462184
v 0.01375965 1.302811 -0.3911337
v 0.330222 1.189441 -0.2299967
v 0.3018571 1.211425 -0.2810454
v 0.2014808 1.271975 -0.5132182
v 0.1357866 1.243247 -0.5786774
v 0.09641673 1.20779 -0.5886836
v -0.1248782 1.070613 -0.4811573
v 0.6557636 1.737591 1.016138
v 0.646565 1.736311 0.9775788
v 0.6191229 1.703589 0.9882762
v 0.5121809 1.510526 0.9966475
v -0.3585446 1.558668 0.6991672
v 0.2732432 1.249944 -0.4178888
v 0.2466648 1.256958 -0.4411759
v 0.2252609 1.264651 -0.4732346
v 0.1507499 1.253514 -0.5729238
v 0.06261517 1.185829 -0.597845
v -0.03466566 1.12016 -0.5615665
v -0.06316778 1.108989 -0.5543405
v -0.1086943 1.082255 -0.4938649
v -0.1183406 1.08365 -0.4758238
v -0.06412721 1.18987 -0.5320089
v 0.001995727 1.316177 -0.4186876
v 0.1049314 1.179179 -0.128776
v 0.6544756 1.759253 1.002622
v 0.5885479 1.660291 0.996341
v 0.6085662 1.686395 1.025997
v 0.2798384 1.247235 -0.4062099
v 0.2259163 1.265077 -0.4670519
v 0.1293899 1.238055 -0.5780347
v 0.113382 1.222809 -0.586071
v 0.03239834 1.166171 -0.5870613
v 0.01509909 1.156475 -0.5838155
v -0.0176553 1.128842 -0.5666487
v -0.09370406 1.081838 -0.5033616
v -0.1108396 1.074959 -0.4921659
v -0.06912681 1.278064 -0.5373447
v 0.2537376 1.134678 -0.04985648
v 0.2734188 1.141593 -0.07992288
v -0.06407 1.103101 -0.5488793
v -0.3123375 1.619632 0.7025032
v 0.6425277 1.721321 0.978096
v 0.5519685 1.589479 0.9982837
v 0.3322606 1.180764 -0.2105659
v 0.2861166 1.231928 -0.3419185
v 0.2907234 1.234062 -0.3289481
v 0.1824153 1.274452 -0.5411081
v 0.1458905 1.250108 -0.5688716
v -0.09854527 1.081921 -0.4992204
v -0.04881282 1.319508 -0.5407158
v 0.1787975 1.143163 -0.07902752
v 0.3261592 1.165745 -0.1808694
v -0.05529468 1.105698 -0.5470463
v -0.06356299 1.102174 -0.5458838
v -0.3394105 1.550044 0.7022508
v -0.3172358 1.556637 0.6789179
v 0.6480362 1.757506 0.9659517
v 0.595703 1.694164 0.9739951
v 0.6417794 1.739933 1.016121
v -0.0665108 1.108817 -0.5528359
v -0.06841724 1.159999 -0.5216591
v 0.07164906 1.207575 -0.1924157
v 0.1249693 1.171713 -0.1019662
v 0.142148 1.159292 -0.09462544
v 0.152414 1.168354 -0.09476275
v 0.2927039 1.221517 -0.3074273
v -0.312372 1.548723 0.6428372
v 0.2943035 1.239387 -0.350423
v 0.176953 1.271208 -0.5433437
v 0.0969366 1.2107 -0.5891359
v 0.07379793 1.202468 -0.5953535
v 0.05299518 1.182284 -0.5935177
v 0.04388014 1.174558 -0.5825783
v -0.07575543 1.095893 -0.5252441
v 0.03077761 1.282219 -0.3367121
v 0.04239102 1.258811 -0.310405
v 0.277849 1.128425 -0.06555294
v 0.3004454 1.163511 -0.1507969
v 0.3148729 1.168143 -0.146108
v 0.1926391 1.272649 -0.5164932
v 0.151133 1.255104 -0.5629891
v 0.1453865 1.250361 -0.5692652
v 0.001636691 1.143854 -0.5741732
v -0.3149405 1.606122 0.6789171
v -0.2930888 1.61407 0.6957095
v 0.6183074 1.689246 0.9674628
v 0.5910797 1.692874 0.9899042
v -0.07147018 1.10172 -0.5453457
v -0.05721385 1.234342 -0.546322
v -0.07035205 1.242031 -0.5376564
v -0.0195602 1.346766 -0.4920885
v 0.09646069 1.182315 -0.1474873
v 0.2876261 1.228137 -0.3168796
v 0.2666672 1.262874 -0.4135626
v -0.3120082 1.564325 0.6372234
v -0.30077 1.597896 0.7002965
v 0.6058176 1.663268 0.9185857
v 0.5929185 1.642763 0.9129759
v 0.5930392 1.669392 0.9467756
v 0.5300792 1.546502 0.9971221
v 0.2153746 1.270219 -0.4798188
v 0.1728912 1.266501 -0.542147
v 0.1118587 1.227752 -0.5920842
v 0.08174174 1.205148 -0.5930837
v 0.03361664 1.169278 -0.5820066
v -0.01851815 1.126674 -0.56463
v -0.07826177 1.177548 -0.5126136
v -0.06009936 1.242066 -0.5479572
v -0.05916382 1.307703 -0.5422614
v 0.2890104 1.162847 -0.1312672
v 0.3302509 1.179145 -0.1779381
v -0.2906707 1.555507 0.6778262
v 0.6150897 1.685729 0.9262501
v 0.530102 1.543414 0.8736402
v 0.5700814 1.648836 1.013601
v 0.2923006 1.224139 -0.2705692
v 0.2182526 1.271495 -0.4800697
v 0.1893206 1.270863 -0.5128784
v 0.1439937 1.252798 -0.5766753
v 0.1241626 1.23839 -0.5862892
v 0.09863737 1.218923 -0.5912253
v 0.08723465 1.210231 -0.5922209
v 0.06100701 1.186819 -0.5850694
v 0.02109725 1.160213 -0.5806525
v -0.08000366 1.094293 -0.5189838
v -0.0289604 1.344442 -0.5210907
v 0.1156136 1.171145 -0.1114231
v 0.1771612 1.154537 -0.07319503
v 0.2311553 1.152072 -0.04610549
v 0.2663479 1.135739 -0.05424447
v 0.249607 1.155661 -0.04890663
v 0.2714708 1.152435 -0.08555447
v 0.3302978 1.184354 -0.176663
v -0.3122196 1.560193 0.6650506
v -0.304574 1.57262 0.6366453
v -0.2960013 1.621478 0.6826819
v -0.2795329 1.62675 0.6834189
v -0.3099025 1.568253 0.7077788
v -0.3356821 1.542927 0.7043631
v 0.6542878 1.789624 0.9882451
v 0.5257708 1.509848 0.8587142
v 0.506556 1.484807 0.8510147
v 0.6322595 1.754216 1.010383
v 0.1696327 1.264511 -0.5428178
v 0.1003118 1.216742 -0.5852419
v 0.08161238 1.205438 -0.5903609
v 0.0784689 1.196834 -0.5822605
v 0.06384294 1.18915 -0.5836319
v -0.04246926 1.111822 -0.5543842
v -0.05614344 1.108667 -0.5503279
v -0.05752263 1.111977 -0.5585086
v -0.1274053 1.072003 -0.4625872
v -0.1204634 1.091758 -0.4671256
v -0.07169206 1.27375 -0.5415657
v 0.01431393 1.300182 -0.3685103
v 0.2696474 1.162124 -0.08747132
v 0.3213638 1.174267 -0.1384417
v 0.6135384 1.7247 1.023875
v 0.2890478 1.245633 -0.3700321
v 0.2516165 1.272957 -0.4351032
v 0.2571419 1.259611 -0.4314142
v 0.1529766 1.257955 -0.5671612
v -0.04453529 1.11199 -0.5559676
v -0.136538 1.055691 -0.4673783
v -0.06781057 1.276394 -0.5406296
v 0.2068524 1.145331 -0.06235742
v 0.5911252 1.645815 0.9076755
v 0.5933206 1.722543 0.976193
v 0.6408761 1.790744 0.9848027
v -0.3011844 1.613676 0.6735972
v 0.2410566 1.264327 -0.449105
v 0.1421553 1.252075 -0.5743232
v 0.08557756 1.200854 -0.582359
v 0.052094 1.182475 -0.5853437
v -0.02130386 1.122639 -0.5627405
v -0.04956565 1.112195 -0.561959
v -0.05807521 1.109663 -0.5594562
v -0.06940117 1.098359 -0.5358692
v -0.1012599 1.118825 -0.483406
v -0.0007888041 1.322246 -0.4241129
v 0.2422906 1.153871 -0.04365604
v 0.3250446 1.181521 -0.145185
v 0.3273059 1.191821 -0.1725198
v 0.4545325 1.385874 0.8045691
v 0.571053 1.66416 0.9976165
v 0.5865565 1.725935 0.9755102
v 0.3231092 1.200976 -0.195832
v 0.282815 1.257012 -0.3754746
v 0.1853852 1.269038 -0.5198373
v 0.1712084 1.264559 -0.5422991
v 0.1229974 1.235757 -0.5749381
v -0.05510586 1.111622 -0.5640185
v -0.1300662 1.058278 -0.4821495
v -0.1121055 1.101447 -0.4742195
v -0.0612973 1.219383 -0.5374708
v 0.005396202 1.313934 -0.3976341
v 0.1846054 1.1543 -0.07184628
v 0.2919491 1.171239 -0.1154902
v -0.272924 1.618714 0.6772649
v -0.2614038 1.602824 0.6790387
v 0.5768338 1.682672 1.002128
v 0.6041034 1.747161 0.9898204
v -0.3273107 1.454168 0.5937888
v -0.3319755 1.457796 0.5927742
v -0.3238535 1.522546 0.6160409
v -0.2808562 1.545524 0.6682793
v 0.3027321 1.243444 -0.3112037
v 0.1568819 1.260643 -0.564283
v 0.1562258 1.259899 -0.5563028
v 0.09206229 1.204807 -0.5805582
v 0.06708792 1.190897 -0.5862731
v 0.03585727 1.172389 -0.5879687
v 0.002970047 1.139781 -0.5753648
v -0.0213189 1.119594 -0.5682862
v -0.08975333 1.083738 -0.5098609
v -0.126456 1.058867 -0.4854364
v -0.103803 1.135781 -0.4834771
v -0.03397366 1.34146 -0.5156838
v 0.04170759 1.263347 -0.3023514
v 0.1832034 1.165533 -0.06344425
v 0.2549329 1.159476 -0.06493468
v 0.2760423 1.168769 -0.09731162
v 0.2919675 1.226791 -0.228323
v 0.5219544 1.496933 0.8486683
v -0.3353083 1.491442 0.5873737
v 0.2289124 1.274996 -0.4678186
v 0.1365005 1.244088 -0.5644096
v 0.02207845 1.151128 -0.5834318
v -0.0411179 1.108632 -0.565901
v -0.07114735 1.099597 -0.5344808
v -0.04796965 1.331853 -0.5355546
v 0.02896428 1.283561 -0.3260854
v 0.1272794 1.189182 -0.1057927
v 0.3194621 1.201846 -0.2394737
v 0.2939802 1.223263 -0.2389987
v 0.5245483 1.531088 0.8482382
v 0.2975391 1.22205 -0.1895122
v 0.3030574 1.250276 -0.3086311
v 0.1245337 1.232479 -0.5699165
v -0.1060182 1.069315 -0.4942029
v -0.1442722 1.047766 -0.4683502
v 0.1623791 1.172539 -0.07247453
v 0.3125808 1.176106 -0.1239105
v -0.3411067 1.450171 0.5853411
v -0.3505063 1.445753 0.5746869
v -0.2656764 1.604473 0.6779312
v 0.6230187 1.730433 0.9479334
v 0.4936849 1.531482 0.8660166
v -0.2749911 1.605333 0.6480451
v -0.2558883 1.613852 0.6607202
v -0.2838416 1.574272 0.6875387
v -0.3231036 1.553694 0.707263
v 0.1882084 1.270946 -0.5186054
v -0.04853169 1.102997 -0.5701122
v -0.06055126 1.253494 -0.5459364
v -0.06250226 1.314712 -0.5364203
v 0.04213062 1.270401 -0.294536
v 0.2026655 1.156742 -0.05597901
v 0.3146037 1.189819 -0.09818292
v 0.4601116 1.394119 0.8006499
v 0.5670936 1.702791 0.9417328
v 0.5988899 1.711938 0.9369275
v 0.3007992 1.216252 -0.2283471
v 0.3027357 1.238528 -0.297214
v 0.2834537 1.261443 -0.3598801
v 0.1378796 1.246767 -0.5595129
v 0.08701383 1.201232 -0.5830953
v -0.0005492568 1.129565 -0.5767986
v -0.03481588 1.10813 -0.5702787
v -0.06750999 1.097379 -0.5578257
v -0.1157791 1.063214 -0.4916937
v -0.1671209 1.022125 -0.4452002
v -0.1212707 1.103392 -0.4652913
v -0.01650876 1.344176 -0.4680196
v 0.1002265 1.197598 -0.1257314
v 0.2756167 1.177714 -0.0890868
v 0.3196271 1.195473 -0.1216307
v -0.2724884 1.561117 0.6722983
v 0.4944717 1.492696 0.8565728
v 0.5769249 1.712009 0.9355074
v -0.2807922 1.533607 0.6566095
v -0.3111732 1.474449 0.6148839
v -0.3557945 1.435005 0.5582247
v -0.2706898 1.556934 0.6353164
v 0.06100359 1.176932 -0.588768
v 0.02581327 1.150626 -0.5838766
v -0.1431233 1.042498 -0.4770641
v -0.1387597 1.055274 -0.447224
v -0.068027 1.300372 -0.536343
v -0.001061298 1.323995 -0.4031054
v 0.100839 1.202437 -0.1229114
v 0.2150234 1.165927 -0.04438641
v 0.50363 1.469289 0.8304143
v 0.6300035 1.78311 0.9860495
v -0.3182203 1.517187 0.6005178
v 0.2068934 1.275378 -0.4946654
v 0.1710924 1.265627 -0.5407121
v 0.1465899 1.253431 -0.5538642
v 0.1054707 1.217035 -0.5803068
v 0.07288829 1.218447 -0.1833893
v 0.3220092 1.200607 -0.1504533
v 0.4548843 1.39786 0.7835417
v 0.4451396 1.384031 0.7802474
v 0.3135738 1.209705 -0.1912638
v 0.2361057 1.279791 -0.4574888
v 0.1863187 1.274181 -0.5166576
v 0.1630943 1.26167 -0.5476447
v 0.2402424 1.160032 -0.04228936
v -0.2875645 1.478906 0.6185178
v 0.5510146 1.608689 0.8802209
v 0.4667134 1.408424 0.7969047
v 0.4504078 1.393613 0.8113008
v -0.3049005 1.468124 0.6128303
v -0.4003788 1.314516 0.5118191
v -0.3793636 1.388347 0.5410408
v -0.2639036 1.536832 0.6404248
v 0.2349641 1.285735 -0.4486457
v 0.2089527 1.279449 -0.4905094
v 0.007613361 1.134674 -0.5849569
v -0.0008368194 1.12687 -0.5804789
v -0.0280039 1.109988 -0.5735165
v -0.1093469 1.066422 -0.4979254
v -0.07251242 1.214462 -0.5248301
v -0.07249317 1.292523 -0.5378997
v -0.04746505 1.334443 -0.5282649
v -0.004052527 1.332382 -0.4210935
v 0.13808 1.1855 -0.097987
v 0.3056309 1.188554 -0.08194093
v 0.268679 1.270614 -0.3822899
v -0.04818004 1.101395 -0.5703557
v -0.05833076 1.100714 -0.5647939
v -0.1264617 1.110565 -0.4527646
v -0.1077848 1.146492 -0.4791097
v -0.07397404 1.221869 -0.5194372
v 0.1247877 1.183157 -0.1066832
v 0.2234052 1.167703 -0.04050117
v 0.2535021 1.178562 -0.06691094
v 0.2843398 1.182563 -0.08258636
v -0.44304 1.249046 0.476386
v 0.4966938 1.468477 0.8245339
v 0.4191826 1.367016 0.78993
v 0.4708102 1.465708 0.8450348
v 0.5846461 1.730829 0.9517944
v 0.2912414 1.261875 -0.3249898
v 0.1409215 1.253538 -0.5470383
v 0.07531702 1.186387 -0.5874786
v 0.03586094 1.154621 -0.5885925
v -0.1475483 1.051027 -0.442805
v -0.07162832 1.296361 -0.5252852
v -0.06373362 1.317952 -0.5242914
v -0.05433223 1.335665 -0.5080541
v -0.03436071 1.33811 -0.4915039
v 0.1319688 1.202027 -0.08878904
v 0.3166124 1.203969 -0.123378
v 0.4389898 1.402136 0.7658798
v 0.4981604 1.562054 0.8752364
v -0.389129 1.371683 0.5263984
v -0.3197465 1.480553 0.5786009
v -0.2818358 1.559741 0.6248896
v 0.1504846 1.260495 -0.5431718
v -0.0600035 1.098392 -0.5659208
v -0.1031192 1.07269 -0.5077245
v -0.1461408 1.026772 -0.4708603
v -0.1571318 1.031095 -0.4666055
v -0.1909359 0.9999237 -0.4338437
v -0.06053264 1.260698 -0.5414695
v 0.04080051 1.266954 -0.2764285
v 0.07815129 1.21945 -0.1703666
v 0.2052891 1.176932 -0.04027329
v 0.2293519 1.182604 -0.05906456
v 0.2933859 1.191146 -0.07025737
v 0.4329185 1.375549 0.7791023
v 0.4247238 1.459672 0.7309065
v -0.3516178 1.335316 0.5404417
v -0.2855457 1.460239 0.6022574
v 0.3104769 1.24828 -0.2566257
v 0.3029141 1.25737 -0.297221
v 0.1306042 1.239036 -0.563638
v 0.08877956 1.195095 -0.5852954
v -0.1595901 1.018789 -0.4620048
v -0.1836562 1.007324 -0.4179253
v 0.0270602 1.2915 -0.3194939
v 0.07876091 1.225131 -0.1600799
v 0.1600448 1.184624 -0.07218698
v 0.2283151 1.177248 -0.05441798
v 0.3117214 1.202393 -0.09307926
v 0.3153632 1.20914 -0.1686607
v 0.4563554 1.421142 0.7751617
v 0.4473214 1.441008 0.744728
v -0.4294758 1.287358 0.4884008
v -0.3562205 1.417478 0.5477772
v 0.3096154 1.246527 -0.2311108
v 0.2675751 1.281693 -0.3544893
v 0.2444946 1.282381 -0.4260626
v 0.1654727 1.265349 -0.5437783
v -0.02487758 1.11513 -0.577865
v -0.1045885 1.070199 -0.5085126
v -0.1079222 1.16289 -0.4817783
v -0.06800103 1.252136 -0.5283124
v 0.08029241 1.230985 -0.1496181
v 0.09723756 1.2178 -0.1323915
v 0.1767835 1.180869 -0.06080379
v 0.2091764 1.182522 -0.03785807
v 0.2159384 1.180848 -0.0406198
v 0.2720632 1.193747 -0.05983244
v 0.2926148 1.226151 -0.1401691
v 0.2913654 1.230164 -0.1918102
v 0.4585449 1.41392 0.7787529
v -0.4134817 1.245302 0.4847367
v 0.2885084 1.27543 -0.263529
v 0.2403918 1.287836 -0.4304901
v 0.01903202 1.142642 -0.588584
v -0.1297315 1.04535 -0.4828624
v -0.0667506 1.272505 -0.5317592
v 0.2549769 1.169037 -0.06948078
v 0.4505721 1.426127 0.7535325
v 0.405967 1.406897 0.8069985
v 0.5462383 1.661122 0.9195875
v -0.4358109 1.279818 0.4865649
v -0.3955734 1.345893 0.5130401
v -0.2835503 1.539339 0.6161342
v -0.3060697 1.4268 0.5892084
v 0.305007 1.257925 -0.2656015
v 0.2198286 1.294746 -0.4626661
v 0.1875062 1.280607 -0.5111834
v 0.1737601 1.271717 -0.5320038
v -0.04425684 1.104252 -0.568428
v -0.07130805 1.097408 -0.5394741
v -0.07074211 1.306719 -0.523586
v 0.05477738 1.246025 -0.2374043
v 0.1298208 1.241584 -0.5597746
v 0.0921238 1.196753 -0.5847952
v 0.02136253 1.14623 -0.5889443
v -0.1911028 0.9859624 -0.4379961
v -0.1359315 1.100808 -0.4445086
v -0.1195526 1.143834 -0.4644729
v 0.1881897 1.176993 -0.05445576
v 0.2693537 1.188696 -0.06589298
v -0.2720023 1.528963 0.6177735
v -0.2684839 1.520607 0.6207895
v 0.4725017 1.482514 0.8191217
v 0.449104 1.491376 0.7142028
v 0.4345443 1.462047 0.7293252
v 0.4083843 1.392716 0.8019872
v 0.2999699 1.221812 -0.1265857
v 0.309745 1.255668 -0.2391858
v -0.1937565 0.9944439 -0.436563
v -0.07054777 1.286948 -0.5263054
v -0.3423979 1.392457 0.5634847
v 0.4421063 1.470559 0.8397997
v 0.5707608 1.687384 0.9217877
v 0.2228026 1.282121 -0.4725125
v 0.1323781 1.245355 -0.5507491
v 0.01526086 1.145798 -0.5879911
v -0.1043085 1.177249 -0.4791524
v 0.009476759 1.311605 -0.3749807
v -0.4129942 1.267774 0.4929934
v -0.4448443 1.259866 0.4784587
v 0.504662 1.512874 0.8348274
v -0.3225341 1.438049 0.5613958
v 0.5136163 1.609618 0.8875634
v 0.4593576 1.513702 0.840203
v -0.3834977 1.280678 0.5072278
v -0.3909608 1.338427 0.5101099
v 0.2490063 1.294214 -0.3875153
v 0.1231587 1.234691 -0.5613092
v 0.08302055 1.192487 -0.5864732
v -0.09684976 1.073696 -0.5153289
v -0.1974923 0.9843145 -0.4362868
v -0.1373325 1.112209 -0.4395213
v -0.07540977 1.233672 -0.5153308
v 0.1103379 1.211665 -0.1183391
v 0.3121857 1.211995 -0.127373
v 0.500393 1.558015 0.8519373
v -0.4630045 1.191034 0.4447403
v -0.478458 1.209252 0.4460139
v -0.3453597 1.322782 0.5347975
v 0.2926346 1.242519 -0.1801051
v 0.3049736 1.246018 -0.1901565
v 0.3106455 1.252281 -0.2018391
v 0.1692293 1.277669 -0.52301
v -0.1608586 1.060468 -0.4245304
v -0.06219883 1.327893 -0.5032175
v 0.05032507 1.260288 -0.2147432
v 0.3056777 1.198238 -0.07583645
v 0.2964696 1.220665 -0.07300013
v 0.2821372 1.231845 -0.1280199
v 0.4542979 1.416457 0.7811255
v -0.4892319 1.187444 0.4236858
v -0.312514 1.388741 0.566481
v 0.1580126 1.26784 -0.5404513
v 0.05953998 1.177818 -0.5871144
v -0.0714792 1.092713 -0.5568371
v -0.08108021 1.086358 -0.5473087
v -0.02692626 1.338433 -0.4632322
v 0.02038778 1.303158 -0.3313125
v 0.03171693 1.28392 -0.2550361
v 0.120371 1.20662 -0.1169528
v 0.1809548 1.197476 -0.04566439
v 0.1800792 1.203905 -0.0434411
v 0.2826743 1.20303 -0.04601406
v 0.4432642 1.542261 0.6908248
v 0.4147277 1.428824 0.7489241
v 0.4022573 1.390697 0.7664325
v 0.3868238 1.382744 0.7758522
v 0.4560531 1.495999 0.828711
v 0.2804264 1.273471 -0.3264956
v 0.04463626 1.16736 -0.5877161
v -0.1409374 1.029197 -0.4734927
v -0.2125338 0.9772627 -0.4233678
v -0.1847388 1.02012 -0.4008877
v -0.1217979 1.150641 -0.4550365
v -0.07028174 1.314497 -0.5099649
v 0.2471528 1.200377 -0.05405158
v 0.2892923 1.214661 -0.04760083
v -0.4312223 1.183729 0.4438619
v -0.4610324 1.177804 0.4334829
v -0.3535851 1.401366 0.5392014
v -0.2990797 1.425775 0.5724297
v 0.2596397 1.29408 -0.3433073
v 0.2224175 1.297762 -0.4452067
v -0.09406337 1.075225 -0.5320616
v -0.1726833 0.9990991 -0.4486263
v -0.06670109 1.322987 -0.5098433
v -0.009894762 1.331813 -0.4174833
v 0.07479317 1.235056 -0.1639454
v 0.2364665 1.210583 -0.04321917
v 0.2841905 1.210686 -0.04302885
v 0.3072645 1.260115 -0.2303441
v 0.293331 1.271824 -0.2429386
v 0.1383876 1.252238 -0.5458006
v -0.2122761 0.9742066 -0.4255718
v 0.0003032461 1.315736 -0.3624264
v 0.1528199 1.204666 -0.06810702
v 0.1998445 1.202717 -0.05780871
v 0.2148895 1.199223 -0.05517476
v -0.4348857 1.269661 0.4782861
v -0.3416906 1.402064 0.5410591
v 0.466249 1.574236 0.6571264
v 0.4646592 1.545948 0.6891855
v 0.4564305 1.535868 0.6897362
v 0.4491642 1.530936 0.6936251
v 0.4215067 1.498997 0.7177002
v 0.5069234 1.549663 0.8490143
v -0.3985592 1.233982 0.4828735
v -0.3249132 1.398602 0.5463833
v -0.2899675 1.446115 0.5872647
v 0.206555 1.291124 -0.4785538
v 0.105087 1.21447 -0.5743173
v -0.2150696 0.9718015 -0.4012672
v 0.04028 1.266778 -0.2564201
v 0.4652945 1.530758 0.7101254
v 0.4344755 1.468286 0.8324994
v -0.4754568 1.186969 0.439246
v -0.3753799 1.329793 0.5074878
v -0.3227143 1.345031 0.5377722
v -0.3128214 1.375903 0.5557721
v 0.2804963 1.247562 -0.1254844
v 0.2937134 1.252984 -0.1251499
v 0.2326135 1.300459 -0.417964
v -0.1894293 1.053004 -0.37955
v -0.07016069 1.300245 -0.5105662
v 0.08126825 1.231358 -0.1432419
v 0.2798545 1.22929 -0.03796887
v 0.4455043 1.459135 0.761346
v 0.4513825 1.479285 0.7435037
v 0.4595832 1.527323 0.6989413
v 0.4103337 1.506204 0.7233326
v -0.3044872 1.448231 0.5722546
v 0.1068306 1.219125 -0.5659805
v -0.02976381 1.115016 -0.5737177
v -0.1445997 1.023545 -0.4793923
v -0.2254484 0.9753103 -0.3773847
v -0.1552822 1.090149 -0.4199413
v -0.05827917 1.330598 -0.4912937
v 0.171665 1.220067 -0.06143002
v 0.2699695 1.217456 -0.02674274
v 0.2817816 1.233293 -0.1039824
v 0.4428903 1.47979 0.7568771
v 0.4387736 1.538991 0.6415844
v 0.2652566 1.295164 -0.2837981
v -0.1905167 0.9750373 -0.4341924
v 0.01029829 1.305854 -0.3238752
v 0.1549795 1.197597 -0.06814849
v 0.2235082 1.20635 -0.05494697
v 0.452512 1.549002 0.6651865
v -0.4874061 1.19465 0.3997183
v -0.4775124 1.201738 0.4138498
v -0.4570414 1.221607 0.4533808
v -0.387257 1.303136 0.4957398
v -0.3798402 1.247574 0.4910855
v 0.1981579 1.291205 -0.481205
v -0.07467765 1.084458 -0.551546
v -0.1118104 1.051442 -0.5278313
v -0.04260043 1.337803 -0.4819673
v -0.02031244 1.334113 -0.4290153
v 0.1309695 1.220301 -0.07876344
v 0.1925866 1.20328 -0.05390389
v 0.4647897 1.532599 0.7128642
v 0.4359067 1.523656 0.6200434
v 0.388869 1.44418 0.7485039
v 0.3925787 1.402826 0.7984641
v 0.4320346 1.47061 0.7804074
v -0.4919581 1.189207 0.3998486
v -0.3090316 1.405959 0.558099
v 0.3022073 1.25537 -0.1514889
v 0.2088424 1.295061 -0.4646747
v 0.1793672 1.281632 -0.5108023
v -0.03522647 1.109308 -0.5685239
v -0.08621989 1.077409 -0.5454419
v -0.1258329 1.044585 -0.49899
v -0.1358401 1.143104 -0.4310569
v -0.07330979 1.253175 -0.5076029
v -0.0660965 1.285263 -0.5201836
v 0.1868544 1.203821 -0.04718538
v 0.2786934 1.233442 -0.04706835
v 0.2691301 1.241069 -0.06880336
v 0.4361297 1.541717 0.6894164
v 0.4386065 1.480884 0.8318356
v -0.3566738 1.279212 0.5099246
v 0.2481741 1.302031 -0.3640983
v 0.1592458 1.273403 -0.5266706
v 0.008052208 1.144381 -0.5819944
v -0.0291577 1.11436 -0.5711612
v -0.07881963 1.076094 -0.550227
v -0.069575 1.31764 -0.4884716
v 0.06972887 1.240457 -0.1757326
v 0.1698768 1.223944 -0.06302903
v 0.1933612 1.230385 -0.05126555
v 0.4569215 1.55995 0.6245335
v -0.3787728 1.282695 0.4899924
v -0.3314154 1.354567 0.5298852
v -0.3741902 1.242733 0.4867253
v -0.4153277 1.181935 0.4450634
v 0.3077408 1.259257 -0.1771095
v 0.3076229 1.267083 -0.1932401
v 0.2805078 1.283416 -0.2459508
v 0.1094428 1.227543 -0.5603451
v -0.1632718 1.089006 -0.4090805
v -0.1516424 1.118883 -0.4144741
v -0.0336764 1.331613 -0.4402317
v 0.02234837 1.291446 -0.2676148
v 0.1998459 1.231459 -0.04096588
v 0.265781 1.227816 -0.01949892
v 0.2801498 1.233993 -0.06294928
v 0.4603428 1.555987 0.7128038
v 0.4089088 1.483421 0.6120965
v 0.397027 1.419534 0.7992176
v 0.4281295 1.453068 0.7965839
v 0.1427226 1.262578 -0.538555
v 0.07431625 1.191225 -0.5818255
v 0.03781236 1.166664 -0.5848644
v -0.2520099 0.9338596 -0.390921
v 0.03694373 1.280927 -0.2345017
v 0.1656021 1.204472 -0.05291444
v -0.4270037 1.170027 0.425729
v -0.4562364 1.241391 0.3602683
v 0.4691902 1.607426 0.678314
v 0.4135558 1.477085 0.600949
v 0.4274293 1.551736 0.6821231
v 0.2325319 1.310225 -0.3698943
v 0.1688678 1.279046 -0.5164717
v -0.1324651 1.032004 -0.5117114
v -0.1177005 1.049063 -0.5160756
v -0.2484445 0.9338205 -0.3957648
v -0.2134728 1.019456 -0.3570424
v -0.1464286 1.140635 -0.4130081
v 0.1273472 1.20898 -0.08895997
v 0.2403608 1.218383 -0.02797718
v 0.2543246 1.225639 -0.01480462
v -0.4811226 1.20471 0.3773214
v 0.4132809 1.535888 0.6452241
v 0.2345966 1.306237 -0.396474
v 0.2139497 1.299243 -0.4553537
v 0.191668 1.287633 -0.4960086
v 0.1353918 1.254174 -0.5449345
v 0.009890638 1.144579 -0.5802225
v -0.2896013 0.926881 -0.3379038
v -0.07358165 1.273744 -0.4917158
v -0.0743267 1.295489 -0.4824093
v 0.1032752 1.226359 -0.1219054
v -0.4510458 1.177454 0.4173122
v -0.4340108 1.273666 0.3505555
v -0.4696096 1.215755 0.3695067
v -0.3497979 1.293142 0.5020604
v -0.3316972 1.32515 0.5236259
v 0.448893 1.540536 0.6334294
v 0.4245837 1.455339 0.816348
v 0.255125 1.299605 -0.3077857
v 0.1506127 1.268351 -0.532553
v -0.08637816 1.231431 -0.4867902
v 0.08156557 1.242804 -0.1492362
v 0.1518926 1.225302 -0.05800007
v 0.1759744 1.22532 -0.06031401
v -0.3909676 1.336802 0.3314908
v -0.3974627 1.361539 0.33303
v -0.419742 1.229143 0.4481347
v -0.3501309 1.280736 0.5062993
v 0.4213562 1.476154 0.5812002
v 0.2663057 1.243929 -0.07512726
v 0.2871247 1.281155 -0.1972539
v -0.166315 0.9912742 -0.4662646
v -0.2305084 0.9614096 -0.4024256
v -0.06209752 1.324042 -0.4653572
v 0.1037939 1.240475 -0.09988409
v 0.2127289 1.234099 -0.01794586
v -0.3569112 1.390552 0.3043974
v -0.4472525 1.229947 0.3787301
v -0.4411233 1.226321 0.4479406
v 0.4564001 1.550796 0.6295812
v 0.3811845 1.427734 0.7619973
v 0.404429 1.482318 0.7706761
v 0.4392384 1.474914 0.7666852
v 0.271136 1.253101 -0.09624314
v 0.2916344 1.263713 -0.1028276
v 0.2778457 1.288 -0.2039637
v 0.08088291 1.196369 -0.5752558
v -0.2554937 0.9689704 -0.3343027
v -0.0525361 1.328704 -0.4594923
v -0.002063975 1.31401 -0.3483039
v 0.09708807 1.239506 -0.1129626
v 0.1257439 1.237358 -0.06856499
v -0.408076 1.249295 0.3488407
v -0.4258054 1.237254 0.3572651
v -0.3848498 1.385645 0.3260812
v -0.4287953 1.309583 0.3443094
v -0.4022765 1.189456 0.4510251
v 0.4601119 1.60785 0.7017624
v 0.4409429 1.515531 0.6006522
v 0.4122336 1.465107 0.5798554
v 0.4099512 1.561668 0.700335
v -0.3545633 1.423012 0.3089044
v -0.3428199 1.35107 0.5230303
v 0.2427132 1.306822 -0.337549
v 0.1244022 1.242076 -0.5527686
v -0.08572809 1.060908 -0.5476838
v -0.2141393 1.04399 -0.3408453
v -0.01787303 1.326433 -0.3972372
v -0.01901045 1.326406 -0.3823907
v 0.2494674 1.245136 -0.009328261
v 0.4421107 1.612467 0.713413
v -0.3872396 1.264653 0.3395909
v -0.3734648 1.221357 0.4670088
v -0.3870758 1.200677 0.4582983
v 0.2973332 1.266144 -0.1222255
v 0.2909136 1.279508 -0.151408
v 0.2689004 1.297373 -0.2575063
v 0.07646434 1.192989 -0.5750896
v 0.06522337 1.252344 -0.1636924
v 0.2556234 1.247177 -0.04134972
v 0.3997538 1.538288 0.7242702
v 0.3839337 1.459325 0.7607791
v -0.4082493 1.287989 0.3415926
v -0.4462581 1.200954 0.4105611
v 0.2817504 1.28978 -0.1361534
v 0.2186285 1.303959 -0.4363255
v 0.1244343 1.247484 -0.5503222
v 0.1022255 1.225016 -0.5565374
v 0.04418293 1.171211 -0.5764592
v 0.02058019 1.15209 -0.5805771
v -0.0319093 1.108378 -0.5709093
v -0.07430254 1.068451 -0.5559152
v -0.1764866 0.9857981 -0.4484657
v -0.01253434 1.322262 -0.3662181
v 0.01769474 1.294063 -0.2809697
v 0.4647473 1.58881 0.6524862
v 0.2580622 1.259756 -0.06722844
v 0.2782826 1.270764 -0.06437588
v 0.284392 1.275827 -0.08634008
v -0.1937161 0.967585 -0.4413091
v -0.2665371 0.9252143 -0.382217
v -0.2596968 0.9467472 -0.3519021
v -0.2410873 1.008135 -0.3222361
v -0.166512 1.10615 -0.3872058
v -0.120268 1.18904 -0.4377305
v -0.09092181 1.25167 -0.4667622
v 0.1094851 1.240719 -0.08535892
v 0.1145327 1.244814 -0.06808258
v -0.4160794 1.215893 0.4445692
v -0.3912725 1.237216 0.4662369
v 0.4296204 1.587117 0.7313218
v 0.2830071 1.285439 -0.1499428
v 0.2720521 1.299747 -0.236332
v 0.146618 1.268052 -0.5279719
v -0.1327612 1.017056 -0.5268584
v -0.1907248 1.077476 -0.3658997
v -0.07867543 1.268919 -0.4811732
v -0.07314184 1.310473 -0.4689293
v 0.05713454 1.260219 -0.1845343
v 0.1849708 1.230081 -0.05571582
v 0.2513019 1.238125 -0.009507619
v -0.363958 1.249219 0.4805765
v -0.4097273 1.171391 0.4210923
v 0.4524886 1.615697 0.7041189
v 0.1949722 1.294598 -0.4829597
v -0.2754691 0.9186409 -0.3745744
v -0.3075372 0.9170469 -0.3311427
v -0.3081101 0.9331163 -0.3016948
v 0.1606992 1.251159 -0.04974454
v -0.3510892 1.448913 0.3053044
v 0.3924482 1.438639 0.5618427
v 0.3930435 1.460902 0.5944909
v 0.4041727 1.586498 0.673542
v 0.2450255 1.251421 -0.01441409
v 0.2463409 1.25305 -0.03259138
v 0.2594173 1.302547 -0.2875924
v -0.1209135 1.033859 -0.5308401
v -0.254352 0.9192002 -0.3822812
v -0.03842107 1.323506 -0.4095489
v -0.3649604 1.283222 0.3284943
v -0.3838154 1.377933 0.3276911
v -0.3870889 1.299017 0.3450649
v 0.4600466 1.616151 0.6609344
v 0.4245121 1.488932 0.5590029
v 0.2724181 1.262883 -0.06168915
v 0.2815914 1.284379 -0.1114135
v -0.2907116 0.9111668 -0.3591582
v -0.1794284 1.106973 -0.3685675
v 0.07448201 1.254919 -0.1502737
v -0.3524713 1.339206 0.3025619
v -0.3580323 1.365857 0.3052558
v 0.3996994 1.513411 0.6354572
v 0.4055917 1.617388 0.6874367
v 0.4010122 1.582173 0.7173336
v 0.4158154 1.525507 0.7551072
v -0.3802679 1.222125 0.4549657
v -0.3711775 1.225531 0.4722894
v 0.2401808 1.312578 -0.3272661
v 0.2260002 1.317374 -0.3700618
v 0.2187295 1.307589 -0.4227799
v 0.06689212 1.188266 -0.5760828
v -0.03777841 1.104965 -0.56849
v -0.06306378 1.075598 -0.5602055
v -0.201506 0.9496457 -0.4690036
v -0.07495584 1.286241 -0.477687
v -0.06481855 1.315511 -0.4248384
v -0.0161477 1.310336 -0.3442698
v 0.05894259 1.264937 -0.1695927
v 0.1477999 1.233665 -0.06580947
v 0.4121226 1.474792 0.5515513
v 0.399153 1.588224 0.723838
v 0.3963884 1.557123 0.7405757
v -0.4519915 1.236845 0.3697802
v 0.2372428 1.263725 -0.03698474
v 0.2897284 1.275978 -0.1121001
v -0.1205375 1.039981 -0.527004
v -0.2691416 0.902468 -0.3924292
v -0.3122388 0.9140018 -0.3333769
v -0.1513293 1.148543 -0.3944086
v 0.0329317 1.283684 -0.2308276
v 0.2247733 1.242027 0.001694642
v 0.4193712 1.477083 0.5558014
v 0.3985661 1.46423 0.547633
v 0.4234652 1.659338 0.6969561
v 0.2362341 1.253263 -0.001787707
v 0.2653309 1.275697 -0.03776756
v 0.2772812 1.292397 -0.1856138
v 0.2078696 1.301572 -0.4570421
v 0.1197713 1.245485 -0.5513455
v -0.2245952 0.9427869 -0.4086861
v -0.06438105 1.320131 -0.4454632
v 0.003112152 1.304154 -0.3024234
v 0.04326124 1.274079 -0.1972043
v 0.1187088 1.249916 -0.08145722
v -0.4250436 1.206767 0.3959486
v -0.4182942 1.202289 0.4003394
v -0.3813066 1.202562 0.4410056
v 0.383932 1.564924 0.6500898
v 0.2244966 1.261077 -0.007204875
v 0.2380171 1.268152 -0.03522786
v 0.2521566 1.306922 -0.3000797
v 0.2201484 1.313256 -0.3992808
v 0.1672162 1.283072 -0.510118
v 0.07277728 1.200797 -0.5727155
v -0.2912453 0.9077791 -0.3588862
v -0.2097299 1.068588 -0.3385162
v -0.08441275 1.270827 -0.4580394
v 0.215928 1.254484 0.007594429
v -0.3194646 1.440227 0.2757746
v -0.2984271 1.535877 0.2771969
v -0.3762041 1.2467 0.4728167
v 0.4499999 1.569432 0.6212904
v 0.4087115 1.466798 0.558354
v 0.4003023 1.546414 0.7472662
v -0.3277198 1.484221 0.2935897
v -0.3899362 1.183332 0.4311952
v 0.04282825 1.278166 -0.1880581
v 0.06196576 1.269279 -0.1568113
v 0.1705338 1.250492 -0.03430016
v 0.1876809 1.248053 -0.01150593
v 0.2768853 1.2954 -0.1077114
v 0.2861887 1.305508 -0.1529071
v 0.2764385 1.305686 -0.2107072
v 0.1925158 1.298033 -0.4791667
v 0.1250493 1.253046 -0.5456445
v -0.1144275 1.028721 -0.5396608
v -0.2984493 0.9439744 -0.2969433
v -0.07709837 1.292106 -0.442577
v 0.4141474 1.672825 0.6883129
v -0.315392 1.469223 0.262267
v -0.3975528 1.178368 0.4274534
v -0.382248 1.22255 0.3589521
v 0.2639326 1.284851 -0.03838849
v 0.005316108 1.134438 -0.5732318
v -0.1805118 0.9714673 -0.4921887
v -0.2124415 0.9445214 -0.4388592
v -0.3056531 0.90903 -0.3472427
v -0.323527 0.9168048 -0.3239464
v -0.2624705 1.000018 -0.2947204
v 0.2325411 1.257806 -0.01587031
v 0.4347227 1.501686 0.5788112
v 0.3751742 1.433682 0.5663211
v 0.3773175 1.491421 0.621098
v 0.4008139 1.653391 0.6791322
v -0.3222809 1.500304 0.2908961
v -0.3928214 1.303389 0.3422378
v -0.4031159 1.205544 0.4064833
v -0.175253 0.9717842 -0.5055386
v 0.05526846 1.261248 -0.1757448
v 0.129478 1.251715 -0.07821907
v 0.1986912 1.255489 0.009570144
v 0.4300585 1.529307 0.5808098
v 0.4321023 1.511752 0.5721951
v -0.3943054 1.237373 0.3699962
v -0.3874473 1.188494 0.3799835
v 0.2641842 1.297553 -0.0556031
v 0.2861232 1.311842 -0.1132409
v 0.210839 1.304851 -0.4463444
v 0.1835519 1.292031 -0.4919863
v 0.005522609 1.136258 -0.5717455
v -0.0563757 1.082216 -0.5624718
v -0.2590003 1.016157 -0.285152
v -0.1976047 1.103513 -0.3331846
v -0.1171693 1.21778 -0.4221906
v 0.01318212 1.301817 -0.2720075
v 0.1147116 1.252576 -0.07933329
v 0.137858 1.260169 -0.04802258
v 0.4437295 1.53661 0.5995331
v 0.4214325 1.53318 0.5475293
v 0.4049182 1.661062 0.6796826
v 0.4412307 1.649804 0.6781218
v 0.2708453 1.287538 -0.06365664
v 0.2388678 1.314008 -0.3058033
v 0.209084 1.309199 -0.4382517
v -0.1759154 1.124125 -0.3613584
v -0.07805304 1.301738 -0.4287111
v -0.06347272 1.313501 -0.3983521
v -0.05562366 1.320342 -0.4142588
v -0.04477021 1.321064 -0.4038311
v 0.125845 1.240749 -0.0679697
v 0.08829456 1.264004 -0.09584524
v 0.4487968 1.628626 0.6511896
v 0.3815309 1.509665 0.5169199
v 0.3921217 1.453214 0.5794499
v 0.3715378 1.440997 0.582998
v 0.2511967 1.275893 -0.02403116
v 0.2786838 1.302198 -0.1070298
v 0.1813081 1.29511 -0.4912505
v -0.003213435 1.131956 -0.5752241
v -0.1538417 0.9887239 -0.5244961
v -0.3100496 0.9107262 -0.3429572
v -0.2950389 0.9761556 -0.2707227
v -0.299233 1.521207 0.2442944
v -0.3053184 1.494992 0.2674297
v -0.3465364 1.415731 0.3096562
v -0.3593626 1.238176 0.371924
v 0.4486979 1.601459 0.633834
v -0.3029076 1.487291 0.2097991
v -0.08945099 1.272427 -0.4226942
v -0.07843274 1.300234 -0.4212736
v 0.07810486 1.260727 -0.1276597
v 0.388865 1.512787 0.5171437
v 0.3537965 1.484063 0.5987902
v 0.4050395 1.660433 0.6957704
v -0.3920609 1.27499 0.3554807
v -0.3703963 1.191117 0.3905439
v 0.1558232 1.281738 -0.5116724
v -0.2905394 0.9020604 -0.3596401
v -0.1521536 1.171303 -0.3707419
v 0.09314676 1.259254 -0.08413336
v 0.1428479 1.261459 -0.02977788
v 0.2181187 1.263367 0.001994088
v 0.4262549 1.555561 0.5979271
v 0.4181848 1.589015 0.499382
v 0.3989227 1.519699 0.5178202
v 0.4324036 1.6411 0.6430252
v -0.3675176 1.209146 0.3939045
v -0.3718707 1.199666 0.375712
v 0.2165814 1.274528 -0.0248285
v 0.225171 1.318167 -0.3450387
v 0.2168747 1.319194 -0.3867028
v 0.1997971 1.304645 -0.4620802
v 0.09868302 1.230264 -0.5597542
v -0.3348329 0.9410548 -0.2636493
v -0.3168062 0.987282 -0.230099
v -0.2639663 1.053942 -0.2476967
v -0.0747087 1.306296 -0.4036928
v -0.03061339 1.318516 -0.3723921
v 0.01976798 1.291302 -0.2331455
v 0.09310683 1.255437 -0.08796205
v 0.1481219 1.253407 -0.06012687
v 0.2040761 1.2654 0.007016711
v 0.3587478 1.471014 0.5299714
v -0.3081149 1.430473 0.2226446
v 0.2429348 1.288899 -0.001175769
v 0.2664855 1.301768 -0.06709218
v 0.2772419 1.311589 -0.2008718
v 0.2694944 1.312597 -0.2267079
v 0.1382333 1.264693 -0.532295
v 0.134517 1.26014 -0.5383554
v 0.00907556 1.304532 -0.2837371
v 0.3760558 1.52516 0.5110846
v -0.3087549 1.415315 0.2559749
v -0.3744473 1.23067 0.3758816
v -0.3172124 1.279241 0.3179086
v -0.3112302 1.313027 0.2902399
v 0.2596294 1.315183 -0.2539957
v -0.1596644 0.9810302 -0.5303549
v -0.2713503 0.9062284 -0.3814386
v -0.2520697 1.083721 -0.2327003
v -0.2236863 1.098202 -0.2751121
v 0.02198009 1.292401 -0.2188015
v 0.02859534 1.291328 -0.2019721
v 0.4118522 1.53807 0.5214666
v 0.4098537 1.604424 0.4505158
v 0.4063863 1.549984 0.5110047
v 0.4283719 1.671954 0.6718396
v -0.3609939 1.297944 0.343933
v -0.3371167 1.274602 0.3269966
v -0.3252018 1.315536 0.2966459
v 0.2280365 1.324132 -0.3320633
v 0.2039412 1.309283 -0.4434234
v -0.04567641 1.090659 -0.5658152
v -0.2532355 0.9053692 -0.4247634
v -0.3310711 0.9224074 -0.3011154
v -0.3028336 1.005684 -0.224837
v -0.1600332 1.172627 -0.3360124
v -0.05256965 1.312625 -0.3829211
v -0.03123824 1.30782 -0.3291412
v 0.1728137 1.264755 0.01204343
v 0.4153528 1.551662 0.517207
v 0.3944991 1.576845 0.4880901
v 0.3488114 1.466158 0.5315421
v 0.343956 1.425497 0.5543661
v 0.2285854 1.288084 0.006857775
v 0.2866513 1.312411 -0.1467933
v -0.3565367 0.9392441 -0.2559642
v 0.09975218 1.269785 -0.08934452
v 0.1932611 1.263845 0.009410955
v 0.1875499 1.272665 0.01297711
v -0.3173073 1.350677 0.165138
v -0.3274469 1.321249 0.1348616
v -0.2954675 1.48399 0.2681211
v 0.4212217 1.524607 0.5374594
v 0.3853003 1.586722 0.4777415
v -0.3497166 1.345981 0.3244268
v -0.281923 1.491702 0.2541481
v 0.2555514 1.295068 -0.02307444
v -0.3254072 0.9724297 -0.2345716
v -0.3022472 1.032341 -0.2063039
v -0.1864944 1.14319 -0.3135066
v 0.02499244 1.288297 -0.2212192
v 0.06450019 1.273942 -0.1158865
v 0.3589724 1.473515 0.6037635
v 0.4218432 1.567517 0.6054893
v -0.3165 1.348864 0.265942
v -0.3146619 1.422375 0.1746862
v -0.2934629 1.525975 0.245177
v 0.334036 1.48457 0.2237907
v 0.1915719 1.302153 -0.4722745
v 0.0177328 1.14862 -0.5750731
v -0.1076092 1.025329 -0.5477383
v -0.3300653 0.8992059 -0.3294424
v 0.000366807 1.30072 -0.2654695
v 0.02916005 1.289577 -0.2104918
v 0.2772733 1.316093 -0.183615
v 0.2146791 1.325251 -0.3744994
v -0.1336787 1.003167 -0.5381615
v -0.3823225 0.9497821 -0.2159646
v -0.1933535 1.146943 -0.2834893
v -0.06632908 1.30452 -0.3732108
v -0.300033 1.508202 0.2207173
v -0.2880484 1.506775 0.2506156
v -0.3655274 1.200733 0.3931944
v 0.347356 1.491065 0.2380573
v 0.411357 1.538695 0.5522243
v 0.3682442 1.587813 0.4811274
v 0.2058521 1.281851 -0.003060088
v 0.2509685 1.315838 -0.03223931
v 0.2774274 1.31767 -0.07421755
v 0.1706457 1.291178 -0.5010794
v -0.3316342 0.8715757 -0.3539066
v -0.3482489 0.9094136 -0.3070523
v -0.08242951 1.293128 -0.3935334
v -0.009919979 1.304657 -0.2951839
v -0.3160668 1.400534 0.1713807
v -0.3424132 1.312712 0.1104486
v -0.3446218 1.274004 0.345217
v -0.336172 1.247434 0.3551777
v 0.3184437 1.486319 0.2367958
v 0.2507343 1.310362 -0.0301033
v -0.04837605 1.088656 -0.5606638
v -0.1050612 1.02571 -0.5481603
v -0.1793746 0.9663177 -0.5196246
v -0.1031335 1.253059 -0.4126179
v -0.1053156 1.254682 -0.3783142
v -0.08947955 1.277658 -0.3872472
v 0.0581732 1.273865 -0.1377309
v 0.09201862 1.271764 -0.07010803
v -0.2771604 1.400521 0.2790519
v 0.3636066 1.536454 0.6101907
v 0.4165958 1.608648 0.4643917
v 0.3791887 1.615181 0.4269472
v 0.402543 1.601424 0.4420586
v 0.3930443 1.608564 0.4271328
v -0.3176572 1.371291 0.3120162
v -0.3313046 1.26471 0.3460231
v -0.3179206 1.270595 0.3262572
v 0.3578828 1.498701 0.2450431
v 0.3050072 1.467639 0.1946547
v 0.3163751 1.494218 0.2396874
v 0.1926037 1.280706 -0.006969951
v 0.2300202 1.316306 0.01330362
v 0.2697788 1.330542 -0.2035341
v 0.05757945 1.187657 -0.574584
v -0.0522088 1.083225 -0.5600517
v -0.3799306 0.9181854 -0.2760465
v -0.07392211 1.301024 -0.3722219
v 0.153051 1.267881 0.00714191
v 0.4213436 1.532586 0.5400336
v 0.4174202 1.620158 0.4488869
v 0.3666743 1.547106 0.6064147
v 0.3887499 1.593626 0.6219528
v 0.3877227 1.540014 0.5599329
v 0.2084661 1.322874 -0.4017434
v 0.1986477 1.311335 -0.4463435
v -0.4022161 0.9419059 -0.2323658
v -0.386341 0.9387674 -0.2378868
v -0.3230825 1.006999 -0.1976045
v -0.2811998 1.059437 -0.2036477
v -0.04019099 1.308682 -0.351339
v 0.09512579 1.261107 -0.09028675
v 0.1371985 1.27691 0.02214802
v -0.3503563 1.19284 0.07071538
v -0.3443913 1.323004 0.1053497
v -0.3042231 1.44175 0.1643881
v 0.3105852 1.492745 0.2343462
v -0.3407808 1.201281 0.07506421
v -0.3191227 1.306756 0.1475453
v 0.4029142 1.574132 0.6047218
v 0.4152769 1.539276 0.5442441
v 0.4208304 1.615553 0.495159
v 0.4040831 1.608629 0.4002461
v 0.3752518 1.593479 0.3865795
v -0.3688484 0.8932508 -0.3110873
v -0.01917584 1.304994 -0.3114358
v 0.001650803 1.296953 -0.2304158
v 0.05411845 1.275033 -0.1509562
v 0.3210137 1.490347 0.2297173
v -0.2760623 1.486436 0.215277
v -0.2983615 1.301291 0.3115952
v 0.3628187 1.502062 0.2456775
v 0.3501009 1.486571 0.2097881
v 0.3557521 1.555977 0.5043476
v 0.4211606 1.612205 0.4868872
v 0.2694745 1.320409 -0.05131751
v -0.3699785 0.9641123 -0.1998834
v -0.3061536 1.056868 -0.1696291
v -0.2356747 1.104043 -0.2341629
v 0.08110759 1.264735 -0.09191606
v 0.3110124 1.507228 0.2574275
v 0.3068902 1.508698 0.2577396
v -0.3169379 1.269946 0.1286626
v -0.3786011 1.153274 0.04707655
v -0.3282142 1.278206 0.3380337
v 0.3301788 1.47569 0.1942073
v 0.3366543 1.440995 0.543897
v 0.3360499 1.483232 0.5524515
v 0.3576631 1.511014 0.5804212
v 0.3721294 1.526348 0.5716066
v 0.4188824 1.616825 0.4990228
v 0.2738247 1.326635 -0.05782364
v 0.2660587 1.343961 -0.01975251
v 0.2780667 1.327675 -0.08067176
v 0.2768812 1.327858 -0.1284627
v 0.1353559 1.266462 -0.5303285
v -0.3664262 1.008505 -0.1409945
v -0.08779646 1.281435 -0.3496947
v -0.3315229 1.207857 0.07983926
v -0.3574458 1.225139 0.07839231
v -0.3329381 1.369413 0.1229954
v -0.3200408 1.407299 0.145197
v -0.2685238 1.344682 0.2645621
v -0.2967157 1.305723 0.2924766
v 0.3651367 1.621703 0.4341193
v 0.4200414 1.62132 0.470138
v 0.4115866 1.610873 0.4273116
v 0.1621697 1.307959 0.03438677
v 0.2279146 1.309622 0.02320589
v 0.2699727 1.338212 -0.06554087
v 0.2386029 1.325228 -0.2955725
v 0.2341311 1.337967 -0.2870818
v 0.2134716 1.330695 -0.3630483
v 0.1951094 1.310566 -0.4484413
v 0.1749198 1.298727 -0.4862971
v -0.07557232 1.058181 -0.553075
v -0.121175 1.011122 -0.5461968
v -0.1491348 0.9917817 -0.5440192
v -0.1904435 0.9569846 -0.5118533
v -0.2293839 0.9199665 -0.4929644
v -0.4082972 0.9612247 -0.1925278
v -0.2738609 1.087595 -0.1744455
v -0.05467895 1.29685 -0.3241788
v 0.05929066 1.278025 -0.1147035
v 0.1586314 1.273839 0.02047223
v 0.3110496 1.504429 0.2471505
v 0.3413041 1.480949 0.2025555
v 0.3031145 1.441247 0.146956
v 0.1764471 1.291433 0.005208038
v 0.2106125 1.305493 0.03159262
v 0.2528502 1.325707 -0.02697611
v 0.1809734 1.303136 -0.4760725
v 0.1220194 1.254024 -0.5432931
v -0.2502794 0.9007695 -0.4671924
v 0.03425836 1.286984 -0.1658864
v 0.07066568 1.275097 -0.1097796
v -0.3303963 1.37298 0.1180121
v -0.2863885 1.408902 0.2863032
v -0.2944108 1.347645 0.2410673
v 0.3566286 1.591088 0.3748267
v 0.3338755 1.508709 0.5380461
v 0.4015932 1.544754 0.5638295
v 0.4244562 1.631734 0.4350744
v 0.2665889 1.337632 -0.02466796
v 0.2610293 1.334758 -0.2219438
v 0.2024389 1.316486 -0.42369
v 0.1672138 1.289652 -0.496776
v 0.001777992 1.133736 -0.572381
v -0.226081 0.9300195 -0.5124336
v -0.3583726 0.8846302 -0.32614
v -0.1834306 1.162938 -0.2799115
v 0.006505109 1.295974 -0.2238114
v 0.06101806 1.278145 -0.1084573
v 0.3016028 1.490206 0.2193673
v -0.2793269 1.337982 0.2255881
v 0.3655533 1.499947 0.2303284
v 0.3150233 1.474702 0.1983005
v -0.33933 1.035742 -0.1432641
v 0.3537655 1.603724 0.3907278
v 0.3561063 1.648794 0.4638213
v 0.4175378 1.619595 0.4066594
v 0.3904494 1.593064 0.3756829
v 0.1589942 1.288804 0.008717127
v 0.2550622 1.323702 -0.2489124
v 0.2273279 1.328307 -0.3206829
v -0.2469904 0.9141059 -0.5106686
v -0.3997212 0.9687406 -0.1819227
v 0.2972261 1.476293 0.2023714
v 0.3101429 1.518373 0.2657422
v -0.2908555 1.281646 0.1291806
v -0.2901062 1.471877 0.1865654
v -0.2756432 1.46892 0.2619743
v -0.09906843 1.261437 -0.3568088
v -0.06263199 1.304711 -0.3630121
v -0.03846695 1.300792 -0.3212305
v 0.05084299 1.281727 -0.119678
v 0.04555039 1.28714 -0.1240564
v 0.09301991 1.276191 -0.05272471
v 0.1517275 1.297845 0.01854191
v 0.2236378 1.326533 0.02787267
v 0.2571337 1.358085 0.009619482
v 0.2613223 1.346794 -0.1076069
v -0.1500208 0.991467 -0.5535848
v 0.2409358 1.32985 -0.006751753
v 0.2485095 1.343116 -0.002228372
v -0.09761959 1.031875 -0.5475855
v -0.4156089 0.9659927 -0.2028749
v -0.3814672 1.159856 0.0430972
v -0.3809275 1.192877 0.0425172
v -0.3564281 1.292015 0.07656303
v -0.2910687 1.322417 0.2759475
v -0.3217507 1.067311 -0.125373
v -0.3014869 1.079229 -0.1429978
v -0.07740802 1.291239 -0.3374202
v 0.005129255 1.297869 -0.2369447
v 0.2956681 1.495109 0.2124307
v 0.4143324 1.605143 0.5130236
v 0.309776 1.515988 0.2559052
v 0.3017263 1.510727 0.2430594
v 0.358918 1.488886 0.1991765
v 0.3391086 1.464496 0.1668772
v 0.3228004 1.463127 0.1615426
v -0.3879156 1.154521 0.03407632
v -0.3098393 1.393073 0.1304903
v -0.2518929 1.432582 0.2334051
v -0.2679918 1.370766 0.2658484
v -0.2473766 1.110674 -0.1950738
v -0.02553458 1.298798 -0.2891067
v 0.05587226 1.27835 -0.1162744
v 0.2079501 1.300867 0.02700114
v 0.2678846 1.338588 -0.1258371
v -0.1083468 1.02046 -0.5452591
v -0.1431241 0.9958411 -0.5463133
v -0.3900031 0.9138056 -0.2843387
v 0.2732055 1.466269 0.1785593
v 0.2988941 1.520014 0.2558063
v 0.3304866 1.421992 0.5499471
v 0.4088468 1.619397 0.5124963
v 0.388101 1.565666 0.3282798
v 0.1413693 1.276292 -0.5191244
v 0.1285263 1.265931 -0.5323752
v 0.09455589 1.230859 -0.558306
v 0.05628407 1.188855 -0.5745083
v -0.0525392 1.080538 -0.5630682
v -0.4012704 0.9421567 -0.2574012
v -0.1685891 1.190239 -0.2624397
v -0.03431593 1.301881 -0.3162844
v 0.01851961 1.292329 -0.1969047
v 0.07461151 1.273926 -0.08505598
v 0.1174213 1.276375 0.01340874
v 0.148984 1.290708 0.01617657
v -0.3738936 1.116389 0.03502171
v -0.331149 1.358607 0.1076235
v -0.2543348 1.457 0.2295381
v -0.2819291 1.338135 0.2947007
v 0.359988 1.629042 0.4377339
v 0.3935033 1.587208 0.535867
v 0.4047564 1.592389 0.3647101
v 0.348847 1.473914 0.1810692
v 0.3063309 1.430448 0.12854
v 0.1901682 1.304907 -0.4641556
v -0.4151363 0.9814067 -0.1594555
v -0.3746103 1.032012 -0.1163107
v -0.003994174 1.30364 -0.2725741
v -0.3690727 1.041515 -0.006270215
v -0.3331998 1.155835 0.04527123
v -0.4087005 0.9730389 -0.1345095
v 0.3472784 1.589248 0.3685606
v 0.3500072 1.549139 0.5487999
v -0.3827633 0.9684814 -0.1213898
v 0.2582269 1.424695 0.1235132
v 0.260459 1.443722 0.1507706
v 0.3040643 1.522952 0.2723785
v 0.2679547 1.337813 -0.1792337
v 0.02495395 1.158174 -0.5785242
v -0.185414 0.9677702 -0.5446249
v -0.3235043 1.083553 -0.1044769
v -0.2230687 1.141319 -0.1965866
v 0.233022 1.346387 0.01457559
v -0.360767 1.269128 0.0609424
v -0.2705581 1.476123 0.2112127
v -0.3522962 1.076555 0.008734643
v 0.3072458 1.425408 0.1113815
v 0.2955352 1.432031 0.1221124
v 0.3484439 1.636926 0.4186752
v 0.3908739 1.5616 0.3180218
v 0.2689422 1.457428 0.1721614
v 0.2631641 1.360375 -0.001966737
v 0.2663076 1.349492 -0.06281833
v -0.0203207 1.11545 -0.5719248
v -0.1444973 0.9960988 -0.5521795
v -0.2039402 0.9516691 -0.5321043
v -0.3079451 0.8635466 -0.3981228
v -0.4138907 0.9647368 -0.2638024
v -0.2861617 1.093316 -0.1388519
v -0.1084923 1.251201 -0.3351355
v 0.04653979 1.283214 -0.1239494
v 0.03663038 1.283848 -0.07969638
v 0.1008033 1.282442 0.01868404
v 0.2946309 1.483043 0.2002379
v 0.2815079 1.485883 0.1890426
v 0.2998083 1.543792 0.2920288
v -0.3768157 1.069149 0.01356021
v -0.3046191 1.202701 0.0687118
v 0.3818753 1.52198 0.2574589
v 0.3128967 1.425554 0.1087274
v 0.3421161 1.573854 0.5147867
v 0.355929 1.539973 0.552331
v 0.424926 1.645701 0.4518858
v 0.3151014 1.459085 0.1596184
v 0.3178357 1.445001 0.1310237
v 0.2695038 1.367893 -0.02058869
v 0.2603106 1.347641 -0.1395514
v -0.3601795 0.9077612 -0.3858351
v -0.3897853 1.036903 -0.00281167
v -0.4043906 1.064883 -0.0005567074
v -0.263531 1.337837 0.2014659
v -0.3171094 1.201573 0.07275248
v -0.3269638 1.128274 0.02401833
v -0.3128562 1.089641 -0.1073449
v -0.3108245 1.094 -0.09998804
v -0.00104627 1.298414 -0.2063067
v 0.09420365 1.27627 -0.02654021
v 0.2165294 1.310243 0.03577456
v 0.3111696 1.558404 0.3193076
v 0.3375278 1.616405 0.3864164
v 0.4182166 1.648444 0.4798253
v 0.2631096 1.34647 -0.1896529
v 0.2018757 1.322003 -0.4063538
v -0.3746363 1.019039 -0.02988543
v -0.3926952 1.075437 0.01695004
v -0.3702618 1.219334 0.03943434
v -0.3376296 1.092256 -0.09084503
v -0.1974114 1.165966 -0.2095323
v -0.1273676 1.22897 -0.3310743
v -0.009331778 1.298457 -0.2372336
v 0.1196679 1.287361 0.03637802
v 0.2087733 1.323896 0.04387514
v 0.3492777 1.660597 0.4671608
v 0.3432413 1.671444 0.4639268
v 0.3431091 1.586676 0.5354519
v 0.3623849 1.625635 0.5241625
v 0.4217173 1.626732 0.4041881
v 0.3856435 1.53114 0.2655565
v 0.3248369 1.454583 0.1437512
v 0.2906994 1.423542 0.1033449
v -0.3913449 0.9529719 -0.1541196
v 0.2602519 1.356103 -0.1008993
v 0.1905365 1.311638 -0.454157
v 0.1103088 1.254506 -0.5431154
v -0.03363286 1.103717 -0.5729294
v -0.3844322 0.9330293 -0.336746
v -0.4118184 0.9753484 -0.1410908
v -0.4034531 1.056684 0.001407862
v -0.3890142 1.148927 0.01828344
v -0.3527811 1.273993 0.05914485
v -0.3340165 1.313422 0.08124888
v -0.3006679 1.359524 0.1093905
v -0.2566551 1.408205 0.2465278
v -0.08343614 1.275647 -0.2864012
v 0.06465178 1.278792 -0.07194653
v 0.2571412 1.373055 0.03268822
v 0.3909101 1.649608 0.5064493
v 0.4053967 1.587489 0.3505201
v 0.3920939 1.560688 0.3099259
v 0.3054714 1.416556 0.09208647
v 0.2872278 1.410119 0.07162093
v -0.3657323 0.9778397 -0.1038349
v -0.1190278 1.015412 -0.5448788
v -0.1624096 0.9968507 -0.5634357
v -0.3319903 0.889811 -0.4324564
v -0.3648337 0.9203303 -0.3930226
v -0.4010272 1.012061 -0.03103711
v -0.3101427 1.368148 0.1166325
v -0.2719709 1.311635 0.1583227
v -0.2853149 1.268238 0.1131214
v -0.007471263 1.297656 -0.2456732
v 0.04332483 1.28435 -0.1367656
v 0.02745107 1.288432 -0.1362554
v 0.1262534 1.289331 0.03442736
v 0.1406623 1.311747 0.0437821
v 0.1822508 1.336819 0.07076409
v 0.3435143 1.636794 0.510759
v 0.4200578 1.640812 0.4208349
v 0.4097843 1.603721 0.3620836
v 0.3745241 1.506682 0.2140548
v 0.3299421 1.448442 0.126928
v -0.3746776 0.9750229 -0.1080065
v 0.261934 1.345175 -0.207309
v 0.2542452 1.343134 -0.2286802
v -0.2903592 1.22713 0.0784297
v -0.3358773 1.102901 -0.07110866
v -0.04467272 1.295786 -0.2960334
v -0.02749377 1.296874 -0.2673792
v 0.01317547 1.29609 -0.2016711
v 0.2759573 1.478355 0.1790305
v 0.4166634 1.656383 0.4401049
v 0.4221515 1.633119 0.4094812
v 0.3734435 1.495277 0.1893087
v 0.3457217 1.450447 0.1187689
v 0.3221143 1.442985 0.1176832
v 0.2578482 1.353691 -0.1406186
v 0.2251468 1.333639 -0.3193136
v -0.2897224 0.9057959 -0.4926162
v -0.415233 0.959269 -0.1758518
v -0.2538834 1.364075 0.1825202
v -0.28585 1.227513 0.06721351
v -0.3857199 1.01283 -0.04328279
v -0.3089052 1.110928 -0.06776521
v -0.281297 1.111357 -0.108994
v -0.02172242 1.29844 -0.2601706
v 0.08647229 1.289024 0.03419729
v -0.3817789 0.966486 -0.1315135
v 0.3727403 1.630834 0.5218229
v 0.379155 1.653716 0.5133274
v 0.4103628 1.672739 0.4789084
v 0.3939237 1.561794 0.2954788
v 0.3819341 1.541769 0.2725271
v 0.268278 1.362514 -0.05686197
v 0.142277 1.285594 -0.513754
v -0.4210429 0.927886 -0.2140234
v -0.4144676 0.9341003 -0.2127889
v -0.4124125 0.9445797 -0.1946927
v -0.4121994 0.9999743 -0.04364768
v -0.255943 1.370852 0.2362086
v -0.3205339 1.105814 -0.06454574
v -0.3758485 0.9692198 -0.1212378
v -0.1043354 1.256921 -0.3057448
v -0.09521393 1.270433 -0.3033352
v 0.02869223 1.290156 -0.1367112
v 0.07074697 1.28464 0.01175317
v 0.2073017 1.352451 0.04096552
v 0.2345548 1.358682 0.02276363
v 0.2439087 1.385968 0.0540635
v 0.283118 1.50525 0.2182985
v 0.2915671 1.515929 0.2390355
v 0.3487989 1.460634 0.1535737
v -0.2140807 0.9504694 -0.5410594
v -0.2828898 0.8895633 -0.4834722
v -0.3193854 0.8866075 -0.4447528
v -0.4104314 1.030308 -0.02193657
v -0.3435131 1.101128 -0.07940084
v -0.3459252 1.093113 -0.06706919
v -0.08110828 1.273825 -0.2689427
v 0.0248673 1.291495 -0.1445578
v 0.0616031 1.282923 -0.06297802
v 0.1713499 1.33141 0.07075507
v 0.2602434 1.467456 0.1680639
v 0.3075154 1.572805 0.3266245
v 0.3854596 1.528806 0.2491278
v 0.3560826 1.473123 0.1700349
v -0.4166779 0.9909554 -0.1108909
v -0.337629 1.256506 0.0443747
v -0.2770776 1.350008 0.1159623
v -0.3591847 0.9879762 -0.1008635
v -0.06200449 1.290726 -0.2966546
v 0.01747869 1.296012 -0.1849169
v 0.3381284 1.63779 0.408622
v 0.3789946 1.515312 0.2438571
v 0.2039525 1.329099 -0.3939961
v 0.06274605 1.202517 -0.5710644
v -0.1322168 1.005536 -0.5471565
v -0.2752591 0.9561644 -0.5388436
v -0.07347944 1.06056 -0.5632238
v -0.3468431 0.9550637 -0.4701812
v -0.4189237 1.009057 -0.06710728
v -0.2988572 1.181617 0.03795978
v -0.3914414 0.9623505 -0.1459372
v -0.3973836 0.9557108 -0.1630815
v -0.4102005 0.9518631 -0.1558008
v -0.3271741 1.100942 -0.06302718
v -0.2171349 1.161313 -0.1655663
v 0.03042033 1.287173 -0.12818
v 0.02901819 1.287521 -0.106056
v 0.05325526 1.283033 -0.04388866
v 0.1115042 1.301771 0.03093636
v 0.1626538 1.325366 0.06586507
v 0.2571888 1.455001 0.1585364
v 0.2485399 1.468253 0.1578517
v 0.3331021 1.634336 0.3980696
v 0.263405 1.35583 -0.194733
v 0.2111231 1.336484 -0.3616188
v 0.1968429 1.319379 -0.4337206
v 0.1646691 1.29608 -0.4962848
v 0.04608278 1.185204 -0.5738982
v -0.2205037 0.9704078 -0.5589746
v -0.3958254 0.9574838 -0.3480915
v -0.3567461 1.205124 0.01872763
v -0.2825172 1.376426 0.1266782
v -0.2886047 1.214971 0.0474222
v -0.3751612 1.067186 -0.119093
v -0.3844432 0.9651902 -0.1394242
v -0.3888279 0.999544 -0.1121411
v -0.3682713 1.040816 -0.08531258
v -0.3518243 1.069098 -0.07749261
v -0.1135164 1.25359 -0.2912673
v -0.06298965 1.283815 -0.2696593
v 0.1240387 1.306343 0.03469278
v 0.2389398 1.40005 0.06945167
v 0.3975748 1.67794 0.4339057
v 0.402194 1.672547 0.4357783
v 0.3617542 1.47152 0.1571598
v 0.3086986 1.412436 0.07089767
v 0.2741224 1.379298 -0.03953471
v 0.2561284 1.358563 -0.1170922
v 0.2550109 1.36467 -0.1425516
v -0.1050634 1.026872 -0.5519352
v -0.2061588 0.9810984 -0.5637959
v -0.4253177 0.9226545 -0.2438289
v -0.4193802 0.9213696 -0.2448807
v -0.3110562 1.152546 0.02866995
v -0.3806825 0.9682413 -0.1339233
v -0.3999212 0.9563722 -0.1649719
v -0.2807536 1.123855 -0.08794718
v -0.1580146 1.207607 -0.2372324
v -0.08818737 1.275929 -0.2975248
v 0.3637342 1.671023 0.4147789
v 0.3315239 1.443491 0.1022921
v 0.2918875 1.407174 0.04866996
v -0.2894804 0.9746164 -0.535624
v -0.4164628 0.9355103 -0.2189153
v -0.3947751 1.104914 -0.003134444
v -0.2637099 1.339031 0.1320993
v 0.1038484 1.288805 0.03824528
v 0.08683957 1.311299 0.05770458
v 0.2011327 1.359455 0.05228195
v 0.2341774 1.379871 0.04749143
v 0.240014 1.417905 0.0956035
v 0.2799957 1.520631 0.2357425
v 0.3557846 1.663581 0.5002829
v 0.4027619 1.643638 0.3983116
v 0.406378 1.612443 0.360532
v 0.3907815 1.550551 0.2764884
v 0.3165794 1.416881 0.07719372
v -0.3697167 1.094217 -0.100402
v -0.3551417 1.107674 -0.06640668
v -0.3723356 1.094723 -0.08058887
v -0.3334094 1.109086 -0.06193022
v 0.2776009 1.383622 -0.003847107
v 0.2528843 1.351477 -0.226413
v -0.3791477 1.154243 0.0098885
v -0.1124943 1.250973 -0.2483548
v -0.01737942 1.296191 -0.2255196
v -0.01059864 1.295667 -0.1930569
v 0.1599218 1.342905 0.08393312
v 0.2473074 1.459909 0.1524401
v 0.3343222 1.645517 0.4026722
v 0.3510607 1.691607 0.4573857
v 0.3201377 1.416553 0.0572525
v 0.1942106 1.321858 -0.4384449
v -0.1757383 0.9960229 -0.5680957
v -0.3148657 1.020278 -0.5095661
v -0.4418771 0.986515 -0.1910151
v -0.4361914 0.9421453 -0.2212611
v -0.4190867 0.9539237 -0.1897317
v -0.4076785 1.054454 -0.01478
v -0.296409 1.209637 0.02905606
v -0.3256483 1.087666 -0.01132217
v -0.4018704 0.9650445 -0.1461893
v -0.4039507 0.958205 -0.1566898
v -0.397764 0.9940426 -0.1227209
v -0.3483918 1.063888 -0.07850653
v -0.1255705 1.239697 -0.2396569
v -0.1006134 1.264336 -0.2768779
v 0.1081459 1.324207 0.07189953
v 0.1895847 1.342927 0.0662208
v 0.2671362 1.479098 0.1718104
v 0.2696797 1.488619 0.1796654
v 0.2903608 1.544273 0.2752423
v 0.4017439 1.588766 0.3267009
v 0.3900255 1.537988 0.2567524
v 0.3844429 1.526412 0.232466
v -0.1695352 0.9944813 -0.5644142
v -0.4188554 0.9938897 -0.1078932
v -0.4238027 1.006158 -0.0999516
v -0.4103767 1.043784 -0.04001045
v -0.2863833 1.275665 0.06841999
v -0.3500625 1.017903 -0.07699595
v -0.377856 1.028108 -0.09079593
v -0.3179533 1.106793 -0.06360938
v -0.2965832 1.120948 -0.06396241
v -0.1858008 1.187949 -0.1873203
v -0.0412181 1.293924 -0.2622776
v 0.002838567 1.296686 -0.185861
v 0.0152532 1.293917 -0.1595145
v 0.08628017 1.301434 0.05253337
v 0.1725906 1.354017 0.08599163
v 0.2077106 1.375958 0.05622182
v 0.3958385 1.57154 0.2988459
v 0.1862296 1.316269 -0.454679
v 0.1580469 1.296668 -0.4967149
v -0.2965685 1.010856 -0.5373574
v -0.379401 1.054103 -0.1806376
v -0.4362281 0.9425341 -0.2365105
v -0.322318 1.25521 0.04093835
v -0.3203068 1.099286 -0.01589867
v -0.3478632 1.025178 -0.06487848
v -0.3450925 1.013371 -0.0866572
v -0.1519571 1.221015 -0.2025339
v 0.01230021 1.291626 -0.1340084
v 0.402969 1.626236 0.372435
v 0.3292819 1.441752 0.0814179
v 0.3116788 1.410721 0.04412188
v -0.3778845 0.9731522 -0.1312486
v -0.09569485 1.265088 -0.2361877
v -0.0547569 1.287739 -0.2615916
v 0.07329802 1.287206 0.02685487
v 0.2794807 1.538233 0.2536509
v 0.3102424 1.590942 0.3392175
v 0.3109337 1.599095 0.3328614
v 0.3647611 1.473109 0.1475433
v 0.2263263 1.34595 -0.292692
v 0.1735848 1.310004 -0.4745339
v -0.194444 0.981589 -0.5628922
v -0.2579969 1.029444 -0.5882173
v -0.4444672 0.9835105 -0.2098494
v -0.4254583 0.9138727 -0.2752292
v -0.4002022 1.06881 -0.03475192
v -0.3822254 1.113693 -0.01583138
v -0.3914061 0.9645314 -0.1388964
v -0.353382 1.060107 -0.07901116
v -0.03558346 1.292221 -0.2409711
v -0.03242832 1.291041 -0.2270711
v 0.1439567 1.337219 0.08034978
v 0.2204979 1.394558 0.06548962
v 0.3542664 1.680809 0.4308894
v 0.3804035 1.50986 0.2023481
v 0.2572827 1.369169 -0.1014697
v 0.2585302 1.352891 -0.2141135
v 0.207583 1.340722 -0.363326
v 0.2038925 1.343476 -0.367676
v 0.1134531 1.265658 -0.5350803
v 0.02201304 1.16258 -0.5751413
v -0.1407015 0.9994856 -0.5508522
v -0.3501759 0.9983304 -0.4450908
v -0.381313 1.09314 -0.08632694
v -0.3151374 1.120419 -0.01424816
v -0.3747342 0.9818108 -0.123308
v -0.3304059 1.08198 -0.06675107
v -0.3032224 1.118061 -0.06019122
v -0.2243242 1.160972 -0.136322
v -0.03384728 1.29025 -0.2157968
v 0.008872598 1.293012 -0.1419665
v 0.08794627 1.298489 0.05413438
v 0.2704286 1.507186 0.2018012
v 0.3798652 1.685376 0.4393374
v 0.3964108 1.568405 0.2819763
v 0.393117 1.549634 0.2649762
v 0.3735538 1.487736 0.1620664
v 0.2550218 1.360236 -0.2198155
v 0.2035053 1.336172 -0.3872857
v 0.1478573 1.298736 -0.5017007
v -0.05065031 1.086911 -0.5719499
v -0.20274 1.066775 -0.6011059
v -0.4208006 0.8974965 -0.2767901
v -0.4275949 0.9182864 -0.2469743
v -0.4171831 1.025293 -0.07029137
v -0.3055893 1.254074 0.04190971
v -0.2578519 1.138127 -0.09762749
v -1.396239E-05 1.292013 -0.1505246
v 0.03007591 1.286021 -0.06312096
v 0.03942306 1.286119 0.01591545
v 0.3371778 1.651078 0.4000262
v 0.3878629 1.659581 0.4032219
v 0.318646 1.416729 0.01349699
v 0.302849 1.408925 0.02511495
v 0.2669986 1.373539 -0.06712444
v 0.2607047 1.377581 -0.09178856
v 0.1914547 1.326206 -0.4318306
v 0.1280178 1.274072 -0.5245172
v -0.1428089 1.024333 -0.5765023
v -0.154313 1.109762 -0.5981157
v -0.2113289 1.028969 -0.5991489
v -0.4276629 0.8897229 -0.3045072
v -0.3398237 1.214244 0.01759279
v -0.3185845 1.116605 -0.02456555
v -0.3501155 1.005084 -0.09359927
v -0.2839439 1.135521 -0.06088563
v -0.1275558 1.241445 -0.2062969
v -0.108552 1.254674 -0.2292184
v -0.05165754 1.284739 -0.237618
v 0.07655531 1.305297 0.05811248
v -0.3769065 1.040276 -0.2553409
v 0.2937533 1.565176 0.2933742
v 0.3429173 1.65146 0.3886426
v 0.3877271 1.540455 0.2382639
v -0.1660064 1.059673 -0.592103
v -0.3364746 1.054796 -0.06012689
v -0.3450134 1.022052 -0.08344191
v -0.2770407 1.133209 -0.07788523
v 0.06775662 1.296306 0.06145431
v 0.1552549 1.360139 0.0945157
v 0.1713011 1.368981 0.09029761
v 0.2283772 1.461285 0.1407138
v 0.2614088 1.491115 0.1745356
v 0.373192 1.629278 0.3519007
v 0.3935539 1.634626 0.3710575
v 0.3936708 1.599221 0.3181556
v 0.3970679 1.58823 0.3100105
v 0.379178 1.498291 0.1665709
v 0.2949744 1.404917 0.00103125
v 0.2619845 1.364221 -0.1899168
v -0.1008944 1.03528 -0.5591705
v -0.1980691 1.19465 -0.572866
v -0.4223744 1.016167 -0.1040118
v -0.4035033 0.9826624 -0.1327668
v -0.3434486 1.06896 -0.07180072
v -0.2854799 1.135965 -0.05772803
v -0.0117771 1.297209 -0.2159915
v -0.02812482 1.291276 -0.1846694
v 0.1898943 1.376455 0.0700824
v 0.266721 1.533957 0.2234342
v 0.3260083 1.620709 0.35287
v 0.3510429 1.647905 0.3802991
v 0.380969 1.619156 0.3365833
v 0.3841721 1.513815 0.1848873
v 0.35541 1.460745 0.1383986
v 0.3588728 1.463616 0.1032869
v 0.254654 1.372983 -0.147515
v 0.2630554 1.378736 -0.1882512
v -0.2278886 0.9872781 -0.5730032
v -0.437806 0.9576457 -0.2478176
v -0.4267761 0.967441 -0.1760973
v -0.3846135 0.9764577 -0.1330469
v -0.395772 0.9741703 -0.1310165
v -0.2637071 1.149682 -0.07270023
v -0.2273017 1.167606 -0.1120319
v -0.1919371 1.191679 -0.1478577
v 0.206509 1.403518 0.07770355
v 0.226368 1.448153 0.1277417
v 0.2550708 1.488168 0.1628203
v 0.2792689 1.548362 0.2590072
v 0.3870414 1.525637 0.2068834
v 0.3240346 1.423058 0.04099773
v 0.282272 1.393668 -0.02824397
v 0.2163804 1.34577 -0.3268892
v -0.203423 1.128122 -0.5960968
v -0.3454243 1.031766 -0.3771991
v -0.3739537 1.064289 -0.2082351
v 0.2556301 1.480333 0.1615897
v 0.3607104 1.640923 0.3696293
v 0.2082051 1.351078 -0.3454437
v -0.3217281 1.127761 -0.02958763
v -0.3759312 0.9912311 -0.1205439
v -0.388047 1.019808 -0.10795
v -0.04105461 1.287738 -0.212645
v 0.3877928 1.609245 0.3256519
v 0.2975641 1.409906 -0.0002342816
v -0.02029192 1.118727 -0.5797859
v -0.07826392 1.059754 -0.5702097
v -0.1272556 1.017134 -0.554684
v -0.1438992 1.03322 -0.5814839
v -0.2687157 1.094625 -0.5523341
v -0.3947943 1.067641 -0.1946478
v -0.4436043 0.9996688 -0.2205449
v -0.4293818 0.9624174 -0.1956722
v -0.4078627 1.044323 -0.06603059
v -0.3918322 1.059417 -0.06934649
v -0.3633088 1.150741 -0.009899855
v -0.3501813 1.14778 -0.02361822
v -0.3273968 1.139048 -0.03034472
v -0.3487911 1.032811 -0.08706722
v -0.2968804 1.121129 -0.05485187
v -0.0046179 1.292886 -0.1661404
v 0.01008318 1.287112 -0.07638127
v 0.02371046 1.288008 -0.02944374
v 0.06399135 1.303504 0.07217618
v 0.1422956 1.351757 0.09303752
v 0.3023192 1.584052 0.3021809
v 0.3206409 1.602302 0.3029009
v 0.3897668 1.564216 0.2566434
v 0.3331847 1.446361 0.06567322
v 0.3125296 1.417954 -0.0001194198
v 0.2786098 1.396166 -0.05311332
v 0.2630557 1.381069 -0.1745158
v 0.2493376 1.377081 -0.2210963
v -0.2339154 1.100641 -0.5923384
v -0.4303029 0.8960292 -0.2943436
v -0.4330142 0.9026956 -0.2800351
v -0.3358197 1.133774 -0.03736985
v -0.3392046 1.062068 -0.06638332
v -0.08920623 1.267901 -0.2311326
v 0.03984042 1.289913 0.03564835
v 0.06381804 1.311657 0.0657764
v 0.1299545 1.352434 0.0925607
v 0.2676232 1.540975 0.2288421
v 0.358231 1.629274 0.3436624
v 0.392525 1.581788 0.2879947
v 0.3728943 1.484927 0.1342942
v 0.3652504 1.471606 0.1183402
v 0.2966415 1.410429 -0.01657232
v 0.2441624 1.365548 -0.2318678
v -0.4335418 1.01685 -0.2736626
v -0.4401778 0.9811702 -0.2500436
v -0.415852 1.028812 -0.09205362
v -0.3535007 1.103791 -0.05403174
v -0.3926378 0.9752223 -0.1307723
v -0.0544899 1.282569 -0.2169072
v -0.0202733 1.290524 -0.1675373
v -0.001362965 1.2875 -0.1228023
v 0.05310585 1.299305 0.06956638
v 0.294602 1.574339 0.2795796
v 0.3130197 1.599313 0.3099856
v 0.33559 1.628646 0.3531409
v 0.3453618 1.628857 0.3454186
v 0.1816331 1.324178 -0.4514559
v -0.4301345 0.9149169 -0.290866
v -0.2438598 1.160373 -0.09198645
v -0.02750573 1.292305 -0.1951374
v -0.01375325 1.289879 -0.1100592
v 0.1886056 1.391945 0.07939804
v 0.2203741 1.409686 0.07700215
v 0.3798807 1.609964 0.3135059
v 0.3843946 1.511511 0.1664485
v 0.3251018 1.439437 0.02886492
v 0.3253278 1.429111 0.02107663
v 0.3164607 1.422996 -0.007029122
v 0.2965377 1.414773 -0.02385385
v 0.2616961 1.392021 -0.09957077
v -0.1170699 1.027035 -0.5584368
v -0.3121978 1.108998 -0.4500513
v -0.1201247 1.246064 -0.2008351
v -0.06807505 1.277974 -0.2165962
v -0.0126705 1.287186 -0.1250854
v 0.002016559 1.287252 -0.1024329
v 0.09111345 1.329108 0.08226886
v 0.2151778 1.419433 0.08363736
v 0.2332201 1.470377 0.1466099
v 0.2476206 1.496167 0.1588132
v 0.3882551 1.551148 0.2281848
v 0.3873289 1.527241 0.1784312
v 0.219259 1.358516 -0.3030401
v -0.1105799 1.034407 -0.5642353
v -0.1358749 1.029676 -0.5737394
v -0.4308751 0.9466509 -0.2350249
v -0.3985555 1.054393 -0.06512973
v -0.3824566 1.061598 -0.07129024
v -0.3918557 1.015258 -0.1111547
v -0.2554395 1.161971 -0.06212256
v -0.1492181 1.228565 -0.1846907
v 0.1385515 1.377219 0.102559
v 0.1755422 1.390789 0.08898429
v 0.2162042 1.446946 0.1196926
v 0.3857052 1.598424 0.299969
v 0.3299852 1.446869 0.05239334
v 0.2546296 1.382221 -0.1375272
v 0.2614561 1.380156 -0.1941198
v 0.1863649 1.345985 -0.4176805
v -0.1571087 1.282895 -0.5564473
v -0.1814357 1.266952 -0.5477587
v -0.1995807 1.268031 -0.5410231
v -0.4336896 0.9018794 -0.3164546
v -0.4192956 0.9936407 -0.1656419
v -0.3909941 0.9889427 -0.1270334
v -0.388386 1.010074 -0.1122447
v -0.2713445 1.14917 -0.05785178
v -0.233806 1.169862 -0.08556709
v 0.1107426 1.338787 0.08690223
v 0.216495 1.466884 0.1340785
v 0.3515035 1.615099 0.3186775
v 0.3738205 1.617871 0.3242892
v 0.3860456 1.575586 0.2629299
v 0.3062146 1.422112 -0.026041
v 0.2885193 1.412512 -0.05134214
v 0.2299508 1.364216 -0.2657141
v -0.02234451 1.119453 -0.5801775
v -0.4378214 0.8991765 -0.2992538
v -0.4072661 1.042665 -0.08264653
v -0.3460356 1.067173 -0.07207014
v -0.3764748 0.9936993 -0.1213201
v -0.3313529 1.089638 -0.06563647
v -0.3193127 1.094539 -0.06415466
v -0.1303279 1.240708 -0.1833613
v -0.1138386 1.250618 -0.1997962
v -0.07821196 1.275719 -0.2275069
v -0.0577668 1.280604 -0.1978874
v 0.01042196 1.288476 -0.04137468
v 0.05607459 1.312912 0.08521211
v 0.159328 1.376833 0.09658404
v 0.2813446 1.556386 0.2614391
v 0.3101009 1.592405 0.2871516
v 0.3711035 1.596412 0.2881849
v 0.3808739 1.583598 0.2672508
v 0.2543589 1.379364 -0.1215951
v 0.2641469 1.387763 -0.1743873
v 0.2012093 1.347532 -0.3785324
v 0.1677321 1.317662 -0.4701427
v 0.05364899 1.201097 -0.5697517
v -0.1310513 1.024149 -0.5649703
v -0.3191514 1.067299 -0.4442935
v -0.3713725 1.07272 -0.07413535
v -0.3928842 0.9798287 -0.1365992
v -0.1734307 1.206131 -0.1650971
v -0.08429496 1.272218 -0.2254758
v 0.06481154 1.317197 0.07390574
v 0.2636114 1.521659 0.2035686
v 0.2854173 1.564129 0.255352
v 0.3871433 1.540606 0.2093958
v 0.3497006 1.454884 0.08982421
v 0.3203628 1.433357 -0.01557333
v 0.2084802 1.359494 -0.3368636
v 0.08321382 1.240447 -0.5520673
v -0.1452605 1.224837 -0.5777484
v -0.4047697 1.043566 -0.2695714
v -0.3583141 1.072194 -0.07719791
v -0.1791702 1.206533 -0.1389513
v -0.03436005 1.289484 -0.2043425
v -0.006247237 1.286908 -0.04560065
v 0.09027508 1.347304 0.09837587
v 0.3711282 1.484336 0.1024053
v 0.2595429 1.405242 -0.1273359
v 0.193926 1.339 -0.416112
v 0.1300123 1.286794 -0.5178541
v -0.1196051 1.035751 -0.5674089
v -0.1406013 1.096116 -0.5967505
v -0.1237029 1.144904 -0.6029154
v -0.4363568 0.9764249 -0.3091175
v -0.3742594 1.05274 -0.09577161
v -0.386301 0.9853162 -0.1333641
v -0.3079885 1.115826 -0.05472329
v -0.2692299 1.153635 -0.0524895
v -0.1591539 1.222134 -0.1349089
v -0.1363771 1.240431 -0.168232
v -0.07345974 1.273036 -0.1892243
v 0.01433328 1.294731 0.05283774
v 0.02862582 1.300038 0.06274991
v 0.2464045 1.480389 0.1511513
v 0.2608244 1.537578 0.208889
v 0.2779069 1.558299 0.2306087
v 0.302413 1.579836 0.2620134
v 0.3330749 1.604016 0.2999917
v 0.2649708 1.544699 0.2139419
v 0.3456854 1.601485 0.2934362
v 0.3808087 1.571759 0.2434752
v 0.3830695 1.552023 0.2096321
v 0.262659 1.401333 -0.1052469
v 0.1978235 1.343789 -0.3972824
v 0.1480313 1.306365 -0.4912002
v -0.3894879 1.050153 -0.09171073
v -0.3804463 1.047332 -0.09498063
v -0.3726633 1.058483 -0.08939363
v -0.3266351 1.105203 -0.05976201
v -0.02519025 1.290083 -0.1662565
v -0.02318393 1.287458 -0.1326418
v -0.02718814 1.286745 -0.1083954
v -0.02966847 1.288514 -0.07451377
v 0.01087597 1.291213 0.0199904
v 0.05818799 1.322168 0.09726014
v 0.1702035 1.396399 0.09225759
v -0.1439407 1.338247 -0.537663
v -0.2463757 1.160872 -0.5412177
v -0.4392968 0.9021406 -0.3110985
v -0.4009278 1.047932 -0.09002864
v -0.3460909 1.078975 -0.07096963
v -0.04623843 1.285776 -0.1965643
v 0.204025 1.469854 0.1261248
v 0.2188961 1.47612 0.1349266
v 0.3862764 1.558159 0.2291229
v 0.3837407 1.516762 0.1570359
v 0.3376299 1.461267 0.03356693
v 0.3249528 1.450344 0.0185371
v 0.2599313 1.390176 -0.1912855
v 0.1900184 1.336753 -0.4251573
v -0.1494846 1.173951 -0.5885662
v -0.2169635 1.228337 -0.5408655
v -0.3844776 1.046483 -0.3078493
v -0.4170156 1.026326 -0.3096056
v -0.4364216 0.9081283 -0.3323911
v -0.3812179 1.004072 -0.1315143
v -0.3796319 0.9991576 -0.1237776
v -0.0860066 1.265469 -0.180508
v -0.012621 1.28691 -0.06123859
v 0.0365783 1.311375 0.08936483
v 0.1597204 1.417687 0.09294713
v 0.2043478 1.41986 0.0824632
v 0.317444 1.593731 0.2794534
v 0.3636143 1.476599 0.07831122
v 0.3284356 1.449875 0.03910079
v -0.1285936 1.174981 -0.5989178
v -0.1544987 1.377862 -0.509927
v -0.1588806 1.420892 -0.485929
v -0.2578376 1.203265 -0.5042471
v -0.4221773 0.9849135 -0.1772261
v -0.3689507 1.038617 -0.1012837
v -0.358251 1.044057 -0.09358378
v -0.3977123 0.9853018 -0.1397024
v -0.3654514 1.073506 -0.08419627
v -0.1253828 1.246155 -0.1670472
v -0.1111627 1.249264 -0.180048
v -0.04132958 1.285565 -0.1446982
v 0.03599541 1.305101 0.08010588
v 0.04492374 1.31753 0.09447388
v 0.324994 1.440212 -0.007375967
v 0.1141284 1.280297 -0.5247338
v -0.1167196 1.070835 -0.5903049
v -0.3096606 1.135497 -0.4636962
v -0.4220843 1.024232 -0.3153922
v -0.4125001 1.008552 -0.1561316
v -0.3875827 1.036705 -0.1198972
v -0.361898 1.077826 -0.08270331
v -0.2763686 1.148589 -0.04977571
v -0.1236366 1.247438 -0.1512801
v 0.239508 1.493524 0.148129
v 0.2917642 1.569424 0.247325
v 0.3673177 1.591562 0.2714618
v 0.2332468 1.484988 0.1395962
v 0.3318233 1.594673 0.2746866
v 0.3630044 1.592888 0.2622471
v -0.1136124 1.135721 -0.6040125
v -0.3714153 1.048483 -0.1003064
v -0.2546142 1.168953 -0.05241172
v -0.2214097 1.184304 -0.08583956
v -0.002439007 1.293739 0.003981248
v 0.002732113 1.29473 0.03433036
v 0.06985009 1.341871 0.1001668
v 0.1978015 1.423814 0.08202758
v 0.3576342 1.585459 0.2407368
v 0.380059 1.501049 0.1469788
v -0.1035594 1.049278 -0.5716944
v -0.1794366 1.234169 -0.5697449
v -0.4274007 1.007941 -0.2964346
v -0.4403097 0.9664865 -0.3235728
v -0.4350311 0.9317248 -0.3106479
v -0.3957536 1.015445 -0.1500902
v -0.1026961 1.257081 -0.17584
v -0.1042585 1.258114 -0.1624023
v -0.006798029 1.290558 -0.02724859
v 0.105297 1.360827 0.1025195
v 0.2543367 1.519463 0.1785046
v 0.3721012 1.58376 0.2534198
v 0.2652703 1.401685 -0.1635057
v 0.2344534 1.393672 -0.2361871
v -0.1237938 1.078203 -0.5969042
v -0.1269318 1.107981 -0.601398
v -0.1951472 1.365004 -0.4863688
v -0.2602642 1.166292 -0.04770864
v -0.0547732 1.279567 -0.1675725
v -0.04428834 1.284134 -0.1688227
v 0.216673 1.482171 0.1330876
v 0.3829857 1.522794 0.1463859
v 0.3275043 1.453749 0.0153003
v 0.3238265 1.439491 -0.02461877
v 0.2681039 1.414606 -0.1064886
v 0.2567151 1.398741 -0.1956113
v 0.2168995 1.372146 -0.296586
v 0.06877725 1.223104 -0.5610969
v -0.1202901 1.096275 -0.6011415
v -0.1452615 1.403027 -0.5030629
v -0.3480179 1.092906 -0.07263177
v -0.2442725 1.173856 -0.06583092
v -0.07645087 1.270988 -0.1687951
v -0.06431788 1.276584 -0.1806299
v -0.03299901 1.289081 -0.1685079
v 0.001374677 1.302335 0.05239855
v 0.3127322 1.583652 0.2478178
v 0.3258002 1.589639 0.2552289
v 0.3630556 1.572992 0.2252946
v 0.3787593 1.560498 0.2172505
v 0.3518764 1.468831 0.05438854
v -0.1151236 1.055226 -0.5751498
v -0.1478053 1.551969 -0.4305029
v -0.3950031 1.056696 -0.3755561
v -0.4134825 1.030956 -0.3377321
v -0.4385444 0.9161065 -0.3178833
v -0.4141222 0.9896678 -0.1902364
v -0.4052085 1.008607 -0.1603191
v -0.3922687 1.004658 -0.1521698
v -0.3681203 1.058613 -0.09076494
v -0.352422 1.097134 -0.07442806
v -0.2925577 1.142123 -0.0465542
v -0.01190151 1.295949 0.009481862
v 0.1382461 1.394608 0.1024796
v 0.2824079 1.559523 0.2126695
v 0.2888991 1.566466 0.2271899
v 0.2919136 1.427088 -0.06923699
v 0.2447727 1.394029 -0.2186366
v 0.1580639 1.328776 -0.4625435
v -0.1123536 1.09243 -0.5968882
v -0.09785254 1.157716 -0.6069058
v -0.1245073 1.594371 -0.4160178
v -0.1887233 1.212602 -0.1061793
v 0.3764547 1.539694 0.1547488
v 0.3794312 1.506629 0.1195161
v 0.2709622 1.423688 -0.1078259
v 0.2662946 1.405933 -0.1738632
v 0.1904514 1.348987 -0.4061324
v -0.1200717 1.316935 -0.5519093
v -0.1265706 1.468804 -0.4847696
v -0.3429473 1.09838 -0.4250122
v -0.4275506 0.9397197 -0.2657601
v -0.3834251 1.007407 -0.1390106
v -0.3974359 0.9962994 -0.1331681
v -0.38029 1.032971 -0.101438
v -0.06645747 1.276506 -0.1666305
v 0.2350224 1.494535 0.1437253
v 0.2484593 1.519259 0.1608699
v 0.323146 1.455247 -0.03780342
v 0.3177101 1.442042 -0.04193496
v -0.03214277 1.10883 -0.5825242
v -0.1002612 1.070348 -0.5819955
v -0.09301665 1.122952 -0.598967
v -0.1140615 1.276112 -0.5712702
v -0.136382 1.422964 -0.5008418
v -0.361477 1.09377 -0.4338178
v -0.4014832 0.9984767 -0.1753688
v -0.3977659 0.9899771 -0.1544782
v -0.3899963 0.994498 -0.1415247
v -0.2671016 1.164545 -0.04492632
v -0.2556947 1.174446 -0.04576736
v 0.1121335 1.381525 0.1076878
v 0.1910324 1.429092 0.08386163
v 0.2285379 1.491211 0.1336415
v 0.2603866 1.546116 0.1867802
v 0.3507489 1.589706 0.2618971
v 0.383411 1.536951 0.1730636
v 0.1951341 1.364305 -0.375802
v 0.1376573 1.309157 -0.4932269
v 0.1244777 1.291719 -0.5144644
v 0.0885535 1.251583 -0.5444616
v 0.02334233 1.180212 -0.5804216
v -0.1272578 1.341573 -0.5378919
v -0.1380692 1.59567 -0.4150601
v -0.1605234 1.519092 -0.4338146
v -0.3107239 1.182009 -0.472265
v -0.3214707 1.121781 -0.05353663
v -0.158013 1.225909 -0.1213889
v -0.03625636 1.285568 -0.1119836
v -0.01912679 1.292057 -0.03820676
v 0.02656311 1.318847 0.1017519
v 0.09759454 1.375459 0.1067816
v 0.1828826 1.429534 0.08358719
v 0.2091823 1.481763 0.127471
v 0.3000022 1.571591 0.2218064
v 0.3788895 1.521759 0.1236743
v 0.3606193 1.481839 0.05442811
v 0.3308113 1.475347 0.001720945
v 0.271329 1.43093 -0.1470962
v 0.265299 1.413815 -0.1785995
v 0.1706416 1.332204 -0.4506294
v -0.258837 1.268413 -0.4877146
v -0.4047585 0.9907408 -0.1570364
v -0.3456371 1.105442 -0.0710416
v -0.3109403 1.128509 -0.04777694
v -0.194699 1.215843 -0.07821345
v -0.117337 1.250897 -0.1550746
v -0.01760656 1.298973 0.008555822
v 0.2014072 1.465558 0.1221556
v 0.3158574 1.578633 0.2262822
v 0.3331374 1.576686 0.2077869
v 0.3758433 1.548175 0.1774901
v 0.2646565 1.418086 -0.1271816
v 0.1814045 1.34424 -0.4274055
v 0.01588535 1.163323 -0.5782592
v -0.09943257 1.087622 -0.589092
v -0.1263434 1.518308 -0.4555225
v -0.437957 0.9590182 -0.3241551
v -0.4046434 0.9845182 -0.1992616
v -0.3918479 1.010959 -0.1519493
v -0.405154 0.9888967 -0.1731142
v -0.3983339 0.9853832 -0.1455964
v -0.399128 1.000637 -0.1360961
v -0.1693792 1.228505 -0.107468
v -0.1654991 1.231847 -0.09935117
v -0.08868255 1.267536 -0.1490219
v -0.04688518 1.284991 -0.1479102
v 0.08508009 1.369385 0.1104123
v 0.3487676 1.476322 0.03147801
v -0.08591614 1.075152 -0.5818794
v -0.121411 1.550368 -0.443009
v -0.4236404 1.030658 -0.3349152
v -0.393167 1.005372 -0.1263191
v -0.2433341 1.181796 -0.05169381
v -0.2147895 1.197266 -0.07475916
v 0.116838 1.392192 0.1065854
v 0.3745903 1.4994 0.09502888
v 0.3269251 1.467725 -0.01186984
v -0.09236745 1.157301 -0.6058899
v -0.1106897 1.221871 -0.5922095
v -0.2135128 1.417408 -0.4510917
v -0.4265398 0.9410838 -0.2898395
v -0.4038458 1.000304 -0.173043
v 0.2340809 1.50476 0.1390376
v 0.3751628 1.531022 0.1170747
v 0.2923245 1.445169 -0.08711439
v 0.165911 1.354468 -0.4290301
v -0.05164921 1.090182 -0.5800676
v -0.1134794 1.468261 -0.4844017
v -0.1226389 1.568559 -0.4280359
v -0.1293373 1.664211 -0.3860089
v -0.137519 1.641015 -0.3952374
v -0.2887391 1.251499 -0.4748068
v -0.4082325 0.9825045 -0.2032427
v -0.4043795 0.9957342 -0.1653307
v -0.3977221 1.028401 -0.1305919
v -0.3399822 1.120327 -0.06259925
v -0.296423 1.147473 -0.04054225
v -0.0639975 1.281005 -0.1592482
v 0.0346655 1.329907 0.1083777
v 0.05783562 1.350065 0.1147526
v 0.2672706 1.550247 0.1853635
v 0.2828531 1.555109 0.1879647
v 0.3546979 1.579672 0.2210962
v 0.1307553 1.317222 -0.4870798
v 0.0695782 1.234522 -0.5547968
v -0.0658001 1.078797 -0.5793929
v -0.1142556 1.40826 -0.5112562
v -0.1225578 1.51317 -0.4629038
v -0.40865 1.073911 -0.3623294
v -0.4296429 1.024371 -0.3278855
v -0.4334003 0.9757537 -0.3214723
v -0.1469624 1.232742 -0.1257022
v -0.03661501 1.290415 -0.06885347
v 0.3748376 1.521244 0.09279504
v 0.3517533 1.490342 0.02149173
v 0.2786434 1.446084 -0.1092028
v 0.2695421 1.433249 -0.1239233
v 0.2401997 1.413995 -0.2183759
v 0.1100998 1.281766 -0.5238054
v -0.05381952 1.094646 -0.5834568
v -0.2385076 1.383449 -0.448812
v -0.4220468 0.9503903 -0.2793922
v -0.3369477 1.123541 -0.06052548
v -0.2648347 1.176384 -0.03935383
v -0.1404333 1.239215 -0.1149351
v -0.02742937 1.293828 -0.03846984
v 0.005475923 1.307499 0.07876476
v 0.08653253 1.390105 0.1086072
v 0.196481 1.484016 0.1159936
v 0.3514225 1.574691 0.2029924
v 0.2087156 1.3735 -0.3199861
v 0.2029694 1.364892 -0.3439452
v -0.4299817 0.9490563 -0.3059771
v -0.3731055 1.056091 -0.09888773
v -0.04734889 1.286776 -0.1110369
v -0.008351117 1.303198 0.03985801
v 0.01401716 1.32915 0.1177768
v 0.205412 1.491052 0.1231464
v 0.3214535 1.569662 0.1920163
v 0.3675744 1.556629 0.1827386
v 0.3708114 1.548003 0.1616227
v -0.03043555 1.117539 -0.5857973
v -0.1704124 1.515273 -0.4327375
v -0.3363606 1.15371 -0.4469156
v -0.4009548 1.021886 -0.1374389
v 0.05606453 1.372619 0.127388
v 0.1358707 1.413866 0.09684388
v 0.1468952 1.431141 0.09423947
v 0.1913551 1.456653 0.09694857
v 0.2553836 1.540307 0.1754171
v 0.3442371 1.57238 0.1830904
v 0.3366164 1.484954 0.001841342
v 0.1993245 1.387303 -0.3391985
v -0.1194093 1.594251 -0.4183589
v -0.1510293 1.594351 -0.4042957
v -0.4066878 0.9925148 -0.1996276
v -0.2816307 1.163243 -0.04075983
v 0.01419628 1.31731 0.1013486
v 0.2485544 1.526137 0.1478679
v 0.3567313 1.556546 0.1546226
v 0.1919243 1.378698 -0.3679113
v -0.1198777 1.640384 -0.3950766
v -0.413411 0.967325 -0.2356583
v -0.3391879 1.119485 -0.06227587
v -0.3307874 1.13822 -0.0554586
v -0.2880871 1.168634 -0.03284016
v -0.2518719 1.185005 -0.04457457
v -0.2359387 1.193443 -0.05209567
v -0.2107994 1.205615 -0.05934703
v -0.1058266 1.256345 -0.1395815
v -0.055195 1.285148 -0.1213126
v -0.01793087 1.310704 0.02312477
v 0.01826672 1.350047 0.1362804
v 0.1912829 1.472328 0.1017609
v 0.3754388 1.508886 0.0933446
v -0.1419358 1.629308 -0.3932002
v -0.1951341 1.501922 -0.4226065
v -0.4203373 1.011527 -0.2947311
v -0.418056 0.9554104 -0.2680478
v -0.4160868 0.9838223 -0.2444831
v -0.4041837 1.035209 -0.1430652
v -0.3905259 1.048442 -0.1197932
v -0.3238895 1.147442 -0.05029333
v -0.0846656 1.2706 -0.1406723
v 0.1887739 1.442626 0.08909163
v 0.2673714 1.434828 -0.1697973
v -0.3882543 1.092933 -0.4025074
v -0.3483727 1.110941 -0.07632795
v -0.3023181 1.150636 -0.03944997
v -0.279893 1.177393 -0.03339303
v -0.1397082 1.245238 -0.09921612
v -0.02661623 1.30333 0.001442932
v 0.2952487 1.560321 0.1719578
v 0.3331603 1.571207 0.1827123
v 0.3468283 1.502891 0.001659673
v 0.3267921 1.469721 -0.02774973
v -0.06810868 1.082302 -0.5835645
v -0.1124225 1.436122 -0.5025353
v -0.1373724 1.686279 -0.3677995
v -0.4228441 1.030018 -0.317996
v -0.4061407 0.9890018 -0.1965585
v -0.4085232 0.9968044 -0.1773192
v -0.3707328 1.090341 -0.09529832
v -0.3508238 1.097971 -0.07797447
v -0.2022421 1.214344 -0.0563033
v -0.1657468 1.233117 -0.08831856
v -0.09511834 1.264834 -0.1323555
v -0.01030745 1.325392 0.07557192
v 0.001933798 1.323175 0.1044801
v 0.2641171 1.550029 0.1597991
v 0.3022736 1.5661 0.1997011
v 0.3698358 1.522038 0.07188119
v 0.3615473 1.511787 0.03874075
v 0.3245651 1.483882 -0.05067473
v 0.269092 1.439226 -0.1293702
v 0.2724034 1.439047 -0.1546907
v 0.2208236 1.387781 -0.2811695
v 0.1742796 1.357576 -0.4184121
v -0.1061524 1.185664 -0.6040879
v -0.1324121 1.683671 -0.3751137
v -0.1588001 1.622214 -0.3843586
v -0.2022153 1.517601 -0.4133512
v -0.387144 1.071982 -0.1151894
v -0.2823192 1.175617 -0.0333108
v -0.276408 1.182461 -0.03320623
v -0.06130607 1.283058 -0.1322949
v -0.05679639 1.290769 -0.1070227
v -0.04499589 1.292193 -0.0759468
v 0.2235533 1.498531 0.1269443
v 0.3665977 1.542979 0.1219526
v 0.3566784 1.499804 0.02771235
v 0.2894098 1.465797 -0.09989572
v 0.2525106 1.432824 -0.1929329
v 0.08887886 1.264069 -0.536287
v -0.1039581 1.239844 -0.5892935
v -0.1190164 1.583467 -0.426338
v -0.4114306 1.076648 -0.3543123
v -0.3988939 1.047187 -0.1331468
v -0.1228654 1.251604 -0.1156884
v -0.111064 1.256409 -0.1229332
v -0.06956901 1.281383 -0.1351447
v 0.1772447 1.445664 0.08641725
v 0.2048609 1.499118 0.1194332
v 0.2360401 1.517462 0.1310481
v 0.2469047 1.531733 0.1304263
v 0.2819436 1.555335 0.1529035
v 0.3516538 1.553902 0.1310376
v 0.2054842 1.398833 -0.3122444
v 0.1817085 1.374266 -0.3921098
v 0.08412001 1.400223 0.1060626
v 0.1718488 1.455747 0.08759062
v 0.3446248 1.569801 0.1682368
v 0.3693626 1.529428 0.08014094
v 0.350943 1.514901 0.006131644
v 0.1868162 1.367733 -0.3906565
v -0.09480537 1.093504 -0.5889693
v -0.09887578 1.233049 -0.5939133
v -0.1324038 1.688343 -0.3691541
v -0.2398162 1.408741 -0.4448914
v -0.4223234 1.036301 -0.3073725
v -0.4098715 1.000729 -0.212762
v -0.3200743 1.156948 -0.0504813
v -0.2899699 1.171913 -0.03485812
v -0.245155 1.194314 -0.04341249
v 0.1430377 1.441972 0.09345236
v 0.3040149 1.56188 0.1512264
v -0.1189358 1.538699 -0.4491218
v -0.1513095 1.646271 -0.3754686
v -0.2925881 1.243062 -0.4708359
v -0.4153707 1.008675 -0.237923
v -0.408025 1.035024 -0.1671964
v -0.265692 1.183109 -0.03456941
v -0.2204582 1.205029 -0.0500867
v 0.09698041 1.412046 0.09703594
v 0.3390577 1.567048 0.1311457
v 0.3307385 1.487767 -0.01611877
v -0.326864 1.209846 -0.4484516
v -0.4217677 1.049628 -0.3304055
v 0.2147406 1.502722 0.1212051
v 0.2764518 1.458588 -0.1264541
v -0.09100205 1.087801 -0.5871176
v -0.1084869 1.329461 -0.555474
v -0.1407235 1.677928 -0.3646748
v -0.3036537 1.228719 -0.4616559
v -0.4160593 1.028216 -0.2729339
v -0.4105344 1.031102 -0.2119953
v -0.4072823 1.038048 -0.1882008
v -0.3171913 1.155743 -0.04610257
v -0.1385279 1.250258 -0.09093259
v -0.1156358 1.257414 -0.1105859
v -0.06535491 1.290654 -0.1100043
v 0.1090799 1.409359 0.1018273
v 0.1896641 1.482647 0.09743154
v 0.2841544 1.557298 0.1416134
v 0.3203382 1.568195 0.1672097
v 0.3545587 1.54886 0.09692706
v 0.2723514 1.45564 -0.1572038
v 0.2380634 1.430179 -0.2318169
v -0.1211919 1.560103 -0.4363854
v -0.03727657 1.306251 -0.01802126
v 0.03301163 1.357976 0.1300183
v 0.18249 1.460506 0.08946755
v 0.1987623 1.496296 0.1128227
v -0.0823402 1.165777 -0.6039798
v -0.1155977 1.46914 -0.4835676
v -0.1283713 1.684392 -0.3741226
v -0.4015188 1.066072 -0.1609057
v -0.249348 1.197335 -0.03761236
v -0.03826995 1.297735 -0.04442146
v 0.2528028 1.542104 0.1295566
v 0.3375856 1.570075 0.1419568
v 0.3628268 1.539006 0.06834263
v 0.3300087 1.498643 -0.02853412
v 0.2498355 1.450146 -0.1933333
v -0.01399349 1.143194 -0.5886453
v -0.0804625 1.129815 -0.5972872
v -0.3855499 1.121437 -0.3901694
v -0.401647 1.093938 -0.3622647
v -0.1602627 1.239203 -0.07891309
v -0.05601077 1.294878 -0.08915345
v 0.3645325 1.529351 0.0540744
v 0.3443458 1.513372 -0.01064059
v -0.2648542 1.31233 -0.4707854
v -0.3507998 1.121087 -0.08499564
v -0.27058 1.195859 -0.02965169
v -0.09075521 1.27376 -0.1165363
v 0.2023558 1.519554 0.1055326
v 0.256199 1.54473 0.1563424
v 0.2618624 1.553677 0.1359735
v 0.2680973 1.55694 0.1339854
v 0.3469049 1.557684 0.1103424
v 0.2821013 1.460942 -0.1119365
v -0.2966506 1.265982 -0.4653856
v -0.2280634 1.212692 -0.03974418
v -0.2164669 1.222014 -0.04070637
v -0.1718289 1.235776 -0.07150742
v -0.08108759 1.280576 -0.1147286
v -0.01075815 1.345333 0.08644937
v -0.001716137 1.350571 0.1093127
v 0.06053947 1.391662 0.1211923
v 0.2234881 1.514164 0.1186881
v 0.2763359 1.480155 -0.1277935
v -0.06611939 1.092218 -0.588896
v -0.0737738 1.130024 -0.5977352
v -0.1225695 1.601146 -0.4093283
v -0.1193086 1.629719 -0.3977506
v -0.1355383 1.651837 -0.3820101
v -0.3843493 1.112343 -0.3669343
v -0.1997657 1.220421 -0.05157885
v 0.1872379 1.498597 0.09696179
v 0.3180681 1.565668 0.1320107
v 0.3444631 1.554441 0.08551399
v 0.3503639 1.548737 0.06525528
v 0.3259134 1.501592 -0.04649094
v 0.3141316 1.478379 -0.07052927
v 0.1099228 1.292693 -0.5127857
v 0.0544973 1.223498 -0.5657684
v -0.09497042 1.201574 -0.6025099
v -0.1096194 1.358874 -0.5418384
v -0.3984511 1.093495 -0.3263994
v -0.393091 1.091911 -0.1389506
v -0.3130712 1.170195 -0.04877216
v -0.2697604 1.204602 -0.03026178
v -0.1007463 1.264648 -0.1203401
v -0.0206887 1.322766 0.05061642
v 0.05103095 1.398005 0.1168424
v 0.3315244 1.570006 0.1177304
v -0.2823246 1.189839 -0.03318205
v 0.01114261 1.356576 0.1331056
v 0.3287406 1.510393 -0.03959566
v 0.1863328 1.409408 -0.3435266
v -0.03851637 1.116064 -0.5882642
v -0.1227408 1.544799 -0.4428986
v 0.25194 1.446867 -0.1900395
v 0.2068525 1.423867 -0.2971451
v 0.1765663 1.385321 -0.3871443
v -0.1612989 1.619118 -0.3830174
v -0.2154082 1.484478 -0.4209831
v -0.202965 1.499447 -0.4166763
v -0.3620852 1.153729 -0.408876
v -0.4106325 1.063457 -0.2897905
v -0.3886965 1.10682 -0.1531614
v -0.3433973 1.148012 -0.08985086
v -0.0628078 1.29888 -0.08761337
v 0.1485862 1.465852 0.08868758
v 0.1687244 1.470753 0.08700763
v 0.3541385 1.537391 0.02771698
v 0.350931 1.528605 0.008757021
v 0.3120147 1.504999 -0.07939996
v 0.2712926 1.467485 -0.1560021
v 0.1223392 1.311912 -0.4934647
v -0.08375861 1.181793 -0.603743
v -0.1353284 1.58175 -0.4089203
v -0.4035727 1.086672 -0.2361645
v -0.377058 1.115476 -0.1149438
v -0.321557 1.157114 -0.05532926
v -0.2744111 1.192672 -0.03054675
v -0.1174442 1.266571 -0.1055837
v -0.08001581 1.293462 -0.1052098
v 0.04315999 1.396317 0.1138752
v 0.1786847 1.491072 0.0921633
v 0.2482365 1.543104 0.1180093
v 0.2394845 1.461894 -0.2145959
v 0.2133097 1.413808 -0.2894396
v -0.1970974 1.528478 -0.4108772
v -0.4066185 1.07231 -0.258519
v -0.4026038 1.095667 -0.1833624
v -0.3075307 1.179644 -0.05191342
v -0.2730134 1.194399 -0.03044184
v 0.2712062 1.5629 0.1175725
v 0.2886382 1.561036 0.1236136
v 0.3321829 1.57042 0.107703
v 0.3206104 1.514203 -0.06669829
v 0.1944014 1.410417 -0.3273042
v -0.06472442 1.10687 -0.5919433
v -0.07485207 1.141409 -0.6013807
v -0.09113154 1.192471 -0.6039613
v -0.1403963 1.608415 -0.3961783
v -0.2298602 1.404413 -0.4459268
v -0.3057541 1.177673 -0.04666822
v -0.09846341 1.280517 -0.1141912
v 0.01704484 1.375771 0.1190461
v 0.1275183 1.444872 0.09084955
v -0.3236371 1.164654 -0.06451436
v -0.2725378 1.204826 -0.03477979
v -0.1867785 1.235464 -0.05281443
v -0.05608502 1.306195 -0.07565551
v 0.196517 1.509616 0.1080457
v 0.2226484 1.529114 0.1054581
v 0.3324493 1.567093 0.0841015
v 0.3198789 1.499335 -0.06706823
v 0.2915989 1.499162 -0.1024641
v 0.08046341 1.268811 -0.5364531
v -0.1808006 1.549115 -0.4033341
v -0.240869 1.382822 -0.4540491
v 0.3393851 1.534458 -0.02017579
v 0.1154548 1.320317 -0.4945516
v -0.3998351 1.088415 -0.2619939
v -0.3088173 1.182931 -0.06100627
v -0.2713571 1.207514 -0.03415476
v -0.115807 1.272281 -0.1018138
v -0.03098953 1.31569 0.006939754
v 0.1660089 1.483524 0.08759347
v 0.3377106 1.561285 0.08012407
v 0.2834946 1.498409 -0.1127487
v -0.1006264 1.239528 -0.5932335
v -0.125894 1.51273 -0.4561524
v -0.2476288 1.356751 -0.4621195
v -0.3940955 1.092309 -0.2498799
v -0.2050656 1.230433 -0.04131284
v -0.166627 1.243756 -0.06648488
v -0.005122259 1.363179 0.07644384
v 0.08963287 1.422222 0.0907525
v 0.1850938 1.513344 0.08834378
v 0.2625093 1.557309 0.1206441
v -0.05562648 1.104641 -0.5900167
v -0.1193982 1.43602 -0.4979121
v -0.3171807 1.217846 -0.4592122
v -0.3886221 1.103256 -0.1914668
v 0.03073561 1.391836 0.09996396
v 0.3044808 1.566313 0.1130332
v 0.3212625 1.571502 0.09367591
v 0.328442 1.571432 0.06896994
v 0.3417904 1.541875 -0.00408009
v 0.3235773 1.529419 -0.0540675
v 0.2514585 1.47208 -0.1829114
v 0.2186662 1.444871 -0.259315
v -0.07272876 1.114282 -0.5934106
v -0.1473517 1.584733 -0.4052564
v -0.1631959 1.574798 -0.3977094
v -0.1898679 1.471658 -0.4451098
v -0.2638627 1.31126 -0.4738068
v -0.3141071 1.208408 -0.4523305
v -0.3917199 1.093834 -0.3155549
v -0.2975961 1.198243 -0.06098913
v -0.2688934 1.216093 -0.04488968
v -0.1585052 1.249365 -0.07186452
v -0.04179089 1.314698 -0.02644467
v 0.1676949 1.496356 0.08583952
v 0.3405845 1.524664 -0.02146143
v 0.1612186 1.377895 -0.4041769
v -0.2156252 1.440723 -0.4354251
v -0.3941805 1.093147 -0.2722965
v -0.1382431 1.255862 -0.08715546
v 0.003447935 1.366956 0.10076
v 0.2905986 1.568119 0.09956247
v 0.2692666 1.481993 -0.1522467
v -0.004336506 1.155739 -0.5886478
v -0.1261817 1.462575 -0.4820578
v -0.1293746 1.493174 -0.4665516
v -0.3545096 1.128653 -0.4057954
v -0.3613548 1.11377 -0.3949081
v -0.3757652 1.107258 -0.198375
v -0.370695 1.133426 -0.1552218
v -0.2398997 1.220418 -0.02953464
v -0.01778516 1.345681 0.05938617
v 0.1137424 1.446939 0.08571585
v 0.14896 1.48188 0.08654264
v 0.3500461 1.547411 0.03101602
v -0.04940994 1.114674 -0.5933417
v -0.3622147 1.145973 -0.11901
v -0.2660519 1.214643 -0.03391384
v -0.08754002 1.201151 -0.6023248
v -0.1168665 1.371614 -0.5328251
v -0.04076187 1.323437 -0.01399976
v 0.06659339 1.421138 0.09576252
v 0.1300937 1.463767 0.08340172
v 0.2701613 1.566648 0.1014746
v -0.3106754 1.188277 -0.07434608
v -0.2397073 1.226935 -0.03518341
v -0.1773684 1.248631 -0.05373725
v 0.2060431 1.535564 0.09310895
v 0.311984 1.518094 -0.08255194
v 0.2340319 1.478596 -0.2155918
v 0.2004015 1.435898 -0.2997864
v 0.1403101 1.3683 -0.4284737
v -0.2833718 1.262554 -0.4826464
v -0.3590178 1.143034 -0.4077142
v -0.3810158 1.08667 -0.3088049
v -0.3526486 1.126307 -0.191413
v -0.2597468 1.222494 -0.04668027
v -0.2526317 1.220339 -0.03445802
v -0.2110676 1.237121 -0.0372726
v -0.1899943 1.241556 -0.04562332
v -0.09100892 1.293683 -0.1058095
v 0.02065364 1.389675 0.07084555
v 0.1238193 1.473265 0.06955031
v 0.2267609 1.542919 0.09385916
v 0.2565988 1.561795 0.09326136
v 0.3259128 1.572625 0.02061687
v 0.2814106 1.512908 -0.1163914
v 0.2765024 1.498918 -0.1257744
v 0.2492977 1.477078 -0.1826229
v 0.09755299 1.301764 -0.5140402
v -0.07210131 1.143676 -0.6012779
v -0.1345444 1.495481 -0.4580683
v -0.3432883 1.156682 -0.1391274
v -0.07019924 1.304387 -0.09651992
v 0.05646139 1.415511 0.09317939
v 0.2526416 1.553905 0.105051
v 0.3212222 1.573581 0.07929396
v 0.3399696 1.560542 0.05714864
v 0.2612765 1.502656 -0.153684
v 0.215552 1.473466 -0.2419189
v -0.08107099 1.177798 -0.6042488
v -0.09675846 1.221609 -0.5992613
v -0.1093331 1.267613 -0.5836335
v -0.1270953 1.361179 -0.5368861
v -0.1421722 1.504832 -0.4470725
v -0.1775195 1.504573 -0.4312147
v -0.2882791 1.205707 -0.05698846
v -0.2693112 1.220298 -0.04439997
v -0.1057704 1.286664 -0.109148
v 0.07509339 1.43481 0.08096186
v 0.09714711 1.449151 0.07670138
v 0.1700499 1.508102 0.08201668
v 0.3287117 1.540372 -0.04181979
v -0.06114992 1.108846 -0.5950286
v -0.1349431 1.433491 -0.4961773
v -0.1560927 1.512895 -0.4381374
v -0.1950361 1.48207 -0.4346208
v -0.3320446 1.173293 -0.09357679
v -0.2654114 1.218598 -0.04734208
v -0.05863887 1.312322 -0.08435606
v 0.1468202 1.493023 0.08093323
v 0.180076 1.427082 -0.3376608
v -0.1607688 1.456528 -0.4686063
v -0.2034713 1.253933 -0.04435174
v -0.01644392 1.358005 0.03635056
v 0.1058723 1.459869 0.06926061
v 0.1842999 1.518502 0.08338287
v 0.3234026 1.557956 -0.02668067
v 0.3100832 1.533374 -0.08322802
v 0.3025615 1.525251 -0.09354054
v -0.09272116 1.218763 -0.6002361
v -0.2794267 1.241556 -0.487218
v -0.3665386 1.083587 -0.2996564
v -0.30326 1.199127 -0.0898913
v -0.05257846 1.324709 -0.07812812
v 0.07348084 1.438282 0.07112002
v 0.1759863 1.39777 -0.3709293
v -0.2095531 1.431903 -0.4474477
v -0.3272757 1.124373 -0.4499525
v 0.0007071346 1.376186 0.03373817
v 0.1976621 1.529809 0.09190448
v -0.200651 1.46003 -0.4371685
v -0.2037199 1.424174 -0.4524015
v -0.3572174 1.082372 -0.3789613
v -0.3744456 1.09571 -0.2429978
v -0.2343102 1.239317 -0.04102749
v -0.2123149 1.244548 -0.04110622
v -0.1231072 1.279286 -0.09947711
v -0.02907641 1.345234 0.03029153
v 0.3328986 1.564354 0.01123213
v 0.3036285 1.557765 -0.06322348
v 0.3180043 1.542717 -0.06004258
v 0.06199624 1.247448 -0.553314
v -0.06896359 1.13241 -0.5987355
v -0.1229355 1.329955 -0.5526835
v -0.3364131 1.139895 -0.4387112
v -0.3221402 1.171468 -0.1328288
v -0.1578412 1.256202 -0.07110167
v 0.1283003 1.488678 0.06197243
v 0.2708423 1.569438 0.08776535
v 0.2993481 1.573338 0.08118927
v -0.193666 1.454117 -0.4535123
v -0.3474861 1.075119 -0.3236
v -0.3432458 1.112782 -0.2410119
v -0.2577344 1.230153 -0.05308735
v -0.07641609 1.313331 -0.1212649
v 0.100258 1.462758 0.06222454
v 0.1505573 1.502841 0.07667983
v 0.185469 1.528084 0.07459002
v -0.06781387 1.128377 -0.6007242
v -0.07031343 1.150654 -0.6027977
v -0.07852032 1.169087 -0.6044062
v -0.1681493 1.483184 -0.4451324
v -0.2885012 1.200235 -0.4859741
v -0.2753145 1.226219 -0.06775387
v -0.2133475 1.251943 -0.04301228
v 0.01896124 1.392377 0.0542416
v 0.2294976 1.553565 0.08090691
v 0.315503 1.5798 0.02166557
v -0.06086273 1.121633 -0.599777
v -0.2818128 1.150177 -0.5101855
v -0.3153912 1.172019 -0.1493661
v -0.2662834 1.227592 -0.05866487
v -0.1751448 1.259279 -0.05737124
v 0.2872133 1.531693 -0.1119381
v 0.1898535 1.450401 -0.2951862
v 0.01785231 1.195027 -0.5793651
v -0.143458 1.410448 -0.5029206
v -0.3264461 1.109827 -0.4521419
v -0.01408339 1.362504 -0.006378554
v 0.05496377 1.426154 0.06990372
v 0.2080117 1.544762 0.08186054
v 0.3177308 1.573626 -0.008194601
v 0.2694777 1.535994 -0.1320812
v 0.1696566 1.434399 -0.3395842
v 0.1595737 1.409343 -0.3793833
v -0.1719488 1.4354 -0.4743679
v -0.1842897 1.451629 -0.4550933
v -0.2635997 1.198416 -0.5155028
v -0.2434441 1.240566 -0.04978646
v -0.23542 1.248573 -0.05133793
v -0.1796791 1.265397 -0.05699742
v -0.09410757 1.303791 -0.1204439
v -0.0392088 1.337755 -0.1231503
v -0.03358011 1.342603 -0.07272856
v 0.02918188 1.404537 0.01172704
v 0.1881969 1.536119 0.06527827
v 0.311153 1.579979 0.0007737558
v 0.3000605 1.541389 -0.091221
v 0.2536299 1.524942 -0.1539393
v 0.0131367 1.194926 -0.5820396
v -0.2442864 1.303795 -0.4885043
v -0.2711499 1.225899 -0.06339577
v -0.146455 1.275761 -0.08238813
v -0.07095744 1.319122 -0.153176
v -0.003822789 1.375391 -0.0274474
v 0.1322644 1.374626 -0.4327081
v -0.03854905 1.131155 -0.5945855
v -0.2613151 1.233239 -0.06449884
v -0.1107472 1.29804 -0.1145486
v 0.1612465 1.517491 0.06875148
v 0.2424331 1.567227 0.06354657
v 0.278232 1.579663 0.05248812
v 0.2422426 1.50227 -0.1823113
v -0.3393323 1.075346 -0.319451
v -0.1270796 1.294002 -0.1048057
v 0.01322985 1.391583 -0.01335006
v 0.0998666 1.471657 0.05255459
v 0.2606882 1.574045 0.06188421
v 0.3077133 1.582696 0.02701636
v -0.1254365 1.320555 -0.5539335
v -0.1983051 1.412473 -0.4630618
v -0.3502636 1.044532 -0.4040757
v -0.2916634 1.200878 -0.1233086
v 0.2134139 1.551929 0.07113669
v 0.3047812 1.580237 0.05050302
v 0.0729817 1.281993 -0.5333073
v -0.03369138 1.142943 -0.599494
v -0.1359947 1.394545 -0.5177014
v -0.3393325 1.044811 -0.4141667
v -0.07953133 1.315747 -0.1488831
v 0.2940162 1.567642 -0.05978454
v -0.09365779 1.203663 -0.6044883
v -0.1372865 1.291345 -0.5635728
v -0.224079 1.331506 -0.4853952
v -0.2477806 1.243702 -0.5171862
v -0.3292632 1.102479 -0.2758655
v -0.202522 1.263503 -0.0515831
v -0.1368588 1.299993 -0.1059292
v 0.05130261 1.43134 0.02570992
v -0.08762453 1.184455 -0.6053999
v -0.2701925 1.233872 -0.08333424
v -0.1031727 1.223683 -0.6013161
v -0.1126735 1.217028 -0.6024631
v -0.1448388 1.344542 -0.5344076
v -0.3311319 1.055035 -0.3819425
v -0.2642235 1.236907 -0.08445076
v -0.2216937 1.261707 -0.04898801
v -0.02239284 1.355956 -0.1234765
v 0.1165782 1.484213 0.05572125
v 0.2678384 1.540789 -0.130695
v 0.2271245 1.498998 -0.2082016
v -0.115607 1.250454 -0.5893259
v -0.3062924 1.161208 -0.1959572
v -0.2536439 1.240225 -0.07161392
v -0.05809498 1.334256 -0.1695945
v -0.0298467 1.350873 -0.1681837
v 0.2101781 1.554472 0.05706261
v 0.2762502 1.583848 0.03220821
v 0.1297228 1.392726 -0.4190139
v -0.2074533 1.335111 -0.4992463
v -0.3134725 1.050811 -0.4958063
v -0.1620135 1.281099 -0.07131601
v 0.01585193 1.396144 -0.04971176
v 0.2345073 1.568395 0.04928496
v 0.07523541 1.451305 0.05181141
v 0.1470224 1.513223 0.05643886
v 0.1869193 1.555132 0.03165772
v 0.1469446 1.41695 -0.3845436
v -0.174035 1.411959 -0.4851078
v -0.2710666 1.221138 -0.1254717
v 0.2784835 1.553355 -0.1008117
v -0.1222769 1.309309 -0.1257123
v -0.04289281 1.343189 -0.1937021
v -0.004346073 1.371705 -0.1375236
v 0.05706501 1.439812 0.004543871
v 0.2834701 1.585832 0.01959551
v 0.237157 1.528885 -0.1689949
v -0.1278159 1.253274 -0.5813881
v -0.2459554 1.207946 -0.5321872
v -0.2998563 1.139395 -0.2280807
v -0.2524799 1.245754 -0.08822583
v -0.0740594 1.328478 -0.1714478
v -0.06542028 1.331566 -0.2162314
v 0.01006006 1.388334 -0.122772
v 0.03678903 1.417229 -0.05505373
v 0.2872413 1.585298 0.001374983
v 0.161824 1.453748 -0.3266739
v 0.2003608 1.482354 -0.2527549
v -0.1001244 1.202223 -0.6050414
v -0.1767028 1.365872 -0.4997994
v -0.2230424 1.282918 -0.5108543
v -0.3233009 1.074838 -0.3096545
v -0.05525833 1.337005 -0.1856865
v -0.02473263 1.351363 -0.2108664
v -0.04636294 1.340571 -0.1694653
v -0.01073462 1.35954 -0.1873323
v 0.07646835 1.470505 0.02720223
v 0.1177907 1.500623 0.03237123
v 0.1487941 1.528393 0.03457502
v -0.3253115 1.020865 -0.461858
v -0.2028605 1.278381 -0.06068546
v -0.03441042 1.343067 -0.2349133
v 0.07748528 1.46206 0.0271747
v 0.1755126 1.535331 0.05386598
v 0.2303251 1.572751 0.03029217
v 0.2546427 1.578457 0.03766512
v 0.2690196 1.587009 0.01249323
v 0.2865738 1.573321 -0.05670124
v 0.2437711 1.53954 -0.1548198
v 0.2128261 1.508976 -0.2120294
v -0.0446016 1.142044 -0.6032678
v -0.07124952 1.14328 -0.6055233
v -0.1702362 1.377213 -0.5054525
v -0.1916061 1.347236 -0.501721
v -0.2631743 1.165072 -0.5305719
v -0.2970904 1.073256 -0.5114254
v 0.03190634 1.227139 -0.5692515
v -0.1577032 1.361037 -0.5212965
v -0.2216299 1.27059 -0.08174155
v -0.1867225 1.299255 -0.06390249
v -0.1707443 1.294913 -0.07578999
v -0.0834133 1.326581 -0.1880686
v 0.01764008 1.387324 -0.1563701
v 0.1078914 1.495754 0.02688958
v 0.2847801 1.583829 -0.0118042
v -0.1361138 1.261647 -0.5771661
v -0.1444837 1.294058 -0.5587927
v -0.3104244 1.021219 -0.494327
v -0.2817042 1.202769 -0.1516183
v -0.08778407 1.320712 -0.1602679
v -0.01453595 1.353387 -0.2287907
v 0.001769274 1.367022 -0.2028754
v 0.04608409 1.432173 -0.02693045
v 0.1813039 1.547448 0.04083082
v -0.08844912 1.178509 -0.6063782
v -0.1478376 1.275252 -0.5630758
v -0.3179033 1.01915 -0.4202429
v -0.2058388 1.280784 -0.06669036
v -0.04560247 1.335258 -0.2538165
v 0.09484021 1.482964 0.02199652
v 0.1348488 1.510974 0.04374158
v 0.2150638 1.566364 0.03505481
v 0.09237982 1.32454 -0.5022421
v -0.07101949 1.138551 -0.6049892
v -0.2420681 1.255925 -0.09408862
v -0.1305986 1.315481 -0.1178744
v -0.01113723 1.361968 -0.206177
v 0.1994226 1.523862 -0.2062289
v 0.1292809 1.401927 -0.412873
v 0.05866209 1.276704 -0.5423115
v -0.1732844 1.318377 -0.5321926
v -0.2356105 1.20111 -0.5416656
v -0.3239352 1.030582 -0.3998107
v 0.01625867 1.381169 -0.1804319
v 0.02989258 1.414809 -0.08010758
v 0.03488639 1.422854 -0.06725973
v 0.2732346 1.588621 -0.003333094
v 0.2734878 1.587329 -0.01601763
v 0.2083611 1.515857 -0.2092955
v -0.2316381 1.177367 -0.5543135
v -0.26472 1.117454 -0.5420069
v -0.2256407 1.273067 -0.0877726
v -0.01549713 1.346561 -0.2772962
v -0.01862159 1.350669 -0.2462965
v 0.2235367 1.575507 0.01844298
v 0.2498825 1.581715 0.01488426
v 0.2700098 1.579099 -0.05415457
v -0.07835399 1.161722 -0.6050974
v -0.1066986 1.201404 -0.604067
v -0.1599617 1.301486 -0.5468367
v -0.1578026 1.312192 -0.08567858
v -0.1037808 1.323311 -0.182321
v 0.006031066 1.378179 -0.1880321
v 0.1514071 1.444338 -0.3513985
v -0.2842411 1.180794 -0.178292
v -0.252137 1.220287 -0.1233599
v -0.2054126 1.292526 -0.06880365
v 0.06886733 1.465818 -0.02109667
v 0.2552747 1.562962 -0.1063982
v -0.08611402 1.166621 -0.6061461
v -0.195962 1.298118 -0.5219378
v -0.2007383 1.282501 -0.5244186
v -0.205677 1.246792 -0.5339197
v -0.2583959 1.095199 -0.5562799
v -0.3066533 1.090639 -0.2886325
v -0.2740867 1.190141 -0.1576239
v -0.2513977 1.248373 -0.1062952
v -0.04636937 1.325448 -0.303344
v 0.1621322 1.545542 0.02631888
v -0.3153303 1.015745 -0.4004077
v -0.161261 1.323523 -0.0695635
v -0.09341694 1.324341 -0.196834
v 0.02222061 1.407063 -0.1215653
v 0.09671883 1.496609 0.0149714
v 0.1777845 1.554686 0.02457421
v 0.2001576 1.564999 0.01678988
v 0.2624033 1.587878 -0.0413157
v 0.2336094 1.564768 -0.1176138
v 0.2379521 1.556977 -0.1290501
v -0.1232429 1.228515 -0.5915873
v 0.1096576 1.385225 -0.4355469
v -0.3055628 1.009304 -0.5040892
v -0.1401788 1.326179 -0.1061114
v -0.111137 1.323478 -0.1856683
v 0.0375495 1.433759 -0.09100644
v 0.0596613 1.453969 -0.05908893
v 0.07358748 1.468876 -0.003873996
v 0.2375315 1.582005 0.004457333
v -0.0106115 1.179895 -0.5940918
v -0.08804167 1.158738 -0.6061208
v -0.3115996 1.01945 -0.3746636
v -0.1037454 1.328115 -0.1938287
v -0.08842613 1.327324 -0.2123663
v -0.01150976 1.32036 -0.3727455
v 0.00739418 1.35597 -0.2702056
v 0.0393025 1.417427 -0.1494829
v 0.2162433 1.573172 -0.003790597
v 0.2277392 1.577899 -0.02607515
v -0.000705272 1.334512 -0.3414636
v 0.009753942 1.369408 -0.2249948
v 0.1264678 1.525312 0.01088481
v 0.2512213 1.581986 -0.06760441
v 0.1987217 1.534858 -0.189513
v -0.211394 1.188733 -0.5541589
v -0.2917635 1.006427 -0.5301412
v -0.1698909 1.336199 -0.07831943
v 0.1440409 1.443175 -0.3574503
v -0.1770453 1.274252 -0.5441818
v -0.2127556 1.280488 -0.08248936
v -0.1152371 1.333954 -0.1629883
v 0.0222134 1.378172 -0.2375591
v 0.1479041 1.539947 0.01689613
v -0.0002464056 1.202564 -0.5875726
v -0.1054141 1.182079 -0.6040154
v -0.2612243 1.160561 -0.1693933
v 0.02380566 1.349821 -0.3087785
v 0.242986 1.584351 -0.04875718
v 0.1645932 1.502698 -0.2614387
v -0.1182267 1.202049 -0.5991343
v -0.2020002 1.240067 -0.5402938
v -0.2984255 1.064891 -0.3034636
v -0.2835818 1.102176 -0.2501929
v -0.289499 1.066029 -0.2913598
v 0.1640167 1.55711 0.004067637
v 0.193332 1.573924 -0.02040313
v -0.06518471 1.136903 -0.6056129
v -0.2203027 1.126745 -0.5696861
v -0.2393466 1.203452 -0.1467617
v -0.1957927 1.299093 -0.08612312
v -0.1609144 1.340513 -0.07907797
v -0.134619 1.33429 -0.1191605
v 0.04275556 1.380036 -0.2702046
v 0.0844301 1.494477 -0.02710071
v 0.1196516 1.528691 -0.003541779
v 0.241982 1.581914 -0.07255641
v 0.1990099 1.550148 -0.1641283
v -0.1592783 1.249244 -0.5667355
v -0.2864005 1.002237 -0.5331217
v -0.3038626 0.9863676 -0.485923
v -0.3055465 1.0119 -0.3784415
v -0.0981493 1.32372 -0.2424671
v -0.03956039 1.298803 -0.3798068
v -0.002142683 1.307577 -0.404977
v 0.01341572 1.318858 -0.3848547
v 0.1075019 1.515243 -0.02237374
v 0.1843566 1.566834 -0.0003878288
v 0.2242811 1.579823 -0.04773362
v 0.07469599 1.317157 -0.509702
v -0.08597746 1.142101 -0.605839
v -0.1404322 1.196661 -0.5916789
v -0.1855348 1.183429 -0.5733915
v -0.2828897 1.068902 -0.2729402
v 0.0529893 1.435463 -0.1411194
v 0.1014708 1.376003 -0.4504683
v -0.05484454 1.147859 -0.6043491
v -0.1697946 1.229736 -0.5661071
v -0.05570641 1.283959 -0.3837293
v 0.02340305 1.337867 -0.3424288
v 0.2156116 1.577357 -0.08199413
v 0.01330112 1.223016 -0.5814819
v -0.1998073 1.149747 -0.5725768
v -0.2080288 1.217274 -0.1981225
v -0.1270804 1.342869 -0.1443192
v -0.001980901 1.295686 -0.4287
v 0.04298683 1.373736 -0.2944397
v 0.1766113 1.569005 -0.01763747
v 0.2046958 1.572282 -0.1070788
v 0.2303529 1.574893 -0.1002699
v 0.1649439 1.514972 -0.2411588
v 0.1329373 1.440937 -0.3638618
v -0.1344203 1.186346 -0.5941348
v -0.2785064 0.9768679 -0.5470836
v -0.3082978 0.9799978 -0.450285
v -0.1600539 1.304307 -0.1638995
v -0.139439 1.319636 -0.1838558
v -0.1175257 1.268298 -0.311094
v 0.1335199 1.54384 -0.01884937
v 0.1494732 1.493571 -0.2812753
v 0.09458043 1.365535 -0.4625528
v -0.07292888 1.133489 -0.6075978
v -0.1138395 1.176972 -0.6010641
v -0.1486989 1.186686 -0.5892124
v -0.2398558 1.054594 -0.5783207
v -0.2840698 0.96782 -0.4973103
v 0.0292525 1.344514 -0.3455071
v 0.05961782 1.436403 -0.1824727
v 0.0649915 1.45407 -0.1386118
v 0.09416369 1.511009 -0.06719288
v 0.2035685 1.57867 -0.04932871
v -0.02679875 1.180694 -0.5931717
v -0.08798687 1.132949 -0.6054975
v -0.09884504 1.149581 -0.6051819
v -0.2961706 0.9918823 -0.4037681
v -0.2854931 1.006002 -0.3764778
v -0.2239456 1.20045 -0.1825
v 0.01666671 1.31145 -0.4112418
v 0.07456715 1.48569 -0.07038327
v 0.1083633 1.521431 -0.03452963
v 0.1442383 1.556064 -0.03560963
v 0.1534795 1.555457 -0.01353331
v 0.07241189 1.321541 -0.5070289
v -0.02848692 1.179775 -0.5911512
v -0.2643732 1.100558 -0.2630791
v -0.1373006 1.259307 -0.2977928
v -0.1653857 1.18458 -0.5789309
v -0.1987284 1.116049 -0.5753953
v -0.249604 1.015711 -0.5652133
v -0.2585165 1.009177 -0.4256176
v -0.08330949 1.287558 -0.3325579
v 0.1243453 1.544256 -0.05391283
v 0.167373 1.567422 -0.06384659
v 0.1999914 1.578167 -0.07617968
v 0.1762769 1.560949 -0.1377966
v 0.1507912 1.510663 -0.2513666
v 0.1238702 1.455446 -0.3439502
v -0.04761674 1.153001 -0.594258
v -0.08536436 1.121088 -0.5997638
v -0.1004748 1.130296 -0.6048264
v -0.204265 1.17098 -0.2913604
v 0.06245025 1.439207 -0.2039821
v 0.06394221 1.442891 -0.1896851
v 0.1878759 1.577082 -0.07103054
v 0.0511657 1.287664 -0.529732
v -0.1130952 1.147646 -0.5998247
v -0.1243134 1.159497 -0.5941981
v -0.1362996 1.166445 -0.5885139
v -0.1767522 1.121234 -0.5814109
v -0.2546159 0.9902346 -0.5563602
v -0.2518331 0.9823982 -0.5534695
v -0.2663399 0.9902194 -0.4488042
v 0.08221518 1.491971 -0.09708945
v -0.2326104 1.036948 -0.5722895
v 0.186465 1.575988 -0.08355185
v 0.02084519 1.24156 -0.5599237
v -0.1043132 1.122877 -0.6007621
v 0.03003184 1.339412 -0.3700373
v 0.1730867 1.551201 -0.1675206
v 0.1691024 1.534812 -0.2023585
v 0.1325071 1.477263 -0.3113623
v -0.1134464 1.126464 -0.596565
v -0.02583216 1.268838 -0.4525317
v -0.02961884 1.263907 -0.4555654
v 0.07441372 1.475312 -0.1708674
v -0.2192886 1.033099 -0.5711539
v -0.2420271 0.9812121 -0.5555354
v -0.243103 0.9767482 -0.5334721
v -0.1406155 1.243884 -0.327986
v -0.06502031 1.257601 -0.4170837
v 0.05645303 1.423546 -0.2451279
v 0.09056464 1.50787 -0.1125695
v 0.1043437 1.52463 -0.09627096
v 0.1645915 1.561008 -0.1308482
v 0.129445 1.488864 -0.2870266
v -0.0588461 1.141317 -0.5964035
v -0.1319545 1.123483 -0.5902252
v -0.1611271 1.156907 -0.5837552
v -0.2473791 1.043213 -0.3927504
v -0.1919154 1.185449 -0.295633
v 0.004081532 1.289063 -0.4530555
v 0.1490614 1.54301 -0.1822085
v -0.1971973 1.071315 -0.5799853
v -0.2306945 1.034208 -0.4510376
v 0.04832228 1.40172 -0.2710823
v 0.1129745 1.444415 -0.3554575
v 0.02078253 1.24369 -0.5591177
v -0.1595071 1.094302 -0.5868417
v -0.1753744 1.147868 -0.3995281
v 0.01115717 1.303324 -0.4351286
v 0.08365948 1.36279 -0.4630552
v -0.1007343 1.113565 -0.6026931
v -0.2079366 1.035338 -0.5715399
v -0.2409985 0.9796486 -0.5212699
v -0.2015981 1.110906 -0.3890372
v -0.03582986 1.267152 -0.4445245
v 0.06185727 1.462237 -0.1997706
v 0.1142185 1.543608 -0.1030443
v 0.146589 1.551229 -0.1631432
v 0.1381327 1.527419 -0.2170663
v 0.121073 1.474752 -0.3123036
v -0.0985387 1.117694 -0.6022292
v -0.1870583 1.051673 -0.579797
v -0.1989921 1.069318 -0.4679698
v 0.08627068 1.500358 -0.1571589
v 0.04896046 1.29378 -0.5285203
v -0.06250258 1.145921 -0.6008096
v -0.1354346 1.110271 -0.5903761
v -0.165834 1.06809 -0.5814567
v -0.1205938 1.205571 -0.4182523
v -0.09495518 1.213593 -0.4500398
v 0.1390933 1.558261 -0.08217116
v 0.1435685 1.556445 -0.1372757
v -0.1239776 1.105184 -0.5970926
v -0.2112402 1.006861 -0.5651038
v -0.1940131 1.05391 -0.4902449
v -0.1558116 1.162939 -0.4152267
v 0.03128363 1.37803 -0.3102341
v 0.07921395 1.489701 -0.1881846
v 0.07990092 1.365433 -0.4619854
v -0.01618488 1.2023 -0.5849769
v -0.1108094 1.113359 -0.5995528
v -0.2235693 1.002317 -0.520626
v -0.1336292 1.162731 -0.4664149
v 0.003301576 1.336626 -0.357749
v -0.1581405 1.074232 -0.5843936
v -0.2239271 0.9888595 -0.5541073
v -0.01578733 1.299521 -0.402934
v 0.02356431 1.355233 -0.3509789
v 0.04593976 1.430395 -0.2357914
v 0.1069946 1.538999 -0.1174501
v 0.1034331 1.432127 -0.3800696
v -0.06408229 1.151394 -0.5997131
v -0.2001575 1.01209 -0.5687749
v -0.2060668 1.009018 -0.5236813
v -0.1960582 1.02297 -0.5190911
v 0.05242176 1.457664 -0.2026453
v 0.1273919 1.548812 -0.1650507
v 0.1147364 1.481823 -0.2987113
v 0.04832451 1.29825 -0.5311086
v -0.1397141 1.095374 -0.5908471
v -0.1761026 1.081102 -0.4880729
v 0.06045957 1.483205 -0.1863225
v 0.0697464 1.482963 -0.2031253
v 0.1252173 1.521083 -0.2239542
v 0.07523407 1.37069 -0.4617381
v 0.01301441 1.243763 -0.5670164
v -0.04848093 1.167543 -0.5927871
v -0.1136608 1.107011 -0.6020085
v -0.1743906 1.046006 -0.5805342
v -0.2052623 1.004007 -0.5631392
v -0.05188692 1.251818 -0.4416853
v -0.01820707 1.352264 -0.3013153
v -0.005682081 1.404291 -0.2133531
v 0.1078304 1.525423 -0.189465
v 0.1183602 1.543063 -0.1522059
v 0.02098402 1.253576 -0.5578458
v -0.126442 1.099613 -0.5989377
v -0.1475853 1.080482 -0.5891764
v -0.2182517 0.9863747 -0.5530567
v -0.2036679 0.986914 -0.5497943
v 0.0227941 1.263415 -0.5391145
v 0.09667945 1.429967 -0.3898814
v -0.01785582 1.452987 -0.1089917
v 0.06467435 1.464888 -0.2523033
v 0.004382238 1.237275 -0.5470927
v -0.05434924 1.145507 -0.585323
v -0.1886951 0.9950165 -0.5641417
v -0.1858842 1.002604 -0.551696
v -0.1770621 1.029243 -0.5403398
v 0.009451807 1.391077 -0.2683664
v 0.1157878 1.518275 -0.2398967
v 0.1010735 1.459213 -0.339635
v -0.02322863 1.189433 -0.5700459
v -0.08042547 1.112523 -0.5888048
v -0.1471318 1.030454 -0.5891463
v -0.1577651 1.08231 -0.5141771
v -0.09404049 1.187902 -0.4890395
v 0.03383975 1.447089 -0.2014837
v 0.04469696 1.49563 -0.1351166
v -0.1747663 1.005613 -0.5709046
v -0.02686644 1.441135 -0.1282112
v 0.02916043 1.549982 -0.02693961
v 0.06552224 1.46595 -0.2661213
v 0.04300041 1.317914 -0.4927939
v -0.06567615 1.293113 -0.3695171
v 0.003706723 1.497944 -0.05869969
v 0.0555321 1.525341 -0.154654
v 0.06217024 1.395785 -0.4003717
v -0.09411162 1.095003 -0.5908478
v -0.1468246 1.032602 -0.5866851
v -0.09026597 1.202407 -0.4774132
v -0.04312842 1.35035 -0.291033
v 0.02201125 1.288109 -0.5165326
v -0.02272986 1.482474 -0.03659069
v -0.004774302 1.488522 -0.058005
v 0.01935945 1.492271 -0.1033475
v -0.04566553 1.160808 -0.5794994
v -0.03643182 1.456167 -0.08612166
v -0.01340286 1.538616 0.101923
v -0.148779 1.063342 -0.5517593
v -0.03753313 1.424618 -0.1605768
v 0.05594556 1.439264 -0.3353761
v -0.08559828 1.113426 -0.5896919
v -0.07464908 1.274353 -0.4038105
v -0.04686379 1.453369 -0.09156346
v -0.05274518 1.49864 0.02730881
v 0.008493289 1.559609 0.1082116
v 0.004175127 1.550637 0.04365513
v 0.06031311 1.473342 -0.2626422
v 0.05315568 1.509921 -0.1434609
v -0.005232632 1.228463 -0.5526004
v -0.04033905 1.181628 -0.5681781
v -0.119676 1.074923 -0.5875739
v -0.04595494 1.422507 -0.1641577
v -0.003969342 1.551156 0.1155899
v 0.0208153 1.57546 0.1047682
v 0.024287 1.579527 0.03394059
v -0.04981184 1.527776 0.08460358
v -0.01928516 1.547561 0.1147757
v 0.007657722 1.567343 0.07977746
v 0.04317389 1.560557 -0.04574022
v 0.03956163 1.340719 -0.4682117
v -0.1425726 1.062214 -0.5655214
v 0.01073548 1.568199 0.1219473
v 0.02290499 1.57926 0.1134986
v -0.04543005 1.182733 -0.5716599
v -0.07017197 1.338212 -0.3153325
v 0.0399615 1.567281 -0.02327118
v 0.05003253 1.435558 -0.3535903
v -0.1392989 1.055816 -0.5804754
v -0.07451108 1.502982 0.02307525
v -0.03234482 1.548148 0.111453
v 0.02680026 1.352948 -0.4653932
v -0.06271471 1.41282 -0.1895975
v 0.003294662 1.568752 0.1254847
v 0.02631071 1.597022 0.07184789
v 0.05244914 1.547867 -0.1624724
v -0.07260683 1.484835 -0.009884484
v 0.04849134 1.61053 0.02413308
v -0.147373 1.053667 -0.571969
v -0.1020299 1.162692 -0.5265982
v 0.05320211 1.561447 -0.1158229
v 0.04051806 1.394216 -0.4286681
v 0.006851614 1.313744 -0.4925018
v -0.07862402 1.137534 -0.589752
v -0.1082343 1.143955 -0.5405284
v -0.01071733 1.566801 0.1244857
v -0.09780246 1.112988 -0.5809324
v -0.1020617 1.14192 -0.5523834
v -0.08460368 1.486974 -0.03170396
v -0.02519149 1.57016 0.1219397
v 0.04172179 1.61768 0.08771221
v -0.06034867 1.165195 -0.5828528
v -0.08509834 1.250872 -0.4491206
v -0.07996821 1.293864 -0.3965128
v -0.08070595 1.331931 -0.3401695
v -0.05632597 1.535093 0.08126523
v 0.01841836 1.596013 0.1293045
v 0.04806414 1.615775 0.103492
v -0.02423784 1.238492 -0.5454326
v -0.08566076 1.131993 -0.5862899
v 0.003281116 1.593146 0.1372464
v 0.02543674 1.59049 0.1229279
v 0.05393475 1.637973 0.08061624
v 0.04667956 1.603399 -0.0984907
v -0.097058 1.132686 -0.5641956
v -0.08800247 1.444732 -0.1351135
v -0.08546626 1.513427 -0.001556627
v 0.04822122 1.627326 0.05840996
v 0.05146293 1.624998 -0.04877391
v 0.04469746 1.495301 -0.2972406
v 0.05269237 1.48849 -0.3455119
v -0.08327788 1.323705 -0.3856176
v 0.05718577 1.62737 0.1122268
v 0.05305389 1.611793 -0.01425305
v -0.08205362 1.219925 -0.5120893
v 0.03597291 1.623184 0.1340688
v 0.01382503 1.352234 -0.4785267
v -0.004508689 1.597852 0.1406096
v 0.06818432 1.641954 0.09889528
v 0.06241478 1.656285 0.0714943
v 0.06304216 1.663549 0.05477772
v 0.03650501 1.381334 -0.4612643
v 0.009832501 1.338835 -0.4841812
v -0.07687933 1.14927 -0.5778336
v -0.09347113 1.450754 -0.1364886
v -0.03242296 1.598297 0.1260329
v -0.04262067 1.561385 0.1059559
v 0.07510349 1.649899 0.1072386
v 0.04038578 1.556599 -0.2140787
v 0.04467015 1.507514 -0.2948351
v -0.07325436 1.557016 0.07755687
v -0.05881795 1.567145 0.09678979
v -0.07727836 1.230239 -0.5145791
v -0.09286482 1.412802 -0.2260443
v -0.093159 1.496691 -0.04802865
v 0.04608381 1.615297 0.121083
v 0.01180683 1.371331 -0.4737416
v 0.002712846 1.316157 -0.5045061
v -0.01793687 1.60154 0.13925
v 0.01539755 1.622507 0.1490183
v 0.07846186 1.680507 0.05750418
v -0.04774922 1.211676 -0.5654724
v -0.08478004 1.344783 -0.3697866
v -0.0008890033 1.616943 0.1533484
v 0.05460179 1.467046 -0.3852869
v -0.06089251 1.175772 -0.5791038
v -0.09598941 1.447913 -0.1880271
v -0.01180032 1.620915 0.1507807
v 0.07501569 1.657487 0.1172421
v 0.0888146 1.665443 0.09283667
v 0.05745482 1.647763 0.004414052
v 0.04041751 1.592048 -0.1952139
v -0.02750681 1.258923 -0.5417808
v 0.003038853 1.629268 0.1546619
v 0.01707414 1.63615 0.1517256
v -0.08710697 1.550163 0.02946104
v -0.05785304 1.582456 0.1047178
v -0.04422022 1.21992 -0.5658669
v -0.06885839 1.215605 -0.54155
v -0.04126683 1.602303 0.1240911
v 0.04401597 1.497928 -0.3667328
v 0.08354595 1.667038 0.08795588
v 0.1039287 1.69942 0.06176189
v 0.07451969 1.706899 0.01158486
v 0.05277106 1.683481 0.005097824
v 0.0316736 1.44935 -0.4196037
v 0.02293132 1.460564 -0.411816
v 0.01654342 1.381427 -0.4623215
v -0.05909164 1.21646 -0.5548033
v -0.09705915 1.487067 -0.08988067
v 0.02606325 1.64549 0.1518797
v 0.1016998 1.683344 0.09182016
v 0.039855 1.6268 -0.130937
v 0.01761346 1.421559 -0.4342863
v -0.08576605 1.389469 -0.3326543
v -0.09701118 1.544431 -0.009003915
v -0.00613679 1.636818 0.1554901
v 0.04896553 1.641996 0.1338192
v 0.03027987 1.485376 -0.3938889
v 0.001681834 1.349652 -0.4930298
v -0.07720778 1.33952 -0.4138538
v 0.01944767 1.646678 0.1559741
v 0.0493574 1.656047 0.1411402
v 0.05828322 1.562683 -0.2772636
v -0.08393373 1.390695 -0.3406231
v 0.03645863 1.656819 0.1494167
v 0.09743649 1.70396 0.04142146
v 0.05061042 1.570636 -0.3057025
v 0.0383819 1.50787 -0.3721286
v -0.06349499 1.347798 -0.4344416
v 0.006353557 1.658676 0.15816
v 0.02373464 1.665246 0.15805
v 0.05520792 1.633961 -0.2087006
v 0.05324771 1.559742 -0.3038395
v 0.01139225 1.451484 -0.4158702
v -0.08760897 1.372124 -0.3750364
v -0.09794354 1.498693 -0.1184527
v 0.1076767 1.71033 0.04302802
v 0.05685404 1.607582 -0.2500151
v -0.03753456 1.249484 -0.551774
v -0.03347325 1.3395 -0.5012537
v -0.07778083 1.389882 -0.3870874
v 0.1127974 1.708702 0.05274291
v 0.08506215 1.705969 0.02266453
v 0.0711246 1.714533 -2.367608E-05
v 0.04818743 1.689088 -0.0874002
v -0.0989894 1.565036 -0.04219317
v -0.05994722 1.623642 0.1324279
v 0.002549767 1.667389 0.1560589
v 0.09491888 1.676623 0.1023257
v -0.01579314 1.375151 -0.4916926
v -0.08996741 1.435693 -0.2723321
v -0.08858072 1.580025 0.06100183
v 0.02008541 1.669114 0.163074
v 0.1012522 1.689242 0.08257087
v 0.110492 1.722805 0.02032252
v 0.05556943 1.611409 -0.2743145
v 0.03252184 1.548042 -0.3496305
v -0.05460125 1.687932 0.1643132
v -0.03715681 1.625611 0.1379601
v 0.120622 1.724887 0.01494968
v 0.03978311 1.560997 -0.3368846
v 0.007717155 1.475183 -0.4072317
v -0.04599735 1.345335 -0.4811986
v -0.0874807 1.445733 -0.3073213
v -0.09078625 1.505723 -0.2006861
v -0.008560821 1.669093 0.1563223
v 0.02438903 1.68206 0.1803356
v 0.03872499 1.680587 0.1550216
v 0.0811033 1.684833 0.1230979
v 0.126705 1.717907 0.05608468
v 0.1344295 1.715011 0.02444166
v 0.04313596 1.60728 -0.3041653
v 0.06313014 1.681927 0.1384167
v 0.06451236 1.632927 -0.2605932
v 0.02688858 1.510131 -0.377477
v -0.05655709 1.387974 -0.4255923
v 0.1110349 1.735299 -0.01532196
v 0.07391258 1.663429 -0.2241973
v 0.0656077 1.641328 -0.2597885
v 0.001906395 1.680672 0.1621526
v 0.05171405 1.697462 0.1500234
v 0.09602848 1.732275 -0.01525703
v 0.05841079 1.699982 -0.1278164
v 0.1285817 1.734831 -0.0003758655
v 0.07170491 1.726763 -0.06640271
v -0.006732181 1.507518 -0.4243005
v -0.0336473 1.662374 0.1557664
v 0.01178877 1.689239 0.1797563
v 0.04620504 1.681316 0.1468351
v 0.01779067 1.540111 -0.3569011
v -0.005536593 1.451276 -0.4459388
v -0.06256303 1.418777 -0.3975455
v -0.08066339 1.68008 0.1198381
v -0.03997067 1.690847 0.1678946
v -0.001285464 1.693405 0.1657922
v 0.04512487 1.694125 0.1676436
v 0.1294126 1.727479 0.03204747
v 0.1359741 1.725854 0.02222899
v -0.02377927 1.374196 -0.4905713
v -0.07961425 1.44135 -0.3600153
v -0.07842274 1.465464 -0.3393378
v 0.08198689 1.695279 0.1277939
v 0.1163524 1.726024 0.1000636
v 0.1230401 1.73594 -0.005387831
v 0.06181117 1.649489 -0.2561902
v 0.02568826 1.560582 -0.3466071
v -0.07417545 1.484344 -0.2985009
v 0.02708547 1.700884 0.1852129
v 0.03806466 1.695736 0.1789798
v 0.04993747 1.719534 0.1650996
v 0.08701166 1.720159 0.1285004
v 0.1456727 1.736563 -0.0009837262
v 0.0346527 1.610085 -0.3034008
v -0.0008259267 1.525952 -0.4013471
v -0.04318623 1.411109 -0.4498288
v -0.07357825 1.432701 -0.3896035
v -0.07184241 1.670493 0.1362773
v 0.02210835 1.709113 0.1770057
v 0.06471717 1.714473 0.1402971
v 0.1128474 1.730638 0.1099061
v 0.1090637 1.71902 0.1086117
v 0.1024166 1.741917 -0.03851664
v 0.06556304 1.72175 -0.1162791
v 0.05675191 1.651678 -0.2676141
v 0.03688858 1.631011 -0.2941023
v 0.1430078 1.733635 -0.002642042
v 0.06252518 1.659022 -0.2564788
v 0.0252843 1.618715 -0.3105606
v -0.05511083 1.499314 -0.3572362
v 0.03289659 1.729088 0.1766355
v 0.01818692 1.585731 -0.3365601
v -0.07807668 1.520929 -0.3072013
v 0.02010311 1.718893 0.168837
v 0.1333476 1.737642 0.007610731
v 0.1530778 1.747777 -0.01692905
v 0.0863887 1.74476 -0.07424997
v 0.06606247 1.670307 -0.2289718
v 0.01266596 1.567577 -0.3608172
v 0.1379187 1.737805 0.02980355
v 0.1376778 1.746094 0.001665354
v -0.03993956 1.49922 -0.3945333
v -0.08501175 1.586704 -0.1569746
v 0.04312055 1.724921 0.1757201
v 0.1072222 1.731804 0.1163662
v 0.1508228 1.748368 -0.005740956
v 0.1393159 1.745992 -0.01482081
v 0.08444742 1.714126 -0.1608564
v 0.07781223 1.696306 -0.1950501
v 0.05832355 1.725525 0.1517734
v 0.08376768 1.733741 0.1299821
v 0.1249235 1.726222 0.08233221
v 0.1224229 1.751788 -0.0419166
v -0.01416596 1.501454 -0.4288589
v -0.07918859 1.590997 -0.2093563
v -0.06016299 1.729261 0.1627258
v -0.03105852 1.74699 0.1781023
v 0.1173866 1.763638 -0.06726713
v 0.08232442 1.746493 -0.1054436
v 0.07818808 1.71154 -0.187779
v -0.09527054 1.608243 -0.04549914
v -0.07897544 1.738586 0.1119571
v -0.02287954 1.721163 0.1746768
v -0.008742601 1.748972 0.1763175
v 0.01819599 1.736382 0.1664192
v 0.06922989 1.744175 0.1415079
v 0.1065377 1.742487 0.1151844
v 0.1483606 1.754616 0.002013762
v 0.1410347 1.75121 0.02302864
v 0.06924865 1.686626 -0.2331097
v 0.05915338 1.679195 -0.2471309
v 0.0460823 1.662009 -0.2655482
v -0.02158731 1.585007 -0.3593334
v -0.08620093 1.690097 -0.03199914
v 0.0534194 1.751304 0.1672871
v 0.1344934 1.751052 0.081668
v 0.05064941 1.691572 -0.2416712
v 0.0182002 1.61594 -0.321381
v 0.1372037 1.740068 0.05377569
v 0.1628502 1.756027 -0.02600506
v 0.08458982 1.732116 -0.1514909
v 0.02890037 1.64477 -0.2970504
v 0.1209264 1.753418 0.09954186
v 0.1532092 1.759071 0.01257992
v 0.1435816 1.761275 -0.02261157
v 0.08486462 1.755489 -0.104252
v 0.06265044 1.699157 -0.2336136
v -0.08336591 1.657394 -0.1367724
v -0.05113611 1.763804 0.1622116
v -0.01166822 1.763287 0.177169
v 0.03198227 1.66239 -0.2848608
v -0.01128923 1.604466 -0.3500197
v -0.0736706 1.618553 -0.2349216
v 0.04523239 1.758255 0.1673231
v 0.06298529 1.751262 0.1491596
v 0.07346255 1.760465 0.1359082
v 0.1471102 1.767072 0.05442707
v 0.1328222 1.759819 -0.03870997
v 0.07047204 1.712658 -0.1998789
v -0.06703237 1.661001 -0.201462
v -0.02921409 1.790572 0.1686234
v 0.001674771 1.766952 0.1724871
v 0.09699805 1.754607 0.1248115
v 0.1483112 1.76048 0.02732927
v 0.1543489 1.761101 -0.007448085
v 0.1697359 1.767934 -0.01862993
v 0.1633493 1.761927 -0.02460523
v 0.1036415 1.768469 -0.09090956
v 0.09566945 1.757384 -0.1274495
v 0.07407064 1.726024 -0.1899151
v -0.08099958 1.692516 -0.1078774
v 0.1415184 1.761295 0.06802157
v 0.1667629 1.767016 -0.007023479
v 0.08841145 1.742254 -0.1500819
v 0.04221367 1.686888 -0.2506277
v 0.02218045 1.655183 -0.3082945
v -0.06759097 1.823761 0.08542588
v 0.0320378 1.76509 0.1614264
v 0.04517285 1.768145 0.1669783
v 0.0683071 1.765826 0.1511045
v 0.1478584 1.775287 -0.03743229
v 0.07123945 1.713758 -0.2183801
v -0.03401099 1.567206 -0.3590867
v 0.05802292 1.76771 0.1609543
v 0.1063331 1.76249 0.1178926
v 0.1250091 1.762192 0.09971087
v 0.1364444 1.761677 0.08333901
v 0.1536627 1.770913 -0.01864911
v 0.02582292 1.71259 -0.2515966
v 0.003570385 1.795017 0.178689
v 0.03966181 1.78256 0.1701417
v 0.1081951 1.773853 0.1291522
v -0.004250087 1.623307 -0.3408888
v -0.05614053 1.782505 0.145819
v 0.1362545 1.773423 0.09795684
v 0.158143 1.775006 -0.01247858
v 0.1605424 1.776634 0.005101029
v 0.1379019 1.771137 -0.0514544
v 0.05694202 1.729994 -0.2193721
v 0.04705724 1.713673 -0.2259278
v 0.03619638 1.698406 -0.2502492
v 0.01905232 1.693502 -0.2796775
v -0.04929078 1.643875 -0.2686006
v -0.08316929 1.777958 0.000152383
v 0.1612794 1.772819 -0.001584249
v 0.1064261 1.777865 -0.09278016
v 0.06862172 1.744144 -0.1778838
v 0.0602774 1.729809 -0.2175031
v -0.06509892 1.695496 -0.1849683
v 0.02121346 1.789069 0.1762186
v 0.0915984 1.777333 0.1426559
v 0.1235957 1.775117 0.1186159
v 0.1481283 1.777133 0.0726906
v 0.09937371 1.768156 -0.1212029
v 0.09329443 1.761211 -0.133087
v 0.04772095 1.790992 0.1665331
v 0.1439016 1.786226 -0.05378037
v 0.06389582 1.73532 -0.2051131
v 0.1601035 1.780051 0.04358137
v 0.1118893 1.787876 -0.09020066
v 0.04606129 1.736415 -0.2036407
v 0.003219381 1.677296 -0.3088208
v -0.07516571 1.844059 0.0245333
v -0.05680623 1.841861 0.09771517
v -0.03755796 1.829643 0.1300205
v 0.1278987 1.787901 -0.07175719
v 0.07344483 1.764857 -0.1611042
v -0.03697286 1.747012 -0.2116658
v -0.01172348 1.80033 0.1702864
v 0.1309496 1.778982 0.1103152
v 0.05932213 1.742771 -0.2105041
v -0.008997306 1.644525 -0.3369485
v 0.08064892 1.782332 0.1505981
v 0.102623 1.783583 -0.1217305
v 0.06630226 1.747176 -0.1997271
v 0.04923183 1.803136 0.162007
v 0.1451236 1.78309 0.08253402
v 0.06836195 1.770205 -0.1726991
v 0.04223605 1.751041 -0.193693
v -0.07519473 1.748789 -0.1048372
v 0.09088801 1.793818 0.1436809
v 0.136473 1.789337 0.09661566
v 0.1672811 1.786105 0.003829684
v 0.1580896 1.785629 -0.02748276
v 0.030068 1.830045 0.1454363
v 0.1128282 1.800957 -0.08837663
v 0.1060867 1.790267 -0.1205477
v 0.0763436 1.775656 -0.1525499
v 0.05404156 1.758057 -0.1989067
v 0.0266738 1.759167 -0.2087363
v 0.01897782 1.725853 -0.2541261
v 0.03683097 1.805924 0.1665596
v 0.1026757 1.789236 0.1367053
v 0.1130484 1.792289 0.1249333
v 0.1091421 1.797031 -0.1171346
v -0.004541665 1.731369 -0.2573058
v -0.05332813 1.801299 -0.1445208
v -0.05387131 1.881981 0.06003441
v -0.0220063 1.822421 0.1453643
v 0.1686215 1.801461 0.04979284
v 0.1185919 1.803279 -0.1062275
v 0.06321178 1.779315 -0.1769902
v -0.06327187 1.870698 -0.09332673
v 0.1615912 1.806596 -0.04297937
v 0.1248606 1.806991 -0.07981023
v 0.1005661 1.800913 -0.1296145
v 0.05546244 1.776389 -0.1863188
v 0.04679701 1.772737 -0.1800325
v -0.02276127 1.740217 -0.2379868
v -0.04186966 1.881942 0.07442952
v 0.005335562 1.828756 0.1481886
v 0.09022482 1.807241 0.134997
v 0.1502852 1.805926 -0.05795849
v 0.0766712 1.783842 -0.1535406
v 0.02713805 1.785861 -0.1782109
v 0.01291115 1.785055 -0.1935201
v -0.06955857 1.895908 -0.0006693713
v -0.01962422 1.87469 0.09593664
v 0.1139091 1.80192 0.1213648
v 0.1251062 1.79648 0.1095812
v 0.05235239 1.786288 -0.1667807
v -0.0460755 1.91775 0.02940564
v 0.07433087 1.797464 -0.1582118
v 0.02473252 1.805888 -0.1658374
v 0.04900565 1.821306 0.1453534
v 0.06269536 1.81466 0.1456463
v 0.1618736 1.806647 0.06600414
v 0.1731212 1.799143 0.0333686
v 0.1760312 1.801489 -0.008011479
v 0.1740776 1.806784 -0.02372622
v 0.1190071 1.815552 -0.1012944
v 0.05498688 1.802187 -0.1603163
v 0.1433462 1.811695 0.09149935
v -0.02226261 1.838764 -0.1535659
v 0.06275839 1.836872 0.1290707
v 0.177381 1.805458 0.004861041
v 0.08496758 1.815202 -0.1317091
v 0.07298494 1.810233 -0.1536068
v 0.05947687 1.790675 -0.1762251
v -0.008797973 1.891041 0.08110576
v 0.04600153 1.841379 0.1288294
v 0.1707991 1.824436 -0.0347767
v 0.1270537 1.82162 -0.07730941
v 0.09258197 1.807606 -0.1324655
v -0.03480177 1.805804 -0.1693358
v -0.02900608 1.92326 0.02656412
v 0.009471141 1.860604 0.1178467
v 0.1317021 1.81175 0.1043117
v 0.03659236 1.811264 -0.1561946
v -0.002669059 1.787745 -0.1980441
v -0.04407556 1.857205 -0.1183162
v 0.0936041 1.824552 0.1228477
v 0.1783122 1.828102 -0.01606592
v 0.1168336 1.821881 -0.109671
v 0.09138031 1.822394 -0.1309515
v 0.06931094 1.817748 -0.1488369
v 0.01336179 1.818328 -0.1608883
v 0.001198553 1.855927 -0.1369268
v -0.0521749 1.912118 -0.06843676
v -0.05637912 1.924449 -0.003105316
v 0.07623602 1.830799 0.1277025
v 0.110506 1.813954 0.1194965
v 0.1204072 1.819511 0.1113396
v 0.1729504 1.815392 0.04766757
v 0.0443305 1.818128 -0.1510201
v -0.01297162 1.83232 -0.1577839
v 0.1547427 1.822759 0.07118721
v 0.1223374 1.823861 -0.08508031
v 0.01860917 1.854174 -0.1292747
v -0.06024295 1.923064 -0.03984236
v 0.03274076 1.847724 0.1266854
v 0.1739872 1.826299 0.04056789
v 0.1806844 1.822365 -0.002592831
v 0.1527567 1.82563 -0.0576824
v 0.05391622 1.83689 -0.1333284
v 0.02637728 1.83656 -0.1454696
v -0.04462571 1.899034 -0.09004037
v 0.01836041 1.866065 0.1099456
v 0.03819824 1.868744 0.1014528
v 0.05018305 1.84867 0.1208037
v 0.1024794 1.834609 0.1057514
v -0.04291099 1.940049 -0.01076589
v -0.004460111 1.905301 0.06348392
v 0.1607401 1.830356 -0.04674252
v 0.1046535 1.823881 -0.1209745
v 0.07851876 1.82939 -0.1376507
v -0.02929489 1.892069 -0.1034153
v 0.1241415 1.835394 -0.07402603
v 0.1800902 1.82785 0.01121211
v 0.1280118 1.8424 -0.06896161
v 0.06465647 1.83263 -0.1401306
v 0.03952333 1.846389 -0.1367249
v 0.08746798 1.837288 0.1124634
v 0.132155 1.824099 0.09928274
v 0.1471092 1.833453 -0.05922656
v 0.1205563 1.836215 -0.09389183
v 0.1178159 1.845619 -0.09304199
v 0.08506183 1.834892 -0.120071
v 0.07511268 1.83837 -0.1273667
v 0.06382743 1.851482 0.1093321
v 0.1421599 1.827096 0.08674699
v 0.1599377 1.840133 -0.04731194
v 0.01099696 1.880142 -0.1142888
v -0.007451512 1.879118 -0.1199875
v -0.03081672 1.938934 -0.03012809
v 0.1146629 1.835881 0.09801628
v 0.1078246 1.844198 -0.102595
v -0.02875371 1.915712 -0.08048508
v -0.04141197 1.925674 -0.06876721
v 0.004010707 1.911038 0.05674642
v 0.06786011 1.851783 0.1106525
v 0.1025483 1.833328 0.1312572
v 0.157159 1.834711 0.06105768
v 0.1720038 1.842527 -0.02423045
v 0.1401034 1.846942 -0.0583925
v 0.05605226 1.840821 -0.1416056
v 0.176921 1.840235 -0.005100747
v 0.02568044 1.860095 -0.1290767
v 0.01931059 1.874944 -0.1163507
v 0.02401178 1.880519 0.09085798
v 0.1116602 1.839255 0.1276734
v 0.1442479 1.834973 0.0770452
v 0.1227894 1.849465 -0.08518166
v 0.08109988 1.84659 -0.1207309
v -0.01424665 1.902235 -0.1015984
v -0.02760164 1.931862 -0.05517657
v 0.06262789 1.85324 0.1287512
v 0.1126886 1.836053 0.1085308
v 0.1722255 1.839062 0.02471219
v 0.04994489 1.853056 -0.1377663
v 0.0365559 1.853623 -0.1374758
v 0.05849295 1.864525 0.09707131
v 0.1615829 1.844319 0.04150081
v 0.1415608 1.85285 -0.05280299
v 0.04608508 1.867114 -0.1243236
v 0.03674413 1.888649 0.07585592
v 0.1200945 1.844504 0.0879978
v 0.1307937 1.841501 0.08454208
v 0.1423971 1.846954 0.06568371
v 0.1643302 1.847809 0.01748818
v 0.165375 1.854857 -0.01480123
v 0.1606477 1.852592 -0.03131281
v 0.1083324 1.855997 -0.09637655
v -0.007155046 1.928293 0.0276918
v 0.06245779 1.869834 0.08773164
v 0.07760379 1.854504 0.1344798
v 0.1003724 1.843865 0.1285576
v 0.06732479 1.857341 0.132417
v 0.02793906 1.875107 -0.1213406
v 0.009770252 1.896069 -0.1019912
v -0.00548026 1.909557 -0.09532839
v -0.01175922 1.93343 -0.04732607
v -0.01325386 1.937923 -0.02462273
v 0.05543167 1.868234 0.1069158
v 0.1177849 1.844232 0.09645926
v 0.1188294 1.851663 0.081306
v 0.1711113 1.850185 0.001168162
v 0.1318388 1.854035 -0.06596864
v 0.04799489 1.878075 -0.1060261
v 0.0383177 1.884988 -0.1056432
v 0.00299412 1.93172 0.004347825
v 0.05737879 1.871541 0.1000625
v 0.1120155 1.854865 0.09763912
v 0.1529478 1.853793 0.03289109
v 0.1211705 1.859255 -0.08163983
v 0.0737419 1.861528 -0.1162667
v 0.02500714 1.900953 -0.08947942
v 0.001778446 1.933888 -0.02142028
v 0.02295013 1.905363 0.05627415
v 0.04222446 1.897102 0.05716546
v 0.06031097 1.869642 -0.1136034
v 0.1170648 1.853943 0.08814985
v 0.03490223 1.908261 0.03416159
v 0.07479583 1.861003 0.1291942
v 0.1058566 1.852402 0.1199223
v 0.1413428 1.861606 -0.04126387
v 0.05953668 1.886355 -0.1024419
v 0.02162774 1.888197 -0.1059012
v 0.001518272 1.927557 -0.06672476
v 0.125341 1.852622 0.07151907
v 0.1352222 1.862405 0.04863125
v 0.14171 1.858439 0.04561894
v 0.0249935 1.918532 -0.06629889
v 0.05977699 1.875969 0.09659955
v 0.07289488 1.862724 0.1153212
v 0.07180864 1.870906 0.1031903
v 0.1509947 1.862554 -0.0008888501
v 0.0906525 1.86252 -0.1078239
v 0.06922407 1.877237 -0.1084079
v 0.1255624 1.85648 0.08318994
v 0.1582121 1.857095 0.0137294
v 0.1310912 1.867302 -0.05778907
v 0.1066668 1.861328 -0.09996866
v 0.09297165 1.87598 -0.09909862
v 0.04120857 1.898464 -0.09310159
v 0.02910703 1.920546 -0.04321247
v 0.08854586 1.861291 0.1273714
v 0.09987651 1.864281 0.1138251
v 0.1087618 1.864531 0.09831814
v 0.1237753 1.862295 0.08621393
v 0.139643 1.865984 0.01447155
v 0.1412879 1.867108 -0.02842285
v 0.1272322 1.875117 -0.05361421
v 0.1404451 1.869021 -0.01044823
v 0.1190174 1.872132 -0.06987844
v 0.04133973 1.907882 -0.07086661
v 0.1308357 1.85937 0.06692897
v 0.1357986 1.866068 0.03171382
v 0.06381077 1.896091 -0.07950413
v 0.05063888 1.908125 -0.04440711
v 0.03068253 1.919816 0.001517015
v 0.06191903 1.886139 0.07950383
v 0.121194 1.867587 0.07925447
v 0.04670091 1.913595 -0.006543269
v 0.0661893 1.887568 0.08976255
v 0.1295861 1.86781 0.05675204
v 0.07967217 1.890942 -0.08596817
v 0.05641694 1.898472 0.04645054
v 0.07834177 1.869395 0.1192301
v 0.1206997 1.871338 0.07078056
v 0.1311687 1.872432 0.03088271
v 0.1299834 1.875372 -0.03279268
v 0.07791561 1.876595 0.1033753
v 0.101588 1.870516 0.1055854
v 0.1075413 1.875154 0.09847195
v 0.1141026 1.884292 -0.04366588
v 0.1183107 1.8809 -0.0630976
v 0.08654791 1.886146 -0.0937354
v 0.06328082 1.901028 -0.05612351
v 0.05037531 1.913035 -0.03111627
v 0.05744489 1.904991 0.03103957
v 0.07015216 1.887695 0.06804889
v 0.06516045 1.890815 0.0780587
v 0.09187036 1.874846 0.106478
v 0.1192255 1.883726 -0.01911104
v 0.1092403 1.888601 -0.06905303
v 0.09705725 1.884536 -0.08567144
v 0.07179844 1.89422 0.04630425
v 0.1176557 1.874956 0.08255938
v 0.1166871 1.876717 0.05274456
v 0.1263811 1.87699 0.03042975
v 0.1341089 1.875374 -0.005135903
v 0.1114099 1.889622 -0.004338348
v 0.06705465 1.902108 0.03224237
v 0.1196098 1.877522 0.06778792
v 0.07686123 1.898619 -0.06665738
v 0.06548942 1.905038 -0.001805754
v 0.07632297 1.890767 0.06983667
v 0.07893103 1.885361 0.08843018
v 0.1163919 1.883362 0.07856724
v 0.10618 1.892594 -0.02648952
v 0.1105597 1.891733 0.007328549
v 0.0713135 1.904295 -0.05302416
v 0.07787172 1.895969 0.04824096
v 0.09466282 1.887029 0.08912361
v 0.1258384 1.87881 0.06040133
v 0.1285367 1.88218 0.04165686
v 0.1249162 1.884361 0.03085792
v 0.1152139 1.884647 0.02173433
v 0.09522133 1.893387 -0.07135691
v 0.06710679 1.90591 -0.03926291
v 0.06782841 1.905311 -0.02623603
v 0.06876743 1.90783 -0.003227836
v 0.07083357 1.905002 0.02136022
v 0.1217364 1.887826 0.05189204
v 0.08132576 1.906884 -0.05326529
v 0.08239254 1.889714 0.08322242
v 0.1020253 1.882515 0.09450531
v 0.1113648 1.890836 0.06432404
v 0.1041041 1.896705 -0.03885674
v 0.0870963 1.895673 0.05262587
v 0.1110876 1.896574 -0.05722348
v 0.07165819 1.909192 -0.01807369
v 0.1053197 1.902077 -0.03845237
v 0.08238399 1.908304 -0.03723561
v 0.1107117 1.896424 0.04533795
v 0.1028416 1.900882 -0.008419566
v 0.09318584 1.907222 -0.05435489
v 0.08781963 1.904703 0.03525129
v 0.09123701 1.89976 0.04783293
v 0.1042728 1.896132 0.07029588
v 0.1089245 1.899004 0.06529988
v 0.118023 1.893628 0.02380171
v 0.1115714 1.900738 0.007463175
v 0.09957443 1.899064 0.06093889
v 0.07908355 1.914661 -0.04940004
v 0.07907061 1.910642 0.01475742
v 0.1025915 1.900116 0.04757983
v 0.1017241 1.908208 -0.009684575
v 0.1021947 1.905769 -0.04458535
v 0.09484971 1.909421 0.01467104
v 0.1030205 1.909856 0.007283316
v 0.0932294 1.913682 -0.03080506
v 0.09429942 1.912235 -0.01903182
v 0.08938022 1.493104 -0.2190024
v -0.3313195 1.596771 0.7119265
v 0.3843042 0.6593598 -0.1782956
v 0.03459238 1.400422 -0.1887711
v 0.03644644 1.371403 -0.4611554
v 0.2582824 1.590377 -0.0243454
v 0.3702973 1.0029 -0.2519993
v 0.3368883 0.06970976 -0.05871567
v 0.300697 0.1995797 -0.0747633
v 0.3337741 0.2765906 -0.05818541
v 0.3410137 0.1004403 -0.1543193
v -0.08075534 1.043902 -0.4828201
v -0.4008638 1.043534 -0.3715938
v -0.4341364 1.000958 -0.271562
v -0.06425491 0.7842778 -0.2152218
v 0.3195177 0.317669 -0.05787456
v 0.3267895 0.0733643 -0.06592487
v 0.2552549 1.256109 -0.06338634
v 0.3289044 0.1488391 -0.03580257
v 0.3503282 0.1529503 -0.1663312
v 0.3893101 0.1171725 -0.1452312
v 0.3244059 1.435922 0.08961643
v 0.3700999 0.9744362 -0.2774866
v -0.04335909 0.6003951 -0.0206272
v 0.3308988 0.09658969 -0.1425554
v -0.3519261 1.053858 -0.1131927
v -0.07746512 1.335461 -0.4060507
v -0.2403077 1.102504 -0.5735421
v 0.3153808 1.460254 -0.06126821
v 0.351119 0.08598521 -0.002943257
v 0.2895202 1.044237 -0.1207469
v 0.1340046 1.748601 -0.02244165
v -0.08774817 0.9831562 -0.3958012
v -0.04517088 0.5841618 -0.01649138
v 0.4105995 0.4983885 -0.1332966
v 0.2574897 1.393797 -0.1442021
v 0.1694898 1.263104 -0.5437973
v 0.1923208 1.269859 -0.5123078
v 0.01551153 0.1609526 -0.04205915
v 0.332533 1.032467 -0.3310891
v 0.170006 1.570614 -0.08630064
v 0.03075481 1.168503 -0.3274538
v 0.3755974 0.9788127 -0.2463032
v 0.06025564 0.1675301 -0.1064318
v 0.06168988 0.1709534 -0.1320345
v 0.325267 1.432723 0.06971283
v 0.3256008 1.440169 0.05263845
v 0.01739861 0.1393275 -0.1418749
v -0.001588122 0.1428151 -0.1585583
v -0.1544944 1.537123 -0.4313293
v 0.2805903 1.221832 -0.4230896
v 0.3395213 0.1355883 -0.09804861
v -0.3882612 1.032165 -0.1009131
v 0.2202719 1.336046 0.02727843
v 0.1191869 1.805408 -0.08735777
v 0.1268455 1.236619 -0.5799057
v 0.1360148 1.245832 -0.5821957
v 0.1128454 1.226929 -0.591357
v 0.0464054 1.645133 -0.1546115
v 0.3161132 0.7624811 -0.2867721
v 0.3206129 0.7653657 -0.2646249
v 0.3281213 1.458153 0.0006838096
v -0.01355557 0.1187044 -0.026869
v 0.00351426 0.1206148 -0.009403756
v -0.03252228 0.1151239 -0.01980367
v 0.008437295 0.1214504 -0.01650551
v 0.1144507 1.888179 -0.0565559
v 0.1250527 1.882858 -0.06144127
v 0.1129415 1.297703 0.03339458
v 0.1083993 1.293297 0.04277919
v -0.08623851 1.068788 -0.4878817
v -0.01563129 1.513628 0.02800405
v -0.02756362 1.511856 0.04565569
v -0.03164864 1.530045 0.09156904
v -0.005203784 1.529526 0.02891409
v -0.04250373 1.488099 -0.00257358
v -0.007882454 0.1241375 -0.02118094
v 0.07896075 1.687939 -0.1864506
v 0.06682941 1.651829 -0.2176616
v 0.05064991 1.665108 -0.166526
v 0.06254049 1.650488 -0.2077856
v 0.06397222 1.694137 -0.1575863
v 0.03570629 0.1667213 -0.1606777
v 0.05118364 0.1697677 -0.1721418
v 0.01293082 0.1701055 -0.1608007
v 0.08643773 1.846016 0.1290557
v 0.07714067 1.845126 0.114385
v 0.09262455 1.837624 0.1121432
v 0.06170157 1.85462 0.1210941
v -0.05678994 1.10295 -0.5499936
v -0.04496353 1.111303 -0.5534005
v -0.06528166 1.320388 -0.2881189
v -0.08457986 1.327383 -0.203568
v -0.09053241 1.320613 -0.2516154
v -0.06805602 1.32619 -0.2484642
v 0.242507 1.296229 0.001003161
v 0.3117169 0.1560184 -0.1491638
v 0.3157868 0.1556429 -0.1140889
v 0.3208748 0.1511135 -0.1632927
v 0.09913758 0.1273966 -0.08751963
v 0.08079539 0.119809 -0.06949715
v 0.09594037 0.1351485 -0.109604
v 0.09150773 0.1346063 -0.1221958
v 0.08553038 0.1291133 -0.1022146
v 0.07579839 0.1187887 -0.07203139
v 0.07736623 0.1253136 -0.09413581
v 0.01151205 0.1797854 -0.0557527
v -0.0008226918 0.1669147 -0.04079159
v 0.01832638 0.1858008 -0.02472616
v -0.007656379 0.1567738 -0.02039166
v 0.0006994829 0.1651193 -0.01435268
v 0.3419625 0.1457551 -0.0608405
v 0.3568543 0.1367691 -0.06145501
v 0.311477 0.1544024 -0.08693523
v 0.3269811 0.1482436 -0.07933304
v 0.3128405 0.1650994 -0.06349458
v 0.3101924 0.1626932 -0.07448972
v 0.335634 0.9815392 -0.3207647
v 0.3373286 0.960366 -0.3140316
v 0.3323787 0.9667516 -0.3387163
v 0.3338265 1.010706 -0.3324911
v -0.06477083 1.501685 -0.3431338
v -0.076617 1.558783 -0.2951492
v -0.05782403 1.588442 -0.2868658
v 0.4048733 0.08719592 0.05106061
v 0.4183189 0.08587403 0.05147897
v 0.4019924 0.0876427 0.08059203
v 0.4158287 0.08771081 0.07313115
v 0.4263367 0.08777267 0.07870576
v 0.3885876 0.08685103 0.06873668
v 0.444019 0.0802591 0.04414428
v 0.4379392 0.08619012 0.06865094
v -0.6765714 1.325157 0.8327684
v -0.6792369 1.320681 0.8536866
v -0.681455 1.331209 0.8575855
v 0.05017418 1.894167 0.0630591
v 0.05471786 1.882074 0.07381739
v 0.02860904 1.918062 0.01531361
v 0.05845798 1.880977 0.0856204
v -0.662788 1.341059 0.8712955
v -0.6664433 1.347479 0.8736805
v -0.01114189 0.08003034 0.1105076
v -0.02615678 0.08623213 0.05795268
v -0.04195631 0.08174559 0.07753857
v -0.01833926 0.08443442 0.08649229
v 0.0168452 0.0888219 0.0540701
v -6.907366E-05 0.08828998 0.0654509
v 0.3323792 1.132443 -0.3278213
v 0.3342351 1.157058 -0.3334629
v 0.3330331 1.143067 -0.3448405
v -0.02500051 0.5307963 -0.02132559
v -0.03404693 0.556824 -0.02923624
v -0.02184938 0.548638 -0.03729464
v -0.01715765 0.5188621 -0.01945575
v -0.008618234 0.4935806 -0.01466703
v 0.208274 1.065923 -0.1322416
v 0.1076442 1.124238 -0.2311116
v 0.1975419 1.075599 -0.1556288
v 0.04785373 1.156968 -0.3034993
v 0.1828307 1.069629 -0.1205688
v 0.136129 1.091812 -0.1636462
v 0.1086872 1.099876 -0.1698737
v 0.07446818 1.130517 -0.2412281
v 0.1701998 1.076114 -0.1405582
v 0.1962135 1.062431 -0.1053246
v -0.3093989 1.03334 -0.5085117
v -0.3824663 1.02781 -0.2318879
v -0.3698537 1.060105 -0.1056192
v -0.1794407 1.380726 -0.4961318
v -0.2651389 1.112417 -0.5417107
v -0.4086611 1.00493 -0.1318932
v -0.2756886 1.092008 -0.5132692
v -0.4128418 0.9796664 -0.2604997
v -0.4187727 0.980311 -0.1943433
v 0.07991274 1.911892 -0.0006894232
v 0.09305991 1.914504 -0.00653999
v 0.1051291 1.904155 0.02648758
v 0.2872985 1.232159 -0.1495962
v 0.2698038 1.248979 -0.09647109
v 0.2882974 1.231843 -0.1757793
v 0.2905366 1.230232 -0.2637832
v 0.2797059 1.23724 -0.1187739
v 0.2930432 1.231288 -0.2893011
v 0.3017718 1.235541 -0.2662458
v 0.2955094 1.240039 -0.2159913
v 0.2849637 1.244259 -0.1546142
v 0.2112336 1.434485 0.09422088
v 0.2306174 1.408897 0.07933788
v 0.1954175 1.449058 0.09888474
v 0.2175 1.428517 0.09397636
v 0.2344925 1.453995 0.1388992
v 0.2110426 1.459252 0.1259027
v 0.2288107 1.415468 0.08577773
v 0.2054229 1.434595 0.08883867
v 0.2308696 1.431442 0.1091428
v 0.2203992 1.418773 0.08275994
v -0.05399495 0.6882797 -0.114522
v -0.03945892 0.6331817 -0.08518478
v -0.03645526 0.6131966 -0.07572371
v 0.1649722 1.283273 0.01482378
v 0.1993243 1.273536 -0.00422217
v 0.1621629 1.27858 0.01968182
v 0.1815093 1.280186 0.000243783
v 0.1313511 1.294288 0.0244263
v 0.2201329 1.268906 -0.02365139
v 0.2718555 1.398652 0.06754264
v 0.2559563 1.44058 0.1423405
v 0.2470849 1.437727 0.1251342
v 0.2658515 1.379636 0.03600886
v 0.2770707 1.414178 0.09749375
v 0.3083261 1.481437 0.2235483
v 0.2524369 1.405967 0.08388504
v 0.3005238 1.472852 0.2019027
v 0.2744978 1.383418 0.01696608
v 0.2879217 1.440574 0.1361698
v 0.2864581 1.399527 0.02467449
v 0.296519 1.461016 0.1823672
v 0.2781007 1.457615 0.1770191
v 0.2631373 1.422721 0.1196697
v 0.2698053 1.447109 0.1583165
v 0.2601945 1.396347 0.07183487
v -0.3908823 0.9596997 -0.1398322
v -0.3927837 0.9991447 -0.08659801
v -0.356182 1.020234 -0.04937874
v -0.378038 1.007419 -0.05990849
v -0.3517627 1.002024 -0.08915351
v -0.3669321 0.9834406 -0.1012224
v -0.4063648 0.9563347 -0.1625468
v -0.3538737 1.018684 -0.07303171
v -0.3804681 0.9785587 -0.1112596
v -0.3723156 1.001786 -0.07945351
v -0.406406 1.003372 -0.06657928
v -0.3990791 0.9996157 -0.08236276
v -0.3647306 1.016284 -0.03717095
v -0.346213 1.067792 -0.001543358
v -0.4075963 0.9861946 -0.1150537
v -0.3600545 1.019749 -0.0504055
v -0.3993714 0.985378 -0.1204293
v -0.3863673 0.9860098 -0.1134449
v -0.3719538 0.982378 -0.1007885
v -0.360101 1.001823 -0.08931357
v -0.3726808 0.992066 -0.09390289
v -0.3611479 1.008719 -0.07712354
v 0.3607828 0.02115996 -0.1211077
v 0.4159723 0.03977725 -0.03882336
v 0.3757368 0.03820692 0.0299564
v 0.3573198 0.01219423 -0.1504815
v 0.3874614 0.01953552 -0.1318784
v 0.4602646 0.04471474 0.09961296
v 0.3965586 0.04882529 0.1067686
v 0.4179864 0.04342799 0.04913788
v 0.3827274 0.04572683 0.08790598
v 0.4334161 0.04850255 0.1119128
v 0.375414 0.03543498 0.008765251
v 0.4326491 0.0393087 -0.0008483942
v 0.4403174 0.05057871 0.1243707
v 0.3368452 0.01456051 -0.1274326
v 0.4187936 0.05002325 0.1263507
v 0.4080026 0.04005913 0.006197488
v 0.4071528 0.04555527 0.07227523
v 0.3706995 0.03194979 -0.007700379
v 0.3913928 0.04153128 -0.06441559
v 0.3493455 0.02091098 -0.07432937
v 0.4497125 0.03860167 0.01280511
v 0.4370522 0.04033404 -0.0109406
v 0.3522972 0.02023967 -0.1127361
v 0.3515769 0.02104949 -0.09471841
v 0.3719988 0.04123796 0.05343555
v 0.4094242 0.0493957 0.1202797
v 0.4459425 0.04367873 0.04694486
v 0.3662814 0.02828008 -0.03223968
v 0.3450627 0.01430882 -0.1389795
v 0.4325918 0.04688207 0.09228235
v 0.3775171 0.02365692 -0.1199788
v 0.3715946 0.03155312 -0.0968426
v 0.4052237 0.04769835 0.09837122
v 0.4457174 0.04007633 0.00254669
v 0.3998649 0.04124426 0.03568633
v 0.4019898 0.04008415 -0.06185655
v 0.3893283 0.03725136 0.001669064
v 0.3742428 0.04336322 0.073627
v 0.4115225 0.04106154 -0.02029544
v 0.3916578 0.0430319 0.05474114
v 0.3703975 0.02904688 -0.03629856
v 0.4571184 0.04383234 0.08537859
v 0.4601377 0.04107944 0.04522941
v 0.3943191 0.04708755 0.09178057
v -0.134669 1.056283 -0.5896292
v 0.08364381 1.427926 -0.364179
v 0.04928488 1.322043 -0.4921691
v -0.1353881 1.081291 -0.5948238
v 0.07633312 1.431509 -0.3343467
v 0.1077395 1.50334 -0.2600583
v 0.07801977 1.381955 -0.441633
v -0.1528675 1.066158 -0.5842499
v -0.2019854 0.9924821 -0.5611451
v 0.08332208 1.46046 -0.2791489
v 0.07253309 1.40788 -0.3898205
v -0.1699408 1.011158 -0.5811394
v -0.1808811 1.026238 -0.5767334
v 0.09038281 1.453965 -0.3256551
v 0.07215267 1.380025 -0.4318127
v -0.1072424 1.103913 -0.5999533
v 0.1168347 1.846636 0.1165477
v 0.1009771 1.910048 -0.01713004
v -0.03883836 0.03154369 -0.02130399
v 0.002970401 0.03463969 0.01489145
v -0.0606119 0.03075465 0.03394588
v -0.03127858 0.03401598 0.05825816
v 0.02850918 0.03651774 0.02154656
v -0.05438393 0.03232707 0.08975594
v 0.05664913 0.0535549 -0.1340628
v 0.00155676 0.03501382 0.04107264
v 0.01776505 0.0472283 -0.1207368
v 0.04489122 0.05497736 -0.1136568
v 0.01426607 0.04596015 -0.1405066
v 0.03461972 0.03661473 0.05040704
v -0.006081516 0.03720427 -0.08775733
v -0.00149322 0.03727197 -0.1053015
v 0.03375914 0.04723025 -0.09166919
v 0.003959838 0.03998624 -0.1205024
v 0.01298305 0.04159297 -0.08181198
v 0.01891698 0.04458294 -0.09774716
v 0.03419753 0.05486485 -0.1210713
v -0.02960372 0.03527274 -0.05233656
v -0.06004462 0.03026861 0.01996258
v 0.03629917 0.03835599 -0.05164304
v 0.000364293 0.034482 0.1093004
v 0.0195778 0.03876683 -0.0578603
v 0.01640336 0.03601461 0.1012083
v 0.029385 0.03520329 -0.008874745
v 0.06885564 0.05110129 -0.1474073
v 0.06701034 0.04547234 -0.08876564
v 0.05435542 0.05168126 -0.1036441
v 0.05659512 0.04614855 -0.08104902
v -0.05013923 0.03092027 0.004086414
v 0.00435993 0.04142586 -0.1305165
v -0.008126609 0.0341757 -0.04664023
v 0.03675139 0.03476749 -0.02834059
v 0.005453085 0.03538121 -0.03597796
v -0.02734475 0.03275513 -0.03852439
v 0.04441842 0.03694943 -0.04513279
v 0.01986153 0.0478652 -0.1492277
v -0.05701495 0.03203698 0.06236901
v -0.004759744 0.03557804 -0.06811749
v -0.009812061 0.03386526 -0.001126541
v 0.07084619 0.04807585 -0.1056405
v -0.003662381 0.03449865 0.1236724
v 0.04858951 0.04391327 -0.06966132
v 0.03405044 0.05052089 -0.1573972
v 0.01196753 0.03550272 0.07105656
v -0.02739844 0.03377926 0.1004922
v -0.03707372 0.03214154 0.01976631
v -0.02587662 0.03400534 0.07907979
v -0.0429325 0.03438072 0.1157108
v 0.175114 0.7535361 -0.1633346
v 0.1691372 0.7458504 -0.1973528
v 0.1703956 0.7508875 -0.1751609
v 0.173565 0.7643531 -0.14114
v 0.1742144 0.7793213 -0.1185824
v 0.1648923 0.7408171 -0.166669
v 0.1523187 0.6997285 -0.1294343
v 0.1538343 0.7296422 -0.1254003
v 0.1584973 0.7311524 -0.137495
v 0.1626494 0.7640606 -0.1253499
v 0.1604525 0.7478694 -0.1304686
v 0.1710485 0.7734703 -0.1236747
v 0.1664746 0.7446451 -0.1842696
v 0.15363 0.7179734 -0.1248539
v 0.1583788 0.7152588 -0.1499555
v 0.1682306 0.7543513 -0.1601175
v 0.1694051 0.7622036 -0.1419889
v 0.1494104 0.6867096 -0.1193065
v 0.1818165 0.7593298 -0.1377357
v 0.1916389 0.7213514 -0.1432379
v 0.210012 0.6611091 -0.1046422
v 0.1758871 0.7459178 -0.1933475
v 0.203189 0.6876764 -0.1233618
v 0.1898245 0.7242619 -0.1767439
v 0.2100935 0.6859528 -0.1059214
v 0.189228 0.7206862 -0.1601935
v 0.2061336 0.7178127 -0.1015547
v 0.2008472 0.7353007 -0.1026587
v 0.2033952 0.6724559 -0.1243783
v 0.178114 0.747534 -0.1714975
v 0.1974764 0.7219375 -0.1211603
v -0.4025676 0.9442527 -0.1707757
v -0.3977577 0.9500523 -0.1629467
v -0.4093212 0.9409755 -0.1923548
v -0.4032792 0.9530304 -0.1569176
v -0.4011186 0.9502662 -0.1596062
v -0.4080131 0.969049 -0.1359036
v -0.4242981 0.9340401 -0.1937282
v -0.3631444 1.088314 -0.07586117
v -0.4349092 1.027754 -0.1985218
v -0.4291817 0.9748865 -0.1543724
v -0.4371716 0.9467875 -0.1958708
v -0.4103422 0.9403963 -0.1647744
v -0.4022223 1.005084 -0.1178621
v -0.3809096 1.055529 -0.09353253
v -0.4097036 1.025156 -0.117076
v -0.4127948 0.9337995 -0.1951998
v -0.4127781 1.070202 -0.1303108
v -0.3988383 1.065661 -0.1075579
v -0.4309529 1.013618 -0.1469338
v -0.4205859 0.9416865 -0.1774059
v 0.3795577 1.548773 0.303007
v 0.3684927 1.593007 0.386321
v 0.3223391 1.510694 0.2548881
v 0.3733951 1.511743 0.2424837
v 0.3340055 1.585641 0.3571435
v 0.3138976 1.570967 0.3312845
v 0.3382842 1.56562 0.337724
v 0.3449374 1.514191 0.2568291
v 0.3635243 1.516068 0.2555444
v 0.3478622 1.550321 0.3213192
v 0.3238868 1.502792 0.2420034
v 0.3337519 1.491059 0.237693
v 0.3190838 1.53496 0.2912034
v 0.374857 1.57678 0.3564465
v 0.339256 1.525661 0.2783986
v 0.3438115 1.499092 0.2402485
v 0.3633726 1.526395 0.2701619
v 0.3613514 1.565078 0.3423523
v 0.3324582 1.490159 0.2215157
v 0.3515248 1.531011 0.2855014
v 0.3345923 1.535516 0.2967261
v 0.3109927 1.543395 0.3002329
v 0.5556778 1.562475 0.995522
v 0.4957948 1.318853 0.995941
v 0.5067843 1.340872 1.0281
v 0.4881507 1.373677 0.9684387
v 0.5467703 1.420017 1.036407
v 0.5238352 1.398887 1.050644
v 0.5556772 1.440432 1.037728
v 0.5081879 1.331846 1.017853
v 0.5295159 1.368066 1.038514
v 0.5519971 1.41286 1.030742
v 0.4740608 1.320377 0.9767808
v 0.5299638 1.379219 1.03568
v 0.4887494 1.379933 0.9663594
v 0.4856853 1.31775 0.9918154
v 0.5178388 1.350834 1.032905
v 0.4778216 1.315763 0.9744417
v 0.5442002 1.421121 1.045491
v 0.5504873 1.405074 1.021511
f 9 9893 9877
f 9877 9875 9
f 9864 89 88
f 89 9867 10
f 31 2 32
f 58 32 2
f 2 18 58
f 18 3 19
f 59 19 3
f 3 9817 59
f 65 59 9817
f 9817 9810 65
f 9824 9837 66
f 20 66 9837
f 9837 9808 20
f 61 20 9808
f 9806 34 61
f 9806 9825 35
f 35 9814 107
f 54 107 9814
f 9812 54 9814
f 116 11 9904
f 12 116 9904
f 12 9886 38
f 9886 4 38
f 39 4 9873
f 13 39 9873
f 15 14 9895
f 9895 9898 15
f 40 15 9898
f 9889 9903 42
f 9903 5 42
f 16 42 5
f 56 68 9805
f 9805 6 56
f 7 9842 21
f 9842 8 21
f 9833 8 9820
f 27 23 9835
f 9835 24 27
f 28 27 24
f 9893 9 72
f 50 9 9875
f 9862 9892 51
f 36 51 9892
f 9882 9864 37
f 88 37 9864
f 89 10 135
f 52 10 9911
f 53 52 9911
f 45 38 4
f 4 39 45
f 69 13 14
f 14 15 69
f 131 46 9889
f 42 131 9889
f 9888 70 16
f 9888 17 47
f 59 65 79
f 66 94 9824
f 9806 35 34
f 55 54 9812
f 56 95 68
f 62 82 8
f 8 9833 62
f 92 9821 22
f 22 9801 92
f 74 92 9801
f 9801 23 74
f 27 74 23
f 28 24 63
f 24 9804 63
f 29 63 9804
f 9804 25 29
f 25 26 76
f 77 76 26
f 26 9803 77
f 83 77 9803
f 9833 9821 62
f 92 62 9821
f 27 28 119
f 30 9813 57
f 78 57 9813
f 9813 31 78
f 31 32 78
f 104 78 32
f 18 19 64
f 20 61 60
f 60 61 34
f 55 68 108
f 36 9882 37
f 88 87 37
f 52 90 10
f 11 114 53
f 12 38 110
f 45 142 38
f 69 15 80
f 40 80 15
f 42 16 81
f 17 9906 48
f 71 43 9893
f 50 72 9
f 50 1 9881
f 45 39 129
f 13 69 143
f 41 46 131
f 131 42 97
f 98 70 9888
f 9888 47 98
f 150 49 43
f 72 71 9893
f 133 86 50
f 9881 133 50
f 36 100 51
f 10 90 135
f 52 53 101
f 53 114 101
f 11 116 115
f 116 12 110
f 35 107 126
f 107 54 127
f 54 55 108
f 109 108 68
f 56 6 128
f 7 73 6
f 21 8 102
f 8 82 102
f 75 74 27
f 119 75 27
f 32 58 104
f 139 104 58
f 58 18 139
f 64 139 18
f 122 19 59
f 79 122 59
f 33 94 123
f 105 94 66
f 20 149 66
f 20 60 67
f 91 73 7
f 7 21 91
f 102 91 21
f 92 82 62
f 28 63 103
f 120 103 63
f 25 137 29
f 25 76 198
f 77 83 185
f 57 159 30
f 139 64 93
f 64 19 122
f 65 33 123
f 149 105 66
f 35 106 34
f 35 126 106
f 127 140 107
f 108 127 54
f 95 109 68
f 128 6 73
f 129 142 45
f 39 13 143
f 80 96 69
f 40 41 85
f 131 85 41
f 47 17 176
f 43 71 150
f 112 71 72
f 72 50 86
f 9881 51 100
f 115 114 11
f 75 147 74
f 119 28 103
f 63 29 120
f 137 25 198
f 76 77 184
f 84 93 64
f 122 84 64
f 123 79 65
f 67 149 20
f 106 60 34
f 169 110 38
f 142 169 38
f 143 129 39
f 96 143 69
f 85 80 40
f 81 97 42
f 164 48 49
f 49 150 132
f 100 36 113
f 90 52 101
f 168 115 116
f 91 136 73
f 82 92 117
f 92 74 118
f 120 29 137
f 77 185 184
f 30 158 83
f 105 124 94
f 106 125 60
f 126 107 215
f 128 95 56
f 16 70 236
f 98 47 99
f 176 99 47
f 146 176 17
f 17 48 146
f 112 151 71
f 72 86 112
f 100 133 9881
f 36 37 152
f 167 88 89
f 135 167 89
f 153 135 90
f 102 136 91
f 102 82 155
f 82 117 155
f 117 92 118
f 147 118 74
f 184 198 76
f 138 159 57
f 57 78 138
f 104 121 78
f 84 122 160
f 123 94 124
f 67 60 125
f 200 140 127
f 174 109 95
f 128 174 95
f 129 143 130
f 236 70 111
f 70 98 111
f 99 111 98
f 132 164 49
f 133 100 134
f 113 134 100
f 116 110 195
f 209 155 117
f 158 185 83
f 139 121 104
f 160 93 84
f 140 215 107
f 108 109 173
f 169 195 110
f 202 143 96
f 96 80 162
f 131 97 145
f 151 150 71
f 133 177 86
f 113 36 178
f 152 178 36
f 207 153 90
f 101 207 90
f 101 114 154
f 154 114 180
f 114 115 180
f 195 168 116
f 102 155 170
f 117 118 209
f 75 119 156
f 157 119 103
f 103 120 157
f 159 158 30
f 121 138 78
f 148 160 122
f 122 79 148
f 105 149 187
f 215 106 126
f 141 127 108
f 73 174 128
f 142 129 161
f 175 161 129
f 129 130 175
f 131 144 85
f 145 97 163
f 97 81 163
f 81 16 236
f 99 176 190
f 146 249 176
f 164 146 48
f 150 221 132
f 112 86 177
f 134 177 133
f 178 165 113
f 166 87 88
f 88 167 166
f 167 135 193
f 153 193 135
f 101 154 208
f 136 102 170
f 119 157 156
f 137 183 120
f 138 121 211
f 93 171 139
f 160 172 93
f 187 124 105
f 173 141 108
f 169 142 161
f 202 130 143
f 162 202 96
f 80 85 162
f 145 144 131
f 151 112 204
f 177 204 112
f 165 134 113
f 208 207 101
f 168 180 115
f 181 136 170
f 170 155 182
f 227 118 147
f 147 75 227
f 157 120 183
f 186 148 79
f 124 186 123
f 187 149 213
f 214 213 149
f 149 67 214
f 199 67 125
f 141 200 127
f 174 173 109
f 216 174 73
f 144 162 85
f 144 145 220
f 236 163 81
f 236 111 189
f 238 221 150
f 150 151 238
f 204 238 151
f 177 134 191
f 192 152 37
f 37 87 192
f 166 223 87
f 167 179 166
f 155 209 182
f 118 227 196
f 75 156 197
f 156 157 197
f 183 197 157
f 159 138 210
f 138 211 210
f 79 123 186
f 187 212 124
f 199 214 67
f 106 199 125
f 201 169 161
f 161 175 217
f 175 130 218
f 188 220 145
f 145 163 188
f 266 189 111
f 111 99 266
f 99 190 266
f 164 132 250
f 221 250 132
f 165 178 206
f 223 192 87
f 167 193 179
f 154 180 194
f 264 180 168
f 182 181 170
f 197 227 75
f 183 137 229
f 230 229 137
f 137 198 230
f 158 159 210
f 121 139 272
f 171 272 139
f 171 93 172
f 172 160 287
f 186 124 231
f 212 231 124
f 232 199 106
f 215 232 106
f 274 173 174
f 174 216 274
f 73 136 216
f 218 217 175
f 203 202 162
f 162 144 203
f 250 146 164
f 191 205 177
f 134 165 191
f 281 206 178
f 178 152 281
f 152 192 222
f 166 179 223
f 193 153 225
f 207 225 153
f 194 208 154
f 195 264 168
f 182 209 240
f 209 118 196
f 270 196 227
f 226 270 227
f 185 255 184
f 211 121 272
f 160 148 287
f 148 186 244
f 187 213 212
f 173 274 233
f 181 216 136
f 217 201 161
f 218 130 234
f 235 234 130
f 202 235 130
f 188 163 290
f 236 290 163
f 249 190 176
f 205 204 177
f 191 165 239
f 165 206 239
f 206 281 253
f 222 281 152
f 223 222 192
f 179 193 224
f 225 224 193
f 254 264 195
f 195 169 254
f 209 196 240
f 197 183 228
f 242 228 183
f 255 230 198
f 198 184 255
f 171 172 322
f 244 287 148
f 199 232 259
f 215 140 246
f 200 141 247
f 141 173 233
f 201 254 169
f 276 235 202
f 202 203 276
f 203 144 219
f 144 220 219
f 250 310 146
f 250 221 237
f 267 238 204
f 277 267 204
f 204 205 277
f 251 205 191
f 223 179 262
f 224 262 179
f 263 225 207
f 207 208 263
f 208 194 263
f 194 180 295
f 275 260 181
f 181 182 275
f 269 275 182
f 182 240 269
f 283 240 196
f 270 283 196
f 227 197 241
f 183 229 242
f 243 271 185
f 185 158 243
f 210 211 256
f 256 211 272
f 172 287 322
f 186 231 257
f 212 245 231
f 213 258 212
f 214 199 259
f 232 215 246
f 140 200 246
f 247 246 200
f 233 247 141
f 216 181 260
f 203 219 276
f 220 188 248
f 290 248 188
f 236 189 291
f 310 249 146
f 267 221 238
f 251 191 252
f 191 239 252
f 239 206 253
f 264 295 180
f 297 270 226
f 241 226 227
f 228 241 197
f 286 242 229
f 229 230 286
f 356 158 210
f 210 256 356
f 257 244 186
f 258 245 212
f 316 274 216
f 216 260 316
f 327 201 217
f 217 218 265
f 218 234 265
f 276 219 309
f 289 309 219
f 219 220 289
f 248 289 220
f 291 290 236
f 343 291 189
f 221 267 331
f 277 205 268
f 251 252 279
f 280 252 239
f 253 280 239
f 222 223 282
f 314 282 223
f 223 262 314
f 224 225 294
f 306 269 240
f 283 306 240
f 270 297 285
f 241 297 226
f 255 185 271
f 356 243 158
f 272 171 300
f 322 300 171
f 257 287 244
f 258 338 245
f 213 214 288
f 259 288 214
f 247 233 273
f 304 273 233
f 233 274 304
f 265 327 217
f 328 234 235
f 189 266 343
f 266 190 330
f 190 249 344
f 292 344 249
f 249 310 292
f 237 425 250
f 237 221 331
f 268 333 277
f 311 251 279
f 319 279 252
f 281 222 261
f 282 261 222
f 262 224 315
f 294 315 224
f 294 225 263
f 295 263 194
f 284 283 270
f 355 286 230
f 230 255 299
f 271 299 255
f 256 272 395
f 300 395 272
f 287 358 322
f 231 245 337
f 246 247 302
f 273 302 247
f 316 260 317
f 315 314 262
f 264 254 296
f 254 201 307
f 265 234 348
f 235 276 328
f 330 343 266
f 310 250 425
f 277 332 267
f 278 333 268
f 268 311 278
f 275 269 326
f 306 305 269
f 284 353 283
f 285 401 284
f 284 270 285
f 299 355 230
f 258 213 323
f 288 323 213
f 288 259 301
f 259 232 301
f 325 301 232
f 232 246 325
f 302 325 246
f 304 303 273
f 316 304 274
f 9687 260 275
f 201 327 307
f 308 327 265
f 329 328 276
f 248 290 342
f 330 190 344
f 333 332 277
f 253 281 398
f 261 398 281
f 282 313 261
f 314 293 282
f 264 296 295
f 306 283 353
f 354 297 241
f 241 228 298
f 338 337 245
f 303 302 273
f 9687 317 260
f 234 328 348
f 289 377 309
f 248 341 289
f 290 291 363
f 291 343 364
f 292 310 365
f 331 267 378
f 332 378 267
f 333 278 349
f 319 280 334
f 312 334 280
f 280 253 312
f 398 312 253
f 293 313 282
f 9700 314 315
f 294 263 336
f 320 336 263
f 295 320 263
f 307 296 254
f 285 297 321
f 354 321 297
f 370 228 242
f 242 286 370
f 271 243 371
f 322 372 300
f 257 231 383
f 323 338 258
f 288 301 324
f 325 324 301
f 304 316 303
f 326 9687 275
f 353 360 306
f 351 318 307
f 307 327 351
f 265 348 308
f 377 329 276
f 276 309 377
f 425 237 426
f 333 388 332
f 278 311 389
f 311 279 366
f 261 313 380
f 9700 293 314
f 336 9700 315
f 315 294 336
f 318 9698 296
f 296 307 318
f 305 306 360
f 241 298 354
f 355 431 286
f 371 299 271
f 419 356 256
f 372 395 300
f 323 374 338
f 324 323 288
f 325 302 339
f 303 339 302
f 303 316 340
f 9688 340 316
f 317 9688 316
f 9687 326 435
f 342 341 248
f 342 290 363
f 363 291 364
f 237 331 426
f 378 426 331
f 279 319 366
f 319 334 345
f 391 398 261
f 380 391 261
f 313 293 335
f 9700 335 293
f 369 353 284
f 284 401 369
f 285 321 401
f 450 354 298
f 299 371 475
f 256 395 419
f 372 322 357
f 358 357 322
f 383 231 337
f 337 338 373
f 323 324 9686
f 9683 9686 324
f 324 325 9683
f 326 269 359
f 308 351 327
f 425 365 310
f 388 378 332
f 388 333 349
f 349 278 350
f 379 350 278
f 389 379 278
f 366 389 311
f 366 319 345
f 313 335 380
f 9700 336 346
f 347 346 336
f 336 320 347
f 298 228 381
f 370 381 228
f 370 286 431
f 382 403 287
f 287 257 382
f 257 383 382
f 374 373 338
f 384 374 323
f 9686 384 323
f 303 340 9685
f 9688 9685 340
f 359 269 305
f 361 348 328
f 329 361 328
f 377 289 362
f 341 362 289
f 423 342 363
f 424 364 343
f 292 386 344
f 367 334 312
f 312 398 367
f 351 308 9702
f 375 308 348
f 348 361 375
f 344 465 330
f 388 387 378
f 388 349 409
f 350 409 349
f 350 379 410
f 510 389 366
f 366 345 390
f 345 334 411
f 9702 9703 351
f 9687 435 352
f 475 355 299
f 358 287 403
f 354 394 321
f 243 356 417
f 418 417 356
f 395 372 420
f 421 382 383
f 337 405 404
f 405 337 373
f 435 326 385
f 359 385 326
f 368 360 353
f 376 361 329
f 329 377 376
f 362 341 407
f 423 363 408
f 363 364 408
f 465 424 343
f 343 330 465
f 390 510 366
f 411 390 345
f 380 335 399
f 335 9699 393
f 461 440 401
f 401 321 461
f 394 461 321
f 298 381 450
f 381 370 431
f 356 419 418
f 420 372 402
f 372 357 402
f 403 382 9564
f 382 421 9564
f 404 383 337
f 308 375 428
f 362 415 377
f 341 342 407
f 365 386 292
f 387 426 378
f 410 409 350
f 410 379 397
f 497 397 379
f 379 389 497
f 367 411 334
f 398 391 469
f 391 380 392
f 399 392 380
f 393 399 335
f 527 369 401
f 354 450 449
f 431 355 416
f 374 384 422
f 406 422 384
f 384 9681 406
f 396 406 9681
f 434 396 352
f 435 434 352
f 305 360 439
f 413 438 375
f 361 413 375
f 414 361 376
f 376 377 414
f 415 414 377
f 426 387 459
f 387 388 467
f 388 409 467
f 397 468 410
f 399 393 448
f 427 448 393
f 368 369 400
f 394 354 441
f 475 416 355
f 417 371 243
f 357 358 443
f 403 443 358
f 404 421 383
f 373 374 422
f 359 305 439
f 362 407 415
f 423 407 342
f 386 465 344
f 386 365 458
f 482 467 409
f 483 409 410
f 447 469 391
f 391 392 447
f 448 427 412
f 427 9702 437
f 428 437 9702
f 9702 308 428
f 438 428 375
f 429 413 361
f 440 527 401
f 431 451 381
f 431 416 529
f 416 475 529
f 419 395 462
f 402 357 442
f 396 434 464
f 439 360 368
f 407 423 456
f 423 408 444
f 408 364 457
f 424 457 364
f 365 425 480
f 483 482 409
f 367 398 436
f 448 392 399
f 414 429 361
f 414 415 430
f 441 461 394
f 441 354 449
f 395 420 462
f 443 442 357
f 421 404 432
f 433 432 404
f 404 405 433
f 454 433 405
f 405 373 454
f 422 454 373
f 406 396 464
f 434 435 455
f 415 407 495
f 456 495 407
f 444 456 423
f 479 424 465
f 426 480 425
f 459 480 426
f 467 466 387
f 468 483 410
f 497 389 445
f 510 445 389
f 367 436 411
f 446 436 398
f 469 446 398
f 427 437 412
f 438 437 428
f 430 429 414
f 368 400 515
f 527 400 369
f 440 461 472
f 450 381 500
f 451 500 381
f 529 451 431
f 418 419 492
f 420 402 452
f 421 432 463
f 422 406 489
f 464 489 406
f 455 464 434
f 385 455 435
f 439 490 359
f 439 368 486
f 457 444 408
f 458 365 480
f 466 459 387
f 447 392 484
f 392 448 484
f 485 437 438
f 368 515 486
f 472 471 440
f 441 449 499
f 419 462 492
f 476 462 420
f 420 452 476
f 402 442 452
f 443 403 9573
f 9586 433 453
f 433 454 453
f 545 454 422
f 385 359 490
f 495 478 415
f 460 538 397
f 397 497 460
f 390 411 511
f 470 484 448
f 412 470 448
f 438 413 485
f 429 430 514
f 527 552 400
f 461 441 473
f 499 473 441
f 474 499 449
f 474 449 450
f 450 500 474
f 417 418 517
f 492 517 418
f 403 9564 9573
f 477 9573 9564
f 9564 463 477
f 463 9586 503
f 9586 453 503
f 545 453 454
f 489 545 422
f 455 531 464
f 430 415 478
f 496 495 456
f 479 534 457
f 457 424 479
f 466 467 481
f 483 468 547
f 538 468 397
f 510 390 523
f 511 523 390
f 485 412 437
f 485 413 525
f 413 429 513
f 551 513 429
f 515 400 526
f 528 472 461
f 473 528 461
f 442 443 488
f 9573 488 443
f 477 463 544
f 493 544 463
f 463 503 493
f 489 464 531
f 385 490 455
f 478 495 494
f 444 496 456
f 444 457 521
f 522 479 465
f 465 386 522
f 386 458 522
f 481 459 466
f 481 467 537
f 467 482 537
f 538 548 468
f 524 511 411
f 469 447 446
f 512 446 447
f 491 470 412
f 485 491 412
f 525 413 513
f 551 429 514
f 515 487 486
f 552 526 400
f 500 451 516
f 530 529 475
f 530 475 371
f 371 417 530
f 502 476 452
f 442 502 452
f 544 9573 477
f 555 503 453
f 545 555 453
f 506 496 444
f 534 521 457
f 507 480 459
f 547 482 483
f 548 547 468
f 460 497 574
f 411 436 524
f 447 484 512
f 470 498 484
f 439 486 541
f 487 541 486
f 528 471 472
f 529 516 451
f 476 501 462
f 554 501 476
f 502 554 476
f 488 502 442
f 519 488 9573
f 505 504 455
f 490 505 455
f 459 481 508
f 550 524 436
f 436 446 550
f 470 491 539
f 525 491 485
f 478 514 430
f 490 439 541
f 515 526 593
f 552 527 553
f 542 651 471
f 474 500 568
f 516 568 500
f 518 517 492
f 492 462 518
f 488 519 571
f 493 503 520
f 590 545 489
f 531 455 504
f 494 495 572
f 495 496 572
f 458 480 536
f 507 536 480
f 459 508 507
f 537 561 481
f 482 547 509
f 445 574 497
f 445 510 565
f 512 484 498
f 539 566 498
f 498 470 539
f 513 607 525
f 462 501 518
f 571 502 488
f 503 555 589
f 489 531 578
f 504 505 557
f 532 557 505
f 505 490 532
f 478 494 558
f 444 521 506
f 535 533 534
f 534 479 535
f 522 535 479
f 561 508 481
f 509 537 482
f 523 565 510
f 524 549 511
f 512 550 446
f 512 498 566
f 513 551 585
f 487 515 593
f 586 528 473
f 499 474 567
f 543 516 529
f 530 417 569
f 517 569 417
f 493 577 544
f 520 577 493
f 578 590 489
f 556 578 531
f 602 572 496
f 496 506 602
f 506 521 582
f 533 582 521
f 521 534 533
f 522 458 560
f 507 508 617
f 546 617 508
f 508 561 546
f 509 562 537
f 538 460 564
f 551 514 540
f 552 593 526
f 553 613 552
f 569 543 529
f 530 569 529
f 518 598 517
f 664 554 502
f 571 664 502
f 519 544 588
f 520 503 589
f 555 545 590
f 531 504 556
f 557 556 504
f 557 532 579
f 535 522 560
f 536 560 458
f 617 536 507
f 562 561 537
f 644 563 538
f 564 644 538
f 523 511 619
f 511 549 619
f 550 512 583
f 566 583 512
f 539 491 576
f 525 576 491
f 487 580 541
f 586 473 596
f 597 567 474
f 568 597 474
f 569 517 598
f 501 554 638
f 609 571 519
f 577 588 544
f 558 494 559
f 572 602 601
f 548 538 563
f 573 564 460
f 460 574 573
f 574 445 565
f 565 523 619
f 583 524 550
f 566 539 575
f 539 576 575
f 540 585 551
f 608 540 514
f 613 628 552
f 553 527 629
f 527 651 629
f 542 471 594
f 595 594 471
f 471 528 595
f 528 586 595
f 518 501 638
f 664 570 554
f 588 609 519
f 589 555 590
f 556 557 611
f 579 532 612
f 572 559 494
f 582 581 506
f 656 582 533
f 584 605 583
f 583 566 584
f 9621 584 566
f 575 9621 566
f 649 576 525
f 525 607 649
f 650 513 585
f 514 478 608
f 608 478 558
f 593 552 628
f 543 569 622
f 611 578 556
f 579 611 557
f 532 541 580
f 559 572 601
f 581 602 506
f 533 535 603
f 536 617 604
f 630 546 561
f 561 562 630
f 591 509 547
f 573 574 659
f 565 659 574
f 568 516 587
f 516 543 587
f 570 638 554
f 623 609 588
f 577 520 684
f 579 600 611
f 580 487 592
f 592 487 593
f 628 627 593
f 558 559 9661
f 604 535 560
f 560 536 604
f 698 617 546
f 591 562 509
f 645 619 549
f 549 524 645
f 524 583 645
f 605 645 583
f 605 584 620
f 584 9621 620
f 9619 620 9621
f 576 9620 575
f 650 607 513
f 608 661 540
f 629 636 553
f 663 597 568
f 638 598 518
f 623 588 599
f 640 599 588
f 588 577 640
f 684 624 577
f 520 589 653
f 590 578 610
f 578 611 610
f 697 665 612
f 612 532 697
f 580 697 532
f 608 558 614
f 615 614 558
f 559 601 641
f 656 581 582
f 535 604 603
f 657 591 547
f 547 548 657
f 548 563 657
f 565 619 618
f 645 679 619
f 621 620 9619
f 9619 606 621
f 682 650 585
f 585 540 682
f 627 592 593
f 613 553 636
f 629 651 716
f 673 586 596
f 663 568 587
f 637 622 569
f 598 637 569
f 638 637 598
f 624 640 577
f 653 684 520
f 589 590 625
f 600 579 626
f 9661 615 558
f 641 9661 559
f 601 602 616
f 602 581 616
f 617 698 604
f 563 644 657
f 573 699 564
f 618 659 565
f 645 605 632
f 620 632 605
f 620 621 646
f 9622 9620 634
f 9620 576 634
f 649 607 635
f 650 635 607
f 622 587 543
f 639 571 609
f 676 639 609
f 623 676 609
f 610 625 590
f 610 611 654
f 600 654 611
f 626 696 600
f 665 626 579
f 579 612 665
f 628 613 686
f 636 686 613
f 594 595 718
f 595 586 718
f 634 576 648
f 540 661 682
f 608 614 661
f 614 615 9657
f 9661 9657 615
f 642 641 601
f 601 616 642
f 533 603 656
f 666 656 603
f 630 562 643
f 679 618 619
f 631 679 645
f 646 632 620
f 663 587 674
f 637 638 675
f 652 676 623
f 623 599 652
f 640 624 722
f 653 589 625
f 696 626 678
f 592 697 580
f 627 628 686
f 616 581 687
f 603 604 666
f 698 666 604
f 690 562 591
f 699 658 644
f 644 564 699
f 679 700 618
f 633 634 647
f 576 649 648
f 733 661 614
f 685 655 627
f 594 718 752
f 673 718 586
f 597 663 662
f 638 570 675
f 705 722 624
f 684 705 624
f 654 625 610
f 654 600 696
f 687 581 708
f 581 656 708
f 698 546 667
f 630 667 546
f 690 591 746
f 657 746 591
f 657 644 755
f 644 658 755
f 659 699 573
f 632 646 660
f 668 660 646
f 670 633 671
f 634 648 680
f 672 648 649
f 649 635 672
f 681 635 650
f 650 682 681
f 694 716 651
f 651 542 694
f 717 694 542
f 542 594 717
f 570 664 704
f 599 677 652
f 599 640 677
f 640 722 677
f 653 724 684
f 725 678 626
f 626 665 725
f 655 697 592
f 686 685 627
f 687 642 616
f 562 690 643
f 699 659 709
f 645 632 691
f 660 691 632
f 648 672 680
f 635 681 767
f 682 661 715
f 752 717 594
f 718 673 735
f 675 570 703
f 664 571 704
f 639 704 571
f 705 684 810
f 738 625 654
f 696 739 654
f 697 725 665
f 636 629 693
f 629 716 693
f 708 656 688
f 690 746 745
f 679 631 747
f 691 631 645
f 660 668 691
f 669 691 668
f 713 669 670
f 731 671 633
f 767 672 635
f 715 767 682
f 733 715 661
f 614 692 733
f 587 622 719
f 720 719 622
f 637 720 622
f 637 675 683
f 703 683 675
f 676 652 721
f 810 684 724
f 741 753 697
f 697 655 741
f 642 9662 641
f 656 666 688
f 689 688 666
f 618 700 729
f 747 700 679
f 730 713 670
f 670 671 730
f 750 730 671
f 633 647 731
f 680 714 647
f 680 672 714
f 681 682 767
f 751 692 9656
f 716 694 829
f 662 663 701
f 695 701 663
f 674 695 663
f 683 702 637
f 704 703 570
f 676 704 639
f 653 625 706
f 739 738 654
f 696 740 739
f 655 685 741
f 726 741 685
f 727 685 686
f 708 707 687
f 666 698 689
f 643 690 745
f 709 659 729
f 659 618 729
f 712 711 631
f 631 691 712
f 730 750 784
f 714 672 766
f 751 733 692
f 693 716 734
f 805 829 694
f 694 717 805
f 719 674 587
f 702 720 637
f 788 702 683
f 683 703 788
f 704 676 9581
f 736 9581 676
f 652 677 773
f 677 722 773
f 706 724 653
f 706 625 738
f 725 697 753
f 686 636 727
f 742 727 636
f 636 693 742
f 688 689 801
f 754 689 698
f 667 754 698
f 630 643 744
f 745 744 643
f 746 657 755
f 728 658 699
f 709 728 699
f 747 631 710
f 711 710 631
f 764 712 691
f 691 669 764
f 713 764 669
f 672 767 766
f 701 757 735
f 735 662 701
f 703 704 9581
f 721 652 773
f 722 705 723
f 724 706 759
f 737 759 706
f 706 738 737
f 678 725 791
f 726 685 792
f 707 708 743
f 760 743 708
f 708 688 760
f 667 630 744
f 747 763 700
f 748 711 712
f 713 730 749
f 730 784 814
f 732 817 767
f 767 715 732
f 715 733 732
f 769 732 733
f 829 734 716
f 717 752 832
f 752 718 807
f 830 807 718
f 773 736 721
f 723 773 722
f 759 737 775
f 740 696 678
f 725 753 778
f 781 707 743
f 688 801 760
f 729 700 763
f 712 764 748
f 814 749 730
f 765 750 671
f 671 731 765
f 647 714 731
f 786 769 733
f 733 751 786
f 808 718 735
f 757 808 735
f 719 695 674
f 788 703 9567
f 703 9581 9567
f 736 771 9581
f 758 810 724
f 724 759 758
f 776 737 738
f 738 739 776
f 861 776 739
f 791 777 678
f 741 726 779
f 685 727 792
f 742 693 804
f 734 804 693
f 745 746 823
f 746 755 823
f 755 761 9604
f 658 728 762
f 709 729 855
f 763 747 812
f 710 812 747
f 710 711 813
f 783 711 748
f 857 764 713
f 765 784 750
f 817 732 756
f 768 756 732
f 732 769 768
f 787 805 717
f 717 832 787
f 806 832 752
f 752 807 806
f 720 702 831
f 788 831 702
f 771 9567 9581
f 773 772 736
f 774 723 705
f 705 810 774
f 759 775 860
f 861 739 740
f 777 848 740
f 740 678 777
f 826 791 725
f 778 826 725
f 741 778 753
f 726 792 837
f 801 689 802
f 803 689 754
f 9604 823 755
f 761 658 762
f 763 897 729
f 794 783 748
f 748 764 794
f 858 857 713
f 713 749 858
f 814 784 795
f 785 765 731
f 731 714 785
f 766 785 714
f 780 786 751
f 734 829 863
f 808 830 718
f 695 719 770
f 720 770 719
f 771 736 790
f 772 790 736
f 811 810 758
f 741 779 778
f 837 779 726
f 876 800 781
f 801 782 760
f 803 802 689
f 754 667 803
f 744 803 667
f 728 709 842
f 793 813 711
f 711 783 793
f 857 794 764
f 825 858 749
f 749 814 825
f 815 784 765
f 817 766 767
f 756 768 820
f 797 820 768
f 798 797 768
f 768 769 798
f 769 786 818
f 799 818 786
f 786 780 799
f 863 804 734
f 833 757 701
f 770 701 695
f 770 720 831
f 788 9567 809
f 789 771 790
f 772 773 834
f 773 723 834
f 774 810 846
f 859 758 759
f 860 859 759
f 778 779 836
f 837 836 779
f 792 727 827
f 727 742 827
f 780 800 819
f 781 743 876
f 743 853 894
f 744 745 841
f 710 824 812
f 813 824 710
f 796 795 784
f 815 796 784
f 766 817 785
f 820 817 756
f 818 798 769
f 863 829 885
f 831 788 866
f 809 866 788
f 835 723 774
f 924 775 737
f 828 827 742
f 742 804 828
f 855 842 709
f 897 855 729
f 824 843 812
f 844 783 794
f 909 844 794
f 857 909 794
f 916 814 795
f 765 785 815
f 816 785 817
f 852 819 800
f 876 852 800
f 894 876 743
f 802 853 782
f 782 801 802
f 854 802 803
f 803 744 822
f 744 841 822
f 745 823 841
f 823 9604 878
f 791 826 883
f 826 778 883
f 884 883 778
f 836 884 778
f 837 792 827
f 901 828 804
f 804 863 901
f 833 808 757
f 865 833 701
f 701 770 865
f 867 866 809
f 809 789 867
f 789 790 868
f 845 868 790
f 790 772 845
f 835 834 723
f 835 774 846
f 811 846 810
f 811 758 859
f 812 897 763
f 793 824 813
f 793 783 844
f 825 814 9666
f 916 9666 814
f 875 816 817
f 817 820 875
f 821 797 798
f 838 821 798
f 798 818 838
f 839 838 818
f 818 799 839
f 840 839 799
f 799 780 840
f 819 840 780
f 822 854 803
f 878 877 823
f 797 875 820
f 933 894 853
f 853 802 895
f 854 895 802
f 841 823 877
f 908 935 9605
f 9605 762 908
f 728 908 762
f 897 812 880
f 858 873 857
f 858 825 874
f 9667 874 825
f 916 795 890
f 795 796 890
f 850 796 815
f 815 785 850
f 924 776 899
f 791 883 882
f 829 805 953
f 805 787 953
f 830 808 9577
f 770 831 902
f 866 902 831
f 832 886 787
f 832 806 886
f 806 807 887
f 807 9577 887
f 864 9577 808
f 808 833 864
f 902 865 770
f 867 789 888
f 845 772 870
f 772 834 870
f 871 870 834
f 872 871 835
f 903 872 835
f 835 846 903
f 846 811 9669
f 847 9669 811
f 811 859 847
f 859 860 911
f 848 777 913
f 882 913 777
f 777 791 882
f 836 837 862
f 827 862 837
f 827 828 849
f 850 890 796
f 816 850 785
f 797 821 917
f 851 821 838
f 838 839 851
f 840 851 839
f 932 840 819
f 822 841 877
f 879 9605 935
f 843 880 812
f 898 824 793
f 793 844 898
f 909 898 844
f 806 887 954
f 867 927 866
f 789 868 888
f 869 868 845
f 845 870 869
f 903 846 889
f 9669 889 846
f 912 899 776
f 848 913 1020
f 884 836 862
f 890 850 9595
f 917 875 797
f 891 917 821
f 852 932 819
f 852 876 958
f 893 958 876
f 853 895 933
f 822 907 854
f 822 877 907
f 988 935 908
f 842 976 728
f 856 855 897
f 909 857 910
f 857 873 910
f 992 873 858
f 948 992 858
f 858 874 948
f 924 899 964
f 1020 912 776
f 776 861 1020
f 740 1020 861
f 862 827 965
f 827 849 965
f 938 849 828
f 901 863 952
f 926 952 863
f 863 885 926
f 953 885 829
f 954 886 806
f 914 887 9577
f 865 864 833
f 927 867 888
f 928 888 868
f 870 871 872
f 873 992 1007
f 9595 904 890
f 906 891 821
f 892 906 821
f 821 851 892
f 894 893 876
f 907 974 854
f 877 878 934
f 896 934 878
f 878 879 896
f 935 896 879
f 842 855 1032
f 880 920 897
f 923 9575 881
f 740 848 1020
f 900 882 883
f 883 884 900
f 884 862 900
f 997 926 885
f 953 997 885
f 939 953 787
f 864 914 9577
f 902 866 927
f 915 927 888
f 903 889 9608
f 904 916 890
f 917 905 875
f 892 851 918
f 851 840 919
f 840 932 919
f 974 933 895
f 895 854 974
f 976 908 728
f 856 897 920
f 880 843 936
f 843 824 921
f 824 898 921
f 911 860 922
f 979 9575 923
f 881 924 923
f 950 964 899
f 899 912 950
f 882 900 951
f 900 862 994
f 965 849 925
f 828 901 938
f 952 938 901
f 787 886 939
f 864 865 914
f 940 865 902
f 927 940 902
f 928 915 888
f 872 903 942
f 9608 942 903
f 905 904 9595
f 906 892 931
f 918 931 892
f 932 852 945
f 893 959 958
f 894 933 960
f 934 974 907
f 907 877 934
f 976 842 1032
f 856 1032 855
f 977 920 880
f 880 936 977
f 921 936 843
f 921 898 937
f 898 909 937
f 909 910 947
f 910 873 991
f 979 922 860
f 860 9575 979
f 913 882 993
f 951 993 882
f 965 994 862
f 966 939 886
f 886 954 966
f 887 914 954
f 940 914 865
f 967 927 915
f 869 928 868
f 916 904 9664
f 917 891 986
f 918 851 944
f 851 919 944
f 958 945 852
f 893 894 946
f 960 946 894
f 988 961 935
f 947 910 991
f 948 874 963
f 923 924 1019
f 1052 1019 924
f 964 1052 924
f 913 993 980
f 925 981 965
f 925 849 938
f 955 982 940
f 940 927 955
f 927 967 956
f 1001 928 869
f 869 929 941
f 9608 930 943
f 905 969 904
f 986 905 917
f 944 1002 918
f 945 919 932
f 893 946 959
f 974 960 933
f 974 934 975
f 896 935 987
f 961 987 935
f 988 908 989
f 976 989 908
f 856 920 990
f 962 977 936
f 921 962 936
f 937 909 947
f 991 873 1070
f 873 1007 1070
f 949 963 874
f 922 979 978
f 1008 950 912
f 1020 1008 912
f 980 1009 1020
f 1020 913 980
f 994 951 900
f 938 1023 925
f 938 952 1024
f 926 995 952
f 1010 953 939
f 939 966 1034
f 982 954 914
f 914 940 982
f 955 927 956
f 967 915 1011
f 869 941 1001
f 984 1001 941
f 942 984 941
f 942 943 984
f 943 930 985
f 930 9671 985
f 905 986 1013
f 1002 931 918
f 970 1002 944
f 957 970 944
f 944 919 957
f 919 945 971
f 945 958 972
f 958 959 1003
f 959 946 973
f 960 973 946
f 934 896 9639
f 987 9639 896
f 977 990 920
f 937 962 921
f 937 947 1059
f 991 1059 947
f 1134 992 948
f 963 1134 948
f 979 923 1051
f 923 1019 1018
f 1022 951 994
f 995 1024 952
f 953 1010 997
f 999 966 954
f 985 984 943
f 9671 968 985
f 9664 904 969
f 1013 969 905
f 931 1067 906
f 971 957 919
f 958 1003 972
f 9639 975 934
f 9641 987 961
f 961 988 9641
f 990 1016 856
f 978 979 9672
f 1018 1051 923
f 964 950 1052
f 994 965 981
f 981 925 1023
f 1023 938 1127
f 1034 966 998
f 982 999 954
f 955 956 1000
f 956 967 983
f 967 1011 983
f 928 1011 915
f 1017 968 9670
f 1002 1028 931
f 1057 1002 970
f 959 973 1003
f 1004 973 960
f 1004 960 974
f 974 975 1004
f 990 977 1006
f 977 962 1006
f 962 937 1033
f 1059 991 1060
f 1084 992 1134
f 1051 9672 979
f 1008 1052 950
f 1020 1125 1008
f 1021 1009 980
f 993 1021 980
f 1127 938 1024
f 926 996 995
f 1135 997 1010
f 998 1035 1034
f 1036 998 966
f 966 999 1036
f 982 955 1025
f 1000 1025 955
f 1027 1000 956
f 983 1027 956
f 1011 928 1039
f 928 1001 1039
f 1041 1001 984
f 984 985 1012
f 1079 1013 986
f 1042 1066 906
f 906 1067 1042
f 1028 1067 931
f 9600 1057 970
f 972 971 945
f 1004 1003 973
f 9640 1004 975
f 987 9641 1005
f 9641 988 1015
f 989 1015 988
f 1072 1007 992
f 992 1084 1072
f 1017 1049 968
f 1017 9670 1062
f 9673 1050 9670
f 993 951 1022
f 981 1022 994
f 926 1085 996
f 926 997 1085
f 1010 939 1148
f 939 1034 1148
f 999 982 1025
f 1025 1000 1026
f 1038 1027 983
f 1038 983 1011
f 1040 1039 1001
f 1001 1041 1040
f 1012 1041 984
f 1028 1002 1029
f 1002 1057 1029
f 972 1058 971
f 1003 1004 1095
f 1004 9640 1045
f 1030 1045 9640
f 1032 856 1100
f 856 1016 1100
f 1060 991 1097
f 1007 1072 1071
f 9670 1050 1062
f 1051 1050 9673
f 9673 9672 1051
f 1052 1008 1054
f 1022 1021 993
f 1010 1148 1135
f 1025 1036 999
f 1000 1027 1037
f 1039 1038 1011
f 1028 1029 1080
f 1116 1029 1057
f 1043 1057 9600
f 9600 9601 1043
f 9601 971 1058
f 1094 972 1003
f 1044 1095 1004
f 1004 1045 1044
f 1030 1014 1031
f 1015 989 1047
f 989 976 1099
f 1006 1081 1016
f 1033 1083 962
f 1007 1071 1070
f 1119 1134 963
f 1018 1077 1051
f 1054 1053 1052
f 1125 1020 1055
f 1020 1009 1055
f 1023 1064 981
f 1024 995 1092
f 1056 1092 995
f 995 996 1056
f 997 1135 1061
f 1035 1073 1034
f 1026 1000 1048
f 1040 1038 1039
f 1065 9663 969
f 969 1013 1065
f 1067 1028 1068
f 1094 1058 972
f 1095 1094 1003
f 1045 1030 1098
f 1030 1031 1098
f 1031 1014 1046
f 1099 1047 989
f 976 1032 1099
f 1100 1099 1032
f 1082 1006 962
f 1059 1033 937
f 1097 991 1118
f 991 1070 1118
f 997 1061 1085
f 1109 1061 1135
f 1148 1034 1073
f 1073 1035 1105
f 998 1036 1074
f 1036 1025 1074
f 1025 1026 1086
f 1037 1048 1000
f 1038 1037 1027
f 1197 1054 1008
f 1008 1125 1197
f 1009 1021 1063
f 1023 1127 1091
f 1013 1079 1065
f 1066 1042 1130
f 1080 1068 1028
f 1058 1043 9601
f 1069 1094 1095
f 1098 1044 1045
f 1100 1016 1096
f 962 1083 1082
f 1110 1035 998
f 998 1074 1110
f 1025 1086 1074
f 1048 1086 1026
f 1087 9653 1049
f 1062 1050 1076
f 1050 1051 1077
f 1089 1077 1018
f 1018 1019 1078
f 1019 1052 1053
f 1126 1055 1009
f 1009 1063 1126
f 1090 1022 981
f 1064 1090 981
f 1127 1024 1092
f 1079 1066 1114
f 1131 1042 1067
f 1068 1080 1161
f 1029 1116 1080
f 1103 1080 1116
f 1043 1093 1057
f 1046 1015 1047
f 1147 1033 1059
f 1086 1048 1075
f 1106 1048 1037
f 1037 9655 1106
f 1087 1017 1088
f 1017 1062 1088
f 1076 1088 1062
f 1076 1050 1112
f 1077 1112 1050
f 1053 1078 1019
f 1021 1022 1063
f 1090 1063 1022
f 1023 1091 1064
f 1131 1130 1042
f 1102 1131 1067
f 1067 1068 1102
f 1161 1102 1068
f 1093 1116 1057
f 1117 1093 1043
f 1094 1104 1058
f 1082 1081 1006
f 1156 1083 1033
f 1059 1060 1133
f 1149 1105 1035
f 9576 1110 1074
f 9576 1074 1086
f 1048 1106 1075
f 1111 1106 9655
f 9655 9653 1111
f 1087 1111 9653
f 1089 1018 1078
f 1053 1054 1124
f 1065 1079 1114
f 1043 1058 1117
f 1104 1117 1058
f 1094 1069 1104
f 1195 1098 1031
f 1101 1096 1016
f 1016 1081 1101
f 1082 1083 1146
f 1133 1060 1097
f 1108 1085 1061
f 1109 1108 1061
f 1148 1073 1157
f 1110 1149 1035
f 1088 1111 1087
f 1107 1123 1088
f 1088 1076 1107
f 1076 1112 1107
f 1112 1077 1140
f 1197 1124 1054
f 1218 1063 1090
f 1141 1064 1091
f 1153 1056 996
f 996 1085 1153
f 1115 1114 1066
f 1066 1130 1115
f 1143 1103 1116
f 1117 1188 1093
f 1095 1044 1069
f 1046 1155 1031
f 1101 1145 1096
f 1172 1134 1119
f 1195 1170 1098
f 1099 1100 1144
f 1100 1096 1144
f 1133 1097 1162
f 1080 1103 1154
f 1126 1125 1055
f 1152 1126 1063
f 1218 1090 1178
f 1090 1064 1178
f 1141 1178 1064
f 1091 1127 1185
f 1127 1092 1186
f 1108 1153 1085
f 1073 1105 1120
f 1149 1120 1105
f 1110 9576 1136
f 9576 1075 1136
f 1075 1106 1158
f 1122 1158 1106
f 1106 1111 1122
f 1111 1088 1137
f 1123 1137 1088
f 1089 1078 1199
f 1108 1109 1163
f 1120 1157 1073
f 1149 1110 1121
f 1110 1136 1121
f 1137 1122 1111
f 1139 1209 1107
f 1107 1112 1139
f 1167 1141 1091
f 1056 1186 1092
f 1128 1114 1129
f 1114 1115 1129
f 1102 1161 1187
f 1116 1093 1143
f 1093 1188 1143
f 1132 1188 1117
f 1117 1104 1132
f 1069 1132 1104
f 1155 1046 1196
f 1047 1196 1046
f 1145 1144 1096
f 1175 1101 1081
f 1081 1082 1175
f 1083 1156 1146
f 1097 1118 1162
f 1118 1070 1162
f 1135 1163 1109
f 1211 1148 1157
f 1123 1107 1138
f 1107 1209 1138
f 1077 1089 1140
f 1166 1089 1199
f 1159 1078 1053
f 1125 1126 1237
f 1185 1167 1091
f 1186 1185 1127
f 1142 1128 1193
f 1130 1131 1160
f 1131 1102 1200
f 1103 1143 1194
f 1069 1044 1174
f 1170 1174 1044
f 1072 1084 1228
f 1084 1134 1171
f 1119 1142 1172
f 1176 1172 1142
f 1163 1169 1108
f 1180 1135 1148
f 1157 1120 1179
f 1179 1120 1149
f 1121 1136 1150
f 1151 1150 1136
f 1136 1075 1151
f 1158 1151 1075
f 1158 1122 1165
f 1232 1122 1137
f 9565 1139 1112
f 1193 1176 1142
f 1161 1080 1201
f 1080 1154 1201
f 1132 1069 1190
f 1174 1190 1069
f 1031 1155 1195
f 1243 1082 1146
f 1146 1156 1254
f 1156 1033 1147
f 1203 1134 1172
f 1211 1180 1148
f 1149 1121 1164
f 1150 1164 1121
f 1151 1158 1165
f 1165 1122 1182
f 1138 1183 1123
f 1159 1124 1177
f 1269 1177 1124
f 1124 1197 1269
f 1197 1125 1291
f 1237 1291 1125
f 1204 1152 1063
f 1063 1218 1204
f 1186 1056 1168
f 1056 1153 1168
f 1169 1153 1108
f 1130 1160 1115
f 1200 1160 1131
f 1200 1102 1187
f 1223 1195 1155
f 1147 1059 1255
f 1133 1255 1059
f 1072 1228 1071
f 1084 1171 1228
f 1206 1169 1163
f 1210 1163 1135
f 1180 1210 1135
f 1207 1211 1157
f 1164 1179 1149
f 1232 1182 1122
f 1140 1089 1166
f 1237 1126 1238
f 1218 1178 1244
f 1160 1200 1173
f 1161 1201 1222
f 1196 1223 1155
f 1099 1144 1213
f 1144 1145 1191
f 1254 1243 1146
f 1284 1171 1134
f 1134 1203 1284
f 1150 1151 1181
f 1182 1208 1165
f 1137 1123 1183
f 1209 1139 1249
f 1177 1278 1159
f 1126 1152 1238
f 1141 1184 1178
f 1205 1168 1153
f 1169 1205 1153
f 1115 1160 1221
f 1222 1187 1161
f 1103 1194 1154
f 1189 1188 1132
f 1190 1189 1132
f 1047 1099 1213
f 1225 1213 1144
f 1191 1225 1144
f 1145 1101 1226
f 1254 1156 1214
f 1162 1070 1202
f 1188 1194 1143
f 1174 1170 1242
f 1196 1047 1213
f 1101 1175 1226
f 1192 1226 1175
f 1175 1082 1192
f 1243 1192 1082
f 1133 1162 1342
f 1257 1203 1172
f 1258 1172 1176
f 1291 1269 1197
f 1245 1244 1178
f 1184 1245 1178
f 1141 1167 1184
f 1157 1179 1207
f 1164 1207 1179
f 1164 1150 1198
f 1181 1198 1150
f 1165 1181 1151
f 1216 1182 1232
f 1183 1232 1137
f 9565 1249 1139
f 1236 1078 1159
f 1206 1163 1210
f 1264 1198 1181
f 1209 1249 1248
f 1199 1078 1235
f 1152 1204 1217
f 1204 1218 1239
f 1186 1168 1220
f 1205 1169 1262
f 1169 1206 1262
f 1221 1193 1115
f 1160 1173 1221
f 1222 1200 1187
f 1189 1194 1188
f 1190 1174 1212
f 1170 1195 1294
f 1191 1145 1305
f 1226 1305 1145
f 1226 1192 1227
f 1070 1071 1256
f 1071 1228 1283
f 1257 1172 1258
f 1176 1193 1229
f 1221 1229 1193
f 1212 1189 1190
f 1242 1212 1174
f 1223 1196 1224
f 1213 1224 1196
f 1147 1214 1156
f 1202 1070 1256
f 1217 1238 1152
f 1167 1185 1260
f 1185 1186 1219
f 1205 1220 1168
f 1207 1164 1215
f 1165 1208 1181
f 1182 1216 1231
f 1138 1209 1233
f 1166 1290 1140
f 1078 1236 1235
f 1229 1221 1270
f 1251 1173 1200
f 1200 1222 1345
f 1194 1189 1240
f 1212 1240 1189
f 1242 1170 1322
f 1241 1255 1133
f 1202 1342 1162
f 1071 1283 1256
f 1258 1176 1229
f 1204 1239 1217
f 1184 1167 1246
f 1167 1260 1246
f 1261 1220 1205
f 1262 1261 1205
f 1210 1313 1206
f 1198 1215 1164
f 1208 1264 1181
f 1248 1234 1209
f 1166 1199 1377
f 1180 1211 1230
f 1266 1230 1211
f 1211 1207 1266
f 1263 1266 1207
f 1215 1263 1207
f 1231 1208 1182
f 1247 1232 1183
f 1234 1233 1209
f 9565 1140 1290
f 1220 1219 1186
f 1221 1173 1250
f 1252 1201 1154
f 1154 1194 1252
f 1294 1195 1253
f 1195 1223 1253
f 1305 1225 1191
f 1305 1226 1275
f 1192 1243 1296
f 1254 1296 1243
f 1133 1342 1241
f 1210 1180 1277
f 1308 1268 1216
f 1232 1308 1216
f 1248 1265 1234
f 1244 1239 1218
f 1246 1245 1184
f 1185 1219 1260
f 1261 1219 1220
f 1313 1262 1206
f 1270 1293 1229
f 1250 1173 1251
f 1252 1222 1201
f 1240 1252 1194
f 1240 1212 1280
f 1322 1272 1242
f 1303 1253 1223
f 1273 1303 1223
f 1227 1275 1226
f 1255 1297 1147
f 1229 1293 1258
f 1277 1313 1210
f 1264 1208 1289
f 1231 1289 1208
f 1231 1216 1268
f 1247 1308 1232
f 1183 1138 1233
f 1177 1316 1278
f 1269 1361 1177
f 1259 1291 1237
f 1237 1238 1259
f 1238 1217 1259
f 1217 1239 1259
f 1244 1245 1292
f 1328 1246 1260
f 1250 1270 1221
f 1200 1345 1251
f 1322 1170 1346
f 1294 1346 1170
f 1223 1224 1273
f 1213 1274 1224
f 1227 1192 1306
f 1296 1306 1192
f 1214 1147 1297
f 1222 1252 1279
f 1271 1252 1240
f 1280 1271 1240
f 1212 1242 1280
f 1242 1272 1280
f 1295 1213 1225
f 1275 1227 1306
f 1296 1254 1282
f 1256 1307 1202
f 1367 1228 1171
f 1312 1284 1203
f 1203 1257 1312
f 1258 1293 1285
f 1361 1316 1177
f 1259 1239 1317
f 1267 1263 1215
f 1215 1198 1267
f 1268 1289 1231
f 1233 1247 1183
f 1233 1234 1335
f 1265 1335 1234
f 1309 1265 1248
f 1248 1249 1309
f 1299 1309 1249
f 1300 1299 1249
f 1249 9565 1300
f 9565 1290 1300
f 1377 1199 1235
f 1251 1345 1340
f 1302 1345 1222
f 1253 1303 1281
f 1303 1273 1330
f 1274 1273 1224
f 1274 1213 1295
f 1225 1305 1295
f 1276 1307 1256
f 1269 1291 1301
f 1317 1239 1244
f 1260 1219 1320
f 1261 1262 1356
f 1332 1356 1262
f 1262 1313 1332
f 1277 1180 1326
f 1230 1326 1180
f 1230 1266 1326
f 1287 1314 1266
f 1267 1287 1263
f 1288 1267 1198
f 1198 1264 1288
f 1289 1288 1264
f 1326 1266 1286
f 1314 1286 1266
f 1266 1263 1287
f 1370 1287 1267
f 1289 1268 1298
f 1308 1334 1268
f 1166 1377 1336
f 1236 1278 1360
f 1361 1269 1388
f 1317 1338 1259
f 1317 1244 1318
f 1261 1310 1219
f 1250 1293 1270
f 1222 1279 1302
f 1252 1271 1279
f 1280 1272 1349
f 1304 1273 1274
f 1353 1306 1296
f 1171 1284 1367
f 1313 1277 1357
f 1333 1357 1277
f 1326 1333 1277
f 1334 1298 1268
f 1290 1166 1336
f 1360 1235 1236
f 1316 1360 1278
f 1388 1269 1301
f 1338 1301 1291
f 1319 1292 1245
f 1328 1260 1320
f 1356 1310 1261
f 1329 1347 1250
f 1251 1329 1250
f 1251 1340 1329
f 1253 1392 1294
f 1306 1352 1275
f 1214 1282 1254
f 1297 1383 1214
f 1276 1256 1354
f 1256 1283 1354
f 1283 1228 1367
f 1284 1312 1384
f 1257 1258 1355
f 1298 1288 1289
f 1300 1290 1372
f 1291 1259 1338
f 1317 1318 1339
f 1244 1292 1319
f 1219 1310 1320
f 1293 1250 1321
f 1347 1321 1250
f 1311 1302 1279
f 1279 1271 1311
f 1271 1280 1311
f 1349 1311 1280
f 1272 1322 1381
f 1392 1346 1294
f 1392 1253 1281
f 1323 1281 1303
f 1304 1330 1273
f 1304 1274 1366
f 1295 1305 1341
f 1305 1275 1331
f 1275 1352 1331
f 1306 1353 1324
f 1297 1255 1241
f 1384 1367 1284
f 1308 1399 1334
f 1299 1300 1327
f 1372 1327 1300
f 1318 1244 1364
f 1319 1364 1244
f 1245 1246 1319
f 1328 1319 1246
f 1320 1365 1328
f 1322 1346 1374
f 1330 1323 1303
f 1274 1295 1366
f 1324 1352 1306
f 1367 1407 1283
f 1355 1258 1325
f 1285 1325 1258
f 1285 1293 1321
f 1286 1314 1369
f 1314 1287 1315
f 1370 1315 1287
f 1267 1288 1343
f 1288 1298 1359
f 1298 1334 1359
f 1233 1371 1247
f 1233 1335 1409
f 1362 1372 1290
f 1302 1311 1348
f 1381 1349 1272
f 1281 1323 1350
f 1305 1331 1341
f 1368 1332 1313
f 1357 1368 1313
f 1286 1369 1385
f 1369 1314 1315
f 1370 1267 1343
f 1387 1399 1308
f 1247 1387 1308
f 1409 1371 1233
f 1418 1344 1265
f 1265 1309 1418
f 1309 1299 1401
f 1327 1401 1299
f 1377 1235 1363
f 1360 1363 1235
f 1360 1316 1337
f 1460 1364 1319
f 1365 1380 1328
f 1347 1329 1421
f 1404 1340 1345
f 1422 1345 1302
f 1348 1422 1302
f 1381 1322 1431
f 1350 1392 1281
f 1330 1304 1351
f 1304 1366 1351
f 1341 1366 1295
f 1424 1341 1331
f 1445 1352 1324
f 1282 1353 1296
f 1463 1354 1283
f 1283 1407 1463
f 1326 1286 1358
f 1385 1358 1286
f 1369 1315 1386
f 1288 1359 1343
f 1387 1247 1371
f 1388 1301 1420
f 1380 1319 1328
f 1310 1356 1373
f 1349 1348 1311
f 1331 1352 1424
f 1282 1214 1383
f 1376 1241 1342
f 1415 1202 1307
f 1307 1276 1435
f 1343 1359 1398
f 1400 1409 1335
f 1335 1265 1456
f 1265 1344 1456
f 1327 1372 1447
f 1338 1317 1389
f 1320 1310 1365
f 1310 1373 1365
f 1404 1329 1340
f 1350 1323 1443
f 1443 1323 1444
f 1323 1330 1375
f 1415 1376 1342
f 1342 1202 1415
f 1257 1355 1312
f 1325 1474 1355
f 1336 1362 1290
f 1337 1316 1419
f 1379 1301 1338
f 1389 1317 1339
f 1380 1391 1319
f 1332 1436 1356
f 1405 1422 1348
f 1348 1349 1405
f 1322 1374 1431
f 1375 1444 1323
f 1351 1375 1330
f 1414 1424 1352
f 1383 1462 1282
f 1241 1376 1395
f 1276 1354 1425
f 1321 1347 1411
f 1421 1411 1347
f 1329 1404 1412
f 1349 1381 1442
f 1353 1282 1462
f 1395 1297 1241
f 1425 1435 1276
f 1285 1321 1486
f 1301 1379 1378
f 1379 1338 1389
f 1429 1339 1318
f 1364 1460 1390
f 1373 1356 1436
f 1358 1385 1416
f 1369 1417 1385
f 1359 1334 1398
f 1399 1398 1334
f 1456 1400 1335
f 1363 1360 1428
f 1361 1419 1316
f 1368 1436 1332
f 1397 1386 1315
f 1315 1370 1397
f 1437 1370 1343
f 1389 1339 1440
f 1345 1422 1404
f 1442 1405 1349
f 1406 1374 1346
f 1392 1406 1346
f 1351 1366 1393
f 1353 1445 1324
f 1415 1307 1435
f 1407 1367 1451
f 1464 1367 1384
f 1486 1325 1285
f 1326 1358 1333
f 1370 1437 1397
f 1387 1371 1454
f 1409 1408 1371
f 1439 1428 1337
f 1318 1364 1390
f 1365 1373 1448
f 1373 1436 1410
f 1412 1421 1329
f 1413 1431 1374
f 1406 1483 1374
f 1366 1341 1393
f 1394 1393 1341
f 1424 1394 1341
f 1382 1353 1462
f 1383 1297 1395
f 1354 1463 1425
f 1333 1358 1453
f 1454 1399 1387
f 1401 1327 1447
f 1402 1336 1377
f 1363 1428 1488
f 1420 1378 1403
f 1459 1378 1379
f 1448 1391 1380
f 1448 1373 1410
f 1321 1411 1396
f 1430 1404 1422
f 1483 1413 1374
f 1406 1392 1449
f 1392 1350 1433
f 1423 1375 1351
f 1351 1393 1423
f 1355 1474 1312
f 1486 1321 1396
f 1357 1452 1368
f 1385 1417 1416
f 1386 1477 1369
f 1408 1454 1371
f 1377 1363 1402
f 1361 1388 1458
f 1379 1389 1440
f 1429 1318 1390
f 1468 1460 1319
f 1319 1391 1468
f 1380 1365 1448
f 1442 1381 1431
f 1413 1432 1431
f 1433 1449 1392
f 1445 1414 1352
f 1395 1376 1434
f 1376 1415 1581
f 1416 1453 1358
f 1417 1369 1477
f 1343 1398 1437
f 1399 1427 1398
f 1409 1400 1455
f 1519 1456 1344
f 1344 1418 1478
f 1447 1372 1438
f 1372 1362 1438
f 1336 1506 1362
f 1488 1402 1363
f 1420 1458 1388
f 1410 1436 1461
f 1421 1412 1494
f 1350 1443 1433
f 1444 1375 1423
f 1445 1353 1446
f 1450 1446 1353
f 1382 1450 1353
f 1451 1499 1463
f 1463 1407 1451
f 1367 1464 1451
f 1325 1552 1474
f 1552 1325 1486
f 1452 1436 1368
f 1357 1333 1452
f 1426 1452 1333
f 1453 1426 1333
f 1397 1477 1386
f 1437 1398 1427
f 1455 1408 1409
f 1478 1519 1344
f 1309 1401 1511
f 1440 1339 1429
f 1429 1390 1441
f 1390 1460 1509
f 1461 1448 1410
f 1494 1514 1421
f 1489 1422 1405
f 1442 1489 1405
f 1471 1393 1394
f 1539 1464 1384
f 1384 1312 1539
f 1474 1539 1312
f 1417 1477 1476
f 1456 1455 1400
f 1418 1309 1511
f 1438 1362 1505
f 1506 1505 1362
f 1419 1439 1337
f 1458 1420 1520
f 1420 1403 1520
f 1459 1379 1479
f 1379 1440 1479
f 1562 1433 1443
f 1423 1393 1471
f 1394 1424 1472
f 1473 1424 1414
f 1414 1445 1473
f 1581 1434 1376
f 1526 1415 1435
f 1437 1529 1397
f 1487 1454 1408
f 1478 1418 1556
f 1447 1438 1504
f 1402 1506 1336
f 1458 1419 1361
f 1378 1658 1403
f 1459 1532 1378
f 1440 1429 1480
f 1448 1461 1469
f 1432 1413 1490
f 1449 1433 1495
f 1382 1462 1450
f 1436 1452 1475
f 1500 1467 1416
f 1416 1417 1500
f 1511 1556 1418
f 1503 1511 1401
f 1658 1378 1659
f 1532 1659 1378
f 1469 1481 1448
f 1475 1461 1436
f 1514 1411 1421
f 1482 1412 1404
f 1510 1482 1404
f 1404 1430 1510
f 1489 1430 1422
f 1442 1431 1523
f 1432 1523 1431
f 1413 1483 1490
f 1449 1483 1406
f 1443 1444 1562
f 1444 1423 1465
f 1472 1471 1394
f 1473 1472 1424
f 1446 1473 1445
f 1486 1485 1552
f 1452 1426 1466
f 1453 1466 1426
f 1501 1477 1397
f 1454 1427 1399
f 1455 1487 1408
f 1557 1438 1505
f 1479 1440 1480
f 1441 1480 1429
f 1396 1411 1522
f 1482 1494 1412
f 1515 1510 1430
f 1430 1489 1470
f 1523 1489 1442
f 1491 1483 1449
f 1495 1491 1449
f 1423 1471 1516
f 1450 1462 1497
f 1434 1581 1546
f 1498 1581 1415
f 1415 1526 1498
f 1451 1464 1499
f 1464 1539 1547
f 1518 1475 1452
f 1466 1518 1452
f 1453 1416 1467
f 1397 1529 1501
f 1487 1455 1502
f 1502 1455 1456
f 1504 1503 1401
f 1401 1447 1504
f 1558 1439 1419
f 1520 1492 1458
f 1507 1532 1459
f 1521 1507 1459
f 1521 1459 1479
f 1468 1391 1448
f 1481 1468 1448
f 1525 1497 1462
f 1383 1525 1462
f 1526 1435 1484
f 1435 1425 1484
f 1522 1486 1396
f 1417 1476 1500
f 1582 1427 1454
f 1519 1457 1456
f 1558 1488 1428
f 1479 1480 1508
f 1533 1508 1480
f 1509 1441 1390
f 1562 1495 1433
f 1472 1473 1517
f 1395 1525 1383
f 1547 1499 1464
f 1552 1575 1474
f 1485 1486 1588
f 1454 1487 1582
f 1402 1488 1531
f 1419 1458 1492
f 1521 1479 1508
f 1509 1460 1513
f 1460 1468 1513
f 1469 1461 1542
f 1465 1423 1496
f 1423 1516 1496
f 1446 1450 1537
f 1529 1437 1582
f 1437 1427 1582
f 1502 1456 1457
f 1504 1438 1557
f 1493 1533 1480
f 1480 1441 1493
f 1570 1481 1469
f 1475 1542 1461
f 1543 1522 1411
f 1514 1543 1411
f 1430 1470 1515
f 1523 1432 1560
f 1524 1560 1432
f 1471 1472 1517
f 1536 1517 1473
f 1497 1537 1450
f 1499 1547 1527
f 1575 1539 1474
f 1453 1467 1528
f 1566 1477 1501
f 1519 1478 1555
f 1556 1568 1478
f 1503 1504 1569
f 1592 1468 1481
f 1470 1489 1523
f 1432 1490 1524
f 1535 1490 1483
f 1491 1586 1483
f 1562 1444 1607
f 1465 1607 1444
f 1538 1525 1395
f 1395 1434 1538
f 1434 1546 1538
f 1527 1425 1463
f 1463 1499 1527
f 1475 1518 1540
f 1528 1518 1466
f 1466 1453 1528
f 1500 1553 1467
f 1577 1566 1501
f 1529 1577 1501
f 1502 1457 1548
f 1568 1555 1478
f 1569 1504 1512
f 1520 1403 1651
f 1658 1651 1403
f 1542 1549 1469
f 1482 1510 1534
f 1523 1571 1470
f 1560 1544 1523
f 1483 1586 1535
f 1491 1495 1580
f 1517 1516 1471
f 1545 1536 1473
f 1446 1545 1473
f 1537 1497 1596
f 1484 1587 1526
f 1484 1425 1610
f 1425 1527 1610
f 1527 1547 1605
f 1588 1486 1522
f 1528 1467 1553
f 1530 1582 1487
f 1487 1502 1530
f 1457 1519 1554
f 1504 1557 1649
f 1506 1402 1531
f 1419 1492 1727
f 1493 1441 1559
f 1509 1559 1441
f 1481 1570 1592
f 1624 1514 1494
f 1550 1494 1482
f 1510 1515 1534
f 1562 1580 1495
f 1546 1609 1538
f 1548 1530 1502
f 1554 1548 1457
f 1555 1554 1519
f 1541 1505 1506
f 1531 1583 1506
f 9566 1531 1488
f 1626 1492 1520
f 1651 1626 1520
f 1613 1521 1508
f 1615 1559 1509
f 1513 1615 1509
f 1468 1592 1513
f 1549 1570 1469
f 1542 1475 1540
f 1494 1550 1624
f 1482 1534 1550
f 1544 1571 1523
f 1580 1586 1491
f 1563 1545 1446
f 1537 1563 1446
f 1581 1498 1669
f 1498 1526 1587
f 1610 1631 1484
f 1552 1485 1598
f 1588 1598 1485
f 1540 1518 1576
f 1518 1528 1576
f 1553 1576 1528
f 1500 1476 1600
f 1566 1476 1477
f 1582 1577 1529
f 1649 1512 1504
f 1541 1557 1505
f 1584 1558 1419
f 1601 1613 1508
f 1508 1533 1601
f 1593 1549 1542
f 1624 1606 1514
f 1515 1470 1571
f 1544 1560 1604
f 1524 1490 1579
f 1490 1535 1579
f 1525 1596 1497
f 1587 1669 1498
f 1553 1500 1589
f 1600 1599 1500
f 1548 1554 1590
f 1555 1568 1618
f 1556 1511 1619
f 1578 1531 9566
f 1613 1507 1521
f 1533 1493 1602
f 1559 1602 1493
f 1542 1540 1593
f 1522 1543 1612
f 1606 1543 1514
f 1585 1571 1544
f 1535 1679 1579
f 1496 1516 1573
f 1516 1517 1573
f 1551 1573 1517
f 1539 1575 1670
f 1552 1565 1575
f 1599 1589 1500
f 1530 1548 1567
f 1548 1590 1567
f 1506 1583 1541
f 1513 1592 1591
f 1515 1571 1534
f 1560 1524 1572
f 1524 1561 1572
f 1579 1561 1524
f 1535 1586 1679
f 1607 1465 1660
f 1465 1496 1660
f 1551 1517 1629
f 1517 1536 1629
f 1563 1537 1595
f 1596 1595 1537
f 1631 1587 1484
f 1598 1565 1552
f 1646 1588 1522
f 1522 1612 1646
f 1619 1568 1556
f 1636 1583 1531
f 1531 1578 1636
f 1584 1419 1727
f 1727 1492 1657
f 1601 1533 1602
f 1549 1593 1622
f 1534 1594 1550
f 1572 1604 1560
f 1641 1679 1586
f 1536 1545 1644
f 1525 1538 1574
f 1655 1576 1553
f 1599 1600 1632
f 1476 1566 1600
f 1577 1690 1566
f 1582 1530 1633
f 1569 1512 1635
f 1513 1591 1615
f 1621 1592 1570
f 1639 1621 1570
f 1570 1549 1639
f 1622 1639 1549
f 1624 1550 1665
f 1585 1640 1571
f 1603 1585 1544
f 1544 1604 1603
f 1546 1581 1732
f 1610 1527 1597
f 1653 1605 1547
f 1547 1645 1653
f 1593 1540 1616
f 1589 1655 1553
f 1618 1554 1555
f 1541 1649 1557
f 1656 1578 9566
f 9566 1584 1656
f 1626 1657 1492
f 1642 1580 1562
f 1536 1644 1608
f 1563 1644 1545
f 1609 1721 1538
f 1669 1732 1581
f 1564 1597 1527
f 1605 1564 1527
f 1611 1547 1539
f 1539 1670 1611
f 1540 1576 1617
f 1576 1655 1617
f 1632 1600 1566
f 1633 1577 1582
f 1636 1541 1583
f 1637 1656 1584
f 1727 1637 1584
f 1638 1613 1601
f 1559 1614 1602
f 1687 1628 1585
f 1603 1687 1585
f 1660 1643 1607
f 1608 1629 1536
f 1574 1596 1525
f 1575 1565 1670
f 1588 1625 1598
f 1588 1646 1625
f 1530 1567 1633
f 1568 1619 1740
f 1614 1559 1615
f 1615 1591 1671
f 1621 1627 1592
f 1612 1543 1676
f 1534 1571 1691
f 1628 1640 1585
f 1580 1641 1586
f 1546 1732 1609
f 1653 1564 1605
f 1611 1645 1547
f 1589 1599 1662
f 1599 1632 1662
f 1690 1632 1566
f 1740 1618 1568
f 1511 1503 1634
f 1569 1634 1503
f 1657 1626 1650
f 1601 1602 1638
f 1707 1638 1602
f 1614 1707 1602
f 1591 1592 1627
f 1622 1593 1623
f 1593 1616 1623
f 1652 1594 1534
f 1534 1691 1652
f 1604 1678 1603
f 1604 1572 1678
f 1642 1562 1607
f 1573 1660 1496
f 1669 1587 1680
f 1675 1631 1610
f 1543 1606 1676
f 1571 1640 1691
f 1674 1572 1561
f 1579 1674 1561
f 1642 1641 1580
f 1573 1551 1629
f 1596 1574 1630
f 1646 1612 1654
f 1676 1654 1612
f 1626 1651 1684
f 1659 1714 1658
f 1671 1620 1615
f 1617 1647 1616
f 1616 1540 1617
f 1554 1734 1590
f 1554 1618 1734
f 1619 1511 1749
f 1634 1749 1511
f 1634 1569 1741
f 1635 1741 1569
f 1633 1567 1664
f 1541 1636 1697
f 1697 1636 1578
f 1727 1657 1728
f 1614 1615 1620
f 1627 1671 1591
f 1639 1622 1673
f 1702 1606 1624
f 1624 1665 1702
f 1784 1691 1640
f 1674 1678 1572
f 1668 1574 1538
f 1538 1721 1668
f 1661 1704 1625
f 1625 1646 1661
f 1662 1681 1589
f 1648 1567 1590
f 1697 1578 1656
f 1685 1507 1613
f 1616 1647 1623
f 1702 1676 1606
f 1640 1628 1693
f 1579 1679 1674
f 1587 1631 1675
f 1597 1675 1610
f 1695 1647 1617
f 1655 1589 1681
f 1690 1577 1633
f 1696 1648 1590
f 1684 1651 1764
f 1659 1532 1715
f 1532 1507 1715
f 1759 1685 1613
f 1707 1614 1735
f 1620 1735 1614
f 1621 1639 1673
f 1719 1665 1550
f 1687 1693 1628
f 1642 1607 1688
f 1643 1688 1607
f 1660 1573 1739
f 1574 1668 1630
f 1597 1564 1689
f 1653 1645 1758
f 1565 1598 1704
f 1598 1625 1704
f 1663 1662 1632
f 1512 1649 1725
f 1726 1649 1541
f 1650 1626 1684
f 1658 1764 1651
f 1729 1613 1638
f 1672 1627 1621
f 1784 1692 1691
f 1687 1603 1666
f 1773 1732 1669
f 1708 1661 1646
f 1681 1747 1655
f 1690 1663 1632
f 1567 1648 1664
f 1512 1705 1635
f 1650 1728 1657
f 1685 1716 1507
f 1613 1729 1759
f 1671 1686 1620
f 1671 1627 1672
f 1621 1673 1718
f 1678 1666 1603
f 1678 1674 1731
f 1720 1674 1679
f 1642 1756 1641
f 1629 1739 1573
f 1667 1608 1644
f 1644 1563 1667
f 1808 1667 1563
f 1595 1808 1563
f 1596 1630 1694
f 1630 1668 1762
f 1840 1680 1587
f 1587 1675 1840
f 1653 1689 1564
f 1704 1661 1736
f 1646 1654 1700
f 1676 1746 1654
f 1655 1695 1617
f 1682 1681 1662
f 1662 1663 1831
f 1649 1726 1725
f 1726 1541 1697
f 1715 1507 1716
f 1623 1647 1677
f 1756 1679 1641
f 1595 1596 1694
f 1680 1773 1669
f 1758 1689 1653
f 1670 1565 1711
f 1700 1708 1646
f 1746 1700 1654
f 1662 1831 1682
f 1663 1690 1766
f 1683 1690 1633
f 1633 1664 1683
f 1648 1683 1664
f 1590 1734 1696
f 1740 1734 1618
f 1748 1740 1619
f 1748 1619 1749
f 1715 1714 1659
f 1729 1638 1707
f 1718 1672 1621
f 1673 1622 1699
f 1622 1623 1699
f 1760 1550 1594
f 1678 1731 1710
f 1643 1660 1775
f 1739 1775 1660
f 1667 1807 1608
f 1808 1595 1694
f 1668 1721 1762
f 1746 1676 1817
f 1705 1512 1725
f 1714 1764 1658
f 1735 1620 1686
f 1623 1677 1699
f 1676 1702 1701
f 1710 1666 1678
f 1679 1756 1720
f 1756 1642 1688
f 1775 1703 1643
f 1721 1609 1798
f 1704 1711 1565
f 1701 1817 1676
f 1647 1695 1712
f 1747 1695 1655
f 1697 1706 1726
f 1697 1656 9572
f 1742 9572 1656
f 1637 1742 1656
f 1728 1650 1779
f 1750 1650 1684
f 1671 1672 1744
f 1718 1717 1672
f 1698 1718 1673
f 1709 1693 1687
f 1687 1666 1709
f 1703 1688 1643
f 1762 1721 1828
f 1766 1690 1683
f 1734 1713 1696
f 1734 1740 1778
f 1800 1778 1740
f 1716 1685 1765
f 1744 1672 1717
f 1736 1661 1708
f 1795 1702 1665
f 1665 1719 1795
f 1550 1760 1719
f 1691 1692 1652
f 1597 1689 1774
f 1723 1677 1647
f 1712 1723 1647
f 1747 1810 1695
f 1682 1747 1681
f 1831 1663 1763
f 1766 1763 1663
f 1713 1648 1696
f 1727 1742 1637
f 1743 1779 1650
f 1816 1765 1685
f 1685 1759 1816
f 1735 1768 1707
f 1686 1671 1744
f 1698 1673 1699
f 1704 1736 1730
f 1594 1652 1760
f 1731 1674 1720
f 1629 1608 1776
f 1807 1776 1608
f 1758 1774 1689
f 1611 1670 1722
f 1711 1722 1670
f 1711 1704 1730
f 1695 1810 1712
f 1831 1724 1682
f 1733 1683 1648
f 1740 1748 1833
f 1764 1714 1803
f 1729 1707 1768
f 1735 1686 1780
f 1717 1718 1751
f 1795 1754 1702
f 1709 1786 1693
f 1666 1838 1709
f 1710 1761 1666
f 1694 1630 1757
f 1829 1675 1597
f 1741 1635 1767
f 1705 1767 1635
f 1706 1813 1726
f 1650 1750 1743
f 1684 1764 1750
f 1714 1715 1815
f 1715 1716 1867
f 1765 1867 1716
f 1770 1699 1677
f 1723 1770 1677
f 1753 1700 1746
f 1737 1795 1719
f 1640 1693 1755
f 1761 1838 1666
f 1731 1720 1710
f 1688 1703 1738
f 1775 1738 1703
f 1774 1829 1597
f 1648 1713 1733
f 1813 1725 1726
f 1727 1728 1779
f 1750 1764 1848
f 1768 1824 1729
f 1744 1780 1686
f 1744 1717 1804
f 1793 1736 1708
f 1745 1752 1708
f 1708 1700 1745
f 1753 1745 1700
f 1806 1783 1719
f 1719 1760 1806
f 1755 1784 1640
f 1786 1785 1693
f 1810 1723 1712
f 1683 1733 1789
f 1749 1634 1801
f 1706 9572 1813
f 1769 1751 1718
f 1769 1718 1698
f 1699 1782 1698
f 1708 1752 1793
f 1754 1794 1701
f 1796 1710 1720
f 1738 1756 1688
f 1739 1797 1775
f 1739 1629 1797
f 1808 1807 1667
f 1808 1694 1822
f 1757 1822 1694
f 1733 1713 1799
f 1778 1713 1734
f 1875 1800 1740
f 1801 1634 1854
f 1767 1854 1634
f 1634 1741 1767
f 1790 1705 1725
f 1814 1813 9572
f 1743 1847 1779
f 1780 1744 1804
f 1782 1769 1698
f 1817 1753 1746
f 1817 1701 1818
f 1794 1818 1701
f 1756 1796 1720
f 1797 1629 1776
f 1807 1808 1772
f 1827 1630 1762
f 1798 1828 1721
f 1609 1732 1798
f 1788 1645 1611
f 1611 1722 1788
f 1724 1747 1682
f 1683 1789 1812
f 1846 1799 1713
f 1740 1833 1875
f 1749 1833 1748
f 1742 1814 9572
f 1909 1802 1742
f 1742 1727 1909
f 1779 1909 1727
f 1768 1735 1860
f 1730 1736 1805
f 1745 1793 1752
f 1719 1783 1737
f 1760 1652 1837
f 1692 1837 1652
f 1827 1757 1630
f 1918 1827 1762
f 1773 1798 1732
f 1773 1680 1884
f 1680 1840 1884
f 1788 1758 1645
f 1811 1763 1766
f 1733 1799 1789
f 1867 1815 1715
f 1824 1759 1729
f 1780 1860 1735
f 1770 1782 1699
f 1771 1745 1753
f 1692 1784 1927
f 1761 1710 1796
f 1821 1820 1756
f 1756 1738 1821
f 1840 1675 1829
f 1758 1777 1774
f 1842 1770 1723
f 1723 1810 1842
f 1812 1766 1683
f 1833 1749 1886
f 1801 1886 1749
f 1782 1781 1769
f 1805 1736 1871
f 1793 1871 1736
f 1863 1771 1753
f 1753 1817 1863
f 1754 1795 1850
f 1795 1737 1865
f 1755 1693 1878
f 1785 1878 1693
f 1761 1796 1787
f 1807 1892 1776
f 1777 1758 1809
f 1810 1747 1843
f 1724 1843 1747
f 1831 1763 1823
f 1766 1812 1811
f 1813 1790 1725
f 1814 1742 1802
f 1759 1824 1792
f 1751 1769 1861
f 1781 1861 1769
f 1819 1786 1709
f 1709 1838 1819
f 1762 1828 1918
f 1829 1774 1777
f 1812 1789 1873
f 1815 1803 1714
f 1765 1816 1791
f 1759 1792 1816
f 1892 1797 1776
f 1856 1772 1808
f 1827 1822 1757
f 1722 1711 1852
f 1730 1852 1711
f 1980 1800 1875
f 1854 1767 2050
f 1705 1887 1767
f 1909 1779 1834
f 1847 1834 1779
f 1780 1804 1891
f 1793 1745 1836
f 1817 1818 1864
f 1837 1806 1760
f 1927 1837 1692
f 1784 1902 1927
f 1784 1755 1902
f 1878 1785 1928
f 1839 1821 1738
f 1826 1839 1738
f 1775 1826 1738
f 1829 1903 1840
f 1809 1758 1885
f 1758 1788 1885
f 1788 1722 1893
f 1763 1811 1823
f 1873 1789 1799
f 1980 1874 1800
f 1887 2050 1767
f 1813 1814 1888
f 1803 1848 1764
f 1860 1897 1768
f 1717 1751 1835
f 1751 1861 1835
f 1862 1781 1782
f 1825 1836 1745
f 1795 1865 1850
f 1819 1785 1786
f 1787 1855 1761
f 1866 1787 1796
f 1820 1866 1796
f 1822 1882 1808
f 1918 1828 1868
f 1883 1868 1828
f 1913 1828 1798
f 1831 1845 1724
f 1823 1832 1831
f 1778 1800 1925
f 1874 1925 1800
f 1867 1765 1791
f 1835 1891 1804
f 1804 1717 1835
f 1770 1862 1782
f 1771 1825 1745
f 1863 1849 1771
f 1838 1761 1855
f 1821 1866 1820
f 1797 1826 1775
f 1892 1807 1881
f 1807 1772 1881
f 1882 1856 1808
f 1798 1773 1869
f 1777 1841 1829
f 1805 1852 1730
f 1810 1853 1842
f 1843 1853 1810
f 1811 1812 1873
f 1925 1713 1778
f 1705 1790 1926
f 1750 1848 1895
f 1897 1824 1768
f 1817 1864 1863
f 1856 1881 1772
f 1822 1827 1882
f 1869 1913 1798
f 1777 1809 1830
f 1885 1830 1809
f 1844 1843 1724
f 1910 1895 1848
f 1891 1860 1780
f 1755 1878 1948
f 1866 1821 1880
f 1903 1829 1841
f 1830 1841 1777
f 1852 1893 1722
f 1845 1831 1858
f 1873 1872 1811
f 1888 1915 1813
f 1802 1888 1814
f 1895 1859 1750
f 1803 1815 2025
f 1911 2025 1815
f 1906 1911 1815
f 1815 1867 1906
f 1862 1770 1900
f 1818 1850 1877
f 1948 1902 1755
f 1819 1879 1785
f 1787 1866 1916
f 1884 1840 1908
f 1908 1840 1903
f 1841 1830 1851
f 1870 1851 1830
f 1830 1885 1870
f 1770 1842 1857
f 1845 1844 1724
f 1873 1799 1923
f 1799 1846 1923
f 1846 1713 1924
f 1925 1924 1713
f 1874 1980 1968
f 1833 1937 1875
f 1859 1834 1847
f 1896 1910 1848
f 1848 1803 1896
f 2025 1896 1803
f 1824 1897 1890
f 1966 1805 1871
f 1871 1793 1931
f 1836 1931 1793
f 1921 1836 1825
f 1894 1825 1771
f 1771 1849 1894
f 1849 1863 1912
f 1877 1864 1818
f 1737 1783 1865
f 1819 1838 1941
f 1838 1855 1941
f 1880 1821 1942
f 1839 1942 1821
f 1797 1935 1826
f 1883 1828 1913
f 1884 1869 1773
f 1893 1885 1788
f 1843 1844 1951
f 1832 1858 1831
f 1872 1823 1811
f 1886 1937 1833
f 1926 1887 1705
f 1792 1824 1890
f 1835 1861 1939
f 1781 1862 1899
f 1940 1899 1862
f 1850 1865 1901
f 1879 1819 2063
f 1787 1916 1855
f 1913 1869 1996
f 1842 1853 1857
f 1853 1843 1951
f 1823 1872 1922
f 1867 1791 1938
f 1897 1860 1946
f 1899 1861 1781
f 1863 1864 1912
f 1927 2015 1837
f 1941 1929 1819
f 1866 1880 1916
f 1856 1882 1986
f 1869 1884 1963
f 1955 1931 1836
f 1924 1923 1846
f 1874 1968 1979
f 1906 1867 1938
f 1816 1792 1791
f 1860 1898 1946
f 1891 1898 1860
f 1891 1835 1939
f 1864 1877 1947
f 1877 1850 1958
f 1837 1934 1806
f 1916 1941 1855
f 1986 1917 1856
f 1920 1851 1870
f 1930 1852 1805
f 1805 1966 1930
f 1894 1921 1825
f 1923 1932 1873
f 1979 1925 1874
f 1980 1875 1981
f 1937 1981 1875
f 1887 1926 1904
f 1909 1834 1889
f 1933 1898 1891
f 1770 1857 1900
f 1864 1947 1912
f 1972 1901 1865
f 1974 1783 1806
f 1806 1934 1974
f 1879 1928 1785
f 1962 1892 1881
f 1856 1917 1881
f 1907 1882 1827
f 1827 1918 1907
f 1870 1885 1914
f 1893 1914 1885
f 1921 1955 1836
f 1832 1936 1858
f 1801 1945 1886
f 1905 1876 1888
f 1888 1802 1905
f 1909 1905 1802
f 1939 1861 1899
f 1862 1900 1940
f 1912 1894 1849
f 1783 1974 1973
f 2063 1819 1929
f 1880 1942 1960
f 1797 1892 1962
f 1986 1882 1907
f 1919 1903 1841
f 1841 1851 1964
f 1914 1920 1870
f 1852 1965 1893
f 1931 1966 1871
f 1921 1894 2008
f 1932 1872 1873
f 1932 1923 2000
f 1854 2050 1801
f 1910 1859 1895
f 1956 1791 1792
f 1890 1956 1792
f 1934 1837 2015
f 1959 1927 1902
f 1902 1948 1959
f 1916 1880 1953
f 1920 1964 1851
f 1832 1823 1989
f 1970 1890 1897
f 2011 1946 1898
f 1947 1877 1958
f 1880 1960 1953
f 1935 1839 1826
f 1962 1935 1797
f 1943 1963 1884
f 1920 1914 1944
f 1965 1914 1893
f 1951 1857 1853
f 1989 1936 1832
f 1922 1989 1823
f 2050 1945 1801
f 1926 1915 2002
f 1905 1909 2033
f 1889 2033 1909
f 1834 1859 2004
f 1890 1970 1969
f 1933 1891 1939
f 1881 1917 1950
f 1963 1996 1869
f 1908 1943 1884
f 1987 1908 1903
f 1841 1964 1919
f 1923 1924 2000
f 1904 1983 1887
f 1876 2002 1915
f 1906 1938 2010
f 1933 2011 1898
f 1939 1899 2006
f 1947 2052 1912
f 1992 1958 1850
f 1850 1901 1992
f 1928 1879 2044
f 1953 1941 1916
f 1942 1839 1961
f 1949 1961 1839
f 1935 1949 1839
f 2022 1944 1914
f 2008 1967 1921
f 2032 1857 1951
f 1977 1951 1844
f 1845 1977 1844
f 1999 1922 1872
f 2000 1978 1932
f 2001 1924 1925
f 1979 2001 1925
f 2004 1889 1834
f 1957 1956 1890
f 1897 1946 1971
f 1952 1894 1912
f 1959 1993 1927
f 1879 2063 2029
f 1907 1918 2030
f 1868 2030 1918
f 1919 1987 1903
f 1965 2022 1914
f 1858 1977 1845
f 1872 1932 1978
f 1968 1980 2024
f 1887 1982 2050
f 1859 1910 2082
f 1984 1896 2025
f 1971 1970 1897
f 1783 1973 1865
f 1950 1962 1881
f 1996 1883 1913
f 1943 1908 2106
f 1987 2106 1908
f 1919 1964 1997
f 1944 1976 1920
f 1965 1852 2067
f 2057 2067 1852
f 1852 1930 2057
f 1931 2013 1966
f 1931 1955 2108
f 1955 1921 1967
f 1924 2001 2058
f 2002 1904 1926
f 1876 1905 2009
f 1910 1896 1990
f 2051 2010 1938
f 1938 1791 2051
f 1890 1969 1957
f 1933 1939 2006
f 2052 1952 1912
f 1964 1920 1976
f 1944 2022 2045
f 1998 2008 1894
f 1983 1982 1887
f 2033 2009 1905
f 2078 2033 1889
f 1889 2004 2078
f 1990 2082 1910
f 2011 1971 1946
f 1952 1998 1894
f 1992 1901 2043
f 1993 2015 1927
f 1948 1878 1975
f 1975 1878 1928
f 2044 1975 1928
f 2018 1935 1962
f 1883 1996 1954
f 1930 1966 2057
f 1951 1977 2074
f 2002 1876 2003
f 2009 2003 1876
f 1933 2006 2097
f 2007 1940 1900
f 1958 1992 2028
f 1959 1948 1994
f 1948 1975 2012
f 1929 1941 2016
f 1985 2016 1941
f 1941 1953 1985
f 1953 1960 1985
f 1960 1942 2054
f 1961 2054 1942
f 1935 2018 2017
f 1907 2065 1986
f 2030 1868 1954
f 1868 1883 1954
f 1997 1964 2090
f 1857 2032 1988
f 2032 1951 2074
f 1858 1936 2139
f 1979 1968 2001
f 1984 1990 1896
f 1969 2005 1957
f 2052 1947 2042
f 2028 2042 1947
f 1947 1958 2028
f 1901 1972 2043
f 2021 1973 1974
f 2014 1974 1934
f 2015 2014 1934
f 2012 1994 1948
f 1995 2018 1962
f 1986 2065 2019
f 2116 1987 1919
f 1964 1976 2090
f 2067 2022 1965
f 2013 1931 2108
f 2037 1999 1872
f 2024 2001 1968
f 1937 1886 2060
f 1945 2060 1886
f 1956 2051 1791
f 1899 1991 2006
f 1940 1991 1899
f 1900 1857 2007
f 1988 2007 1857
f 1952 2027 1998
f 2044 1879 2029
f 2016 2035 1929
f 1985 1960 2053
f 1962 1950 1995
f 1976 1944 2020
f 1955 1967 2072
f 1998 2046 2008
f 2024 1980 2059
f 1981 2059 1980
f 1969 1970 2026
f 1971 2011 2040
f 2062 1972 1865
f 1865 1973 2062
f 2063 1929 2035
f 2081 2016 1985
f 2053 1960 2054
f 1950 1917 1995
f 1944 2045 2020
f 2031 2057 1966
f 1966 2013 2031
f 1936 1989 2075
f 2050 2180 1945
f 2026 2005 1969
f 2097 2011 1933
f 2097 2006 1991
f 1991 1940 2007
f 2017 1949 1935
f 2030 2065 1907
f 1963 1943 2055
f 2038 1978 2000
f 2000 1924 2038
f 2001 2024 2023
f 2049 1945 2180
f 2033 2077 2009
f 2004 1859 2208
f 2079 2082 1990
f 2040 2026 1970
f 1970 1971 2040
f 2104 2028 1992
f 1992 2043 2104
f 1974 2014 2021
f 1995 1917 2019
f 1986 2019 1917
f 1954 1996 2036
f 1943 2106 2055
f 2046 1967 2008
f 1983 1904 2039
f 2002 2039 1904
f 2003 2009 2077
f 2025 2141 1984
f 2015 1993 2113
f 1954 2036 2115
f 2090 1976 2117
f 2056 2020 2045
f 2022 2067 2118
f 2132 2031 2013
f 2108 2132 2013
f 1967 2046 2073
f 2046 1998 2027
f 2007 1988 2084
f 2048 2075 1989
f 1989 1922 2048
f 1872 1978 2037
f 2058 2038 1924
f 1937 2076 1981
f 2208 2078 2004
f 2082 2208 1859
f 1990 1984 2061
f 1957 2111 1956
f 2042 2028 2034
f 1996 1963 2036
f 2022 2131 2045
f 2072 2108 1955
f 2076 2059 1981
f 1982 1983 2039
f 2095 2079 1990
f 1984 2141 2061
f 1957 2005 2111
f 2011 2097 2126
f 1952 2052 2080
f 2113 1993 2088
f 1993 1959 2088
f 1994 2088 1959
f 1954 2115 2030
f 2086 2117 1976
f 1858 2093 1977
f 2139 1936 2075
f 2023 2058 2001
f 2076 1937 2060
f 2095 1990 2061
f 2051 2142 2010
f 2097 1991 2041
f 2084 2098 2007
f 2027 1952 2071
f 2104 2034 2028
f 1972 2105 2043
f 2062 2105 1972
f 1973 2021 2062
f 2014 2015 2113
f 2054 1961 2064
f 1961 1949 2064
f 1919 1997 2116
f 2086 1976 2020
f 2118 2131 2022
f 2032 2074 2047
f 1922 1999 2048
f 2094 2037 1978
f 2049 2060 1945
f 2003 2039 2002
f 2033 2078 2069
f 1906 2010 2142
f 2081 2146 2035
f 2016 2081 2035
f 2081 1985 2122
f 2053 2122 1985
f 2114 1949 2017
f 2019 2100 1995
f 2139 2093 1858
f 2110 2023 2024
f 2039 2003 2133
f 2003 2077 2133
f 2025 1911 2141
f 1991 2007 2098
f 1994 2012 2099
f 2018 1995 2100
f 2089 2123 2065
f 2065 2030 2089
f 2036 1963 2066
f 2055 2066 1963
f 2106 1987 2191
f 2107 2056 2045
f 2046 2027 2071
f 2075 2048 2124
f 1982 2180 2050
f 2135 2082 2079
f 1911 1906 2246
f 2070 2051 1956
f 1956 2111 2070
f 2143 2165 2026
f 2026 2040 2143
f 2011 2126 2136
f 1991 2098 2041
f 2137 2080 2052
f 2052 2042 2137
f 2112 2104 2043
f 2043 2105 2112
f 2088 1994 2155
f 2012 1975 2099
f 2054 2200 2053
f 1987 2116 2191
f 2131 2107 2045
f 2072 1967 2073
f 2024 2059 2110
f 2077 2033 2069
f 2111 2005 2096
f 2005 2026 2096
f 2040 2011 2103
f 2034 2137 2042
f 1975 2044 2129
f 2029 2129 2044
f 2200 2054 2157
f 2054 2064 2211
f 1949 2114 2064
f 2019 2065 2123
f 2067 2057 2171
f 2057 2031 2171
f 2073 2068 2072
f 2092 2084 1988
f 1988 2032 2092
f 2074 1977 2093
f 2125 2094 1978
f 2060 2049 2121
f 2180 2121 2049
f 2180 1982 2101
f 2102 2079 2095
f 2142 2051 2087
f 2083 2087 2051
f 2051 2070 2083
f 2103 2011 2136
f 1952 2080 2162
f 2085 2021 2014
f 2099 2155 1994
f 2063 2035 2146
f 2158 2100 2019
f 2192 2191 2116
f 2116 1997 2218
f 2020 2056 2091
f 2047 2092 2032
f 2038 2125 1978
f 2119 2038 2058
f 2058 2023 2119
f 2023 2110 2119
f 2110 2059 2140
f 2059 2076 2140
f 1982 2039 2101
f 2133 2101 2039
f 2078 2208 2284
f 2273 2102 2095
f 2165 2096 2026
f 2040 2103 2143
f 2014 2113 2085
f 2211 2157 2054
f 2089 2030 2138
f 2115 2138 2030
f 2066 2055 2169
f 2106 2169 2055
f 2171 2118 2067
f 2073 2046 2174
f 2060 2121 2120
f 2133 2077 2181
f 2069 2078 2196
f 2098 2084 2127
f 2071 1952 2162
f 2144 2105 2062
f 2029 2063 2168
f 2146 2168 2063
f 2158 2019 2123
f 2090 2218 1997
f 2132 2171 2031
f 2074 2093 2159
f 2139 2075 2124
f 1999 2037 2048
f 2134 2181 2077
f 2077 2069 2134
f 2208 2082 2135
f 2246 2141 1911
f 2034 2104 2167
f 2274 2113 2088
f 2155 2274 2088
f 2129 2099 1975
f 2017 2203 2114
f 2018 2100 2182
f 2090 2117 2173
f 2091 2086 2020
f 2131 2118 2193
f 2109 2147 2068
f 2068 2073 2109
f 2073 2174 2109
f 2092 2127 2084
f 2148 2047 2074
f 2069 2196 2134
f 2095 2061 2273
f 2165 2186 2096
f 2041 2098 2209
f 2099 2129 2216
f 2129 2029 2168
f 2122 2053 2200
f 2068 2108 2072
f 2093 2139 2149
f 2120 2121 2179
f 2180 2179 2121
f 2133 2164 2101
f 2284 2196 2078
f 2102 2135 2079
f 2041 2166 2097
f 2162 2153 2071
f 2162 2080 2238
f 2137 2238 2080
f 2167 2137 2034
f 2112 2167 2104
f 2182 2017 2018
f 2158 2182 2100
f 2089 2138 2190
f 2173 2218 2090
f 2086 2275 2117
f 2108 2068 2147
f 2109 2174 2213
f 2163 2037 2094
f 2094 2125 2163
f 2038 2119 2125
f 2101 2150 2180
f 2246 1906 2160
f 2142 2160 1906
f 2070 2111 2228
f 2209 2098 2152
f 2127 2152 2098
f 2128 2062 2021
f 2085 2128 2021
f 2146 2081 2156
f 2192 2116 2218
f 2275 2173 2117
f 2275 2086 2091
f 2130 2091 2056
f 2118 2171 2193
f 2132 2108 2183
f 2244 2163 2125
f 2184 2125 2119
f 2257 2083 2070
f 2197 2103 2136
f 2166 2136 2126
f 2209 2166 2041
f 2154 2112 2105
f 2144 2154 2105
f 2113 2274 2145
f 2081 2122 2156
f 2122 2200 2210
f 2066 2223 2036
f 2169 2106 2191
f 2174 2046 2306
f 2175 2306 2046
f 2047 2214 2092
f 2125 2184 2244
f 2176 2184 2119
f 2119 2110 2176
f 2140 2076 2177
f 2060 2177 2076
f 2142 2087 2151
f 2185 2228 2111
f 2111 2096 2185
f 2186 2165 2229
f 2197 2143 2103
f 2126 2097 2166
f 2062 2128 2144
f 2145 2085 2113
f 2190 2123 2089
f 2223 2233 2115
f 2115 2036 2223
f 2132 2183 2171
f 2153 2175 2046
f 2046 2071 2153
f 2139 2124 2205
f 2124 2048 2205
f 2048 2037 2262
f 2120 2177 2060
f 2164 2133 2181
f 2186 2215 2096
f 2210 2156 2122
f 2064 2114 2202
f 2115 2233 2138
f 2241 2130 2056
f 2056 2107 2241
f 2219 2262 2037
f 2140 2176 2110
f 2179 2178 2120
f 2160 2142 2151
f 2087 2083 2265
f 2187 2154 2144
f 2301 2128 2085
f 2155 2099 2198
f 2099 2216 2198
f 2107 2131 2212
f 2193 2212 2131
f 2183 2108 2242
f 2108 2147 2242
f 2127 2092 2161
f 2148 2074 2159
f 2257 2070 2228
f 2172 2152 2127
f 2162 2230 2153
f 2145 2274 2239
f 2287 2274 2155
f 2198 2287 2155
f 2200 2157 2201
f 2318 2201 2157
f 2202 2211 2064
f 2217 2158 2123
f 2190 2217 2123
f 2091 2130 2170
f 2214 2161 2092
f 2243 2214 2047
f 2148 2243 2047
f 2159 2243 2148
f 2093 2261 2159
f 2226 2273 2061
f 2061 2141 2226
f 2246 2227 2141
f 2215 2185 2096
f 2136 2166 2197
f 2167 2112 2232
f 2168 2146 2199
f 2156 2199 2146
f 2066 2169 2251
f 2194 2147 2109
f 2109 2213 2194
f 2149 2139 2308
f 2205 2308 2139
f 2163 2219 2037
f 2177 2120 2178
f 2101 2164 2220
f 2227 2226 2141
f 2257 2265 2083
f 2229 2165 2247
f 2165 2143 2247
f 2161 2172 2127
f 2129 2168 2199
f 2203 2202 2114
f 2182 2203 2017
f 2183 2193 2171
f 2207 2181 2134
f 2134 2196 2207
f 2256 2207 2196
f 2238 2231 2162
f 2232 2112 2267
f 2301 2187 2144
f 2144 2128 2301
f 2173 2275 2320
f 2194 2242 2147
f 2271 2213 2174
f 2306 2271 2174
f 2338 2205 2048
f 2048 2262 2338
f 2163 2244 2254
f 2177 2178 2206
f 2220 2195 2101
f 2263 2208 2135
f 2263 2135 2102
f 2102 2273 2263
f 2215 2186 2229
f 2143 2197 2247
f 2231 2230 2162
f 2154 2187 2221
f 2289 2199 2156
f 2188 2289 2156
f 2211 2318 2157
f 2203 2182 2204
f 2189 2204 2182
f 2182 2158 2189
f 2191 2329 2169
f 2149 2261 2093
f 2244 2184 2236
f 2176 2236 2184
f 2177 2206 2140
f 2263 2280 2208
f 2265 2151 2087
f 2238 2137 2259
f 2137 2167 2259
f 2232 2259 2167
f 2267 2112 2154
f 2154 2221 2267
f 2198 2216 2240
f 2216 2129 2288
f 2199 2288 2129
f 2188 2156 2210
f 2251 2223 2066
f 2091 2252 2275
f 2130 2241 2276
f 2243 2159 2261
f 2176 2140 2224
f 2179 2245 2178
f 2297 2256 2196
f 2196 2284 2297
f 2226 2227 2264
f 2215 2401 2185
f 2229 2258 2215
f 2197 2166 2248
f 2249 2248 2166
f 2166 2209 2249
f 2298 2209 2152
f 2161 2214 2172
f 2240 2287 2198
f 2289 2302 2199
f 2200 2201 2210
f 2303 2211 2202
f 2158 2217 2189
f 2091 2170 2252
f 2170 2130 2270
f 2276 2270 2130
f 2212 2241 2107
f 2175 2153 2299
f 2153 2230 2299
f 2219 2163 2254
f 2206 2224 2140
f 2179 2180 2150
f 2181 2207 2225
f 2280 2284 2208
f 2248 2247 2197
f 2152 2172 2298
f 2315 2221 2187
f 2301 2085 2327
f 2302 2260 2199
f 2303 2318 2211
f 2268 2202 2203
f 2251 2169 2329
f 2192 2218 2269
f 2234 2212 2193
f 2193 2183 2234
f 2183 2242 2234
f 2194 2213 2235
f 2150 2101 2195
f 2164 2181 2225
f 2215 2258 2266
f 2209 2298 2249
f 2085 2145 2327
f 2288 2240 2216
f 2288 2199 2260
f 2188 2210 2369
f 2204 2268 2203
f 2222 2189 2217
f 2190 2138 2250
f 2233 2250 2138
f 2218 2173 2269
f 2242 2194 2253
f 2271 2306 2383
f 2236 2176 2224
f 2245 2309 2178
f 2164 2399 2220
f 2172 2214 2314
f 2187 2301 2315
f 2329 2191 2358
f 2191 2192 2358
f 2235 2213 2295
f 2213 2271 2295
f 2309 2206 2178
f 2245 2179 2279
f 2256 2225 2207
f 2264 2273 2226
f 2160 2151 2312
f 2237 2257 2228
f 2228 2185 2400
f 2401 2400 2185
f 2281 2232 2267
f 2321 2252 2170
f 2170 2270 2321
f 2299 2230 2342
f 2244 2236 2345
f 2272 2345 2236
f 2224 2255 2236
f 2150 2279 2179
f 2256 2297 2311
f 2246 2160 2341
f 2312 2151 2455
f 2265 2455 2151
f 2354 2258 2229
f 2231 2238 2355
f 2259 2355 2238
f 2145 2239 2373
f 2250 2217 2190
f 2223 2251 2233
f 2269 2358 2192
f 2241 2212 2294
f 2277 2294 2212
f 2234 2277 2212
f 2235 2253 2194
f 2299 2306 2175
f 2243 2261 2282
f 2378 2254 2244
f 2345 2378 2244
f 2224 2206 2339
f 2225 2399 2164
f 2264 2227 2323
f 2340 2323 2227
f 2227 2246 2340
f 2341 2340 2246
f 2333 2237 2228
f 2401 2215 2266
f 2248 2249 2368
f 2286 2298 2172
f 2314 2286 2172
f 2259 2232 2355
f 2301 2327 2335
f 2373 2327 2145
f 2290 2303 2202
f 2202 2268 2290
f 2204 2189 2319
f 2292 2319 2189
f 2217 2250 2222
f 2352 2233 2251
f 2275 2252 2344
f 2242 2277 2234
f 2253 2235 2360
f 2296 2314 2214
f 2261 2149 2278
f 2308 2278 2149
f 2308 2205 2338
f 2236 2255 2272
f 2150 2195 2310
f 2273 2264 2353
f 2237 2265 2257
f 2228 2400 2333
f 2229 2247 2334
f 2285 2334 2247
f 2247 2248 2285
f 2230 2231 2342
f 2324 2355 2232
f 2325 2324 2232
f 2326 2267 2221
f 2239 2274 2350
f 2288 2260 2328
f 2189 2222 2292
f 2329 2352 2251
f 2173 2320 2330
f 2235 2295 2336
f 2243 2296 2214
f 2219 2254 2410
f 2279 2438 2245
f 2399 2332 2220
f 2311 2346 2256
f 2415 2280 2263
f 2248 2368 2285
f 2300 2342 2231
f 2355 2300 2231
f 2267 2326 2281
f 2201 2369 2210
f 2268 2204 2291
f 2269 2173 2330
f 2293 2276 2241
f 2294 2293 2241
f 2253 2277 2242
f 2282 2296 2243
f 2384 2338 2262
f 2262 2219 2384
f 2225 2256 2346
f 2297 2284 2283
f 2274 2287 2350
f 2318 2317 2201
f 2291 2290 2268
f 2252 2321 2344
f 2305 2270 2276
f 2293 2305 2276
f 2363 2295 2271
f 2378 2331 2254
f 2264 2323 2366
f 2312 2341 2160
f 2258 2459 2266
f 2334 2354 2229
f 2249 2298 2388
f 2302 2289 2442
f 2222 2250 2371
f 2321 2270 2359
f 2305 2359 2270
f 2336 2360 2235
f 2282 2261 2307
f 2206 2309 2380
f 2309 2245 2438
f 2195 2220 2310
f 2332 2310 2220
f 2284 2280 2283
f 2263 2273 2415
f 2273 2353 2415
f 2264 2366 2353
f 2265 2237 2313
f 2354 2459 2258
f 2298 2286 2348
f 2397 2348 2286
f 2286 2314 2397
f 2232 2281 2325
f 2315 2326 2221
f 2316 2350 2287
f 2287 2240 2316
f 2351 2240 2288
f 2288 2328 2351
f 2343 2442 2289
f 2304 2292 2222
f 2371 2304 2222
f 2250 2233 2357
f 2322 2293 2294
f 2277 2322 2294
f 2306 2299 2417
f 2255 2224 2364
f 2339 2206 2398
f 2438 2279 2385
f 2280 2415 2283
f 2388 2298 2348
f 2315 2301 2372
f 2335 2372 2301
f 2260 2302 2442
f 2304 2371 2374
f 2277 2253 2389
f 2360 2389 2253
f 2383 2363 2271
f 2417 2383 2306
f 2410 2384 2219
f 2410 2254 2331
f 2380 2398 2206
f 2150 2365 2279
f 2414 2346 2311
f 2297 2414 2311
f 2265 2313 2455
f 2334 2285 2347
f 2349 2417 2299
f 2342 2349 2299
f 2289 2188 2343
f 2317 2318 2433
f 2405 2357 2233
f 2233 2352 2405
f 9711 2344 2321
f 2322 2277 2389
f 2295 2363 2362
f 2278 2337 2261
f 2379 2345 2272
f 2272 2255 2379
f 2339 2364 2224
f 2399 2225 2391
f 2459 2401 2266
f 2347 2402 2334
f 2285 2368 2347
f 2404 2325 2281
f 2370 2319 2292
f 2352 2329 2436
f 2448 2269 2330
f 2320 2275 2406
f 2344 2406 2275
f 2336 2295 2361
f 2337 2307 2261
f 2225 2346 2454
f 2387 2283 2415
f 2400 2505 2333
f 2354 2334 2402
f 2457 2327 2373
f 2328 2260 2430
f 2442 2430 2260
f 2201 2317 2431
f 2292 2304 2370
f 2436 2329 2471
f 2329 2358 2471
f 2360 2336 2361
f 2362 2361 2295
f 2409 2308 2338
f 2338 2384 2409
f 2364 2339 2398
f 2438 2380 2309
f 2365 2385 2279
f 2283 2414 2297
f 2353 2439 2415
f 2340 2488 2323
f 2249 2388 2368
f 2296 2397 2314
f 2349 2342 2403
f 2457 2335 2327
f 2343 2188 2356
f 2431 2317 2432
f 2433 2432 2317
f 2357 2381 2250
f 2330 2320 2448
f 2406 2344 2443
f 2344 9711 2443
f 2445 2359 2305
f 2296 2282 2377
f 2411 2378 2345
f 2379 2411 2345
f 2364 2452 2255
f 2150 2310 2386
f 2414 2283 2426
f 2340 2341 2367
f 2300 2403 2342
f 2404 2324 2325
f 2356 2188 2369
f 2369 2201 2431
f 2470 2434 2290
f 2290 2291 2470
f 2319 2291 2204
f 2374 2370 2304
f 2381 2371 2250
f 2381 2357 2375
f 2305 2293 2445
f 2382 2445 2293
f 2293 2322 2382
f 2424 2296 2377
f 2408 2278 2308
f 2386 2365 2150
f 2391 2487 2399
f 2454 2391 2225
f 2454 2346 2414
f 2488 2366 2323
f 2367 2341 2474
f 2341 2312 2474
f 2455 2474 2312
f 2468 2313 2237
f 2237 2333 2468
f 2505 2468 2333
f 2388 2428 2368
f 2315 2372 2573
f 2239 2350 2421
f 2350 2316 2393
f 2442 2343 2394
f 2462 2394 2343
f 2434 2303 2290
f 2405 2375 2357
f 2359 2445 2422
f 2389 2360 2361
f 2390 2376 2362
f 2407 2362 2363
f 2383 2407 2363
f 2397 2296 2424
f 2308 2409 2408
f 2387 2426 2283
f 2353 2366 2439
f 2402 2392 2354
f 2347 2368 2440
f 2388 2348 2428
f 2423 2428 2348
f 2417 2349 2456
f 2315 2573 2420
f 2421 2373 2239
f 2350 2393 2421
f 2446 2316 2240
f 2240 2351 2446
f 2356 2369 2431
f 2303 2433 2318
f 2381 2396 2371
f 2405 2352 2436
f 2376 2361 2362
f 2282 2307 2377
f 2379 2255 2452
f 2380 2425 2398
f 2392 2459 2354
f 2348 2397 2423
f 2419 2281 2326
f 2356 2462 2343
f 2396 2395 2374
f 2374 2371 2396
f 2322 2389 2522
f 2407 2390 2362
f 2450 2331 2378
f 2378 2411 2450
f 2452 2364 2453
f 2444 2425 2380
f 2413 2454 2414
f 2456 2349 2551
f 2300 2355 2418
f 2355 2324 2418
f 2420 2326 2315
f 2481 2573 2372
f 2372 2335 2481
f 2416 2522 2389
f 2389 2361 2416
f 2376 2416 2361
f 2417 2407 2383
f 2307 2337 2449
f 2364 2398 2486
f 2380 2438 2444
f 2438 2385 2502
f 2412 2502 2385
f 2488 2340 2367
f 2313 2494 2455
f 2459 2427 2401
f 2368 2428 2440
f 2403 2551 2349
f 2418 2429 2300
f 2419 2404 2281
f 2351 2328 2490
f 2430 2490 2328
f 2470 2291 2319
f 2395 2370 2374
f 2358 2269 2471
f 2376 2390 2441
f 2397 2424 2460
f 2377 2307 2449
f 2453 2364 2486
f 2365 2560 2385
f 2487 2391 2466
f 2454 2466 2391
f 2421 2457 2373
f 2574 2393 2316
f 2434 2433 2303
f 2375 2405 2447
f 2269 2448 2471
f 2522 2382 2322
f 2423 2397 2460
f 2492 2449 2337
f 2337 2278 2492
f 2410 2331 2501
f 2451 2411 2379
f 2425 2486 2398
f 2529 2438 2502
f 2412 2385 2560
f 2386 2310 2465
f 2332 2465 2310
f 2476 2505 2400
f 2402 2347 2489
f 2300 2541 2403
f 2495 2418 2324
f 2404 2495 2324
f 2335 2457 2481
f 2316 2446 2574
f 2442 2394 2496
f 2370 2395 2483
f 2381 2435 2396
f 2447 2405 2517
f 2436 2517 2405
f 2320 2406 2437
f 2458 2437 2406
f 2443 2458 2406
f 2445 2484 2422
f 2416 2376 2478
f 2441 2478 2376
f 2441 2390 2499
f 2390 2407 2499
f 2407 2417 2480
f 2408 2492 2278
f 2409 2558 2408
f 2409 2384 2485
f 2384 2410 2485
f 2452 2451 2379
f 2452 2453 2464
f 2413 2414 2562
f 2467 2426 2387
f 2493 2387 2415
f 2439 2493 2415
f 2521 2392 2402
f 2478 2461 2416
f 2429 2541 2300
f 2514 2421 2393
f 2490 2430 2482
f 2496 2394 2462
f 2395 2396 2435
f 2473 2377 2449
f 2386 2510 2365
f 2387 2493 2467
f 2313 2468 2504
f 2400 2401 2476
f 2427 2476 2401
f 2440 2489 2347
f 2428 2423 2477
f 2441 2499 2479
f 2490 2446 2351
f 2430 2442 2482
f 2460 2424 2463
f 2579 2473 2449
f 2501 2485 2410
f 2529 2444 2438
f 2465 2510 2386
f 2520 2562 2414
f 2414 2426 2520
f 2439 2366 2515
f 2366 2488 2515
f 2428 2506 2440
f 2420 2419 2326
f 2574 2514 2393
f 2496 2482 2442
f 2462 2356 2614
f 2470 2319 2507
f 2435 2483 2395
f 2560 2365 2510
f 2515 2503 2439
f 2468 2505 2512
f 2427 2459 2570
f 2489 2521 2402
f 2489 2440 2506
f 2484 2445 2469
f 2445 2382 2469
f 2382 2522 2469
f 2461 2522 2416
f 2480 2417 2456
f 2525 2541 2429
f 2404 2530 2495
f 2421 2514 2516
f 2614 2531 2462
f 2319 2370 2507
f 2370 2483 2507
f 2435 2381 2532
f 2375 2532 2381
f 2528 2448 2320
f 2437 2528 2320
f 2449 2492 2579
f 2509 2501 2331
f 2503 2493 2439
f 2504 2494 2313
f 2500 2499 2407
f 2407 2480 2500
f 2404 2419 2542
f 2481 2457 2513
f 2555 2457 2421
f 2421 2516 2555
f 2434 2526 2433
f 2508 2458 2443
f 2508 2443 9710
f 2463 2536 2460
f 2558 2492 2408
f 2409 2485 2596
f 2331 2450 2509
f 2486 2425 2597
f 2537 2597 2425
f 2465 2332 2511
f 2426 2467 2520
f 2474 2455 2475
f 2423 2460 2557
f 2536 2557 2460
f 2479 2491 2478
f 2478 2441 2479
f 2600 2479 2499
f 2541 2551 2403
f 2418 2525 2429
f 2572 2542 2419
f 2419 2420 2572
f 2447 2498 2375
f 2517 2436 2518
f 2436 2471 2518
f 2528 2471 2448
f 2451 2450 2411
f 2451 2452 2580
f 2452 2464 2580
f 2425 2444 2537
f 2560 2559 2412
f 2332 2399 2511
f 2413 2562 2553
f 2494 2475 2455
f 2613 2504 2468
f 2506 2428 2477
f 2404 2542 2530
f 2457 2543 2513
f 2457 2555 2543
f 2433 2545 2432
f 2483 2435 2497
f 2458 2533 2437
f 2464 2453 2581
f 2620 2529 2502
f 2559 2502 2412
f 2487 2511 2399
f 2553 2454 2413
f 2367 2564 2488
f 2459 2392 2578
f 2521 2578 2392
f 2489 2534 2521
f 2557 2477 2423
f 2491 2548 2478
f 2495 2525 2418
f 2573 2481 2513
f 2490 2482 2584
f 2531 2496 2462
f 2431 2432 2544
f 2526 2545 2433
f 2434 2470 2546
f 2497 2507 2483
f 2532 2375 2498
f 2453 2486 2597
f 2589 2493 2503
f 2564 2515 2488
f 2512 2613 2468
f 2505 2476 2554
f 2578 2570 2459
f 2590 2446 2490
f 2356 2431 2544
f 2526 2434 2605
f 2507 2497 2527
f 2498 2447 2517
f 2522 2461 2523
f 2461 2478 2548
f 2499 2500 2576
f 2577 2480 2456
f 2537 2444 2538
f 2444 2529 2538
f 2553 2466 2454
f 2474 2475 2612
f 2570 2540 2427
f 2535 2506 2477
f 2584 2590 2490
f 2458 2508 2607
f 2548 2523 2461
f 2491 2479 2549
f 2576 2600 2499
f 2551 2577 2456
f 2587 2596 2485
f 2485 2501 2587
f 2502 2559 2620
f 2465 2539 2510
f 2511 2582 2465
f 2511 2487 2672
f 2466 2672 2487
f 2467 2493 2589
f 2554 2512 2505
f 2476 2427 2540
f 2547 2519 2472
f 2472 2469 2547
f 2469 2522 2547
f 2549 2479 2600
f 2480 2577 2550
f 2551 2541 2571
f 2525 2567 2541
f 2446 2556 2574
f 2585 2496 2604
f 2496 2531 2604
f 2614 2356 2544
f 2434 2546 2605
f 2568 2546 2470
f 2470 2507 2568
f 2592 2568 2507
f 2497 2435 2622
f 2471 2528 2518
f 2596 2558 2409
f 2552 2581 2453
f 2582 2539 2465
f 2367 2474 2699
f 2612 2699 2474
f 2512 2554 2613
f 2540 2554 2476
f 2495 2530 2665
f 2420 2573 2572
f 2622 2527 2497
f 2532 2622 2435
f 2533 2528 2437
f 2607 2533 2458
f 2579 2492 2632
f 2515 2598 2503
f 2564 2661 2515
f 2521 2534 2578
f 2536 2623 2557
f 9591 2536 2463
f 2524 2576 2500
f 2500 2480 2524
f 2446 2590 2556
f 2507 2527 2592
f 2532 2498 2617
f 2498 2517 2617
f 2575 2617 2517
f 9707 2472 2519
f 2509 2588 2501
f 2597 2552 2453
f 2560 2510 2539
f 2672 2466 2561
f 2553 2561 2466
f 2598 2589 2503
f 2661 2598 2515
f 2570 2569 2540
f 2489 2506 2619
f 2557 2535 2477
f 2565 2547 2522
f 2522 2523 2565
f 2662 2548 2491
f 2628 2567 2525
f 2525 2495 2628
f 2590 2584 2646
f 2591 2584 2482
f 2482 2496 2591
f 2585 2591 2496
f 2544 2432 2545
f 2632 2492 2558
f 2641 2450 2451
f 2464 2581 2580
f 2535 2619 2506
f 2549 2662 2491
f 2480 2550 2524
f 2594 2550 2577
f 2602 2572 2573
f 2574 2516 2514
f 2533 2618 2528
f 2473 2579 2609
f 2580 2641 2451
f 2597 2537 2690
f 2529 2652 2538
f 2562 2520 2583
f 2569 2570 2626
f 2567 2571 2541
f 2705 2530 2542
f 2542 2572 2683
f 2602 2573 2513
f 2614 2604 2531
f 2545 2526 2616
f 2605 2616 2526
f 2518 2575 2517
f 2565 2523 2648
f 2548 2648 2523
f 2566 2524 2550
f 2577 2551 2595
f 2580 2581 2633
f 2529 2620 2652
f 2553 2562 2610
f 2589 2563 2467
f 2635 2598 2661
f 2475 2494 2625
f 2700 2613 2554
f 2540 2569 2554
f 2683 2705 2542
f 2555 2516 2629
f 2586 2605 2546
f 2622 2606 2527
f 2593 2622 2532
f 2518 2639 2575
f 2528 2639 2518
f 2547 2599 2519
f 2549 2600 2663
f 2594 2566 2550
f 2619 2534 2489
f 2641 2509 2450
f 2537 2538 2651
f 2583 2610 2562
f 2520 2467 2583
f 2467 2563 2583
f 2565 2599 2547
f 2571 2595 2551
f 2571 2567 2601
f 2543 2555 2603
f 2555 2629 2603
f 2604 2614 2647
f 2544 2545 2615
f 2616 2615 2545
f 2546 2568 2586
f 2592 2527 2606
f 2533 2607 2631
f 2536 9591 2608
f 2588 2587 2501
f 2580 2633 2624
f 2552 2633 2581
f 2494 2504 2625
f 2570 2578 2644
f 2623 2535 2557
f 2574 2556 2637
f 2614 2544 2615
f 2548 2662 2657
f 2600 2576 2649
f 2601 2595 2571
f 2623 2536 2650
f 2651 2690 2537
f 2559 2560 2634
f 2560 2539 2634
f 2553 2673 2561
f 2589 2611 2563
f 2598 2611 2589
f 2747 2661 2564
f 2367 2747 2564
f 2636 2625 2504
f 2730 2683 2572
f 9708 2519 2627
f 2599 2627 2519
f 2663 2677 2549
f 2524 2649 2576
f 2594 2577 2640
f 2632 2709 2579
f 2710 2687 2587
f 2587 2588 2710
f 2652 2651 2538
f 2652 2620 2671
f 2672 2561 2673
f 2504 2613 2636
f 2644 2626 2570
f 2665 2628 2495
f 2602 2730 2572
f 2684 2556 2590
f 2590 2646 2684
f 2585 2604 2638
f 2667 2617 2575
f 2639 2667 2575
f 2640 2566 2594
f 2595 2640 2577
f 2619 2535 2675
f 2650 2536 2658
f 2608 2658 2536
f 2609 2579 2709
f 2596 2587 2687
f 2552 2597 2670
f 2672 2582 2511
f 2553 2610 2642
f 2635 2611 2598
f 2554 2569 2653
f 2657 2648 2548
f 2662 2549 2677
f 2663 2600 2713
f 2649 2713 2600
f 2516 2574 2629
f 2574 2637 2629
f 2616 2605 2666
f 2568 2592 2586
f 2593 2617 2685
f 9709 2631 2607
f 2675 2535 2623
f 2632 2558 2698
f 2558 2596 2698
f 2624 2641 2580
f 2633 2552 2670
f 2652 2671 2712
f 2621 2642 2610
f 2610 2583 2621
f 2643 2563 2611
f 2699 2747 2367
f 2700 2636 2613
f 2601 2567 2654
f 2567 2628 2654
f 2774 2602 2513
f 2603 2513 2543
f 2584 2591 2646
f 2585 2731 2591
f 2615 2647 2614
f 2592 2606 2695
f 2667 2630 2617
f 2639 2528 2618
f 2644 2578 2682
f 2578 2534 2682
f 2509 2641 2659
f 2620 2559 2671
f 2768 2671 2559
f 2539 2582 2660
f 2673 2553 2642
f 2643 2611 2635
f 2627 2668 9708
f 2599 2565 2676
f 2649 2524 2664
f 2530 2705 2749
f 2513 2603 2774
f 2586 2666 2605
f 2696 2606 2622
f 2593 2696 2622
f 2685 2617 2630
f 2733 2618 2533
f 2533 2631 2733
f 2709 2608 2609
f 2641 2624 2688
f 2670 2597 2690
f 2583 2563 2680
f 2700 2554 2653
f 2653 2569 2701
f 2627 2599 2656
f 2676 2656 2599
f 2524 2566 2664
f 2691 2566 2640
f 2628 2665 2704
f 2749 2665 2530
f 2655 2603 2629
f 2679 2631 9709
f 2588 2509 2717
f 2509 2659 2717
f 2634 2768 2559
f 2634 2539 2660
f 2720 2680 2563
f 2563 2643 2720
f 2720 2643 2635
f 2612 2475 2721
f 2625 2721 2475
f 2569 2626 2701
f 2637 2655 2629
f 2645 2637 2556
f 2592 2695 2586
f 2668 2679 9708
f 2656 2668 2627
f 2565 2648 2676
f 2722 2664 2566
f 2534 2619 2674
f 2650 2658 2727
f 2717 2710 2588
f 2688 2659 2641
f 2689 2688 2624
f 2624 2633 2760
f 2673 2642 2746
f 2583 2680 2719
f 2625 2636 2773
f 2654 2628 2704
f 2645 2556 2684
f 2647 2615 2706
f 2615 2616 2678
f 2657 2676 2648
f 2682 2534 2674
f 2687 2698 2596
f 2624 2760 2689
f 2821 2760 2633
f 2670 2669 2633
f 2729 2690 2651
f 2651 2652 2729
f 2652 2712 2711
f 2642 2621 2746
f 2661 2681 2635
f 2701 2801 2653
f 2626 2644 2762
f 2682 2762 2644
f 2750 2602 2774
f 2666 2707 2616
f 2696 2695 2606
f 2697 2732 2667
f 2667 2639 2697
f 2639 2618 2697
f 2595 2702 2640
f 2601 2703 2595
f 2675 2623 2650
f 2673 2739 2672
f 2681 2720 2635
f 2636 2700 2692
f 2694 2676 2657
f 2662 2694 2657
f 2703 2714 2595
f 2774 2603 2771
f 2603 2763 2771
f 2775 2655 2637
f 2637 2645 2775
f 2591 2731 2646
f 2752 2604 2647
f 2706 2725 2647
f 2678 2706 2615
f 2668 2656 2755
f 2718 2669 2670
f 2711 2729 2652
f 2582 2738 2660
f 2582 2672 2761
f 2719 2823 2583
f 2773 2721 2625
f 2674 2619 2726
f 2675 2726 2619
f 2566 2691 2722
f 2691 2640 2781
f 2781 2640 2702
f 2702 2595 2714
f 2749 2705 2770
f 2603 2655 2763
f 2638 2731 2585
f 2638 2604 2765
f 2604 2752 2765
f 2586 2742 2666
f 2695 2802 2586
f 2679 2668 2686
f 2708 2675 2650
f 2650 2727 2708
f 2717 2659 2688
f 2669 2821 2633
f 2761 2738 2582
f 2746 2739 2673
f 2823 2621 2583
f 2747 2681 2661
f 2654 2703 2601
f 2741 2705 2683
f 2715 2741 2683
f 2707 2796 2616
f 2593 2685 2716
f 2630 2667 2810
f 2618 2733 2753
f 2631 2679 2734
f 2791 2658 2608
f 2709 2632 2798
f 2728 2718 2670
f 2670 2690 2728
f 2773 2636 2692
f 2744 2677 2663
f 2713 2744 2663
f 2683 2730 2715
f 2750 2730 2602
f 2645 2684 2772
f 2647 2725 2752
f 2678 2616 2796
f 2666 2742 2776
f 2732 2810 2667
f 2679 2686 2734
f 2668 2755 2686
f 2799 2698 2687
f 2710 2717 2759
f 2660 2784 2634
f 2699 2612 2911
f 2721 2911 2612
f 2736 2682 2674
f 2755 2656 2756
f 2656 2693 2756
f 2735 9590 2676
f 2676 2694 2735
f 2694 2662 2926
f 2743 2926 2662
f 2662 2677 2743
f 2677 2744 2743
f 2713 2649 2780
f 2664 2780 2649
f 2722 2691 2767
f 2704 2665 2740
f 2705 2741 2723
f 2742 2586 2802
f 2716 2696 2593
f 2727 2658 2758
f 2737 2759 2717
f 2729 2728 2690
f 2712 2671 2794
f 2818 2780 2664
f 2757 2767 2691
f 2703 2654 2782
f 2705 2723 2770
f 2724 2715 2730
f 2638 2765 2809
f 2776 2707 2666
f 2753 2697 2618
f 2698 2798 2632
f 2745 2717 2688
f 2794 2711 2712
f 2784 2660 2785
f 2739 2832 2672
f 2762 2682 2736
f 2807 2740 2665
f 2665 2749 2807
f 2646 2731 2815
f 2731 2638 2764
f 2788 2685 2630
f 2810 2788 2630
f 2753 2733 2899
f 2734 2733 2631
f 2675 2708 2726
f 2745 2737 2717
f 2875 2671 2768
f 2768 2634 2784
f 2832 2761 2672
f 2800 2692 2813
f 2748 2813 2692
f 2692 2700 2748
f 2700 2653 2748
f 2801 2748 2653
f 2626 2801 2701
f 2755 2754 2686
f 2735 2693 9590
f 2735 2694 9580
f 2704 2834 2654
f 2751 2772 2684
f 2684 2646 2751
f 2815 2751 2646
f 2809 2764 2638
f 2674 2726 2833
f 2726 2708 2833
f 2804 2833 2708
f 2758 2843 2727
f 2658 2791 2758
f 2792 2608 2709
f 2825 2681 2747
f 2773 2692 2800
f 2750 2724 2730
f 2734 2686 2754
f 2756 2693 2779
f 2766 2743 2744
f 2664 2722 2818
f 2852 2818 2722
f 2722 2767 2852
f 2714 2881 2702
f 2843 2804 2708
f 2708 2727 2843
f 2846 2687 2710
f 2710 2759 2846
f 2660 2738 2785
f 2823 2746 2621
f 2720 2681 2769
f 2654 2834 2782
f 2772 2775 2645
f 2716 2685 2788
f 2732 2697 2777
f 2753 2777 2697
f 9580 2694 2803
f 2744 2713 2790
f 2703 2881 2714
f 2736 2674 2783
f 2792 2791 2608
f 2689 2886 2688
f 2728 2729 2831
f 2729 2711 2831
f 2784 2785 2876
f 2822 2746 2823
f 2769 2805 2720
f 2747 2699 2842
f 2786 2842 2699
f 2911 2786 2699
f 2704 2740 2834
f 2859 2807 2749
f 2749 2770 2859
f 2723 2741 2913
f 2750 2774 2844
f 2775 2808 2655
f 2765 2752 2862
f 2696 2716 2787
f 2754 2755 2892
f 2756 2892 2755
f 2780 2790 2713
f 2819 2852 2767
f 2691 2781 2757
f 2833 2783 2674
f 2798 2698 2793
f 2846 2799 2687
f 2689 2760 2873
f 2821 2873 2760
f 2785 2738 2877
f 2680 2720 2805
f 2825 2769 2681
f 2814 2801 2626
f 2762 2814 2626
f 2763 2655 2845
f 2862 2809 2765
f 2678 2725 2706
f 2810 2732 2908
f 2893 2819 2767
f 2757 2893 2767
f 2793 2883 2798
f 2886 2745 2688
f 2821 2669 2865
f 2831 2718 2728
f 2671 2875 2841
f 2823 2719 2812
f 2719 2680 2812
f 2844 2724 2750
f 2867 2774 2771
f 2867 2771 2763
f 2775 2772 2827
f 2879 2815 2731
f 2764 2879 2731
f 2862 2752 2916
f 2725 2678 2816
f 2695 2835 2802
f 2696 2835 2695
f 2777 2836 2732
f 2733 2734 2899
f 2756 2779 2778
f 2926 2817 2694
f 2926 2743 2838
f 2820 2843 2758
f 2711 2794 2847
f 2794 2671 2841
f 2738 2761 2902
f 2832 2903 2761
f 2795 2832 2739
f 2739 2746 2795
f 2848 2812 2680
f 2769 2825 2948
f 2842 2825 2747
f 2721 2773 2806
f 2860 2844 2774
f 2845 2867 2763
f 2835 2696 2828
f 2797 2787 2716
f 2788 2797 2716
f 2836 2908 2732
f 2803 2694 2817
f 2799 2793 2698
f 2759 2737 2846
f 2768 2784 2921
f 2876 2785 3023
f 2877 3023 2785
f 2902 2877 2738
f 2806 2911 2721
f 2813 2957 2800
f 2826 2850 2762
f 2762 2736 2826
f 2774 2867 2860
f 2827 2772 2868
f 2751 2868 2772
f 2678 2796 2863
f 2734 2789 2899
f 2781 2702 2880
f 2881 2880 2702
f 2873 2864 2689
f 2840 2669 2718
f 2847 2831 2711
f 2901 2847 2794
f 2875 2768 2921
f 2876 2921 2784
f 2795 2746 2822
f 2680 2805 2848
f 2824 2805 2769
f 2813 2748 2855
f 2850 2856 2762
f 2913 2770 2723
f 2808 2845 2655
f 2827 2808 2775
f 2751 2815 2868
f 2879 2764 2890
f 2809 2890 2764
f 2707 2863 2796
f 2742 2802 2776
f 2899 2777 2753
f 2811 2789 2754
f 2778 2892 2756
f 2837 2779 9580
f 2743 2766 2838
f 2791 2820 2758
f 2791 2792 2872
f 2709 2798 2883
f 2864 2886 2689
f 2865 2669 2840
f 2825 2842 2878
f 2748 2801 2855
f 2801 2849 2855
f 2801 2814 2849
f 2783 2826 2736
f 2890 2809 2907
f 2725 2891 2752
f 2678 2863 2816
f 2776 2863 2707
f 2787 2828 2696
f 2857 2766 2744
f 2790 2857 2744
f 2790 2780 2935
f 2757 2781 2839
f 2881 2703 2830
f 2782 2830 2703
f 2820 2791 2872
f 2709 2882 2792
f 2884 2883 2793
f 2831 2840 2718
f 2841 2901 2794
f 2931 2805 2824
f 2800 2806 2773
f 2814 2762 2856
f 2834 2858 2782
f 2907 2809 2862
f 2917 2891 2725
f 2816 2917 2725
f 2788 2810 2953
f 2908 2953 2810
f 9755 2899 2789
f 2829 9755 2789
f 2789 2811 2829
f 2892 2811 2754
f 2778 2779 2851
f 2871 2837 9580
f 9580 2803 2871
f 2853 2893 2757
f 2880 2839 2781
f 2783 2833 2896
f 2833 2804 2964
f 2843 2964 2804
f 2900 2793 2799
f 2856 2849 2814
f 2752 2891 2916
f 2835 2979 2802
f 2892 2778 2851
f 2803 2817 2871
f 2926 2871 2817
f 2780 2818 2909
f 2818 2852 2909
f 2895 2783 2896
f 2873 2821 2938
f 2903 2902 2761
f 2823 2812 2887
f 2878 2948 2825
f 2878 2842 2854
f 2826 2783 2895
f 2740 2912 2834
f 2951 2859 2770
f 2770 2913 2951
f 2827 2868 2889
f 2776 2802 2962
f 2802 2979 2962
f 2883 2882 2709
f 2874 2847 2901
f 2866 2901 2841
f 2887 2822 2823
f 2812 2848 2894
f 2948 2824 2769
f 2905 2957 2813
f 2855 2905 2813
f 2896 2833 2964
f 2912 2858 2834
f 2898 2815 2879
f 2777 2899 2945
f 2811 2924 2829
f 2779 2837 2870
f 2935 2780 2909
f 2920 2737 2745
f 2864 2873 2928
f 2865 2938 2821
f 2875 2866 2841
f 2903 2832 2904
f 2832 2974 2904
f 2812 2894 2887
f 2805 2931 2848
f 2786 2854 2842
f 2888 2806 2800
f 2892 2924 2811
f 2927 2830 2782
f 2858 2927 2782
f 2941 2741 2715
f 2861 2867 2845
f 2952 2845 2808
f 2934 2917 2816
f 2863 2934 2816
f 2777 2919 2836
f 2900 2884 2793
f 2846 2737 2972
f 2831 2847 2874
f 2800 2957 2888
f 2933 2964 2843
f 2914 2724 2844
f 2860 2914 2844
f 2868 2815 2915
f 2898 2915 2815
f 2863 2776 2869
f 2962 2869 2776
f 2835 2828 2979
f 2874 2840 2831
f 2910 2894 2848
f 2855 2849 2949
f 2964 2963 2896
f 2820 2933 2843
f 2851 2779 2870
f 2870 2837 2925
f 2925 2837 2871
f 2766 2857 2969
f 2909 2852 2819
f 2906 2807 2859
f 2859 2951 2906
f 2860 2867 2943
f 2919 2908 2836
f 2885 2900 2799
f 2799 2846 2885
f 2745 2886 3074
f 2937 2886 2864
f 2929 2865 3002
f 2865 2840 3002
f 2956 2931 2824
f 2855 2949 2905
f 2856 2949 2849
f 2895 3009 2826
f 2807 2912 2740
f 2913 2741 3100
f 2715 2724 2941
f 2918 2828 2787
f 2953 2797 2788
f 2777 2945 2919
f 2839 2853 2757
f 2936 2933 2820
f 2872 2936 2820
f 2872 2792 2965
f 2882 2965 2792
f 3034 2885 2846
f 2920 2972 2737
f 2920 2745 3074
f 2938 2928 2873
f 2921 3004 2875
f 2904 2973 2903
f 2974 2832 2975
f 2795 2975 2832
f 2795 2822 2939
f 2887 2993 2822
f 2848 2931 2910
f 2932 2911 2806
f 2806 2888 2932
f 2850 2826 3009
f 2858 2912 2897
f 2944 2861 2845
f 2808 2827 2952
f 2869 2934 2863
f 2892 2851 2998
f 2969 2838 2766
f 3022 2839 2880
f 2927 2858 3064
f 2965 2882 3092
f 2846 2972 3034
f 2901 2866 2930
f 2887 2894 2947
f 2941 3100 2741
f 2724 2914 2960
f 2861 2943 2867
f 2862 2916 3010
f 2967 3031 2891
f 2891 2917 2967
f 2787 2797 2918
f 2899 9755 3045
f 2819 2893 2989
f 2853 2989 2893
f 2880 2881 3000
f 2881 2830 2959
f 2965 2936 2872
f 2928 2938 3057
f 2840 2874 3003
f 2903 2973 2902
f 2894 2910 2947
f 2923 2888 2957
f 2912 2807 2985
f 2860 2943 2914
f 2890 2898 2879
f 2907 2862 3010
f 3010 2916 2987
f 2916 2891 3031
f 3045 2945 2899
f 2926 2838 2950
f 2959 3000 2881
f 2959 2830 2927
f 2895 2896 2963
f 2928 2937 2864
f 2929 2938 2865
f 2874 2901 2930
f 2866 2875 3048
f 2877 2902 2922
f 2973 2922 2902
f 2958 2905 2949
f 2856 2850 2940
f 2897 3064 2858
f 2861 2944 3138
f 2917 2934 2978
f 2980 2908 2919
f 3081 9754 2924
f 2870 2925 3046
f 2969 2950 2838
f 2857 2790 3063
f 2895 2963 3040
f 2930 2991 2874
f 2875 3004 3048
f 2922 3023 2877
f 2939 2975 2795
f 2993 2939 2822
f 2955 2993 2887
f 2948 2956 2824
f 2940 2949 2856
f 2960 2941 2724
f 2943 2942 2914
f 3051 2952 2827
f 2827 2889 3051
f 2898 2890 3019
f 2987 2916 3087
f 3031 3087 2916
f 2918 3052 2828
f 2945 3045 3114
f 2851 2870 2968
f 3092 2882 3001
f 2883 3001 2882
f 2885 2884 2900
f 2982 2972 2920
f 2920 3074 2982
f 3003 3002 2840
f 2921 2876 3005
f 3023 3005 2876
f 2973 2904 2974
f 2887 2947 2955
f 3076 2932 2888
f 2942 2960 2914
f 2978 2967 2917
f 3039 2953 2908
f 2871 2981 2925
f 3054 2989 2853
f 2853 2839 2946
f 2970 2959 2927
f 2884 3001 2883
f 3074 2886 3012
f 2886 2937 3012
f 3057 3117 2928
f 2984 2947 2910
f 2854 2994 2878
f 2786 3068 2854
f 2786 2911 3025
f 2932 3025 2911
f 3037 3076 2888
f 2888 2923 3037
f 2957 2905 2976
f 2906 2951 2986
f 3099 2951 2913
f 2913 3100 3099
f 2943 2861 3029
f 2961 2944 2845
f 2845 2952 2961
f 2907 3010 3070
f 2797 2953 3020
f 9754 3081 2988
f 2924 2892 2998
f 2926 2981 2871
f 2819 2989 2999
f 2933 2936 3041
f 2937 2928 3066
f 3117 3066 2928
f 3003 2874 2991
f 2992 2930 2866
f 2866 3048 2992
f 2939 2993 2954
f 2948 2878 3042
f 2994 3042 2878
f 3068 2994 2854
f 2958 2949 3026
f 2940 3026 2949
f 3009 2895 3040
f 2897 3027 3064
f 2807 2906 2985
f 3029 3017 2943
f 2890 2907 3030
f 3052 2979 2828
f 3060 3052 2918
f 2997 2918 2797
f 3020 2997 2797
f 2919 2945 2980
f 3114 2980 2945
f 2968 2998 2851
f 2981 2926 2950
f 2857 3103 2969
f 3063 2790 3011
f 2935 3011 2790
f 2935 2909 3011
f 2999 3011 2909
f 2909 2819 2999
f 2946 3054 2853
f 2971 2964 2933
f 3005 2966 2921
f 2954 2975 2939
f 2984 2955 2947
f 2931 2956 3014
f 3008 3085 2948
f 3042 3008 2948
f 2958 2976 2905
f 3046 2968 2870
f 2951 3099 2986
f 2941 3059 3100
f 3017 2942 2943
f 3138 3029 2861
f 2889 2868 3038
f 2915 3038 2868
f 2869 2978 2934
f 2953 3039 3020
f 2908 2980 3101
f 2964 2971 2963
f 2929 3067 2938
f 3004 2921 2966
f 2922 3006 3023
f 3085 3014 2956
f 2956 2948 3085
f 2976 2923 2957
f 3015 2976 2958
f 2940 2850 3009
f 3053 3081 2924
f 2924 2998 3053
f 2925 2981 3046
f 3022 2880 3000
f 3038 3051 2889
f 2915 2898 3018
f 2898 3019 3018
f 2967 2978 3044
f 2997 3060 2918
f 3039 2908 3101
f 2988 3045 9754
f 3040 2963 3089
f 2971 3089 2963
f 2936 2965 3033
f 3067 3057 2938
f 3067 2929 3075
f 3002 3075 2929
f 2930 2992 2983
f 3007 2984 2910
f 2931 3014 3007
f 3016 2985 2906
f 2906 2986 3016
f 2996 2962 2979
f 2959 2970 3047
f 3035 3034 2972
f 3065 3035 2972
f 2972 2982 3065
f 3066 3012 2937
f 2983 2991 2930
f 2993 2955 3013
f 2910 2931 3007
f 2923 2976 3037
f 3030 3019 2890
f 3030 2907 3070
f 2967 2977 3031
f 2977 2967 3044
f 2869 2962 2996
f 2998 2968 3115
f 2946 2839 3088
f 3047 3000 2959
f 3064 2970 2927
f 2971 2933 3041
f 2884 2885 2990
f 2990 2885 3034
f 2973 3006 2922
f 2975 3084 2974
f 3036 3013 2955
f 3028 3027 2897
f 2995 3028 2897
f 2897 2912 2995
f 2942 3017 3050
f 3051 2961 2952
f 3018 3038 2915
f 2978 2869 3113
f 3103 2857 3140
f 3063 3140 2857
f 3054 3021 2989
f 3003 2991 3118
f 2992 3048 3263
f 2954 2993 3013
f 2955 2984 3036
f 3008 3042 3160
f 3068 2786 3025
f 2941 2960 3059
f 3051 3199 2961
f 3069 3018 3019
f 2979 3052 3072
f 2997 3020 3061
f 2998 3115 3126
f 3046 2981 3073
f 2950 3073 2981
f 2969 3103 2950
f 2999 3116 3011
f 2999 2989 3021
f 3047 2970 3147
f 3064 3027 3032
f 3033 3041 2936
f 3002 3003 3075
f 3150 3075 3003
f 3109 3048 3004
f 2975 2954 3024
f 3096 3058 2984
f 2984 3007 3096
f 3007 3014 3110
f 3135 3015 2958
f 3026 3135 2958
f 2940 3049 3026
f 2996 2979 3072
f 3021 3116 2999
f 3141 3054 2946
f 2946 3088 3141
f 3083 2983 2992
f 2992 3263 3083
f 3004 2966 3093
f 3023 3006 3095
f 2973 2974 3084
f 3160 3133 3008
f 2912 2985 2995
f 3016 2986 3043
f 3111 3100 3059
f 3199 2944 2961
f 3019 3030 3069
f 3113 3044 2978
f 3060 2997 3155
f 3061 3155 2997
f 3039 3061 3020
f 3114 3080 2980
f 3102 3045 2988
f 3164 3115 2968
f 3046 3164 2968
f 2839 3022 3104
f 3022 3000 3105
f 3047 3105 3000
f 2971 3041 3055
f 3005 3023 3095
f 3084 3159 2973
f 3145 3084 2975
f 3133 3085 3008
f 3068 3025 3120
f 2940 3009 3121
f 3028 3032 3027
f 3181 3017 3029
f 3051 3038 3163
f 3031 2977 3087
f 2869 2996 3071
f 3063 3011 3167
f 3116 3167 3011
f 3092 3091 2965
f 3172 3001 2884
f 2884 2990 3172
f 3118 3150 3003
f 3006 2973 3159
f 2975 3024 3119
f 2995 2985 3146
f 2985 3016 3146
f 3112 2960 2942
f 3029 3138 3181
f 3030 3070 3184
f 3061 3039 3079
f 3101 3079 3039
f 3080 3101 2980
f 2950 3103 3129
f 3104 3022 3105
f 3091 3033 2965
f 3056 3012 3066
f 3093 3109 3004
f 3119 3176 2975
f 3013 3036 3131
f 2994 3160 3042
f 3015 3097 2976
f 3049 2940 3152
f 3121 3152 2940
f 3137 3059 2960
f 3112 2942 3154
f 2942 3050 3154
f 2977 3044 3207
f 3113 2869 3071
f 3125 3114 3045
f 3102 3125 3045
f 3073 3164 3046
f 3104 3088 2839
f 3147 3156 3047
f 3089 2971 3082
f 2990 3034 3173
f 3118 2991 3108
f 3093 2966 3094
f 3005 3094 2966
f 3159 3095 3006
f 3131 3024 3013
f 3058 3036 2984
f 3007 3110 3178
f 3040 3121 3009
f 3146 3153 2995
f 3181 3050 3017
f 3163 3199 3051
f 3038 3018 3077
f 3070 3010 3185
f 2987 3185 3010
f 2987 3087 3078
f 3072 3071 2996
f 3122 3072 3052
f 3052 3060 3122
f 3102 3081 3062
f 3073 2950 3129
f 3105 3047 3156
f 2971 3055 3082
f 3055 3041 3090
f 3033 3090 3041
f 3074 3191 2982
f 3117 3057 3107
f 3057 3067 3107
f 3095 3144 3005
f 3084 3220 3159
f 3120 3025 3190
f 2932 3190 3025
f 3135 3026 3049
f 3086 3163 3038
f 3123 3155 3061
f 3140 3063 3166
f 3167 3166 3063
f 3168 3021 3054
f 3147 2970 3197
f 3130 3197 2970
f 2970 3064 3130
f 3032 3130 3064
f 3001 3172 3106
f 3173 3172 2990
f 3035 3173 3034
f 3191 3074 3012
f 3067 3075 3149
f 2991 2983 3108
f 3143 3108 2983
f 3281 3263 3048
f 3048 3109 3281
f 3145 2975 3176
f 3007 3178 3096
f 3132 3110 3014
f 3014 3085 3132
f 3037 2976 3180
f 3135 3097 3015
f 3121 3040 3098
f 3077 3086 3038
f 3069 3030 3223
f 3185 3184 3070
f 3060 3155 3122
f 3126 3115 3127
f 3166 3165 3140
f 3141 3168 3054
f 3040 3089 3098
f 3083 3143 2983
f 3190 2932 3278
f 2932 3076 3278
f 3134 3076 3037
f 3028 2995 3157
f 2995 3153 3157
f 3264 3111 3059
f 3059 3137 3264
f 2960 3112 3137
f 3162 3154 3050
f 3050 3181 3162
f 3222 3138 2944
f 3079 3101 3124
f 9753 3062 3081
f 3166 3167 3247
f 3116 3021 3182
f 3021 3168 3182
f 3202 3130 3032
f 3082 3170 3089
f 3144 3094 3005
f 3145 3220 3084
f 3258 3132 3085
f 3133 3258 3085
f 2994 3068 3179
f 3120 3179 3068
f 3037 3180 3134
f 3097 3180 2976
f 3032 3028 3157
f 3043 3146 3016
f 3113 3207 3044
f 3124 3123 3061
f 3061 3079 3124
f 3140 3165 3103
f 3188 3141 3088
f 3211 3170 3082
f 3055 3090 3142
f 3091 3092 3171
f 3203 3171 3092
f 3092 3001 3203
f 3106 3203 3001
f 3191 3012 3158
f 3012 3056 3158
f 3174 3149 3075
f 3075 3150 3174
f 3134 3278 3076
f 3218 3180 3097
f 2944 3199 3222
f 3266 3018 3069
f 3223 3266 3069
f 3101 3080 3237
f 3062 3125 3102
f 3088 3104 3188
f 3105 3156 3169
f 3157 3202 3032
f 3082 3055 3211
f 2982 3288 3065
f 3056 3066 3117
f 3118 3108 3175
f 3189 3131 3036
f 3152 3121 3098
f 3136 3043 2986
f 2986 3099 3136
f 3077 3018 3205
f 3266 3205 3018
f 3207 3235 2977
f 3080 3200 3237
f 3193 3200 3080
f 3080 3114 3193
f 3114 3125 3193
f 3267 3164 3128
f 3164 3073 3128
f 3167 3116 3182
f 3105 3169 3104
f 3170 3098 3089
f 3142 3211 3055
f 3191 3288 2982
f 3144 3095 3192
f 3159 3192 3095
f 3177 3231 3119
f 3036 3058 3189
f 3099 3100 3136
f 3100 3111 3136
f 3161 3264 3137
f 3223 3030 3184
f 3255 3087 2977
f 3207 3113 3139
f 3113 3071 3139
f 3071 3072 3244
f 3125 3062 3285
f 3073 3129 3194
f 3165 3194 3103
f 3195 3188 3104
f 3065 3173 3035
f 3056 3117 3148
f 3107 3067 3204
f 3143 3175 3108
f 3360 3109 3093
f 3094 3360 3093
f 3176 3119 3231
f 3151 3189 3058
f 3058 3096 3151
f 3198 3097 3135
f 3135 3049 3152
f 3331 3161 3137
f 3137 3112 3331
f 3162 3221 3154
f 3181 3138 3213
f 3185 2987 3206
f 3078 3206 2987
f 3078 3087 3255
f 3129 3103 3194
f 3148 3158 3056
f 3149 3204 3067
f 3175 3150 3118
f 3220 3145 3243
f 3176 3243 3145
f 3131 3189 3177
f 3122 3155 3236
f 3237 3124 3101
f 3356 3127 3115
f 3115 3164 3356
f 3194 3128 3073
f 3156 3147 3196
f 3197 3196 3147
f 3142 3090 3262
f 3258 3178 3110
f 3110 3132 3258
f 3198 3135 3152
f 3183 3146 3043
f 3136 3183 3043
f 3323 3136 3111
f 3111 3264 3323
f 3112 3154 3254
f 3234 3254 3154
f 3221 3234 3154
f 3182 3168 3187
f 3168 3141 3201
f 3169 3195 3104
f 9559 3262 3090
f 3090 3033 9559
f 3091 9559 3033
f 3173 3065 3240
f 3158 3148 3241
f 3270 3143 3083
f 3192 3159 3242
f 3189 3209 3177
f 2994 3229 3160
f 3152 3098 3259
f 3254 3331 3112
f 3222 3199 3214
f 3215 3199 3163
f 3255 3206 3078
f 3236 3245 3122
f 3186 3236 3155
f 3155 3123 3186
f 3182 3247 3167
f 3168 3201 3187
f 3188 3201 3141
f 3202 3157 3226
f 3232 3226 3157
f 3098 3170 3219
f 3211 3219 3170
f 3212 3106 3172
f 3172 3173 3212
f 3117 3107 3204
f 3204 3149 3397
f 3243 3176 3231
f 3177 3209 9932
f 3178 3258 3228
f 3179 3277 2994
f 3198 3218 3097
f 3162 3181 3284
f 3181 3213 3284
f 3332 3086 3077
f 3185 3224 3184
f 2977 3235 3255
f 3225 3072 3122
f 3122 3245 3225
f 3267 3293 3164
f 3216 3156 3196
f 3283 3232 3153
f 3153 3146 3283
f 3146 3183 3283
f 3136 3233 3183
f 3323 3233 3136
f 3222 3213 3138
f 3086 3215 3163
f 3301 3223 3184
f 3224 3301 3184
f 3206 3224 3185
f 3225 3244 3072
f 3272 3123 3124
f 3285 3193 3125
f 3165 3208 3194
f 3166 3305 3165
f 3195 3169 3248
f 3217 3096 3178
f 3228 3217 3178
f 3160 3229 3249
f 3262 3287 3142
f 3240 3212 3173
f 3337 3349 3191
f 3158 3337 3191
f 3149 3174 3230
f 3094 3144 3282
f 3220 3242 3159
f 3243 3271 3220
f 9932 3231 3177
f 3273 3246 3126
f 3126 3127 3273
f 3293 3356 3164
f 3208 3304 3194
f 3182 3187 3247
f 3295 3188 3195
f 3297 3189 3151
f 3239 3151 3096
f 3258 3133 3276
f 3133 3249 3276
f 3133 3160 3249
f 3179 3120 3250
f 3190 3250 3120
f 3279 3134 3180
f 3210 3279 3180
f 3198 3152 3310
f 3259 3098 3268
f 3211 3142 3261
f 3287 3261 3142
f 3288 3191 3349
f 3337 3158 3241
f 3148 3117 3378
f 3280 3174 3150
f 3150 3175 3280
f 3175 3143 3350
f 3083 3263 3270
f 3192 3282 3144
f 3205 3332 3077
f 3236 3186 3256
f 3292 3285 3062
f 3062 9753 3292
f 3294 3187 3201
f 3201 3188 3294
f 3216 3248 3169
f 3156 3216 3169
f 3202 3226 3286
f 3217 3239 3096
f 3218 3210 3180
f 3171 3203 3251
f 3280 3230 3174
f 3360 3094 3282
f 3284 3221 3162
f 3215 3214 3199
f 3086 3332 3265
f 3128 3194 3274
f 3130 3202 3286
f 3226 3232 9929
f 3298 3297 3151
f 3239 3298 3151
f 3277 3229 2994
f 3171 9559 3091
f 3288 3240 3065
f 3117 3204 3378
f 3397 3149 3328
f 3270 3252 3143
f 3213 3222 3364
f 3235 3207 3139
f 3186 3123 3257
f 3272 3257 3123
f 3237 3272 3124
f 3194 3304 3274
f 3208 3165 3305
f 3306 3247 3187
f 3187 3294 3306
f 3295 3195 3248
f 3197 3130 3238
f 3297 3227 3189
f 3252 3350 3143
f 3367 3270 3263
f 3282 3192 3368
f 3242 3220 3313
f 3183 3233 3315
f 3254 3234 3340
f 3222 3214 3364
f 3215 3086 3289
f 3266 3223 3290
f 3317 3139 3071
f 3071 3244 3317
f 3356 3273 3127
f 3286 3238 3130
f 3286 3226 9929
f 3366 3318 3249
f 3249 3229 3366
f 3259 3310 3152
f 3336 3219 3211
f 3106 3251 3203
f 3241 3148 3321
f 3378 3321 3148
f 3282 3329 3360
f 3271 3243 3330
f 9940 3243 3231
f 9932 9940 3231
f 3283 3253 3232
f 3214 3215 3300
f 3289 3300 3215
f 3332 3205 3369
f 3224 3206 3341
f 3302 3255 3235
f 3236 3256 3245
f 3365 3272 3237
f 3291 3365 3237
f 3237 3200 3291
f 3200 3193 3291
f 3285 3291 3193
f 3248 3216 3275
f 3419 3298 3239
f 3260 3268 3219
f 3211 3261 3459
f 3251 3106 3312
f 3106 3212 3312
f 3230 3328 3149
f 3175 3350 3280
f 3271 3313 3220
f 3265 3289 3086
f 3266 3369 3205
f 3301 3224 3341
f 3317 3303 3139
f 3306 3405 3247
f 3276 3249 3318
f 3190 3278 3481
f 3278 3134 3393
f 3218 3198 3310
f 3230 3280 3398
f 3281 3109 3448
f 3424 3283 3183
f 3183 3315 3424
f 3340 3363 3254
f 3214 3300 3364
f 3305 3166 3372
f 3247 3372 3166
f 3405 3335 3247
f 3307 3306 3294
f 3308 3294 3188
f 3188 3295 3308
f 3216 3196 3275
f 3309 3343 3196
f 3196 3197 3309
f 3197 3238 3309
f 3228 3258 3276
f 3366 3229 3277
f 3277 3179 3358
f 3250 3358 3179
f 3134 3279 3393
f 3269 3262 9559
f 3311 3269 9559
f 9559 3171 3311
f 3251 3375 3171
f 3288 3299 3240
f 3270 3367 3379
f 3242 3313 3380
f 3330 3243 3338
f 9940 3338 3243
f 3362 3323 3264
f 3264 3161 3362
f 3221 3340 3234
f 3290 3463 3266
f 3206 3255 3342
f 3235 3139 3303
f 3225 3317 3244
f 3333 3256 3186
f 3186 3257 3333
f 3267 3128 3325
f 3274 3325 3128
f 3227 3297 3296
f 3228 3276 3217
f 3327 3276 3318
f 3346 3279 3210
f 3259 3268 3319
f 3459 3336 3211
f 3375 3311 3171
f 3240 3312 3212
f 3321 3337 3241
f 3368 3192 3380
f 3192 3242 3380
f 3330 3382 3271
f 3233 3323 3315
f 3401 3284 3213
f 3213 3364 3401
f 3255 3302 3342
f 3246 3273 3387
f 3293 3267 3325
f 3372 3247 3335
f 3326 3295 3248
f 3275 3326 3248
f 3259 3395 3310
f 3261 3320 3459
f 3379 3422 3270
f 3263 3281 3367
f 3448 3367 3281
f 3381 3313 3361
f 3313 3271 3361
f 3382 3361 3271
f 3314 3322 3253
f 3253 3283 3314
f 3290 3223 3301
f 3341 3206 3435
f 3342 3435 3206
f 3404 3370 3285
f 3356 3293 3334
f 3304 3208 3456
f 3305 3456 3208
f 3275 3196 3343
f 3344 3238 3286
f 9929 3344 3286
f 3239 3217 3419
f 3391 3419 3217
f 3217 3276 3327
f 3218 3310 3347
f 3260 3319 3268
f 3287 3320 3261
f 3299 3288 3412
f 3349 3412 3288
f 3422 3252 3270
f 3338 9940 3339
f 3369 3266 3316
f 3463 3316 3266
f 3301 3341 3384
f 3285 3292 3404
f 3427 3325 3274
f 3308 3307 3294
f 3344 9929 9918
f 3366 3277 3374
f 3319 3395 3259
f 3287 3262 3269
f 3337 3321 3396
f 3350 3252 3414
f 3329 3282 3368
f 3283 3424 3314
f 3340 3221 3324
f 3352 3324 3221
f 3221 3284 3352
f 3401 3352 3284
f 3353 3289 3265
f 3384 3354 3301
f 3225 3245 3355
f 3428 3456 3305
f 3372 3428 3305
f 3306 3307 3373
f 3308 3295 3523
f 3327 3318 3468
f 3392 3358 3250
f 3250 3190 3392
f 3481 3392 3190
f 3278 3393 3481
f 3393 3279 3345
f 3346 3345 3279
f 3260 3219 3348
f 3336 3348 3219
f 3375 3251 3411
f 3240 3299 3376
f 3397 3378 3204
f 3433 3414 3252
f 3380 3313 3381
f 3315 3323 3400
f 3475 3331 3254
f 3363 3475 3254
f 3303 3302 3235
f 3370 3291 3285
f 3334 3293 3325
f 3371 3427 3274
f 3274 3304 3371
f 3373 3405 3306
f 3488 3295 3326
f 3298 3419 3297
f 3374 3277 3358
f 3320 3287 3420
f 3269 3420 3287
f 3312 3411 3251
f 3422 3433 3252
f 3360 3448 3109
f 3339 3351 3338
f 3323 3362 3400
f 3362 3161 3485
f 3363 3340 3425
f 3300 3289 3402
f 3296 3297 9938
f 3357 3217 3327
f 3210 3218 3347
f 3410 3420 3269
f 3269 3311 3410
f 3376 3312 3240
f 3349 3337 3377
f 3432 3378 3397
f 3444 3328 3230
f 3230 3398 3444
f 3280 3350 3398
f 3338 3382 3330
f 3400 3383 3315
f 3475 3161 3331
f 3342 3302 3385
f 3389 3303 3317
f 3256 3333 3386
f 3272 3333 3257
f 3438 3334 3325
f 3523 3307 3308
f 3275 3343 3417
f 3457 3345 3346
f 3347 3346 3210
f 3395 3347 3310
f 3260 3442 3319
f 3411 3312 3376
f 3396 3377 3337
f 3413 3396 3321
f 3359 3413 3321
f 3321 3378 3359
f 3449 3448 3360
f 3338 3351 3451
f 3161 3475 3485
f 3324 3425 3340
f 3353 3402 3289
f 3353 3265 3453
f 3265 3332 3453
f 3354 3403 3301
f 3291 3390 3365
f 3456 3371 3304
f 3442 3458 3319
f 3431 3348 3336
f 3414 3398 3350
f 3360 3329 3399
f 3423 3322 3314
f 3364 3300 3402
f 3369 3453 3332
f 3317 3225 3476
f 3225 3355 3476
f 3355 3245 3386
f 3245 3256 3386
f 3415 3386 3333
f 3333 3272 3455
f 3272 3365 3455
f 3291 3370 3390
f 3273 3356 3426
f 3334 3426 3356
f 3488 3523 3295
f 3326 3275 3416
f 3275 3417 3416
f 3217 3357 3391
f 3457 3346 3408
f 3348 3442 3260
f 3399 3329 3560
f 3368 3560 3329
f 3368 3380 3450
f 3485 3400 3362
f 3364 3402 3401
f 3290 3464 3463
f 3435 3384 3341
f 3303 3506 3302
f 3389 3317 3476
f 3488 3326 3406
f 3406 3326 3416
f 3238 3344 3430
f 9919 3430 3344
f 9925 9919 3344
f 3327 3468 3497
f 3407 3468 3318
f 3490 3318 3366
f 3366 3374 3490
f 3347 3408 3346
f 3388 3347 3395
f 3319 3458 3395
f 3412 3349 3377
f 3450 3503 3368
f 3361 3445 3381
f 3383 3424 3315
f 3437 3365 3390
f 3387 3273 3467
f 3438 3325 3427
f 3335 3428 3372
f 3335 3405 3478
f 3405 3373 3429
f 3343 3496 3417
f 3343 3309 3479
f 3480 3479 3309
f 3309 3238 3480
f 3297 3419 3418
f 3327 3497 3357
f 3394 3408 3347
f 3409 3394 3347
f 3432 3359 3378
f 3422 3379 3434
f 3382 3445 3361
f 3301 3403 3290
f 3342 3385 3436
f 3437 3455 3365
f 3467 3404 3387
f 3392 3491 3358
f 3388 3409 3347
f 3399 3474 3360
f 3381 3450 3380
f 3382 3338 3451
f 3314 3424 3461
f 3370 3404 3466
f 3438 3495 3334
f 3371 3456 3549
f 3496 3343 3479
f 3418 9938 3297
f 3357 3440 3391
f 3374 3358 3491
f 3420 3410 3421
f 3410 3375 3443
f 3411 3443 3375
f 3377 3511 3412
f 3432 3397 3328
f 3474 3449 3360
f 3586 3450 3381
f 3445 3586 3381
f 3436 3385 3506
f 3385 3302 3506
f 3427 3549 3439
f 3427 3371 3549
f 3594 3373 3307
f 3419 3391 3440
f 3491 3527 3374
f 3392 3481 3441
f 3469 3481 3393
f 3393 3345 3469
f 3345 3457 3469
f 3408 3394 3457
f 3482 3457 3394
f 3409 3446 3394
f 3409 3388 3517
f 3459 3431 3336
f 3443 3421 3410
f 3299 3412 3511
f 3353 3453 3487
f 3463 3547 3316
f 3384 3435 3513
f 3436 3435 3342
f 3465 3303 3389
f 3415 3355 3386
f 3507 3467 3273
f 3426 3507 3273
f 3478 3428 3335
f 3307 3523 3594
f 3416 3417 3543
f 3418 9939 9938
f 3491 3392 3611
f 3643 3611 3392
f 3441 3643 3392
f 3442 3348 3447
f 3431 3447 3348
f 3377 3396 3501
f 3413 3501 3396
f 3432 3328 3532
f 3434 3433 3422
f 3379 3367 3460
f 3561 3445 3382
f 3451 3561 3382
f 3461 3423 3314
f 3452 3461 3424
f 3424 3383 3452
f 3363 3425 3546
f 3462 3425 3324
f 3464 3290 3521
f 3403 3521 3290
f 3506 3303 3465
f 3355 3415 3454
f 3415 3333 3455
f 3390 3370 3437
f 3467 3466 3404
f 3439 3438 3427
f 3428 3477 3456
f 3405 3508 3478
f 3496 3543 3417
f 3430 3480 3238
f 3418 3419 3524
f 3394 3446 3537
f 3395 3458 3388
f 3431 3459 3572
f 3421 3470 3420
f 3443 3411 3518
f 3376 3518 3411
f 3376 3299 3472
f 3511 3377 3473
f 3475 3363 3546
f 3352 3401 3486
f 3402 3353 3563
f 3513 3435 3609
f 3455 3454 3415
f 3455 3437 3514
f 3478 3477 3428
f 3429 3508 3405
f 3509 3429 3373
f 3357 3525 3440
f 3318 3490 3407
f 3527 3490 3374
f 3482 3556 3457
f 3394 3537 3482
f 3446 3409 3517
f 3458 3442 3499
f 3447 3499 3442
f 3320 3420 3470
f 3471 3421 3443
f 3518 3471 3443
f 3518 3376 3492
f 3299 3511 3472
f 3413 3359 3483
f 3585 3328 3444
f 3538 3444 3398
f 3414 3538 3398
f 3367 3448 3460
f 3560 3474 3399
f 3451 3351 9935
f 3461 3484 3423
f 3462 3324 3577
f 3352 3577 3324
f 3402 3563 3512
f 3640 3563 3353
f 3466 3437 3370
f 3495 3426 3334
f 3373 3594 3509
f 3419 3440 3524
f 3376 3472 3492
f 3501 3473 3377
f 3532 3359 3432
f 3414 3433 3434
f 3449 3460 3448
f 3505 3383 3590
f 3546 3425 3462
f 3512 3486 3401
f 3401 3402 3512
f 3487 3640 3353
f 3436 3609 3435
f 3389 3476 3548
f 3581 3466 3467
f 3549 3456 3477
f 3429 3509 3522
f 3480 3430 3544
f 3489 9939 3418
f 3418 3524 3489
f 3526 3407 3490
f 3556 3469 3457
f 3498 3388 3458
f 3499 3498 3458
f 3447 3431 3614
f 3572 3614 3431
f 3434 3379 3615
f 3560 3368 3503
f 3586 3503 3450
f 3505 3452 3383
f 3383 3400 3545
f 3400 3591 3545
f 3400 3485 3591
f 3369 3316 3578
f 3547 3578 3316
f 3354 3384 3602
f 3355 3454 3619
f 3440 3525 3604
f 3550 3497 3468
f 3468 3407 3550
f 3536 3482 3537
f 3388 3498 3510
f 3530 3511 3473
f 3473 3501 3531
f 3538 3414 3539
f 3533 3615 3379
f 3379 3460 3533
f 3474 3519 3449
f 3560 3519 3474
f 3561 3451 3493
f 3451 9935 3493
f 3590 3383 3545
f 3486 3577 3352
f 3487 3453 3592
f 3369 3592 3453
f 3513 3602 3384
f 3436 3506 3610
f 3476 3355 3548
f 3507 3426 3494
f 3438 3439 3495
f 3479 3480 3516
f 3544 3516 3480
f 3481 3469 3634
f 3517 3388 3510
f 3470 3421 3500
f 3471 3500 3421
f 3434 3539 3414
f 3504 3484 3461
f 3461 3452 3504
f 3452 3505 3504
f 3475 3546 3617
f 3577 3698 3462
f 3547 3463 3540
f 3464 3540 3463
f 3465 3389 3603
f 3507 3581 3467
f 3426 3495 3494
f 3508 3429 3522
f 3583 3543 3496
f 3622 3604 3525
f 3517 3510 3605
f 3518 3558 3471
f 3531 3530 3473
f 3502 3501 3483
f 3561 3588 3445
f 3484 3504 3562
f 3592 3369 3578
f 3579 3403 3354
f 3602 3579 3354
f 3506 3465 3603
f 3619 3548 3355
f 3514 3542 3455
f 3514 3437 3515
f 3495 3439 3631
f 3477 3478 3743
f 3406 3621 3488
f 3479 3583 3496
f 3441 3481 3634
f 3537 3446 3553
f 3446 3517 3553
f 3558 3500 3471
f 3502 3531 3501
f 3532 3328 3574
f 3519 3560 3534
f 3671 3591 3485
f 3485 3475 3671
f 3602 3513 3609
f 3610 3506 3618
f 3389 3548 3603
f 3541 3619 3454
f 3542 3454 3455
f 3437 3466 3515
f 3508 3743 3478
f 3508 3522 3567
f 3595 3523 3488
f 3621 3595 3488
f 3416 3543 3621
f 3526 3550 3407
f 3527 3526 3490
f 3611 3649 3491
f 3556 3528 3469
f 3529 3572 3459
f 3459 3320 3529
f 3470 3529 3320
f 3472 3511 3559
f 3573 3624 3483
f 3483 3359 3573
f 3679 3539 3434
f 3636 3505 3590
f 3637 3545 3591
f 3475 3617 3608
f 3512 3520 3486
f 3540 3464 3521
f 3542 3541 3454
f 3515 3542 3514
f 3494 3675 3507
f 3549 3477 3565
f 3684 3565 3477
f 3406 3416 3621
f 3489 3524 3569
f 3550 3357 3497
f 3571 3528 3556
f 3553 3517 3613
f 3605 3613 3517
f 3518 3492 3635
f 3492 3472 3635
f 3559 3511 3530
f 3328 3585 3574
f 3533 3460 3748
f 3493 9935 3555
f 3577 3486 3629
f 3520 3629 3486
f 3609 3436 3610
f 3743 3508 3566
f 3535 3600 3524
f 3524 3440 3535
f 3527 3491 3551
f 3649 3551 3491
f 3528 3634 3469
f 3612 3482 3536
f 3702 3510 3498
f 3557 3702 3498
f 3498 3499 3557
f 3558 3554 3500
f 3559 3635 3472
f 3359 3532 3573
f 3434 3615 3679
f 3722 3460 3449
f 3534 3625 3519
f 3604 3535 3440
f 3528 3571 3570
f 3536 3537 3552
f 3553 3552 3537
f 3470 3500 3554
f 3558 3518 3685
f 3587 3685 3518
f 3444 3538 3585
f 3625 3722 3449
f 3449 3519 3625
f 3560 3503 3616
f 3555 9933 3576
f 3475 3608 3671
f 3546 3462 3617
f 3564 3563 3640
f 3743 3684 3477
f 3567 3566 3508
f 3568 3522 3509
f 3516 3544 3598
f 9921 3598 3544
f 3589 3562 3504
f 3627 3504 3505
f 3505 3636 3627
f 3512 3563 3639
f 3579 3521 3403
f 3603 3618 3506
f 3541 3674 3619
f 9571 3515 3466
f 3675 3581 3507
f 3621 3543 3646
f 3543 3583 3646
f 3583 3479 3596
f 3516 3596 3479
f 3598 3597 3516
f 3600 3569 3524
f 3584 3556 3482
f 3612 3584 3482
f 3613 3552 3553
f 3575 3585 3538
f 3538 3539 3575
f 3748 3615 3533
f 3588 3561 3626
f 3493 3555 3576
f 3601 3526 3527
f 3584 3571 3556
f 3668 3584 3612
f 3499 3447 3614
f 3657 3572 3529
f 3470 3657 3529
f 3679 3575 3539
f 3503 3586 3616
f 3561 3493 3626
f 3607 3576 3562
f 3589 3607 3562
f 3504 3627 3589
f 3724 3547 3540
f 3580 3542 3515
f 9571 3580 3515
f 3597 3596 3516
f 3622 3525 3623
f 3525 3357 3623
f 3550 3623 3357
f 3612 3536 3552
f 3470 3554 3657
f 3635 3587 3518
f 3530 3531 3694
f 3532 3574 3721
f 3585 3575 3644
f 3645 3625 3534
f 3606 3616 3586
f 3626 3493 3661
f 3576 3661 3493
f 3545 3637 3628
f 3617 3462 3662
f 3698 3662 3462
f 3698 3577 3629
f 3592 3578 3663
f 3547 3663 3578
f 3675 3582 3581
f 3632 3439 3549
f 3549 3565 3632
f 3567 3522 3593
f 3641 3568 3509
f 3509 3594 3641
f 3633 3594 3523
f 3523 3595 3633
f 3540 3521 3724
f 3580 3620 3542
f 3632 3631 3439
f 3566 3567 3725
f 3693 3593 3522
f 3522 3568 3693
f 3646 3583 3708
f 3583 3700 3708
f 3599 3598 9916
f 9916 3569 3599
f 3600 3599 3569
f 3441 3634 3650
f 3570 3634 3528
f 3613 3605 3709
f 3702 3605 3510
f 3534 3560 3687
f 3616 3687 3560
f 3586 3445 3606
f 3588 3606 3445
f 3607 3661 3576
f 3614 3557 3499
f 3652 3624 3573
f 3573 3532 3652
f 3585 3644 3574
f 3545 3636 3590
f 3591 3671 3637
f 3512 3639 3520
f 3723 3640 3487
f 3592 3723 3487
f 3521 3579 3733
f 3494 3495 3664
f 3631 3682 3495
f 3633 3641 3594
f 3583 3596 3700
f 3604 3600 3535
f 3551 3601 3527
f 3685 3587 3686
f 9617 3531 3502
f 3575 3679 3670
f 3626 3660 3588
f 3579 3602 3740
f 3602 3609 3740
f 3620 3541 3542
f 3682 3664 3495
f 3550 3526 3648
f 3526 3601 3648
f 3767 3709 3605
f 3757 3559 3530
f 3530 3694 3757
f 3721 3652 3532
f 3687 3659 3534
f 3606 3588 3660
f 3654 3661 3607
f 3629 3520 3689
f 3638 3689 3520
f 3656 3674 3541
f 3720 3632 3565
f 3595 3621 3642
f 3599 3597 3598
f 3767 3605 3702
f 3557 3614 3669
f 3614 3572 3703
f 3670 3679 3696
f 3615 3748 3779
f 3659 3645 3534
f 3589 3654 3607
f 3627 3636 3655
f 3628 3636 3545
f 3689 3672 3629
f 3690 3639 3563
f 3563 3564 3690
f 3547 3724 3705
f 3618 3603 3715
f 3741 3548 3619
f 3619 3674 3741
f 3541 3620 3716
f 3682 3631 3630
f 3642 3621 3646
f 3708 3700 3699
f 3552 3613 3677
f 3657 3554 3728
f 3554 3558 3658
f 3635 3686 3587
f 3729 3694 3531
f 3531 9617 3729
f 3652 9616 3624
f 3661 3660 3626
f 3520 3639 3638
f 3609 3610 3809
f 3494 3664 3752
f 3631 3632 3683
f 3743 3566 3707
f 3596 3597 3665
f 3666 3599 3600
f 3600 3604 3666
f 3622 3623 3647
f 3550 3647 3623
f 3651 3668 3612
f 3612 3552 3651
f 3557 3669 3702
f 3644 3575 3653
f 3687 3616 3697
f 3655 3654 3589
f 3589 3627 3655
f 3628 3771 3636
f 3671 3608 3819
f 3723 3564 3640
f 3663 3547 3681
f 3705 3681 3547
f 3733 3739 3521
f 3740 3673 3579
f 3716 3656 3541
f 3580 9571 3620
f 3717 3620 9571
f 3675 3717 3582
f 3683 3630 3631
f 3684 3720 3565
f 3593 3725 3567
f 3595 3642 3735
f 3700 3596 3665
f 3597 3599 3665
f 3667 3622 3647
f 3611 3643 3800
f 3441 3800 3643
f 3709 3677 3613
f 3657 3703 3572
f 3685 3658 3558
f 3679 3615 3779
f 3460 3722 3738
f 3711 3645 3659
f 3660 3712 3606
f 3759 3690 3564
f 3739 3724 3521
f 3809 3610 3773
f 3707 3566 3692
f 3744 3708 3699
f 3667 3604 3622
f 3648 3754 3550
f 3649 3611 3800
f 3570 3650 3634
f 3584 3668 3676
f 3614 3745 3669
f 3635 3704 3686
f 3653 3575 3678
f 3678 3575 3670
f 3697 3616 3712
f 3616 3606 3712
f 3771 3655 3636
f 3714 3628 3637
f 3637 3671 3714
f 3706 3603 3548
f 3548 3741 3706
f 3620 3717 3761
f 3752 3675 3494
f 3683 3632 3719
f 3720 3719 3632
f 3566 3725 3692
f 3726 3641 3633
f 3667 3647 3753
f 3647 3550 3754
f 3676 3571 3584
f 3668 3651 3766
f 3745 3614 3803
f 3559 3704 3635
f 3738 3748 3460
f 3780 3722 3625
f 3660 3661 3688
f 3661 3654 3688
f 3608 3617 3680
f 3732 3617 3662
f 3698 3732 3662
f 3672 3698 3629
f 3639 3690 3638
f 3723 3592 3856
f 3663 3856 3592
f 3673 3733 3579
f 3809 3740 3609
f 3762 3726 3633
f 3633 3595 3762
f 3595 3735 3762
f 3735 3642 3646
f 3599 3736 3665
f 3552 3677 3651
f 3645 3780 3625
f 3645 3711 3780
f 3819 3714 3671
f 3750 3773 3610
f 3610 3618 3750
f 3741 3674 3656
f 3716 3691 3656
f 3752 3664 3774
f 3666 3736 3599
f 3765 3666 3604
f 3604 3667 3765
f 3703 3803 3614
f 3652 3721 3695
f 3721 3574 3746
f 3722 3780 3804
f 3712 3660 3730
f 3714 3771 3628
f 3732 3698 3772
f 3783 3772 3698
f 3618 3715 3760
f 3664 3682 3774
f 3630 3774 3682
f 3683 3719 3630
f 3800 3441 3650
f 3554 3710 3728
f 3554 3658 3710
f 3757 3704 3559
f 3794 3729 9617
f 3795 3794 9616
f 3652 3795 9616
f 3818 3644 3653
f 3678 3818 3653
f 3660 3688 3730
f 3713 3730 3688
f 3856 3663 3681
f 3760 3750 3618
f 3706 3715 3603
f 3717 3675 3718
f 3707 3775 3743
f 3708 3735 3646
f 3676 3668 3766
f 3727 3703 3657
f 3657 3728 3727
f 3729 3757 3694
f 3574 3644 3747
f 3679 3737 3696
f 3781 3711 3659
f 3655 3771 3713
f 3819 3608 3731
f 3680 3731 3608
f 3672 3783 3698
f 3733 3673 3840
f 3742 3718 3675
f 3742 3675 3752
f 3725 3593 3811
f 3693 3811 3593
f 3764 3744 3699
f 3699 3700 3764
f 3701 3765 3667
f 3753 3701 3667
f 3753 3647 3822
f 3754 3822 3647
f 3650 3570 3801
f 3570 3571 3755
f 3651 3677 3793
f 3710 3658 3756
f 3658 3685 3756
f 3685 3686 3756
f 3850 3756 3686
f 3686 3704 3850
f 3574 3747 3746
f 3697 3781 3659
f 3659 3687 3697
f 3564 3723 3759
f 3706 3741 3830
f 3601 3551 3786
f 3649 3786 3551
f 3891 3801 3570
f 3755 3891 3570
f 3676 3755 3571
f 3709 3793 3677
f 3767 3702 3787
f 3757 3729 3827
f 3729 3794 3788
f 3818 3747 3644
f 3711 3781 3838
f 3697 3712 3758
f 3730 3758 3712
f 3732 3680 3617
f 3807 3681 3705
f 3715 3706 3760
f 3734 3691 3716
f 3751 3734 3716
f 3620 3751 3716
f 3620 3761 3751
f 3791 3761 3717
f 3718 3791 3717
f 3720 3684 3862
f 3684 3743 3862
f 3798 3735 3708
f 3708 3744 3798
f 3700 3665 3764
f 3702 3669 3825
f 3745 3825 3669
f 3727 3803 3703
f 3850 3704 3768
f 3746 3695 3721
f 3779 3737 3679
f 3782 3713 3771
f 3749 3690 3759
f 3723 3856 3759
f 3884 3705 3724
f 3724 3739 3884
f 3811 3810 3725
f 3843 3811 3693
f 3736 3764 3665
f 3836 3648 3601
f 3800 3786 3649
f 3815 3755 3676
f 3802 3793 3709
f 3704 3757 3769
f 3788 3827 3729
f 3670 3818 3678
f 3730 3713 3770
f 3782 3770 3713
f 3741 3656 3820
f 3774 3630 3859
f 3744 3764 3812
f 3701 3753 3799
f 3836 3601 3932
f 3793 3792 3651
f 3787 3702 3825
f 3756 3845 3710
f 3778 3818 3670
f 3696 3778 3670
f 3714 3819 3771
f 3691 3820 3656
f 3821 3719 3720
f 3842 3775 3707
f 3707 3692 3842
f 3692 3725 3833
f 3833 3725 3810
f 3736 3666 3813
f 3765 3813 3666
f 3767 3802 3709
f 3825 3745 3849
f 3873 3745 3803
f 3728 3710 3826
f 3769 3768 3704
f 3777 3795 3652
f 3652 3695 3777
f 3731 3680 3882
f 3672 3689 3783
f 3749 3638 3690
f 3807 3705 3789
f 3840 3739 3733
f 3840 3673 3808
f 3752 3774 3832
f 3863 3843 3693
f 3693 3568 3863
f 3763 3762 3735
f 3798 3763 3735
f 3764 3736 3776
f 3813 3776 3736
f 3765 3701 3848
f 3799 3848 3701
f 3822 3754 3814
f 3792 3766 3651
f 3727 3728 3826
f 3827 3769 3757
f 3737 3829 3696
f 3838 3805 3711
f 3782 3771 3854
f 3732 3772 3847
f 3749 3759 3866
f 3673 3740 3808
f 3809 3808 3740
f 3830 3760 3706
f 3691 3734 3784
f 3742 3791 3718
f 3742 3752 3797
f 3862 3743 3785
f 3775 3785 3743
f 3813 3765 3835
f 3648 3836 3814
f 3786 3932 3601
f 3676 3766 3823
f 3766 3792 3823
f 3844 3802 3767
f 3767 3787 3844
f 3849 3745 3873
f 3788 3794 3828
f 3747 3881 3746
f 3829 3737 3852
f 3779 3748 3877
f 3738 3877 3748
f 3781 3697 3806
f 3730 3770 3796
f 3771 3819 3854
f 3882 3680 3855
f 3866 3879 3749
f 3856 3681 3867
f 3681 3807 3867
f 3705 3884 3789
f 3773 3750 3914
f 3841 3750 3760
f 3862 3821 3720
f 3799 3753 3822
f 3754 3648 3814
f 3800 3650 4000
f 3920 4000 3650
f 3650 3801 3920
f 3676 3823 3815
f 3873 3803 3817
f 3837 3778 3696
f 3829 3837 3696
f 3877 3738 3864
f 3861 3758 3730
f 3730 3796 3861
f 3759 3856 3866
f 3741 3820 3830
f 3691 3784 3820
f 3790 3784 3734
f 3831 3790 3751
f 3791 3831 3761
f 3832 3797 3752
f 3774 3859 3947
f 3719 3859 3630
f 3955 3568 3641
f 3641 3726 3955
f 3918 3812 3764
f 3764 3776 3918
f 3765 3848 3835
f 3793 3816 3792
f 3802 3824 3793
f 3845 3826 3710
f 3894 3852 3737
f 3737 3779 3894
f 3806 3697 3758
f 3846 3796 3770
f 3770 3782 3846
f 3854 3846 3782
f 3882 3819 3731
f 3680 3732 3847
f 3689 3638 3878
f 3749 3878 3638
f 3841 3914 3750
f 3831 3751 3761
f 3812 3798 3744
f 3799 3822 3889
f 3755 3815 3892
f 3816 3823 3792
f 3816 3793 3824
f 3802 3844 3860
f 3894 3779 3895
f 3877 3895 3779
f 3738 3722 3864
f 3722 3804 3864
f 3805 3780 3711
f 3805 3838 3959
f 3847 3855 3680
f 3783 3689 3878
f 3809 3773 3945
f 3830 3820 3857
f 3832 3774 3947
f 3776 3834 3918
f 3848 3799 3888
f 3786 3800 3890
f 4000 3890 3800
f 3920 3801 3891
f 3788 3828 3875
f 3970 3959 3838
f 3806 3758 3853
f 3865 3853 3758
f 3861 3865 3758
f 3839 3884 3739
f 3927 3840 3808
f 3808 3809 3885
f 3830 3841 3760
f 3830 3857 4007
f 3831 3791 3900
f 3869 3791 3742
f 3797 3869 3742
f 3568 3955 3863
f 3763 3798 3986
f 3918 3871 3812
f 3813 3834 3776
f 3888 3799 3889
f 3816 3824 3910
f 3802 3860 3824
f 3787 3825 3844
f 3817 3803 3967
f 3803 3727 3967
f 3826 3967 3727
f 3769 3827 3905
f 3827 3851 3905
f 3851 3827 3788
f 3788 3875 3851
f 3852 3912 3829
f 3879 3866 3898
f 3807 3789 3867
f 3868 3857 3820
f 3820 3784 3868
f 3901 3842 3692
f 3833 3901 3692
f 3823 3892 3815
f 3823 3816 3909
f 3849 3844 3825
f 3873 3817 3989
f 3893 3922 3826
f 3826 3845 3893
f 3695 3746 3968
f 3942 3864 3804
f 3805 3942 3804
f 3804 3780 3805
f 3908 3878 3749
f 3749 3879 3908
f 3739 3840 3839
f 3914 3945 3773
f 3832 3953 3797
f 3726 3762 3955
f 3870 3798 3812
f 3812 3871 3870
f 3835 3848 3872
f 3889 3822 3931
f 3814 3931 3822
f 3903 3823 3909
f 3910 3909 3816
f 3849 3860 3844
f 3845 3756 3904
f 3850 3904 3756
f 3876 3828 3795
f 3795 3777 3876
f 3968 3777 3695
f 3818 3778 3958
f 3924 3970 3838
f 3781 3806 3853
f 3853 3865 3896
f 3882 3854 3819
f 3847 3772 3951
f 3831 3858 3790
f 3887 4037 3719
f 3719 3821 3887
f 3997 3955 3762
f 3870 3986 3798
f 3967 3826 3922
f 3850 3768 3874
f 3876 3875 3828
f 3846 3854 3913
f 3783 3883 3772
f 3840 3880 3839
f 3945 3885 3809
f 3858 3868 3784
f 3859 3719 4037
f 3810 3811 3843
f 3762 3763 3997
f 3986 3997 3763
f 3933 3920 3891
f 3892 3823 3903
f 3860 3910 3824
f 3845 3904 3893
f 3905 3768 3769
f 3818 3958 3747
f 3838 3781 3924
f 3853 3924 3781
f 3854 3882 3943
f 3883 3951 3772
f 3926 3866 3856
f 3867 3789 3899
f 3880 3840 3927
f 3858 3831 3886
f 3831 3900 3886
f 3869 3900 3791
f 3775 3842 3985
f 3872 3813 3835
f 3932 3786 3919
f 3873 3921 3849
f 3989 3817 3966
f 3907 3876 3777
f 3746 3881 3968
f 3912 3837 3829
f 3861 3796 3897
f 3796 3846 3897
f 3913 3897 3846
f 3882 3855 3936
f 3855 3847 3944
f 3884 4043 3789
f 3928 3914 3841
f 3841 3830 3928
f 4007 3928 3830
f 3960 3886 3900
f 3821 3862 3961
f 3842 3901 3985
f 3833 3810 3954
f 3863 3955 3939
f 3870 3871 3917
f 3872 3834 3813
f 3963 3872 3848
f 3888 3963 3848
f 3910 3860 3911
f 3941 3911 3860
f 3935 3905 3851
f 3837 3958 3778
f 3943 3913 3854
f 3936 3855 3944
f 3925 3883 3783
f 3783 3878 3925
f 3908 3925 3878
f 3885 3927 3808
f 3915 4007 3857
f 3937 3900 3869
f 3887 3821 3961
f 3871 3918 3902
f 3931 3814 3948
f 3860 3849 3941
f 3921 3941 3849
f 3921 3873 3989
f 3905 3874 3768
f 3896 3924 3853
f 3897 3865 3861
f 3879 3898 3908
f 3926 3856 3978
f 3856 3867 3978
f 3899 3978 3867
f 4043 3899 3789
f 3839 3880 4006
f 3901 3833 3954
f 3902 3917 3871
f 3872 3956 3834
f 3904 3850 3975
f 3850 3874 3975
f 3875 3935 3851
f 3907 3923 3876
f 3968 3907 3777
f 4012 3881 3747
f 3837 3912 4021
f 3896 3865 3977
f 3944 3847 4031
f 3951 4031 3847
f 3952 3915 3857
f 3857 3868 3952
f 3858 3886 3916
f 3938 3937 3869
f 3929 3961 3862
f 3785 3929 3862
f 3810 3843 3930
f 3956 3918 3834
f 3963 3888 3957
f 3889 3957 3888
f 3814 3836 3948
f 3891 3755 3933
f 3940 3933 3755
f 3755 3892 3940
f 3903 3965 3892
f 3817 3967 3966
f 3935 3875 3906
f 3881 4012 3969
f 3747 3958 4012
f 3852 3894 4093
f 3895 4093 3894
f 3936 3943 3882
f 4043 4042 3899
f 4014 3884 3839
f 3945 3914 3983
f 3937 3960 3900
f 3797 3938 3869
f 3953 3938 3797
f 3947 3953 3832
f 3947 3859 4037
f 3980 3929 3785
f 3785 3775 3980
f 3985 3980 3775
f 3954 3810 3930
f 4008 3986 3870
f 3956 3902 3918
f 3965 3903 3972
f 3949 3972 3903
f 3909 3949 3903
f 3969 3968 3881
f 3959 3970 3993
f 3865 3897 3977
f 3866 3926 3898
f 3880 3927 3996
f 4037 3979 3947
f 4055 3870 3917
f 3964 3889 3931
f 3940 3892 4009
f 3965 4009 3892
f 3910 3949 3909
f 3910 3911 3973
f 3934 3973 3911
f 3874 3905 4011
f 3905 3935 4011
f 4004 4021 3912
f 3982 4004 3912
f 3852 3982 3912
f 3959 3942 3805
f 3976 3924 3896
f 4042 3978 3899
f 4014 4043 3884
f 3932 3948 3836
f 3987 3919 3786
f 3786 3890 3987
f 4009 3933 3940
f 3910 3973 3949
f 3893 3904 3974
f 3975 3974 3904
f 4030 3994 3943
f 3914 3928 4033
f 3868 3858 3984
f 3916 3984 3858
f 3890 4000 3987
f 4000 3920 4114
f 3975 3874 3950
f 4011 3950 3874
f 4027 3864 3942
f 3976 3896 3977
f 3897 3913 4029
f 3943 3994 3913
f 3883 3925 3995
f 4044 3952 3868
f 3868 3984 4044
f 3886 3960 3916
f 3938 3953 3946
f 3843 3863 3930
f 3963 3971 3872
f 3932 3919 3999
f 3919 3987 3999
f 3933 4114 3920
f 3934 3941 3988
f 3941 4010 3988
f 4010 3941 3921
f 4057 3989 3966
f 3958 3837 3992
f 4021 3992 3837
f 3942 3959 4027
f 3936 4030 3943
f 4006 4014 3839
f 3996 4006 3880
f 3983 3885 3945
f 3946 3953 4025
f 3953 3947 4015
f 3979 4015 3947
f 3962 3954 3930
f 4113 4008 3870
f 3870 4055 4113
f 3902 3956 4017
f 3971 3956 3872
f 3964 3957 3889
f 3998 3964 3931
f 3931 3948 3998
f 3967 3922 4018
f 4005 3993 3970
f 4033 3983 3914
f 3971 3963 4026
f 3963 3957 4026
f 4114 3933 4064
f 4001 3973 3934
f 3934 3988 4001
f 3935 3906 4067
f 3923 3907 4003
f 3968 3969 3991
f 4020 4012 3958
f 3877 3864 4155
f 3977 3897 4029
f 3913 3994 4029
f 4013 3995 3925
f 3928 4007 4024
f 4015 4025 3953
f 3979 4037 4016
f 3961 3929 4075
f 3954 3985 3901
f 3998 4099 3964
f 4071 3966 3967
f 3967 4018 4071
f 4002 3922 3893
f 3893 3974 4002
f 3990 3974 3975
f 3981 3991 3969
f 3969 4012 3981
f 4093 3982 3852
f 3970 3924 4005
f 3924 3976 4005
f 4059 4022 3977
f 4030 3936 4023
f 3944 4023 3936
f 3883 4178 3951
f 3995 4060 3883
f 3983 3927 3885
f 4024 4033 3928
f 4134 4044 3984
f 3960 4045 3916
f 3960 3937 4070
f 4037 3887 4053
f 3961 4053 3887
f 4017 3917 3902
f 4062 3998 3948
f 4056 4064 3933
f 3933 4009 4056
f 4010 3921 4066
f 3922 4002 4018
f 4020 3958 3992
f 3993 4027 3959
f 3976 3977 4022
f 3944 4031 4023
f 4178 4031 3951
f 3925 3908 4013
f 4107 3996 3927
f 4034 4024 4007
f 4035 4007 3915
f 3937 3938 4109
f 3961 4075 4053
f 4038 3929 3980
f 3980 3985 4038
f 4039 4026 3957
f 3948 3932 4062
f 3999 4062 3932
f 3949 3973 4065
f 3921 3989 4032
f 4002 3974 3990
f 4011 3935 4067
f 4003 3907 4041
f 4041 3907 3968
f 3968 3991 4041
f 4027 3993 4028
f 4029 4059 3977
f 4006 3996 4085
f 4036 3915 3952
f 3984 3916 4134
f 3946 4109 3938
f 3997 3986 4008
f 3964 4039 3957
f 3972 3949 4079
f 3949 4065 4079
f 4032 4066 3921
f 3950 4011 4139
f 4093 3895 4083
f 3877 4083 3895
f 4084 4029 3994
f 3996 4107 4141
f 4046 3960 4070
f 4047 3985 3954
f 3954 3962 4047
f 4054 3962 3930
f 3930 3863 4097
f 3939 4097 3863
f 3939 3955 4098
f 3998 4062 4078
f 4009 3965 4103
f 3965 3972 4103
f 4079 4103 3972
f 4001 3988 4080
f 4072 3990 3975
f 3975 3950 4072
f 3981 4012 4154
f 4083 3877 4130
f 4155 4130 3877
f 3976 4022 4005
f 4118 4005 4022
f 4084 3994 4105
f 4007 4035 4034
f 4044 4036 3952
f 4016 4015 3979
f 4097 4054 3930
f 4048 4098 3955
f 3955 3997 4048
f 4008 4113 4112
f 4017 4055 3917
f 4017 3956 3971
f 4078 4099 3998
f 3987 4000 4101
f 4040 4056 4009
f 4155 3864 4131
f 4027 4131 3864
f 3995 4013 4051
f 4014 4006 4106
f 4086 3927 3983
f 3937 4109 4070
f 4038 4120 3929
f 4096 4047 3962
f 4111 4048 3997
f 4008 4111 3997
f 4063 4101 4000
f 4114 4063 4000
f 4057 4032 3989
f 4071 4057 3966
f 4041 4058 4003
f 4030 4105 3994
f 4051 4060 3995
f 4013 3908 4074
f 3996 4141 4085
f 3927 4086 4107
f 3915 4036 4035
f 4046 4045 3960
f 4075 3929 4120
f 4098 4097 3939
f 4124 4040 4009
f 4103 4124 4009
f 4019 4139 4011
f 4067 4003 4068
f 4049 4041 3991
f 3981 4049 3991
f 4027 4028 4131
f 4145 4028 3993
f 3993 4005 4145
f 4059 4118 4022
f 4023 4031 4133
f 4178 4133 4031
f 3926 3978 4069
f 3978 4042 4069
f 4106 4043 4014
f 4033 4024 4061
f 3985 4047 4038
f 4026 4039 4077
f 4089 3988 4010
f 4010 4066 4089
f 4071 4018 4189
f 4138 4189 4018
f 4067 4019 4011
f 4058 4068 4003
f 4050 4145 4005
f 4005 4157 4050
f 4118 4157 4005
f 4105 4030 4073
f 4074 3908 3898
f 3898 3926 4074
f 4069 4074 3926
f 3983 4033 4061
f 3946 4025 4109
f 4109 4025 4052
f 4025 4015 4052
f 3962 4054 4214
f 4122 4054 4097
f 3971 4026 4077
f 4101 3999 3987
f 4080 3973 4001
f 3988 4089 4115
f 4002 4072 4081
f 4072 3950 4165
f 4139 4165 3950
f 4049 4058 4041
f 4012 4020 4129
f 4116 3992 4021
f 4021 4004 4116
f 3982 4117 4004
f 4118 4059 4168
f 4084 4059 4029
f 4030 4023 4073
f 4042 4043 4269
f 4061 4086 3983
f 4034 4061 4024
f 4015 4016 4095
f 4175 4113 4055
f 4077 4017 3971
f 4078 4062 4100
f 4080 3988 4115
f 4091 4066 4032
f 4032 4057 4091
f 4018 4002 4126
f 4081 4126 4002
f 4067 4184 4019
f 4020 3992 4167
f 4093 4092 3982
f 4084 4105 4190
f 4060 4178 3883
f 4094 4134 3916
f 4110 4015 4095
f 4053 4095 4016
f 4016 4037 4053
f 4038 4047 4076
f 4071 4091 4057
f 4152 4081 4072
f 4058 4049 4082
f 4129 4154 4012
f 4070 4142 4046
f 4214 4096 3962
f 4112 4111 4008
f 4055 4017 4175
f 4087 4077 4039
f 4039 3964 4088
f 4099 4088 3964
f 4101 4163 3999
f 4149 4114 4064
f 4064 4056 4149
f 4102 4056 4040
f 4079 4065 4104
f 4065 3973 4104
f 4080 4104 3973
f 4126 4138 4018
f 4082 4049 4128
f 4049 3981 4128
f 4268 4116 4004
f 4117 4268 4004
f 4028 4145 4131
f 4179 4269 4043
f 4141 4180 4085
f 4044 4134 4036
f 4108 4142 4070
f 4109 4108 4070
f 4076 4120 4038
f 4121 4076 4047
f 4047 4096 4121
f 4222 4214 4054
f 4098 4048 4136
f 4111 4136 4048
f 4039 4088 4087
f 4091 4071 4125
f 4152 4072 4165
f 4058 4082 4204
f 3981 4154 4153
f 4117 3982 4092
f 4051 4160 4060
f 4074 4051 4013
f 4069 4042 4140
f 4106 4179 4043
f 4006 4085 4209
f 4061 4034 4210
f 4222 4054 4122
f 4100 4187 4078
f 4100 4062 3999
f 4102 4123 4056
f 4164 4104 4080
f 4090 4089 4066
f 4189 4125 4071
f 4128 3981 4153
f 4059 4084 4132
f 4190 4132 4084
f 4178 4060 4185
f 4185 4060 4160
f 4119 4074 4069
f 4269 4140 4042
f 4209 4106 4006
f 4180 4209 4085
f 4094 4045 4171
f 4045 4046 4171
f 4142 4171 4046
f 4052 4015 4110
f 4124 4181 4040
f 4066 4091 4090
f 4196 4115 4089
f 4089 4090 4196
f 4146 4090 4091
f 4068 4058 4127
f 4204 4127 4058
f 4050 4157 4148
f 4132 4168 4059
f 4113 4175 4174
f 4017 4077 4223
f 4143 4223 4077
f 4187 4099 4078
f 4063 4226 4101
f 4123 4149 4056
f 4124 4103 4137
f 4103 4079 4150
f 4091 4125 4146
f 4152 4126 4081
f 4167 4129 4020
f 3992 4116 4167
f 4159 4190 4105
f 4105 4073 4159
f 4133 4073 4023
f 4051 4074 4119
f 4141 4107 4169
f 4053 4075 4135
f 4120 4135 4075
f 4193 4121 4096
f 4096 4214 4193
f 4111 4112 4215
f 4194 4215 4112
f 4112 4113 4194
f 4174 4194 4113
f 4188 4100 3999
f 4163 4188 3999
f 4149 4063 4114
f 4115 4164 4080
f 4189 4151 4125
f 4184 4067 4250
f 4147 4250 4067
f 4127 4147 4068
f 4116 4268 4198
f 4092 4310 4117
f 4177 4157 4118
f 4168 4177 4118
f 4170 4278 4134
f 4094 4170 4134
f 4095 4053 4201
f 4097 4098 4173
f 4136 4173 4098
f 4175 4017 4195
f 4087 4143 4077
f 4088 4099 4144
f 4187 4144 4099
f 4226 4163 4101
f 4150 4079 4104
f 4146 4125 4151
f 4082 4128 4166
f 4198 4167 4116
f 4093 4083 4233
f 4234 4233 4083
f 4083 4130 4234
f 4155 4234 4130
f 4119 4160 4051
f 4119 4069 4140
f 4162 4179 4106
f 4171 4170 4094
f 4240 4076 4121
f 4122 4097 4279
f 4173 4279 4097
f 4136 4111 4215
f 4181 4102 4040
f 4150 4137 4103
f 4189 4138 4249
f 4166 4128 4197
f 4233 4092 4093
f 4155 4131 4156
f 4131 4145 4156
f 4205 4156 4145
f 4141 4169 4270
f 4107 4086 4169
f 4108 4109 4261
f 4135 4201 4053
f 4192 4135 4120
f 4120 4076 4192
f 4195 4017 4223
f 4090 4146 4264
f 4139 4203 4165
f 4139 4019 4329
f 4184 4329 4019
f 4153 4197 4128
f 4145 4050 4148
f 4157 4177 4199
f 4132 4190 4158
f 4185 4160 4208
f 4161 4160 4119
f 4106 4209 4162
f 4270 4180 4141
f 4278 4036 4134
f 4171 4142 4172
f 4212 4172 4142
f 4142 4108 4212
f 4191 4052 4110
f 4095 4191 4110
f 4095 4201 4186
f 4264 4196 4090
f 4183 4264 4146
f 4152 4266 4126
f 4152 4165 4230
f 4168 4132 4207
f 4159 4236 4190
f 4159 4073 4244
f 4133 4244 4073
f 4219 4119 4140
f 4140 4269 4219
f 4052 4261 4109
f 4076 4240 4192
f 4173 4136 4263
f 4137 4150 4182
f 4126 4266 4217
f 4230 4266 4152
f 4197 4153 4176
f 4153 4154 4176
f 4154 4129 4176
f 4148 4205 4145
f 4148 4157 4199
f 4207 4206 4168
f 4158 4207 4132
f 4180 4270 4260
f 4175 4195 4273
f 4217 4138 4126
f 4165 4203 4230
f 4166 4289 4082
f 4197 4276 4166
f 4092 4233 4232
f 4206 4177 4168
f 4244 4236 4159
f 4180 4260 4209
f 4220 4086 4061
f 4061 4210 4220
f 4300 4210 4034
f 4300 4034 4035
f 4172 4212 4200
f 4221 4240 4121
f 4193 4221 4121
f 4174 4175 4313
f 4273 4313 4175
f 4241 4143 4087
f 4246 4241 4087
f 4087 4088 4246
f 4224 4246 4088
f 4088 4144 4224
f 4137 4182 4247
f 4217 4249 4138
f 4329 4203 4139
f 4289 4166 4276
f 4304 4234 4155
f 4155 4156 4304
f 4185 4208 4341
f 4238 4208 4160
f 4160 4161 4238
f 4219 4161 4119
f 4035 4036 4211
f 4172 4239 4171
f 4261 4212 4108
f 4252 4052 4191
f 4149 4216 4063
f 4149 4123 4227
f 4287 4254 4102
f 4102 4181 4287
f 4124 4137 4255
f 4247 4255 4137
f 4164 4115 4288
f 4151 4183 4146
f 4127 4243 4147
f 4258 4176 4129
f 4129 4167 4258
f 4199 4177 4206
f 4133 4178 4237
f 4291 4169 4086
f 4220 4291 4086
f 4251 4170 4171
f 4171 4239 4251
f 4172 4200 4239
f 4201 4213 4186
f 4313 4194 4174
f 4144 4187 4225
f 4307 4225 4187
f 4187 4100 4307
f 4163 4202 4188
f 4216 4226 4063
f 4115 4196 4288
f 4151 4189 4249
f 4167 4198 4231
f 4205 4148 4297
f 4158 4190 4218
f 4178 4185 4341
f 4211 4300 4035
f 4214 4222 4352
f 4194 4313 4365
f 4273 4195 4325
f 4223 4325 4195
f 4242 4307 4100
f 4188 4242 4100
f 4216 4149 4227
f 4254 4123 4102
f 4255 4287 4181
f 4181 4124 4255
f 4288 4196 4248
f 4264 4248 4196
f 4329 4184 9675
f 4250 9675 4184
f 4204 4082 4267
f 4289 4267 4082
f 4231 4258 4167
f 4234 4304 4339
f 4218 4190 4235
f 4269 4179 4281
f 4179 4162 4281
f 4282 4162 4209
f 4210 4300 4292
f 4200 4212 4284
f 4186 4191 4095
f 4275 4254 4287
f 4104 4164 4228
f 4183 4151 4256
f 4229 4265 4151
f 4151 4249 4229
f 4199 4297 4148
f 4236 4235 4190
f 4292 4220 4210
f 4284 4239 4200
f 4261 4052 4252
f 4262 4135 4192
f 4192 4240 4262
f 4352 4193 4214
f 4272 4222 4122
f 4279 4272 4122
f 4365 4215 4194
f 4223 4143 4245
f 4202 4242 4188
f 4226 4216 4274
f 4247 4182 4295
f 4104 4182 4150
f 4219 4269 4311
f 4320 4311 4269
f 4209 4260 4282
f 4278 4211 4036
f 4186 4213 4323
f 4135 4213 4201
f 4313 4273 4302
f 4254 4227 4123
f 4264 4183 4296
f 4256 4151 4265
f 4276 4197 4257
f 4310 4092 4232
f 4156 4205 4304
f 4297 4304 4205
f 4299 4206 4207
f 4207 4218 4299
f 4244 4340 4236
f 4343 4270 4169
f 4278 4170 4318
f 4284 4251 4239
f 4284 4212 4261
f 4285 4262 4240
f 4301 4240 4221
f 4263 4136 4253
f 4136 4215 4253
f 4215 4365 4253
f 4241 4245 4143
f 4144 4225 4286
f 4289 4276 4379
f 4233 4234 4319
f 4298 4297 4199
f 4259 4199 4206
f 4235 4236 4305
f 4300 4211 4271
f 4170 4251 9589
f 4191 4186 4322
f 4186 4323 4322
f 4280 4229 4249
f 4280 4249 4217
f 4395 4204 4267
f 4303 4231 4198
f 4244 4133 4237
f 4237 4178 4341
f 4283 4291 4220
f 4170 9589 4318
f 4279 4173 4372
f 4263 4372 4173
f 4241 4246 4373
f 4163 4226 4274
f 4228 4164 4361
f 4164 4288 4361
f 4296 4183 4256
f 4127 4204 4395
f 4339 4319 4234
f 4304 4297 4290
f 4299 4218 4277
f 4218 4235 4277
f 4270 4343 4348
f 4349 4169 4291
f 4252 4334 4261
f 4322 4252 4191
f 4301 4285 4240
f 4307 4374 4225
f 4228 4182 4104
f 4288 4248 4308
f 4248 4264 4296
f 4309 4217 4266
f 4230 4309 4266
f 4232 4233 4319
f 4199 4259 4298
f 4206 4299 4259
f 4269 4281 4320
f 4312 4271 4211
f 4261 4321 4284
f 4213 4135 4345
f 4352 4222 4388
f 4272 4388 4222
f 4294 4325 4223
f 4223 4245 4294
f 4373 4245 4241
f 4202 4163 4274
f 4254 4275 4360
f 4182 4228 4314
f 4328 4280 4217
f 4243 4127 4362
f 4395 4362 4127
f 4231 4303 4338
f 4198 4268 4303
f 4346 4290 4297
f 4237 4340 4244
f 4278 4318 4350
f 4293 9589 4251
f 4251 4284 4293
f 4334 4321 4261
f 4193 4301 4221
f 4272 4279 4337
f 4372 4337 4279
f 4372 4263 4413
f 4373 4367 4245
f 4224 4144 4286
f 4360 4227 4254
f 4377 4256 4265
f 4329 9675 9674
f 4289 4330 4267
f 4268 4117 4331
f 4317 4298 4259
f 4347 4238 4161
f 4282 4281 4162
f 4260 4270 4358
f 4349 4343 4169
f 4410 4349 4291
f 4193 4352 4336
f 4413 4263 4393
f 4253 4393 4263
f 4313 4302 4366
f 4225 4374 4394
f 4202 4432 4242
f 4361 4375 4228
f 4288 4308 4361
f 4217 4309 9579
f 4330 4289 4396
f 4379 4396 4289
f 4338 4176 4258
f 4258 4231 4338
f 4277 4235 4305
f 4342 4347 4311
f 4392 4320 4281
f 4282 4260 4358
f 4348 4358 4270
f 4291 4283 4410
f 4306 4283 4220
f 4220 4292 4306
f 4292 4300 4384
f 4211 4278 4312
f 4387 4252 4322
f 4274 4216 4326
f 4216 4227 4457
f 4360 4275 4390
f 4247 4295 4391
f 4308 4248 4376
f 4296 4376 4248
f 4280 4328 4327
f 4362 9676 4243
f 4330 4395 4267
f 4257 4379 4276
f 4331 4303 4268
f 4117 4310 4331
f 4297 4298 4346
f 4208 4238 4357
f 4281 4282 4490
f 4292 4384 4306
f 4271 4384 4300
f 4278 4350 4312
f 4412 4318 9589
f 4262 4285 4403
f 4285 4301 4364
f 4367 4294 4245
f 4286 4225 4394
f 4287 4255 4370
f 4399 4370 4255
f 4247 4399 4255
f 4295 4182 4434
f 4314 4434 4182
f 4228 4375 4315
f 4265 4229 4377
f 4280 4327 9599
f 9579 4328 4217
f 4230 4203 4316
f 4379 4257 4371
f 4423 4310 4232
f 4299 4277 4332
f 4305 4332 4277
f 4305 4236 4340
f 4490 4392 4281
f 4252 4335 4334
f 4135 4262 4345
f 4262 4403 4345
f 4246 4224 4389
f 4286 4389 4224
f 4242 4374 4307
f 4457 4326 4216
f 4314 4228 4315
f 4256 4377 4353
f 4316 9579 4309
f 4309 4230 4316
f 4423 4331 4310
f 4487 4423 4232
f 4320 4342 4311
f 4283 4306 4333
f 4318 4412 4350
f 4364 4193 4336
f 4227 4360 4457
f 4449 4275 4287
f 4370 4449 4287
f 4316 4203 4440
f 4329 4440 4203
f 4197 4371 4257
f 4303 4331 4354
f 4339 4304 4290
f 4298 4317 4346
f 4417 4317 4259
f 4259 4299 4417
f 4332 4417 4299
f 4344 9589 4293
f 4387 4335 4252
f 4324 4403 4285
f 4365 4393 4253
f 4367 4373 4368
f 4389 4373 4246
f 4399 4247 4391
f 9674 4440 4329
f 4354 4338 4303
f 4319 4339 4380
f 4332 4305 4402
f 4305 4340 4363
f 4381 4340 4237
f 4341 4208 4357
f 4333 4410 4283
f 4412 9589 4344
f 4321 4334 4386
f 4213 4398 4323
f 4364 4324 4285
f 4193 4364 4301
f 4366 4365 4313
f 4394 4369 4286
f 4456 4202 4274
f 4274 4326 4456
f 4353 4376 4296
f 4296 4256 4353
f 4328 9579 4438
f 4422 4354 4331
f 4319 4442 4232
f 4346 4401 4290
f 4417 4332 4356
f 4332 4402 4356
f 4446 4282 4358
f 4271 4312 4418
f 4336 4352 4430
f 4272 4337 4388
f 4373 4389 4431
f 4361 4308 4376
f 4438 4327 4328
f 4354 4400 4338
f 4232 4442 4487
f 4339 4290 4380
f 4346 4317 4397
f 4363 4402 4305
f 4381 4363 4340
f 4426 4357 4238
f 4238 4347 4426
f 4387 4322 4351
f 4322 4323 4398
f 4398 4213 4345
f 4325 4294 4273
f 4353 4377 4436
f 4378 4438 9579
f 4440 9674 9677
f 4396 4450 4330
f 4371 4197 4407
f 4197 4176 4407
f 4355 4422 4331
f 4401 4380 4290
f 4346 4397 4401
f 4317 4409 4397
f 4341 4382 4237
f 4347 4342 4426
f 4335 4386 4334
f 4352 4388 4359
f 4388 4337 4469
f 4432 4374 4242
f 4176 4338 4407
f 4381 4237 4382
f 4343 4349 4383
f 4271 4418 4384
f 4350 4418 4312
f 4398 4351 4322
f 4413 4393 4404
f 4458 4457 4360
f 4360 4390 4458
f 4391 4295 4434
f 4375 4361 4421
f 4436 4377 4405
f 9676 4362 4406
f 4441 4416 4379
f 4371 4441 4379
f 4331 4423 4355
f 4317 4417 4409
f 4392 4342 4320
f 4349 4410 4383
f 4385 4412 4344
f 4398 4345 4479
f 4368 4420 4367
f 4390 4275 4433
f 4338 4400 4407
f 4442 4319 4451
f 4408 4451 4319
f 4381 4425 4363
f 4382 4489 4381
f 4357 4426 4499
f 4348 4343 4383
f 4352 4359 4430
f 4448 4393 4365
f 4376 4353 4435
f 4377 9563 4405
f 9599 4327 9563
f 4395 4406 4362
f 4396 4379 4462
f 4416 4462 4379
f 4380 4408 4319
f 4401 4424 4380
f 4489 4425 4381
f 4341 4357 4382
f 4499 4382 4357
f 4383 4358 4348
f 4350 4412 4478
f 4386 4335 4428
f 4345 4403 4429
f 4359 4388 4469
f 4365 4366 4448
f 4503 4420 4368
f 4431 4389 4505
f 4286 4505 4389
f 4361 4376 4435
f 4438 4378 4460
f 4406 4395 4483
f 4483 4395 4330
f 4450 4483 4330
f 4408 4380 4463
f 4424 4463 4380
f 4401 4397 4443
f 4363 4445 4402
f 4475 4342 4392
f 4350 4478 4418
f 4345 4429 4479
f 4364 4336 4419
f 4431 4368 4373
f 4369 4505 4286
f 4374 4522 4394
f 4436 4435 4353
f 4327 4438 9563
f 4378 4316 4460
f 4316 4440 4439
f 4450 4396 4462
f 4397 4409 4443
f 4444 4417 4356
f 4356 4402 4444
f 4446 4490 4282
f 4411 4410 4333
f 4333 4306 4411
f 4447 4411 4306
f 4306 4384 4447
f 4335 4387 4466
f 4324 4468 4403
f 4364 4468 4324
f 4337 4372 4470
f 4520 4470 4372
f 4372 4413 4520
f 4453 4302 4273
f 4431 4503 4368
f 4369 4394 4522
f 4432 4202 4414
f 4456 4414 4202
f 4415 4433 4275
f 4275 4449 4415
f 4434 4314 4496
f 4315 4496 4314
f 4375 4421 4315
f 4435 4421 4361
f 4439 4460 4316
f 4409 4417 4488
f 4392 4490 4475
f 4428 4427 4386
f 4466 4387 4351
f 4351 4398 4452
f 4336 4430 4419
f 4469 4337 4470
f 4393 4448 4404
f 4273 4294 4453
f 4505 4454 4431
f 4523 4458 4390
f 4390 4433 4523
f 4400 4354 4422
f 4443 4424 4401
f 4564 4445 4363
f 4425 4564 4363
f 4411 4383 4410
f 4501 4478 4412
f 4412 4385 4501
f 4480 4468 4364
f 4364 4419 4480
f 4404 4520 4413
f 4522 4374 4506
f 4432 4506 4374
f 4436 4405 4437
f 9563 4438 4459
f 4423 4514 4355
f 4444 4402 4445
f 4490 4446 4540
f 4491 4446 4358
f 4491 4358 4383
f 4411 4464 4383
f 4428 4335 4466
f 4403 4468 4467
f 4419 4430 4519
f 4521 4453 4294
f 4522 4481 4369
f 4414 4455 4432
f 4545 4421 4435
f 4459 4437 4405
f 4498 4440 9596
f 4371 4407 4484
f 4400 4484 4407
f 4514 4422 4355
f 4516 4408 4463
f 4409 4488 4443
f 4426 4342 4475
f 4464 4491 4383
f 4466 4465 4428
f 4466 4351 4452
f 4467 4502 4429
f 4429 4403 4467
f 4505 4369 4481
f 4455 4506 4432
f 4613 4523 4433
f 4433 4415 4613
f 4391 4434 4507
f 4496 4507 4434
f 4460 4439 4510
f 4498 4510 4439
f 4439 4440 4498
f 4485 4484 4400
f 4400 4422 4485
f 4486 4485 4422
f 4487 4442 4515
f 4442 4451 4515
f 4451 4408 4516
f 4424 4443 4527
f 4417 4444 4488
f 4382 4499 4473
f 4474 4499 4426
f 4478 4492 4418
f 4494 4501 4385
f 4427 4428 4465
f 4404 4471 4520
f 4495 4448 4366
f 4366 4302 4495
f 4583 4415 4449
f 4370 4399 4534
f 4399 4391 4534
f 4545 4315 4421
f 4497 4546 4436
f 4436 4437 4497
f 4459 4438 4524
f 4483 4461 4406
f 4441 4371 4484
f 4514 4486 4422
f 4423 4487 4514
f 4411 4447 4476
f 4447 4384 4477
f 4479 4530 4398
f 4502 4479 4429
f 4560 4480 4419
f 4419 4519 4560
f 4552 4519 4430
f 4430 4359 4552
f 4532 4302 4453
f 4458 4523 4553
f 4507 4534 4391
f 4545 4482 4315
f 4524 4508 4459
f 4438 4460 4524
f 4510 4509 4460
f 4472 4416 4441
f 4484 4472 4441
f 4463 4424 4527
f 4547 4527 4443
f 4489 4382 4473
f 4475 4474 4426
f 4446 4491 4540
f 4500 4477 4384
f 4384 4418 4500
f 4418 4492 4500
f 4478 4501 4493
f 4465 4494 4427
f 4465 4466 4542
f 4466 4452 4530
f 4359 4469 4552
f 4453 4521 4573
f 4521 4294 4367
f 4367 4420 4521
f 4533 4521 4420
f 4503 4533 4420
f 4454 4503 4431
f 4457 4600 4326
f 4437 4459 4535
f 4508 4535 4459
f 4509 4524 4460
f 4483 4450 4512
f 4462 4512 4450
f 4462 4416 4472
f 4514 4487 4526
f 4443 4488 4538
f 4539 4488 4444
f 4445 4539 4444
f 4564 4557 4445
f 4540 4475 4490
f 4411 4518 4464
f 4476 4518 4411
f 4477 4476 4447
f 4492 4478 4493
f 4398 4530 4452
f 4530 4479 4502
f 4467 4468 4550
f 4532 4495 4302
f 4454 4504 4503
f 4544 4454 4505
f 4414 4456 4599
f 4456 4326 4600
f 4600 4457 4553
f 4457 4458 4553
f 4546 4545 4435
f 4435 4436 4546
f 4498 4461 4511
f 4483 4511 4461
f 4472 4512 4462
f 4472 4484 4513
f 4537 4513 4484
f 4484 4485 4537
f 4485 4486 4537
f 4487 4515 4526
f 4516 4515 4451
f 4547 4443 4538
f 4557 4539 4445
f 4473 4565 4489
f 4474 4528 4499
f 4475 4540 4568
f 4464 4518 4491
f 4466 4530 4542
f 4467 4550 4502
f 4532 4453 4573
f 4544 4504 4454
f 4510 4498 4525
f 4486 4514 4555
f 4488 4539 4538
f 4517 4540 4491
f 4518 4517 4491
f 4500 4492 4529
f 4493 4529 4492
f 4559 4493 4501
f 4494 4559 4501
f 4581 4469 4470
f 4470 4520 4581
f 4520 4471 4531
f 4448 4495 4610
f 4533 4503 4504
f 4505 4481 4544
f 4481 4522 4544
f 4415 4583 4613
f 4615 4315 4482
f 4509 4510 4536
f 4525 4536 4510
f 4498 4511 4525
f 4512 4511 4483
f 4512 4472 4513
f 4555 4537 4486
f 4558 4564 4425
f 4425 4489 4565
f 4499 4566 4473
f 4474 4475 4568
f 4494 4465 4569
f 4520 4531 4581
f 4506 4544 4522
f 4370 4534 4597
f 4507 4496 4601
f 4546 4598 4545
f 4437 4535 4497
f 4617 4508 4524
f 4554 4525 4511
f 4512 4554 4511
f 4514 4526 4555
f 4526 4515 4586
f 4516 4586 4515
f 4565 4558 4425
f 4528 4566 4499
f 4517 4576 4540
f 4518 4476 4549
f 4477 4656 4476
f 4477 4500 4577
f 4529 4577 4500
f 4569 4559 4494
f 4465 4542 4541
f 4530 4502 4571
f 4404 4448 4610
f 4543 4533 4504
f 4456 4600 4599
f 4597 4534 4584
f 4507 4584 4534
f 4601 4584 4507
f 4535 4508 4603
f 4524 4509 4644
f 4536 4644 4509
f 4586 4555 4526
f 4547 4538 4548
f 4538 4539 4563
f 4566 4565 4473
f 4568 4528 4474
f 4577 4656 4477
f 4529 4493 4578
f 4541 4569 4465
f 4570 4541 4542
f 4542 4530 4570
f 4530 4571 4570
f 4579 4502 4550
f 4550 4468 4551
f 4468 4480 4551
f 4560 4551 4480
f 4561 4552 4469
f 4469 4581 4561
f 4574 4533 4543
f 4543 4544 4562
f 4506 4562 4544
f 4449 4370 4597
f 4496 4315 4615
f 4598 4482 4545
f 4535 4603 4497
f 4617 4603 4508
f 4524 4644 4617
f 4537 4627 4513
f 4587 4516 4463
f 4556 4587 4463
f 4527 4556 4463
f 4527 4547 4556
f 4548 4556 4547
f 4628 4548 4538
f 4557 4563 4539
f 4568 4540 4576
f 4549 4622 4518
f 4578 4577 4529
f 4559 4578 4493
f 4560 4519 4572
f 4552 4572 4519
f 4404 4593 4471
f 4574 4521 4533
f 4562 4595 4543
f 4583 4449 4597
f 4602 4546 4497
f 4512 4513 4585
f 4604 4627 4537
f 4647 4604 4537
f 4537 4555 4647
f 4586 4516 4670
f 4670 4516 4587
f 4538 4563 4628
f 4557 4564 4589
f 4564 4558 4589
f 4517 4518 4621
f 4518 4622 4621
f 4656 4549 4476
f 4571 4502 4579
f 4591 4579 4550
f 4550 4551 4591
f 4572 4580 4560
f 4552 4561 4572
f 4593 4531 4471
f 4594 4573 4521
f 4521 4574 4594
f 4506 4582 4562
f 4599 4455 4414
f 4611 4553 4523
f 4615 4601 4496
f 4598 4615 4482
f 4602 4616 4546
f 4497 4603 4602
f 4536 4525 4618
f 4554 4625 4525
f 4627 4585 4513
f 4555 4586 4669
f 4556 4548 4575
f 4548 4628 4575
f 4589 4628 4563
f 4563 4557 4589
f 4605 4589 4558
f 4605 4558 4565
f 4565 4566 4606
f 4566 4528 4607
f 4567 4528 4568
f 4632 4567 4568
f 4568 4576 4632
f 4541 4608 4569
f 4580 4591 4551
f 4572 4561 4592
f 4561 4581 4592
f 4610 4593 4404
f 4543 4595 4574
f 4595 4562 4596
f 4613 4611 4523
f 4598 4546 4616
f 4618 4525 4625
f 4668 4646 4554
f 4554 4512 4668
f 4512 4585 4668
f 4587 4556 4588
f 4575 4588 4556
f 4606 4605 4565
f 4567 4607 4528
f 4576 4517 4649
f 4517 4621 4649
f 4559 4569 4608
f 4579 4591 4590
f 4531 4592 4581
f 9714 4596 4562
f 4562 4582 9714
f 4455 4582 4506
f 4647 4555 4669
f 4619 4669 4586
f 4586 4670 4619
f 4684 4628 4589
f 4605 4684 4589
f 4607 4606 4566
f 4567 4632 4631
f 4541 4570 4650
f 4570 4571 4657
f 4590 4571 4579
f 4652 4591 4580
f 4580 9598 4652
f 9715 9598 4592
f 4609 9715 4592
f 4592 4531 4609
f 4531 4593 4609
f 4636 4574 4595
f 4595 4596 4636
f 4614 4583 4597
f 4597 4584 4614
f 4615 4598 4677
f 4662 4603 4617
f 9714 4582 4455
f 4611 4613 4612
f 4584 4601 4643
f 4601 4615 4643
f 4616 4677 4598
f 4637 4616 4602
f 4602 4603 4637
f 4644 4536 4618
f 4625 4554 4646
f 4626 4668 4585
f 4585 4627 4626
f 4620 4588 4575
f 4575 4628 4620
f 4606 4684 4605
f 4606 4607 4629
f 4630 4629 4607
f 4607 4567 4630
f 4632 4576 4633
f 4648 4633 4576
f 4576 4649 4648
f 4622 4655 4621
f 4671 4656 4577
f 4577 4578 4671
f 4591 4651 4590
f 4609 4593 4623
f 4593 4610 4623
f 4624 4623 4610
f 4610 4495 4624
f 4495 4532 4624
f 4573 4624 4532
f 4638 4639 4680
f 9714 4455 9712
f 4641 9712 4455
f 4455 4599 4641
f 4600 4553 4660
f 4553 4611 4660
f 4611 4612 4660
f 4583 4614 9587
f 4677 4643 4615
f 4617 4644 4662
f 4588 4620 4683
f 4629 4721 4606
f 4578 4559 4685
f 4650 4608 4541
f 4650 4570 4657
f 4590 4657 4571
f 4698 4652 9598
f 4634 4698 9598
f 9598 9715 4634
f 4653 4634 9715
f 4623 4624 9713
f 4624 4573 4635
f 4594 4635 4573
f 4618 4625 4788
f 4645 4788 4625
f 4625 4646 4645
f 4627 4604 4626
f 4647 4626 4604
f 4683 4620 4736
f 4684 4620 4628
f 4721 4684 4606
f 4567 4631 4654
f 4632 4633 4631
f 4655 4649 4621
f 4578 4685 4694
f 4559 4608 4685
f 4739 4685 4608
f 4695 4739 4608
f 4652 4651 4591
f 4641 4599 4659
f 4661 4660 4612
f 4612 9587 4661
f 9587 4614 4642
f 4643 4642 4614
f 4614 4584 4643
f 4677 4616 4726
f 4678 4639 4638
f 4663 4678 4638
f 4666 9993 4681
f 4678 4702 4639
f 4640 4680 4688
f 4599 4600 4659
f 4660 4659 4600
f 4637 4726 4616
f 4662 4637 4603
f 4662 4644 4667
f 4692 4667 4644
f 4644 4618 4692
f 4788 4692 4618
f 4668 4626 4682
f 4619 4670 4796
f 4630 4567 4654
f 4656 4693 4549
f 4671 4578 4694
f 4650 4695 4608
f 4657 4740 4650
f 4672 4634 4653
f 4667 4700 4662
f 4626 4647 4706
f 4720 4706 4647
f 4647 4669 4720
f 4633 4648 4790
f 4622 4549 4722
f 4693 4722 4549
f 4723 4693 4656
f 4671 4723 4656
f 4671 4694 4738
f 4740 4657 4708
f 4696 4651 4652
f 4652 4698 4697
f 4673 4672 4653
f 9721 4659 4742
f 4675 4742 4659
f 4659 4660 4675
f 4676 4675 4660
f 4660 4661 4676
f 4642 4676 4661
f 4637 4662 4700
f 4702 9697 4639
f 4691 4678 4663
f 4663 4664 4691
f 4728 4691 4664
f 4679 4664 4663
f 4705 9993 4666
f 4668 4682 4734
f 4706 4682 4626
f 4670 4587 4796
f 4620 4684 4737
f 4633 4790 4631
f 4649 4655 4707
f 4655 4622 4722
f 4740 4695 4650
f 4768 4708 4657
f 4590 4768 4657
f 4697 4696 4652
f 4672 4673 4710
f 4673 9718 4752
f 9718 4674 4752
f 4686 4752 4674
f 4711 4686 4674
f 4674 4658 4711
f 4785 4711 4658
f 4658 9721 4785
f 4712 4785 9721
f 9721 4742 4712
f 4742 4675 4687
f 4699 4687 4675
f 4675 4676 4699
f 4676 4642 4725
f 4643 4725 4642
f 4643 4677 4725
f 4677 4713 4787
f 4677 4726 4713
f 4700 4754 4637
f 4802 4728 4664
f 4679 4780 4664
f 4688 4703 4640
f 4729 4688 4680
f 4680 4704 4729
f 4665 4717 4681
f 4705 4778 9993
f 4645 4646 4733
f 4789 4733 4646
f 4682 4706 4719
f 4588 4796 4587
f 4808 4588 4683
f 4629 4630 4759
f 4790 4654 4631
f 4707 4648 4649
f 4724 4694 4685
f 4685 4739 4750
f 4695 4740 4767
f 4798 4768 4590
f 4590 4651 4798
f 4751 4697 4698
f 4709 4698 4634
f 4754 4726 4637
f 4704 4716 4781
f 4681 4717 9999
f 4718 9990 4689
f 4773 4718 4689
f 4689 10001 4773
f 4727 4690 4714
f 4715 4714 4690
f 9697 4702 4715
f 4788 4645 4756
f 4668 4789 4646
f 4735 4706 4720
f 4720 4669 4757
f 4669 4619 4757
f 4808 4683 4736
f 4737 4736 4620
f 4797 4721 4629
f 4759 4797 4629
f 4630 4654 4759
f 4655 4722 4760
f 4722 4693 4829
f 4723 4671 4738
f 4724 4738 4694
f 4696 4798 4651
f 4634 4672 4709
f 4710 4709 4672
f 4752 4741 4673
f 4711 4753 4686
f 4800 4715 4702
f 4702 4743 4800
f 4678 4691 4743
f 4729 4747 4688
f 4704 4781 4729
f 4781 4716 4744
f 4840 4705 4666
f 4719 4734 4682
f 4795 4619 4796
f 4795 4796 4856
f 4684 4721 4797
f 4707 4810 4648
f 4850 4707 4655
f 4791 4850 4655
f 4749 4724 4685
f 4767 4739 4695
f 4708 4831 4740
f 4741 4710 4673
f 4784 4753 4711
f 4711 4785 4784
f 4687 4699 4769
f 4699 4676 4786
f 4786 4676 4725
f 4725 4677 4787
f 4700 4667 4770
f 4714 4715 4765
f 4743 4691 4766
f 4691 4728 4766
f 4780 4802 4664
f 4718 4773 4851
f 4773 10001 4775
f 10001 4746 4775
f 4701 4727 4748
f 4692 4770 4667
f 4734 4789 4668
f 4757 4735 4720
f 4797 4737 4684
f 4723 4738 9568
f 4724 4749 4860
f 4685 4750 4749
f 4844 4750 4739
f 4709 4751 4698
f 4752 4686 4753
f 4699 4786 4769
f 4713 4726 4787
f 4754 4700 4755
f 4779 4766 4728
f 4803 4802 4780
f 4703 4688 4819
f 4747 4819 4688
f 4805 4716 4730
f 4730 9696 4805
f 4748 4805 9696
f 9696 4701 4748
f 4748 4727 4764
f 4731 9989 4777
f 4761 4745 9990
f 9990 4718 4761
f 4851 4761 4718
f 4732 9996 4763
f 4734 4719 4825
f 4619 4758 4757
f 4808 4736 4827
f 4736 4737 4857
f 4738 4724 4812
f 4739 4767 4844
f 4813 4831 4708
f 4708 4768 4813
f 4696 4697 4832
f 4709 4710 4929
f 4845 4710 4741
f 4712 4742 4687
f 4786 4725 4816
f 4787 4816 4725
f 4770 4755 4700
f 4800 4765 4715
f 4766 4800 4743
f 4819 4818 4703
f 4781 4744 4888
f 4716 4838 4744
f 4761 4772 4745
f 4746 9991 4776
f 4792 4776 9991
f 4762 9994 4793
f 4732 4763 4777
f 4778 4763 9996
f 9992 4840 4666
f 4779 4728 4817
f 4780 4679 4836
f 4679 4703 4836
f 4818 4836 4703
f 4819 4747 4876
f 4729 4876 4747
f 4804 4838 4716
f 4805 4804 4716
f 4805 4748 4782
f 4749 4750 4885
f 4831 4767 4740
f 4798 4696 4814
f 4751 4832 4697
f 4710 4845 4929
f 4741 4752 4783
f 4752 4753 4783
f 4785 4712 4886
f 4769 4799 4687
f 4873 4787 4726
f 4726 4754 4873
f 4756 4733 4847
f 4794 4825 4719
f 4719 4706 4826
f 4706 4735 4826
f 4882 4796 4588
f 4737 4797 4858
f 4654 4987 4759
f 4648 4810 4790
f 4707 4850 4928
f 4760 4791 4655
f 4760 4722 4829
f 4693 4723 4811
f 4820 9987 4717
f 4772 4821 4745
f 4774 4773 4775
f 4775 4746 4881
f 4793 4792 4762
f 4777 10002 4731
f 4801 4800 4766
f 4802 4817 4728
f 4802 4803 4835
f 4744 4838 4837
f 4884 4738 4812
f 4750 4844 4885
f 4768 4798 4870
f 4832 4751 4917
f 4687 4833 4712
f 4873 4754 4906
f 4754 4755 4906
f 4755 4770 4846
f 4770 4692 4913
f 4692 4788 4913
f 4719 4826 4794
f 4795 4758 4619
f 4808 4882 4588
f 4857 4827 4736
f 4858 4857 4737
f 4829 4693 4830
f 4820 4717 4806
f 4771 4745 4806
f 4851 4773 4909
f 4773 4774 4909
f 4881 4774 4775
f 4746 4776 4881
f 10002 4777 4853
f 4777 4763 4853
f 4705 4854 4778
f 9992 4912 4840
f 4764 4714 4841
f 4714 4765 4841
f 4765 4800 4801
f 4779 4864 4766
f 4888 4729 4781
f 4782 4804 4805
f 4724 4860 4812
f 4813 4868 4831
f 4870 4813 4768
f 4901 4814 4696
f 4832 4901 4696
f 4946 4917 4751
f 4751 4709 4946
f 4741 4815 4845
f 4741 4783 4815
f 4902 4783 4753
f 4871 4753 4784
f 4886 4871 4784
f 4784 4785 4886
f 4886 4712 4833
f 4687 4799 4833
f 4834 4799 4769
f 4769 4786 4834
f 4816 4834 4786
f 4788 4756 4913
f 4825 4789 4734
f 4849 4735 4757
f 4849 4757 4758
f 4828 4797 4987
f 4797 4759 4987
f 4654 4790 4867
f 4810 4809 4790
f 4830 4693 4811
f 4717 4771 4806
f 4821 4806 4745
f 4761 4822 4772
f 4890 4776 4792
f 4793 10002 4823
f 4853 4763 4824
f 4778 4824 4763
f 4913 4756 4847
f 4895 4758 4795
f 4883 4808 4827
f 4896 4883 4827
f 4828 4858 4797
f 4867 4987 4654
f 4809 4867 4790
f 4915 4811 4723
f 4844 4767 4861
f 4767 4831 4861
f 4798 4814 4870
f 4976 4946 4709
f 4709 4929 4976
f 4871 4902 4753
f 4872 4816 4787
f 4873 4906 4905
f 4817 4802 4842
f 4802 4835 4842
f 4836 4803 4780
f 4837 4888 4744
f 4878 4804 4782
f 4822 4880 4772
f 4761 4851 4889
f 4792 4793 4852
f 4853 4823 10002
f 4853 4824 4839
f 4778 4854 4824
f 4854 4705 4840
f 4807 4789 4848
f 4866 4848 4789
f 4894 4825 4794
f 4794 4826 4894
f 4941 4849 4758
f 4758 4895 4942
f 4795 4856 4895
f 4883 4882 4808
f 4859 4850 4791
f 4900 4870 4814
f 5026 4901 4832
f 4862 4799 4834
f 4904 4834 4816
f 4787 4863 4872
f 4863 4787 4873
f 4893 4906 4755
f 4755 4846 4893
f 4766 4864 4801
f 4876 4729 4877
f 4888 4877 4729
f 4838 4804 4843
f 4880 4821 4772
f 4852 4890 4792
f 4823 4891 4793
f 4770 4913 4855
f 4789 4825 4866
f 4849 4826 4735
f 4897 4896 4827
f 4857 4897 4827
f 4828 4987 4927
f 4914 4928 4850
f 5022 4859 4791
f 4760 5022 4791
f 4830 4944 4829
f 4723 9568 4915
f 4898 4915 9568
f 4901 4900 4814
f 4917 5026 4832
f 4833 4799 4956
f 4887 4956 4799
f 4904 4862 4834
f 4846 4770 4855
f 4841 4919 4764
f 4874 4841 4765
f 4864 4933 4801
f 4779 4817 4864
f 4818 4819 4993
f 4819 4876 4993
f 4837 4838 4907
f 4820 4806 4908
f 4889 4822 4761
f 4852 4793 4891
f 4854 4840 4892
f 4865 4875 4817
f 4817 4842 4865
f 4843 4804 4964
f 4878 4964 4804
f 4884 4812 4916
f 5025 4812 4860
f 4885 4860 4749
f 4861 4988 4844
f 4945 4813 4870
f 5027 4929 4845
f 4845 4815 4977
f 4930 4871 4886
f 4862 4887 4799
f 4991 4904 4816
f 4872 4991 4816
f 4947 4893 4846
f 4846 4855 4947
f 4856 4796 4986
f 5074 4867 4809
f 4914 4850 4859
f 4829 4944 4760
f 4995 4879 4820
f 4806 4821 4908
f 4880 4822 4966
f 4881 4951 4774
f 4823 4853 4911
f 4824 4854 4940
f 4891 4823 4953
f 4939 4911 4853
f 4853 4839 4939
f 4839 4824 4940
f 4840 4912 4892
f 4913 4847 5008
f 4825 4894 4925
f 4973 4986 4796
f 4796 4882 4973
f 4828 4975 4858
f 5074 4809 4810
f 4944 5022 4760
f 4988 4885 4844
f 4831 4868 4861
f 4869 4813 5045
f 4815 4783 5046
f 4931 4903 4833
f 4958 4872 4863
f 4873 4958 4863
f 4765 4801 4874
f 4864 4817 4875
f 4865 4842 4935
f 4803 4836 4937
f 4888 4837 4920
f 4843 4907 4838
f 4995 4820 4908
f 4966 4965 4880
f 4951 4909 4774
f 4825 4925 4866
f 4826 4849 4941
f 4758 4942 4941
f 4942 4895 4955
f 4986 4955 4856
f 4858 4974 4857
f 4987 4867 5096
f 5074 5096 4867
f 4884 4899 4898
f 4868 4813 4869
f 4900 4945 4870
f 4977 5027 4845
f 5046 4977 4815
f 4783 4902 5046
f 4903 4886 4833
f 4956 4931 4833
f 4957 4887 4862
f 4906 4893 4924
f 4979 4841 4874
f 4874 4801 4933
f 4836 4818 4937
f 4877 4962 4876
f 4782 4938 4878
f 4821 4922 4908
f 4821 4880 4996
f 4965 4996 4880
f 4852 4891 4910
f 4911 4953 4823
f 4854 4892 4940
f 4947 4855 4948
f 4826 4941 4926
f 4895 4856 4955
f 4883 4973 4882
f 4707 4928 4810
f 4945 5045 4813
f 4902 4871 4989
f 5083 4930 4886
f 4886 4903 5083
f 4957 4862 4904
f 4874 4933 4961
f 4935 5009 4865
f 4980 4835 4803
f 4962 4993 4876
f 4920 4877 4888
f 4964 4878 4938
f 4921 4938 4782
f 4922 5052 4908
f 4966 4822 4997
f 4822 4889 4997
f 4951 4881 4967
f 4881 4776 4967
f 4981 4967 4776
f 4776 4890 4981
f 4953 4910 4891
f 4947 4948 4960
f 4954 4925 4894
f 4894 4826 4954
f 4971 4954 4826
f 4926 4971 4826
f 4943 4896 4897
f 4897 4857 5059
f 4898 4899 9627
f 5025 4916 4812
f 5026 4900 4901
f 5046 4902 4989
f 4918 4957 4904
f 4905 4958 4873
f 4905 4906 5028
f 4949 4919 4841
f 4934 4933 4864
f 4936 4835 4950
f 4980 4950 4835
f 4920 4837 5012
f 4837 4907 5012
f 4843 5012 4907
f 5052 4995 4908
f 4996 4922 4821
f 4889 4909 4923
f 4909 4951 4923
f 4952 4890 4852
f 4970 4892 4912
f 4939 4839 4998
f 4969 4998 4839
f 4839 4940 4969
f 4970 4912 9986
f 5007 4855 4913
f 4913 5008 5007
f 4883 4896 5058
f 4943 5002 4896
f 4974 5059 4857
f 4927 4987 5021
f 5023 5022 4944
f 4811 4915 5004
f 5044 4899 4884
f 4884 4916 5044
f 5097 5025 4860
f 4860 4885 5097
f 4988 5097 4885
f 4930 4989 4871
f 5101 4918 4904
f 4958 4991 4872
f 4924 4893 4960
f 4841 4979 4949
f 4934 4864 4875
f 4875 4865 4934
f 4803 4937 4980
f 5011 4937 4818
f 4962 4877 4994
f 4877 4920 4994
f 4843 4964 4963
f 4893 4947 4960
f 5040 4848 4866
f 4941 4942 4972
f 5002 5058 4896
f 5042 4810 4928
f 4928 4914 5042
f 5024 4944 4830
f 4830 4811 5024
f 4811 5004 5078
f 5061 5004 4915
f 4976 4929 5006
f 5080 5006 4929
f 5027 5080 4929
f 5082 4989 4930
f 5083 5082 4930
f 4931 5083 4903
f 4887 4957 4990
f 4904 4991 5101
f 4958 4905 4959
f 5028 4959 4905
f 4924 5028 4906
f 4978 4932 4919
f 4961 4979 4874
f 4992 4961 4933
f 5050 4934 4865
f 4865 5009 5050
f 5032 5009 4935
f 4936 5032 4935
f 5011 4980 4937
f 4993 5011 4818
f 4963 5012 4843
f 5052 4922 5015
f 4997 4889 5037
f 4852 4910 4952
f 4982 5016 4910
f 4910 4953 4982
f 4911 4939 4968
f 4984 4969 4940
f 4940 4892 4984
f 4970 4984 4892
f 4866 4925 4999
f 5001 4926 4941
f 4972 5001 4941
f 4942 4955 4972
f 5059 4943 4897
f 4975 4828 4927
f 5078 5024 4811
f 9627 4899 5160
f 4916 5025 5127
f 5098 4945 4900
f 5026 5098 4900
f 5005 4917 4946
f 4946 4976 5005
f 5027 4977 5130
f 5047 4956 4887
f 4932 4978 9689
f 4919 4949 4978
f 5030 4992 4933
f 4933 4934 5030
f 5013 4963 4964
f 4964 4938 5013
f 4995 5035 4879
f 4890 4952 4981
f 5068 4952 4910
f 5016 5068 4910
f 5000 4999 4925
f 4925 4954 5000
f 5019 4973 4883
f 5020 5059 4974
f 4974 4858 4975
f 5074 4810 5075
f 4810 5042 5075
f 4859 5042 4914
f 4869 4861 4868
f 4917 5063 5026
f 5006 5005 4976
f 5046 4989 5165
f 4931 4956 5047
f 4990 5047 4887
f 4991 4958 4959
f 4948 4855 5048
f 5007 5048 4855
f 4992 4979 4961
f 4993 4962 5051
f 5051 4962 4994
f 5036 4965 4966
f 4966 4997 5036
f 5122 4923 4951
f 4953 5053 5070
f 4953 4968 5053
f 4998 4968 4939
f 4998 4969 4983
f 4984 4983 4969
f 4984 4970 5017
f 9986 5106 4970
f 4999 5040 4866
f 5057 4985 4971
f 4971 4926 5057
f 4926 5001 5057
f 4975 5020 4974
f 5024 5023 4944
f 5003 5024 5078
f 5044 5043 4899
f 4945 5183 5045
f 5063 5143 5026
f 5081 5130 4977
f 4989 5082 5165
f 4959 5201 4991
f 9689 4978 5085
f 5065 4949 4979
f 4934 5050 5031
f 5009 5117 5050
f 4950 4980 5010
f 4920 5012 5188
f 5013 4938 5136
f 4921 5137 4938
f 5035 5014 4879
f 5035 4995 5066
f 5066 4995 5052
f 4965 5090 4996
f 4951 4967 5038
f 5038 4967 4981
f 4999 5000 5041
f 5072 5000 4954
f 4971 4985 4954
f 4972 4955 5226
f 5058 5019 4883
f 5058 5002 5073
f 4943 5073 5002
f 5096 5021 4987
f 5043 5160 4899
f 5163 5097 4988
f 5062 5114 4861
f 5062 4861 4869
f 5045 5062 4869
f 5005 5063 4917
f 5081 4977 5046
f 5083 4931 5084
f 4931 5047 5084
f 4990 4957 5115
f 4918 5115 4957
f 5028 4924 5116
f 4924 4960 5102
f 4948 5132 4960
f 5029 4978 4949
f 4979 4992 5065
f 4934 5031 5030
f 5032 4936 5033
f 4980 5011 5010
f 5173 5011 4993
f 5051 5173 4993
f 5118 5051 4994
f 4994 4920 5088
f 5188 5088 4920
f 5034 5012 4963
f 5013 5034 4963
f 4922 4996 5090
f 5037 5121 4997
f 5038 5122 4951
f 4981 4952 5039
f 4968 4998 5054
f 4998 4983 5054
f 4983 4984 5054
f 5055 5054 4984
f 4984 5017 5071
f 5017 4970 5106
f 4848 5040 5056
f 5041 5040 4999
f 5018 5057 5001
f 5001 4972 5018
f 5042 4859 5076
f 5181 5004 5061
f 5114 5163 4988
f 4988 4861 5114
f 5098 5183 4945
f 5027 5130 5129
f 5084 5047 5218
f 5101 4991 5201
f 5102 5116 4924
f 5007 5008 5048
f 5108 5048 5008
f 5008 9704 5108
f 5086 5085 4978
f 4978 5029 5086
f 5064 5029 4949
f 5065 5064 4949
f 5087 5117 5009
f 4936 4950 5033
f 5147 5033 4950
f 5089 5188 5012
f 5034 5089 5012
f 5136 4938 5137
f 5137 4921 5145
f 5035 9998 5014
f 5090 5015 4922
f 5036 4997 5121
f 4923 5122 5037
f 5039 5091 4981
f 4984 5071 5055
f 5093 5071 5017
f 5106 5093 5017
f 5106 9986 5194
f 5041 5000 5094
f 4954 4985 5072
f 4986 4973 5110
f 5059 5020 5180
f 4927 5021 5198
f 5125 5076 4859
f 4859 5022 5112
f 5022 5023 5112
f 5126 5112 5023
f 5060 5078 5004
f 5160 5061 9627
f 5183 5128 5045
f 5143 5216 5098
f 5026 5143 5098
f 5185 5080 5027
f 5028 5166 4959
f 5168 5132 4948
f 5168 4948 5048
f 5146 5086 5029
f 5049 5065 4992
f 4992 5030 5049
f 5031 5049 5030
f 5032 5087 5009
f 5134 5147 4950
f 4950 5010 5134
f 5011 5134 5010
f 5118 5173 5051
f 9998 5035 5104
f 5052 5149 5066
f 5208 4965 5036
f 5121 5208 5036
f 5122 5067 5037
f 4981 5091 5038
f 5016 4982 5123
f 5072 5109 5000
f 5212 4955 4986
f 4973 5019 5178
f 5180 4943 5059
f 5021 5096 5159
f 5024 5003 5077
f 5181 5060 5004
f 5141 5127 5025
f 5062 5045 5128
f 5005 5006 5079
f 5027 5129 5185
f 5100 5047 4990
f 5100 4990 5115
f 5132 5102 4960
f 5204 5031 5050
f 5050 5117 5204
f 5088 5118 4994
f 5034 5013 5119
f 5052 5015 5149
f 4965 5208 5189
f 5150 5121 5037
f 5123 5068 5016
f 4982 5070 5069
f 5070 5053 5105
f 5053 5092 5105
f 5055 5092 5054
f 9706 5056 9705
f 5041 5094 5138
f 5094 5000 5095
f 5109 5095 5000
f 4985 5057 5177
f 5018 5177 5057
f 5226 5018 4972
f 5110 5212 4986
f 5178 5110 4973
f 4943 5180 5197
f 5075 5111 5074
f 5076 5075 5042
f 5077 5023 5024
f 5061 5160 5140
f 5182 5043 5044
f 5097 5163 5142
f 5128 5253 5062
f 5255 5079 5006
f 5165 5099 5046
f 5083 5084 5322
f 5200 5131 4918
f 4918 5101 5200
f 5166 5201 4959
f 5064 5146 5029
f 5064 5065 5049
f 5087 5032 5172
f 5120 5104 5035
f 5035 5066 5120
f 5207 5149 5015
f 5015 5090 5207
f 5090 4965 5189
f 5037 5067 5150
f 5190 5122 5038
f 5038 5091 5190
f 5069 5070 5152
f 5105 5152 5070
f 5092 5055 5107
f 5055 5071 5153
f 5072 4985 5156
f 5058 5073 5179
f 5198 5021 5159
f 5111 5096 5074
f 5112 5125 4859
f 5003 5078 5113
f 5060 5113 5078
f 5272 5114 5062
f 5253 5272 5062
f 5099 5081 5046
f 5100 5218 5047
f 5132 5221 5102
f 5103 5085 5170
f 5172 5187 5087
f 5134 5011 5233
f 5118 5088 5148
f 5089 5034 5135
f 5013 5136 5119
f 5120 5066 5149
f 5151 5039 4952
f 5107 5105 5092
f 5153 5107 5055
f 5041 5154 5040
f 5138 5094 5124
f 5094 5095 5124
f 5177 5156 4985
f 5019 5058 5157
f 5139 5157 5058
f 5198 4975 4927
f 5061 5140 5181
f 5161 5182 5127
f 5162 5141 5025
f 5025 5097 5162
f 5097 5142 5162
f 5183 5098 5403
f 5216 5403 5098
f 5131 5115 4918
f 5101 5201 5220
f 5028 5116 5186
f 5132 5168 5133
f 5170 5145 5103
f 5146 5064 5171
f 5117 5087 5187
f 5188 5148 5088
f 4952 5068 5151
f 5068 5123 5209
f 5153 5071 5175
f 5093 5106 5193
f 5194 5193 5106
f 5093 5175 5071
f 5108 9705 5144
f 5056 5040 5154
f 5138 5211 5041
f 5124 5095 5155
f 5058 5179 5139
f 5073 4943 5158
f 5043 5182 5215
f 5080 5255 5006
f 5116 5102 5167
f 5221 5167 5102
f 5132 5133 5323
f 5086 5170 5085
f 5172 5032 5033
f 5189 5207 5090
f 5189 5208 5297
f 5224 5208 5121
f 5150 5224 5121
f 5151 5235 5039
f 5174 5068 5209
f 5209 5123 5210
f 5123 5069 5191
f 5152 5191 5069
f 5158 5179 5073
f 5158 4943 5197
f 5076 5111 5075
f 5126 5023 5250
f 5023 5077 5250
f 5060 5181 5229
f 5127 5141 5161
f 5164 5143 5063
f 5130 5185 5129
f 5256 5099 5165
f 5082 5083 5199
f 5322 5199 5083
f 5115 5131 5274
f 5220 5200 5101
f 5166 5028 5186
f 5186 5116 5167
f 5168 5048 5169
f 5187 5204 5117
f 5033 5147 5232
f 5134 5205 5147
f 5011 5173 5233
f 5089 5135 5188
f 5119 5136 5206
f 5235 5091 5039
f 5152 5107 5192
f 5107 5153 5192
f 5211 5138 5267
f 5195 5267 5138
f 5239 5195 5138
f 5124 5239 5138
f 5155 5176 5124
f 5177 5018 5247
f 4955 5212 5226
f 5019 5157 5268
f 4975 5213 5020
f 5159 5096 5333
f 5111 5333 5096
f 5125 5228 5076
f 5112 5214 5125
f 5304 5077 5003
f 5003 5113 5304
f 5160 5043 5215
f 5141 5162 5161
f 5143 5184 5216
f 5164 5184 5143
f 5164 5063 5005
f 5256 5081 5099
f 5165 5082 5217
f 5218 5241 5084
f 5100 5115 5274
f 5048 5108 5169
f 5203 5169 5108
f 5294 5258 5145
f 5145 5170 5294
f 5146 5171 5278
f 5172 5033 5326
f 5205 5232 5147
f 5233 5173 5296
f 5148 5173 5118
f 5148 5188 5222
f 5206 5135 5034
f 5034 5119 5206
f 5206 5136 5137
f 5120 5149 5261
f 5207 5261 5149
f 5150 5067 5224
f 5174 5151 5068
f 5192 5153 5175
f 5193 5236 5093
f 5154 5041 5211
f 5239 5124 5176
f 5176 5155 5196
f 5072 5156 5240
f 5247 5018 5226
f 5212 5110 5288
f 5214 5228 5125
f 5140 5160 5291
f 5215 5291 5160
f 5163 5114 5272
f 5273 5253 5128
f 5255 5309 5079
f 5322 5084 5241
f 5131 5200 5257
f 5201 5166 5202
f 5166 5186 5276
f 5167 5221 5242
f 5323 5221 5132
f 5133 5168 5169
f 5108 5144 5203
f 5294 5170 5231
f 5170 5086 5231
f 5259 5231 5086
f 5086 5146 5259
f 5204 5278 5171
f 5326 5033 5232
f 5205 5134 5295
f 5233 5295 5134
f 5148 5296 5173
f 5135 5206 5243
f 5145 5223 5137
f 5120 9995 5104
f 5298 5224 5067
f 5067 5122 5298
f 5122 5190 5298
f 5244 5192 5175
f 5175 5093 5244
f 5193 5194 5266
f 9705 5056 5324
f 5154 5324 5056
f 5211 5324 5154
f 5225 5196 5155
f 5240 5155 5095
f 5095 5109 5240
f 5156 5177 5247
f 5178 5019 5331
f 5139 5179 5227
f 4975 5198 5213
f 5251 5250 5077
f 5229 5181 5305
f 5181 5140 5305
f 5182 5161 5270
f 5128 5183 5273
f 5309 5005 5079
f 5419 5080 5185
f 5185 5130 5419
f 5292 5130 5081
f 5217 5082 5199
f 5218 5100 5219
f 5274 5219 5100
f 5220 5275 5200
f 5166 5276 5202
f 5167 5276 5186
f 5187 5172 5313
f 5172 5326 5279
f 5188 5135 5222
f 5206 5137 5223
f 5258 5223 5145
f 9995 5120 5282
f 5207 5189 5234
f 5190 5091 5298
f 5262 5298 5091
f 5235 5262 5091
f 5299 5235 5151
f 5209 5210 5263
f 5210 5191 5264
f 5244 5264 5191
f 5191 5192 5244
f 5236 5244 5093
f 5072 5240 5109
f 5268 5331 5019
f 5157 5139 5268
f 5227 5268 5139
f 5249 5179 5158
f 5369 5289 5197
f 5180 5369 5197
f 5159 5333 5446
f 5112 5126 5303
f 5060 5229 5113
f 5335 5305 5140
f 5162 5142 5307
f 5308 5142 5163
f 5273 5183 5403
f 5131 5257 5274
f 5275 5257 5200
f 5202 5220 5201
f 5167 5242 5277
f 5203 5144 5349
f 5238 5349 5144
f 5259 5146 5377
f 5278 5377 5146
f 5279 5313 5172
f 5261 5282 5120
f 5208 5224 5283
f 5284 5174 5209
f 5209 5263 5284
f 5264 5263 5210
f 5236 5193 5237
f 5266 5237 5193
f 5239 5351 5195
f 5245 5176 5196
f 5196 5225 5245
f 5248 5247 5226
f 5368 5249 5158
f 5158 5197 5401
f 5289 5401 5197
f 5213 5180 5020
f 5303 5214 5112
f 5077 5304 5251
f 5161 5162 5307
f 5163 5272 5308
f 5184 5254 5216
f 5419 5130 5292
f 5218 5219 5241
f 5310 5242 5221
f 5323 5310 5221
f 5133 5169 5230
f 5204 5187 5278
f 5232 5205 5260
f 5148 5222 5280
f 5222 5135 5243
f 5314 5281 5223
f 5258 5314 5223
f 5234 5261 5207
f 5234 5189 5297
f 5283 5297 5208
f 5302 5245 5225
f 5246 5302 5225
f 5225 5155 5246
f 5155 5240 5246
f 5288 5248 5226
f 5226 5212 5288
f 5227 5179 5344
f 5249 5344 5179
f 5333 5111 5318
f 5111 5076 5318
f 5290 5113 5229
f 5252 5335 5140
f 5140 5291 5252
f 5306 5215 5182
f 5182 5270 5306
f 5403 5216 5418
f 5309 5164 5005
f 5420 5292 5081
f 5081 5256 5388
f 5293 5220 5202
f 5260 5326 5232
f 5297 5283 5354
f 5235 5299 5262
f 5244 5236 5301
f 5237 5301 5236
f 5324 5349 5238
f 5324 5211 5350
f 5267 5350 5211
f 5287 5240 5156
f 5110 5178 5429
f 5076 5228 5318
f 5305 5290 5229
f 5291 5215 5269
f 5215 5306 5269
f 5308 5307 5142
f 5273 5336 5253
f 5164 5309 5373
f 5241 5219 5449
f 5276 5167 5347
f 5310 5277 5242
f 5323 5133 5311
f 5133 5230 5311
f 5313 5353 5187
f 5280 5296 5148
f 5281 5243 5206
f 5206 5223 5281
f 5330 5283 5224
f 5330 5224 5362
f 5151 5174 5299
f 5301 5264 5244
f 5266 5265 5237
f 5169 5203 5230
f 5339 5230 5203
f 5349 5339 5203
f 5239 5176 5341
f 5176 5245 5341
f 5285 9607 5245
f 5245 5302 5285
f 5246 5240 5286
f 5156 5247 5287
f 5247 5248 5316
f 5248 5288 5316
f 5178 5331 5429
f 5268 5227 5344
f 5400 5368 5158
f 5158 5401 5400
f 5332 5369 5180
f 5213 5332 5180
f 5446 5198 5159
f 5319 5250 5251
f 5290 5304 5113
f 5309 5255 5387
f 5255 5080 5387
f 5358 5387 5080
f 5256 5165 5337
f 5450 5449 5219
f 5293 5202 5347
f 5202 5276 5347
f 5277 5347 5167
f 5258 5294 5312
f 5294 5231 5352
f 5231 5259 5352
f 5278 5187 5353
f 5280 5222 5327
f 5243 5327 5222
f 5314 5258 5312
f 5282 5261 5380
f 5234 5297 5328
f 5298 5362 5224
f 5356 5284 5263
f 5300 5356 5263
f 5264 5300 5263
f 5351 5454 5195
f 5351 5239 5340
f 5239 5341 5340
f 5240 5287 5286
f 5316 5287 5247
f 5288 5110 5398
f 5345 5318 5228
f 5413 5303 5126
f 5126 5250 5413
f 5290 5305 5334
f 5164 5254 5184
f 5277 5310 5359
f 5311 5230 5338
f 5278 5353 5377
f 5380 5261 5234
f 5283 5330 5329
f 5174 5284 5355
f 5264 5301 5300
f 5301 5237 5397
f 5265 5397 5237
f 5267 5195 5350
f 5454 5350 5195
f 5316 5286 5287
f 5344 5249 5317
f 5249 5368 5317
f 5251 5304 5370
f 5507 5252 5291
f 5271 5306 5270
f 5272 5253 5321
f 5469 5253 5336
f 5080 5419 5358
f 5081 5388 5420
f 5374 5337 5165
f 5322 5241 5404
f 5257 5389 5274
f 5377 5393 5259
f 5205 5378 5260
f 5205 5295 5379
f 9995 5282 5443
f 5380 5443 5282
f 5328 5380 5234
f 5328 5297 5354
f 5356 5355 5284
f 5397 5300 5301
f 5266 9997 5265
f 5343 5285 5302
f 5286 5343 5302
f 5302 5246 5286
f 5286 5316 5315
f 5110 5429 5398
f 5228 5214 5345
f 5304 5290 5370
f 5305 5335 5334
f 5269 5507 5291
f 5415 5271 5307
f 5307 5308 5320
f 5308 5272 5321
f 5469 5321 5253
f 5254 5418 5216
f 5386 5373 5309
f 5217 5374 5165
f 5449 5404 5241
f 5257 5275 5500
f 5220 5500 5275
f 5312 5294 5325
f 5313 5279 5360
f 5279 5326 5360
f 5260 5394 5326
f 5312 5281 5314
f 5362 5298 5427
f 5396 5355 5356
f 5265 5428 5397
f 9607 5285 5342
f 5343 5342 5285
f 5366 5315 5316
f 5316 5288 5366
f 5398 5366 5288
f 5214 5303 5402
f 5303 5413 5402
f 5319 5413 5250
f 5319 5251 5385
f 5251 5370 5385
f 5435 5335 5252
f 5309 5387 5386
f 5581 5374 5217
f 5199 5581 5217
f 5219 5274 5375
f 5389 5375 5274
f 5257 5500 5389
f 5348 5438 5323
f 5323 5311 5348
f 5339 5338 5230
f 5453 5349 5324
f 5350 5492 5324
f 5351 5421 5454
f 5312 5325 5392
f 5294 5352 5325
f 5393 5352 5259
f 5326 5394 5360
f 5378 5394 5260
f 5443 5425 9995
f 5380 5328 5361
f 5410 5262 5299
f 5268 5399 5331
f 5317 5368 5367
f 5333 5318 5446
f 5346 5370 5290
f 5371 5346 5290
f 5334 5371 5290
f 5320 5415 5307
f 5256 5337 5388
f 5450 5219 5375
f 5347 5277 5451
f 5359 5451 5277
f 5438 5405 5310
f 5310 5323 5438
f 5339 5349 5390
f 5341 9607 5363
f 5295 5233 5379
f 5424 5233 5296
f 5424 5296 5514
f 5408 5243 5281
f 5361 5328 5395
f 5328 5354 5395
f 5329 5354 5283
f 5362 5329 5330
f 5545 5298 5262
f 5299 5174 5473
f 5174 5355 5473
f 5397 5381 5300
f 5364 5382 5342
f 5342 5343 5364
f 5383 5364 5343
f 5286 5383 5343
f 5286 5315 5365
f 5331 5399 5429
f 5268 5344 5399
f 5431 5332 5213
f 5384 5431 5213
f 5213 5198 5384
f 5446 5384 5198
f 5345 5214 5402
f 5465 5413 5319
f 5319 5385 5465
f 5269 5306 5468
f 5271 5415 5372
f 5320 5308 5416
f 5308 5321 5416
f 5417 5416 5321
f 5373 5254 5164
f 5322 5404 5569
f 5293 5347 5595
f 5557 5595 5347
f 5451 5557 5347
f 5311 5338 5570
f 5390 5349 5453
f 5453 5324 5492
f 5350 5454 5357
f 5340 5422 5421
f 5421 5351 5340
f 5325 5352 5440
f 5352 5393 5440
f 5360 5441 5313
f 5423 5394 5378
f 5233 5424 5379
f 5296 5280 5514
f 5281 5312 5408
f 5354 5409 5395
f 5354 5329 5409
f 5473 5410 5299
f 5396 5356 5474
f 5357 5492 5350
f 5391 5341 5363
f 9607 5342 5363
f 5382 5363 5342
f 5365 5383 5286
f 5344 5317 5445
f 5317 5367 5445
f 5370 5346 5467
f 5484 5371 5334
f 5435 5484 5334
f 5334 5335 5435
f 5468 5507 5269
f 5306 5436 5468
f 5321 5469 5417
f 5273 5508 5336
f 5418 5254 5470
f 5387 5358 5437
f 5488 5358 5419
f 5471 5420 5388
f 5359 5310 5376
f 5310 5405 5376
f 5510 5348 5311
f 5392 5408 5312
f 5393 5377 5490
f 5441 5353 5313
f 5458 5378 5205
f 5379 5458 5205
f 5456 5514 5280
f 5280 5327 5459
f 5408 5327 5243
f 5356 5300 5381
f 5452 5570 5338
f 5339 5452 5338
f 5463 5365 5315
f 5315 5366 5444
f 5399 5344 5445
f 5368 5400 5430
f 5412 5401 5289
f 5289 5369 5412
f 5369 5332 5412
f 5446 5318 5432
f 5432 5318 5464
f 5370 5434 5385
f 5370 5467 5434
f 5346 5414 5467
f 5346 5371 5414
f 5507 5435 5252
f 5508 5469 5336
f 5254 5373 5470
f 5569 5404 5509
f 5375 5389 5499
f 5472 5451 5359
f 5359 5376 5472
f 5440 5392 5325
f 5490 5377 5406
f 5377 5353 5406
f 5406 5353 5491
f 5407 5441 5360
f 5456 5280 5459
f 5327 5408 5459
f 5443 5380 5426
f 5262 5410 5545
f 5526 5473 5355
f 5355 5396 5526
f 5381 5474 5356
f 9997 5428 5265
f 5365 5364 5383
f 5398 5444 5366
f 5430 5367 5368
f 5332 5431 5412
f 5318 5345 5464
f 5414 5371 5538
f 5320 5416 5608
f 5273 5403 5508
f 5437 5386 5387
f 5388 5337 5542
f 5337 5374 5645
f 5581 5199 5582
f 5448 5322 5569
f 5390 5452 5339
f 5363 5439 5391
f 5360 5394 5407
f 5423 5407 5394
f 5361 5426 5380
f 5545 5427 5298
f 5474 5526 5396
f 5381 5397 5442
f 5397 5428 5442
f 5428 9997 9985
f 5315 5444 5463
f 5411 5429 5399
f 5445 5411 5399
f 5400 5401 5535
f 5401 5412 5535
f 5496 5431 5384
f 5433 5464 5345
f 5345 5402 5433
f 5465 5385 5466
f 5538 5371 5484
f 5579 5468 5436
f 5518 5508 5403
f 5418 5518 5403
f 5373 5386 5470
f 5489 5488 5419
f 5489 5419 5292
f 5471 5292 5420
f 5448 5582 5199
f 5322 5448 5199
f 5404 5449 5509
f 5220 5293 5648
f 5595 5648 5293
f 5491 5353 5441
f 5423 5378 9558
f 5458 9558 5378
f 5515 5459 5408
f 5502 5409 5329
f 5329 5362 5502
f 5382 5364 5493
f 5364 5365 5462
f 5481 5535 5412
f 5412 5431 5481
f 5402 5413 5433
f 5447 5433 5413
f 5465 5447 5413
f 5434 5466 5385
f 5483 5467 5414
f 5435 5507 5485
f 5608 5415 5320
f 5610 5471 5388
f 5542 5610 5388
f 5570 5510 5311
f 5363 5455 5461
f 5490 5530 5440
f 5440 5393 5490
f 5407 5423 5457
f 5424 5458 5379
f 5443 5477 5425
f 5427 5502 5362
f 5442 5428 5476
f 9985 5476 5428
f 5462 5493 5364
f 5365 5463 5462
f 5479 5444 5398
f 5494 5479 5398
f 5429 5494 5398
f 5495 5400 5535
f 5496 5481 5431
f 5482 5447 5465
f 5483 5414 5538
f 5485 5484 5435
f 5486 5579 5436
f 5436 5372 5486
f 5517 5608 5416
f 5555 5417 5469
f 5437 5358 5594
f 5684 5449 5450
f 5389 5500 5556
f 5452 5390 5562
f 5563 5422 5340
f 5439 5563 5340
f 5363 5461 5439
f 5458 5424 5512
f 5460 5515 5408
f 5443 5426 5618
f 5474 5381 5475
f 5381 5442 5475
f 5604 5475 5442
f 5476 5604 5442
f 5477 5443 5618
f 5529 5426 5361
f 5361 5395 5529
f 5478 5529 5395
f 5493 5504 5382
f 5522 5462 5463
f 5367 5430 5524
f 5495 5430 5400
f 5384 5446 5506
f 5432 5506 5446
f 5567 5434 5467
f 5485 5507 5712
f 5372 5415 5626
f 5498 5416 5417
f 5470 5487 5418
f 5389 5556 5499
f 5562 5570 5452
f 5520 5453 5492
f 5521 5357 5454
f 5421 5521 5454
f 5422 5584 5421
f 5455 5677 5461
f 5392 5460 5408
f 5490 5406 5501
f 5395 5409 5478
f 5577 5410 5473
f 5392 5440 5511
f 5440 5530 5511
f 5491 5501 5406
f 5407 5457 5559
f 9558 5559 5457
f 5456 5459 5770
f 5515 5770 5459
f 5503 5455 5504
f 5547 5504 5493
f 5534 5494 5429
f 5523 5534 5429
f 5429 5411 5523
f 5480 5411 5445
f 5524 5480 5445
f 5524 5445 5367
f 5432 5464 5497
f 5567 5467 5483
f 5484 5485 5525
f 5508 5555 5469
f 5487 5518 5418
f 5437 5519 5386
f 5645 5542 5337
f 5684 5509 5449
f 5648 5500 5220
f 5628 5405 5438
f 5438 5348 5596
f 5475 5560 5474
f 5528 5604 5476
f 5409 5502 5633
f 5427 5545 5676
f 5533 5547 5493
f 5463 5444 5522
f 5411 5480 5523
f 5535 5481 5505
f 5481 5496 5505
f 5506 5496 5384
f 5432 5497 5506
f 5464 5433 9646
f 5558 9646 5433
f 5485 5712 5539
f 5579 5486 5540
f 5486 5372 5607
f 5372 5626 5607
f 5626 5415 5608
f 5555 5498 5417
f 5541 5487 5470
f 5471 5489 5292
f 5450 5375 5684
f 5375 5499 5776
f 5472 5557 5451
f 5405 5472 5376
f 5596 5628 5438
f 5501 5530 5490
f 5491 5441 5602
f 5770 5514 5456
f 5453 5520 5390
f 5520 5492 5752
f 5357 5752 5492
f 5521 5421 5584
f 5546 5677 5455
f 5531 5546 5455
f 5455 5503 5531
f 5504 5547 5532
f 5480 5524 5549
f 5495 5524 5430
f 5505 5496 5551
f 5506 5551 5496
f 9646 5497 5464
f 5447 5558 5433
f 5466 5434 5553
f 5538 5484 5525
f 5539 5525 5485
f 5697 5507 5468
f 5508 5518 5627
f 5580 5488 5489
f 5569 5583 5448
f 5647 5776 5499
f 5500 5648 5556
f 5597 5596 5348
f 5348 5510 5597
f 5562 5390 5520
f 5573 5460 5392
f 5511 5573 5392
f 5602 5501 5491
f 5512 5424 5513
f 5424 5514 5513
f 5618 5561 5477
f 5427 5633 5502
f 5661 5545 5410
f 5577 5661 5410
f 5543 5473 5526
f 5527 5526 5474
f 5560 5527 5474
f 5476 9985 5528
f 5584 5422 5611
f 5563 5611 5422
f 5563 5439 5564
f 5461 5564 5439
f 5503 5504 5532
f 5493 5462 5533
f 5462 5522 5533
f 5479 5522 5444
f 5590 5589 5535
f 5535 5505 5590
f 5550 5590 5505
f 5551 5550 5505
f 5506 5497 5552
f 5606 5447 5482
f 5466 5606 5482
f 5567 5553 5434
f 5507 5697 5712
f 5644 5518 5487
f 5489 5471 5580
f 5581 5645 5374
f 5562 5629 5570
f 9558 5458 5614
f 5614 5458 5512
f 5516 5515 5460
f 5633 5478 5409
f 5577 5473 5543
f 5560 5475 5616
f 5475 5604 5616
f 5528 9985 5544
f 5511 5530 5574
f 5441 5407 5688
f 5603 5559 9558
f 5770 5515 5516
f 5471 5610 5580
f 5509 5646 5569
f 5684 5375 5776
f 5595 5557 5739
f 5557 5472 5650
f 5565 5533 5522
f 5522 5479 5565
f 5479 5494 5565
f 5534 5523 5548
f 5549 5523 5480
f 5552 5551 5506
f 5497 9646 5536
f 5567 5483 5554
f 5711 5554 5483
f 5538 5711 5483
f 5579 5697 5468
f 5579 5540 5625
f 5527 5575 5526
f 5426 5529 5719
f 5529 5478 5719
f 5676 5633 5427
f 5530 5501 5652
f 5688 5602 5441
f 5654 5407 5559
f 5614 5603 9558
f 5564 5461 5586
f 5677 5586 5461
f 5531 5503 5679
f 5533 5565 5598
f 5534 5587 5494
f 5534 5548 5566
f 5523 5549 5548
f 5549 5524 5588
f 5524 5495 5589
f 5495 5535 5589
f 5590 5550 5591
f 5550 5551 5601
f 5536 5552 5497
f 5578 5537 5447
f 5606 5578 5447
f 5711 5538 5525
f 5607 5540 5486
f 5608 5517 5672
f 5517 5416 5498
f 5508 5627 5555
f 5568 5627 5518
f 5714 5541 5470
f 5519 5714 5470
f 5470 5386 5519
f 5519 5437 5593
f 5488 5594 5358
f 5582 5448 5583
f 5646 5509 5715
f 5556 5648 5699
f 5405 5650 5472
f 5675 5597 5510
f 5575 5543 5526
f 5604 5528 5617
f 5544 5617 5528
f 5605 5576 5544
f 5544 5561 5605
f 5618 5426 5703
f 5719 5703 5426
f 5752 5705 5520
f 5565 5494 5587
f 5566 5587 5534
f 9612 5548 5549
f 5549 5588 9612
f 5622 5588 5524
f 5524 5589 5622
f 5590 5591 5641
f 5591 5550 5601
f 5552 5601 5551
f 5568 5518 5644
f 5628 5596 5716
f 5716 5596 5597
f 5570 5675 5510
f 5537 5572 5558
f 5573 5511 5574
f 5501 5602 5613
f 5688 5407 5654
f 5603 5654 5559
f 5513 5514 5656
f 5516 5460 5657
f 5577 5543 5658
f 5560 5616 5615
f 5576 5617 5544
f 5752 5357 5521
f 5781 5752 5521
f 5584 5634 5521
f 5533 5598 5547
f 9612 5566 5548
f 9612 5588 9614
f 5592 5606 5466
f 5553 5592 5466
f 5758 5553 5567
f 5525 5539 5682
f 5437 5594 5593
f 5738 5715 5509
f 5684 5738 5509
f 5499 5556 5647
f 5674 5650 5405
f 5571 5572 5668
f 5572 5537 5668
f 5652 5574 5530
f 5585 5652 5501
f 5585 5501 5613
f 5602 5688 5653
f 5513 5614 5512
f 5631 5527 5560
f 5615 5631 5560
f 5618 5686 5561
f 5719 5478 5704
f 5661 5676 5545
f 5687 5661 5577
f 5668 9647 5571
f 5592 5553 5643
f 5554 5758 5567
f 5712 5671 5539
f 5517 5498 5672
f 5609 5487 5541
f 5519 5593 5673
f 5818 5580 5610
f 5582 5583 5751
f 5628 5674 5405
f 5675 5570 5629
f 5611 5634 5584
f 5513 5656 5769
f 5770 5656 5514
f 5532 5689 5503
f 5587 5566 5599
f 5566 9612 5600
f 5622 9614 5588
f 5641 5589 5590
f 5591 5601 5623
f 5601 5552 5624
f 5617 5632 5604
f 5605 5561 5686
f 5633 5704 5478
f 5658 5687 5577
f 5669 5668 5537
f 5606 5592 5696
f 5670 5682 5539
f 5593 5594 5737
f 5488 5737 5594
f 5646 5583 5569
f 5699 5647 5556
f 5629 5562 5651
f 5520 5651 5562
f 5546 5531 5612
f 5689 5679 5503
f 5532 5547 5619
f 5636 5619 5547
f 5636 5547 5598
f 5587 5598 5565
f 5600 5599 5566
f 5621 9613 9614
f 5622 5621 9614
f 5589 5641 5664
f 5623 5666 5641
f 5641 5591 5623
f 5653 5613 5602
f 5654 5603 5655
f 5630 5657 5573
f 5616 5604 5660
f 5632 5660 5604
f 5668 5667 9647
f 5669 5537 5578
f 5578 5606 5696
f 5758 5733 5553
f 5758 5554 5734
f 5554 5711 5734
f 5670 5539 5671
f 5579 5625 5697
f 5713 5625 5540
f 5773 5713 5607
f 5607 5626 5773
f 5608 5672 5683
f 5555 5672 5498
f 5644 5487 5609
f 5609 5541 5698
f 5542 5645 5793
f 5583 5646 5760
f 5649 5648 5595
f 5595 5739 5649
f 5650 5739 5557
f 5597 5675 5761
f 5705 5651 5520
f 5781 5521 5753
f 5634 5753 5521
f 9739 5634 5611
f 5564 5586 5782
f 5677 5546 5706
f 5689 5532 5635
f 5532 5619 5635
f 5620 5598 5587
f 5587 5599 5620
f 5621 5637 9613
f 5621 5622 5640
f 5622 5589 5664
f 5624 5623 5601
f 5574 5630 5573
f 5527 5631 5575
f 5659 5742 5615
f 5615 5616 5659
f 5616 5660 5659
f 5797 5632 5617
f 5686 5618 5703
f 5676 5812 5633
f 5612 5706 5546
f 5678 5612 5531
f 5531 5679 5678
f 5620 5636 5598
f 5620 5599 5662
f 5599 5600 9593
f 5600 5680 9593
f 5680 9613 5637
f 5637 5621 5638
f 5639 5638 5621
f 5621 5640 5639
f 5664 5640 5622
f 5624 5642 5623
f 5624 9647 5667
f 5694 5668 5669
f 5669 5578 5695
f 5643 5696 5592
f 5643 5553 5733
f 5626 5608 5773
f 5555 5627 5807
f 5644 5749 5568
f 5541 5714 5698
f 5580 5737 5488
f 5740 5674 5628
f 5761 5716 5597
f 5675 5629 5700
f 5651 5700 5629
f 5652 5585 5722
f 5585 5613 5723
f 5654 5767 5688
f 5657 5770 5516
f 5765 5658 5543
f 5543 5575 5765
f 5685 5575 5631
f 5576 5797 5617
f 5812 5720 5633
f 5676 5661 5812
f 5705 5701 5651
f 5782 9739 5564
f 5782 5586 5725
f 5677 5725 5586
f 5662 5636 5620
f 9593 5662 5599
f 5637 5726 5680
f 5637 5638 5690
f 5663 5638 5639
f 5664 5641 5665
f 5666 5665 5641
f 5692 5665 5666
f 5666 5623 5692
f 5642 5692 5623
f 5693 5642 5624
f 5710 5694 5669
f 5734 5711 5805
f 5711 5525 5759
f 5525 5682 5759
f 5682 5670 5806
f 5671 5712 5791
f 5697 5625 5735
f 5608 5683 5773
f 5749 5644 5736
f 5673 5714 5519
f 5715 5760 5646
f 5826 5699 5648
f 5648 5649 5826
f 5716 5740 5628
f 5723 5613 5743
f 5653 5743 5613
f 5811 5631 5615
f 5615 5742 5811
f 5720 5704 5633
f 5687 5812 5661
f 5630 5574 5800
f 5721 5800 5574
f 5574 5652 5721
f 5723 5763 5585
f 5688 5813 5653
f 5654 5655 5767
f 5717 5767 5655
f 5513 5769 5718
f 5770 5657 5724
f 5679 5689 5744
f 5636 5662 5707
f 5624 5667 5693
f 5681 5693 5667
f 5667 5668 5681
f 5694 5710 5772
f 5695 5710 5669
f 5696 5695 5578
f 5696 5643 5748
f 5733 5748 5643
f 5774 5807 5627
f 5737 5580 5775
f 5818 5610 5542
f 5581 5582 5853
f 5650 5674 5933
f 5701 5700 5651
f 9737 5753 5634
f 5575 5685 5765
f 5631 5811 5685
f 5659 5660 5702
f 5652 5722 5721
f 5614 5513 5764
f 5718 5764 5513
f 5656 5770 5796
f 5657 5630 5799
f 9594 5635 5619
f 5707 5619 5636
f 9593 5680 5708
f 5726 5708 5680
f 5690 5726 5637
f 5690 5638 5709
f 5638 5663 5709
f 5691 5709 5663
f 5692 5642 5730
f 5731 5730 5642
f 5693 5731 5642
f 5681 5694 5747
f 5671 5791 5670
f 5712 5697 5735
f 5807 5842 5555
f 5609 5736 5644
f 5750 5673 5593
f 5737 5750 5593
f 5775 5580 5948
f 5853 5582 5751
f 5776 5738 5684
f 5753 9737 5741
f 5585 5763 5762
f 5813 5688 5767
f 5799 5724 5657
f 9737 9739 9740
f 5725 5677 5756
f 5706 5756 5677
f 5679 5744 5823
f 5726 5690 5727
f 5690 5709 5745
f 5691 5665 5728
f 5665 5692 5729
f 5730 5729 5692
f 5681 5732 5693
f 5694 5772 5747
f 5625 5713 5841
f 5842 5672 5555
f 5627 5568 5774
f 5645 5581 5809
f 5933 5739 5650
f 5740 5933 5674
f 5754 5765 5685
f 5778 5742 5659
f 5702 5778 5659
f 5660 5632 5830
f 5797 5830 5632
f 5704 5720 5861
f 5701 5705 5819
f 5705 5752 5822
f 5782 9740 9739
f 5679 5823 5678
f 5708 9594 9593
f 5757 5745 5709
f 5728 5757 5709
f 5709 5691 5728
f 5729 5728 5665
f 5732 5731 5693
f 5747 5732 5681
f 5772 5710 5849
f 5695 5849 5710
f 5695 5696 5748
f 5805 5711 5882
f 5759 5882 5711
f 5851 5791 5712
f 5712 5735 5851
f 5749 5774 5568
f 5818 5542 5886
f 5751 5583 5845
f 5738 5760 5715
f 5716 5761 5856
f 5777 5761 5675
f 5762 5722 5585
f 5743 5653 5801
f 5813 5801 5653
f 5767 5717 5877
f 5768 5877 5717
f 5796 5769 5656
f 5858 5685 5811
f 5723 5743 5763
f 5764 5768 5717
f 5847 5783 5706
f 5612 5847 5706
f 5814 5744 5689
f 5689 5635 5814
f 5745 5727 5690
f 5804 5729 5730
f 5746 5804 5730
f 5731 5746 5730
f 5747 5772 5787
f 5695 5748 5946
f 5733 5758 5840
f 5734 5789 5758
f 5749 5736 5843
f 5844 5792 5609
f 5609 5698 5844
f 5714 5844 5698
f 5775 5750 5737
f 5776 5647 5810
f 5647 5699 5854
f 5649 5739 5903
f 5740 5716 5794
f 5777 5675 5700
f 5700 5701 5795
f 5811 5742 5829
f 5797 5576 5766
f 5576 5605 5766
f 5686 5703 5936
f 5779 5936 5703
f 5703 5719 5779
f 5704 5779 5719
f 5658 5765 5780
f 5764 5718 5802
f 5831 5799 5630
f 5756 5706 5783
f 5708 5771 9594
f 5727 5745 5816
f 5745 5757 5784
f 5785 5757 5728
f 5728 5729 5785
f 5787 5732 5747
f 5849 5695 5788
f 5946 5788 5695
f 5670 5791 5953
f 5713 5773 5884
f 5867 5683 5672
f 5672 5842 5867
f 5933 5740 5855
f 5781 5822 5752
f 5829 5742 5778
f 5778 5702 5821
f 5658 5780 5687
f 5819 5795 5701
f 5847 5612 5912
f 5612 5678 5835
f 5771 5814 5635
f 5635 9594 5771
f 5815 5771 5708
f 5708 5726 5815
f 5825 5815 5726
f 5726 5727 5825
f 5816 5745 5784
f 5746 5731 5786
f 5732 5786 5731
f 5789 5840 5758
f 5789 5734 5805
f 5735 5625 5851
f 5749 5843 5774
f 5736 5609 5792
f 5673 5750 5974
f 5809 5793 5645
f 5845 5583 5760
f 5738 5776 5920
f 5854 5810 5647
f 5855 5740 5794
f 5761 5777 5846
f 5762 5763 5832
f 5763 5743 5833
f 5768 5764 5802
f 5828 5780 5765
f 5858 5754 5685
f 5873 5821 5702
f 5797 5859 5830
f 5766 5605 5686
f 5720 5812 5798
f 5969 5798 5812
f 5743 5875 5833
f 5876 5767 5877
f 5958 5718 5769
f 5834 5958 5769
f 5724 5796 5770
f 5724 5799 5827
f 5678 5823 5835
f 5757 5785 5817
f 5785 5729 5803
f 5786 5804 5746
f 5839 5732 5787
f 5682 5790 5759
f 5682 5806 5866
f 5953 5806 5670
f 5683 5884 5773
f 5843 5736 5870
f 5844 5714 5808
f 5580 5818 5948
f 5853 5809 5581
f 5776 5810 5955
f 5903 5739 5888
f 5819 5705 5905
f 5822 5905 5705
f 5781 5755 5822
f 5781 5753 5741
f 5977 5828 5765
f 5765 5754 5977
f 5829 5778 5820
f 5821 5820 5778
f 5890 5873 5702
f 5702 5660 5890
f 5830 5890 5660
f 5766 5860 5797
f 5741 5755 5781
f 9740 5782 5894
f 5725 5894 5782
f 5835 5912 5612
f 5823 5744 5970
f 5836 5970 5744
f 5814 5836 5744
f 5815 5814 5771
f 5784 5757 5896
f 5804 5803 5729
f 5772 5839 5787
f 5849 5848 5772
f 5748 5733 5880
f 5931 5840 5789
f 5789 5805 5931
f 5882 5898 5805
f 5759 5790 5883
f 5843 5869 5774
f 5736 5792 5870
f 5974 5808 5714
f 5714 5673 5974
f 5760 5738 5902
f 5738 5920 5902
f 5826 5854 5699
f 5933 5888 5739
f 5856 5794 5716
f 5700 5795 5777
f 5967 5800 5721
f 5833 5857 5763
f 5801 5875 5743
f 5813 5767 5876
f 5766 5686 5874
f 5798 5861 5720
f 5832 5722 5762
f 5802 5718 5958
f 5831 5827 5799
f 5725 5756 5894
f 5756 5783 5895
f 5847 5862 5783
f 5878 5825 5727
f 5727 5816 5878
f 5817 5896 5757
f 5785 5803 5864
f 5804 5786 5838
f 5840 5880 5733
f 5931 5805 5898
f 5866 5790 5682
f 5850 5953 5791
f 5791 5851 5850
f 5776 5955 5920
f 5887 5955 5810
f 5810 5854 5887
f 5856 5761 5889
f 5761 5846 5889
f 5926 5811 5829
f 5812 5687 5969
f 5801 5813 5909
f 5802 5939 5877
f 5769 5796 5834
f 5796 5724 5893
f 5862 5895 5783
f 5824 5836 5814
f 5814 5815 5824
f 5944 5824 5815
f 5913 5944 5815
f 5815 5825 5913
f 5817 5785 5864
f 5837 5865 5804
f 5839 5772 5848
f 5848 5849 5879
f 5986 5946 5748
f 5882 5759 5883
f 5841 5851 5625
f 5844 5870 5792
f 5750 5775 5900
f 5885 5900 5775
f 5794 5956 5855
f 5905 5991 5819
f 5926 5858 5811
f 5860 5859 5797
f 5686 5936 5874
f 5979 5779 5704
f 5687 5780 5969
f 5963 5822 5755
f 5755 5741 5925
f 5865 5864 5803
f 5803 5804 5865
f 5804 5838 5837
f 5915 5986 5748
f 5748 5880 5915
f 5790 5866 5899
f 5853 5919 5809
f 5871 5845 5760
f 5760 5902 5871
f 5826 5649 5922
f 5903 5922 5649
f 5856 5956 5794
f 5967 5831 5800
f 5909 5813 5876
f 5724 5827 5893
f 5858 5926 5906
f 5890 5830 5891
f 5859 5891 5830
f 5861 5979 5704
f 5967 5892 5831
f 5975 5722 5832
f 5857 5833 5976
f 5833 5875 5976
f 5802 5958 5957
f 5893 5834 5796
f 5910 9741 9740
f 5894 5910 9740
f 5894 5756 5895
f 5847 6025 5862
f 5878 6009 5825
f 5878 5816 5863
f 5816 5784 5863
f 5784 5896 5863
f 5838 5839 5837
f 5848 5837 5839
f 5840 5931 5881
f 5953 5866 5806
f 5851 5841 5916
f 5884 5852 5841
f 5683 5867 5966
f 5774 5868 5807
f 5775 5948 5885
f 5854 5826 5921
f 5922 5921 5826
f 5872 5795 5819
f 5819 5991 5872
f 5820 5821 5907
f 5873 5907 5821
f 5969 5780 5992
f 5949 5863 5896
f 5897 5896 5817
f 5837 5848 5914
f 5879 5849 6011
f 6012 6011 5849
f 5849 5788 6012
f 5840 5881 5880
f 5916 5850 5851
f 5683 5932 5884
f 5868 5842 5807
f 5870 5869 5843
f 5900 5974 5750
f 5886 5542 5901
f 5542 5793 5901
f 5919 5853 5751
f 6016 5990 5751
f 5751 5845 6016
f 5892 5940 5831
f 5927 5721 5722
f 5857 5832 5763
f 5909 5876 6036
f 5827 5831 5940
f 5967 5721 5927
f 5976 5875 5937
f 5875 5801 5938
f 5939 5802 6087
f 5895 5862 6025
f 6025 5847 5911
f 5912 5911 5847
f 5912 5835 5929
f 6066 5970 5836
f 5836 5824 5943
f 5930 5865 5837
f 5881 5915 5880
f 5852 5916 5841
f 5947 5867 5842
f 6016 5845 5871
f 5777 5795 5904
f 5872 5904 5795
f 5963 5905 5822
f 5829 5820 5934
f 5820 5907 5934
f 6062 5992 5780
f 5780 5828 6062
f 5908 5937 5875
f 5938 5908 5875
f 5909 5938 5801
f 5876 5877 5978
f 5939 5978 5877
f 5957 6087 5802
f 5944 5943 5824
f 5825 6009 5913
f 5817 5864 5897
f 5930 5864 5865
f 5914 5930 5837
f 5945 5914 5848
f 5848 5879 5945
f 5882 5883 5965
f 5852 5884 5917
f 5884 5932 5917
f 5947 5842 5868
f 5869 5868 5774
f 5818 5886 6002
f 5793 5809 5918
f 5919 5918 5809
f 5887 5854 5921
f 5889 5923 5856
f 5846 5777 6003
f 5777 5904 6003
f 5963 5755 5924
f 5925 9736 5755
f 6006 5754 5858
f 5858 5906 6006
f 5934 5926 5829
f 5907 5873 5960
f 5873 5890 5961
f 5891 5961 5890
f 5859 5860 6022
f 5766 6022 5860
f 5892 5967 5981
f 5975 5927 5722
f 5941 5895 5928
f 5895 6025 5928
f 5950 5949 5896
f 5896 5897 5950
f 6011 6128 5879
f 5952 5931 5898
f 5899 5883 5790
f 5899 5866 6000
f 5973 5916 5852
f 6013 5870 5844
f 6002 5948 5818
f 6145 6002 5886
f 5855 6103 5933
f 5923 5956 5856
f 5926 5934 6117
f 5874 5935 5766
f 5980 5979 5861
f 5861 5798 5980
f 5938 5909 5982
f 6036 5982 5909
f 5978 5939 6087
f 5834 5893 6065
f 5894 5895 5941
f 5835 5823 5942
f 5897 5864 5951
f 5930 5914 5951
f 6111 5945 5879
f 5987 5952 5898
f 5898 5882 5987
f 5965 5987 5882
f 5953 6000 5866
f 5808 6043 5844
f 5948 6069 5885
f 5901 6145 5886
f 5751 5990 5919
f 5922 5903 6116
f 5963 5991 5905
f 5754 6006 5977
f 6085 5934 5907
f 5961 5960 5873
f 5936 5968 5874
f 6072 5993 5832
f 5832 5857 6072
f 6009 5878 6049
f 5985 5949 5950
f 5897 5951 5950
f 5864 5930 5951
f 6128 6111 5879
f 6040 6012 5788
f 5952 5881 5931
f 5954 5953 5850
f 5916 5954 5850
f 5966 5932 5683
f 6013 5844 6043
f 5974 5900 6014
f 5955 5887 6173
f 5888 5933 6054
f 6103 6054 5933
f 5991 5904 5872
f 9736 5924 5755
f 5977 5959 5828
f 5926 6117 5906
f 5891 5859 6021
f 6022 6021 5859
f 5935 5962 5766
f 5975 5832 5993
f 5908 5994 5937
f 6036 5876 5978
f 6065 5958 5834
f 5940 5892 5995
f 9741 5910 5997
f 5928 6047 5941
f 5911 5912 5983
f 5912 5929 5983
f 5943 6066 5836
f 5863 5949 5971
f 5788 5946 6129
f 5868 5869 6001
f 5808 5974 6051
f 5901 5793 6044
f 9734 5924 9736
f 5960 6085 5907
f 5962 6022 5766
f 6024 5980 5798
f 5969 6024 5798
f 5959 6062 5828
f 5997 5910 5998
f 5970 5942 5823
f 5944 6126 5943
f 5878 5863 6049
f 5984 5971 5949
f 5949 5985 5984
f 6089 5972 5951
f 5951 5914 6089
f 5914 5945 6089
f 6129 6040 5788
f 5915 5881 6027
f 5852 5917 5989
f 6051 6043 5808
f 6069 5948 6015
f 5918 6044 5793
f 5920 6102 5902
f 5920 5955 6052
f 5955 6173 6052
f 5956 6032 5855
f 6019 5923 5889
f 5994 5976 5937
f 5908 5938 6055
f 5982 6055 5938
f 5957 5958 6123
f 6065 6037 5958
f 6083 5977 6006
f 5934 6070 6117
f 5960 5961 6060
f 5968 5936 6071
f 5936 5779 6071
f 5991 6004 5904
f 5963 5924 6005
f 6005 5924 9734
f 9741 5997 5996
f 5964 5998 5910
f 6047 5964 5941
f 6047 5928 6048
f 5944 5913 5999
f 5971 6049 5863
f 6026 5985 5950
f 5950 5951 5972
f 5946 5986 6129
f 5987 5965 6028
f 5965 5883 6028
f 5883 5899 6068
f 5899 6000 6029
f 5973 5852 5989
f 5966 5867 6080
f 6002 6015 5948
f 5919 6081 5918
f 5871 5902 6186
f 6102 6186 5902
f 6052 6102 5920
f 6017 6173 5887
f 6017 5887 5921
f 5921 5922 6133
f 6046 6019 5889
f 5889 5846 6046
f 6003 6046 5846
f 5967 5927 5981
f 6036 5978 6056
f 5893 5827 6008
f 5827 5940 6008
f 5940 5995 6008
f 6060 5961 6020
f 6137 6071 5779
f 5779 5979 6137
f 5984 5985 6067
f 5950 5972 6026
f 5881 6041 6027
f 5899 6029 6068
f 5988 6000 5953
f 5954 5988 5953
f 5916 5973 6030
f 5932 5966 6132
f 6001 6042 5868
f 6013 6113 5870
f 6051 5974 6014
f 6069 5900 5885
f 6044 6145 5901
f 6053 5903 5888
f 6054 6053 5888
f 6003 5904 6033
f 6087 5957 6123
f 6037 6123 5958
f 6075 6065 5893
f 6058 6070 5934
f 5934 6085 6058
f 6060 6059 5960
f 6020 5961 6136
f 5891 6136 5961
f 5983 6038 5911
f 6140 5999 5913
f 5881 5952 6041
f 5987 6028 6050
f 6068 6028 5883
f 5988 5954 6030
f 5916 6030 5954
f 6080 6132 5966
f 5867 5947 6031
f 6113 5869 5870
f 5990 6081 5919
f 6053 6116 5903
f 5855 6032 6103
f 6004 6033 5904
f 5975 5993 6035
f 5978 6087 6064
f 6008 6075 5893
f 5959 5977 6231
f 6085 5960 6059
f 5968 5935 5874
f 5892 5981 6063
f 6072 5857 6007
f 5857 5976 6007
f 5976 5994 6007
f 5994 5908 6055
f 6064 6056 5978
f 6065 6075 6074
f 6047 5998 5964
f 6039 6078 5929
f 5929 5835 6039
f 6208 6140 5913
f 5913 6009 6208
f 5984 6067 6088
f 6090 6129 5986
f 5986 5915 6090
f 6050 5952 5987
f 6013 6043 6114
f 6016 5871 6199
f 6018 6017 5921
f 5921 6133 6018
f 5923 6032 5956
f 6059 6060 6104
f 5891 6021 6061
f 5962 5935 6023
f 5980 6137 5979
f 5969 5992 6024
f 5992 6062 6167
f 6035 5927 5975
f 6007 5994 6122
f 5983 5929 6078
f 5942 5970 6066
f 5943 6193 6066
f 6009 6049 6168
f 6067 5985 6010
f 6079 6029 6000
f 6092 6079 6000
f 6000 5988 6092
f 5917 5932 6132
f 6031 6080 5867
f 5947 6042 6031
f 6113 6093 5869
f 6045 6103 6032
f 6033 6046 6003
f 6096 5963 6005
f 6006 5906 6084
f 6084 5906 6117
f 6063 5981 6034
f 5981 5927 6034
f 5993 6072 6213
f 6138 6008 5995
f 5996 5997 9742
f 6038 5983 6139
f 5944 5999 6126
f 5971 5984 6088
f 6112 6128 6011
f 6011 6012 6112
f 6040 6112 6012
f 6050 6041 5952
f 5917 6132 6131
f 6001 5869 6093
f 5922 6116 6133
f 6095 5923 6019
f 5991 5963 6163
f 5977 6083 6231
f 6084 6083 6006
f 6022 6061 6021
f 5980 6024 6206
f 6121 6062 5959
f 6231 6121 5959
f 5892 6063 6109
f 6055 5982 6107
f 6109 5995 5892
f 6077 9742 5997
f 6124 6077 5997
f 5998 6124 5997
f 6025 5911 6099
f 6038 6099 5911
f 5835 5942 6039
f 5942 6066 6125
f 6009 6168 6208
f 6067 6010 6169
f 5985 6026 6010
f 6050 6028 6171
f 6221 6171 6028
f 5988 6030 6092
f 6158 6092 6030
f 6016 6210 5990
f 6032 5923 6045
f 6163 6004 5991
f 6005 9738 6096
f 6231 6083 6097
f 6071 6120 5968
f 6200 6034 5927
f 6072 6007 6202
f 6036 6056 6073
f 6138 6075 6008
f 6154 6153 5998
f 6047 6154 5998
f 6049 5971 6253
f 5972 6142 6026
f 6089 5945 6143
f 5945 6111 6143
f 5915 6027 6090
f 6281 6090 6027
f 6027 6041 6100
f 6326 6100 6041
f 6028 6068 6221
f 6158 6030 6130
f 5973 6130 6030
f 6159 6113 6013
f 6114 6043 6256
f 6043 6051 6256
f 5900 6069 6160
f 6307 6145 6044
f 5918 6307 6044
f 6211 6173 6017
f 6018 6211 6017
f 6212 6054 6103
f 5923 6095 6187
f 6070 6058 6057
f 6136 5891 6178
f 6061 6178 5891
f 6061 6022 6086
f 5935 5968 6120
f 5992 6167 6024
f 9742 6077 6076
f 6124 5998 6153
f 6219 6154 6047
f 6047 6048 6219
f 6099 6038 6207
f 6126 6193 5943
f 6168 6049 6194
f 6141 6010 6026
f 6142 6141 6026
f 6100 6281 6027
f 6041 6050 6183
f 6001 6031 6042
f 6051 6014 6101
f 6210 6016 6199
f 6199 5871 6186
f 6053 6054 6146
f 6033 6004 6082
f 5927 6035 6200
f 6271 6035 5993
f 5993 6213 6271
f 6122 5994 6105
f 6055 6106 5994
f 5982 6036 6227
f 6073 6227 6036
f 6251 6073 6056
f 6056 6064 6251
f 6057 6117 6070
f 6085 6059 6205
f 6059 6104 6205
f 6104 6060 6098
f 6020 6098 6060
f 6023 6022 5962
f 6121 6167 6062
f 6122 6189 6007
f 6106 6055 6107
f 6107 5982 6227
f 6087 6123 6150
f 6204 6037 6065
f 6074 6204 6065
f 5928 6025 6099
f 6078 6139 5983
f 6126 5999 6180
f 6169 6088 6067
f 6170 6169 6010
f 6040 6129 6182
f 6221 6068 6091
f 6068 6029 6091
f 6114 6159 6013
f 5918 6081 6267
f 5990 6210 6081
f 6102 6052 6115
f 6116 6053 6094
f 6053 6146 6094
f 6019 6046 6095
f 6033 6095 6046
f 9738 6218 6096
f 6023 6086 6022
f 5935 6229 6023
f 6166 6120 6071
f 6137 6166 6071
f 6202 6007 6189
f 6106 6105 5994
f 6227 6073 6108
f 6123 6037 6204
f 6151 6138 5995
f 5995 6109 6151
f 6155 6219 6048
f 6048 5928 6155
f 5999 6140 6180
f 6194 6049 6253
f 6088 6169 6235
f 6182 6112 6040
f 6029 6079 6184
f 5989 6130 5973
f 5989 6131 6209
f 6114 6256 6159
f 6282 6256 6051
f 6212 6146 6054
f 6096 6163 5963
f 6176 6084 6117
f 6058 6085 6228
f 6205 6228 6085
f 6061 6086 6178
f 6206 6137 5980
f 6109 6063 6152
f 6174 6152 6063
f 6063 6034 6174
f 6213 6072 6201
f 6251 6108 6073
f 6099 6155 5928
f 6141 6170 6010
f 6089 6143 6127
f 6158 6157 6092
f 6093 6113 6237
f 6014 5900 6283
f 5900 6160 6283
f 6188 6187 6095
f 6033 6082 6162
f 6082 6004 6134
f 6163 6134 6004
f 6164 6083 6084
f 6176 6164 6084
f 6098 6118 6104
f 6206 6024 6230
f 6139 6207 6038
f 6110 6125 6066
f 6066 6193 6110
f 6156 6253 5971
f 5971 6088 6156
f 5972 6089 6127
f 6029 6184 6091
f 6157 6079 6092
f 6185 6130 5989
f 6001 6144 6031
f 6238 6282 6051
f 6101 6014 6283
f 6437 6307 5918
f 5918 6267 6437
f 6186 6102 6115
f 6133 6116 6357
f 6103 6045 6161
f 6045 5923 6187
f 6216 6074 6075
f 6075 6138 6216
f 6119 6086 6023
f 6119 6023 6229
f 6270 6229 5935
f 6120 6270 5935
f 6202 6201 6072
f 6108 6251 6149
f 6064 6087 6150
f 6245 6151 6109
f 6152 6245 6109
f 6235 6156 6088
f 6127 6142 5972
f 6209 6185 5989
f 6001 6093 6144
f 6222 6144 6093
f 6018 6133 6211
f 6094 6357 6116
f 6095 6033 6162
f 6135 6163 6096
f 6096 6218 6135
f 6020 6136 6165
f 6229 6269 6119
f 6166 6270 6120
f 6244 6189 6122
f 6122 6105 6244
f 6106 6175 6105
f 6106 6107 6361
f 6203 6150 6123
f 6123 6204 6203
f 6216 6204 6074
f 6124 6153 6263
f 6139 6078 6191
f 6274 6078 6039
f 6192 6274 6039
f 6039 5942 6192
f 5942 6125 6192
f 6129 6090 6220
f 6131 6132 6197
f 6051 6101 6238
f 6015 6002 6172
f 6357 6211 6133
f 6103 6308 6212
f 6148 6117 6057
f 6057 6058 6228
f 6217 6205 6104
f 6104 6118 6217
f 6178 6165 6136
f 6178 6086 6190
f 6167 6230 6024
f 6150 6251 6064
f 6151 6216 6138
f 6125 6110 6313
f 6169 6170 6278
f 6170 6141 6195
f 6141 6142 6279
f 6143 6111 6325
f 6128 6325 6111
f 6182 6129 6220
f 6281 6100 6378
f 6183 6326 6041
f 6289 6183 6050
f 6171 6289 6050
f 6132 6080 6197
f 6222 6093 6237
f 6159 6237 6113
f 6015 6160 6069
f 6002 6145 6172
f 6095 6162 6188
f 6284 6176 6117
f 6117 6148 6284
f 6098 6020 6177
f 6166 6137 6206
f 6200 6241 6034
f 6202 6189 6243
f 6215 6227 6108
f 6149 6215 6108
f 6077 6232 6076
f 6154 6263 6153
f 6099 6219 6155
f 6207 6139 6252
f 6252 6139 6179
f 6191 6179 6139
f 6143 6254 6127
f 6325 6128 6364
f 6128 6112 6364
f 6112 6182 6181
f 6290 6221 6091
f 6157 6158 6292
f 6158 6130 6185
f 6147 6308 6103
f 6187 6161 6045
f 6163 6135 6268
f 6098 6248 6118
f 6177 6020 6165
f 6086 6119 6249
f 6269 6249 6119
f 6134 6163 6268
f 6218 6268 6135
f 6193 6126 6447
f 6528 6208 6168
f 6156 6235 6266
f 6169 6278 6235
f 6195 6141 6279
f 6196 6171 6221
f 6304 6079 6157
f 6185 6292 6158
f 6185 6209 6293
f 6080 6031 6198
f 6306 6198 6031
f 6380 6238 6101
f 6240 6295 6052
f 6052 6173 6240
f 6211 6240 6173
f 6187 6188 6224
f 6174 6034 6260
f 6242 6200 6035
f 6035 6271 6242
f 6175 6106 6361
f 6361 6107 6226
f 6399 6251 6150
f 6203 6399 6150
f 6228 6205 6247
f 6177 6248 6098
f 6165 6178 6190
f 6249 6190 6086
f 6274 6191 6078
f 6180 6447 6126
f 6314 6326 6183
f 6198 6197 6080
f 6031 6144 6306
f 6256 6282 6257
f 6145 6307 6368
f 6239 6186 6223
f 6186 6115 6223
f 6244 6105 6214
f 6226 6107 6227
f 6310 6203 6204
f 6261 6310 6204
f 6097 6083 6246
f 6164 6246 6083
f 6190 6249 6340
f 6343 6230 6167
f 6167 6121 6343
f 6259 6121 6231
f 6231 6097 6312
f 6219 6099 6234
f 6192 6125 6376
f 6313 6376 6125
f 6168 6194 6275
f 6195 6278 6170
f 6142 6127 6254
f 6181 6364 6112
f 6220 6181 6182
f 6335 6289 6171
f 6290 6091 6236
f 6292 6304 6157
f 6327 6237 6159
f 6368 6172 6145
f 6186 6337 6199
f 6295 6115 6052
f 6161 6147 6103
f 6224 6161 6187
f 6268 6322 6134
f 6241 6260 6034
f 6200 6242 6241
f 6271 6213 6225
f 6213 6201 6250
f 6201 6202 6250
f 6243 6250 6202
f 6189 6244 6243
f 6175 6214 6105
f 6297 6215 6149
f 6149 6251 6298
f 6204 6216 6261
f 6248 6217 6118
f 6269 6229 6342
f 6121 6299 6343
f 6121 6259 6299
f 6134 6258 6082
f 6077 6124 6233
f 6124 6263 6233
f 6263 6154 6363
f 6264 6363 6154
f 6154 6219 6264
f 6099 6207 6265
f 6110 6193 6313
f 6194 6253 6275
f 6303 6254 6143
f 6220 6090 6288
f 6090 6281 6288
f 6183 6289 6314
f 6091 6184 6236
f 6255 6184 6079
f 6079 6304 6255
f 6305 6294 6209
f 6209 6197 6305
f 6199 6356 6210
f 6295 6223 6115
f 6345 6261 6216
f 6216 6151 6262
f 6151 6245 6262
f 6245 6152 6311
f 6057 6228 6429
f 6360 6270 6166
f 9574 6268 6218
f 6218 6232 9574
f 6265 6234 6099
f 6207 6324 6265
f 6447 6313 6193
f 6180 6140 6391
f 6143 6325 6303
f 6220 6288 6424
f 6290 6196 6221
f 6144 6222 6306
f 6210 6267 6081
f 6224 6188 6369
f 6262 6345 6216
f 6097 6246 6312
f 6331 6246 6164
f 6176 6331 6164
f 6057 6429 6148
f 6247 6429 6228
f 6217 6247 6205
f 6248 6177 6319
f 6342 6229 6359
f 6270 6359 6229
f 6166 6206 6402
f 6231 6312 6259
f 6232 6077 6333
f 6191 6274 6348
f 6302 6140 6208
f 6253 6156 6276
f 6235 6278 6277
f 6236 6184 6291
f 6336 6304 6292
f 6294 6293 6209
f 6198 6353 6197
f 6380 6282 6238
f 6239 6337 6186
f 6211 6357 6468
f 6188 6162 6309
f 6258 6309 6162
f 6339 6241 6242
f 6242 6271 6339
f 6227 6215 6272
f 6297 6149 6298
f 6245 6311 6419
f 6165 6319 6177
f 6190 6320 6165
f 6342 6341 6269
f 6402 6360 6166
f 6214 6318 6244
f 6175 6329 6214
f 6226 6227 6272
f 6399 6203 6344
f 6419 6262 6245
f 6264 6219 6300
f 6234 6265 6273
f 6265 6324 6301
f 6389 6324 6207
f 6346 6389 6207
f 6207 6252 6346
f 6302 6391 6140
f 6275 6253 6276
f 6156 6266 6349
f 6277 6266 6235
f 6279 6142 6280
f 6142 6254 6280
f 6100 6326 6378
f 6171 6196 6315
f 6353 6305 6197
f 6237 6379 6222
f 6159 6256 6327
f 6257 6327 6256
f 6101 6283 6380
f 6368 6307 6381
f 6267 6210 6356
f 6356 6199 6337
f 6146 6357 6094
f 6308 6147 6317
f 6188 6309 6369
f 6258 6134 6322
f 6217 6248 6401
f 6319 6165 6472
f 6320 6472 6165
f 6249 6269 6321
f 6206 6230 6402
f 6339 6271 6225
f 6250 6225 6213
f 6318 6433 6243
f 6243 6244 6318
f 6404 6345 6262
f 6419 6404 6262
f 6174 6311 6152
f 9574 6232 6285
f 6232 6333 6285
f 6233 6286 6077
f 6233 6263 6287
f 6363 6287 6263
f 6234 6300 6219
f 6348 6179 6191
f 6352 6181 6220
f 6315 6335 6171
f 6292 6185 6463
f 6367 6463 6185
f 6306 6222 6379
f 6327 6466 6237
f 6015 6172 6160
f 6211 6296 6240
f 6212 6438 6146
f 6358 6247 6217
f 6217 6401 6358
f 6319 6371 6248
f 6340 6320 6190
f 6321 6340 6249
f 6269 6341 6321
f 6360 6359 6270
f 6174 6260 6328
f 6243 6398 6250
f 6399 6298 6251
f 6310 6344 6203
f 6286 6333 6077
f 6301 6375 6265
f 6447 6180 6391
f 6208 6528 6302
f 6413 6528 6168
f 6168 6377 6413
f 6275 6377 6168
f 6156 6349 6276
f 6424 6352 6220
f 6378 6288 6281
f 6185 6293 6367
f 6355 6257 6282
f 6380 6355 6282
f 6296 6211 6468
f 6357 6146 6382
f 6308 6438 6212
f 6470 6312 6246
f 6246 6331 6470
f 6370 6247 6358
f 6362 6323 9574
f 6285 6362 9574
f 6287 6286 6233
f 6363 6264 6334
f 6300 6334 6264
f 6273 6300 6234
f 6273 6265 6375
f 6346 6252 6347
f 6179 6347 6252
f 6348 6274 6446
f 6274 6192 6446
f 6376 6446 6192
f 6254 6303 6414
f 6289 6335 6314
f 6236 6316 6290
f 6255 6291 6184
f 6354 6379 6237
f 6466 6354 6237
f 6356 6437 6267
f 6239 6406 6337
f 6174 6328 6420
f 6418 6250 6398
f 6297 6272 6215
f 6298 6435 6297
f 6456 6284 6148
f 6332 6429 6247
f 6370 6332 6247
f 6360 6402 6492
f 6322 6268 6323
f 6285 6333 6474
f 6277 6278 6422
f 6477 6422 6278
f 6195 6279 6449
f 6280 6351 6279
f 6394 6255 6304
f 6353 6294 6305
f 6580 6381 6307
f 6307 6437 6580
f 6454 6382 6146
f 6438 6454 6146
f 6438 6308 6519
f 6317 6519 6308
f 6369 6309 6396
f 6258 6396 6309
f 6260 6241 6338
f 6241 6339 6338
f 6433 6398 6243
f 6329 6175 6361
f 6311 6174 6420
f 6400 6176 6284
f 6230 6343 6372
f 6412 6376 6313
f 6447 6412 6313
f 6276 6377 6275
f 6350 6278 6195
f 6195 6449 6350
f 6537 6424 6288
f 6288 6378 6537
f 6378 6326 6496
f 6393 6326 6314
f 6335 6479 6314
f 6335 6315 6366
f 6316 6196 6290
f 6463 6336 6292
f 6223 6406 6239
f 6468 6357 6382
f 6147 6161 6317
f 6418 6225 6250
f 6399 6532 6298
f 6310 6261 6385
f 6443 6419 6311
f 6400 6331 6176
f 6284 6456 6400
f 6371 6401 6248
f 6472 6320 6430
f 6473 6430 6320
f 6320 6340 6473
f 6431 6340 6321
f 6230 6372 6417
f 6373 6258 6322
f 6273 6334 6300
f 6375 6301 6410
f 6301 6324 6411
f 6278 6350 6477
f 6280 6254 6414
f 6303 6478 6414
f 6393 6496 6326
f 6452 6293 6294
f 6488 6198 6306
f 6466 6327 6467
f 6327 6257 6516
f 6407 6317 6161
f 6161 6224 6407
f 6397 6339 6225
f 6318 6214 6403
f 6361 6483 6329
f 6226 6272 6434
f 6330 6434 6272
f 6341 6431 6321
f 6373 6322 6387
f 6322 6323 6428
f 6323 6362 6428
f 6374 6474 6333
f 6286 6374 6333
f 6390 6347 6179
f 6348 6390 6179
f 6392 6377 6276
f 6279 6351 6449
f 6325 6364 6436
f 6352 6364 6181
f 6426 6479 6335
f 6335 6366 6426
f 6236 6415 6316
f 6236 6291 6427
f 6294 6353 6395
f 6464 6488 6306
f 6379 6464 6306
f 6160 6380 6283
f 6172 6368 6453
f 6356 6337 6406
f 6406 6223 6489
f 6418 6397 6225
f 6403 6481 6318
f 6329 6403 6214
f 6383 6330 6272
f 6297 6383 6272
f 6385 6344 6310
f 6441 6148 6429
f 6431 6473 6340
f 6343 6299 6372
f 6481 6433 6318
f 6329 6586 6403
f 6226 6483 6361
f 6384 6383 6297
f 6435 6384 6297
f 6435 6298 6532
f 6388 6362 6285
f 6392 6276 6349
f 6424 6537 6365
f 6425 6393 6314
f 6314 6479 6425
f 6451 6394 6304
f 6304 6336 6451
f 6497 6367 6293
f 6353 6198 6416
f 6408 6407 6224
f 6373 6396 6258
f 6485 6470 6331
f 6400 6485 6331
f 6441 6456 6148
f 6544 6542 6358
f 6358 6401 6544
f 6342 6386 6341
f 6402 6230 6417
f 6299 6259 6459
f 6338 6328 6260
f 6338 6339 6531
f 6339 6397 6531
f 6404 6494 6345
f 6420 6443 6311
f 6285 6474 6388
f 6287 6421 6286
f 6287 6363 6460
f 6334 6460 6363
f 6301 6411 6410
f 6390 6348 6462
f 6446 6462 6348
f 6303 6325 6436
f 6316 6315 6196
f 6463 6451 6336
f 6452 6497 6293
f 6395 6452 6294
f 6160 6172 6453
f 6381 6453 6368
f 6437 6356 6405
f 6295 6489 6223
f 6439 6224 6369
f 6396 6439 6369
f 6387 6322 6428
f 6370 6358 6559
f 6542 6559 6358
f 6319 6490 6371
f 6386 6342 6432
f 6359 6432 6342
f 6545 6372 6299
f 6259 6312 6459
f 6460 6421 6287
f 6273 6375 6409
f 6324 6389 6411
f 6389 6535 6526
f 6461 6389 6346
f 6508 6346 6347
f 6643 6392 6349
f 6349 6266 6448
f 6266 6277 6448
f 6364 6352 6423
f 6496 6537 6378
f 6415 6236 6427
f 6427 6291 6450
f 6394 6450 6255
f 6394 6451 6514
f 6497 6463 6367
f 6488 6416 6198
f 6257 6355 6516
f 6296 6295 6240
f 6493 6330 6383
f 6385 6261 6602
f 6429 6332 6572
f 6559 6332 6370
f 6490 6503 6371
f 6471 6490 6319
f 6319 6472 6471
f 6299 6459 6545
f 6423 6436 6364
f 6415 6512 6316
f 6296 6468 6498
f 6522 6531 6397
f 6397 6418 6522
f 6433 6486 6398
f 6385 6602 6505
f 6400 6456 6440
f 6503 6544 6401
f 6401 6371 6503
f 6359 6360 6492
f 6312 6470 6459
f 6483 6482 6329
f 6344 6385 6505
f 6602 6261 6345
f 6345 6494 6602
f 6516 6467 6327
f 6380 6160 6529
f 6160 6453 6529
f 6453 6381 6517
f 6580 6517 6381
f 6406 6405 6356
f 6500 6396 6373
f 6375 6410 6445
f 6461 6535 6389
f 6446 6376 6510
f 6376 6412 6510
f 6447 6391 6609
f 6302 6528 6527
f 6277 6422 6448
f 6414 6351 6280
f 6366 6315 6553
f 6427 6480 6415
f 6386 6431 6341
f 6492 6432 6359
f 6328 6548 6420
f 6614 6522 6418
f 6442 6493 6383
f 6383 6384 6442
f 6435 6442 6384
f 6399 6344 6484
f 6505 6484 6344
f 6404 6419 6506
f 6443 6506 6419
f 6409 6375 6475
f 6445 6475 6375
f 6526 6411 6389
f 6366 6553 6426
f 6315 6316 6553
f 6514 6450 6394
f 6295 6296 6518
f 6317 6407 6455
f 6439 6408 6224
f 6387 6428 9761
f 6456 6441 6457
f 6648 6441 6429
f 6429 6572 6648
f 6492 6402 6458
f 6402 6417 6458
f 6531 6584 6328
f 6328 6338 6531
f 6418 6398 6585
f 6486 6585 6398
f 6532 6399 6484
f 6506 6494 6404
f 6507 9761 6362
f 6362 6388 6507
f 6334 6273 6444
f 6409 6444 6273
f 6508 6461 6346
f 6412 6447 6476
f 6495 6609 6391
f 6391 6302 6495
f 6511 6413 6377
f 6392 6511 6377
f 6551 6422 6477
f 6512 6553 6316
f 6512 6415 6577
f 6480 6577 6415
f 6623 6452 6395
f 6465 6464 6354
f 6354 6466 6465
f 6580 6437 6540
f 6405 6593 6437
f 6489 6295 6518
f 6382 6454 6469
f 6407 6408 6499
f 6440 6485 6400
f 6472 6430 6530
f 6586 6481 6403
f 6586 6329 6482
f 6443 6420 6547
f 6444 6460 6334
f 6510 6462 6446
f 6609 6476 6447
f 6449 6351 6596
f 6352 6424 6552
f 6591 6496 6393
f 6425 6479 6611
f 6480 6427 6513
f 6427 6450 6513
f 6623 6395 6487
f 6416 6487 6395
f 6557 6516 6355
f 6592 6529 6453
f 6438 6660 6454
f 6558 6499 6408
f 6408 6439 6558
f 6457 6440 6456
f 6502 6572 6332
f 6332 6559 6502
f 6459 6470 6504
f 6500 6387 9757
f 6387 9761 9757
f 6444 6421 6460
f 6525 6410 6411
f 6411 6526 6525
f 6347 6390 6509
f 6462 6509 6390
f 6393 6425 6591
f 6451 6463 6539
f 6463 6497 6579
f 6515 6488 6464
f 6464 6465 6515
f 6466 6467 6556
f 6516 6556 6467
f 6674 6557 6355
f 6355 6380 6674
f 6517 6592 6453
f 6593 6540 6437
f 6518 6296 6688
f 6469 6498 6468
f 6468 6382 6469
f 6660 6469 6454
f 6455 6519 6317
f 6499 6455 6407
f 6567 6439 6396
f 6520 6567 6396
f 6548 6328 6584
f 6600 6486 6433
f 6433 6481 6600
f 6548 6547 6420
f 6470 6485 6501
f 6441 6648 6457
f 6503 6490 6560
f 6471 6472 6530
f 6473 6521 6430
f 6562 6473 6431
f 6431 6386 6582
f 6535 6461 6719
f 6756 6349 6448
f 6477 6350 6551
f 6303 6436 6727
f 6552 6424 6365
f 6553 6512 6565
f 6613 6674 6380
f 6380 6529 6613
f 6569 6531 6522
f 6614 6418 6585
f 6571 6483 6226
f 6226 6434 6571
f 6330 6493 6574
f 6442 6435 6532
f 6432 6491 6386
f 6569 6667 6531
f 6434 6330 6575
f 6374 6523 6474
f 6409 6475 6524
f 6525 6564 6410
f 6462 6510 6550
f 6590 6350 6449
f 6449 6596 6590
f 6536 6596 6351
f 6351 6414 6536
f 6673 6591 6425
f 6425 6611 6673
f 6513 6577 6480
f 6623 6497 6452
f 6406 6541 6405
f 6406 6489 6676
f 6489 6518 6626
f 6438 6566 6660
f 6566 6438 6519
f 9757 6520 6500
f 6470 6501 6583
f 6544 6503 6632
f 6490 6471 6573
f 6530 6573 6471
f 6562 6561 6473
f 6695 6562 6431
f 6582 6695 6431
f 6491 6582 6386
f 6432 6492 6629
f 6504 6545 6459
f 6583 6504 6470
f 6482 6483 6601
f 6574 6575 6330
f 6546 6574 6493
f 6493 6442 6546
f 6533 6506 6443
f 6443 6547 6533
f 6444 6409 6524
f 6564 6445 6410
f 6719 6461 6549
f 6461 6508 6549
f 6508 6347 6509
f 6509 6462 6550
f 6302 6527 6495
f 6589 6643 6349
f 6349 6756 6589
f 6414 6478 6536
f 6727 6478 6303
f 6552 6423 6352
f 6513 6450 6554
f 6514 6554 6450
f 6579 6539 6463
f 6556 6599 6465
f 6465 6466 6556
f 6516 6557 6659
f 6498 6688 6296
f 6503 6560 6632
f 6573 6560 6490
f 6473 6561 6521
f 6417 6372 6651
f 6372 6545 6651
f 6522 6614 6570
f 6571 6434 6575
f 6494 6506 6533
f 6563 6388 6474
f 6523 6563 6474
f 6421 6444 6576
f 6524 6475 6608
f 6475 6445 6608
f 6594 6564 6525
f 6719 6772 6535
f 6588 6550 6510
f 6510 6412 6588
f 6476 6588 6412
f 6620 6422 6551
f 6350 6590 6621
f 6478 6727 6622
f 6553 6565 6656
f 6577 6685 6512
f 6514 6451 6538
f 6487 6416 6612
f 6416 6488 6612
f 6659 6556 6516
f 6676 6489 6626
f 6518 6581 6626
f 6688 6581 6518
f 6567 6558 6439
f 6485 6440 6669
f 6544 6543 6542
f 6570 6569 6522
f 6532 6546 6442
f 6724 6620 6551
f 6551 6350 6621
f 6622 6536 6478
f 6553 6656 6426
f 6515 6612 6488
f 6592 6613 6529
f 6676 6541 6406
f 6499 6558 6647
f 6733 6558 6567
f 6669 6501 6485
f 6440 6457 6669
f 6714 6683 6572
f 6572 6502 6714
f 6573 6530 6605
f 6432 6629 6491
f 6492 6458 6629
f 6668 6545 6504
f 6667 6584 6531
f 6585 6708 6614
f 6571 6601 6483
f 6799 6533 6547
f 6534 6799 6547
f 6606 6640 6507
f 6507 6388 6606
f 6643 6589 6863
f 6727 6436 6728
f 6611 6479 6655
f 6426 6655 6479
f 6565 6512 6597
f 6538 6451 6539
f 6497 6623 6555
f 6543 6559 6542
f 6530 6521 6605
f 6548 6584 6747
f 6634 6575 6574
f 6574 6546 6634
f 6532 6616 6546
f 6484 6616 6532
f 6617 6505 6602
f 6547 6548 6534
f 6525 6526 6594
f 6642 6594 6526
f 6526 6535 6642
f 6595 6549 6508
f 6508 6509 6595
f 6528 6413 6741
f 6620 6448 6422
f 6725 6724 6551
f 6621 6725 6551
f 6597 6512 6685
f 6554 6514 6578
f 6515 6465 6646
f 6599 6646 6465
f 6659 6599 6556
f 6816 6674 6613
f 6593 6405 6541
f 6455 6499 6786
f 6631 6633 6560
f 6560 6573 6631
f 6629 6458 6650
f 6417 6650 6458
f 6563 6606 6388
f 6564 6594 6703
f 6392 6643 6831
f 6610 6365 6537
f 6537 6496 6610
f 6758 6610 6496
f 6496 6591 6758
f 6597 6656 6565
f 6539 6579 6687
f 6598 6579 6497
f 6497 6555 6598
f 6469 6660 6744
f 6566 6519 6627
f 6567 6568 6733
f 6585 6486 6615
f 6583 6501 6750
f 6648 6572 6670
f 6559 6543 6630
f 6632 6560 6633
f 6521 6561 6605
f 6491 6825 6582
f 6747 6534 6548
f 6569 6570 6662
f 6600 6663 6486
f 6634 6546 6628
f 6616 6628 6546
f 6484 6505 6635
f 6617 6635 6505
f 6494 6533 6636
f 6618 6587 9974
f 6523 9652 6912
f 6619 6444 6524
f 6607 6619 6524
f 6524 6608 6684
f 6509 6550 6654
f 6550 6588 6654
f 6511 6741 6413
f 6511 6392 6831
f 6365 6881 6552
f 6655 6645 6611
f 6685 6577 6705
f 6554 6657 6513
f 6578 6514 6658
f 6487 6624 6623
f 6599 6659 6782
f 6803 6517 6580
f 6558 6733 6647
f 6669 6604 6501
f 6714 6502 6630
f 6502 6559 6630
f 6632 6543 6544
f 6573 6605 6631
f 6605 6561 6682
f 6825 6695 6582
f 6652 6668 6504
f 6504 6583 6652
f 6662 6667 6569
f 6840 6570 6614
f 6708 6585 6615
f 6615 6486 6663
f 6523 6738 6563
f 6576 6444 6641
f 6445 6564 6702
f 6423 6728 6436
f 6423 6552 6742
f 6656 6655 6426
f 6646 6612 6515
f 6519 6455 6627
f 6786 6627 6455
f 9759 6568 9757
f 6572 6683 6670
f 6633 6631 6672
f 6561 6562 6682
f 6677 6639 9974
f 6639 9767 6618
f 6563 6738 6818
f 6738 6523 6912
f 6608 6445 6700
f 6642 6703 6594
f 6753 6535 6772
f 6719 6549 6773
f 6721 6773 6549
f 6549 6595 6721
f 6704 6527 6528
f 6528 6741 6704
f 6590 6596 6726
f 6577 6513 6705
f 6657 6705 6513
f 6625 6624 6487
f 6541 6760 6593
f 6732 6498 6469
f 6469 6744 6732
f 6566 6837 6660
f 6481 6586 6710
f 6586 6482 6664
f 6601 6664 6482
f 6617 6602 6679
f 6636 6679 6602
f 6602 6494 6636
f 6534 6763 6799
f 6631 6605 9964
f 6695 6682 6562
f 6651 6650 6417
f 6698 6651 6545
f 6750 6652 6583
f 9981 6677 9974
f 6700 6445 6702
f 6535 6753 6642
f 6595 6509 6653
f 6654 6588 6849
f 6704 6495 6527
f 6832 6756 6448
f 6644 6448 6620
f 6821 6621 6590
f 6726 6821 6590
f 6727 6728 6757
f 6742 6552 6881
f 6591 6673 6758
f 6656 6597 6729
f 6554 6578 6657
f 6538 6658 6514
f 6759 6598 6555
f 6647 6733 6661
f 9758 6733 6568
f 6840 6662 6570
f 6708 6840 6614
f 6710 6600 6481
f 6484 6635 6693
f 6617 6679 6843
f 6618 6765 6587
f 6563 6818 6606
f 6912 9652 6717
f 6619 6641 6444
f 6654 6653 6509
f 6448 6644 6832
f 6611 6645 6673
f 6775 6729 6597
f 6685 6775 6597
f 6578 6658 6686
f 6623 6624 6555
f 6923 6555 6624
f 6624 6625 6781
f 6852 6613 6592
f 6803 6580 6675
f 6580 6540 6675
f 6688 6498 6732
f 6744 6660 6761
f 6710 6709 6600
f 6664 6710 6586
f 6799 6712 6533
f 6534 6747 6763
f 6638 6765 6618
f 6545 6668 6698
f 6501 6604 6750
f 6714 6630 6649
f 6630 6543 6715
f 6633 6770 6632
f 9767 6639 6665
f 6457 6648 6699
f 6671 6543 6632
f 6632 6770 6671
f 9964 6605 6713
f 6605 6682 6713
f 6491 6749 6825
f 6691 6778 6747
f 6747 6584 6691
f 6667 6691 6584
f 6666 6707 6667
f 6663 6796 6615
f 6780 6678 6575
f 6575 6634 6780
f 6746 6780 6634
f 6628 6746 6634
f 6693 6616 6484
f 6843 6635 6617
f 6636 6533 6712
f 6681 6637 6603
f 6735 6681 6603
f 6603 6587 6735
f 6689 6665 6639
f 6640 6606 6737
f 6755 6723 6476
f 6476 6609 6755
f 6863 6831 6643
f 6742 6728 6423
f 6687 6538 6539
f 6598 6687 6579
f 6625 6612 6706
f 6612 6646 6706
f 6835 6557 6674
f 6803 6592 6517
f 6760 6540 6593
f 6676 6626 6743
f 6626 6581 6743
f 6761 6785 6744
f 6911 6786 6499
f 6499 6647 6911
f 6457 6699 6669
f 6648 6670 6699
f 6671 6715 6543
f 6770 6633 6672
f 6650 6651 6697
f 6737 6771 6640
f 6716 6737 6606
f 6654 6754 6653
f 6723 6588 6476
f 6495 6755 6609
f 6794 6644 6620
f 6724 6794 6620
f 6766 6705 6657
f 6730 6686 6658
f 6802 6646 6599
f 6599 6782 6802
f 6782 6659 6731
f 6659 6557 6731
f 6966 6743 6581
f 6691 6667 6707
f 6796 6692 6615
f 6600 6709 6663
f 6601 6571 6779
f 6765 6694 6587
f 6690 6665 6689
f 6662 6666 6667
f 6692 6708 6615
f 6575 6779 6571
f 6682 6695 6895
f 6805 6604 6669
f 6699 6805 6669
f 6751 6683 6714
f 6606 6818 6716
f 6607 6641 6619
f 6739 6684 6752
f 6700 6752 6684
f 6702 6564 6703
f 6703 6642 6819
f 6862 6819 6642
f 6723 6849 6588
f 6755 6495 7072
f 6536 6726 6596
f 6536 6622 6864
f 6880 6864 6622
f 6727 6880 6622
f 6610 6881 6365
f 6658 6538 6730
f 6687 6730 6538
f 6783 6731 6557
f 6557 6835 6783
f 6836 6676 6743
f 6689 6639 6734
f 6690 6762 6665
f 6664 6601 6779
f 6678 6780 6869
f 6843 6693 6635
f 6712 6711 6636
f 6680 6637 6764
f 6808 6764 6637
f 6637 6681 6808
f 6694 6735 6587
f 6713 6682 6844
f 6491 6629 6696
f 6650 6696 6629
f 6715 6649 6630
f 6739 6792 6607
f 6700 6702 6701
f 6722 6754 6654
f 6849 6722 6654
f 6741 6511 6831
f 6831 6863 7073
f 6657 6578 6800
f 6965 6852 6592
f 6966 6581 6885
f 6817 6885 6581
f 6581 6688 6817
f 6688 6732 6817
f 6744 6785 6784
f 6837 6761 6660
f 6838 6911 6647
f 6734 6777 6689
f 6662 6840 6891
f 6796 6663 6811
f 6664 6745 6710
f 6678 6779 6575
f 6843 6814 6693
f 6825 6895 6695
f 6696 6749 6491
f 6697 6651 6896
f 6651 6698 6896
f 7002 6698 6668
f 6792 6641 6607
f 6752 6793 6739
f 6701 6752 6700
f 6703 6718 6702
f 6642 6753 6977
f 6741 6831 6830
f 6673 6645 6822
f 6800 6766 6657
f 6686 6730 6801
f 6598 6815 6687
f 6816 6835 6674
f 6613 6852 6816
f 6592 6803 6965
f 6760 6675 6540
f 6541 6676 6836
f 6627 6837 6566
f 6786 6949 6627
f 6661 6838 6647
f 6762 6776 9769
f 6798 6663 6709
f 6745 6798 6709
f 6709 6710 6745
f 6616 6693 6947
f 6814 6947 6693
f 6711 6679 6636
f 6898 6765 6638
f 6736 6898 6638
f 9964 6713 6748
f 6826 6750 6604
f 6751 6670 6683
f 6769 6751 6649
f 6649 6715 6769
f 9976 6770 6672
f 6701 6702 6718
f 6773 6720 6719
f 6849 6723 6740
f 6724 6725 6820
f 6902 6758 6673
f 6822 6902 6673
f 6645 6833 6822
f 6578 6686 6800
f 6815 6730 6687
f 6884 6923 6624
f 6624 6781 6884
f 6802 6706 6646
f 6783 7044 6731
f 6837 6627 6949
f 6776 9774 9769
f 6807 6777 6734
f 6762 6690 6824
f 6690 6777 6861
f 6691 6707 6906
f 6708 6692 6840
f 6745 6664 6841
f 6779 6841 6664
f 6767 6748 6713
f 6713 6844 6767
f 6805 6826 6604
f 6714 6649 6751
f 6788 6912 6717
f 6717 6641 6788
f 6718 6703 6790
f 6642 6977 6862
f 6720 6773 6991
f 6829 6704 6741
f 6741 6830 6829
f 6645 6655 6833
f 6598 6759 6866
f 6555 6923 6759
f 6836 6760 6541
f 6796 6919 6692
f 6779 6678 6812
f 6780 6746 6842
f 6746 6628 6842
f 6905 6711 6712
f 6712 6799 6905
f 6778 6763 6747
f 6809 6681 6735
f 6735 6694 6809
f 6810 6809 6694
f 6765 6810 6694
f 6844 6682 6768
f 6652 7002 6668
f 6845 6652 6750
f 6750 6826 6845
f 6805 6699 6915
f 6846 6715 6671
f 6827 6846 6671
f 6671 6770 6827
f 6716 6818 7065
f 6793 6752 6789
f 6719 6720 6978
f 6722 6917 6754
f 7072 6723 6755
f 6832 6589 6756
f 6794 6724 6820
f 6791 6621 6821
f 6757 6728 6774
f 6728 6742 6774
f 7028 6881 6610
f 6729 6775 6850
f 6851 9727 6685
f 6685 6705 6851
f 6759 6923 6834
f 6733 9758 6968
f 6861 6824 6690
f 6778 6691 6906
f 6906 6707 6854
f 6870 6854 6707
f 6707 6666 6870
f 6853 6870 6666
f 6666 6662 6853
f 6662 6891 6853
f 6919 6840 6692
f 6843 6679 7013
f 6679 6711 7013
f 6680 6764 9966
f 6810 6765 6898
f 6848 6898 6736
f 9582 6766 6800
f 6815 6883 6730
f 6866 6815 6598
f 6803 6675 6924
f 6743 6983 6836
f 6784 6732 6744
f 6925 6661 6733
f 6733 6968 6925
f 6895 6768 6682
f 6896 6857 6697
f 6897 6699 6670
f 6670 6751 6897
f 6846 6769 6715
f 6827 6770 9976
f 6787 6839 6771
f 6771 6737 6787
f 6788 6926 6912
f 6739 6793 6792
f 6701 6789 6752
f 6773 6721 6991
f 6653 6721 6595
f 6828 6495 6704
f 6878 6863 6589
f 6589 6832 6878
f 6725 6621 6879
f 6621 6791 6879
f 6864 6726 6536
f 6727 6757 7026
f 6959 7028 6610
f 6775 6685 6850
f 9727 6850 6685
f 9582 6851 6705
f 9774 6776 6875
f 6776 6888 6823
f 6776 6762 6888
f 6762 6824 6804
f 6861 6777 6806
f 6807 6806 6777
f 6811 6663 6797
f 6798 6797 6663
f 6841 6798 6745
f 6812 6841 6779
f 6812 6678 6962
f 6869 6962 6678
f 6628 6616 6813
f 6947 6813 6616
f 6963 6799 6763
f 6847 6808 6681
f 6924 6965 6803
f 7035 6818 6738
f 6912 7035 6738
f 6641 6792 6788
f 6819 6790 6703
f 6772 6719 6978
f 6653 6754 6917
f 7072 6495 6828
f 6880 6727 7026
f 6742 6881 6774
f 6610 6758 6959
f 6902 6959 6758
f 6850 6795 6729
f 6823 6875 6776
f 6804 6888 6762
f 6748 6767 6856
f 6650 6697 6929
f 9610 6788 6792
f 6753 6772 6978
f 6829 6828 6704
f 7027 6774 6881
f 6902 6822 6960
f 6833 6940 6822
f 6841 6868 6798
f 6799 6963 6905
f 6964 6963 6763
f 6763 6778 6964
f 6681 6809 6847
f 6908 6800 6686
f 6801 6908 6686
f 6834 6922 6759
f 6706 6802 7017
f 7104 7017 6802
f 6948 7104 6802
f 6802 6782 6948
f 6969 6787 6737
f 6737 6716 6969
f 6767 6844 6856
f 6873 6844 6768
f 6895 6825 6928
f 6696 6650 6929
f 6857 6929 6697
f 6848 6899 6898
f 6842 6869 6780
f 9582 6800 6865
f 6908 6865 6800
f 6884 6781 7016
f 6782 6731 6948
f 6981 7044 6783
f 6783 6835 6981
f 7018 6885 6817
f 6817 6732 7018
f 6784 7018 6732
f 7034 6949 6786
f 6701 6718 6877
f 6862 6901 6819
f 6644 6794 6832
f 6794 6820 6957
f 6940 6960 6822
f 6861 9984 6890
f 6768 6895 6927
f 6928 6825 6749
f 6929 6749 6696
f 6897 6915 6699
f 6769 6931 6751
f 6809 6810 6933
f 6871 6894 6848
f 9610 6792 6867
f 6876 6789 6701
f 6701 6877 6876
f 6790 6877 6718
f 6916 6862 6977
f 6978 6977 6753
f 6829 6830 6938
f 6820 6725 7222
f 6879 7222 6725
f 6908 6801 6909
f 6801 6883 6909
f 6999 6982 6852
f 6852 6965 6999
f 6887 6911 6838
f 6838 6661 6887
f 6787 9760 6839
f 6891 6840 6903
f 6840 6919 6903
f 6919 6796 6942
f 6811 6942 6796
f 6868 6841 6944
f 6842 6628 6813
f 6814 6843 6994
f 7013 6994 6843
f 6856 6844 6873
f 6845 6826 6951
f 6915 6826 6805
f 6952 6931 6769
f 6846 6952 6769
f 6846 6827 6874
f 9966 7047 6893
f 6764 6808 7047
f 6847 6809 7025
f 6898 6933 6810
f 6894 6899 6848
f 6872 9771 6934
f 6901 6790 6819
f 6991 6721 7070
f 6722 6849 6937
f 7222 6957 6820
f 6958 6791 6821
f 6821 6726 6958
f 6864 6958 6726
f 6655 6795 6882
f 6866 6883 6815
f 6922 6866 6759
f 7017 7016 6706
f 6835 6816 7171
f 6982 6816 6852
f 6761 6837 6886
f 6818 7035 7065
f 6792 6793 6867
f 6797 6798 6943
f 6868 6943 6798
f 6945 6944 6841
f 6841 6812 6945
f 6962 6869 6946
f 6778 6906 6892
f 6855 9794 9792
f 9794 6855 9784
f 6856 6873 9967
f 6927 6873 6768
f 6749 6929 6971
f 6915 7004 6826
f 6931 6986 6751
f 6858 9778 6935
f 9943 6935 9778
f 6859 6860 9763
f 6890 6824 6861
f 6916 6901 6862
f 7048 7070 6721
f 6721 6653 7048
f 6917 7048 6653
f 6849 6740 6937
f 6830 6831 7049
f 6831 7073 7049
f 6940 6833 7075
f 6833 6655 7075
f 6882 7075 6655
f 9582 6865 6921
f 7016 7084 6884
f 6948 6731 7032
f 7171 6981 6835
f 6743 6966 7173
f 6967 7018 6784
f 6785 6761 7061
f 7062 7061 6761
f 6661 6925 7112
f 6789 7021 6793
f 6876 9765 6789
f 6941 7011 6855
f 6855 9792 6941
f 6942 7012 6919
f 7077 6946 6869
f 6869 6842 7077
f 6906 6854 6907
f 9791 6907 6854
f 6854 6870 9791
f 7039 6808 6847
f 7025 7039 6847
f 6871 6872 6934
f 9771 9766 6934
f 6824 7024 6804
f 6913 6890 9984
f 7002 6652 7003
f 6897 6985 6915
f 6897 6751 6986
f 6935 7001 6858
f 7066 6860 6875
f 6900 6876 6877
f 6877 6790 6936
f 6829 6938 7258
f 6939 6863 6878
f 6757 6774 7074
f 7027 6881 6992
f 7028 6992 6881
f 6909 6980 6908
f 6883 6866 6998
f 7084 6923 6884
f 6966 6885 7033
f 6886 7062 6761
f 6786 6911 7063
f 7000 6887 6661
f 6661 7112 7000
f 6787 6969 7086
f 6912 6926 6970
f 6867 7020 9610
f 6789 9765 6950
f 6823 7066 6875
f 6853 6891 6918
f 6996 6918 6891
f 6891 6903 6996
f 6904 6811 6943
f 6811 6797 6943
f 6943 6868 6920
f 6962 6945 6812
f 6892 6964 6778
f 6894 6871 6954
f 6873 6914 9967
f 6927 6895 6928
f 6896 6698 6930
f 6698 7002 6930
f 6951 7003 6652
f 6652 6845 6951
f 7004 6951 6826
f 6972 6985 6897
f 6986 6972 6897
f 6953 6952 6846
f 6846 6874 6953
f 6874 9963 6953
f 7039 6987 6808
f 6933 6975 6809
f 6933 6898 6989
f 6898 6899 6989
f 6955 6954 6871
f 6900 6877 7007
f 6937 7071 6722
f 6828 6829 7008
f 7258 7008 6829
f 7073 6863 7221
f 7161 6958 6864
f 7040 6941 9792
f 6903 6919 6961
f 6942 6811 6904
f 6892 6906 7099
f 6907 7099 6906
f 6932 6893 7047
f 6921 6865 7030
f 6865 6908 6980
f 7044 7032 6731
f 6983 6910 6836
f 6743 7173 7045
f 7035 6912 6970
f 7009 9949 9958
f 7001 7015 6976
f 6976 6858 7001
f 6935 9943 9944
f 6823 6888 6984
f 6857 6896 6930
f 6931 6952 6973
f 6936 7007 6877
f 6790 6901 6990
f 7008 7072 6828
f 6939 7221 6863
f 7095 6832 6794
f 6864 6880 7202
f 7026 7202 6880
f 7040 6993 6941
f 6996 6903 6961
f 6919 7012 6961
f 6907 9791 9780
f 6921 9724 9582
f 7030 6865 6980
f 6883 7014 6909
f 6923 7084 6834
f 7104 7152 7017
f 7297 6675 6760
f 6836 7297 6760
f 6983 6743 7045
f 6785 6967 6784
f 6886 6837 6949
f 7063 7034 6786
f 7019 7063 6911
f 6911 6887 7019
f 9626 7112 6925
f 6925 6968 9626
f 9625 9760 7086
f 9760 6787 7086
f 6716 7065 6969
f 7020 6867 7021
f 6867 6793 7021
f 7037 6890 6913
f 9968 7037 6913
f 7046 6914 6873
f 6873 6927 7046
f 6928 7046 6927
f 6929 6857 7118
f 6857 6930 7118
f 6985 7004 6915
f 6931 6973 6986
f 7005 6973 6952
f 6974 7047 6808
f 6989 6975 6933
f 6899 6894 6989
f 7122 6989 6894
f 6901 6916 6990
f 7071 7048 6917
f 6878 6832 6939
f 7052 6939 6832
f 6957 7222 7050
f 7053 6960 6940
f 9945 7011 7010
f 6993 7011 6941
f 7040 9779 9789
f 7029 7012 6942
f 6904 7029 6942
f 6868 6944 6920
f 6813 6947 7165
f 6963 6995 6905
f 6979 6963 6964
f 7014 6883 6997
f 6816 6982 7171
f 6836 6910 7297
f 6949 7034 6886
f 6789 6950 7022
f 6950 9777 7022
f 6888 6889 6984
f 7024 6889 6804
f 6971 6928 6749
f 7118 6971 6929
f 7025 6809 6975
f 6954 7122 6894
f 6955 7091 6954
f 7001 6935 7057
f 6900 9770 6876
f 7093 6936 6790
f 6790 6990 7093
f 6916 6977 7069
f 7324 6991 7070
f 6938 6830 7049
f 7339 6794 6957
f 6959 6902 7108
f 6945 6962 7041
f 6946 7041 6962
f 6842 6813 7042
f 6711 6905 7078
f 6995 7078 6905
f 6979 6995 6963
f 6964 6892 6979
f 7099 6979 6892
f 7146 7099 6907
f 7033 7173 6966
f 6968 9625 9626
f 7086 7064 9625
f 7066 6823 7036
f 6984 7036 6823
f 6889 7024 7023
f 6890 7024 6824
f 6952 6953 7005
f 7006 7005 6953
f 6974 6808 6987
f 7122 6954 7091
f 6976 7015 6956
f 9944 7057 6935
f 7069 6990 6916
f 6977 6978 7069
f 6978 6720 7200
f 6991 7200 6720
f 7218 7070 7048
f 6740 7178 6937
f 7095 7052 6832
f 7139 7161 6864
f 7026 6757 7096
f 7074 7096 6757
f 7009 9945 7010
f 9788 6996 6961
f 6904 6943 7144
f 7129 7110 6943
f 6943 6920 7129
f 7042 6813 7165
f 6921 7079 9724
f 6980 6909 7126
f 7014 7126 6909
f 7060 6998 6866
f 6866 6922 7060
f 6922 6834 7060
f 7044 6981 7085
f 7033 6885 7018
f 7019 6887 7195
f 6887 7000 7195
f 7021 6789 7115
f 7022 7115 6789
f 7015 7001 7080
f 6914 7037 9968
f 6951 7004 7088
f 7004 6985 7089
f 6986 6973 7120
f 7177 6973 7005
f 7025 6975 7106
f 6989 7122 9578
f 7091 6955 7107
f 7047 7038 6932
f 6975 6989 7106
f 7200 7128 6978
f 7071 6937 7138
f 7028 6959 7051
f 6940 7075 7053
f 7097 9953 7009
f 7009 7010 7098
f 7144 6943 7110
f 7041 6944 6945
f 7077 6842 7042
f 7165 6947 7111
f 6814 7111 6947
f 6814 6994 7111
f 7078 7013 6711
f 7126 7124 6980
f 7102 6997 6998
f 6834 7084 7103
f 7087 7022 9777
f 9777 9768 7087
f 6956 7015 7192
f 9954 9948 7058
f 9770 6900 7127
f 7007 7127 6900
f 6936 7092 7007
f 7217 7069 6978
f 7128 7217 6978
f 6991 7324 7200
f 7027 7074 6774
f 7097 7009 7098
f 7011 6993 7109
f 7029 6904 7144
f 6920 6944 7129
f 7076 7129 6944
f 6946 7077 7183
f 7078 6994 7013
f 7030 6980 7123
f 7152 7130 7016
f 7016 7017 7152
f 7194 7085 6981
f 7269 7171 6982
f 7210 6982 6999
f 6999 6965 7210
f 7020 7021 7176
f 7023 7024 7117
f 7157 7117 7024
f 7024 6890 7157
f 7120 7189 6972
f 6972 6986 7120
f 7005 7006 7121
f 7038 7159 7006
f 7039 7025 7090
f 7305 7090 7025
f 7050 7222 7477
f 7053 7203 6960
f 7223 7140 7075
f 6882 7223 7075
f 7041 7076 6944
f 6994 7078 7145
f 7055 6995 6979
f 6979 7099 7055
f 7079 6921 7123
f 6921 7030 7123
f 9950 7126 7031
f 7192 7043 6956
f 7100 7015 7080
f 7056 7080 7001
f 7057 7056 7001
f 7193 7104 6948
f 7131 7230 6924
f 6924 6675 7131
f 6886 7034 7249
f 7063 7249 7034
f 7035 6970 7133
f 6984 7067 7036
f 6890 7037 7157
f 7068 7037 6914
f 6914 7046 7068
f 7046 6928 7068
f 6971 7118 7136
f 7119 7089 6985
f 6985 6972 7119
f 7189 7119 6972
f 7158 7120 6973
f 6973 7177 7158
f 6987 7039 7090
f 7025 6988 7305
f 7097 7142 9953
f 6993 7040 7162
f 7054 7162 7012
f 7012 7029 7054
f 7183 7041 6946
f 7100 7192 7015
f 7101 7056 7057
f 7149 7058 9948
f 7081 7149 9948
f 7060 7102 6998
f 7170 7060 6834
f 7130 7084 7016
f 7085 7032 7044
f 7154 7020 7114
f 7176 7114 7020
f 7066 7036 7134
f 6889 7023 7156
f 7135 7068 6928
f 6928 6971 7135
f 7234 7003 6951
f 7089 7088 7004
f 7159 7121 7006
f 7025 7106 6988
f 7106 6989 9578
f 7127 7007 7092
f 7069 7094 6990
f 7138 6937 7257
f 7178 7257 6937
f 7072 7008 7179
f 7050 7339 6957
f 6864 7202 7139
f 7027 6992 7309
f 7108 7051 6959
f 7203 6902 6960
f 9729 7223 6882
f 7216 7255 6936
f 7093 7216 6936
f 7094 7093 6990
f 7201 6740 6723
f 6723 7072 7201
f 6794 7339 7095
f 6879 6791 7259
f 6791 6958 7259
f 7202 7026 7096
f 7010 7011 7109
f 7144 7054 7029
f 7057 7058 7101
f 6997 7102 7169
f 6834 7103 7170
f 6675 7297 7131
f 7231 7033 7018
f 7153 7113 7086
f 7086 6969 7153
f 6969 7065 7212
f 7065 7035 7212
f 7133 7212 7035
f 7133 6970 7175
f 7067 6984 7155
f 7117 7156 7023
f 7136 7135 6971
f 7105 6930 7002
f 7002 7003 7105
f 7160 7159 7038
f 7038 7047 7160
f 7047 6974 7160
f 6987 7215 6974
f 7091 7107 7254
f 7092 6936 7255
f 7200 7238 7128
f 7218 7324 7070
f 7218 7048 7239
f 7071 7239 7048
f 7178 6740 7394
f 7201 7394 6740
f 7072 7179 7201
f 7073 7221 7476
f 7221 6939 7241
f 7339 7050 7477
f 7074 7275 7096
f 7261 6992 7028
f 7028 7051 7261
f 7203 7108 6902
f 7180 7203 7053
f 7140 7053 7075
f 7142 7141 9953
f 7109 7098 7010
f 6993 7162 7143
f 7184 7099 7146
f 7079 7123 7181
f 7124 7123 6980
f 7124 7126 7125
f 9782 7043 7265
f 7101 7058 7149
f 7082 7167 7081
f 6997 7169 7059
f 7151 7103 7084
f 7193 6948 7032
f 7173 7172 7045
f 7173 7033 7248
f 7018 6967 7231
f 7064 7086 7113
f 7115 7022 7087
f 7087 9768 7116
f 7067 7134 7036
f 7156 7155 6984
f 6984 6889 7156
f 7068 7197 7037
f 6951 7088 7234
f 7122 7091 7191
f 7069 7217 7290
f 7476 7049 7073
f 6939 7052 7241
f 7309 7074 7027
f 7141 7142 7182
f 7143 7109 6993
f 7054 7163 7162
f 7129 7076 7207
f 7041 7183 7263
f 7184 7055 7099
f 7185 9785 7166
f 7149 7148 7101
f 7167 7149 7081
f 7102 7060 7247
f 7151 7187 7103
f 7152 7104 7268
f 7193 7268 7104
f 7193 7032 7370
f 7085 7370 7032
f 7211 7210 6965
f 6965 6924 7211
f 7230 7211 6924
f 6910 6983 7132
f 6983 7045 7132
f 7045 7172 7132
f 6785 7188 6967
f 6785 7061 7188
f 7000 7112 7279
f 9747 7116 9764
f 9764 7134 9747
f 7136 7251 7135
f 7121 7177 7005
f 7236 7121 7159
f 7199 6987 7090
f 7090 7305 7199
f 7254 7191 7091
f 7340 7259 6958
f 7097 7098 7205
f 7144 7110 7164
f 7246 7183 7077
f 7042 7246 7077
f 7145 7165 7111
f 7111 6994 7145
f 6995 7055 7225
f 7186 7166 9782
f 7265 7186 9782
f 7265 7043 7226
f 7056 7101 7147
f 7083 7059 7168
f 7059 7169 7168
f 6981 7171 7194
f 7061 7062 7188
f 7232 7112 9626
f 6970 7154 7175
f 7176 7299 7114
f 7176 7021 7213
f 7021 7115 7213
f 7087 7213 7115
f 7117 7157 7196
f 7157 7037 7272
f 7197 7272 7037
f 7135 7197 7068
f 7136 7118 7214
f 7119 7088 7089
f 7160 6974 7215
f 7191 7137 7122
f 9723 7079 7181
f 7123 7124 7224
f 7125 7126 9950
f 7092 7323 7127
f 7093 7094 7216
f 7217 7128 7238
f 7222 6879 7422
f 7259 7422 6879
f 7621 7340 6958
f 6958 7161 7621
f 7096 7503 7202
f 7074 7309 7260
f 7261 7309 6992
f 7051 7108 7242
f 7053 7140 7180
f 7245 7054 7144
f 7164 7110 7206
f 7129 7206 7110
f 7225 7078 6995
f 7055 7184 7225
f 7147 7101 7148
f 7150 7167 7082
f 7168 7150 7082
f 7102 7247 7278
f 7229 7247 7060
f 7187 7170 7103
f 7297 7495 7131
f 7248 7033 7231
f 7188 7231 6967
f 7174 7064 7113
f 6969 7212 7153
f 7067 9747 7134
f 7214 7251 7136
f 7118 6930 7214
f 7236 7177 7121
f 6987 7199 7237
f 7254 9772 7289
f 7123 7327 7181
f 7224 7124 7125
f 7472 7216 7094
f 7094 7069 7290
f 7220 7258 6938
f 6938 7049 7220
f 7275 7503 7096
f 7223 7341 7140
f 9960 7125 9950
f 7205 7182 7142
f 7142 7097 7205
f 7098 7109 7243
f 7109 7143 7244
f 7144 7164 7245
f 7076 7041 7347
f 7263 7347 7041
f 7042 7165 7246
f 7208 7100 7080
f 7056 7208 7080
f 7148 7149 7294
f 7102 7278 7169
f 7060 7170 7229
f 7084 7130 7151
f 7173 7352 7172
f 7112 7232 7279
f 7175 7154 7281
f 7155 7156 7328
f 7196 7233 7117
f 6930 7105 7214
f 7252 7234 7088
f 7088 7119 7285
f 7119 7189 7335
f 7160 7236 7159
f 7160 7215 7321
f 7237 7215 6987
f 7092 7255 7362
f 7408 7291 7095
f 7095 7339 7408
f 7108 7203 7325
f 7181 7271 9723
f 7271 7181 7327
f 7224 7327 7123
f 7182 7204 7141
f 7143 7162 7311
f 7163 7311 7162
f 7347 7207 7076
f 7184 7146 7276
f 7192 7226 7043
f 7209 7149 7167
f 7150 7295 7167
f 7495 7230 7131
f 7248 7352 7173
f 7249 7062 6886
f 7249 7063 7354
f 7250 7063 7019
f 7019 7195 7250
f 7195 7000 7371
f 7279 7371 7000
f 7213 7087 9744
f 7155 7328 7067
f 7233 7156 7117
f 7272 7196 7157
f 7329 7105 7003
f 7003 7234 7329
f 7285 7252 7088
f 7189 7120 7287
f 7158 7287 7120
f 7158 7177 7287
f 6988 7106 7190
f 7106 9578 7190
f 9602 7190 9578
f 9578 7137 9602
f 7094 7290 7307
f 7238 7200 7380
f 7179 7008 7240
f 7052 7095 7291
f 7242 7108 7325
f 7180 7292 7203
f 7365 7292 7180
f 7205 7098 7243
f 7245 7163 7054
f 7206 7129 7207
f 7183 7246 7348
f 7264 7145 7078
f 7078 7225 7264
f 7276 7225 7184
f 7208 7192 7100
f 7294 7147 7148
f 7295 7209 7167
f 7295 7150 7227
f 7150 7168 7228
f 7169 7228 7168
f 7266 7169 7278
f 7267 7151 7130
f 7194 7171 7411
f 7171 7269 7411
f 7188 7062 7413
f 7174 7113 7270
f 7356 7212 7133
f 7287 7286 7189
f 7287 7177 7235
f 7236 7235 7177
f 7274 7236 7160
f 7306 7199 7305
f 9602 7137 7322
f 7345 7245 7164
f 7206 7345 7164
f 7263 7183 7348
f 7276 7146 7185
f 7277 7166 7186
f 7150 7228 7227
f 7266 7228 7169
f 7388 7231 7188
f 7250 7354 7063
f 7371 7250 7195
f 7283 7328 7156
f 7156 7233 7283
f 7198 7272 7197
f 7197 7135 7198
f 7135 7251 7198
f 7214 7273 7251
f 7252 7285 7303
f 7335 7285 7119
f 7335 7189 7286
f 7218 7239 7219
f 7008 7258 7240
f 7490 7220 7049
f 7242 7261 7051
f 9959 7224 7125
f 7204 7182 7310
f 7243 7109 7366
f 7109 7244 7366
f 7185 7166 7277
f 7208 7056 7147
f 7149 7209 7333
f 7130 7152 7268
f 7387 7132 7172
f 7352 7387 7172
f 7133 7175 7280
f 7196 7300 7233
f 7302 7273 7214
f 7214 7105 7302
f 7237 7288 7215
f 7378 7237 7199
f 7199 7306 7378
f 7253 7322 7137
f 7137 7191 7253
f 7254 7253 7191
f 7362 7323 7092
f 7255 7216 7256
f 7308 7290 7217
f 7238 7308 7217
f 7364 7238 7380
f 7239 7071 7474
f 7138 7474 7071
f 7337 7476 7221
f 7221 7241 7337
f 7291 7241 7052
f 7140 7365 7180
f 7223 9722 7341
f 7182 7205 7395
f 7243 7262 7205
f 7311 7244 7143
f 7344 7311 7163
f 7246 7165 7368
f 7145 7264 7331
f 7192 7208 7385
f 7315 7247 7229
f 7229 7170 7315
f 7267 7187 7151
f 7268 7267 7130
f 7463 7085 7194
f 7355 7279 7232
f 7280 7356 7133
f 7281 7280 7175
f 7400 7317 7213
f 9744 7400 7213
f 7067 7328 7416
f 7300 7484 7233
f 7196 7272 7320
f 7198 7251 7301
f 7252 7329 7234
f 7274 7235 7236
f 6988 7190 7360
f 7253 7254 7336
f 7307 7472 7094
f 7308 7238 7435
f 7364 7435 7238
f 7219 7239 7474
f 7477 7222 7422
f 7341 7365 7140
f 7395 7310 7182
f 7395 7205 7262
f 7293 7344 7163
f 7163 7245 7293
f 7206 7207 7424
f 7276 7264 7225
f 7277 7276 7185
f 7186 7265 7332
f 7208 7147 7313
f 7333 7294 7149
f 7278 7247 7314
f 7396 7314 7247
f 7396 7247 7315
f 7170 7316 7315
f 7268 7193 7462
f 7386 7269 6982
f 6982 7210 7386
f 7334 7386 7210
f 7210 7211 7334
f 7353 7413 7062
f 7270 7113 7483
f 7299 7176 7317
f 7176 7213 7317
f 7282 7318 9747
f 9747 7067 7282
f 7416 7282 7067
f 7272 7198 7357
f 7251 7273 7301
f 7284 7329 7252
f 7303 7284 7252
f 7287 7235 7376
f 7274 7160 7321
f 7304 7321 7215
f 7487 7305 6988
f 7289 7336 7254
f 7256 7362 7255
f 7472 7256 7216
f 7453 7200 7420
f 7324 7420 7200
f 7324 7218 7330
f 7260 7275 7074
f 7424 7345 7206
f 7346 7424 7207
f 7207 7347 7346
f 7348 7347 7263
f 7349 7368 7165
f 7165 7145 7349
f 7331 7349 7145
f 7265 7226 7332
f 7385 7312 7226
f 7226 7192 7385
f 7227 7460 7295
f 7428 7187 7267
f 7462 7410 7268
f 7411 7463 7194
f 7211 7230 7334
f 7298 7397 6910
f 7132 7298 6910
f 7532 7387 7352
f 7062 7249 7353
f 7373 7153 7212
f 7212 7356 7373
f 7224 9959 7342
f 7283 7233 7484
f 7320 7300 7196
f 7302 7301 7273
f 7329 7302 7105
f 7288 7304 7215
f 7237 7378 7377
f 7487 7306 7305
f 7360 7487 6988
f 7380 7200 7453
f 7219 7330 7218
f 7474 7138 7525
f 7257 7525 7138
f 7475 7201 7179
f 7179 7240 7475
f 7476 7490 7049
f 7622 7139 7202
f 7202 7503 7622
f 7366 7262 7243
f 7383 7293 7245
f 7345 7383 7245
f 7384 7348 7246
f 7368 7384 7246
f 7542 7333 7209
f 7227 7228 7296
f 7228 7266 7296
f 7314 7266 7278
f 7398 7248 7231
f 7388 7398 7231
f 7465 7353 7249
f 7113 7153 7414
f 7373 7446 7153
f 7317 7399 7299
f 7320 7272 7468
f 7303 7285 7335
f 7286 7287 7376
f 7235 7274 7359
f 7304 7288 7402
f 7190 9603 7360
f 7289 7323 7336
f 7290 7308 7363
f 7257 7178 7551
f 7394 7551 7178
f 7240 7258 7501
f 7220 7501 7258
f 7635 7621 7161
f 7161 7139 7635
f 7327 7224 7342
f 7310 7395 7440
f 7366 7244 7367
f 7369 7331 7264
f 7264 7276 7369
f 7332 7277 7186
f 7208 7313 7385
f 7313 7147 7426
f 7294 7333 9609
f 7460 7209 7295
f 7444 7296 7266
f 7266 7314 7444
f 7481 7316 7170
f 7187 7481 7170
f 7267 7268 7410
f 7370 7085 7482
f 6910 7495 7297
f 7328 7283 7319
f 7301 7302 7392
f 7237 7377 7288
f 7336 7323 7379
f 7434 7472 7307
f 7338 7337 7241
f 7241 7291 7338
f 7552 7309 7261
f 7242 7552 7261
f 7203 7292 7608
f 7343 9951 7204
f 7204 7310 7343
f 7382 7343 7310
f 7311 7367 7244
f 7460 7227 7351
f 7412 7352 7248
f 7413 7388 7188
f 7413 7353 7496
f 7249 7354 7465
f 7371 7279 7389
f 7355 7389 7279
f 7483 7372 7270
f 7153 7446 7414
f 7429 7356 7280
f 7282 7431 7318
f 7416 7328 7515
f 7357 7468 7272
f 7393 7392 7302
f 7376 7335 7286
f 7362 7379 7323
f 7472 7407 7256
f 7363 7307 7290
f 7330 7420 7324
f 7475 7394 7201
f 7325 7203 7437
f 7439 7438 7365
f 7365 7341 7439
f 7478 7326 7271
f 7271 7327 7409
f 7327 7342 7409
f 7328 7319 7515
f 7302 7329 7393
f 7329 7284 7375
f 7376 7432 7335
f 7359 7376 7235
f 7377 7402 7288
f 7404 9603 7322
f 7322 7253 7404
f 7253 7336 7361
f 7407 7362 7256
f 7307 7363 7434
f 7476 7337 7454
f 7291 7408 7421
f 7552 7260 7309
f 7478 9728 7326
f 7409 7478 7271
f 9951 7343 7381
f 7311 7344 7455
f 7350 7369 7276
f 7276 7277 7350
f 7277 7332 7350
f 7332 7226 7312
f 7147 7294 7426
f 7542 9609 7333
f 7398 7412 7248
f 7250 7535 7354
f 7399 7430 7281
f 7431 7282 9748
f 7320 7468 7374
f 7468 7357 7390
f 7357 7198 7391
f 7301 7391 7198
f 7301 7392 7358
f 7375 7393 7329
f 7284 7303 7449
f 7303 7335 7401
f 7335 7432 7401
f 7274 7321 7486
f 7419 7486 7321
f 7321 7304 7419
f 7402 7377 7606
f 7361 7404 7253
f 7361 7336 7379
f 7525 7257 7500
f 7551 7500 7257
f 7526 7475 7240
f 7608 7437 7203
f 7455 7367 7311
f 7425 7346 7347
f 7347 7348 7425
f 7384 7479 7348
f 7458 7350 7332
f 7209 7460 7459
f 7427 7444 7314
f 7314 7396 7427
f 7428 7481 7187
f 7577 7462 7193
f 7193 7370 7577
f 7352 7412 7532
f 7414 7483 7113
f 7430 7467 7281
f 7484 7319 7283
f 7300 7320 7374
f 7391 7390 7357
f 7449 7375 7284
f 7401 7449 7303
f 7274 7486 7359
f 7487 7360 7433
f 7360 9603 7433
f 7379 7406 7361
f 7362 7406 7379
f 7491 7552 7242
f 7538 7242 7325
f 7438 7292 7365
f 7409 7342 7554
f 7395 7262 7440
f 7262 7366 7440
f 7293 7571 7344
f 7441 7571 7293
f 7293 7383 7441
f 7479 7425 7348
f 7349 7331 7457
f 7331 7369 7457
f 7542 7209 7459
f 7315 7316 7494
f 7410 7461 7267
f 7482 7577 7370
f 7463 7482 7085
f 7495 6910 7397
f 7467 7429 7280
f 7280 7281 7467
f 9748 7282 7447
f 7416 7447 7282
f 7391 7301 7358
f 7448 7393 7375
f 9603 7404 7403
f 7551 7394 7436
f 7421 7338 7291
f 7341 9726 7439
f 9725 7439 9726
f 7381 7343 9570
f 7343 7382 9570
f 7440 7382 7310
f 7383 7345 7456
f 7424 7456 7345
f 7368 7349 7493
f 7350 7457 7369
f 7413 7398 7388
f 7465 7496 7353
f 7250 7371 7535
f 7372 7466 7355
f 7429 7373 7356
f 7417 7515 7319
f 7319 7484 7417
f 7468 7390 7485
f 7393 7358 7392
f 7450 7432 7376
f 7376 7359 7450
f 7359 7418 7546
f 7359 7486 7418
f 7402 7419 7304
f 7565 7378 7306
f 9603 7403 7433
f 7406 7405 7361
f 7406 7362 7452
f 7407 7452 7362
f 7435 7364 7550
f 7330 7219 7489
f 7474 7489 7219
f 7342 7492 7554
f 7455 7440 7366
f 7367 7455 7366
f 7571 7423 7344
f 7456 7424 7541
f 7457 7493 7349
f 7385 7313 7442
f 7427 7396 7445
f 7396 7315 7445
f 7386 7334 7464
f 7230 7543 7334
f 7132 7387 7531
f 7535 7465 7354
f 7355 7579 7389
f 7497 7414 7446
f 7467 7430 7537
f 7430 7399 7563
f 7317 7400 7415
f 7400 9752 7415
f 7515 7545 7416
f 7516 7484 7300
f 7300 7374 7516
f 7469 7485 7390
f 7390 7391 7469
f 7449 7448 7375
f 7432 7450 7471
f 7377 7378 7498
f 7565 7498 7378
f 7405 7404 7361
f 7405 7406 7451
f 7473 7363 7308
f 7435 7473 7308
f 7502 7421 7408
f 7408 7339 7502
f 7339 7477 7648
f 7538 7491 7242
f 7382 7440 7505
f 7441 7383 7456
f 7384 7368 7493
f 7507 7458 7332
f 7332 7312 7507
f 7312 7385 7480
f 7313 7426 7443
f 7509 7351 7296
f 7296 7444 7509
f 7462 7461 7410
f 7512 7411 7269
f 7269 7386 7512
f 7543 7464 7334
f 7298 7132 7641
f 7531 7641 7132
f 7532 7531 7387
f 7372 7483 7466
f 7536 7466 7483
f 7483 7414 7497
f 7317 7563 7399
f 7545 7447 7416
f 7519 7358 7393
f 7647 7306 7487
f 7433 7403 7566
f 7473 7434 7363
f 7420 7330 7489
f 7648 7502 7339
f 7259 7583 7422
f 7503 7275 7504
f 7275 7260 7567
f 7608 7292 7636
f 7346 7541 7424
f 7457 7350 7573
f 7350 7458 7558
f 7442 7480 7385
f 7443 7442 7313
f 7528 9609 7529
f 9609 7542 7529
f 7315 7494 7445
f 7316 7481 7494
f 7428 7267 7510
f 7511 7510 7267
f 7267 7461 7511
f 7495 7543 7230
f 7398 7533 7412
f 7371 7389 7514
f 7355 7466 7579
f 7563 7537 7430
f 7358 7469 7391
f 7393 7448 7519
f 7470 7449 7401
f 7547 7402 7606
f 7647 7565 7306
f 7404 7405 7488
f 7451 7488 7405
f 7451 7406 7452
f 7473 9592 7434
f 7727 7394 7475
f 7337 7338 7774
f 7597 7635 7139
f 7139 7622 7597
f 7325 7437 7538
f 7438 7439 7568
f 9728 7478 7539
f 9570 7555 7381
f 7609 9570 7382
f 7540 7440 7455
f 7455 7344 7423
f 7493 7479 7384
f 7480 7507 7312
f 7351 7508 7460
f 7444 7427 7509
f 7481 7428 7494
f 7482 7463 7613
f 7535 7371 7513
f 7514 7513 7371
f 7389 7579 7514
f 7616 7497 7446
f 7446 7373 7616
f 7415 7563 7317
f 7520 7516 7374
f 7374 7468 7520
f 7485 7469 7518
f 7448 7449 7470
f 7401 7432 7470
f 7471 7470 7432
f 7546 7450 7359
f 7486 7546 7418
f 7407 7524 7452
f 7499 7434 9592
f 7380 7453 7620
f 7501 7526 7240
f 7490 7476 7634
f 7552 7567 7260
f 7505 7609 7382
f 7541 7586 7456
f 7541 7346 7527
f 7346 7425 7527
f 7425 7479 7527
f 7507 7558 7458
f 7459 7460 7508
f 7600 7445 7494
f 7461 7462 7576
f 7462 7577 7576
f 7639 7386 7464
f 7397 7626 7495
f 7533 7532 7412
f 7534 7398 7413
f 7413 7560 7534
f 7615 7496 7465
f 7561 7579 7466
f 7536 7580 7466
f 7429 7467 7660
f 9743 7563 7415
f 7517 7520 7468
f 7485 7517 7468
f 7519 7448 7521
f 7448 7470 7521
f 7471 7593 7470
f 7471 7450 7522
f 7498 7606 7377
f 7566 7487 7433
f 7581 7403 7404
f 7488 7581 7404
f 7407 7472 7524
f 7472 7434 7524
f 7499 7524 7434
f 7620 7364 7380
f 7740 7436 7394
f 7394 7727 7740
f 7706 7501 7220
f 7490 7706 7220
f 7774 7454 7337
f 7568 7636 7292
f 7292 7438 7568
f 7570 7539 7478
f 7478 7409 7570
f 7556 7505 7440
f 7440 7540 7556
f 7423 7540 7455
f 7506 7527 7479
f 7479 7493 7506
f 7442 7443 7681
f 7589 7508 7351
f 7509 7427 7599
f 7427 7445 7638
f 7669 7600 7494
f 7510 7494 7428
f 7613 7577 7482
f 7639 7512 7386
f 7640 7639 7464
f 7495 7625 7543
f 7397 7298 7626
f 7513 7602 7535
f 7616 7373 7698
f 7373 7429 7698
f 7545 7515 7594
f 7515 7417 7591
f 7417 7484 7617
f 7484 7516 7617
f 7592 7517 7485
f 7592 7485 7518
f 7469 7358 7564
f 7546 7522 7450
f 7546 7486 7523
f 7673 7473 7435
f 7550 7673 7435
f 7453 7420 7633
f 7489 7633 7420
f 7489 7474 7819
f 7774 7687 7454
f 7477 7422 7583
f 7583 7259 7666
f 7259 7340 7666
f 7568 7439 7569
f 7555 9570 7585
f 7441 7456 7586
f 7598 7506 7493
f 7572 7598 7493
f 7493 7457 7572
f 7573 7572 7457
f 7759 7480 7442
f 7530 7542 7459
f 7509 7589 7351
f 7599 7624 7509
f 7638 7599 7427
f 7511 7461 7576
f 7626 7625 7495
f 7580 7561 7466
f 7497 7536 7483
f 7522 7618 7471
f 7566 7403 7549
f 7403 7581 7549
f 7550 7364 7632
f 7525 7819 7474
f 7475 7526 7727
f 7741 7634 7476
f 7476 7454 7741
f 7338 7421 7607
f 7340 7621 7666
f 9725 7569 7439
f 7539 7553 9728
f 7554 7584 7409
f 7652 7540 7423
f 7557 7573 7350
f 7350 7558 7557
f 7528 7681 7443
f 7508 7530 7459
f 7624 7589 7509
f 7613 7463 7614
f 7559 7614 7463
f 7463 7411 7559
f 7411 7512 7559
f 7641 7531 7578
f 7534 7533 7398
f 7537 7660 7467
f 7604 7537 7563
f 9748 7447 7735
f 7515 7591 7594
f 7358 7519 7564
f 7735 7447 7544
f 7545 7544 7447
f 7595 7564 7519
f 7519 7521 7595
f 7546 7523 7646
f 7486 7419 7703
f 7547 7419 7402
f 7547 7606 7671
f 7452 7524 7631
f 7473 7673 7619
f 7454 7687 7741
f 7583 7648 7477
f 7504 7275 7567
f 7552 7491 7675
f 7528 7529 7575
f 7542 7575 7529
f 7532 7578 7531
f 7413 7496 7560
f 7536 7497 7603
f 7617 7591 7417
f 7564 7518 7469
f 7593 7702 7521
f 7593 7471 7618
f 7487 7566 7548
f 7620 7664 7364
f 7633 7620 7453
f 7665 7727 7526
f 7706 7526 7501
f 7421 7502 7607
f 7491 7538 7709
f 7691 7538 7437
f 7437 7608 7691
f 7650 7555 7585
f 7651 7585 9570
f 7441 7586 7653
f 7654 7586 7541
f 7541 7527 7654
f 7587 7612 7527
f 7527 7506 7587
f 7574 7558 7507
f 7507 7480 7574
f 7480 7759 7680
f 7530 7575 7542
f 7638 7445 7600
f 7576 7577 7590
f 7464 7543 7640
f 7626 7298 7753
f 7641 7753 7298
f 7615 7560 7496
f 7603 7580 7536
f 7702 7595 7521
f 7522 7546 7646
f 7486 7703 7523
f 7628 7703 7419
f 7419 7547 7628
f 7548 7647 7487
f 7499 7631 7524
f 7632 7364 7664
f 7633 7489 7818
f 7489 7819 7818
f 7500 7551 7674
f 7436 7674 7551
f 7538 7691 7676
f 7649 7569 9725
f 7554 7677 7584
f 7650 7677 7555
f 7556 7540 7610
f 7571 7611 7423
f 7441 7678 7571
f 7527 7612 7654
f 7598 7587 7506
f 7530 7508 7731
f 7508 7589 7658
f 7600 7669 7761
f 7715 7578 7532
f 7465 7535 7601
f 7602 7601 7535
f 7660 7537 7562
f 7544 7545 7627
f 7594 7627 7545
f 7564 7595 7644
f 7723 7498 7565
f 7566 7549 7548
f 7663 7488 7451
f 7451 7452 7663
f 7631 7663 7452
f 7704 7819 7525
f 7525 7500 7704
f 7674 7704 7500
f 7490 7582 7706
f 7338 7793 7774
f 7338 7607 7793
f 7688 7502 7648
f 7504 7622 7503
f 7552 7675 7567
f 7609 7651 9570
f 7540 7652 7610
f 7572 7573 7679
f 7573 7557 7679
f 7695 7557 7558
f 7748 7558 7574
f 7680 7574 7480
f 7759 7442 7656
f 7696 7658 7589
f 7494 7510 7750
f 7577 7613 7733
f 7465 7601 7615
f 7579 7561 7717
f 7547 7671 7628
f 7671 7606 7763
f 7606 7498 7763
f 7549 7581 7629
f 7666 7689 7583
f 7743 7691 7608
f 7569 7649 7710
f 7623 7553 7539
f 7539 7570 7623
f 7678 7611 7571
f 7678 7441 7653
f 7587 7598 7612
f 7748 7695 7558
f 7637 7588 7575
f 7575 7530 7637
f 7799 7511 7576
f 7590 7577 7733
f 7514 7579 7814
f 7579 7717 7845
f 7580 7717 7561
f 7683 7594 7591
f 7592 7518 7643
f 7596 7702 7593
f 7683 7627 7594
f 7516 7520 7701
f 7564 7644 7643
f 7702 7644 7595
f 7548 7549 7629
f 7581 7488 7630
f 7663 7630 7488
f 7582 7490 7707
f 7634 7707 7490
f 7607 7502 7688
f 7767 7570 7409
f 7584 7767 7409
f 7505 7556 7758
f 7610 7758 7556
f 7744 7610 7652
f 7611 7652 7423
f 7746 7612 7598
f 7598 7572 7746
f 7624 7599 7697
f 7750 7669 7494
f 7590 7799 7576
f 7640 7543 7682
f 7785 7682 7543
f 7532 7533 7715
f 7659 7560 7615
f 7845 7814 7579
f 7698 7718 7616
f 7618 7522 7645
f 7646 7645 7522
f 7763 7498 7723
f 7565 7647 7723
f 7647 7548 7755
f 7739 7499 9592
f 9592 7619 7739
f 7636 7743 7608
f 7668 7636 7568
f 9569 7651 7609
f 7609 7505 9569
f 7586 7654 7653
f 7442 7681 7656
f 7624 7696 7589
f 7559 7512 7857
f 7625 7785 7543
f 7578 7715 7822
f 7560 7659 7716
f 7513 7514 7814
f 7717 7580 7786
f 7603 7786 7580
f 7762 7698 7429
f 7591 7617 7683
f 7661 7701 7520
f 7662 7661 7520
f 7520 7517 7662
f 7517 7592 7662
f 7643 7662 7592
f 7518 7564 7643
f 7605 7618 7645
f 7581 7630 9618
f 7673 7550 7726
f 7632 7726 7550
f 7688 7648 7742
f 7709 7675 7491
f 7709 7538 7676
f 9606 7649 9725
f 7767 7623 7570
f 7692 7650 7585
f 7585 7651 7692
f 7655 7746 7572
f 7679 7655 7572
f 7681 7588 7657
f 7530 7731 7713
f 7731 7508 7784
f 7658 7784 7508
f 7697 7696 7624
f 7761 7638 7600
f 7714 7510 7511
f 7642 7602 7513
f 7660 7762 7429
f 7537 7604 7562
f 7699 7562 7604
f 7604 9750 7699
f 7702 7596 7605
f 7646 7523 7738
f 7703 7738 7523
f 7724 7755 7548
f 7548 7629 7724
f 7705 7665 7526
f 7526 7706 7705
f 7634 7741 7792
f 7689 7648 7583
f 7667 7621 7635
f 7635 7597 7667
f 7569 7668 7568
f 7553 7623 7711
f 7612 7746 7693
f 7679 7557 7694
f 7588 7637 7730
f 7713 7730 7637
f 7637 7530 7713
f 7714 7511 7799
f 7752 7639 7640
f 7682 7752 7640
f 7682 7785 7871
f 7626 7913 7625
f 7641 7578 7753
f 7534 7560 7716
f 7615 7601 7659
f 7642 7513 7814
f 7720 7735 7544
f 7544 7627 7720
f 7837 7684 7617
f 7617 7516 7837
f 7701 7837 7516
f 7645 7646 7827
f 7738 7827 7646
f 7670 7738 7703
f 7628 7671 7722
f 7755 7723 7647
f 7663 7631 7672
f 7725 7739 7619
f 7619 7673 7725
f 7620 7633 7904
f 7792 7707 7634
f 7906 7622 7504
f 7649 9606 7778
f 7830 7711 7623
f 7767 7830 7623
f 7745 7653 7654
f 7654 7612 7745
f 7693 7745 7612
f 7557 7695 7694
f 7574 7680 7749
f 7730 7657 7588
f 7658 7696 7844
f 7761 7760 7638
f 7714 7750 7510
f 7733 7613 7614
f 7559 7857 7614
f 7533 7534 7715
f 7601 7602 7659
f 7627 7683 7700
f 7721 7661 7662
f 7643 7644 7736
f 7644 7702 7737
f 7722 7703 7628
f 7685 9618 7630
f 7663 7686 7630
f 7818 7904 7633
f 7741 7687 7708
f 7766 7504 7567
f 7690 7766 7567
f 7776 7743 7636
f 7636 7668 7776
f 7584 7728 7767
f 7779 7712 7650
f 7759 7656 7821
f 7760 7697 7599
f 7599 7638 7760
f 7822 7753 7578
f 7642 7659 7602
f 7786 7603 7787
f 7603 7497 7754
f 7718 7754 7497
f 7497 7616 7718
f 7660 7562 7834
f 7562 7699 7719
f 9745 7699 9750
f 7684 7700 7683
f 7643 7721 7662
f 7671 7763 7862
f 9618 7685 7764
f 7686 7685 7630
f 7672 7686 7663
f 7739 7672 7631
f 7631 7499 7739
f 7688 7742 7943
f 7765 7666 7621
f 7621 7667 7765
f 7675 7690 7567
f 7584 7677 7728
f 7712 7728 7677
f 7779 7650 7692
f 7692 7651 9569
f 7678 7820 7611
f 7678 7653 7768
f 7655 7679 7747
f 7679 7694 7747
f 7574 7749 7748
f 7783 7656 7681
f 7657 7783 7681
f 7752 7857 7512
f 7512 7639 7752
f 7626 7753 7913
f 7858 7913 7753
f 7716 7813 7534
f 7700 7720 7627
f 7683 7617 7684
f 7788 7701 7661
f 7605 7645 7790
f 7771 7670 7703
f 7671 7862 7722
f 7708 7687 7829
f 7689 7742 7648
f 7757 7676 7691
f 7691 7743 7757
f 7710 7668 7569
f 7778 7710 7649
f 7711 7778 9606
f 7744 7797 7610
f 7611 7744 7652
f 7820 7678 7768
f 7866 7809 7653
f 7745 7866 7653
f 7769 7746 7655
f 7781 7747 7694
f 7729 7781 7694
f 7694 7695 7729
f 7695 7748 7729
f 7732 7761 7669
f 7736 7721 7643
f 7737 7736 7644
f 7702 7605 7737
f 7827 7790 7645
f 7703 7722 7771
f 7801 7722 7862
f 7763 7723 7918
f 7793 7607 7756
f 7607 7688 7756
f 7689 7666 7765
f 7794 7675 7709
f 7832 7748 7749
f 7782 7749 7680
f 7680 7759 7782
f 7844 7784 7658
f 7669 7750 7732
f 7751 7750 7714
f 7799 7751 7714
f 7799 7590 7812
f 7857 7733 7614
f 7682 7871 7752
f 7625 7913 7928
f 7800 7915 7715
f 7715 7534 7800
f 7734 7813 7716
f 7716 7659 7734
f 7754 7787 7603
f 7872 7719 7699
f 7699 9745 7872
f 7825 7735 7720
f 7700 7684 7770
f 7661 7721 7898
f 7905 7740 7727
f 7774 7829 7687
f 7906 7597 7622
f 7766 7906 7504
f 7775 7794 7709
f 7709 7676 7775
f 7797 7796 7610
f 7809 7768 7653
f 7693 7746 7769
f 7747 7769 7655
f 7735 7825 7816
f 7720 7700 7825
f 7898 7789 7661
f 7790 7737 7605
f 7790 7827 7817
f 7738 7670 7828
f 7723 7802 7918
f 7723 7755 7802
f 7839 7802 7755
f 7674 7436 7942
f 7436 7740 7942
f 7792 7741 7708
f 7676 7757 7795
f 7711 7830 7842
f 7729 7748 7832
f 7749 7782 7832
f 7730 7783 7657
f 7811 7844 7696
f 7590 7733 7812
f 7823 7734 7659
f 7659 7642 7823
f 7786 7787 7988
f 7736 7898 7721
f 7883 7764 7685
f 7726 7632 7873
f 7664 7873 7632
f 7664 7620 7805
f 7904 7805 7620
f 7665 7905 7727
f 7705 7706 7791
f 7806 7791 7706
f 7706 7582 7806
f 7707 7806 7582
f 7766 7690 7969
f 7795 7775 7676
f 7777 7668 7710
f 7710 7778 7777
f 7728 7712 7808
f 7779 7808 7712
f 7745 7693 7850
f 7769 7780 7693
f 7869 7782 7759
f 7821 7869 7759
f 7783 7730 7810
f 7730 7713 7810
f 7876 7713 7731
f 7784 7876 7731
f 7856 7761 7732
f 7733 7857 7926
f 7915 7822 7715
f 7813 7800 7534
f 7845 7717 7824
f 7834 7762 7660
f 7834 7562 7719
f 7825 7700 7916
f 7700 7770 7916
f 7789 7788 7661
f 7738 7828 7827
f 7900 7862 7763
f 7918 7900 7763
f 7685 7686 9585
f 7772 9585 7686
f 7804 7772 7672
f 7672 7739 7804
f 7739 7725 7804
f 7704 7674 7848
f 7942 7848 7674
f 7665 7705 7773
f 7791 7773 7705
f 7943 7968 7688
f 7690 7675 7969
f 7864 7830 7767
f 7956 7779 7692
f 7831 7956 7692
f 7692 9569 7831
f 7758 7610 7874
f 7798 7797 7744
f 7744 7611 7798
f 7611 7820 7798
f 7780 7850 7693
f 7888 7769 7747
f 7832 7781 7729
f 7876 7810 7713
f 7760 7854 7697
f 7878 7812 7733
f 7733 7926 7878
f 7785 7625 7928
f 7786 7824 7717
f 7787 7754 7815
f 7754 7718 7815
f 7718 7698 7815
f 7837 7846 7684
f 7839 7755 7724
f 7903 7725 7673
f 7726 7903 7673
f 7840 7819 7704
f 7793 7829 7774
f 7793 7756 7884
f 7841 7743 7776
f 7711 7842 7863
f 7767 7728 7808
f 7874 9569 7758
f 7850 7866 7745
f 7843 7780 7769
f 7891 7821 7656
f 7656 7783 7851
f 7854 7811 7696
f 7696 7697 7854
f 7854 7760 7855
f 7760 7761 7856
f 7642 7814 7823
f 7824 7786 7988
f 7815 7833 7787
f 7846 7770 7684
f 7898 7736 7826
f 7736 7737 7826
f 7801 7771 7722
f 7804 7803 7772
f 7829 7793 7807
f 7884 7807 7793
f 7756 7688 7968
f 7969 7906 7766
f 7775 7795 7954
f 7795 7757 7954
f 7743 7841 7757
f 7874 7831 9569
f 7796 7874 7610
f 7798 7820 7887
f 7889 7888 7747
f 7889 7747 7781
f 7750 7751 7732
f 7734 7879 7813
f 7988 7787 7833
f 7815 7698 7979
f 7698 7762 7979
f 7762 7834 7979
f 7898 7880 7789
f 7817 7838 7737
f 7724 7764 7963
f 7883 7963 7764
f 7903 7726 7873
f 7689 7991 7742
f 7797 7798 7965
f 7888 7843 7769
f 7891 7656 7851
f 7876 7784 7853
f 7760 7856 7855
f 7799 7893 7751
f 7799 7812 7893
f 7857 7752 7927
f 7871 7894 7752
f 7753 7822 7858
f 7996 7800 7813
f 7734 7823 7859
f 7929 7835 7834
f 7834 7719 7929
f 7933 7788 7789
f 7827 7939 7817
f 7847 7939 7827
f 7827 7828 7847
f 7801 7862 7899
f 7935 7904 7818
f 7818 7819 7935
f 7819 7840 7935
f 7848 7840 7704
f 7708 7921 7792
f 7991 7943 7742
f 7922 7906 7969
f 7675 7794 7969
f 7907 7777 7778
f 7863 7907 7778
f 7863 7842 7886
f 7808 7864 7767
f 7796 7797 7924
f 7965 7798 7887
f 7843 7867 7780
f 7781 7832 7868
f 7875 7890 7821
f 7821 7891 7875
f 7876 7870 7810
f 7928 7871 7785
f 7996 7915 7800
f 7813 7879 7996
f 7896 7895 7823
f 7814 7896 7823
f 7701 7788 7897
f 7789 7880 7933
f 7737 7838 7881
f 7940 7771 7801
f 7803 9585 7772
f 7805 7904 7985
f 7936 7942 7740
f 7740 7905 7936
f 7707 7792 7921
f 7849 7841 7776
f 7776 7668 7849
f 7668 7777 7849
f 7908 7830 7864
f 7971 7956 7831
f 7820 7768 7947
f 7809 7866 7865
f 7867 7850 7780
f 7832 7782 7925
f 7783 7810 7852
f 7870 7852 7810
f 7853 7784 7877
f 7784 7844 7877
f 7859 7879 7734
f 7845 7896 7814
f 7988 7860 7824
f 7835 7979 7834
f 7719 7872 7929
f 7836 7816 7861
f 7816 7825 7930
f 7770 7931 7916
f 7837 7701 8015
f 7897 8015 7701
f 7881 7826 7737
f 7838 7817 7939
f 7801 7899 7940
f 7963 7839 7724
f 7803 7804 7902
f 7804 7725 7902
f 7903 7902 7725
f 7873 7664 7920
f 7805 7920 7664
f 7791 7806 8043
f 7806 7707 7921
f 7765 7991 7689
f 7965 7924 7797
f 7768 7809 7947
f 7972 7865 7866
f 7869 7821 7890
f 7877 7844 7912
f 7844 7811 7912
f 7894 7927 7752
f 7915 7858 7822
f 7895 7859 7823
f 7846 7931 7770
f 7847 7828 7934
f 7828 7670 7917
f 9585 7901 7685
f 7849 7777 7993
f 7907 7993 7777
f 7874 7971 7831
f 7865 7947 7809
f 7925 7868 7832
f 7869 7925 7782
f 7851 7783 7949
f 7870 7876 7975
f 7877 7911 7853
f 7912 7811 7959
f 7854 7959 7811
f 7960 7855 7856
f 7892 7856 7732
f 7732 7751 7892
f 7927 7926 7857
f 7928 8013 7871
f 7913 7858 7978
f 7914 7978 7858
f 7915 7914 7858
f 7845 7824 7896
f 7966 7930 7825
f 7825 7916 7966
f 7846 7837 8015
f 7933 7897 7788
f 7917 7934 7828
f 7917 7670 7999
f 7670 7771 7999
f 7901 9585 8042
f 7902 8019 7803
f 7773 7905 7665
f 7921 8043 7806
f 7885 7969 7794
f 7794 7775 7885
f 7886 7907 7863
f 7908 7842 7830
f 7946 7808 7779
f 7867 7843 7948
f 7889 7781 7958
f 7781 7868 7958
f 7852 7949 7783
f 7824 7860 7896
f 7979 7835 7952
f 7989 7929 7872
f 7872 7836 7989
f 7836 7861 7989
f 7932 7931 7846
f 7881 7982 7826
f 7862 7900 7899
f 7882 7918 7802
f 7802 7839 7882
f 7963 7882 7839
f 7685 7901 7883
f 7923 7954 7757
f 7757 7841 7923
f 7907 7886 7945
f 7864 7808 7909
f 7947 7887 7820
f 7910 7925 7869
f 7890 7875 8011
f 8083 7891 7851
f 7949 8083 7851
f 7975 7876 7950
f 7853 7950 7876
f 7912 7911 7877
f 7959 7854 7951
f 7854 7855 7951
f 7833 7815 7937
f 7982 7898 7826
f 7939 7881 7838
f 7985 8061 7805
f 7991 8003 7943
f 7796 7964 7874
f 7866 7850 7972
f 7867 7948 7957
f 7843 7888 7948
f 7888 7889 7958
f 7869 7890 7910
f 7893 7812 8023
f 7878 8006 7812
f 7894 7871 8051
f 7961 7937 7815
f 7815 7979 7961
f 7835 7929 7938
f 7816 7930 7990
f 7982 7880 7898
f 7934 7939 7847
f 7934 7917 7983
f 7771 7940 7999
f 7899 7900 8008
f 7901 7963 7883
f 8019 7919 7803
f 7920 7805 8061
f 7985 7904 8091
f 7935 8091 7904
f 7773 7791 8078
f 8043 8078 7791
f 8045 7667 7597
f 7597 7906 8045
f 7944 8045 7906
f 7906 7922 7944
f 7841 7849 7923
f 7993 7907 7945
f 7886 7842 7955
f 7842 7908 7955
f 7909 7908 7864
f 7956 7946 7779
f 7867 7972 7850
f 7949 7852 8049
f 7870 8049 7852
f 7911 7950 7853
f 7960 7951 7855
f 7892 7960 7856
f 7893 7892 7751
f 8006 8023 7812
f 7977 7927 7894
f 8051 7977 7894
f 7978 7928 7913
f 7861 7816 7990
f 7953 7933 7880
f 7941 7900 7918
f 7903 7873 7984
f 8046 7944 7922
f 7885 7775 7992
f 8033 7923 7849
f 7946 7909 7808
f 7964 7971 7874
f 7965 8005 7924
f 8048 7958 7868
f 7910 7890 8082
f 7959 7951 7995
f 8013 8051 7871
f 8007 7914 7915
f 7896 7860 8056
f 7938 7952 7835
f 7929 7989 7938
f 7980 7989 7861
f 7990 7980 7861
f 7880 7982 7953
f 7934 7998 7939
f 7882 7941 7918
f 8019 7902 7967
f 7967 7902 7903
f 7903 7984 7967
f 7807 8059 7829
f 7807 7884 8030
f 7756 8030 7884
f 8003 8031 7943
f 7922 7969 8046
f 7993 8033 7849
f 7971 8010 7956
f 7796 7924 8004
f 8005 8004 7924
f 7958 7948 7888
f 8048 7868 7925
f 7925 7910 8048
f 7891 8083 7875
f 7911 7912 8084
f 7959 8012 7912
f 7995 7951 7960
f 7892 7893 8036
f 7977 7926 7927
f 8071 8007 7915
f 7915 7996 8071
f 7996 7879 7987
f 7879 7859 8052
f 8027 7988 7833
f 7916 7931 8028
f 7932 7846 7997
f 8015 7997 7846
f 8015 7897 8016
f 7998 7934 7962
f 7899 8008 7940
f 8044 7921 7708
f 7954 7992 7775
f 7954 7923 7986
f 8033 7986 7923
f 7955 7970 7886
f 7909 7946 8065
f 7957 7948 7973
f 7974 7973 7948
f 7948 7958 7974
f 8036 7960 7892
f 8036 7893 8023
f 8013 7928 8024
f 7859 7895 8052
f 7966 7916 8028
f 7932 8028 7931
f 7881 7939 7998
f 7934 8018 7962
f 7983 7917 7999
f 8000 7963 7901
f 8041 8000 7901
f 7935 7840 7848
f 8104 7765 7667
f 7667 8045 8104
f 7986 7992 7954
f 7945 7886 7970
f 7957 7972 7867
f 7994 7974 7958
f 7994 7958 8048
f 8012 8084 7912
f 7995 8012 7959
f 7878 7926 7976
f 7926 7977 7976
f 7914 8007 7978
f 7987 7879 8129
f 7895 7896 8026
f 8056 8026 7896
f 7937 8027 7833
f 8115 7990 7930
f 7966 8115 7930
f 7933 7953 7981
f 7998 7982 7881
f 8018 7934 7983
f 7941 8008 7900
f 7920 7984 7873
f 7848 7942 8058
f 7942 7936 8058
f 8059 8002 7829
f 7968 7943 8155
f 7909 8064 7908
f 8122 7946 7956
f 7956 8010 8122
f 8035 8005 7965
f 7887 8035 7965
f 7950 7911 8096
f 8084 8096 7911
f 7978 8024 7928
f 8052 8129 7879
f 7860 7988 8056
f 7961 7979 8110
f 7901 8042 8118
f 8063 8058 7936
f 7936 7905 8063
f 7905 7773 8063
f 7756 7968 8155
f 8155 7943 8031
f 8079 7991 7765
f 7765 8104 8079
f 8064 7955 7908
f 7964 8010 7971
f 7964 7796 8004
f 7947 8035 7887
f 8047 7947 7865
f 8111 7875 8083
f 8021 7995 7960
f 7960 8036 8021
f 7979 7952 8110
f 8073 7952 7938
f 7938 7989 8073
f 8017 8016 7897
f 7897 7933 8017
f 7933 7981 8017
f 7940 8008 7999
f 8000 7882 7963
f 7984 7920 8061
f 8001 8061 7985
f 8043 7921 8120
f 8030 8059 7807
f 7992 7986 8060
f 7986 8033 8060
f 7993 7945 8034
f 8093 7972 7957
f 7973 8093 7957
f 8111 8011 7875
f 8049 7870 8095
f 7975 8095 7870
f 8138 8006 7878
f 7878 7976 8138
f 8053 8056 7988
f 8027 8053 7988
f 8088 8073 7989
f 7989 7980 8088
f 8115 7966 8014
f 8028 8014 7966
f 7997 8089 7932
f 7998 7953 7982
f 8008 7941 8075
f 7935 7848 8101
f 8044 7708 8002
f 7708 7829 8002
f 8080 8033 7993
f 8034 8080 7993
f 8068 7865 7972
f 8095 7975 8107
f 8055 7975 7950
f 8096 8055 7950
f 8021 8036 8022
f 8013 8024 8108
f 8024 7978 8086
f 7996 7987 8114
f 8129 8165 7987
f 7990 8037 7980
f 7953 7998 8038
f 7999 8040 7983
f 8009 7941 7882
f 7882 8000 8009
f 8057 8009 8000
f 7967 7984 8029
f 8061 8077 7984
f 8091 7935 8062
f 8101 8062 7935
f 8058 8101 7848
f 8168 8063 7773
f 7773 8078 8168
f 8030 7756 8155
f 7991 8031 8003
f 8233 8045 7944
f 8060 8033 8032
f 8004 8020 7964
f 8035 8067 8005
f 7865 8068 8047
f 7910 8082 8048
f 8049 8083 7949
f 8138 8023 8006
f 7978 8007 8071
f 8071 7996 8114
f 8165 8114 7987
f 8052 7895 8025
f 8027 7937 8140
f 7961 8140 7937
f 8115 8037 7990
f 7953 8038 8098
f 8057 8000 8041
f 8019 7967 8029
f 8077 8029 7984
f 8120 7921 8044
f 8059 8030 8143
f 8103 8031 7991
f 8079 8103 7991
f 7969 7885 8046
f 7945 7970 8034
f 7909 8065 8092
f 8010 7964 8020
f 8020 8004 8145
f 8005 8067 8004
f 7974 7994 8094
f 7994 8048 8069
f 8055 8107 7975
f 8050 8084 8012
f 7995 8050 8012
f 8113 8036 8023
f 8071 8086 7978
f 8053 8027 8140
f 8072 8110 7952
f 7980 8037 8088
f 8028 8116 8014
f 8089 7997 8142
f 7981 7953 8098
f 8039 8018 7983
f 7999 8008 8186
f 8041 7901 8118
f 8118 8042 8076
f 7919 8019 8132
f 8029 8132 8019
f 8001 7985 8090
f 8091 8090 7985
f 8155 8102 8030
f 8066 8065 7946
f 8011 8111 8070
f 7995 8021 8182
f 7977 8051 8085
f 8073 8072 7952
f 7932 8116 8028
f 8054 8038 7998
f 8040 8039 7983
f 8167 7941 8009
f 8143 8030 8102
f 8080 8032 8033
f 8122 8010 8169
f 8106 8169 8010
f 8161 8047 8068
f 8093 8068 7972
f 7973 7974 8081
f 8094 8081 7974
f 8069 8094 7994
f 8082 7890 8188
f 8011 8188 7890
f 8050 7995 8182
f 8138 8113 8023
f 8138 7976 8164
f 7977 8085 8171
f 8051 8013 8108
f 8026 8025 7895
f 8026 8056 8109
f 8116 7932 8089
f 7997 8015 8142
f 8016 8142 8015
f 8040 7999 8186
f 8074 8186 8008
f 8074 8008 8075
f 8167 8075 7941
f 8009 8057 8167
f 8119 8076 8042
f 7919 8119 8042
f 8046 8133 7944
f 7970 7955 8105
f 8122 8066 7946
f 8020 8106 8010
f 8035 7947 8178
f 7947 8047 8178
f 8093 7973 8081
f 8171 7976 7977
f 8086 8108 8024
f 8056 8053 8087
f 8098 8017 7981
f 8098 8038 8148
f 8188 8011 8070
f 8184 8140 7961
f 8110 8184 7961
f 8016 8017 8142
f 8097 8142 8017
f 8017 8098 8097
f 8054 8148 8038
f 7962 8018 8099
f 8018 8131 8099
f 8039 8131 8018
f 8119 7919 8132
f 8063 8168 8268
f 8133 8233 7944
f 8046 7885 7992
f 8080 8034 8105
f 8034 7970 8105
f 8067 8145 8004
f 8118 8100 8041
f 8077 8061 8153
f 8001 8153 8061
f 8268 8058 8063
f 8120 8078 8043
f 8060 8032 8134
f 8064 8092 8121
f 8159 8135 8020
f 8020 8145 8159
f 8145 8067 8160
f 8067 8035 8205
f 8093 8161 8068
f 8069 8136 8094
f 8082 8069 8048
f 8083 8049 8126
f 8095 8126 8049
f 8022 8036 8137
f 8108 8085 8051
f 8109 8056 8087
f 8185 8110 8072
f 8073 8088 8130
f 8132 8029 8219
f 8029 8077 8174
f 8078 8124 8168
f 8002 8120 8044
f 8156 8105 7955
f 7955 8064 8157
f 8064 8121 8157
f 8093 8081 8125
f 8136 8125 8081
f 8094 8136 8081
f 8111 8083 8196
f 8083 8126 8196
f 8055 8096 8127
f 8189 8127 8096
f 8112 8096 8084
f 8050 8112 8084
f 8022 8182 8021
f 8036 8113 8137
f 8183 8129 8052
f 8052 8025 8183
f 8072 8073 8130
f 8077 8153 8174
f 8154 8090 8091
f 8062 8154 8091
f 8079 8104 8190
f 7992 8060 8176
f 8157 8156 7955
f 8135 8106 8020
f 8067 8205 8160
f 8125 8161 8093
f 8188 8070 8224
f 8249 8224 8070
f 8070 8111 8249
f 8096 8112 8189
f 8171 8164 7976
f 8128 8171 8085
f 8109 8172 8026
f 8166 8130 8088
f 8088 8037 8166
f 8089 8142 8227
f 8099 8148 8054
f 8099 8131 8117
f 8074 8075 8151
f 8075 8167 8123
f 8120 8124 8078
f 8262 8104 8045
f 8045 8233 8262
f 8134 8176 8060
f 8134 8032 8223
f 8092 8065 8248
f 8065 8066 8248
f 8146 8136 8069
f 8069 8082 8181
f 8188 8181 8082
f 8107 8055 8127
f 8108 8128 8085
f 8114 8165 8251
f 8165 8129 8192
f 8025 8026 8172
f 8184 8110 8194
f 8130 8185 8072
f 8115 8141 8037
f 8196 8249 8111
f 8137 8182 8022
f 8210 8137 8113
f 8211 8210 8113
f 8113 8138 8211
f 8183 8280 8129
f 8172 8139 8025
f 8193 8087 8053
f 8053 8140 8193
f 8194 8110 8185
f 8131 8039 8040
f 8075 8123 8151
f 8200 8100 8118
f 8076 8200 8118
f 8174 8219 8029
f 8001 8090 8153
f 8154 8062 8202
f 8120 8002 8175
f 8059 8175 8002
f 8059 8143 8187
f 8176 8144 7992
f 8223 8032 8080
f 8100 8057 8041
f 8232 8103 8079
f 8104 8262 8190
f 8159 8145 8204
f 8170 8161 8125
f 8125 8136 8170
f 8162 8196 8126
f 8095 8162 8126
f 8164 8171 8289
f 8192 8266 8165
f 8141 8166 8037
f 8116 8089 8215
f 8173 8097 8098
f 8098 8148 8173
f 8099 8149 8148
f 8150 8117 8131
f 8229 8150 8131
f 8131 8040 8229
f 8186 8229 8040
f 8151 8186 8074
f 8167 8057 8152
f 8062 8101 8202
f 8101 8058 8202
f 8222 8155 8031
f 8031 8103 8222
f 8079 8190 8232
f 8234 8233 8133
f 8046 7992 8191
f 8144 8191 7992
f 8177 8176 8134
f 8156 8080 8105
f 8237 8157 8121
f 8273 8066 8122
f 8178 8205 8035
f 8179 8178 8047
f 8047 8161 8179
f 8107 8162 8095
f 8127 8238 8107
f 8189 8112 8163
f 8182 8209 8050
f 8172 8109 8147
f 8184 8242 8140
f 8185 8130 8166
f 8099 8117 8149
f 8174 8153 8220
f 8168 8124 8203
f 8133 8046 8234
f 8177 8134 8223
f 8121 8092 8158
f 8248 8158 8092
f 8122 8169 8273
f 8146 8069 8276
f 8180 8276 8069
f 8181 8180 8069
f 8107 8238 8162
f 8171 8128 8279
f 8212 8086 8071
f 8071 8114 8212
f 8114 8251 8225
f 8192 8129 8280
f 8183 8025 8139
f 8147 8109 8226
f 8109 8087 8226
f 8193 8226 8087
f 8141 8115 8272
f 8014 8272 8115
f 8227 8142 8216
f 8097 8216 8142
f 8148 8149 8173
f 8153 8090 8220
f 8234 8046 8191
f 8158 8237 8121
f 8135 8169 8106
f 8239 8238 8127
f 8050 8163 8112
f 8182 8137 8197
f 8240 8128 8108
f 8108 8086 8240
f 8225 8212 8114
f 8242 8193 8140
f 8184 8194 8214
f 8272 8014 8199
f 8014 8116 8199
f 8116 8215 8199
f 8097 8173 8195
f 8149 8117 8228
f 8244 8123 8167
f 8167 8152 8244
f 8057 8100 8152
f 8203 8268 8168
f 8175 8284 8120
f 8143 8102 8245
f 8160 8204 8145
f 8178 8287 8205
f 8170 8179 8161
f 8276 8136 8146
f 8209 8250 8050
f 8197 8137 8210
f 8198 8211 8138
f 8138 8164 8198
f 8171 8279 8289
f 8266 8251 8165
f 8139 8256 8183
f 8147 8213 8172
f 8194 8185 8252
f 8228 8117 8150
f 8150 8229 8217
f 8281 8186 8151
f 8151 8123 8244
f 8119 8200 8076
f 8187 8175 8059
f 8285 8102 8155
f 8176 8177 8246
f 8223 8080 8236
f 8156 8236 8080
f 8206 8179 8170
f 8250 8163 8050
f 8289 8198 8164
f 8215 8089 8227
f 8173 8149 8292
f 8149 8228 8292
f 8186 8217 8229
f 8281 8217 8186
f 8100 8200 8260
f 8218 8200 8119
f 8132 8218 8119
f 8231 8090 8154
f 8058 8268 8253
f 8285 8245 8102
f 8177 8223 8246
f 8156 8157 8304
f 8273 8169 8269
f 8135 8269 8169
f 8178 8179 8287
f 8170 8136 8206
f 8264 8206 8136
f 8276 8264 8136
f 8181 8188 8207
f 8224 8207 8188
f 8127 8189 8239
f 8209 8182 8197
f 8240 8086 8212
f 8139 8172 8213
f 8243 8252 8185
f 8185 8166 8243
f 8258 8243 8166
f 8141 8258 8166
f 8195 8216 8097
f 8152 8100 8260
f 8219 8218 8132
f 8230 8219 8174
f 8202 8231 8154
f 8245 8187 8143
f 8155 8222 8285
f 8191 8286 8394
f 8235 8286 8191
f 8191 8144 8235
f 8144 8176 8235
f 8156 8304 8247
f 8237 8304 8157
f 8269 8135 8159
f 8204 8160 8263
f 8207 8180 8181
f 8209 8208 8250
f 8280 8266 8192
f 8280 8183 8256
f 8242 8226 8193
f 8252 8214 8194
f 8201 8220 8090
f 8231 8201 8090
f 8253 8202 8058
f 8203 8124 8221
f 8124 8120 8221
f 8284 8221 8120
f 8234 8191 8394
f 8287 8179 8270
f 8249 8196 8265
f 8196 8162 8265
f 8314 8239 8189
f 8198 8289 8315
f 8128 8240 8279
f 8226 8242 8241
f 8272 8258 8141
f 8244 8152 8283
f 8261 8260 8200
f 8218 8261 8200
f 8174 8220 8230
f 8245 8349 8187
f 8263 8343 8204
f 8206 8270 8179
f 8238 8265 8162
f 8189 8163 8314
f 8209 8197 8208
f 8277 8197 8210
f 8198 8255 8211
f 8251 8297 8225
f 8242 8184 8257
f 8214 8257 8184
f 8215 8309 8199
f 8151 8244 8259
f 8152 8260 8283
f 8236 8156 8247
f 8066 8273 8248
f 8159 8204 8343
f 8239 8306 8238
f 8267 8213 8147
f 8147 8226 8267
f 8272 8199 8323
f 8215 8227 8309
f 8195 8173 8291
f 8173 8292 8291
f 8292 8228 8367
f 8150 8367 8228
f 8230 8220 8355
f 8201 8355 8220
f 8348 8268 8203
f 8103 8232 8222
f 8374 8232 8190
f 8384 8262 8233
f 8233 8234 8384
f 8176 8246 8235
f 8223 8319 8246
f 8247 8319 8236
f 8205 8263 8160
f 8264 8275 8206
f 8224 8295 8207
f 8306 8265 8238
f 8277 8208 8197
f 8212 8225 8297
f 8256 8139 8271
f 8257 8241 8242
f 8272 8300 8258
f 8216 8309 8227
f 8259 8281 8151
f 8317 8202 8253
f 8221 8348 8203
f 8284 8175 8318
f 8302 8285 8222
f 8236 8319 8223
f 8269 8159 8274
f 8287 8263 8205
f 8275 8270 8206
f 8210 8211 8278
f 8280 8336 8266
f 8139 8213 8308
f 8213 8267 8322
f 8226 8241 8267
f 8252 8243 8299
f 8291 8216 8195
f 8281 8259 8324
f 8317 8231 8202
f 8175 8187 8318
f 8303 8222 8232
f 8232 8374 8303
f 8304 8254 8247
f 8276 8364 8264
f 8265 8288 8249
f 8306 8239 8344
f 8296 8250 8208
f 8255 8278 8211
f 8351 8345 8279
f 8256 8321 8280
f 8271 8321 8256
f 8308 8271 8139
f 8298 8267 8241
f 8241 8257 8298
f 8214 8252 8299
f 8300 8299 8243
f 8243 8258 8300
f 8309 8323 8199
f 8217 8310 8150
f 8244 8282 8259
f 8316 8260 8261
f 8318 8187 8349
f 8349 8245 8311
f 8301 8311 8245
f 8245 8285 8301
f 8190 8262 8374
f 8235 8246 8370
f 8246 8319 8370
f 8273 8269 8274
f 8274 8159 8343
f 8270 8275 8320
f 8364 8275 8264
f 8224 8249 8288
f 8239 8314 8344
f 8163 8250 8314
f 8278 8277 8210
f 8289 8279 8345
f 8279 8240 8351
f 8240 8212 8334
f 8266 8297 8251
f 8283 8282 8244
f 8327 8253 8268
f 8221 8284 8368
f 8158 8248 8293
f 8248 8273 8293
f 8263 8287 8305
f 8180 8294 8276
f 8180 8207 8295
f 8288 8265 8313
f 8306 8313 8265
f 8208 8277 8296
f 8315 8255 8198
f 8212 8297 8334
f 8299 8290 8214
f 8300 8272 8323
f 8291 8292 8354
f 8361 8367 8150
f 8218 8316 8261
f 8341 8218 8219
f 8219 8230 8341
f 8230 8355 8341
f 8393 8355 8201
f 8231 8393 8201
f 8384 8374 8262
f 8363 8293 8273
f 8295 8294 8180
f 8224 8288 8295
f 8278 8255 8307
f 8289 8345 8315
f 8240 8334 8351
f 8266 8336 8335
f 8321 8336 8280
f 8322 8308 8213
f 8310 8361 8150
f 8324 8217 8281
f 8326 8317 8253
f 8253 8327 8326
f 8318 8368 8284
f 8394 8384 8234
f 8254 8319 8247
f 8274 8363 8273
f 8287 8270 8312
f 8320 8312 8270
f 8313 8295 8288
f 8331 8296 8277
f 8271 8308 8337
f 8353 8216 8291
f 8354 8360 8291
f 8367 8354 8292
f 8268 8348 8327
f 8302 8301 8285
f 8303 8302 8222
f 8304 8237 8328
f 8158 8328 8237
f 8343 8376 8274
f 8294 8364 8276
f 8350 8314 8250
f 8277 8278 8332
f 8297 8266 8346
f 8335 8346 8266
f 8214 8298 8257
f 8340 8283 8260
f 8394 8286 8420
f 8286 8235 8362
f 8254 8304 8328
f 8312 8305 8287
f 8313 8306 8365
f 8250 8296 8350
f 8333 8255 8315
f 8404 8333 8315
f 8345 8351 8357
f 8321 8271 8358
f 8407 8337 8308
f 8352 8299 8300
f 8323 8338 8300
f 8323 8309 8366
f 8309 8216 8353
f 8360 8353 8291
f 8340 8282 8283
f 8260 8316 8340
f 8349 8342 8318
f 8362 8420 8286
f 8362 8235 8370
f 8328 8158 8329
f 8158 8293 8329
f 8376 8363 8274
f 8364 8320 8275
f 8350 8344 8314
f 8277 8332 8331
f 8307 8332 8278
f 8345 8404 8315
f 8334 8297 8372
f 8358 8271 8337
f 8308 8322 8407
f 8359 8322 8267
f 8298 8359 8267
f 8290 8299 8408
f 8352 8300 8338
f 8217 8324 8339
f 8282 8373 8259
f 8325 8340 8316
f 8316 8218 8325
f 8348 8221 8368
f 8303 8374 8382
f 8343 8263 8377
f 8305 8377 8263
f 8313 8378 8295
f 8346 8372 8297
f 8346 8335 8437
f 8336 8321 8347
f 8298 8214 8391
f 8290 8391 8214
f 8408 8299 8352
f 8338 8323 8366
f 8353 8366 8309
f 8217 8339 8310
f 8341 8325 8218
f 8430 8393 8231
f 8430 8231 8317
f 8326 8430 8317
f 8410 8326 8327
f 8370 8319 8386
f 8330 8377 8305
f 8305 8312 8330
f 8294 8371 8364
f 8294 8295 8356
f 8378 8356 8295
f 8383 8306 8344
f 8388 8344 8350
f 8396 8296 8331
f 8334 8372 8351
f 8359 8407 8322
f 8259 8373 8324
f 8311 8369 8349
f 8293 8363 8329
f 8377 8376 8343
f 8344 8388 8383
f 8396 8350 8296
f 8307 8255 8389
f 8255 8333 8379
f 8345 8357 8404
f 8358 8347 8321
f 8381 8358 8337
f 8338 8446 8352
f 8413 8282 8340
f 8327 8348 8410
f 8401 8410 8348
f 8371 8403 8364
f 8395 8313 8365
f 8306 8383 8365
f 8332 8396 8331
f 8307 8389 8332
f 8379 8389 8255
f 8335 8336 8390
f 8347 8390 8336
f 8359 8298 8391
f 8408 8391 8290
f 8354 8367 8400
f 8392 8413 8340
f 8392 8340 8325
f 8393 8341 8355
f 8342 8349 8369
f 8394 8385 8384
f 8319 8254 8460
f 8328 8460 8254
f 8329 8411 8328
f 8329 8363 8402
f 8403 8312 8320
f 8320 8364 8403
f 8404 8357 8380
f 8337 8407 8381
f 8366 8353 8406
f 8400 8367 8418
f 8368 8401 8348
f 8368 8318 8342
f 8382 8374 8431
f 8375 8420 8362
f 8370 8375 8362
f 8294 8356 8387
f 8412 8383 8388
f 8437 8335 8398
f 8390 8398 8335
f 8390 8347 8416
f 8338 8366 8399
f 8366 8406 8399
f 8361 8418 8367
f 8373 8450 8324
f 8460 8386 8319
f 8371 8294 8387
f 8395 8378 8313
f 8396 8388 8350
f 8379 8333 8443
f 8414 8380 8357
f 8472 8357 8351
f 8351 8372 8472
f 8424 8472 8372
f 8372 8346 8424
f 8347 8358 8405
f 8391 8408 8483
f 8446 8338 8399
f 8448 8353 8360
f 8360 8354 8448
f 8310 8339 8428
f 8324 8450 8339
f 8411 8460 8328
f 8456 8432 8329
f 8402 8456 8329
f 8376 8402 8363
f 8376 8377 8402
f 8330 8312 8457
f 8471 8365 8383
f 8333 8463 8443
f 8346 8397 8424
f 8437 8397 8346
f 8405 8416 8347
f 8358 8381 8417
f 8445 8417 8381
f 8448 8406 8353
f 8361 8310 8428
f 8325 8341 8392
f 8386 8375 8370
f 8411 8329 8432
f 8377 8330 8433
f 8378 8387 8356
f 8400 8448 8354
f 8392 8341 8419
f 8341 8393 8419
f 8368 8342 8459
f 8477 8302 8303
f 8374 8384 8431
f 8384 8385 8431
f 8402 8377 8433
f 8457 8421 8330
f 8387 8403 8371
f 8434 8387 8378
f 8396 8332 8423
f 8333 8404 8463
f 8357 8472 8414
f 8416 8405 8426
f 8381 8407 8445
f 8359 8391 8440
f 8483 8440 8391
f 8408 8352 8446
f 8476 8446 8399
f 8428 8418 8361
f 8452 8419 8393
f 8393 8430 8452
f 8401 8368 8485
f 8342 8369 8459
f 8453 8459 8369
f 8369 8311 8454
f 8311 8301 8454
f 8303 8382 8477
f 8382 8431 8477
f 8375 8386 8469
f 8421 8433 8330
f 8458 8312 8403
f 8442 8403 8387
f 8378 8395 8434
f 8383 8412 8471
f 8388 8396 8412
f 8423 8412 8396
f 8487 8332 8389
f 8463 8404 8380
f 8435 8424 8397
f 8397 8437 8435
f 8415 8435 8437
f 8398 8390 8438
f 8416 8438 8390
f 8405 8358 8427
f 8483 8408 8441
f 8409 8476 8399
f 8399 8406 8409
f 8400 8418 8449
f 8413 8373 8282
f 8453 8369 8454
f 8510 8301 8302
f 8457 8312 8458
f 8422 8395 8365
f 8426 8405 8427
f 8484 8409 8406
f 8449 8448 8400
f 8435 8415 8444
f 8466 8445 8407
f 8407 8359 8466
f 8446 8441 8408
f 8428 8339 8467
f 8451 8413 8392
f 8420 8385 8394
f 8460 8411 8455
f 8432 8455 8411
f 8433 8421 8524
f 8442 8458 8403
f 8365 8471 8422
f 8487 8423 8332
f 8424 8464 8472
f 8429 8430 8326
f 8326 8410 8429
f 8491 8410 8401
f 8459 8485 8368
f 8460 8469 8386
f 8434 8495 8387
f 8389 8379 8487
f 8488 8463 8380
f 8380 8414 8488
f 8358 8417 8427
f 8475 8427 8417
f 8439 8475 8417
f 8417 8445 8439
f 8447 8484 8406
f 8406 8448 8447
f 8450 8467 8339
f 8392 8419 8451
f 8419 8452 8451
f 8429 8452 8430
f 8516 8429 8410
f 8491 8516 8410
f 8302 8477 8510
f 8420 8375 8468
f 8468 8375 8469
f 8433 8523 8402
f 8494 8524 8421
f 8421 8457 8494
f 8495 8442 8387
f 8434 8395 8422
f 8379 8443 8461
f 8436 8444 8415
f 8440 8466 8359
f 8521 8450 8373
f 8413 8521 8373
f 8485 8491 8401
f 8510 8454 8301
f 8385 8420 8468
f 8456 8402 8523
f 8524 8523 8433
f 8487 8379 8461
f 8463 8462 8443
f 8414 8472 8488
f 8424 8425 8464
f 8425 8435 8481
f 8435 8444 8481
f 8473 8415 8437
f 8398 8473 8437
f 8398 8438 8474
f 8438 8416 8465
f 8445 8466 8482
f 8442 8495 8470
f 8412 8423 8528
f 8529 8528 8423
f 8423 8487 8529
f 8464 9649 8472
f 8473 8436 8415
f 8496 8474 8438
f 8438 8465 8496
f 8416 8426 8465
f 8426 8427 8465
f 8497 8465 8427
f 8498 8497 8427
f 8475 8498 8427
f 8482 8439 8445
f 8447 8448 8508
f 8449 8418 8499
f 8418 8428 8499
f 8521 8413 8451
f 8501 8451 8452
f 8452 8429 8516
f 8485 8459 8492
f 8503 8494 8457
f 8457 8458 8503
f 8467 8499 8428
f 8450 8509 8467
f 8431 8385 8511
f 8469 8460 8478
f 8512 8478 8460
f 8455 8512 8460
f 8470 8458 8442
f 8517 8471 8412
f 8480 8461 8443
f 8443 8462 8480
f 8463 8488 8513
f 8534 8514 8472
f 9649 8534 8472
f 8481 8530 8425
f 8444 8436 8506
f 8436 8473 8489
f 8474 8473 8398
f 8439 8549 8475
f 8476 8531 8446
f 8448 8449 8508
f 8499 8467 8500
f 8509 8500 8467
f 8450 8521 8509
f 8452 8516 8501
f 8385 8468 8542
f 8468 8469 8478
f 8434 8422 8479
f 8517 8422 8471
f 8528 8517 8412
f 8513 8462 8463
f 8514 8488 8472
f 8444 8506 8505
f 8483 8563 8440
f 8441 8446 8531
f 8451 8501 8490
f 8492 8459 8551
f 8459 8453 8551
f 8486 8551 8453
f 8453 8454 8486
f 8511 8477 8431
f 8478 8542 8468
f 8512 8455 8493
f 8432 8493 8455
f 8432 8456 8493
f 8523 8493 8456
f 8524 8494 8525
f 8503 8458 8526
f 8470 8526 8458
f 8495 8434 8479
f 8461 8480 8519
f 8462 8519 8480
f 8505 8530 8481
f 8481 8444 8505
f 8562 8506 8436
f 8436 8489 8562
f 8489 8473 8474
f 8497 8496 8465
f 8520 8498 8475
f 8439 8482 8536
f 8466 8536 8482
f 8466 8440 8563
f 8484 8447 8507
f 8499 8508 8449
f 8565 8541 8451
f 8451 8490 8565
f 8511 8385 8542
f 8479 8422 8527
f 8518 8529 8487
f 8487 8461 8518
f 8504 8518 8461
f 8533 8462 8513
f 8489 8474 8515
f 8496 8515 8474
f 8549 8520 8475
f 8536 8549 8439
f 8441 8563 8483
f 8476 8409 8531
f 8409 8484 8507
f 8447 8508 8507
f 8521 8451 8541
f 8491 8485 8543
f 8486 8454 8510
f 8510 8477 8522
f 8511 8522 8477
f 8502 8525 8494
f 8494 8503 8502
f 8470 8495 8544
f 8479 8544 8495
f 8527 8422 8517
f 8504 8461 8519
f 8545 8513 8488
f 8515 8562 8489
f 8496 8497 8535
f 8498 8535 8497
f 8550 8507 8508
f 8508 8499 9562
f 8499 8500 9562
f 8540 8509 8521
f 8492 8543 8485
f 8526 8502 8503
f 8526 8470 8544
f 8535 8515 8496
f 8441 8574 8563
f 8531 8574 8441
f 8409 8507 8538
f 8508 9562 8550
f 8500 8509 8539
f 8569 8516 8491
f 8588 8551 8486
f 8522 8486 8510
f 8522 8511 8552
f 8527 8517 8583
f 8519 8462 8571
f 8545 8533 8513
f 8488 8546 8545
f 8488 8514 8546
f 8530 8505 8556
f 8557 8505 8506
f 8506 8562 8557
f 8547 8535 8498
f 8498 8548 8547
f 8520 8548 8498
f 8563 8536 8466
f 8531 8409 8537
f 8409 8538 8537
f 8501 8516 8490
f 8516 8569 8580
f 8511 8542 8581
f 8542 8478 8581
f 8493 8523 8570
f 8502 8582 8525
f 8479 8527 8532
f 8518 8504 8577
f 8504 8519 8577
f 8571 8577 8519
f 8514 8534 8546
f 8555 8534 9649
f 9562 8500 8539
f 8580 8490 8516
f 8543 8569 8491
f 8610 8543 8492
f 8551 8610 8492
f 8486 8522 8552
f 8493 8599 8512
f 8523 8524 8570
f 8524 8525 8582
f 8582 8502 8566
f 8502 8526 8566
f 8532 8544 8479
f 8528 8529 8584
f 8529 8518 8584
f 9651 8530 9648
f 8515 8535 8558
f 8550 8559 8507
f 8532 8567 8544
f 8517 8528 8583
f 8577 8571 8590
f 8591 8571 8462
f 8568 8462 8533
f 8533 8545 8593
f 8561 8556 8505
f 8558 8562 8515
f 8538 8507 8559
f 8539 8509 8564
f 8509 8540 8564
f 8521 8541 8540
f 8569 8543 8632
f 8478 8512 8599
f 8582 8570 8524
f 8580 8565 8490
f 8486 8552 8588
f 8599 8581 8478
f 8493 8570 8618
f 8532 8527 8553
f 8527 8583 8553
f 8568 8591 8462
f 8592 8568 8533
f 8546 8593 8545
f 8546 8534 8554
f 8555 8554 8534
f 9648 8530 8604
f 8505 8557 8561
f 8557 8562 8573
f 8535 8547 8558
f 8548 8520 8595
f 8520 8549 8607
f 8549 8536 8607
f 8596 8607 8536
f 8563 8596 8536
f 8574 8531 8586
f 8531 8537 8586
f 8559 8608 8538
f 8559 8550 8560
f 8560 9562 8579
f 8541 8565 8598
f 8588 8575 8551
f 8584 8583 8528
f 8518 8577 8585
f 8592 8533 8593
f 8593 8546 8572
f 8554 8572 8546
f 8556 8604 8530
f 8578 8561 8557
f 8557 8573 8578
f 8607 8595 8520
f 8608 8586 8537
f 8537 8538 8608
f 9650 9648 8604
f 8578 8620 8561
f 9560 8573 8562
f 8562 8558 9560
f 9562 8539 8579
f 8597 8579 8539
f 8539 8564 8597
f 8598 8540 8541
f 8552 8511 8576
f 8599 8493 8618
f 8570 8582 8613
f 8601 8600 8567
f 8567 8532 8601
f 8553 8601 8532
f 8585 8584 8518
f 8632 8580 8569
f 8611 8575 8588
f 8588 8552 8611
f 8581 8576 8511
f 8613 8618 8570
f 8623 8613 8582
f 8571 8591 8590
f 8556 8561 8605
f 8606 8605 8561
f 8620 8606 8561
f 8563 8574 8596
f 8586 8596 8574
f 8559 8560 8609
f 8609 8587 8559
f 8560 8579 8609
f 8630 8564 8540
f 8565 8580 8631
f 8575 8610 8551
f 8599 8612 8581
f 8590 8614 8577
f 8593 8572 8625
f 9650 8604 8619
f 8604 8556 8605
f 8595 8659 8548
f 8630 8597 8564
f 8540 8598 8630
f 8552 8576 8654
f 8576 8581 8643
f 8589 8623 8582
f 8582 8566 8589
f 8566 9584 8589
f 8601 8553 8635
f 8602 8635 8553
f 8553 8583 8602
f 8585 8577 8614
f 8590 8591 8657
f 8568 8657 8591
f 8603 8572 8554
f 8573 8594 8578
f 8548 8659 8547
f 8587 8608 8559
f 8565 8631 8598
f 8622 8610 8575
f 8575 8611 8617
f 8583 8584 8602
f 8614 8590 8665
f 8593 8636 8592
f 8625 8572 8603
f 8603 9650 8671
f 8619 8671 9650
f 9560 8558 8615
f 8558 8547 8659
f 8609 8579 8621
f 8579 8597 8621
f 8580 8632 8640
f 8632 8543 8616
f 8543 8610 8616
f 8617 8622 8575
f 8611 8552 8654
f 8643 8654 8576
f 8643 8581 8633
f 8581 8612 8633
f 8612 8599 8644
f 8618 8644 8599
f 8645 8589 9584
f 9584 8600 8645
f 8600 8601 8634
f 8585 8602 8584
f 8590 8657 8665
f 8626 8619 8604
f 8604 8605 8626
f 8605 8606 8658
f 8659 8615 8558
f 8595 8607 8660
f 8662 8639 8596
f 8596 8586 8662
f 8628 8662 8586
f 8586 8608 8628
f 8651 8587 8609
f 8609 8621 8651
f 8622 8616 8610
f 8644 8633 8612
f 8644 8618 8667
f 8618 8613 8667
f 8645 8623 8589
f 8634 8645 8600
f 8635 8634 8601
f 8665 8656 8614
f 8624 8657 8568
f 8636 8624 8568
f 8568 8592 8636
f 8593 8625 8636
f 8658 8626 8605
f 8620 8578 8627
f 8578 8594 8627
f 8595 8660 8659
f 8607 8596 8639
f 8629 8621 8597
f 8630 8629 8597
f 8602 8585 8655
f 8656 8655 8585
f 8585 8614 8656
f 8637 8636 8625
f 8638 8625 8603
f 8647 8606 8620
f 8620 8627 8647
f 8639 8660 8607
f 8608 8587 8628
f 8640 8631 8580
f 8616 8677 8632
f 8622 8641 8616
f 8642 8622 8617
f 8617 8611 8642
f 8653 8642 8611
f 8654 8653 8611
f 8646 8635 8602
f 8638 8637 8625
f 8603 8671 8638
f 8626 8704 8619
f 8647 8658 8606
f 8725 8647 8627
f 8683 8627 8594
f 8648 8683 8594
f 8659 8649 8615
f 8661 8639 8662
f 8651 8621 8674
f 8630 8598 8700
f 8631 8700 8598
f 8677 8640 8632
f 8652 8641 8622
f 8642 8652 8622
f 8644 8667 8718
f 8645 8634 8669
f 8634 8635 8646
f 8602 8655 8646
f 8671 8619 8710
f 8649 8648 8615
f 8659 8660 8650
f 8661 8660 8639
f 8684 8628 8587
f 8587 8651 8684
f 8616 8641 8677
f 8652 8663 8641
f 8653 8652 8642
f 8654 8643 8686
f 8643 8633 8687
f 8613 8623 8668
f 8623 8645 8668
f 8669 8668 8645
f 8665 8657 8692
f 8624 8636 8681
f 8666 8637 8638
f 8704 8710 8619
f 8721 8704 8626
f 8649 8659 8693
f 8673 8661 8662
f 8662 8628 8673
f 8651 8674 8684
f 8629 8674 8621
f 8630 8700 8699
f 8676 8700 8631
f 8701 8631 8640
f 8640 8677 8701
f 8663 8677 8641
f 8663 8652 8664
f 8652 8653 8664
f 8653 8654 8680
f 8686 8680 8654
f 8687 8686 8643
f 8687 8633 8688
f 8633 8644 8688
f 8718 8688 8644
f 8668 8689 8613
f 8634 8646 8669
f 8646 8655 8690
f 8670 8692 8657
f 8624 8670 8657
f 8626 8658 8721
f 8659 8650 8693
f 8661 8672 8660
f 8628 8684 8673
f 8675 8629 8630
f 8630 8699 8675
f 8631 8701 8676
f 8678 8663 8664
f 8664 8653 8678
f 8653 8680 8679
f 8667 8613 8689
f 8669 8646 8690
f 8691 8690 8655
f 8655 8656 8691
f 8656 8665 8692
f 8681 8636 8637
f 8658 8647 8698
f 8627 8683 8682
f 8660 8672 8650
f 8674 8629 8695
f 8675 8695 8629
f 8685 8677 8663
f 8663 8678 8685
f 8679 8678 8653
f 8680 8686 8702
f 8668 8669 8694
f 8691 8656 8707
f 8624 8719 8670
f 8720 8681 8637
f 8666 8720 8637
f 8638 8671 8751
f 8698 8647 8725
f 8693 8683 8649
f 8679 8680 8697
f 8702 8697 8680
f 8689 8718 8667
f 8692 8707 8656
f 8681 8719 8624
f 8735 8720 8666
f 8638 8709 8666
f 8658 8698 8769
f 8725 8627 8711
f 8627 8682 8711
f 8675 8714 8695
f 8715 8700 8676
f 8676 8701 8715
f 8726 8701 8677
f 8677 8685 8726
f 8696 8726 8685
f 8685 8678 8696
f 8678 8679 8696
f 8732 8696 8679
f 8679 8697 8732
f 8717 8702 8686
f 8687 8717 8686
f 8689 8668 8723
f 8708 8707 8692
f 8670 8708 8692
f 8710 8704 8703
f 8698 8725 8770
f 8682 8683 8705
f 8650 8672 8713
f 8661 8673 8752
f 8716 8727 8696
f 8696 8732 8716
f 8702 8732 8697
f 8718 8728 8688
f 8706 8694 8690
f 8690 8691 8706
f 8729 8735 8666
f 8709 8729 8666
f 8758 8769 8698
f 8682 8705 8711
f 8712 8683 8693
f 8672 8661 8752
f 8714 9597 8695
f 8675 8699 8722
f 8699 8700 8722
f 8715 8722 8700
f 8726 8696 8731
f 8727 8731 8696
f 8687 8688 8717
f 8707 8706 8691
f 8719 8708 8670
f 8721 8703 8704
f 8721 8658 8730
f 8769 8730 8658
f 8737 8711 8705
f 8713 8712 8693
f 8693 8650 8713
f 9597 8752 8673
f 8701 8726 8715
f 8747 8716 8732
f 8732 8702 8762
f 8718 8689 8728
f 8728 8689 8723
f 8733 8723 8706
f 8706 8707 8733
f 8671 8710 8751
f 8736 8751 8710
f 8710 8703 8736
f 8759 8737 8705
f 8722 8714 8675
f 8731 8727 8746
f 8748 8754 8702
f 8702 8717 8748
f 8717 8688 8728
f 8707 8708 8755
f 8708 8719 8734
f 8724 8734 8719
f 8719 8681 8724
f 8681 8720 8724
f 8735 8724 8720
f 8729 8709 8757
f 8709 8638 8750
f 8751 8750 8638
f 8703 8721 8768
f 8730 8768 8721
f 8770 8758 8698
f 8777 8725 8711
f 8705 8712 8745
f 8738 8713 8672
f 8672 8752 8738
f 9597 8714 8753
f 8739 8753 8714
f 8714 8722 8739
f 8726 8731 8760
f 8747 8727 8716
f 8754 8762 8702
f 8728 8723 8743
f 8733 8743 8723
f 8755 8708 8734
f 8735 8729 8744
f 8750 8757 8709
f 8777 8770 8725
f 8745 8759 8705
f 8712 8713 8771
f 8752 9597 8753
f 8715 8726 8741
f 8760 8741 8726
f 8762 8742 8732
f 8728 8748 8717
f 8743 8749 8728
f 8755 8733 8707
f 8744 8729 8756
f 8757 8756 8729
f 8765 8768 8730
f 8784 8737 8759
f 8771 8745 8712
f 8740 8739 8722
f 8722 8715 8740
f 8741 8740 8715
f 8772 8741 8760
f 8746 8760 8731
f 8761 8746 8727
f 8747 8761 8727
f 8742 8747 8732
f 8754 8748 8781
f 8743 8733 8755
f 8755 8734 8767
f 8724 8735 8763
f 8744 8763 8735
f 8757 8750 8764
f 8751 8736 8792
f 8730 8769 8765
f 8737 8777 8711
f 8738 8771 8713
f 8796 8738 8752
f 8785 8753 8739
f 8740 8785 8739
f 8740 8741 8779
f 8763 8767 8734
f 8734 8724 8763
f 8768 8736 8703
f 8770 8819 8758
f 8759 8745 9557
f 8752 8753 8796
f 8779 8785 8740
f 8741 8772 8779
f 8780 8760 8746
f 8766 8748 8728
f 8728 8749 8766
f 8774 8749 8743
f 8743 8755 8774
f 8818 8750 8751
f 8765 8769 8811
f 8783 8777 8737
f 8738 8796 8771
f 8761 8780 8746
f 8742 8773 8747
f 8789 8742 8762
f 8766 8781 8748
f 8767 8774 8755
f 8763 8744 8775
f 8744 8756 8775
f 8756 8757 8782
f 8764 8782 8757
f 8768 8765 8794
f 8837 8769 8758
f 8737 8784 8783
f 9853 8759 9557
f 8778 8796 8753
f 8785 8778 8753
f 8786 8772 8760
f 8787 8780 8761
f 8773 8761 8747
f 8789 8762 8798
f 8762 8754 8798
f 8767 8763 8800
f 8775 8756 8776
f 8782 8776 8756
f 8792 8818 8751
f 9557 8771 8795
f 8780 8786 8760
f 8781 8798 8754
f 8790 8766 8749
f 8749 8774 8790
f 8794 8793 8768
f 9853 8784 8759
f 8791 8790 8774
f 8803 8779 8772
f 8786 8803 8772
f 8761 8773 8787
f 8773 8742 8789
f 8781 8766 8799
f 8790 8799 8766
f 8800 8791 8774
f 8774 8767 8800
f 8801 8800 8763
f 8763 8775 8801
f 8776 8801 8775
f 8818 8764 8750
f 8736 8768 8793
f 8811 8794 8765
f 8819 8770 8869
f 8770 8777 8820
f 8777 8783 8820
f 8784 9853 9848
f 8796 8795 8771
f 8812 8796 8778
f 8785 8779 8812
f 8787 8786 8780
f 8787 8773 8788
f 8773 8789 8788
f 8799 8798 8781
f 8810 8809 8776
f 8782 8810 8776
f 8811 8769 8837
f 8805 8783 8784
f 9848 8805 8784
f 8778 8785 8812
f 8786 8787 8797
f 8788 8797 8787
f 8788 8789 9859
f 8798 9859 8789
f 8801 8776 8809
f 8817 8782 8764
f 8764 8832 8817
f 8842 8792 8736
f 8736 8793 8842
f 8812 9849 8795
f 8795 8796 8812
f 8803 8812 8779
f 8803 8786 9850
f 8786 8797 9850
f 9847 9859 8798
f 9851 9847 8798
f 8798 8799 9851
f 8799 8790 9851
f 8764 8818 8832
f 8804 8822 8793
f 8793 8794 8804
f 8819 8837 8758
f 8813 8812 8803
f 9850 8813 8803
f 8782 8817 8810
f 8826 8818 8792
f 8833 8826 8792
f 8792 8842 8833
f 8842 8793 8822
f 8794 8811 8836
f 8820 8869 8770
f 8820 8783 8851
f 8815 9844 8816
f 8836 8811 8827
f 8837 8819 8823
f 8783 8805 8851
f 8805 9848 8824
f 9849 8812 8813
f 9846 8806 8825
f 8838 8814 8807
f 8807 8815 8838
f 8815 8816 8830
f 8821 8816 9855
f 9855 8808 8821
f 8808 8809 8821
f 8817 8832 8882
f 8818 8826 8832
f 9854 8825 8829
f 8806 8814 8852
f 8831 8830 8816
f 8816 8821 8831
f 8810 8817 8841
f 8804 8794 8836
f 8837 8827 8811
f 8869 8823 8819
f 8851 8862 8820
f 8805 8824 8828
f 8834 8825 8806
f 8852 8834 8806
f 8838 8852 8814
f 8830 8838 8815
f 8809 8810 8841
f 8828 8851 8805
f 8828 8824 8850
f 8829 8850 8824
f 8825 8863 8829
f 8871 8854 8831
f 8831 8821 8871
f 8864 8809 8841
f 8822 8804 8835
f 8836 8835 8804
f 8869 8820 8862
f 8834 8863 8825
f 8854 8830 8831
f 8881 8871 8821
f 8821 8809 8881
f 8842 8822 8839
f 9631 8835 8836
f 8849 9631 8836
f 8823 8827 8837
f 8850 8829 8843
f 8863 8843 8829
f 8838 8830 8853
f 8844 8853 8830
f 8809 8864 8881
f 8832 8826 8845
f 8855 8826 8833
f 8833 8842 8855
f 8842 8839 8855
f 8850 8878 8828
f 8853 8852 8838
f 8854 8844 8830
f 8855 8839 8846
f 8839 9632 8846
f 8847 8846 9632
f 9630 8840 8860
f 8856 8860 8840
f 8856 8840 8848
f 8840 9628 8848
f 9628 8835 9631
f 8836 8827 8849
f 8878 8883 8828
f 8817 8882 8887
f 8847 9630 8859
f 8823 8858 8827
f 8848 9631 8857
f 8861 8857 9631
f 9631 8849 8861
f 8858 8849 8827
f 8916 8862 8851
f 8843 8878 8850
f 8863 8870 8843
f 8841 8817 8887
f 8845 8895 8832
f 8855 8845 8826
f 8855 8846 8875
f 8859 9630 8873
f 8876 8860 8856
f 8856 8848 8865
f 8857 8866 8848
f 8851 8828 8916
f 8895 8882 8832
f 8860 8873 9630
f 8856 8865 8876
f 8866 8865 8848
f 8858 8823 8880
f 8869 8880 8823
f 8878 8843 8870
f 8875 8868 8855
f 8872 8879 8847
f 8847 8859 8872
f 8873 8898 8859
f 8877 8861 8849
f 8849 8858 8877
f 8853 8844 8867
f 8894 8867 8844
f 8841 8887 8890
f 8845 8855 8868
f 8873 8860 8888
f 8860 8876 8888
f 8904 8876 8865
f 8866 8904 8865
f 8861 8900 8857
f 8834 8852 8874
f 8885 8874 8852
f 8852 8853 8885
f 8854 8871 8902
f 8859 8898 8872
f 8910 8877 8858
f 8883 8916 8828
f 8870 8863 8884
f 8863 8834 8884
f 8890 8864 8841
f 8845 8868 8896
f 8893 8900 8861
f 8861 8877 8893
f 8880 8910 8858
f 8869 8862 8880
f 8916 8880 8862
f 8884 8912 8870
f 8834 8874 8884
f 8854 8894 8844
f 8871 8881 8886
f 8896 8895 8845
f 8897 8896 8868
f 8868 8875 8897
f 8875 8879 8908
f 8929 8898 8873
f 8904 8899 8876
f 8904 8866 8938
f 8853 8867 8901
f 8902 8894 8854
f 8889 8886 8881
f 8908 8897 8875
f 8872 8908 8879
f 8892 8929 8873
f 8888 8876 8903
f 8915 8866 8857
f 8900 8915 8857
f 8953 8916 8883
f 8878 8911 8883
f 8886 8902 8871
f 8881 8864 8889
f 8917 8887 8882
f 8882 8895 8917
f 8873 8888 8892
f 8876 8899 8903
f 8905 8893 8877
f 8877 8910 8905
f 8911 8953 8883
f 8912 8878 8870
f 8901 8885 8853
f 8867 8894 8901
f 8907 8889 8864
f 8890 8907 8864
f 8917 8890 8887
f 8891 8908 8872
f 8866 8915 8938
f 8917 8935 8890
f 8900 8893 8905
f 8910 8880 8923
f 8916 8923 8880
f 8911 8878 8906
f 8912 8906 8878
f 8895 8896 8917
f 8897 8917 8896
f 8891 8927 8908
f 8891 8872 8909
f 8898 8909 8872
f 8933 8898 8934
f 8929 8934 8898
f 8892 8888 8920
f 8903 8920 8888
f 8899 8904 8918
f 8905 8921 8900
f 8905 8910 8922
f 8912 8884 8932
f 8913 8932 8884
f 8884 9561 8913
f 9561 8885 8919
f 8889 8907 8926
f 8920 8941 8892
f 8904 8938 8918
f 8938 8915 8930
f 8921 8915 8900
f 8885 8901 8925
f 8914 8917 8897
f 8897 8908 8914
f 8927 8914 8908
f 8937 8927 8891
f 8933 8909 8898
f 8929 8892 8941
f 8921 8905 8964
f 8923 8922 8910
f 8906 8912 8931
f 9561 8919 8924
f 8901 8894 8940
f 8894 8902 8944
f 8926 8907 8961
f 8890 8961 8907
f 8909 8937 8891
f 8903 8899 8942
f 8915 8921 8930
f 8953 8923 8916
f 8932 8931 8912
f 8947 8913 9561
f 8924 8947 9561
f 8919 8885 8925
f 8940 8925 8901
f 8886 8944 8902
f 8886 8889 8926
f 8935 8961 8890
f 8914 8935 8917
f 8914 8927 8936
f 8905 8922 8964
f 8922 8923 8943
f 8926 8948 8886
f 8929 8928 8934
f 8941 8920 8946
f 8920 8903 8946
f 8899 8918 8942
f 8930 8921 8952
f 8967 8911 8906
f 8924 8919 8968
f 8955 8940 8894
f 8936 8945 8914
f 8972 8936 8927
f 8927 8937 8972
f 8941 8928 8929
f 8918 8938 8980
f 8938 8930 8951
f 8921 8964 8952
f 8967 8953 8911
f 8931 8967 8906
f 8954 8931 8932
f 8947 8924 8963
f 8968 8963 8924
f 8940 8919 8925
f 8886 8948 8960
f 8935 8914 8945
f 8909 8933 8958
f 8959 8933 8934
f 8942 8946 8903
f 8953 8967 8966
f 8931 8975 8967
f 8940 8939 8919
f 8955 8970 8940
f 8894 8944 8955
f 8960 8944 8886
f 8972 8949 8936
f 8937 8909 8958
f 8957 8942 8918
f 8922 8943 8964
f 8923 8953 8943
f 8939 8940 8970
f 8926 8961 8971
f 8936 8949 8945
f 8962 8959 8934
f 8928 8962 8934
f 8928 8941 8950
f 8941 8946 8950
f 8946 8942 8957
f 8918 8980 8957
f 8951 8980 8938
f 8954 8975 8931
f 8939 8968 8919
f 8948 8926 8971
f 8958 8972 8937
f 8956 8950 8946
f 8946 8957 8956
f 8951 9032 8980
f 8951 8930 9012
f 9006 8943 8953
f 8970 8955 8982
f 9002 8955 8944
f 9012 8930 8974
f 8952 8974 8930
f 9017 8974 8952
f 8964 9017 8952
f 8953 8966 9006
f 8963 8996 8947
f 8944 8960 9002
f 8961 8935 9583
f 8935 8945 9583
f 8972 8958 8978
f 9010 8958 8933
f 9010 8933 8959
f 8962 8928 8950
f 8950 8956 8979
f 8956 8957 8984
f 8973 8984 8957
f 8957 8980 8973
f 8943 8965 8964
f 8943 9006 8989
f 8996 8986 8947
f 8981 8968 8939
f 8969 8981 8939
f 8960 8948 8971
f 8985 8973 8980
f 8945 8949 8977
f 8999 8977 8949
f 8949 8972 8999
f 8962 8950 8979
f 8984 8979 8956
f 8965 9017 8964
f 8989 8965 8943
f 8963 8968 8991
f 8981 8991 8968
f 8970 8982 8976
f 8955 9002 8982
f 9583 8945 8977
f 8978 8999 8972
f 9022 8959 8962
f 8962 8979 9022
f 8988 8984 8973
f 8985 8988 8973
f 9007 8966 8967
f 8967 8975 9007
f 8975 8954 9008
f 8996 8963 8990
f 8976 8982 8997
f 9062 9013 9002
f 8977 8999 9014
f 9015 8978 8958
f 9022 9010 8959
f 8985 8980 9032
f 8994 8993 8979
f 8979 8984 8994
f 8951 9012 9084
f 9008 9007 8975
f 9615 9008 8954
f 8991 8990 8963
f 9002 8960 9003
f 8961 9583 8992
f 8983 8992 9583
f 8993 9022 8979
f 8988 8994 8984
f 8985 9032 9065
f 8995 8986 9001
f 8986 8996 9001
f 8991 8981 9020
f 9003 9062 9002
f 8971 9003 8960
f 8971 8961 9039
f 8992 9039 8961
f 8999 8978 9009
f 9000 8965 8989
f 8989 9006 9018
f 8990 8991 9024
f 9020 9024 8991
f 9020 8981 9038
f 9004 8992 8983
f 8983 8998 9004
f 9014 8998 8987
f 9010 9022 9050
f 8993 8994 9016
f 8988 8985 9036
f 8965 9005 9017
f 8965 9000 9005
f 9038 8981 8969
f 9045 9007 9008
f 9636 9008 9615
f 8995 9636 9615
f 8990 9001 8996
f 9025 8997 8982
f 8978 9015 9080
f 8994 8988 9052
f 9036 9052 8988
f 9065 9036 8985
f 9005 9000 9034
f 9018 9000 8989
f 9040 9006 8966
f 9045 9040 8966
f 8966 9007 9045
f 9637 8995 9001
f 9635 9637 9001
f 9001 8990 9635
f 8990 9024 9019
f 9054 9025 8982
f 8982 9002 9054
f 9002 9013 9054
f 9003 8971 9026
f 9039 9026 8971
f 9009 9014 8999
f 9021 9015 8958
f 8958 9010 9021
f 9022 8993 9011
f 8993 9016 9011
f 9032 8951 9084
f 9005 9034 9061
f 9034 9000 9023
f 9000 9018 9023
f 9020 9038 9069
f 9004 8998 9027
f 9022 9011 9029
f 9030 9011 9016
f 9031 9016 8994
f 9052 9031 8994
f 9635 8990 9019
f 8992 9004 9079
f 9021 9080 9015
f 9033 9114 8974
f 8974 9017 9033
f 9018 9006 9067
f 9063 9079 9004
f 9004 9027 9063
f 9028 9027 8998
f 9014 9028 8998
f 9014 9009 9028
f 9022 9029 9050
f 9016 9031 9030
f 9084 9012 9066
f 9005 9061 9060
f 9008 9636 9048
f 9046 9048 9636
f 9041 9635 9019
f 9037 9041 9019
f 9035 9042 9024
f 9024 9020 9035
f 9038 8969 9053
f 8969 8997 9053
f 8997 9025 9053
f 9003 9026 9078
f 9039 9078 9026
f 8992 9055 9039
f 9029 9011 9043
f 9051 9043 9011
f 9011 9030 9051
f 9059 9030 9031
f 9065 9032 9083
f 9005 9033 9017
f 9067 9023 9018
f 9048 9045 9008
f 9069 9035 9020
f 9062 9049 9013
f 9078 9062 9003
f 8992 9079 9055
f 9010 9057 9021
f 9050 9029 9058
f 9030 9072 9071
f 9059 9072 9030
f 9059 9031 9044
f 9031 9052 9044
f 9074 9052 9036
f 8974 9066 9012
f 9033 9005 9060
f 9075 9061 9034
f 9006 9040 9067
f 9042 9041 9037
f 9053 9069 9038
f 9049 9054 9013
f 9078 9039 9055
f 9029 9043 9058
f 9051 9030 9071
f 9084 9083 9032
f 9089 9075 9034
f 9023 9089 9034
f 9635 9041 9634
f 9025 9094 9053
f 9063 9027 9064
f 9028 9070 9027
f 9058 9057 9050
f 9114 9033 9141
f 9089 9023 9047
f 9067 9047 9023
f 9045 9048 9085
f 9086 9048 9046
f 9046 9638 9086
f 9097 9060 9061
f 9099 9085 9048
f 9086 9099 9048
f 9042 9035 9068
f 9035 9069 9076
f 9070 9064 9027
f 9009 8978 9056
f 9080 9056 8978
f 9043 9051 9081
f 9071 9081 9051
f 9082 9044 9052
f 9074 9082 9052
f 9065 9074 9036
f 9114 9066 8974
f 9068 9041 9042
f 9094 9069 9053
f 9025 9054 9101
f 9077 9101 9054
f 9054 9049 9077
f 9078 9055 9092
f 9009 9123 9028
f 9081 9096 9043
f 9059 9044 9073
f 9075 9097 9061
f 9068 9035 9087
f 9076 9088 9035
f 9094 9025 9101
f 9049 9062 9116
f 9078 9116 9062
f 9010 9050 9057
f 9096 9058 9043
f 9071 9072 9106
f 9073 9072 9059
f 9074 9065 9107
f 9083 9107 9065
f 9102 9141 9033
f 9033 9060 9102
f 9085 9040 9045
f 9634 9041 9110
f 9100 9068 9090
f 9091 9076 9069
f 9092 9055 9678
f 9055 9079 9678
f 9070 9028 9105
f 9123 9105 9028
f 9124 9009 9056
f 9057 9058 9125
f 9112 9073 9044
f 9044 9082 9112
f 9111 9041 9100
f 9068 9087 9090
f 9035 9088 9087
f 9104 9116 9078
f 9104 9078 9092
f 9095 9678 9079
f 9079 9063 9095
f 9064 9095 9063
f 9127 9125 9058
f 9096 9081 9093
f 9071 9093 9081
f 9066 9083 9084
f 9075 9103 9097
f 9115 9040 9085
f 9099 9115 9085
f 9110 9041 9111
f 9087 9088 9134
f 9088 9076 9091
f 9094 9091 9069
f 9117 9095 9064
f 9064 9070 9117
f 9124 9123 9009
f 9106 9093 9071
f 9072 9073 9106
f 9082 9074 9113
f 9138 9066 9114
f 9097 9102 9060
f 9075 9089 9098
f 9047 9098 9089
f 9067 9040 9588
f 9121 9086 9638
f 9105 9117 9070
f 9056 9080 9118
f 9080 9021 9118
f 9021 9057 9125
f 9108 9103 9075
f 9040 9115 9588
f 9134 9133 9087
f 9678 9095 9679
f 9129 9113 9074
f 9107 9129 9074
f 9138 9083 9066
f 9098 9047 9109
f 9121 9099 9086
f 9132 9111 9100
f 9100 9090 9132
f 9092 9185 9104
f 9073 9112 9137
f 9102 9097 9131
f 9103 9131 9097
f 9098 9108 9075
f 9091 9094 9140
f 9094 9101 9140
f 9105 9123 9136
f 9118 9021 9119
f 9125 9119 9021
f 9093 9106 9137
f 9106 9073 9137
f 9128 9112 9082
f 9113 9128 9082
f 9114 9141 9174
f 9115 9099 9120
f 9122 9143 9110
f 9110 9111 9122
f 9132 9122 9111
f 9133 9132 9090
f 9090 9087 9133
f 9091 9134 9088
f 9127 9126 9125
f 9127 9058 9096
f 9112 9128 9157
f 9083 9129 9107
f 9138 9114 9174
f 9099 9121 9148
f 9077 9049 9154
f 9116 9104 9135
f 9185 9135 9104
f 9680 9185 9092
f 9117 9155 9095
f 9679 9095 9155
f 9117 9105 9150
f 9136 9150 9105
f 9093 9156 9096
f 9165 9128 9113
f 9145 9129 9083
f 9141 9102 9131
f 9131 9103 9130
f 9103 9108 9130
f 9109 9588 9147
f 9121 9110 9148
f 9143 9148 9110
f 9133 9134 9139
f 9101 9077 9140
f 9049 9116 9154
f 9135 9154 9116
f 9124 9136 9123
f 9119 9125 9126
f 9157 9137 9112
f 9113 9129 9165
f 9138 9145 9083
f 9108 9098 9142
f 9160 9588 9115
f 9161 9122 9132
f 9134 9091 9144
f 9091 9140 9144
f 9142 9167 9108
f 9147 9142 9098
f 9098 9109 9147
f 9147 9588 9160
f 9143 9122 9176
f 9161 9176 9122
f 9161 9132 9149
f 9132 9133 9149
f 9139 9149 9133
f 9177 9139 9134
f 9134 9144 9177
f 9056 9118 9196
f 9119 9151 9118
f 9093 9137 9156
f 9158 9157 9128
f 9196 9124 9056
f 9151 9196 9118
f 9180 9127 9096
f 9156 9180 9096
f 9186 9156 9137
f 9131 9130 9146
f 9130 9108 9167
f 9200 9160 9115
f 9115 9120 9200
f 9148 9120 9099
f 9153 9177 9144
f 9195 9140 9077
f 9077 9154 9195
f 9174 9141 9159
f 9166 9159 9141
f 9141 9131 9166
f 9146 9166 9131
f 9146 9130 9167
f 9155 9162 9680
f 9150 9155 9117
f 9136 9173 9150
f 9119 9126 9152
f 9164 9152 9126
f 9126 9127 9164
f 9180 9164 9127
f 9147 9169 9142
f 9120 9148 9170
f 9143 9176 9171
f 9161 9149 9184
f 9178 9153 9144
f 9144 9140 9178
f 9140 9195 9178
f 9680 9205 9185
f 9163 9151 9119
f 9119 9152 9163
f 9137 9157 9186
f 9165 9158 9128
f 9165 9129 9187
f 9138 9174 9189
f 9167 9142 9168
f 9142 9169 9168
f 9190 9147 9160
f 9171 9170 9148
f 9148 9143 9171
f 9184 9172 9161
f 9155 9150 9173
f 9180 9156 9181
f 9129 9145 9187
f 9145 9138 9189
f 9190 9169 9147
f 9183 9190 9160
f 9160 9200 9183
f 9176 9161 9172
f 9177 9153 9203
f 9185 9234 9135
f 9680 9162 9211
f 9155 9173 9162
f 9242 9162 9173
f 9182 9186 9157
f 9157 9158 9182
f 9188 9187 9145
f 9189 9188 9145
f 9215 9189 9174
f 9207 9166 9146
f 9146 9167 9175
f 9168 9175 9167
f 9170 9208 9120
f 9170 9171 9208
f 9171 9176 9217
f 9176 9172 9217
f 9149 9139 9201
f 9177 9201 9139
f 9177 9203 9202
f 9234 9195 9154
f 9206 9173 9136
f 9179 9136 9124
f 9124 9196 9226
f 9231 9163 9152
f 9164 9192 9152
f 9186 9181 9156
f 9158 9165 9187
f 9166 9207 9199
f 9146 9175 9207
f 9169 9190 9168
f 9120 9208 9200
f 9184 9149 9210
f 9202 9201 9177
f 9191 9203 9153
f 9153 9178 9191
f 9154 9135 9234
f 9173 9206 9242
f 9136 9179 9206
f 9151 9163 9196
f 9192 9231 9152
f 9164 9180 9212
f 9180 9181 9193
f 9159 9215 9174
f 9216 9208 9171
f 9217 9216 9171
f 9217 9172 9209
f 9220 9209 9172
f 9172 9184 9220
f 9210 9220 9184
f 9242 9211 9162
f 9124 9226 9179
f 9212 9192 9164
f 9180 9193 9212
f 9158 9187 9194
f 9214 9194 9187
f 9187 9188 9214
f 9188 9189 9197
f 9215 9197 9189
f 9166 9221 9159
f 9168 9190 9198
f 9190 9183 9246
f 9149 9201 9210
f 9178 9195 9204
f 9230 9234 9185
f 9211 9205 9680
f 9196 9163 9227
f 9182 9158 9213
f 9194 9213 9158
f 9246 9198 9190
f 9228 9219 9200
f 9200 9208 9228
f 9202 9203 9223
f 9204 9191 9178
f 9196 9227 9226
f 9193 9181 9218
f 9181 9186 9218
f 9186 9182 9213
f 9168 9198 9207
f 9198 9199 9207
f 9219 9183 9200
f 9201 9202 9223
f 9195 9224 9204
f 9225 9242 9206
f 9261 9227 9163
f 9231 9261 9163
f 9218 9186 9235
f 9186 9213 9235
f 9214 9188 9197
f 9166 9199 9221
f 9228 9208 9222
f 9217 9209 9236
f 9201 9233 9210
f 9223 9203 9191
f 9195 9234 9224
f 9205 9230 9185
f 9205 9211 9259
f 9206 9179 9225
f 9214 9197 9232
f 9209 9220 9229
f 9234 9230 9271
f 9226 9225 9179
f 9254 9192 9212
f 9193 9254 9212
f 9214 9213 9194
f 9197 9215 9239
f 9222 9208 9236
f 9216 9236 9208
f 9216 9217 9236
f 9236 9209 9229
f 9237 9229 9220
f 9220 9210 9237
f 9210 9233 9237
f 9223 9241 9201
f 9223 9191 9241
f 9204 9224 9253
f 9259 9230 9205
f 9242 9225 9279
f 9218 9254 9193
f 9232 9197 9239
f 9221 9215 9159
f 9221 9199 9245
f 9199 9198 9245
f 9225 9226 9279
f 9226 9227 9260
f 9231 9273 9261
f 9192 9247 9231
f 9238 9254 9218
f 9213 9214 9255
f 9232 9256 9214
f 9262 9239 9215
f 9198 9246 9291
f 9219 9266 9183
f 9240 9250 9229
f 9233 9201 9251
f 9234 9258 9224
f 9242 9265 9211
f 9261 9272 9227
f 9218 9235 9243
f 9235 9213 9243
f 9255 9243 9213
f 9232 9239 9244
f 9221 9262 9215
f 9228 9275 9219
f 9228 9222 9248
f 9236 9248 9222
f 9236 9229 9250
f 9229 9237 9240
f 9201 9241 9251
f 9253 9224 9258
f 9234 9271 9258
f 9265 9259 9211
f 9260 9279 9226
f 9272 9260 9227
f 9247 9273 9231
f 9254 9247 9192
f 9218 9243 9238
f 9244 9256 9232
f 9221 9245 9290
f 9291 9245 9198
f 9275 9266 9219
f 9250 9249 9236
f 9237 9233 9269
f 9233 9251 9269
f 9253 9191 9204
f 9256 9255 9214
f 9290 9262 9221
f 9248 9267 9228
f 9251 9241 9270
f 9241 9191 9252
f 9191 9253 9252
f 9262 9289 9239
f 9291 9290 9245
f 9267 9275 9228
f 9248 9236 9249
f 9250 9257 9249
f 9250 9240 9276
f 9240 9237 9264
f 9269 9264 9237
f 9253 9258 9278
f 9242 9279 9265
f 9243 9288 9238
f 9282 9256 9244
f 9246 9183 9266
f 9248 9249 9611
f 9276 9257 9250
f 9264 9276 9240
f 9251 9270 9269
f 9252 9270 9241
f 9272 9261 9280
f 9273 9309 9261
f 9254 9238 9287
f 9288 9287 9238
f 9274 9288 9243
f 9243 9255 9281
f 9256 9281 9255
f 9267 9248 9611
f 9611 9249 9263
f 9249 9257 9263
f 9270 9252 9277
f 9309 9280 9261
f 9287 9247 9254
f 9295 9282 9244
f 9289 9244 9239
f 9246 9292 9291
f 9252 9253 9278
f 9271 9230 9307
f 9265 9279 9332
f 9322 9332 9279
f 9281 9274 9243
f 9282 9281 9256
f 9298 9290 9291
f 9266 9292 9246
f 9268 9263 9257
f 9276 9268 9257
f 9283 9269 9270
f 9277 9283 9270
f 9278 9277 9252
f 9258 9312 9278
f 9230 9259 9313
f 9279 9260 9322
f 9272 9322 9260
f 9264 9269 9301
f 9258 9271 9328
f 9265 9313 9259
f 9247 9309 9273
f 9247 9287 9303
f 9244 9289 9295
f 9306 9268 9276
f 9269 9283 9294
f 9328 9312 9258
f 9230 9313 9307
f 9272 9280 9284
f 9282 9295 9310
f 9262 9290 9326
f 9267 9611 9305
f 9263 9268 9293
f 9285 9306 9276
f 9276 9264 9285
f 9264 9301 9285
f 9269 9294 9301
f 9286 9283 9277
f 9277 9278 9286
f 9312 9319 9278
f 9322 9272 9284
f 9267 9336 9275
f 9336 9267 9305
f 9294 9283 9311
f 9284 9280 9308
f 9302 9308 9280
f 9309 9302 9280
f 9309 9247 9333
f 9247 9303 9333
f 9297 9303 9287
f 9287 9288 9297
f 9324 9314 9274
f 9274 9281 9324
f 9281 9282 9310
f 9298 9291 9335
f 9291 9292 9315
f 9316 9293 9268
f 9316 9268 9306
f 9306 9285 9299
f 9286 9311 9283
f 9278 9319 9286
f 9296 9328 9271
f 9271 9307 9296
f 9265 9332 9321
f 9323 9297 9288
f 9288 9274 9323
f 9314 9323 9274
f 9281 9310 9325
f 9326 9289 9262
f 9290 9298 9351
f 9315 9335 9291
f 9292 9266 9304
f 9266 9275 9304
f 9336 9304 9275
f 9305 9611 9330
f 9299 9285 9300
f 9285 9301 9300
f 9339 9313 9265
f 9265 9321 9339
f 9325 9324 9281
f 9351 9326 9290
f 9298 9335 9351
f 9318 9300 9301
f 9301 9294 9318
f 9311 9327 9294
f 9340 9302 9309
f 9333 9340 9309
f 9306 9299 9317
f 9299 9300 9317
f 9311 9286 9338
f 9319 9338 9286
f 9312 9320 9319
f 9328 9320 9312
f 9325 9310 9356
f 9310 9295 9356
f 9326 9329 9289
f 9315 9292 9304
f 9347 9316 9306
f 9306 9317 9347
f 9327 9337 9294
f 9338 9327 9311
f 9322 9284 9308
f 9295 9289 9329
f 9330 9350 9305
f 9331 9338 9319
f 9349 9296 9307
f 9307 9313 9349
f 9332 9322 9344
f 9308 9344 9322
f 9308 9302 9345
f 9302 9340 9345
f 9342 9333 9303
f 9303 9297 9342
f 9314 9324 9325
f 9363 9356 9295
f 9351 9334 9326
f 9295 9329 9363
f 9330 9316 9358
f 9300 9318 9348
f 9304 9336 9346
f 9305 9357 9336
f 9348 9317 9300
f 9318 9337 9353
f 9327 9338 9337
f 9320 9331 9319
f 9321 9332 9371
f 9344 9371 9332
f 9345 9340 9382
f 9341 9340 9333
f 9333 9342 9341
f 9325 9343 9314
f 9334 9329 9326
f 9350 9357 9305
f 9360 9347 9317
f 9366 9328 9296
f 9349 9366 9296
f 9339 9321 9371
f 9341 9382 9340
f 9351 9335 9379
f 9315 9379 9335
f 9346 9364 9304
f 9346 9336 9357
f 9358 9316 9369
f 9316 9347 9369
f 9348 9360 9317
f 9348 9318 9353
f 9313 9339 9349
f 9355 9297 9323
f 9323 9314 9355
f 9314 9343 9355
f 9343 9325 9368
f 9375 9363 9329
f 9338 9331 9380
f 9370 9349 9339
f 9339 9371 9370
f 9344 9308 9406
f 9342 9297 9362
f 9334 9375 9329
f 9334 9351 9391
f 9347 9360 9369
f 9360 9348 9361
f 9348 9353 9361
f 9354 9338 9380
f 9331 9320 9365
f 9320 9328 9366
f 9367 9371 9344
f 9362 9341 9342
f 9355 9362 9297
f 9368 9325 9356
f 9304 9376 9315
f 9352 9357 9350
f 9358 9352 9350
f 9353 9337 9378
f 9346 9357 9364
f 9369 9359 9358
f 9378 9361 9353
f 9365 9381 9331
f 9387 9366 9349
f 9345 9406 9308
f 9362 9355 9643
f 9644 9643 9355
f 9343 9644 9355
f 9363 9375 9384
f 9379 9391 9351
f 9376 9379 9315
f 9364 9376 9304
f 9364 9357 9377
f 9359 9352 9358
f 9386 9369 9360
f 9360 9361 9386
f 9337 9354 9378
f 9380 9331 9381
f 9320 9366 9365
f 9406 9367 9344
f 9372 9406 9345
f 9382 9372 9345
f 9356 9363 9400
f 9395 9375 9334
f 9334 9391 9395
f 9400 9399 9368
f 9368 9356 9400
f 9357 9352 9377
f 9361 9378 9386
f 9378 9354 9393
f 9380 9393 9354
f 9373 9394 9362
f 9374 9343 9390
f 9343 9368 9390
f 9384 9400 9363
f 9352 9359 9385
f 9365 9366 9412
f 9387 9412 9366
f 9349 9370 9387
f 9371 9367 9388
f 9415 9388 9367
f 9406 9415 9367
f 9341 9362 9394
f 9409 9642 9374
f 9374 9390 9383
f 9384 9375 9401
f 9395 9401 9375
f 9391 9379 9419
f 9377 9396 9364
f 9377 9352 9420
f 9369 9386 9405
f 9428 9386 9378
f 9392 9428 9378
f 9378 9393 9392
f 9388 9370 9371
f 9409 9374 9383
f 9402 9395 9391
f 9379 9376 9403
f 9420 9352 9385
f 9381 9411 9380
f 9381 9365 9440
f 9412 9440 9365
f 9412 9387 9413
f 9398 9431 9372
f 9372 9382 9398
f 9341 9398 9382
f 9390 9860 9383
f 9401 9400 9384
f 9403 9419 9379
f 9376 9364 9404
f 9396 9404 9364
f 9405 9359 9369
f 9397 9392 9393
f 9411 9393 9380
f 9440 9411 9381
f 9387 9370 9413
f 9370 9388 9414
f 9431 9406 9372
f 9341 9394 9398
f 9394 9645 9416
f 9410 9645 9389
f 9408 9410 9389
f 9642 9408 9389
f 9417 9390 9368
f 9368 9399 9417
f 9419 9402 9391
f 9404 9403 9376
f 9385 9427 9420
f 9385 9359 9427
f 9433 9428 9392
f 9397 9433 9392
f 9411 9397 9393
f 9414 9441 9370
f 9415 9414 9388
f 9407 9398 9394
f 9416 9645 9410
f 9409 9408 9642
f 9409 9383 9437
f 9418 9417 9399
f 9395 9402 9426
f 9405 9427 9359
f 9405 9386 9450
f 9413 9370 9441
f 9415 9406 9423
f 9398 9407 9693
f 9442 9418 9399
f 9399 9400 9442
f 9400 9401 9442
f 9401 9395 9444
f 9396 9377 9420
f 9386 9428 9450
f 9397 9411 9421
f 9412 9413 9429
f 9431 9423 9406
f 9416 9410 9447
f 9436 9447 9410
f 9408 9409 9459
f 9437 9459 9409
f 9434 9425 9417
f 9418 9434 9417
f 9402 9419 9453
f 9404 9396 9438
f 9420 9438 9396
f 9422 9421 9411
f 9411 9440 9422
f 9440 9412 9429
f 9414 9415 9430
f 9410 9408 9436
f 9395 9426 9444
f 9453 9426 9402
f 9419 9403 9449
f 9455 9427 9405
f 9450 9455 9405
f 9445 9429 9413
f 9441 9445 9413
f 9423 9430 9415
f 9423 9431 9435
f 9431 9398 9432
f 9693 9432 9398
f 9459 9436 9408
f 9444 9442 9401
f 9428 9433 9451
f 9439 9433 9421
f 9422 9439 9421
f 9430 9441 9414
f 9432 9435 9431
f 9447 9446 9416
f 9447 9436 9481
f 9444 9426 9443
f 9453 9443 9426
f 9449 9453 9419
f 9404 9438 9464
f 9438 9420 9454
f 9427 9454 9420
f 9427 9455 9467
f 9422 9440 9457
f 9423 9435 9694
f 9436 9459 9481
f 9437 9860 9460
f 9425 9460 9860
f 9442 9444 9443
f 9403 9404 9464
f 9456 9455 9450
f 9451 9450 9428
f 9439 9451 9433
f 9439 9422 9457
f 9440 9429 9457
f 9445 9468 9429
f 9441 9430 9473
f 9452 9442 9469
f 9442 9443 9469
f 9449 9463 9453
f 9467 9454 9427
f 9468 9457 9429
f 9445 9441 9458
f 9473 9458 9441
f 9446 9447 9448
f 9481 9448 9447
f 9459 9437 9460
f 9425 9434 9461
f 9452 9461 9434
f 9452 9469 9462
f 9443 9453 9470
f 9438 9454 9465
f 9451 9456 9450
f 9461 9452 9462
f 9469 9443 9478
f 9463 9470 9453
f 9449 9403 9466
f 9403 9464 9466
f 9467 9465 9454
f 9467 9455 9499
f 9456 9499 9455
f 9490 9456 9451
f 9462 9469 9475
f 9449 9466 9463
f 9464 9438 9465
f 9451 9439 9490
f 9692 9695 9474
f 9448 9481 9485
f 9481 9459 9496
f 9459 9460 9496
f 9485 9477 9448
f 9460 9425 9486
f 9443 9470 9478
f 9465 9484 9464
f 9499 9489 9467
f 9490 9439 9479
f 9457 9479 9439
f 9468 9471 9457
f 9468 9445 9472
f 9492 9472 9445
f 9445 9458 9492
f 9476 9458 9473
f 9461 9486 9425
f 9475 9461 9462
f 9463 9466 9504
f 9466 9464 9484
f 9465 9467 9489
f 9457 9471 9479
f 9491 9471 9468
f 9472 9491 9468
f 9476 9492 9458
f 9482 9475 9469
f 9469 9478 9482
f 9478 9470 9483
f 9463 9504 9483
f 9484 9504 9466
f 9499 9456 9490
f 9694 9480 9493
f 9494 9480 9692
f 9692 9474 9494
f 9477 9494 9474
f 9486 9496 9460
f 9470 9463 9483
f 9465 9624 9484
f 9465 9489 9624
f 9471 9491 9508
f 9461 9475 9501
f 9475 9482 9501
f 9502 9482 9478
f 9478 9483 9502
f 9504 9503 9483
f 9504 9484 9497
f 9471 9508 9479
f 9491 9472 9523
f 9472 9492 9523
f 9476 9473 9493
f 9473 9694 9493
f 9494 9477 9495
f 9486 9461 9487
f 9503 9502 9483
f 9488 9497 9484
f 9623 9488 9484
f 9484 9624 9623
f 9499 9498 9489
f 9524 9523 9492
f 9509 9492 9476
f 9493 9480 9500
f 9494 9500 9480
f 9495 9510 9494
f 9481 9496 9485
f 9501 9487 9461
f 9504 9497 9505
f 9624 9489 9498
f 9490 9479 9522
f 9508 9522 9479
f 9515 9508 9491
f 9523 9515 9491
f 9524 9492 9509
f 9476 9493 9509
f 9506 9509 9493
f 9500 9506 9493
f 9500 9494 9510
f 9477 9485 9511
f 9496 9511 9485
f 9496 9486 9530
f 9511 9510 9495
f 9495 9477 9511
f 9522 9498 9499
f 9499 9490 9522
f 9487 9530 9486
f 9503 9504 9521
f 9504 9505 9521
f 9497 9488 9513
f 9525 9524 9509
f 9501 9507 9512
f 9498 9534 9623
f 9509 9506 9526
f 9500 9510 9516
f 9510 9511 9529
f 9517 9529 9511
f 9511 9496 9517
f 9530 9517 9496
f 9487 9501 9530
f 9512 9530 9501
f 9498 9522 9534
f 9509 9526 9525
f 9529 9533 9510
f 9518 9512 9507
f 9505 9514 9521
f 9505 9497 9513
f 9534 9532 9623
f 9508 9515 9528
f 9515 9523 9528
f 9533 9516 9510
f 9533 9529 9547
f 9519 9527 9518
f 9512 9518 9531
f 9527 9531 9518
f 9519 9520 9527
f 9545 9527 9520
f 9520 9521 9545
f 9521 9514 9545
f 9522 9528 9540
f 9537 9528 9523
f 9535 9537 9523
f 9523 9524 9535
f 9524 9525 9535
f 9526 9535 9525
f 9543 9517 9530
f 9514 9505 9539
f 9505 9513 9539
f 9540 9534 9522
f 9526 9516 9533
f 9529 9517 9543
f 9530 9512 9543
f 9531 9527 9538
f 9534 9536 9532
f 9526 9731 9535
f 9531 9543 9512
f 9539 9532 9536
f 9543 9547 9529
f 9546 9545 9514
f 9539 9546 9514
f 9536 9534 9552
f 9731 9526 9549
f 9542 9541 9533
f 9533 9547 9542
f 9550 9531 9538
f 9551 9546 9539
f 9552 9861 9536
f 9534 9540 9552
f 9541 9549 9526
f 9537 9535 9556
f 9732 9556 9535
f 9731 9732 9535
f 9550 9541 9542
f 9547 9550 9542
f 9544 9547 9543
f 9538 9545 9733
f 9552 9540 9555
f 9540 9548 9555
f 9541 9553 9549
f 9544 9550 9547
f 9733 9541 9550
f 9733 9545 9554
f 9546 9554 9545
f 9546 9551 9554
f 9554 9861 9732
f 9556 9732 9861
f 9861 9555 9556
f 8712 8705 8683
f 633 9622 634
f 1006 1016 990
f 4678 4743 4702
f 871 834 835
f 9433 9397 9421
f 6684 6607 6524
f 5694 5681 5668
f 1756 1820 1796
f 7909 8092 8064
f 743 760 853
f 853 760 782
f 9041 9068 9100
f 3655 3713 3688
f 4916 5127 5044
f 6998 6997 6883
f 5123 4982 5069
f 8424 8435 8425
f 6871 6934 6955
f 1170 1044 1098
f 4953 4911 4968
f 7299 7399 7281
f 3794 9617 9616
f 8771 9557 8745
f 9558 5457 5423
f 3688 3654 3655
f 9563 4377 9599
f 1558 9566 1488
f 6730 6883 6801
f 5607 5713 5540
f 3375 3410 3311
f 7711 7863 7778
f 3483 3501 3413
f 9526 9533 9541
f 9552 9555 9861
f 3734 3751 3790
f 1337 1428 1360
f 7270 7372 7355
f 6722 7071 6917
f 6291 6255 6450
f 634 680 647
f 252 280 319
f 7227 7296 7351
f 8648 8649 8683
f 1702 1754 1701
f 755 658 761
f 5877 5768 5802
f 5611 5563 9739
f 5563 5564 9739
f 9506 9500 9516
f 9508 9528 9522
f 6416 6395 6353
f 5657 5460 5573
f 6739 6607 6684
f 6197 6209 6131
f 9539 9513 9532
f 4756 4645 4733
f 4218 4207 4158
f 7168 7082 7083
f 596 567 597
f 369 368 353
f 7681 7528 7588
f 7588 7528 7575
f 8594 9560 8615
f 8594 8573 9560
f 8874 9561 8884
f 8874 8885 9561
f 7521 7470 7593
f 9562 8560 8550
f 6500 6373 6387
f 9563 4459 4405
f 463 9564 421
f 2532 2617 2593
f 7593 7618 7596
f 7605 7596 7618
f 6706 7016 6781
f 3876 3923 3906
f 8976 8997 8969
f 6530 6430 6521
f 6354 6464 6379
f 1124 1159 1053
f 499 567 473
f 596 473 567
f 9337 9318 9294
f 5917 6131 5989
f 721 736 676
f 5941 5964 5894
f 5894 5964 5910
f 9565 1112 1140
f 1128 1129 1193
f 1115 1193 1129
f 9566 1558 1584
f 789 809 771
f 771 809 9567
f 4738 4884 9568
f 4898 9568 4884
f 6082 6258 6162
f 7505 7758 9569
f 4544 4543 4504
f 4067 4068 4147
f 9024 9042 9019
f 9042 9037 9019
f 3906 3875 3876
f 3717 9571 3582
f 1378 1420 1301
f 1439 1558 1428
f 4953 5070 4982
f 1706 1697 9572
f 4807 4733 4789
f 4847 4733 4807
f 6706 6781 6625
f 6788 9610 6926
f 9573 544 519
f 3790 3858 3784
f 5439 5340 5391
f 9574 6323 6268
f 9501 9482 9507
f 9482 9502 9507
f 9337 9338 9354
f 7174 7270 7355
f 7232 7174 7355
f 9551 9536 9861
f 9539 9536 9551
f 986 891 1066
f 1066 891 906
f 4727 4714 4764
f 4909 4889 4851
f 5182 5044 5127
f 924 881 775
f 881 9575 775
f 775 9575 860
f 5171 5049 5204
f 5171 5064 5049
f 5049 5031 5204
f 6804 6889 6888
f 5037 4889 4923
f 2469 2472 2484
f 5786 5732 5838
f 5838 5732 5839
f 1075 9576 1086
f 8594 8615 8648
f 807 830 9577
f 7137 9578 7122
f 4072 4002 3990
f 1079 986 1066
f 5614 5764 5603
f 5764 5717 5603
f 5603 5717 5655
f 5210 5123 5191
f 5152 5192 5191
f 3581 9571 3466
f 3581 3582 9571
f 6684 6608 6700
f 1847 1750 1859
f 7554 7492 7677
f 7492 7555 7677
f 4161 4311 4347
f 4161 4219 4311
f 251 311 205
f 268 205 311
f 4378 9579 4316
f 2734 2754 2789
f 2779 2693 9580
f 2693 2735 9580
f 3157 3153 3232
f 5841 5713 5884
f 776 924 737
f 9350 9330 9358
f 7038 7006 6932
f 6932 7006 6953
f 9452 9418 9442
f 9418 9452 9434
f 8847 8875 8846
f 8879 8875 8847
f 7677 7650 7712
f 6766 9582 6705
f 2463 2377 2473
f 2463 2424 2377
f 5436 5271 5372
f 5271 5436 5306
f 9014 8987 8977
f 8987 9583 8977
f 8987 8998 8983
f 8987 8983 9583
f 9584 8526 8567
f 9584 8566 8526
f 8567 8526 8544
f 8042 9585 7919
f 7919 9585 7803
f 596 597 735
f 735 597 662
f 673 596 735
f 4067 3906 4003
f 3906 3923 4003
f 433 9586 432
f 432 9586 463
f 8970 8969 8939
f 8969 8970 8976
f 5382 5504 5363
f 5363 5504 5455
f 1236 1159 1278
f 9587 4642 4661
f 9587 4613 4583
f 4612 4613 9587
f 6655 6656 6795
f 6656 6729 6795
f 9109 9047 9588
f 9067 9588 9047
f 4321 4386 4344
f 4344 4386 4385
f 7686 7672 7772
f 4344 4293 4321
f 4321 4293 4284
f 2656 2676 9590
f 9590 2693 2656
f 2473 9591 2463
f 2473 2609 9591
f 2609 2608 9591
f 4427 4385 4386
f 4385 4427 4494
f 5092 5053 5054
f 4968 5054 5053
f 6487 6612 6625
f 9592 7473 7619
f 9168 9207 9175
f 5707 9594 5619
f 5707 5662 9593
f 9594 5707 9593
f 905 9595 875
f 816 9595 850
f 875 9595 816
f 1850 1794 1754
f 1794 1850 1818
f 5691 5664 5665
f 5640 5664 5691
f 5640 5691 5663
f 4440 9677 9596
f 9596 9677 4406
f 9596 4461 4498
f 4461 9596 4406
f 9425 9860 9417
f 9417 9860 9390
f 8674 8695 8684
f 8695 9597 8684
f 8684 9597 8673
f 5107 5152 5105
f 3131 3119 3024
f 3177 3119 3131
f 4560 4580 4551
f 4572 4592 9598
f 4572 9598 4580
f 4280 9599 4229
f 4229 9599 4377
f 957 9600 970
f 9600 971 9601
f 957 971 9600
f 9603 7190 9602
f 7322 9603 9602
f 627 655 592
f 3828 3794 3795
f 762 9605 761
f 879 878 9604
f 761 9605 879
f 879 9604 761
f 7711 9606 7553
f 7553 9606 9725
f 9607 5341 5245
f 5391 5340 5341
f 6689 6777 6690
f 8669 8690 8694
f 8668 8694 8723
f 8723 8694 8706
f 869 870 929
f 929 942 941
f 929 872 942
f 943 942 9608
f 7443 7426 7528
f 7426 7294 7528
f 9609 7528 7294
f 6926 7154 6970
f 6926 9610 7154
f 7154 9610 7020
f 9316 9330 9293
f 9330 9611 9293
f 9611 9263 9293
f 5600 9613 5680
f 9614 9613 9612
f 5600 9612 9613
f 8913 8954 8932
f 8913 8947 8986
f 8995 9615 8986
f 8913 8986 8954
f 9615 8954 8986
f 3483 3624 3502
f 9616 9617 3502
f 9616 3502 3624
f 5161 5307 5270
f 5307 5271 5270
f 7764 7724 9618
f 7724 7629 9618
f 7629 7581 9618
f 7281 7154 7299
f 7299 7154 7114
f 9620 9621 575
f 9621 9620 9619
f 606 9619 9620
f 9622 606 9620
f 9532 9513 9488
f 9623 9624 9498
f 9488 9623 9532
f 7174 9625 7064
f 9625 7174 9626
f 7232 9626 7174
f 9521 9520 9503
f 9502 9519 9518
f 9502 9518 9507
f 9519 9503 9520
f 9502 9503 9519
f 5061 4915 9627
f 4915 4898 9627
f 8822 8835 8839
f 8847 9632 9630
f 9630 9629 8840
f 8835 9628 9629
f 9628 8840 9629
f 9630 9632 9629
f 8835 9632 8839
f 8835 9629 9632
f 9631 8848 9628
f 633 9633 606
f 670 9633 633
f 669 668 670
f 606 9633 621
f 670 646 9633
f 621 9633 646
f 646 670 668
f 9046 9636 9638
f 9635 9634 9637
f 9634 9638 9637
f 9110 9638 9634
f 9638 9110 9121
f 9636 8995 9637
f 9636 9637 9638
f 1015 1014 9641
f 1005 9639 987
f 1005 1030 9639
f 9639 9640 975
f 1005 1014 1030
f 9641 1014 1005
f 1030 9640 9639
f 1876 1915 1888
f 1926 1790 1915
f 1813 1915 1790
f 9343 9374 9644
f 9394 9373 9645
f 9644 9374 9643
f 9643 9389 9645
f 9645 9373 9643
f 9389 9643 9642
f 9642 9643 9374
f 5552 9647 5624
f 5552 5536 9647
f 5536 9646 9647
f 9646 5558 5572
f 9646 5572 5571
f 5571 9647 9646
f 8530 9651 8425
f 9651 9648 8555
f 9651 8555 9649
f 8425 9649 8464
f 9650 8555 9648
f 8554 8555 9650
f 8603 8554 9650
f 8425 9651 9649
f 4094 3916 4045
f 6421 6374 6286
f 6576 6641 6717
f 9652 6374 6421
f 9652 6523 6374
f 6421 6576 9652
f 9652 6576 6717
f 1049 9653 1040
f 1017 1087 1049
f 1012 985 9654
f 1037 1038 9655
f 9653 9655 1038
f 985 968 9654
f 1041 1049 1040
f 1041 1012 9654
f 1041 9654 1049
f 1040 9653 1038
f 968 1049 9654
f 800 780 9658
f 9657 692 614
f 780 9656 9658
f 707 781 9659
f 9656 9660 9658
f 9659 687 707
f 9657 9661 9662
f 9657 9662 692
f 800 9658 9659
f 9662 642 9660
f 9658 9660 642
f 9658 642 687
f 687 9659 9658
f 781 800 9659
f 9656 692 9660
f 9660 692 9662
f 9661 641 9662
f 1142 1113 1128
f 1114 1128 1065
f 916 9664 9666
f 969 9663 9664
f 1119 9665 1142
f 874 9667 949
f 9665 1128 1113
f 1142 9665 1113
f 1065 1128 9663
f 9665 9664 9663
f 1128 9665 9663
f 9667 9665 949
f 9667 9666 9664
f 949 1119 963
f 949 9665 1119
f 9665 9667 9664
f 9667 825 9666
f 9670 968 9671
f 930 9668 9671
f 847 859 911
f 847 922 9668
f 9668 889 9669
f 9608 889 930
f 9668 978 9671
f 911 922 847
f 9671 978 9673
f 9673 9670 9671
f 9668 922 978
f 9668 930 889
f 847 9668 9669
f 978 9672 9673
f 9676 4406 9677
f 4147 4243 4250
f 9674 9675 9676
f 9676 4250 4243
f 9675 4250 9676
f 9674 9676 9677
f 9678 9679 9680
f 9155 9680 9679
f 9680 9092 9678
f 9681 9682 396
f 317 352 9688
f 352 396 9682
f 9685 9684 339
f 9681 9683 9684
f 339 9683 325
f 9682 9681 9684
f 352 9682 9688
f 9681 384 9683
f 9686 9683 384
f 9682 9684 9685
f 9687 352 317
f 339 9684 9683
f 9682 9685 9688
f 339 303 9685
f 4782 9690 4921
f 4919 4932 9691
f 9691 4748 4764
f 5085 5103 9689
f 4932 9690 9691
f 4782 4748 9690
f 4921 9690 4932
f 4764 4919 9691
f 5145 4921 5103
f 4921 4932 9689
f 9690 4748 9691
f 5103 4921 9689
f 9430 9694 9473
f 9416 9424 9394
f 9430 9423 9694
f 9435 9432 9480
f 9432 9693 9692
f 9407 9695 9693
f 9692 9693 9695
f 9416 9446 9424
f 9435 9480 9694
f 9692 9480 9432
f 9446 9695 9424
f 9407 9394 9424
f 9407 9424 9695
f 4663 4638 4640
f 4680 4640 4638
f 4727 9697 4690
f 4701 9697 4727
f 4690 9697 4715
f 4716 4704 4730
f 4704 4680 4639
f 9696 4639 9697
f 4704 4639 4730
f 9697 4701 9696
f 4663 4640 4679
f 4730 4639 9696
f 393 9703 427
f 9701 346 347
f 9703 9702 427
f 9701 351 9703
f 351 9701 318
f 296 9698 295
f 347 318 9701
f 9699 9700 346
f 9698 318 347
f 347 320 9698
f 9703 393 9701
f 335 9700 9699
f 9699 346 9701
f 393 9699 9701
f 5238 9705 5324
f 5144 9705 5238
f 9706 9705 5108
f 5008 4847 9704
f 9704 4807 9706
f 4848 5056 9706
f 4807 9704 4847
f 9704 9706 5108
f 4848 9706 4807
f 9707 2484 2472
f 2443 9711 9710
f 9710 9711 2422
f 9711 2359 2422
f 9708 2679 9709
f 2484 9710 2422
f 2484 9707 9710
f 2508 9710 9707
f 9709 2519 9708
f 2359 9711 2321
f 2607 2508 9709
f 2519 9709 9707
f 9707 9709 2508
f 9715 9719 4653
f 4574 4636 4594
f 4635 4594 4636
f 4659 9721 4641
f 4623 9713 9719
f 4653 9719 4673
f 4624 4635 9713
f 4636 9720 4635
f 9718 4673 9719
f 9721 9716 9712
f 9721 4658 9716
f 9717 9718 9713
f 4674 9717 9720
f 9713 9718 9719
f 9716 9720 4596
f 9715 4609 9719
f 4658 4674 9720
f 9720 9717 4635
f 9712 9716 9714
f 9721 9712 4641
f 4658 9720 9716
f 4635 9717 9713
f 4596 9714 9716
f 4609 4623 9719
f 9717 4674 9718
f 6850 9727 9730
f 7553 9725 9728
f 9726 7341 9722
f 9724 7079 9723
f 7271 7326 9723
f 9724 9729 9727
f 7326 9726 9722
f 9722 7223 9729
f 6795 6850 6882
f 9729 9723 9722
f 9727 6851 9724
f 9728 9725 9726
f 7326 9728 9726
f 6851 9582 9724
f 9723 9729 9724
f 6882 6850 9730
f 9730 9729 6882
f 9730 9727 9729
f 7326 9722 9723
f 9537 9548 9528
f 9541 9733 9553
f 9732 9553 9554
f 9554 9553 9733
f 9550 9544 9531
f 9531 9544 9543
f 9731 9553 9732
f 9550 9538 9733
f 9549 9553 9731
f 9735 6076 6232
f 6218 9735 6232
f 6218 6076 9735
f 9734 9736 5996
f 5634 9739 9737
f 9737 9740 5741
f 5996 9742 9734
f 9734 9742 6005
f 9741 9736 5925
f 9738 6005 9742
f 6076 9738 9742
f 5741 9741 5925
f 9740 9741 5741
f 6218 9738 6076
f 9741 5996 9736
f 7087 7116 9744
f 9743 9750 7563
f 7816 7836 7735
f 7563 9750 7604
f 7116 9749 9744
f 7400 9744 9749
f 7836 9745 7735
f 9752 9746 7415
f 7836 7872 9745
f 7415 9746 9743
f 9748 9743 7431
f 9751 9746 9752
f 9751 9749 7116
f 9750 9743 9748
f 9746 7431 9743
f 7431 9751 7318
f 7318 9751 9747
f 9745 9748 7735
f 7116 9747 9751
f 9749 9751 9752
f 9745 9750 9748
f 9752 7400 9749
f 7431 9746 9751
f 3404 3292 3387
f 3246 3387 3292
f 3246 3053 3126
f 2924 9755 2829
f 2988 3081 3102
f 3126 3053 2998
f 9754 3045 9755
f 3053 3246 9753
f 3053 9753 3081
f 9755 2924 9754
f 3292 9753 3246
f 6568 9759 9758
f 9760 9625 6968
f 6520 6568 6567
f 6568 6520 9757
f 9759 9757 6640
f 6507 6640 9757
f 6839 9756 6771
f 9758 6839 6968
f 6507 9757 9761
f 6771 9759 6640
f 6362 9761 6428
f 9759 6771 9756
f 9760 6968 6839
f 6839 9758 9756
f 9758 9759 9756
f 7107 9772 7254
f 9764 9763 7134
f 7134 9763 7066
f 7323 9772 7127
f 7289 9772 7323
f 6665 9769 9767
f 6618 9767 6638
f 6638 9769 9773
f 6871 6848 6872
f 9768 9764 7116
f 6875 9776 9774
f 6875 6860 9776
f 9775 9777 9766
f 7066 9763 6860
f 6934 9766 6955
f 6955 9766 9762
f 6638 9773 6736
f 6859 9776 6860
f 9769 9774 9773
f 6859 9775 9776
f 6859 9763 9764
f 9772 6955 9770
f 9777 9775 9768
f 9772 9770 7127
f 6955 9762 9770
f 9770 9762 9765
f 9767 9769 6638
f 9775 9771 9776
f 6736 9771 6872
f 6859 9764 9768
f 9766 9771 9775
f 9772 7107 6955
f 9771 9773 9774
f 9771 9774 9776
f 9777 6950 9765
f 9762 9777 9765
f 6736 6872 6848
f 9765 6876 9770
f 9777 9762 9766
f 6736 9773 9771
f 9768 9775 6859
f 6961 7012 9788
f 7162 9788 7012
f 6907 9780 7146
f 7040 9788 7162
f 7166 9785 9797
f 6956 9783 6976
f 6918 9790 6853
f 9786 6976 9796
f 6996 9781 6918
f 6858 6976 9786
f 6853 9790 6870
f 9787 9795 9786
f 9780 9791 9793
f 6996 9789 9781
f 9797 9785 9799
f 9787 9798 9799
f 9794 9779 9792
f 9787 9793 9795
f 9793 9781 9795
f 6870 9790 9791
f 9798 9796 9783
f 9798 9786 9796
f 9797 9782 7166
f 9798 9783 9797
f 9786 9778 6858
f 9790 6918 9781
f 7185 7146 9780
f 9787 9799 9780
f 9784 9947 9795
f 9789 9779 9781
f 9799 9798 9797
f 9780 9785 7185
f 9796 6976 9783
f 9789 9788 7040
f 9793 9791 9790
f 6996 9788 9789
f 9792 9779 7040
f 9947 9786 9795
f 9794 9781 9779
f 9786 9947 9778
f 9785 9780 9799
f 9781 9794 9795
f 9787 9786 9798
f 9783 9782 9797
f 9787 9780 9793
f 9790 9781 9793
f 9946 9947 9784
f 9795 9794 9784
f 65 9810 33
f 9802 33 9810
f 68 55 9812
f 9805 9841 6
f 9814 35 9825
f 7 6 9841
f 9819 9827 3
f 3 18 9819
f 26 25 9804
f 83 9803 9828
f 30 83 9828
f 9807 9839 9834
f 9831 9822 9800
f 9830 9800 26
f 9829 9832 9843
f 9834 9839 9802
f 9817 3 9827
f 18 2 9819
f 9809 9825 9829
f 9826 9807 9836
f 9824 94 9802
f 9828 9813 30
f 9811 9820 9815
f 9809 9829 9805
f 9808 9837 9816
f 9813 9822 31
f 9804 9830 26
f 9809 9812 9814
f 9816 9807 9826
f 9812 9809 9805
f 9843 9808 9816
f 9806 9832 9825
f 9826 9820 9842
f 9800 9803 26
f 9808 9843 61
f 9833 9811 9821
f 94 33 9802
f 9800 9822 9828
f 9831 9818 9823
f 9823 9818 9840
f 9832 9806 61
f 9843 9832 61
f 9814 9825 9809
f 9826 9842 9841
f 9842 7 9841
f 9811 9833 9820
f 9838 9811 9815
f 9815 9826 9836
f 9826 9815 9820
f 9818 9831 9835
f 9802 9839 9824
f 9819 9840 9827
f 23 9801 9835
f 9816 9839 9807
f 9819 9823 9840
f 9824 9839 9837
f 9816 9826 9843
f 24 9830 9804
f 9811 9838 22
f 9801 9838 9835
f 9826 9841 9829
f 9831 9830 24
f 9801 22 9838
f 9838 9840 9818
f 9835 9838 9818
f 9810 9817 9836
f 9811 22 9821
f 9823 9819 2
f 9803 9800 9828
f 9828 9822 9813
f 9829 9825 9832
f 9823 2 9831
f 2 9822 9831
f 9840 9836 9817
f 9827 9840 9817
f 68 9812 9805
f 9836 9834 9802
f 9831 24 9835
f 9841 9805 9829
f 9807 9834 9836
f 9815 9836 9840
f 9826 9829 9843
f 9810 9836 9802
f 31 9822 2
f 9800 9830 9831
f 9815 9840 9838
f 9837 9839 9816
f 9842 9820 8
f 8797 9846 9850
f 9557 9857 9853
f 8809 8808 8801
f 8806 9846 8802
f 9845 9858 9854
f 8801 9852 8800
f 8801 8808 9852
f 8800 9852 8791
f 8807 9844 8815
f 8790 9856 9851
f 8802 8797 8814
f 8814 8806 8802
f 9848 9853 9845
f 9845 9850 9858
f 8795 9857 9557
f 8813 9850 9845
f 8790 8791 9856
f 9851 9856 9855
f 9845 9853 9857
f 9844 9847 9855
f 9849 9845 9857
f 9857 8795 9849
f 9854 9858 8825
f 8814 8797 8788
f 9845 9854 9848
f 9848 9854 8829
f 9859 9847 9844
f 8797 8802 9846
f 8824 9848 8829
f 8813 9845 9849
f 9855 9856 8808
f 9852 8808 9856
f 8814 8788 8807
f 9855 9847 9851
f 9859 9844 8807
f 9859 8807 8788
f 9858 9846 8825
f 9846 9858 9850
f 8791 9852 9856
f 9855 8816 9844
f 9373 9362 9643
f 2954 3013 3024
f 6396 6500 6520
f 929 870 872
f 6042 5947 5868
f 1750 1847 1743
f 8600 9584 8567
f 7737 7790 7817
f 9698 320 295
f 4679 4640 4703
f 5482 5465 5466
f 9622 633 606
f 5630 5800 5831
f 6956 7043 9783
f 9783 7043 9782
f 9526 9506 9516
f 541 532 490
f 5663 5639 5640
f 3911 3941 3934
f 651 527 471
f 527 440 471
f 1014 1015 1046
f 9477 9474 9446
f 9448 9477 9446
f 9695 9446 9474
f 5447 5537 5558
f 780 751 9656
f 8099 8054 7962
f 8054 7998 7962
f 9556 9555 9537
f 9555 9548 9537
f 4636 4596 9720
f 3268 3098 3219
f 9528 9548 9540
f 9437 9383 9860
f 4935 4842 4936
f 4842 4835 4936
f 9527 9545 9538
f 9861 9554 9551
f 50 44 1
f 50 9874 44
f 11 53 9904
f 9884 9904 9908
f 9867 9911 10
f 9864 9900 89
f 36 9892 9882
f 13 9866 14
f 9862 51 9897
f 9881 9897 51
f 9875 9874 50
f 43 9872 9893
f 49 9899 9872
f 49 9906 9899
f 48 9906 49
f 46 41 9905
f 46 9905 9891
f 9886 9873 4
f 9870 9880 9879
f 9879 9880 9876
f 9885 9878 9905
f 9875 9877 9879
f 1 9901 9885
f 9884 9908 9910
f 9898 9895 9896
f 13 9873 9866
f 9910 9907 9884
f 44 9901 1
f 9887 9863 9895
f 9885 9905 9883
f 9870 9899 9880
f 9900 9864 9865
f 9883 9898 9896
f 41 40 9905
f 9875 9878 9874
f 9879 9878 9875
f 9885 9901 9878
f 9879 9877 9870
f 9908 9911 9867
f 9863 9869 9909
f 9896 9902 9897
f 9868 9890 9871
f 5 9888 16
f 9886 9884 9907
f 9896 9885 9883
f 9863 9887 9866
f 9873 9869 9866
f 9868 17 9888
f 9871 9890 9905
f 9906 9871 9880
f 9872 9870 9893
f 5 9868 9888
f 9882 9892 9909
f 9864 9882 9909
f 9863 9909 9902
f 9869 9907 9865
f 9903 9868 5
f 49 9872 43
f 9903 9890 9868
f 9872 9899 9870
f 9893 9870 9877
f 9867 9865 9910
f 9865 9867 9900
f 9902 9896 9895
f 9897 9902 9862
f 9907 9869 9873
f 9905 9890 9891
f 9894 9897 1
f 44 9874 9901
f 9866 9887 14
f 9876 9878 9879
f 9880 9905 9876
f 40 9883 9905
f 1 9897 9881
f 9880 9871 9905
f 17 9871 9906
f 9904 9884 9886
f 9910 9908 9867
f 9886 9907 9873
f 40 9898 9883
f 9891 9890 9889
f 9894 9896 9897
f 9896 9894 9885
f 9865 9907 9910
f 9863 9866 9869
f 9902 9909 9862
f 9874 9878 9901
f 9903 9889 9890
f 9904 53 9908
f 9892 9862 9909
f 1 9885 9894
f 9867 89 9900
f 9906 9880 9899
f 9863 9902 9895
f 53 9911 9908
f 9904 9886 12
f 9864 9909 9865
f 9905 9878 9876
f 9868 9871 17
f 9865 9909 9869
f 3576 9933 9913
f 9933 9912 9914
f 9933 9914 9913
f 9912 9915 9914
f 9912 3569 9915
f 3569 9923 9915
f 3569 9916 9923
f 3598 9923 9916
f 3598 9921 9923
f 3544 9922 9921
f 3430 9922 3544
f 9914 9924 9913
f 3430 9919 9922
f 9914 9915 9927
f 9927 9920 9917
f 9928 9922 9920
f 9924 9914 9927
f 3344 9918 9925
f 3232 3253 9929
f 3253 3322 9918
f 9915 9923 9928
f 9918 9929 3253
f 9922 9928 9921
f 9924 9917 3484
f 3562 9913 9924
f 3484 3562 9924
f 9926 3423 9917
f 9922 9919 9920
f 9925 9918 9926
f 9918 3322 9926
f 9926 3322 3423
f 9927 9928 9920
f 9928 9927 9915
f 9927 9917 9924
f 3484 9917 3423
f 9928 9923 9921
f 9917 9920 9926
f 9920 9925 9926
f 9925 9920 9919
f 3227 3209 3189
f 9933 9941 9912
f 3569 9912 9930
f 3227 3296 9936
f 3351 9937 9935
f 9941 3555 9937
f 3339 9931 9937
f 9932 9936 9934
f 9934 9936 3296
f 3296 9942 9931
f 9937 9931 9941
f 9934 9940 9932
f 9912 9941 9930
f 9940 9934 3339
f 9939 9942 9938
f 9935 9937 3555
f 9942 9930 9941
f 9933 3555 9941
f 9930 9942 9939
f 3489 9930 9939
f 9937 3351 3339
f 3296 9938 9942
f 3227 9936 3209
f 3569 9930 3489
f 3209 9936 9932
f 9934 3296 9931
f 3339 9934 9931
f 9941 9931 9942
f 6997 7059 7014
f 7342 9959 7492
f 9961 9953 7141
f 7014 7031 7126
f 7057 9944 7058
f 7082 7081 7083
f 6855 7011 9784
f 9945 9784 7011
f 9957 9953 9961
f 9950 7031 9956
f 9948 7083 7081
f 9958 9945 7009
f 9943 9958 9962
f 9954 7058 9944
f 9953 9957 9952
f 9948 9954 9955
f 9952 9955 9962
f 9961 9960 9950
f 9953 9952 9949
f 7125 9960 9959
f 9961 9956 9957
f 9950 9956 9961
f 9943 9778 9947
f 9784 9945 9946
f 9956 9952 9957
f 9955 7083 9948
f 7204 9951 7141
f 7381 7555 7492
f 9946 9958 9947
f 9949 9952 9962
f 9955 9956 7031
f 9954 9962 9955
f 9961 9959 9960
f 7059 7031 7014
f 9956 9955 9952
f 9958 9943 9947
f 7059 9955 7031
f 7009 9953 9949
f 7492 9959 9951
f 9951 7381 7492
f 9943 9962 9954
f 9943 9954 9944
f 9959 7141 9951
f 7059 7083 9955
f 9949 9962 9958
f 9946 9945 9958
f 9961 7141 9959
f 6764 7047 9966
f 9984 9967 6913
f 9981 9973 6677
f 6913 9967 9968
f 9967 9969 6856
f 9965 9983 9975
f 6861 6806 9975
f 6827 9963 6874
f 6618 9974 6639
f 6856 9972 6748
f 6893 6932 9963
f 9982 9980 9972
f 9978 9970 9981
f 9977 9983 9965
f 9969 9975 9983
f 6807 6734 6806
f 6953 9963 6932
f 6748 9980 9964
f 9968 9967 6914
f 9982 9972 9977
f 9977 9970 9982
f 9979 9966 6893
f 6603 6637 9978
f 9970 9978 6637
f 9979 6893 9963
f 9970 9973 9981
f 9969 9967 9984
f 9980 6672 9964
f 9980 6748 9972
f 6827 9976 9963
f 9972 9969 9983
f 9975 9984 6861
f 9971 9966 9979
f 9975 9969 9984
f 6637 9971 9970
f 9963 9976 9979
f 6856 9969 9972
f 9973 9970 9977
f 9977 9972 9983
f 9981 9974 6603
f 9979 9982 9970
f 9979 9970 9971
f 9980 9976 6672
f 6680 9971 6637
f 9980 9982 9976
f 6806 6734 9965
f 9981 6603 9978
f 9977 9965 9973
f 6806 9965 9975
f 9982 9979 9976
f 6672 6631 9964
f 6734 9973 9965
f 4777 9989 4732
f 4717 9987 9999
f 5266 9988 9997
f 4771 9990 4745
f 4746 10001 9989
f 9998 10000 5194
f 4912 9992 9986
f 4879 9987 4820
f 9999 9987 9992
f 4665 9993 9996
f 4732 10001 4689
f 4731 9994 9989
f 5104 9995 9998
f 4689 9990 4665
f 10000 9998 9995
f 9996 4732 4665
f 9997 9988 9985
f 9985 5477 5544
f 4665 9990 4771
f 4665 4771 4717
f 9995 5425 9988
f 4665 4681 9993
f 4778 9996 9993
f 9987 4879 9992
f 9988 5477 9985
f 9988 5425 5477
f 5194 10000 5266
f 9989 9991 4746
f 9989 9994 9991
f 4666 9999 9992
f 5561 5544 5477
f 9986 9992 5014
f 10000 9995 9988
f 9994 4762 9991
f 4879 5014 9992
f 9999 4666 4681
f 10001 4732 9989
f 9998 9986 5014
f 9988 5266 10000
f 9986 9998 5194
f 4732 4689 4665
f 4792 9991 4762
f 9887 9895 14
f 9889 46 9891
f 3562 3576 9913
f 9966 9971 6680
f 10002 4793 4731
f 9994 4731 4793
f 6587 6603 9974
f 6677 9973 6639
f 9973 6734 6639
f 9769 6665 6762
