v 0.699459 1.78119 0.380993
v 0.715109 1.7388 -0.281556
v 0.704278 1.80775 -0.338552
v 0.691121 1.90265 0.307549
v 0.702426 1.70338 0.289218
v 0.698976 1.87907 -0.496966
v 0.705724 1.86159 -0.492286
v 0.717914 1.82608 -0.468687
v 0.696926 1.74151 0.366834
v 0.68898 1.94393 0.403279
v 0.683319 1.96957 0.352825
v 0.686857 1.95102 0.33205
v 0.694325 1.85435 0.305336
v 0.697337 1.8312 0.314604
v 0.697766 1.80459 0.313931
v 0.702488 1.70093 0.286293
v 0.704967 1.67442 0.320279
v 0.707894 1.77335 -0.303615
v 0.702231 1.80326 -0.333196
v 0.669629 1.90754 -0.405042
v 0.711631 1.84261 -0.483766
v 0.724299 1.79397 -0.425387
v 0.72552 1.77103 -0.40239
v 0.732725 1.72304 -0.349346
v 0.736415 1.69375 -0.318126
v 0.734754 1.69408 -0.309101
v 0.728088 1.74459 -0.375612
v 0.732895 1.71642 -0.345962
v 0.735076 1.69989 -0.329501
v 0.72177 1.70305 -0.280529
v 0.714716 1.72782 -0.273925
v 0.712094 1.73698 -0.278341
v 0.688897 1.84707 -0.371615
v 0.662189 1.92703 -0.436701
v 0.663281 1.93501 -0.450643
v 0.69262 1.83753 0.409719
v 0.688462 1.86097 0.412614
v 0.686459 1.92827 0.315458
v 0.691536 1.87429 0.302117
v 0.696663 1.78098 0.308443
v 0.69447 1.77109 0.305202
v 0.698141 1.72368 0.288457
v 0.696822 1.70453 0.355487
v 0.695755 1.76728 0.374243
v 0.688218 1.89693 0.304486
v 0.69457 1.75183 0.298707
v 0.704748 1.67549 0.304757
v 0.701884 1.67713 0.334763
v 0.700179 1.68747 0.347234
v 0.692777 1.76457 0.375043
v 0.69572 1.82152 0.402814
v 0.683776 1.96324 0.390066
v 0.683828 1.96871 0.372805
v 0.664344 1.93611 -0.482443
v 0.672988 1.92567 -0.495166
v 0.691817 1.89081 -0.501494
v 0.71563 1.71329 -0.277059
v 0.710137 1.75013 -0.286577
v 0.700271 1.81608 -0.346378
v 0.657686 1.92096 -0.431821
v 0.668418 1.92024 -0.419513
v 0.716714 1.81028 -0.454483
v 0.732625 1.7092 -0.340009
v 0.701718 1.77075 -0.30665
v 0.693931 1.83753 -0.365768
v 0.67402 1.89356 -0.393258
v 0.652569 1.90768 -0.425235
v 0.682115 1.91215 -0.501564
v 0.695317 1.81942 0.312236
v 0.701724 1.69003 0.288842
v 0.691228 1.71912 0.359133
v 0.693009 1.73524 0.365526
v 0.684365 1.86675 -0.499961
v 0.72217 1.77322 -0.407234
v 0.70794 1.74941 -0.385331
v 0.734049 1.69099 -0.310049
v 0.732094 1.69062 -0.301991
v 0.7093 1.72088 -0.278671
v 0.692739 1.81257 -0.34686
v 0.687817 1.79739 0.309136
v 0.690925 1.70855 0.285393
v 0.713263 1.81156 -0.458669
v 0.726903 1.69563 -0.288031
v 0.696933 1.779 -0.316557
v 0.687719 1.78055 0.305758
v 0.687456 1.75548 0.370083
v 0.678531 1.8836 0.411469
v 0.692966 1.89621 0.415009
v 0.695429 1.91019 0.412859
v 0.679212 1.95807 0.396708
v 0.701376 1.8428 -0.485809
v 0.721042 1.79126 -0.429043
v 0.693505 1.76458 -0.305732
v 0.681887 1.86969 -0.380602
v 0.679987 1.9063 -0.505349
v 0.688313 1.81338 0.310672
v 0.690988 1.72818 0.28908
v 0.701357 1.68089 0.294524
v 0.694708 1.67635 0.299723
v 0.687887 1.80616 0.395757
v 0.676235 1.97146 0.381297
v 0.704255 1.82764 -0.475904
v 0.722947 1.71746 -0.349312
v 0.705626 1.73938 -0.284904
v 0.667104 1.8785 -0.392062
v 0.646625 1.92764 -0.45005
v 0.659967 1.93885 -0.466146
v 0.666055 1.92796 -0.498229
v 0.67128 1.91711 -0.5049
v 0.677695 1.94257 0.323806
v 0.692497 1.68429 0.290474
v 0.683923 1.73799 0.36409
v 0.680574 1.81801 0.400324
v 0.677112 1.97563 0.364705
v 0.677893 1.97056 0.348801
v 0.681822 1.96003 0.337131
v 0.711067 1.79627 -0.445171
v 0.70877 1.78207 -0.42835
v 0.720679 1.73727 -0.3702
v 0.723547 1.70478 -0.337407
v 0.697527 1.7248 -0.284734
v 0.693393 1.80447 -0.340049
v 0.677518 1.84218 -0.368369
v 0.668384 1.8593 -0.380161
v 0.647454 1.92312 -0.443621
v 0.649598 1.93215 -0.456799
v 0.656977 1.93437 -0.487299
v 0.683153 1.88605 -0.503333
v 0.680741 1.89383 0.304921
v 0.674001 1.86195 0.305708
v 0.690164 1.74551 0.294143
v 0.688606 1.688 0.344554
v 0.685799 1.7693 0.375528
v 0.675206 1.78964 0.385495
v 0.682802 1.94137 0.404209
v 0.691847 1.84848 -0.491302
v 0.718444 1.69736 -0.33072
v 0.702094 1.70903 -0.282052
v 0.701424 1.74636 -0.289784
v 0.644321 1.93216 -0.473918
v 0.649692 1.9199 -0.496615
v 0.679731 1.91441 0.310767
v 0.68152 1.8498 0.303978
v 0.681695 1.75739 0.293183
v 0.684575 1.73315 0.287786
v 0.685727 1.67392 0.325083
v 0.710138 1.76544 -0.403871
v 0.673492 1.80409 -0.337832
v 0.659167 1.89505 -0.407977
v 0.685756 1.70317 0.352454
v 0.681788 1.71748 0.357602
v 0.671339 1.85358 0.408274
v 0.667668 1.9528 0.395307
v 0.666205 1.97287 0.364492
v 0.706478 1.80957 -0.461697
v 0.710592 1.7327 -0.368444
v 0.713373 1.71848 -0.353857
v 0.705422 1.69172 -0.292123
v 0.710243 1.7022 -0.282452
v 0.685103 1.78243 -0.321036
v 0.669819 1.91879 0.316126
v 0.682012 1.79596 0.305071
v 0.684912 1.71673 0.285105
v 0.689908 1.68008 0.337347
v 0.671324 1.80611 0.393559
v 0.672874 1.90098 0.40812
v 0.674194 1.92675 0.405025
v 0.669068 1.96219 0.337633
v 0.669433 1.94261 0.324868
v 0.694151 1.83271 -0.481883
v 0.685327 1.73777 -0.2961
v 0.685311 1.7614 -0.306868
v 0.656869 1.91229 -0.503862
v 0.667608 1.89606 -0.507283
v 0.671412 1.8885 0.309066
v 0.695981 1.67309 0.31237
v 0.676848 1.75973 0.368563
v 0.67322 1.83326 0.40549
v 0.666092 1.92533 0.40147
v 0.664592 1.9695 0.349418
v 0.686153 1.83378 -0.484144
v 0.696353 1.80657 -0.462866
v 0.712183 1.71081 -0.346152
v 0.715005 1.68653 -0.308049
v 0.71368 1.68829 -0.29844
v 0.664361 1.83482 -0.362769
v 0.657952 1.87921 -0.398851
v 0.680354 1.72411 0.286237
v 0.684443 1.68605 0.287641
v 0.6861 1.67312 0.301257
v 0.668314 1.76892 0.373098
v 0.668429 1.87908 0.410499
v 0.667456 1.94016 0.399776
v 0.6597 1.96916 0.358944
v 0.667913 1.95461 0.331749
v 0.698948 1.77394 -0.424076
v 0.702149 1.72981 -0.364101
v 0.717101 1.69026 -0.320129
v 0.640987 1.91916 -0.450642
v 0.645144 1.92758 -0.485167
v 0.656946 1.92577 0.321005
v 0.676358 1.8329 0.303774
v 0.676774 1.80006 0.297161
v 0.675875 1.72899 0.358141
v 0.665305 1.75597 0.367085
v 0.667494 1.82001 0.398309
v 0.663117 1.96325 0.384639
v 0.662727 1.96833 0.375271
v 0.701564 1.79281 -0.446169
v 0.699821 1.70316 -0.286249
v 0.696526 1.71502 -0.284433
v 0.652377 1.86676 -0.390484
v 0.64697 1.88878 -0.414623
v 0.641357 1.90467 -0.433135
v 0.643782 1.9315 -0.466419
v 0.671452 1.86594 -0.499327
v 0.66317 1.89523 0.311214
v 0.666604 1.88452 0.308421
v 0.676342 1.77124 0.289026
v 0.680445 1.74195 0.289412
v 0.682534 1.695 0.347497
v 0.660152 1.88022 0.407105
v 0.664249 1.8995 0.407747
v 0.658975 1.93846 0.393189
v 0.660265 1.95459 0.388329
v 0.699344 1.75227 -0.3941
v 0.702607 1.75354 -0.39125
v 0.697248 1.72532 -0.361179
v 0.710127 1.69988 -0.334202
v 0.70959 1.69171 -0.323225
v 0.656529 1.84156 -0.369955
v 0.634253 1.91814 -0.464456
v 0.651582 1.90678 -0.500731
v 0.665038 1.84582 0.300845
v 0.667907 1.83544 0.299772
v 0.684184 1.69668 0.284934
v 0.676576 1.6873 0.340911
v 0.674683 1.71426 0.353209
v 0.662068 1.79232 0.382669
v 0.693465 1.7892 -0.442663
v 0.692654 1.74019 -0.380445
v 0.703128 1.70769 -0.34386
v 0.695931 1.68705 -0.296452
v 0.666046 1.80639 -0.340568
v 0.649349 1.85041 -0.381468
v 0.635736 1.9213 -0.474966
v 0.639417 1.91798 -0.486567
v 0.673459 1.73018 0.284847
v 0.685079 1.67108 0.31488
v 0.683248 1.68216 0.337287
v 0.664147 1.76819 0.374327
v 0.660447 1.7872 0.381251
v 0.654057 1.81971 0.39032
v 0.654725 1.93844 0.327633
v 0.707796 1.68595 -0.310282
v 0.690292 1.70467 -0.28758
v 0.658867 1.80437 -0.342007
v 0.643125 1.87398 -0.405313
v 0.63374 1.91198 -0.451729
v 0.676031 1.84024 -0.484797
v 0.651881 1.85261 0.395521
v 0.659421 1.91513 0.400702
v 0.652161 1.95815 0.36555
v 0.655047 1.9571 0.339775
v 0.659372 1.86934 0.305955
v 0.68548 1.67723 0.294361
v 0.667315 1.71766 0.352784
v 0.662326 1.74686 0.364338
v 0.686018 1.8061 -0.458675
v 0.69819 1.75467 -0.408011
v 0.698559 1.68372 -0.3041
v 0.68746 1.72251 -0.289298
v 0.641925 1.90864 -0.49045
v 0.659899 1.88335 -0.502443
v 0.681838 1.81704 -0.466257
v 0.670423 1.80077 0.293067
v 0.664626 1.74123 0.360391
v 0.656736 1.73896 0.369521
v 0.657092 1.76706 0.379465
v 0.654242 1.80269 0.385101
v 0.662652 1.84739 0.40371
v 0.657286 1.88652 0.403871
v 0.694863 1.76766 -0.425914
v 0.691836 1.75607 -0.414058
v 0.691453 1.74537 -0.406663
v 0.702471 1.69836 -0.334001
v 0.671782 1.77795 -0.318285
v 0.633258 1.89199 -0.437169
v 0.673343 1.75102 0.284627
v 0.677584 1.70949 0.283736
v 0.67818 1.69549 0.283411
v 0.674196 1.66835 0.313551
v 0.648089 1.89461 0.388053
v 0.652732 1.93717 0.378999
v 0.64935 1.9573 0.348993
v 0.650093 1.94747 0.33943
v 0.694948 1.74338 -0.394505
v 0.687265 1.72692 -0.362725
v 0.699732 1.68431 -0.312671
v 0.679115 1.72941 -0.297859
v 0.631811 1.90732 -0.456931
v 0.634317 1.90756 -0.483589
v 0.639175 1.89069 -0.486046
v 0.650668 1.88457 -0.493247
v 0.68214 1.79733 -0.457085
v 0.688482 1.7865 -0.447328
v 0.650583 1.92015 0.325225
v 0.646236 1.87672 0.314709
v 0.671692 1.7755 0.287797
v 0.678904 1.673 0.326035
v 0.658281 1.75007 0.373979
v 0.644965 1.81944 0.385196
v 0.644871 1.8663 0.388044
v 0.655259 1.89945 0.396662
v 0.650671 1.92426 0.379797
v 0.665419 1.85716 -0.489986
v 0.655191 1.85087 -0.477055
v 0.646144 1.92154 0.3369
v 0.654646 1.78343 0.383178
v 0.645702 1.95014 0.360375
v 0.688604 1.74134 -0.397055
v 0.674244 1.75709 -0.309093
v 0.632972 1.87742 -0.423081
v 0.631729 1.88793 -0.441518
v 0.632026 1.90694 -0.470079
v 0.673693 1.81929 -0.463927
v 0.650259 1.90145 0.319331
v 0.659783 1.82761 0.298488
v 0.657999 1.79784 0.292359
v 0.679299 1.67395 0.295173
v 0.670542 1.69583 0.343531
v 0.659501 1.72114 0.349058
v 0.65863 1.73109 0.354409
v 0.638246 1.80681 0.385312
v 0.640448 1.87445 0.377263
v 0.645292 1.94162 0.368383
v 0.645522 1.82815 -0.368649
v 0.640266 1.85457 -0.394932
v 0.634077 1.89627 -0.479859
v 0.644428 1.87239 -0.478655
v 0.665772 1.73972 0.283765
v 0.664217 1.72281 0.283727
v 0.678603 1.68259 0.287912
v 0.676766 1.66872 0.304054
v 0.639939 1.78274 0.382636
v 0.64349 1.92743 0.36611
v 0.642413 1.93596 0.361424
v 0.652253 1.84012 0.30309
v 0.654185 1.7198 0.351436
v 0.650817 1.71956 0.356263
v 0.643794 1.90207 0.327061
v 0.654151 1.83471 -0.45493
v 0.685533 1.7728 -0.436834
v 0.68368 1.73343 -0.378567
v 0.69923 1.68945 -0.323043
v 0.691457 1.69224 -0.292519
v 0.661812 1.74617 -0.309428
v 0.661821 1.75791 -0.314414
v 0.667346 1.80152 -0.462831
v 0.678263 1.78731 -0.45247
v 0.647538 1.81668 0.299929
v 0.658479 1.75714 0.283633
v 0.669931 1.7047 0.284119
v 0.669026 1.68949 0.286346
v 0.664726 1.66989 0.318152
v 0.645273 1.75785 0.378046
v 0.629899 1.81227 0.384654
v 0.672686 1.76872 -0.437332
v 0.681319 1.75546 -0.413489
v 0.689297 1.70727 -0.340497
v 0.68535 1.68302 -0.306147
v 0.671793 1.72242 -0.30034
v 0.633842 1.82819 -0.385258
v 0.63373 1.85517 -0.406339
v 0.64186 1.84296 0.308822
v 0.651719 1.79986 0.293209
v 0.658415 1.77512 0.286626
v 0.659815 1.69708 0.338588
v 0.648946 1.7347 0.368214
v 0.637509 1.86033 0.378328
v 0.681131 1.71286 -0.346005
v 0.650858 1.78058 -0.328856
v 0.648241 1.79442 -0.341542
v 0.632309 1.85794 -0.417024
v 0.657833 1.80841 -0.462426
v 0.665412 1.66873 0.304764
v 0.651598 1.69858 0.337567
v 0.654915 1.7107 0.343711
v 0.638721 1.74439 0.375367
v 0.626445 1.77856 0.380815
v 0.634246 1.84928 0.377536
v 0.627188 1.85942 0.366692
v 0.636143 1.88382 0.353242
v 0.671669 1.73586 -0.381421
v 0.676379 1.71204 -0.296615
v 0.642455 1.83572 -0.440432
v 0.636243 1.73335 0.367371
v 0.638901 1.83725 0.384338
v 0.633133 1.86578 0.364427
v 0.668404 1.75415 -0.420771
v 0.682791 1.74092 -0.408326
v 0.657555 1.73383 -0.306474
v 0.644881 1.76583 -0.324172
v 0.636272 1.80314 -0.362687
v 0.632162 1.81735 -0.379621
v 0.632271 1.8388 -0.421225
v 0.65586 1.73996 0.281403
v 0.661409 1.69917 0.285278
v 0.647657 1.71275 0.349437
v 0.643681 1.72927 0.362436
v 0.621643 1.79775 0.38293
v 0.626358 1.86464 0.335563
v 0.634227 1.84178 0.309667
v 0.648738 1.79487 0.285122
v 0.652573 1.77218 0.276602
v 0.683881 1.68932 -0.321637
v 0.6704 1.68527 -0.30515
v 0.674223 1.69114 -0.29953
v 0.6748 1.70146 -0.297274
v 0.66149 1.71716 -0.302966
v 0.637215 1.78711 -0.344431
v 0.628667 1.83415 -0.407832
v 0.661456 1.71197 0.284102
v 0.661018 1.68228 0.289309
v 0.667744 1.67818 0.328772
v 0.661131 1.68475 0.331296
v 0.634156 1.87846 0.338423
v 0.633705 1.85641 0.31862
v 0.640465 1.81638 0.292107
v 0.64819 1.77884 0.276924
v 0.683291 1.69977 -0.331981
v 0.634183 1.79618 -0.353656
v 0.629145 1.81515 -0.377062
v 0.647673 1.82867 -0.451067
v 0.660021 1.82856 -0.461634
v 0.614272 1.8155 0.382987
v 0.6285 1.85967 0.326125
v 0.633548 1.84891 0.315049
v 0.662993 1.78612 -0.457996
v 0.675886 1.7349 -0.406115
v 0.667299 1.73112 -0.375717
v 0.647465 1.74019 -0.312511
v 0.645509 1.75478 -0.317372
v 0.648995 1.72167 0.281376
v 0.621335 1.73723 0.375622
v 0.608804 1.82714 0.380464
v 0.620659 1.85231 0.372265
v 0.62809 1.86612 0.351187
v 0.673354 1.7173 -0.360055
v 0.677643 1.71269 -0.352423
v 0.675549 1.69962 -0.333009
v 0.652276 1.72423 -0.308745
v 0.622029 1.81359 -0.373325
v 0.625719 1.82443 -0.393562
v 0.649084 1.8104 -0.456606
v 0.652601 1.73319 0.279893
v 0.654482 1.69449 0.286243
v 0.656409 1.66878 0.311859
v 0.646336 1.68342 0.327967
v 0.62148 1.72566 0.365459
v 0.667219 1.73516 -0.384128
v 0.661292 1.70351 -0.302292
v 0.626366 1.79636 -0.346953
v 0.632874 1.83098 -0.432241
v 0.666904 1.67319 0.294508
v 0.647429 1.69312 0.337749
v 0.645016 1.69675 0.342946
v 0.63355 1.72557 0.352915
v 0.622896 1.84126 0.379603
v 0.615484 1.86011 0.349126
v 0.663067 1.72365 -0.396483
v 0.666402 1.73219 -0.392548
v 0.651781 1.73143 -0.371305
v 0.666812 1.70637 -0.350201
v 0.681257 1.68395 -0.313305
v 0.655881 1.71019 -0.305895
v 0.629316 1.77806 -0.328424
v 0.634237 1.77366 0.274645
v 0.653184 1.6783 0.293371
v 0.649737 1.67448 0.322126
v 0.644332 1.68317 0.341328
v 0.639946 1.70387 0.342875
v 0.638756 1.71828 0.349339
v 0.617862 1.85869 0.360216
v 0.625151 1.85417 0.320295
v 0.66433 1.77118 -0.440992
v 0.652481 1.76965 -0.435909
v 0.639824 1.73948 -0.310047
v 0.624673 1.83031 -0.416747
v 0.654044 1.79513 -0.465574
v 0.617041 1.85671 0.331664
v 0.663898 1.69419 -0.300606
v 0.621335 1.79161 -0.34375
v 0.639871 1.7504 0.278087
v 0.648749 1.74474 0.27646
v 0.645108 1.72886 0.275462
v 0.631145 1.73533 0.371611
v 0.606193 1.84606 0.360805
v 0.661059 1.72336 -0.365998
v 0.674036 1.69823 -0.338723
v 0.655019 1.70167 -0.304423
v 0.642661 1.72491 -0.302969
v 0.619472 1.80455 -0.361524
v 0.636998 1.80156 -0.438504
v 0.64657 1.79901 -0.453332
v 0.643734 1.70682 0.277057
v 0.647017 1.67186 0.322426
v 0.645801 1.6699 0.332378
v 0.625907 1.69649 0.332567
v 0.624928 1.74714 0.376885
v 0.610773 1.78109 0.385132
v 0.603523 1.83594 0.37422
v 0.622885 1.82597 0.297883
v 0.633269 1.78548 0.277973
v 0.664388 1.76442 -0.43285
v 0.669635 1.68995 -0.330347
v 0.661639 1.68782 -0.303469
v 0.653385 1.68993 -0.307286
v 0.62752 1.76012 -0.326027
v 0.608746 1.78547 -0.357184
v 0.646889 1.69939 0.287386
v 0.653585 1.67026 0.302618
v 0.610072 1.754 0.379387
v 0.598764 1.79524 0.389248
v 0.618486 1.84086 0.312688
v 0.660164 1.75663 -0.424886
v 0.668184 1.73603 -0.406808
v 0.652799 1.73327 -0.382493
v 0.670621 1.69016 -0.32221
v 0.66621 1.68493 -0.312531
v 0.626887 1.81803 -0.425967
v 0.646369 1.79485 -0.46204
v 0.642704 1.68768 0.289545
v 0.648343 1.68709 0.289963
v 0.645073 1.67363 0.294361
v 0.645137 1.66905 0.316082
v 0.639704 1.68475 0.342469
v 0.621955 1.72255 0.353192
v 0.607935 1.85248 0.345058
v 0.619918 1.80054 0.28388
v 0.648012 1.78518 -0.458658
v 0.653091 1.71567 -0.396616
v 0.663528 1.68514 -0.325035
v 0.622983 1.77922 -0.330674
v 0.620349 1.82275 -0.398092
v 0.638784 1.66547 0.332725
v 0.625608 1.70852 0.335711
v 0.621751 1.71842 0.342259
v 0.595745 1.78226 0.389395
v 0.600123 1.80436 0.387205
v 0.629856 1.81053 0.288874
v 0.656455 1.74531 -0.417113
v 0.654933 1.7341 -0.412633
v 0.64808 1.70978 -0.298623
v 0.616011 1.80972 -0.380868
v 0.622029 1.79968 -0.417864
v 0.638266 1.79874 -0.442566
v 0.631141 1.76427 0.275371
v 0.62778 1.74614 0.283983
v 0.644763 1.66851 0.302177
v 0.64194 1.67266 0.339018
v 0.628871 1.67724 0.335424
v 0.614417 1.71399 0.342435
v 0.609621 1.70741 0.361237
v 0.611434 1.73517 0.377084
v 0.595355 1.82825 0.372694
v 0.654451 1.71559 -0.360188
v 0.655707 1.70185 -0.348341
v 0.655457 1.68353 -0.313065
v 0.637282 1.70332 -0.304595
v 0.632444 1.72796 -0.312705
v 0.637036 1.73723 0.279057
v 0.60593 1.7105 0.368652
v 0.615958 1.72497 0.371444
v 0.598659 1.83693 0.34281
v 0.5988 1.83103 0.320795
v 0.610931 1.77603 -0.338466
v 0.613938 1.79394 -0.403522
v 0.628369 1.79827 -0.440482
v 0.638122 1.78287 -0.450498
v 0.634967 1.69969 0.280998
v 0.64314 1.69683 0.27988
v 0.593995 1.79616 0.387827
v 0.591601 1.80089 0.379506
v 0.615077 1.81391 0.29047
v 0.637354 1.72732 -0.367545
v 0.650361 1.69063 -0.331632
v 0.620202 1.75275 -0.331488
v 0.608197 1.79102 -0.37356
v 0.609983 1.79449 -0.389526
v 0.614414 1.69661 0.331122
v 0.629563 1.77921 -0.441143
v 0.64465 1.76543 -0.42854
v 0.648151 1.71673 -0.387188
v 0.638603 1.72451 -0.374539
v 0.636814 1.72404 -0.360078
v 0.648669 1.70571 -0.353985
v 0.655022 1.68578 -0.308985
v 0.612505 1.74905 -0.330598
v 0.614886 1.79579 -0.421349
v 0.626602 1.73178 0.286304
v 0.636236 1.71509 0.27929
v 0.636426 1.67439 0.298916
v 0.634936 1.66927 0.306455
v 0.58961 1.7888 0.38582
v 0.592326 1.79828 0.339619
v 0.612722 1.83134 0.305614
v 0.622619 1.7723 0.267793
v 0.624355 1.74338 -0.327958
v 0.609879 1.78766 -0.400034
v 0.619613 1.79684 -0.419557
v 0.630178 1.79553 -0.447685
v 0.647476 1.74281 -0.417621
v 0.619651 1.7658 0.265768
v 0.621498 1.76173 0.275907
v 0.627244 1.7093 0.284161
v 0.643368 1.66554 0.327836
v 0.594971 1.7253 0.377621
v 0.599695 1.75617 0.381778
v 0.58731 1.78889 0.367397
v 0.588857 1.79553 0.348929
v 0.65209 1.67987 -0.320698
v 0.619077 1.73741 -0.329909
v 0.602777 1.76844 -0.342045
v 0.599817 1.77401 -0.382244
v 0.61467 1.79448 -0.429055
v 0.636272 1.76816 -0.432512
v 0.641677 1.74901 -0.419789
v 0.64604 1.7224 -0.415655
v 0.62053 1.66407 0.330218
v 0.578364 1.77523 0.387151
v 0.582257 1.78142 0.381839
v 0.588008 1.79669 0.33308
v 0.594862 1.80572 0.323399
v 0.600749 1.81774 0.295562
v 0.641334 1.72916 -0.420016
v 0.645875 1.68076 -0.314104
v 0.644722 1.69316 -0.304848
v 0.622388 1.71812 -0.326469
v 0.607071 1.7591 -0.335725
v 0.618 1.7312 0.28925
v 0.61582 1.71287 0.291809
v 0.619346 1.67037 0.331423
v 0.614724 1.71438 0.350761
v 0.587241 1.77737 0.389549
v 0.582236 1.78897 0.367395
v 0.590717 1.79446 0.317194
v 0.596648 1.80976 0.310299
v 0.601649 1.82948 0.310256
v 0.605429 1.81836 0.29278
v 0.662787 1.72304 -0.405532
v 0.610888 1.73737 -0.326843
v 0.593387 1.76606 -0.371737
v 0.602388 1.78698 -0.40042
v 0.626725 1.77271 -0.435646
v 0.632335 1.68423 0.288539
v 0.606792 1.7055 0.335646
v 0.598642 1.69132 0.358798
v 0.597257 1.71429 0.375491
v 0.576736 1.78694 0.37544
v 0.616338 1.77369 0.268728
v 0.640708 1.70224 -0.352853
v 0.643546 1.70259 -0.346469
v 0.635394 1.71612 -0.306662
v 0.620722 1.79173 -0.441386
v 0.631593 1.66872 0.303404
v 0.620078 1.66096 0.327422
v 0.575659 1.79742 0.361535
v 0.567608 1.80132 0.356032
v 0.577227 1.80472 0.34607
v 0.576784 1.8032 0.339209
v 0.59646 1.81102 0.300255
v 0.630193 1.72187 -0.361006
v 0.635475 1.69826 -0.336544
v 0.639998 1.68899 -0.308886
v 0.618456 1.71726 -0.328836
v 0.606216 1.73963 -0.327708
v 0.597797 1.78516 -0.410565
v 0.589598 1.753 0.381757
v 0.59322 1.79666 0.313131
v 0.596586 1.81011 0.290599
v 0.606444 1.79245 0.282129
v 0.636529 1.68639 -0.31564
v 0.598557 1.77062 -0.35493
v 0.628111 1.75624 -0.433467
v 0.633128 1.73904 -0.423012
v 0.617371 1.70301 0.291678
v 0.62375 1.67625 0.298859
v 0.621023 1.66457 0.310883
v 0.614004 1.68475 0.328443
v 0.572442 1.78567 0.377452
v 0.618966 1.74837 0.264555
v 0.636207 1.71483 -0.413716
v 0.641354 1.70652 -0.39188
v 0.6334 1.69058 -0.340907
v 0.600532 1.78836 -0.409143
v 0.615004 1.78296 -0.436309
v 0.629513 1.66069 0.319946
v 0.597079 1.68988 0.368157
v 0.585122 1.7313 0.37831
v 0.630653 1.69082 -0.342963
v 0.63657 1.68204 -0.318165
v 0.62928 1.69322 -0.315094
v 0.625658 1.69845 -0.316787
v 0.596774 1.75139 -0.345491
v 0.589183 1.76413 -0.372474
v 0.618553 1.69448 0.288557
v 0.620732 1.69138 0.292398
v 0.589844 1.68893 0.374913
v 0.571624 1.75412 0.371876
v 0.567824 1.7725 0.376094
v 0.569511 1.78025 0.378999
v 0.56016 1.8017 0.350484
v 0.588021 1.79457 0.306015
v 0.605459 1.77471 0.2768
v 0.640577 1.71096 -0.406565
v 0.636503 1.70168 -0.383228
v 0.624531 1.71722 -0.364167
v 0.634418 1.68054 -0.326542
v 0.635069 1.67799 -0.323286
v 0.610151 1.72439 -0.321511
v 0.601393 1.74892 -0.336314
v 0.591816 1.73618 -0.342108
v 0.590542 1.75923 -0.369307
v 0.601502 1.78095 -0.41705
v 0.621151 1.75221 -0.430799
v 0.625311 1.73288 -0.423263
v 0.592739 1.66095 0.375333
v 0.581287 1.69611 0.378439
v 0.565854 1.79829 0.344804
v 0.582432 1.79439 0.316623
v 0.599061 1.7647 0.281082
v 0.610447 1.75514 0.266067
v 0.630859 1.70298 -0.408637
v 0.625921 1.71801 -0.357956
v 0.61146 1.71445 -0.315722
v 0.574692 1.75386 -0.360432
v 0.588644 1.77312 -0.381495
v 0.586671 1.77608 -0.388031
v 0.579717 1.77207 -0.389234
v 0.613267 1.76971 -0.431812
v 0.626473 1.72346 -0.420236
v 0.617557 1.68395 0.280203
v 0.613151 1.6609 0.327531
v 0.60547 1.67712 0.323839
v 0.605466 1.69198 0.33024
v 0.577542 1.75093 0.37713
v 0.564593 1.78049 0.37128
v 0.558692 1.79741 0.344782
v 0.570785 1.79815 0.337021
v 0.612494 1.72548 0.260951
v 0.633358 1.70415 -0.375531
v 0.610476 1.77286 -0.429811
v 0.617881 1.66026 0.322511
v 0.597714 1.69666 0.338974
v 0.590925 1.77345 0.290257
v 0.620848 1.70063 -0.347289
v 0.58542 1.74979 -0.37245
v 0.585686 1.75577 -0.369471
v 0.614908 1.67968 0.295457
v 0.596196 1.67792 0.343453
v 0.596918 1.66167 0.366486
v 0.577748 1.71911 0.375414
v 0.558135 1.79673 0.354164
v 0.573151 1.79292 0.317311
v 0.584895 1.79854 0.297675
v 0.590044 1.80428 0.292195
v 0.597428 1.75441 0.283798
v 0.604194 1.73554 0.269059
v 0.630375 1.67547 -0.330219
v 0.62014 1.692 -0.306762
v 0.60107 1.71213 -0.318291
v 0.598424 1.72542 -0.323848
v 0.591775 1.73163 -0.358457
v 0.569999 1.74471 -0.355234
v 0.569549 1.76085 -0.373893
v 0.583268 1.7721 -0.398596
v 0.602394 1.75149 -0.409871
v 0.612792 1.74993 -0.42229
v 0.608864 1.71174 0.26003
v 0.620923 1.68758 0.276557
v 0.611685 1.67639 0.2962
v 0.560156 1.77768 0.362555
v 0.567345 1.79278 0.337303
v 0.57439 1.79007 0.301097
v 0.606064 1.72432 0.264009
v 0.628495 1.68013 -0.378331
v 0.63187 1.67797 -0.31781
v 0.621148 1.68057 -0.301854
v 0.613596 1.69403 -0.305145
v 0.586425 1.76959 -0.400639
v 0.619836 1.73957 -0.425688
v 0.558533 1.75806 0.348287
v 0.551731 1.79197 0.346613
v 0.561348 1.77404 0.338002
v 0.563714 1.78242 0.322811
v 0.588359 1.7414 0.299233
v 0.593451 1.73211 0.290529
v 0.603636 1.71303 0.264211
v 0.612317 1.69013 0.269861
v 0.617174 1.67003 0.301891
v 0.609127 1.66568 0.307131
v 0.612717 1.65659 0.321693
v 0.626163 1.70819 -0.4128
v 0.629097 1.68905 -0.38971
v 0.628385 1.68016 -0.365049
v 0.625218 1.68746 -0.360852
v 0.6165 1.69927 -0.349234
v 0.629439 1.67147 -0.30896
v 0.591415 1.74444 -0.361307
v 0.583093 1.73428 -0.373239
v 0.574647 1.72058 0.371839
v 0.566466 1.75082 0.360584
v 0.559266 1.77834 0.343145
v 0.567603 1.78798 0.315361
v 0.570462 1.77748 0.304799
v 0.585965 1.78486 0.292992
v 0.597849 1.71828 0.28416
v 0.606413 1.70123 0.261569
v 0.585268 1.75425 0.301544
v 0.586561 1.7278 0.297961
v 0.610489 1.65305 0.321826
v 0.600141 1.67813 0.326293
v 0.565851 1.72852 0.356032
v 0.552129 1.78601 0.337419
v 0.59221 1.7624 -0.40274
v 0.611713 1.72998 -0.418298
v 0.613694 1.71649 -0.413428
v 0.631147 1.69578 -0.398048
v 0.618656 1.69867 -0.354655
v 0.632473 1.67217 -0.321457
v 0.631467 1.68941 -0.375954
v 0.619997 1.68407 -0.336543
v 0.595534 1.71813 -0.32982
v 0.594906 1.71593 -0.349675
v 0.601964 1.74428 -0.409514
v 0.61135 1.73596 -0.419639
v 0.594787 1.71736 0.28688
v 0.597266 1.71226 0.276111
v 0.597679 1.70449 0.263717
v 0.605491 1.65759 0.32085
v 0.587873 1.66112 0.380281
v 0.565396 1.71739 0.358753
v 0.55331 1.76843 0.343153
v 0.608792 1.69139 -0.309744
v 0.590075 1.72104 -0.366203
v 0.576286 1.73073 -0.37107
v 0.575821 1.76784 -0.392526
v 0.605689 1.72123 -0.410603
v 0.56641 1.78222 0.310401
v 0.58418 1.72056 0.279487
v 0.601786 1.68566 0.264398
v 0.6118 1.67316 0.288704
v 0.61181 1.64712 0.312456
v 0.579687 1.68432 0.380556
v 0.573216 1.66859 0.385561
v 0.548527 1.79342 0.341756
v 0.550016 1.79373 0.337821
v 0.577784 1.74109 -0.37665
v 0.568076 1.73648 -0.353815
v 0.56802 1.76399 -0.380272
v 0.597663 1.73397 -0.4117
v 0.62481 1.70096 -0.408063
v 0.618251 1.68014 -0.337681
v 0.620492 1.67149 -0.328517
v 0.632461 1.6629 -0.310889
v 0.625561 1.67083 -0.304187
v 0.612395 1.6829 -0.303099
v 0.60281 1.68731 -0.316651
v 0.602865 1.69501 -0.323044
v 0.60001 1.70079 -0.333797
v 0.599309 1.69711 -0.337942
v 0.539192 1.78428 0.331478
v 0.544578 1.77787 0.324643
v 0.572501 1.74957 0.312518
v 0.610227 1.68347 0.275365
v 0.603182 1.65652 0.320879
v 0.600599 1.66096 0.328533
v 0.601168 1.64951 0.347844
v 0.568779 1.69817 0.37364
v 0.562071 1.74249 -0.352734
v 0.575551 1.7546 -0.395084
v 0.586464 1.75482 -0.399682
v 0.595087 1.74589 -0.405495
v 0.621363 1.69126 -0.4043
v 0.629081 1.66558 -0.368109
v 0.628383 1.66547 -0.350556
v 0.620397 1.67255 -0.303494
v 0.586343 1.71377 -0.360867
v 0.557919 1.76482 0.33415
v 0.572589 1.73188 0.303229
v 0.577034 1.72976 0.291481
v 0.598345 1.67794 0.285115
v 0.605899 1.66819 0.288157
v 0.610105 1.64847 0.304329
v 0.602213 1.63983 0.338721
v 0.572999 1.68559 0.382397
v 0.553869 1.75205 0.339687
v 0.56128 1.74916 -0.369065
v 0.582303 1.73884 -0.40253
v 0.617566 1.70593 -0.407753
v 0.62858 1.66055 -0.316885
v 0.592846 1.70906 -0.354824
v 0.555968 1.74576 0.333166
v 0.564692 1.74022 0.321024
v 0.567262 1.73404 0.295765
v 0.606428 1.64466 0.313043
v 0.59776 1.63706 0.376043
v 0.548179 1.76381 0.332825
v 0.541863 1.7798 0.332935
v 0.566893 1.73121 -0.362189
v 0.55031 1.7497 -0.37475
v 0.565934 1.75482 -0.390593
v 0.627775 1.65526 -0.334618
v 0.616003 1.6708 -0.308822
v 0.55588 1.76442 0.339545
v 0.573908 1.73163 0.310092
v 0.572794 1.72824 0.289613
v 0.584649 1.70528 0.268934
v 0.569032 1.68492 0.381834
v 0.554882 1.73023 0.343309
v 0.560315 1.72467 -0.354008
v 0.549579 1.73089 -0.347904
v 0.561537 1.74492 -0.360464
v 0.594595 1.72055 -0.401747
v 0.61022 1.69194 -0.404817
v 0.626399 1.65482 -0.31409
v 0.605488 1.67842 -0.308667
v 0.598685 1.69255 -0.331145
v 0.577769 1.71183 -0.349947
v 0.56335 1.73068 0.292905
v 0.593369 1.70008 0.262752
v 0.606981 1.64782 0.29982
v 0.604066 1.63796 0.31775
v 0.600973 1.64267 0.355663
v 0.562359 1.71009 0.359533
v 0.549243 1.73103 0.338589
v 0.59846 1.7106 -0.402234
v 0.62471 1.66022 -0.378825
v 0.62954 1.65082 -0.321035
v 0.594938 1.69064 -0.328178
v 0.592541 1.69483 -0.339691
v 0.580771 1.70419 -0.34434
v 0.57499 1.71871 0.283392
v 0.591347 1.68266 0.270033
v 0.595414 1.66652 0.295688
v 0.543109 1.75824 0.328918
v 0.538548 1.77921 0.32083
v 0.534321 1.76236 0.310393
v 0.549849 1.73619 -0.368917
v 0.574736 1.73812 -0.398344
v 0.605069 1.70154 -0.401254
v 0.620072 1.67744 -0.390944
v 0.629819 1.65818 -0.351951
v 0.6289 1.64693 -0.321559
v 0.62346 1.65693 -0.325678
v 0.577798 1.7035 0.280257
v 0.598824 1.67848 0.269083
v 0.59654 1.66678 0.281396
v 0.599943 1.64668 0.303029
v 0.595066 1.63394 0.361232
v 0.555641 1.70689 0.358445
v 0.527419 1.76326 0.305933
v 0.554517 1.73799 -0.366115
v 0.597023 1.73035 -0.41018
v 0.628505 1.65554 -0.359135
v 0.616851 1.66616 -0.322863
v 0.569742 1.70358 -0.330203
v 0.548127 1.7338 0.328969
v 0.570695 1.71373 0.289793
v 0.58447 1.68105 0.280589
v 0.589742 1.66272 0.27875
v 0.595514 1.65571 0.292478
v 0.603729 1.63625 0.309609
v 0.60203 1.63245 0.316556
v 0.589788 1.62927 0.386596
v 0.563677 1.69403 0.370928
v 0.554138 1.71877 -0.347854
v 0.549641 1.72372 -0.340252
v 0.554273 1.74459 -0.383645
v 0.568899 1.72528 -0.392014
v 0.631052 1.64275 -0.325852
v 0.611662 1.66677 -0.324894
v 0.583647 1.69389 -0.333205
v 0.572849 1.69741 -0.339965
v 0.564646 1.72518 0.312939
v 0.595334 1.63362 0.34533
v 0.595946 1.6279 0.379218
v 0.592966 1.61937 0.384812
v 0.563928 1.67452 0.387901
v 0.533564 1.7743 0.32897
v 0.535503 1.78259 0.323409
v 0.562913 1.73992 -0.387016
v 0.583345 1.73346 -0.404166
v 0.600337 1.69431 -0.402578
v 0.597938 1.68621 -0.407381
v 0.608253 1.67888 -0.4013
v 0.625274 1.65061 -0.358884
v 0.629612 1.64458 -0.341195
v 0.626293 1.6467 -0.324201
v 0.595677 1.68431 -0.316835
v 0.564833 1.71991 0.294276
v 0.594311 1.65086 0.286284
v 0.603177 1.62259 0.310323
v 0.597357 1.62117 0.354833
v 0.558587 1.67958 0.382123
v 0.531533 1.78224 0.326357
v 0.537972 1.74297 -0.37076
v 0.54371 1.74137 -0.380098
v 0.619721 1.65799 -0.387263
v 0.60929 1.6715 -0.322828
v 0.575046 1.69346 -0.340606
v 0.55492 1.72429 0.319644
v 0.599875 1.60503 0.373611
v 0.596736 1.60812 0.379341
v 0.562541 1.66787 0.389587
v 0.569094 1.69046 -0.312276
v 0.539017 1.72256 -0.343291
v 0.542904 1.7235 -0.3544
v 0.546592 1.749 -0.378913
v 0.551293 1.72994 -0.37942
v 0.558823 1.72592 -0.385912
v 0.583431 1.71547 -0.396201
v 0.594216 1.70113 -0.399765
v 0.629302 1.63545 -0.325628
v 0.626915 1.63813 -0.322232
v 0.616609 1.65708 -0.323746
v 0.557058 1.7234 0.291568
v 0.556963 1.71275 0.299193
v 0.608374 1.60414 0.346662
v 0.607107 1.59188 0.359704
v 0.584121 1.63582 0.388409
v 0.540907 1.72304 0.340451
v 0.623612 1.65528 -0.37329
v 0.623147 1.64893 -0.365086
v 0.627338 1.6443 -0.345831
v 0.620927 1.64576 -0.310102
v 0.59814 1.67061 -0.327083
v 0.593312 1.67768 -0.323044
v 0.589322 1.67718 -0.32392
v 0.58306 1.684 -0.328253
v 0.546249 1.72918 0.292961
v 0.576495 1.66577 0.304099
v 0.605149 1.60051 0.317803
v 0.607504 1.60636 0.321525
v 0.600288 1.59641 0.377199
v 0.593762 1.59442 0.383869
v 0.622928 1.6404 -0.309389
v 0.575912 1.68615 -0.316251
v 0.540615 1.70969 -0.322184
v 0.538504 1.71933 -0.333138
v 0.542171 1.72132 -0.363475
v 0.530175 1.70979 -0.363659
v 0.526826 1.73298 -0.367495
v 0.530718 1.73794 -0.377961
v 0.583144 1.68867 -0.410038
v 0.565419 1.69767 0.30365
v 0.584685 1.64442 0.298296
v 0.53736 1.74256 0.327437
v 0.527901 1.74814 0.327113
v 0.605056 1.66687 -0.398834
v 0.556556 1.69974 -0.316209
v 0.54267 1.7234 -0.376305
v 0.560334 1.72021 -0.388448
v 0.541993 1.72418 0.320554
v 0.55042 1.73163 0.300022
v 0.551555 1.72693 0.28739
v 0.549412 1.71774 0.283551
v 0.596456 1.60028 0.316121
v 0.506563 1.75992 0.321552
v 0.506148 1.76343 0.317672
v 0.517343 1.77118 0.317014
v 0.621992 1.64112 -0.378817
v 0.62569 1.63547 -0.33046
v 0.619479 1.63826 -0.30592
v 0.53637 1.70671 -0.320946
v 0.53161 1.71597 -0.33149
v 0.524276 1.70238 -0.360137
v 0.546925 1.72245 0.316391
v 0.552399 1.71296 0.29477
v 0.552618 1.67474 0.386537
v 0.539786 1.69072 0.378134
v 0.540416 1.71052 0.353785
v 0.515237 1.76741 0.309817
v 0.597553 1.68111 -0.407456
v 0.625458 1.63479 -0.324874
v 0.583941 1.67237 -0.304089
v 0.572495 1.67864 -0.305261
v 0.52437 1.71107 -0.336941
v 0.552263 1.72161 -0.383343
v 0.570354 1.71048 -0.394538
v 0.581191 1.69827 -0.402825
v 0.566415 1.66812 0.305039
v 0.590442 1.63693 0.294843
v 0.598195 1.62372 0.302263
v 0.566408 1.63912 0.393865
v 0.517889 1.75397 0.32755
v 0.607688 1.59248 0.33786
v 0.586255 1.61189 0.391458
v 0.577706 1.62147 0.39487
v 0.547801 1.66203 0.389828
v 0.540783 1.71142 0.278214
v 0.548987 1.69319 0.298462
v 0.583773 1.62739 0.310076
v 0.623139 1.6432 -0.365767
v 0.615549 1.64218 -0.299024
v 0.549517 1.69222 -0.314794
v 0.589678 1.67461 -0.405109
v 0.608105 1.65391 -0.396507
v 0.625452 1.63917 -0.335727
v 0.593689 1.65951 -0.297051
v 0.532467 1.70625 -0.32167
v 0.523763 1.74175 0.297713
v 0.533714 1.72476 0.307362
v 0.52308 1.72359 0.293503
v 0.557391 1.69347 0.303414
v 0.574193 1.64886 0.308193
v 0.512586 1.75911 0.325675
v 0.51932 1.7557 0.29873
v 0.626632 1.63089 -0.362429
v 0.624316 1.63279 -0.329519
v 0.599506 1.64847 -0.295533
v 0.567388 1.67539 -0.305499
v 0.516058 1.7284 -0.365117
v 0.523308 1.73729 -0.374388
v 0.528961 1.73228 -0.378468
v 0.577148 1.708 -0.396148
v 0.526359 1.72996 0.302879
v 0.525692 1.72543 0.299905
v 0.535167 1.72608 0.293249
v 0.535803 1.71936 0.287527
v 0.574987 1.6311 0.313593
v 0.511666 1.73867 0.325255
v 0.521547 1.76607 0.306979
v 0.613638 1.64911 -0.392308
v 0.620763 1.63505 -0.316107
v 0.582931 1.65894 -0.296115
v 0.559233 1.67495 -0.310418
v 0.53527 1.69551 -0.32033
v 0.520308 1.70628 -0.329426
v 0.55298 1.71518 -0.38974
v 0.516242 1.74398 0.291946
v 0.551048 1.67028 0.30075
v 0.572585 1.61589 0.397618
v 0.5579 1.64292 0.392411
v 0.532981 1.6969 0.370367
v 0.512288 1.71945 0.331708
v 0.618763 1.64262 -0.386094
v 0.624887 1.63485 -0.341414
v 0.621782 1.62438 -0.312817
v 0.61583 1.62856 -0.304031
v 0.521119 1.72309 -0.377336
v 0.579802 1.67723 -0.409283
v 0.540435 1.68051 0.290617
v 0.599624 1.5783 0.363468
v 0.525775 1.71307 0.344106
v 0.624673 1.62708 -0.376067
v 0.611362 1.63654 -0.297731
v 0.520128 1.70611 -0.363684
v 0.522388 1.71933 0.277759
v 0.541663 1.7026 0.279235
v 0.502682 1.74896 0.324556
v 0.601015 1.65208 -0.400122
v 0.635492 1.61097 -0.332589
v 0.610286 1.62991 -0.300636
v 0.511969 1.69995 -0.337371
v 0.552468 1.70973 -0.395576
v 0.571069 1.68124 -0.409919
v 0.588005 1.66551 -0.406998
v 0.59563 1.57488 0.327363
v 0.495448 1.75542 0.301333
v 0.508726 1.7517 0.293696
v 0.513084 1.71296 0.265536
v 0.592328 1.58668 0.317221
v 0.537156 1.67832 0.385081
v 0.509813 1.73933 0.285716
v 0.504186 1.72053 -0.363065
v 0.545699 1.71668 -0.385242
v 0.632953 1.61594 -0.356067
v 0.613291 1.62083 -0.39128
v 0.61797 1.62088 -0.306971
v 0.594745 1.64128 -0.299376
v 0.572408 1.65596 -0.300113
v 0.538824 1.71173 -0.391111
v 0.557908 1.69969 -0.401223
v 0.568707 1.69047 -0.405738
v 0.53516 1.70058 0.27291
v 0.556282 1.65047 0.302891
v 0.558055 1.63388 0.305109
v 0.575328 1.61781 0.31399
v 0.56062 1.62119 0.399539
v 0.528464 1.67792 0.386132
v 0.514838 1.72685 0.287737
v 0.543326 1.6628 0.295898
v 0.594955 1.56725 0.344347
v 0.59275 1.57799 0.377523
v 0.519369 1.73496 -0.370126
v 0.636319 1.60064 -0.330177
v 0.516461 1.69853 -0.349741
v 0.525152 1.70221 0.266163
v 0.535126 1.68312 0.280104
v 0.488321 1.74579 0.322833
v 0.490724 1.74485 0.289896
v 0.524038 1.71607 -0.375845
v 0.5762 1.66905 -0.408782
v 0.588301 1.65593 -0.409137
v 0.633417 1.60995 -0.364179
v 0.610077 1.62012 -0.306272
v 0.543087 1.68709 -0.319137
v 0.605906 1.6317 -0.398056
v 0.622736 1.61847 -0.380556
v 0.57193 1.60101 0.305672
v 0.564766 1.59755 0.403145
v 0.504803 1.70355 0.343593
v 0.638685 1.59402 -0.339819
v 0.584736 1.64546 -0.295881
v 0.510781 1.71438 -0.373742
v 0.541967 1.71899 -0.379262
v 0.549212 1.68601 -0.409861
v 0.56171 1.68051 -0.40825
v 0.507299 1.71807 0.272204
v 0.52769 1.68867 0.269211
v 0.591959 1.56679 0.356626
v 0.580158 1.57346 0.37766
v 0.562549 1.60612 0.402536
v 0.545871 1.6446 0.396299
v 0.530848 1.66004 0.392965
v 0.491535 1.75616 0.305625
v 0.500955 1.72849 0.275049
v 0.613926 1.61275 -0.387503
v 0.595368 1.63249 -0.299724
v 0.577741 1.65076 -0.296665
v 0.552888 1.64953 -0.314973
v 0.539313 1.67426 -0.321189
v 0.506002 1.6869 -0.360709
v 0.509907 1.69214 -0.363563
v 0.497206 1.72407 -0.370604
v 0.504535 1.72077 -0.37301
v 0.51125 1.71036 -0.37475
v 0.551029 1.63686 0.299083
v 0.485593 1.71935 0.327746
v 0.586123 1.58063 0.314235
v 0.521756 1.68792 0.377687
v 0.510272 1.70659 -0.379294
v 0.526467 1.70907 -0.388299
v 0.529908 1.70583 -0.402223
v 0.572324 1.63111 -0.297856
v 0.532507 1.67626 -0.322245
v 0.521682 1.69059 -0.322485
v 0.500865 1.71137 0.260814
v 0.511727 1.70048 0.259803
v 0.533971 1.65862 0.277505
v 0.585727 1.5616 0.343324
v 0.520023 1.7007 0.357661
v 0.504549 1.72087 0.328658
v 0.488025 1.75324 0.316695
v 0.489113 1.73926 0.284449
v 0.492848 1.73167 0.276995
v 0.492147 1.71914 -0.369173
v 0.543414 1.70069 -0.405045
v 0.562807 1.66945 -0.408029
v 0.579577 1.65844 -0.411934
v 0.638097 1.58793 -0.341766
v 0.624182 1.60487 -0.31626
v 0.533457 1.66748 -0.32127
v 0.632462 1.59905 -0.368124
v 0.636766 1.5777 -0.322649
v 0.591984 1.62216 -0.294251
v 0.49687 1.72586 -0.363808
v 0.497987 1.71741 0.265018
v 0.547052 1.62324 0.28398
v 0.568988 1.582 0.300805
v 0.573801 1.5714 0.368219
v 0.563645 1.59002 0.395032
v 0.537072 1.63367 0.404818
v 0.470309 1.7461 0.313422
v 0.599629 1.62486 -0.401986
v 0.502526 1.70496 -0.364614
v 0.529505 1.65476 0.270488
v 0.558371 1.60714 0.292955
v 0.574878 1.55565 0.339094
v 0.498884 1.68948 0.357046
v 0.479994 1.75167 0.307034
v 0.48473 1.74683 0.293719
v 0.481821 1.71885 0.263049
v 0.618084 1.60034 -0.376252
v 0.636341 1.57817 -0.335914
v 0.63258 1.58185 -0.312582
v 0.613964 1.60835 -0.309284
v 0.502792 1.69049 -0.329796
v 0.491682 1.72434 -0.367975
v 0.515354 1.70563 -0.387678
v 0.493694 1.72092 0.265029
v 0.585645 1.56299 0.331192
v 0.551639 1.6028 0.402485
v 0.508325 1.68032 0.378884
v 0.499677 1.71184 0.332599
v 0.605738 1.60154 -0.296555
v 0.513305 1.68055 -0.31956
v 0.5057 1.6856 -0.322311
v 0.472748 1.71631 -0.368022
v 0.520707 1.66191 0.262293
v 0.575787 1.56675 0.358344
v 0.560058 1.58417 0.382928
v 0.540054 1.62758 0.406625
v 0.516056 1.66641 0.389947
v 0.469904 1.74181 0.318553
v 0.581588 1.62473 -0.293434
v 0.518311 1.66905 -0.317494
v 0.548186 1.67057 -0.414682
v 0.548954 1.60959 0.282149
v 0.464823 1.73393 0.285723
v 0.579684 1.6435 -0.415545
v 0.630264 1.58661 -0.355876
v 0.630686 1.57132 -0.338468
v 0.486225 1.70189 -0.362755
v 0.494059 1.71231 -0.371323
v 0.498968 1.70557 -0.379659
v 0.507025 1.70093 -0.399762
v 0.536106 1.68185 -0.414451
v 0.479286 1.71429 0.259151
v 0.58011 1.5706 0.314058
v 0.568176 1.56438 0.361134
v 0.508747 1.66698 0.388881
v 0.4711 1.72131 0.27221
v 0.597484 1.61292 -0.397621
v 0.499813 1.67508 -0.318309
v 0.528983 1.69795 -0.410724
v 0.496587 1.69985 0.257602
v 0.563908 1.57327 0.369432
v 0.532025 1.62805 0.404008
v 0.566241 1.64559 -0.422182
v 0.581707 1.61624 -0.406783
v 0.59916 1.60097 -0.291773
v 0.545054 1.64781 -0.317002
v 0.492313 1.68114 -0.3392
v 0.479287 1.68685 -0.364971
v 0.478511 1.71608 -0.375597
v 0.490551 1.70637 -0.378435
v 0.507084 1.67946 0.25725
v 0.539485 1.6055 0.39708
v 0.482535 1.7353 0.324758
v 0.626922 1.56528 -0.306614
v 0.527689 1.63967 -0.314245
v 0.514079 1.67518 0.259646
v 0.569727 1.55494 0.323484
v 0.490432 1.70886 0.258644
v 0.524048 1.63554 0.261757
v 0.545191 1.60253 0.277926
v 0.56667 1.55059 0.342941
v 0.544581 1.5856 0.383656
v 0.523785 1.63737 0.40392
v 0.502067 1.67211 0.38298
v 0.468533 1.74705 0.309805
v 0.469891 1.72767 0.27857
v 0.557032 1.65793 -0.423648
v 0.573102 1.62336 -0.413001
v 0.603136 1.59955 -0.385428
v 0.62015 1.58011 -0.29976
v 0.492574 1.68571 -0.365416
v 0.484203 1.70885 -0.362093
v 0.481195 1.6726 -0.333371
v 0.488266 1.67405 -0.358739
v 0.50256 1.70319 -0.387585
v 0.52424 1.68131 -0.416029
v 0.545256 1.5927 0.390683
v 0.465942 1.74219 0.29563
v 0.559909 1.6346 -0.421778
v 0.624143 1.58696 -0.364982
v 0.63442 1.5691 -0.322079
v 0.576151 1.60978 -0.296291
v 0.491926 1.6783 -0.324946
v 0.538803 1.66437 -0.425823
v 0.55711 1.56562 0.300899
v 0.545903 1.57144 0.371701
v 0.467223 1.72399 0.325672
v 0.499952 1.68262 -0.351447
v 0.463248 1.71269 -0.376253
v 0.46873 1.71193 -0.380126
v 0.515785 1.6846 -0.414723
v 0.550996 1.58402 0.285424
v 0.488128 1.66898 0.376473
v 0.476389 1.69555 0.338776
v 0.462082 1.73603 0.288837
v 0.611394 1.59417 -0.377881
v 0.623324 1.56611 -0.346873
v 0.590191 1.59399 -0.291366
v 0.474335 1.71187 -0.36267
v 0.475173 1.70798 -0.382324
v 0.487292 1.69847 -0.396953
v 0.504292 1.69337 -0.405372
v 0.565832 1.54899 0.33342
v 0.531344 1.59084 0.385477
v 0.522098 1.60418 0.390701
v 0.473194 1.70165 0.332982
v 0.462565 1.70632 0.257298
v 0.621392 1.54662 -0.310872
v 0.615769 1.56313 -0.294511
v 0.601011 1.58218 -0.290187
v 0.546143 1.63102 -0.312819
v 0.497691 1.65987 -0.313747
v 0.471019 1.66461 -0.353397
v 0.454985 1.70891 -0.370037
v 0.497513 1.66556 0.251884
v 0.526803 1.6111 0.263627
v 0.55606 1.55072 0.322687
v 0.459088 1.74195 0.300711
v 0.570617 1.59561 -0.301608
v 0.559225 1.61609 -0.307455
v 0.534203 1.65683 -0.428449
v 0.461438 1.6987 0.253923
v 0.488059 1.67709 0.253393
v 0.544804 1.56623 0.292822
v 0.507614 1.63064 0.398623
v 0.460297 1.73357 0.322348
v 0.604902 1.57273 -0.375241
v 0.614143 1.57177 -0.369022
v 0.511433 1.65375 -0.313306
v 0.452559 1.68316 -0.361689
v 0.464322 1.70868 -0.364186
v 0.479579 1.69998 0.25733
v 0.511648 1.62996 0.252258
v 0.533709 1.57563 0.374174
v 0.518686 1.61776 0.400506
v 0.445289 1.73802 0.308945
v 0.568107 1.60558 -0.405825
v 0.607889 1.55159 -0.293012
v 0.477636 1.67507 -0.363471
v 0.47001 1.6994 -0.392592
v 0.498995 1.63361 0.24594
v 0.546221 1.5776 0.284268
v 0.529935 1.57626 0.275614
v 0.546286 1.54338 0.350654
v 0.463127 1.7125 0.327738
v 0.452103 1.73921 0.31382
v 0.544709 1.64763 -0.429206
v 0.614344 1.54453 -0.298273
v 0.482211 1.66711 -0.3215
v 0.468396 1.67745 -0.364709
v 0.469064 1.70261 -0.387263
v 0.469839 1.69592 -0.398111
v 0.526119 1.59973 0.264557
v 0.557709 1.55216 0.359358
v 0.548008 1.55456 0.365049
v 0.496114 1.65461 0.3895
v 0.482944 1.64898 0.387468
v 0.485354 1.6679 -0.319314
v 0.507232 1.68184 -0.41606
v 0.551789 1.54509 0.333725
v 0.480674 1.66044 0.378658
v 0.447736 1.73534 0.294638
v 0.55258 1.62107 -0.418904
v 0.573056 1.58926 -0.393966
v 0.596779 1.56094 -0.291716
v 0.563912 1.58758 -0.302335
v 0.53534 1.62466 -0.311302
v 0.554639 1.57629 -0.298221
v 0.452717 1.69318 -0.361999
v 0.454186 1.70817 -0.383621
v 0.499629 1.69982 -0.397618
v 0.52828 1.65066 -0.432331
v 0.479556 1.68012 0.356901
v 0.459165 1.74308 0.30512
v 0.442039 1.72764 0.286779
v 0.522382 1.55506 0.369187
v 0.556051 1.60249 -0.405765
v 0.582293 1.56514 -0.382533
v 0.4802 1.6813 -0.41094
v 0.506695 1.66264 -0.426462
v 0.492751 1.61758 0.240245
v 0.518189 1.59087 0.383709
v 0.503467 1.61418 0.390792
v 0.489039 1.6329 0.394868
v 0.452496 1.72442 0.27885
v 0.52844 1.62815 -0.43201
v 0.591466 1.54254 -0.361875
v 0.607256 1.54514 -0.355138
v 0.509176 1.62571 -0.305701
v 0.456503 1.70445 -0.386713
v 0.461273 1.69873 -0.392764
v 0.493338 1.67309 -0.420045
v 0.475242 1.66617 0.250911
v 0.537673 1.55778 0.299281
v 0.431885 1.73283 0.31221
v 0.446003 1.70966 0.265037
v 0.457638 1.7091 0.26266
v 0.578712 1.56716 -0.297375
v 0.469072 1.66497 -0.358829
v 0.504576 1.61373 0.246605
v 0.526891 1.5649 0.283079
v 0.529969 1.54186 0.33022
v 0.440244 1.69076 -0.361439
v 0.457518 1.69398 -0.398411
v 0.470183 1.67952 0.252848
v 0.531453 1.54024 0.350304
v 0.500145 1.56898 0.3717
v 0.465394 1.67269 0.352768
v 0.443448 1.7301 0.32062
v 0.438767 1.73411 0.300932
v 0.585953 1.5513 -0.373711
v 0.602912 1.52733 -0.31407
v 0.567215 1.56735 -0.297407
v 0.479755 1.64462 -0.308183
v 0.476514 1.6566 -0.314411
v 0.471184 1.6649 -0.326962
v 0.467119 1.66445 -0.34173
v 0.430905 1.69923 -0.39076
v 0.445277 1.69897 -0.394437
v 0.469135 1.68751 -0.404521
v 0.484186 1.6414 0.243888
v 0.483015 1.63827 -0.305649
v 0.447703 1.64673 -0.318635
v 0.473357 1.68187 -0.409419
v 0.453092 1.68329 0.248841
v 0.48468 1.62372 0.238466
v 0.508357 1.57924 0.375915
v 0.492783 1.6034 0.388106
v 0.535441 1.61717 -0.425003
v 0.523127 1.60897 -0.303795
v 0.446061 1.69966 -0.366037
v 0.445829 1.70402 -0.388698
v 0.442394 1.69417 0.253536
v 0.502096 1.60686 0.246914
v 0.514972 1.5712 0.272287
v 0.460227 1.68426 0.339488
v 0.439201 1.7328 0.31718
v 0.424591 1.7287 0.301841
v 0.541407 1.59732 -0.411824
v 0.605503 1.53222 -0.302744
v 0.563134 1.53946 -0.296572
v 0.454769 1.6585 -0.355072
v 0.433952 1.70148 -0.385437
v 0.45171 1.69743 -0.395789
v 0.473439 1.62349 0.236888
v 0.519412 1.55094 0.293741
v 0.483034 1.62179 0.391471
v 0.467398 1.65502 0.374472
v 0.442258 1.69077 0.332762
v 0.443473 1.72566 0.283037
v 0.521548 1.61927 -0.429589
v 0.438771 1.65197 -0.330857
v 0.517894 1.63549 -0.433799
v 0.438856 1.6807 0.244353
v 0.492888 1.60552 0.244635
v 0.473026 1.63682 0.385874
v 0.444834 1.7119 0.324186
v 0.436985 1.72515 0.287634
v 0.561198 1.55766 -0.296029
v 0.49726 1.64561 -0.429999
v 0.452763 1.65537 0.247982
v 0.487882 1.59202 0.382768
v 0.4463 1.71352 0.269744
v 0.549611 1.57541 -0.400818
v 0.539862 1.56945 -0.291344
v 0.514718 1.59466 -0.296404
v 0.492118 1.63992 -0.306895
v 0.456782 1.65712 -0.325304
v 0.456546 1.67209 -0.363779
v 0.455683 1.68669 -0.404034
v 0.503318 1.59762 0.252634
v 0.506019 1.55632 0.281753
v 0.525686 1.54385 0.361787
v 0.458322 1.63642 0.378521
v 0.408551 1.71911 0.291312
v 0.407829 1.709 0.269799
v 0.584976 1.51736 -0.322526
v 0.545718 1.53201 -0.29663
v 0.49858 1.61538 -0.30006
v 0.469909 1.64514 -0.310135
v 0.489433 1.65962 -0.425965
v 0.480199 1.61074 0.235553
v 0.493925 1.57211 0.268796
v 0.487265 1.57148 0.371669
v 0.442898 1.67271 0.34155
v 0.430531 1.71727 0.275134
v 0.528293 1.60321 -0.42061
v 0.574676 1.51268 -0.308421
v 0.44174 1.65556 -0.358604
v 0.507171 1.54649 0.29132
v 0.516873 1.53715 0.345678
v 0.439601 1.72381 0.323078
v 0.590242 1.53379 -0.29399
v 0.448293 1.65633 -0.343927
v 0.439176 1.66722 -0.361608
v 0.485966 1.60287 0.242107
v 0.524254 1.54235 0.315365
v 0.415015 1.72736 0.313471
v 0.435027 1.70053 0.259602
v 0.549551 1.55882 -0.390575
v 0.526675 1.55381 -0.287198
v 0.458626 1.6735 -0.415659
v 0.473301 1.66612 -0.421454
v 0.506459 1.63045 -0.436708
v 0.451224 1.63205 0.239886
v 0.452081 1.63965 0.372206
v 0.452195 1.6596 0.355552
v 0.400042 1.72051 0.298475
v 0.422252 1.70713 0.266869
v 0.56255 1.54486 -0.373339
v 0.573991 1.52767 -0.346985
v 0.436242 1.69309 -0.40173
v 0.440981 1.69007 -0.40526
v 0.483416 1.57971 0.259312
v 0.491518 1.58255 0.260787
v 0.416872 1.72184 0.291883
v 0.443553 1.67673 0.244621
v 0.513299 1.54441 0.364033
v 0.460903 1.5923 0.375953
v 0.410618 1.69733 0.320033
v 0.425484 1.73079 0.306444
v 0.402312 1.71484 0.277574
v 0.435261 1.68468 0.248259
v 0.428537 1.69455 -0.397308
v 0.433926 1.68536 -0.408697
v 0.450546 1.68212 -0.407323
v 0.503987 1.61371 -0.434128
v 0.516163 1.58897 -0.41978
v 0.49033 1.58636 -0.289982
v 0.46835 1.6141 -0.297523
v 0.436053 1.67929 -0.412345
v 0.467906 1.65418 -0.42765
v 0.487852 1.63716 -0.433691
v 0.490961 1.61288 -0.437069
v 0.45133 1.66612 0.24868
v 0.423717 1.69611 0.261324
v 0.424239 1.69226 -0.370376
v 0.454006 1.66524 -0.420544
v 0.477093 1.59181 0.240751
v 0.468142 1.58499 0.376188
v 0.427545 1.65117 0.348545
v 0.419199 1.72945 0.310372
v 0.56271 1.51327 -0.331487
v 0.552203 1.51266 -0.304143
v 0.444575 1.61875 -0.301016
v 0.438462 1.62954 -0.308431
v 0.440694 1.65284 -0.354194
v 0.426396 1.66992 -0.360437
v 0.418862 1.68776 -0.405862
v 0.480223 1.64551 -0.431442
v 0.467591 1.59029 0.23276
v 0.504897 1.53046 0.32033
v 0.498424 1.529 0.344399
v 0.496811 1.54294 0.362243
v 0.46053 1.62077 0.381445
v 0.392665 1.71417 0.278781
v 0.424984 1.68445 0.253118
v 0.503101 1.60003 -0.430928
v 0.521592 1.51983 -0.289585
v 0.440808 1.64974 -0.325155
v 0.40867 1.68028 -0.364925
v 0.427711 1.6966 -0.374313
v 0.442821 1.60253 0.228682
v 0.408652 1.7188 0.286048
v 0.421656 1.67588 0.243775
v 0.533472 1.57407 -0.405919
v 0.430095 1.66096 -0.361261
v 0.423148 1.6829 -0.361526
v 0.428459 1.69791 -0.37805
v 0.425764 1.698 -0.38401
v 0.497805 1.55344 0.367506
v 0.414636 1.68804 0.261033
v 0.548868 1.52546 -0.353219
v 0.544399 1.5053 -0.328273
v 0.54009 1.51084 -0.303211
v 0.442065 1.65817 0.245249
v 0.478647 1.55482 0.277103
v 0.444577 1.61694 0.373633
v 0.425295 1.68083 0.333055
v 0.415484 1.72206 0.318717
v 0.407564 1.71252 0.273016
v 0.447703 1.6747 -0.41477
v 0.438104 1.66011 -0.424962
v 0.464444 1.64057 -0.433208
v 0.486303 1.52775 0.311737
v 0.394713 1.72085 0.305398
v 0.422801 1.66948 0.236526
v 0.484659 1.60294 -0.437509
v 0.484858 1.55642 0.28235
v 0.50808 1.53559 0.305419
v 0.393021 1.71523 0.314764
v 0.524485 1.546 -0.382793
v 0.514492 1.53395 -0.374335
v 0.528125 1.50009 -0.307097
v 0.406131 1.68601 -0.375923
v 0.407804 1.68921 -0.401279
v 0.425695 1.6731 -0.416609
v 0.479269 1.58063 0.253834
v 0.480615 1.52155 0.342461
v 0.397222 1.71571 0.288826
v 0.554342 1.50428 -0.316943
v 0.468266 1.6086 0.232523
v 0.447264 1.59283 0.226703
v 0.464846 1.5748 0.236604
v 0.427915 1.63483 0.358786
v 0.495405 1.58455 -0.425561
v 0.504816 1.5357 -0.282659
v 0.426342 1.64791 -0.354783
v 0.453581 1.6284 -0.437874
v 0.474295 1.60714 -0.438693
v 0.41237 1.67492 0.252815
v 0.41303 1.66067 0.231232
v 0.422668 1.65559 0.233955
v 0.472778 1.53327 0.354878
v 0.398782 1.70297 0.267162
v 0.416654 1.62398 -0.313089
v 0.420351 1.64506 -0.353006
v 0.422979 1.68524 -0.409504
v 0.403485 1.67787 0.262391
v 0.468717 1.55172 0.261564
v 0.471699 1.53031 0.306823
v 0.384353 1.70671 0.267788
v 0.485762 1.58261 -0.428457
v 0.476395 1.52406 -0.277471
v 0.398353 1.68668 -0.388218
v 0.399536 1.68822 -0.395057
v 0.409543 1.69178 -0.396833
v 0.432883 1.6572 -0.426302
v 0.450437 1.64473 -0.431785
v 0.426606 1.63832 0.239311
v 0.479652 1.52092 0.323803
v 0.414884 1.6907 0.323943
v 0.375365 1.70772 0.268845
v 0.478948 1.59217 -0.435014
v 0.494444 1.52649 -0.376349
v 0.417834 1.63848 -0.324541
v 0.420988 1.64513 -0.333921
v 0.423275 1.672 -0.360359
v 0.404864 1.67283 -0.360857
v 0.408957 1.6841 -0.409967
v 0.380831 1.70034 0.264776
v 0.479174 1.53559 0.303738
v 0.40976 1.71301 0.318773
v 0.50998 1.51423 -0.290918
v 0.499046 1.56329 -0.283491
v 0.412104 1.67975 -0.414566
v 0.397274 1.69328 0.265783
v 0.410781 1.63292 0.23302
v 0.458563 1.52173 0.350084
v 0.464538 1.56106 0.365378
v 0.460277 1.58474 -0.287654
v 0.439472 1.62375 -0.304408
v 0.40918 1.65495 -0.360549
v 0.390335 1.67293 -0.365192
v 0.427403 1.66294 -0.422968
v 0.393994 1.66819 0.255453
v 0.411335 1.6682 0.237774
v 0.49557 1.56075 -0.405021
v 0.452797 1.60139 -0.292689
v 0.443308 1.60581 -0.295347
v 0.385633 1.67349 -0.371252
v 0.438185 1.64526 -0.431246
v 0.393994 1.67322 0.261703
v 0.39834 1.66586 0.246601
v 0.410635 1.64779 0.228376
v 0.447395 1.56617 0.228656
v 0.478622 1.51792 0.335905
v 0.413226 1.63357 0.35111
v 0.388383 1.71343 0.281827
v 0.400635 1.68464 -0.407439
v 0.423635 1.61701 0.23335
v 0.468593 1.5331 0.29616
v 0.416531 1.66431 0.339721
v 0.52067 1.49947 -0.329706
v 0.394827 1.68308 -0.381832
v 0.392709 1.68419 -0.402653
v 0.52738 1.49811 -0.318091
v 0.417207 1.61197 -0.304066
v 0.401682 1.67762 -0.41671
v 0.435703 1.63605 -0.435868
v 0.454943 1.59665 -0.441229
v 0.387897 1.66546 0.246886
v 0.425172 1.59659 0.364056
v 0.385422 1.70429 0.31708
v 0.377011 1.70982 0.288845
v 0.462294 1.5394 0.357421
v 0.444079 1.57508 0.367689
v 0.367186 1.70795 0.287556
v 0.471484 1.54965 -0.279828
v 0.397989 1.67117 -0.361553
v 0.406423 1.66594 -0.428491
v 0.43684 1.62077 -0.440825
v 0.453386 1.61093 -0.443497
v 0.404049 1.62231 0.230951
v 0.452996 1.58556 0.227376
v 0.452728 1.55244 0.240388
v 0.45839 1.55211 0.247385
v 0.455858 1.52087 0.308161
v 0.361772 1.70774 0.269294
v 0.49411 1.50506 -0.299907
v 0.405023 1.6328 -0.327283
v 0.359487 1.67014 -0.41533
v 0.375667 1.67421 -0.415717
v 0.381484 1.67424 0.265388
v 0.403635 1.65327 0.225596
v 0.41057 1.64131 0.230814
v 0.459955 1.51895 0.321679
v 0.433784 1.54529 0.355137
v 0.393321 1.68694 0.319223
v 0.484914 1.51641 -0.283566
v 0.452925 1.56529 -0.282614
v 0.414789 1.59244 -0.294953
v 0.388844 1.6469 -0.358574
v 0.375883 1.67804 -0.39032
v 0.423156 1.65387 -0.429833
v 0.366471 1.69394 0.262636
v 0.411613 1.61576 0.232081
v 0.434589 1.59462 0.367961
v 0.426256 1.61879 0.363636
v 0.365901 1.70997 0.279018
v 0.478089 1.57525 -0.424914
v 0.492429 1.49261 -0.325257
v 0.495837 1.49627 -0.312858
v 0.399525 1.63735 -0.34326
v 0.394781 1.64395 -0.35636
v 0.3795 1.6805 -0.395861
v 0.37704 1.67611 -0.412993
v 0.402128 1.66181 0.23278
v 0.393584 1.65283 0.224469
v 0.445175 1.52912 0.259935
v 0.455589 1.51456 0.333067
v 0.454847 1.5149 0.342504
v 0.409758 1.6257 0.352911
v 0.491281 1.49483 -0.337339
v 0.382693 1.67534 -0.415899
v 0.371875 1.66834 0.246077
v 0.439378 1.52444 0.351532
v 0.39384 1.63186 0.343797
v 0.397606 1.67158 0.327779
v 0.371834 1.71049 0.297628
v 0.36057 1.70783 0.278099
v 0.515244 1.50576 -0.341519
v 0.481757 1.50001 -0.352061
v 0.433662 1.58292 -0.287474
v 0.368702 1.66249 -0.362905
v 0.414223 1.63487 -0.439721
v 0.375643 1.67022 0.25869
v 0.413663 1.58844 0.222622
v 0.452092 1.52828 0.27193
v 0.438607 1.51523 0.34764
v 0.381975 1.71333 0.310311
v 0.359357 1.70491 0.291489
v 0.459251 1.5805 -0.435143
v 0.463573 1.54943 -0.411809
v 0.467552 1.53216 -0.395232
v 0.474167 1.51393 -0.374083
v 0.467977 1.51492 -0.281295
v 0.383697 1.66887 -0.363358
v 0.384027 1.67753 -0.38088
v 0.377311 1.66255 0.24034
v 0.394083 1.64005 0.220568
v 0.356148 1.70347 0.283232
v 0.349891 1.69774 0.260374
v 0.453813 1.56635 -0.43064
v 0.421427 1.60513 -0.299207
v 0.446988 1.5166 0.290567
v 0.410054 1.60507 0.356041
v 0.429638 1.562 -0.438816
v 0.447168 1.5081 -0.382883
v 0.361977 1.66348 -0.369521
v 0.393857 1.66781 -0.42624
v 0.419386 1.62437 -0.442594
v 0.437399 1.60002 -0.442734
v 0.384685 1.65983 0.2378
v 0.378976 1.65063 0.224825
v 0.390038 1.61987 0.225069
v 0.445061 1.51225 0.324531
v 0.383784 1.68181 -0.399344
v 0.37715 1.64615 0.332625
v 0.367199 1.68091 0.318939
v 0.35526 1.70449 0.273973
v 0.371382 1.67743 0.265515
v 0.456796 1.48765 -0.328371
v 0.477723 1.4908 -0.315023
v 0.437418 1.54134 -0.279968
v 0.43453 1.56997 -0.283347
v 0.373762 1.63328 -0.350019
v 0.382002 1.6418 0.215433
v 0.431179 1.54312 0.228697
v 0.43384 1.53282 0.240483
v 0.438575 1.50758 0.3353
v 0.41648 1.57003 0.358363
v 0.399709 1.61485 0.351664
v 0.365404 1.65125 0.324147
v 0.363148 1.69476 0.315692
v 0.359128 1.7083 0.272953
v 0.415698 1.57602 -0.287591
v 0.394355 1.60863 -0.311793
v 0.384676 1.63898 -0.35319
v 0.359362 1.657 -0.360883
v 0.371956 1.6696 -0.417593
v 0.402944 1.65203 -0.438916
v 0.427914 1.56492 0.360246
v 0.348256 1.70324 0.262972
v 0.365332 1.66365 0.23685
v 0.369512 1.66865 -0.377335
v 0.35638 1.66909 -0.388123
v 0.384387 1.66918 -0.420132
v 0.386845 1.64816 -0.440433
v 0.403202 1.61351 -0.44844
v 0.424955 1.57661 -0.445094
v 0.379986 1.62535 0.216133
v 0.429401 1.56326 0.221814
v 0.353733 1.70062 0.30226
v 0.377685 1.61129 -0.321178
v 0.367847 1.63853 -0.35518
v 0.346465 1.66831 -0.406118
v 0.376855 1.61239 0.342938
v 0.355897 1.69665 0.310961
v 0.376709 1.6557 -0.361214
v 0.36149 1.66763 -0.381785
v 0.342962 1.66745 -0.402278
v 0.36842 1.65521 0.232578
v 0.3716 1.66221 0.322368
v 0.34463 1.70067 0.265437
v 0.381836 1.6284 -0.337482
v 0.435457 1.5059 0.301855
v 0.388063 1.58555 0.347945
v 0.38757 1.64475 0.337886
v 0.338746 1.69142 0.296067
v 0.347162 1.69262 0.273107
v 0.36062 1.66848 0.244534
v 0.449576 1.48912 -0.347745
v 0.460736 1.5019 -0.291651
v 0.439997 1.50405 -0.284744
v 0.442363 1.51656 -0.277441
v 0.386518 1.62215 -0.32693
v 0.423611 1.57695 0.220944
v 0.428679 1.53613 0.231874
v 0.419716 1.50855 0.267835
v 0.347573 1.68813 0.260091
v 0.354868 1.6713 0.261276
v 0.459041 1.49233 -0.307604
v 0.387559 1.63304 -0.447604
v 0.394958 1.59728 0.223781
v 0.418904 1.51901 0.349937
v 0.448703 1.49949 -0.369517
v 0.406991 1.55463 -0.282378
v 0.359954 1.67236 -0.409279
v 0.406697 1.62786 -0.443988
v 0.421786 1.58954 -0.446537
v 0.43432 1.50813 0.287079
v 0.434603 1.5079 0.341326
v 0.34436 1.68212 0.315387
v 0.34112 1.69367 0.267377
v 0.392119 1.5636 -0.288553
v 0.380881 1.6573 -0.429971
v 0.364387 1.64159 0.214873
v 0.422032 1.54687 0.221557
v 0.405493 1.50708 0.343823
v 0.387887 1.56012 0.348963
v 0.449268 1.54551 -0.417974
v 0.343152 1.64935 0.218134
v 0.429868 1.50077 0.318672
v 0.348746 1.64052 0.323101
v 0.356231 1.66802 0.255906
v 0.347443 1.66232 -0.420906
v 0.352273 1.6605 -0.422396
v 0.374693 1.63622 0.211713
v 0.404043 1.54839 0.216119
v 0.428239 1.50073 0.330482
v 0.409892 1.502 0.340298
v 0.399757 1.55067 0.351341
v 0.339052 1.66757 0.318858
v 0.343767 1.6925 0.283945
v 0.336853 1.69917 0.260535
v 0.346251 1.67695 0.261216
v 0.338824 1.66558 0.234555
v 0.423289 1.5439 -0.279791
v 0.362225 1.66011 -0.42052
v 0.365178 1.65595 -0.422572
v 0.364473 1.64874 -0.427837
v 0.379648 1.61742 0.219257
v 0.377982 1.60556 0.22007
v 0.385986 1.60496 0.223208
v 0.412095 1.526 0.226627
v 0.332925 1.68196 0.270902
v 0.442158 1.51532 -0.396554
v 0.428206 1.48711 -0.314529
v 0.430049 1.52739 -0.280746
v 0.427961 1.55641 -0.280696
v 0.408241 1.54625 -0.280582
v 0.374096 1.5919 -0.30867
v 0.371933 1.60051 -0.315285
v 0.337396 1.66392 -0.391794
v 0.411071 1.49186 0.305875
v 0.387827 1.60175 0.348377
v 0.328968 1.68012 0.307431
v 0.412712 1.55568 -0.441576
v 0.445686 1.49273 -0.35941
v 0.339798 1.6621 -0.385107
v 0.391466 1.59612 -0.455211
v 0.366106 1.62603 0.206494
v 0.39814 1.5549 0.21549
v 0.399539 1.53639 0.216555
v 0.379891 1.55151 0.347418
v 0.355764 1.65758 0.32051
v 0.329057 1.68343 0.289962
v 0.341239 1.66019 0.222573
v 0.441497 1.48594 -0.341881
v 0.440113 1.4943 -0.299723
v 0.416267 1.50917 -0.287159
v 0.371772 1.61994 -0.331181
v 0.362311 1.61952 -0.334937
v 0.347894 1.65576 -0.364042
v 0.352236 1.65605 -0.42309
v 0.392271 1.61839 -0.449307
v 0.40356 1.58139 -0.452783
v 0.34683 1.66468 0.230197
v 0.357739 1.63461 -0.352546
v 0.344993 1.66646 -0.411709
v 0.375648 1.6373 -0.445291
v 0.404119 1.52789 0.221085
v 0.335474 1.67069 0.258163
v 0.370416 1.5845 0.216227
v 0.392928 1.57617 0.217999
v 0.415149 1.49872 0.285806
v 0.370229 1.52159 0.342166
v 0.378953 1.53514 0.346005
v 0.362853 1.57495 0.343643
v 0.321786 1.67961 0.267376
v 0.364146 1.58865 0.214119
v 0.323195 1.69539 0.262938
v 0.407713 1.50691 -0.289926
v 0.406657 1.52619 -0.280711
v 0.344795 1.66777 -0.397373
v 0.348251 1.64595 -0.424875
v 0.334999 1.657 0.217514
v 0.357301 1.63228 0.204527
v 0.403134 1.51195 0.235115
v 0.352028 1.62699 0.32981
v 0.309431 1.66925 0.253457
v 0.419256 1.54053 -0.430559
v 0.347183 1.64635 -0.357089
v 0.338753 1.62806 0.195722
v 0.409278 1.50656 0.259048
v 0.329137 1.63754 0.320249
v 0.415336 1.48091 -0.339048
v 0.408324 1.49232 -0.305881
v 0.354403 1.60015 -0.321504
v 0.356311 1.63829 -0.431735
v 0.373784 1.59573 -0.454363
v 0.352918 1.63667 0.207276
v 0.363219 1.61931 0.207087
v 0.40979 1.51986 0.230883
v 0.32252 1.69084 0.267038
v 0.312314 1.6615 0.213737
v 0.40463 1.5257 -0.427527
v 0.414717 1.48131 -0.356958
v 0.377973 1.55968 -0.290897
v 0.384891 1.58696 -0.301791
v 0.334944 1.66027 -0.418972
v 0.349867 1.64449 0.215875
v 0.392689 1.4856 0.305257
v 0.39856 1.49085 0.32872
v 0.323061 1.66393 0.315183
v 0.298393 1.67989 0.266761
v 0.31395 1.67872 0.25476
v 0.409629 1.49956 -0.296541
v 0.395148 1.52647 -0.279737
v 0.382468 1.54041 -0.282675
v 0.323369 1.65695 -0.39158
v 0.358301 1.59667 0.210405
v 0.412777 1.51432 0.244067
v 0.375035 1.49543 0.332613
v 0.360405 1.59892 0.340829
v 0.314863 1.64677 0.317529
v 0.32473 1.69188 0.257365
v 0.305501 1.65828 0.239462
v 0.329483 1.63794 -0.352892
v 0.327478 1.65086 -0.428237
v 0.312416 1.65414 0.207178
v 0.32611 1.6617 0.246827
v 0.310938 1.66304 0.222607
v 0.427663 1.52134 -0.412772
v 0.424863 1.49052 -0.373733
v 0.384198 1.52353 -0.280068
v 0.346098 1.62728 -0.348639
v 0.333846 1.64757 -0.359189
v 0.329721 1.65392 -0.377291
v 0.328471 1.63887 0.205414
v 0.390864 1.49339 0.270037
v 0.341924 1.65737 -0.372819
v 0.312623 1.64751 -0.427431
v 0.396998 1.56658 -0.450435
v 0.354294 1.57206 0.209738
v 0.313457 1.67079 0.26825
v 0.318742 1.65538 -0.418408
v 0.384929 1.54183 0.213806
v 0.334686 1.60573 0.331396
v 0.328315 1.67896 0.275549
v 0.295388 1.66424 0.264064
v 0.393864 1.54381 -0.445242
v 0.410042 1.49841 -0.398541
v 0.420468 1.48366 -0.326012
v 0.329288 1.65689 -0.385079
v 0.333383 1.64315 -0.430625
v 0.380255 1.61154 -0.451513
v 0.38847 1.5749 -0.453677
v 0.385311 1.51978 0.21707
v 0.361077 1.54704 0.343654
v 0.350456 1.57989 -0.309197
v 0.309315 1.64679 -0.378601
v 0.34917 1.62826 -0.435881
v 0.344394 1.62207 0.195065
v 0.34545 1.60794 0.198745
v 0.329757 1.67718 0.311322
v 0.276847 1.67976 0.264228
v 0.311631 1.66111 0.249677
v 0.298303 1.66085 0.227348
v 0.393238 1.50969 -0.283541
v 0.331902 1.64954 -0.429453
v 0.334915 1.613 0.190371
v 0.369345 1.56681 0.214087
v 0.367112 1.50405 0.335828
v 0.329851 1.62916 0.321981
v 0.319115 1.67555 0.297216
v 0.312102 1.66764 0.272004
v 0.304524 1.6885 0.257135
v 0.401533 1.49516 -0.299563
v 0.371571 1.53733 -0.286284
v 0.36704 1.56034 -0.295189
v 0.385912 1.48526 0.293659
v 0.339817 1.5864 0.336316
v 0.417289 1.48511 -0.367908
v 0.407524 1.48527 -0.318913
v 0.36382 1.61641 -0.44734
v 0.384669 1.56281 -0.454584
v 0.347836 1.58155 0.205742
v 0.3851 1.50541 0.22619
v 0.27797 1.67206 0.266351
v 0.295953 1.6876 0.261783
v 0.308215 1.66403 0.251582
v 0.33935 1.60912 -0.331346
v 0.320771 1.62284 -0.343524
v 0.318376 1.64848 -0.370351
v 0.356254 1.62476 -0.441618
v 0.325154 1.62804 0.192237
v 0.307997 1.60365 0.324975
v 0.414972 1.49124 -0.383936
v 0.37908 1.51281 -0.281217
v 0.312049 1.65473 -0.401403
v 0.32437 1.65862 -0.414936
v 0.341805 1.62566 -0.435257
v 0.347053 1.59201 0.203625
v 0.351453 1.5576 0.208428
v 0.390075 1.49733 0.254585
v 0.290078 1.65715 0.240672
v 0.399284 1.51682 -0.422564
v 0.400247 1.49058 -0.389533
v 0.337527 1.56074 -0.299752
v 0.300667 1.64869 -0.417984
v 0.365592 1.56979 -0.455682
v 0.297958 1.65446 0.202524
v 0.333093 1.60406 0.18961
v 0.378775 1.52867 0.213398
v 0.379606 1.49228 0.26158
v 0.374892 1.48598 0.321877
v 0.345711 1.5405 0.339125
v 0.394029 1.50727 -0.415681
v 0.294758 1.64819 -0.413216
v 0.379969 1.54513 -0.449252
v 0.309068 1.63927 0.199864
v 0.398257 1.48061 -0.333969
v 0.326624 1.59533 -0.324122
v 0.337827 1.62965 -0.433177
v 0.34751 1.59816 -0.450218
v 0.328886 1.6229 0.189248
v 0.385898 1.50076 0.23539
v 0.300162 1.64176 0.314662
v 0.274063 1.65518 0.262224
v 0.282086 1.6725 0.251354
v 0.36258 1.55631 -0.452568
v 0.285863 1.64866 0.281078
v 0.290288 1.66288 0.213693
v 0.284923 1.65855 0.203345
v 0.381676 1.50187 -0.286054
v 0.374376 1.52052 -0.281582
v 0.364547 1.528 -0.286681
v 0.361981 1.55273 -0.29371
v 0.361041 1.57208 -0.301646
v 0.327883 1.61003 -0.332266
v 0.349774 1.53197 0.339728
v 0.273298 1.66312 0.248304
v 0.390184 1.4962 -0.294494
v 0.31343 1.6333 -0.442006
v 0.328832 1.62776 -0.436578
v 0.335698 1.59187 0.194865
v 0.361923 1.48867 0.266161
v 0.33359 1.53321 0.337522
v 0.311495 1.58481 0.332266
v 0.300272 1.65139 0.307861
v 0.301178 1.65647 0.301461
v 0.272324 1.67712 0.25405
v 0.269475 1.6571 0.237951
v 0.333492 1.56988 -0.305079
v 0.314031 1.63469 -0.350475
v 0.340749 1.60995 -0.442656
v 0.37258 1.51546 0.2148
v 0.372055 1.49466 0.234761
v 0.380996 1.4832 0.310482
v 0.356252 1.47991 0.305569
v 0.353909 1.49524 0.33042
v 0.351886 1.51077 0.335955
v 0.331859 1.51011 0.334316
v 0.399823 1.48248 -0.371088
v 0.365789 1.50644 -0.283164
v 0.313441 1.61946 -0.341551
v 0.326045 1.64885 -0.364643
v 0.357449 1.58627 -0.454465
v 0.360057 1.48136 0.293285
v 0.368654 1.48972 0.327362
v 0.254229 1.67463 0.260049
v 0.276128 1.66243 0.220231
v 0.377865 1.5333 -0.44475
v 0.318314 1.62937 -0.442487
v 0.378565 1.50933 0.219613
v 0.321168 1.572 0.335904
v 0.300987 1.6615 0.287843
v 0.394289 1.47869 -0.345675
v 0.330275 1.5793 -0.312082
v 0.322745 1.60019 0.181657
v 0.309881 1.56256 0.336811
v 0.300632 1.61621 0.319219
v 0.370625 1.49958 -0.286125
v 0.310206 1.60668 -0.330346
v 0.292974 1.64688 -0.39377
v 0.287496 1.64729 -0.401895
v 0.30691 1.63605 -0.439711
v 0.324846 1.61558 -0.440003
v 0.28448 1.64629 0.19311
v 0.291854 1.6337 0.186966
v 0.31344 1.61492 0.176283
v 0.285444 1.59795 0.320918
v 0.252942 1.66706 0.252745
v 0.246726 1.66112 0.227369
v 0.380416 1.49336 -0.302633
v 0.279458 1.62752 -0.439876
v 0.306282 1.63077 0.189431
v 0.342428 1.53961 0.206299
v 0.355301 1.50841 0.213826
v 0.260308 1.67266 0.265107
v 0.269462 1.65891 0.245085
v 0.379703 1.52511 -0.437626
v 0.394639 1.4851 -0.315947
v 0.351446 1.54046 -0.292854
v 0.307832 1.65368 -0.409169
v 0.32814 1.60576 -0.441089
v 0.333057 1.59636 -0.444428
v 0.341519 1.58066 -0.451082
v 0.295425 1.579 0.331216
v 0.290493 1.62675 0.316383
v 0.274177 1.64872 0.263898
v 0.246197 1.65938 0.244774
v 0.386548 1.47973 -0.338348
v 0.368752 1.49514 -0.300275
v 0.299909 1.62904 -0.34632
v 0.303767 1.64027 -0.433092
v 0.310073 1.61408 -0.44813
v 0.304424 1.62244 0.177333
v 0.362373 1.4915 0.233004
v 0.386388 1.49718 -0.404938
v 0.401009 1.47915 -0.352925
v 0.294669 1.64243 -0.369648
v 0.277578 1.64384 -0.393692
v 0.292094 1.63975 -0.427749
v 0.303146 1.61777 -0.449755
v 0.317293 1.60548 0.17685
v 0.33921 1.502 0.33273
v 0.26632 1.62169 0.300758
v 0.256053 1.66049 0.266559
v 0.262646 1.66222 0.209549
v 0.370272 1.49368 -0.308469
v 0.296265 1.64462 -0.386341
v 0.369681 1.53564 0.210966
v 0.279913 1.64818 0.268659
v 0.25257 1.66526 0.266967
v 0.236465 1.66476 0.253045
v 0.37923 1.48713 -0.391549
v 0.336349 1.55135 -0.296764
v 0.292715 1.63902 -0.360216
v 0.301455 1.59646 0.161591
v 0.369493 1.51633 -0.428493
v 0.27896 1.63268 -0.352596
v 0.313283 1.64212 -0.357794
v 0.320826 1.5932 -0.442803
v 0.35773 1.54896 -0.450924
v 0.362536 1.5197 0.211853
v 0.364519 1.50174 0.219772
v 0.364616 1.49031 0.254669
v 0.33392 1.49419 0.327681
v 0.32379 1.50265 0.331321
v 0.318343 1.52821 0.335745
v 0.230389 1.66197 0.264814
v 0.238325 1.66807 0.260622
v 0.232387 1.66273 0.217268
v 0.360623 1.52923 -0.443204
v 0.28376 1.63009 -0.347613
v 0.352226 1.56134 -0.45184
v 0.261751 1.65035 0.191687
v 0.273191 1.62853 0.172233
v 0.334657 1.5741 0.199118
v 0.363723 1.49021 0.240998
v 0.335345 1.48764 0.322262
v 0.306178 1.54703 0.336592
v 0.233907 1.65554 0.268219
v 0.276119 1.66037 0.204648
v 0.374076 1.4998 -0.409103
v 0.3845 1.48464 -0.385133
v 0.352682 1.52231 -0.290408
v 0.325715 1.56506 -0.302868
v 0.288835 1.6263 -0.343005
v 0.267563 1.63633 -0.419866
v 0.260941 1.62385 -0.433916
v 0.364038 1.53831 -0.448012
v 0.314605 1.58577 0.176572
v 0.341846 1.512 0.209359
v 0.339455 1.48153 0.307241
v 0.350562 1.48273 0.317798
v 0.311701 1.51132 0.333631
v 0.259599 1.62681 0.276742
v 0.255512 1.64462 0.262922
v 0.222293 1.66311 0.25962
v 0.262667 1.63968 -0.402479
v 0.293468 1.61308 0.162009
v 0.299721 1.60701 0.16314
v 0.309082 1.59022 0.169324
v 0.335931 1.56248 0.202126
v 0.358353 1.49425 0.226001
v 0.277529 1.6237 0.311679
v 0.268036 1.63244 0.280351
v 0.363887 1.48219 -0.345591
v 0.314501 1.5697 -0.307234
v 0.282723 1.62508 -0.44439
v 0.315526 1.5997 -0.443667
v 0.319677 1.56396 0.191336
v 0.229729 1.66267 0.228535
v 0.373763 1.49097 -0.39801
v 0.387168 1.48065 -0.369898
v 0.364095 1.50042 -0.285292
v 0.262254 1.63895 -0.407852
v 0.260852 1.6371 -0.413114
v 0.264241 1.63858 0.180692
v 0.340445 1.49024 0.256814
v 0.258126 1.63738 0.264696
v 0.372592 1.48902 -0.317665
v 0.293804 1.61131 -0.332628
v 0.310173 1.58053 -0.442188
v 0.345619 1.55376 -0.452026
v 0.237905 1.64279 0.179362
v 0.338967 1.52021 0.207254
v 0.349282 1.4973 0.219341
v 0.277409 1.61393 0.31701
v 0.267618 1.63981 -0.385699
v 0.304348 1.6044 -0.450709
v 0.291863 1.61907 0.167809
v 0.323023 1.48878 0.268387
v 0.280533 1.5881 0.322983
v 0.27124 1.62258 0.306686
v 0.232131 1.64597 0.268432
v 0.222351 1.66188 0.240114
v 0.212318 1.66 0.23595
v 0.222772 1.65955 0.206627
v 0.232534 1.65935 0.202004
v 0.364402 1.49577 -0.289332
v 0.323212 1.54759 -0.294875
v 0.248482 1.63414 -0.395152
v 0.221328 1.62136 -0.407279
v 0.323673 1.58062 -0.445458
v 0.34067 1.48484 0.281445
v 0.301949 1.51908 0.334999
v 0.292047 1.56419 0.334498
v 0.316992 1.57034 0.185767
v 0.332838 1.54895 0.202496
v 0.295078 1.55044 0.334905
v 0.270632 1.57618 0.325442
v 0.214037 1.65651 0.219162
v 0.357467 1.51002 -0.420623
v 0.374026 1.48277 -0.332077
v 0.3604 1.49311 -0.31222
v 0.354952 1.51046 -0.288147
v 0.276247 1.56503 0.331332
v 0.201671 1.64784 0.264505
v 0.223741 1.654 0.19099
v 0.376557 1.48032 -0.366929
v 0.333009 1.53926 -0.294837
v 0.318431 1.55396 -0.297454
v 0.260603 1.63162 -0.359615
v 0.335984 1.56914 -0.450137
v 0.217024 1.66283 0.249205
v 0.214938 1.65482 0.20458
v 0.289023 1.59603 -0.321731
v 0.292275 1.58863 -0.451859
v 0.332802 1.51846 0.205119
v 0.34472 1.48882 0.245357
v 0.290727 1.53799 0.334608
v 0.281172 1.5542 0.335662
v 0.353477 1.54074 -0.449427
v 0.360229 1.49752 -0.285914
v 0.309959 1.58801 -0.320518
v 0.286634 1.62118 -0.44935
v 0.289872 1.61867 -0.451506
v 0.304642 1.58693 -0.444911
v 0.252618 1.63468 0.172976
v 0.294361 1.60088 0.155608
v 0.264693 1.59608 0.318398
v 0.246356 1.62211 0.269802
v 0.211107 1.65104 0.188869
v 0.371218 1.48401 -0.385277
v 0.370384 1.48174 -0.376435
v 0.371992 1.48052 -0.358504
v 0.355049 1.48991 -0.323915
v 0.329518 1.53398 -0.293294
v 0.271041 1.61194 -0.333348
v 0.277571 1.62394 -0.34264
v 0.267294 1.63777 -0.369858
v 0.201077 1.65359 0.244813
v 0.215298 1.64822 0.181654
v 0.270992 1.61287 0.147373
v 0.298198 1.5862 0.154754
v 0.302642 1.57944 0.160997
v 0.321898 1.53485 0.199747
v 0.21736 1.63878 0.271229
v 0.332288 1.5458 -0.446301
v 0.349626 1.52444 -0.436471
v 0.356546 1.49905 -0.286708
v 0.260599 1.62197 -0.344856
v 0.279361 1.60075 -0.456481
v 0.317372 1.55827 -0.444339
v 0.260914 1.61914 0.155215
v 0.352025 1.48898 0.235781
v 0.328096 1.48358 0.290636
v 0.314349 1.48482 0.299177
v 0.319087 1.48517 0.314395
v 0.308712 1.4911 0.321875
v 0.271983 1.54753 0.334086
v 0.257462 1.59881 0.313337
v 0.236572 1.60699 0.275094
v 0.343517 1.53065 -0.294486
v 0.246129 1.63159 -0.383967
v 0.312247 1.57147 -0.441583
v 0.205144 1.64641 0.216866
v 0.352218 1.48885 0.242967
v 0.237048 1.62489 0.264228
v 0.341586 1.50939 -0.294274
v 0.208094 1.64413 0.268586
v 0.337609 1.50027 0.212791
v 0.251945 1.57719 0.319734
v 0.250563 1.60919 0.290067
v 0.366231 1.49615 -0.405026
v 0.350274 1.48775 -0.333646
v 0.345559 1.49199 -0.323213
v 0.360876 1.49368 -0.304331
v 0.358745 1.49266 -0.295484
v 0.281169 1.60073 -0.324498
v 0.257638 1.63015 -0.42431
v 0.212197 1.6367 0.168279
v 0.316647 1.54728 0.194738
v 0.231673 1.61074 0.269176
v 0.290884 1.60454 -0.4573
v 0.3419 1.53203 -0.439999
v 0.192381 1.64425 0.24856
v 0.330833 1.49037 0.254624
v 0.343731 1.52227 -0.434539
v 0.353255 1.49306 -0.30745
v 0.309073 1.5544 -0.298571
v 0.277114 1.58543 -0.314355
v 0.249045 1.62556 -0.35355
v 0.252077 1.61215 -0.440779
v 0.192415 1.63718 0.269878
v 0.304523 1.49939 0.328399
v 0.246037 1.59383 0.305876
v 0.19565 1.62504 0.274799
v 0.352275 1.50619 -0.41543
v 0.235026 1.62526 -0.417966
v 0.21359 1.61129 -0.422225
v 0.264953 1.60012 -0.452676
v 0.31185 1.55155 -0.439666
v 0.198402 1.64467 0.230713
v 0.197705 1.64255 0.211504
v 0.199143 1.6421 0.178174
v 0.310177 1.55473 0.184082
v 0.339379 1.48768 0.235152
v 0.285539 1.52829 0.331877
v 0.208338 1.63639 0.273266
v 0.363353 1.48235 -0.370463
v 0.358215 1.49438 -0.289836
v 0.292956 1.57914 -0.313882
v 0.232208 1.62773 -0.401282
v 0.294008 1.56126 -0.43889
v 0.342107 1.49161 0.2238
v 0.188752 1.63626 0.226168
v 0.3614 1.48812 -0.393426
v 0.235428 1.62293 -0.359108
v 0.218616 1.6093 -0.42694
v 0.273174 1.60606 0.138467
v 0.334955 1.48789 0.242109
v 0.278248 1.52725 0.331816
v 0.2535 1.55722 0.327294
v 0.203936 1.64763 0.194646
v 0.191853 1.64221 0.185433
v 0.35715 1.48358 -0.359049
v 0.335077 1.52296 -0.294669
v 0.225711 1.62306 -0.379326
v 0.229204 1.60921 -0.43174
v 0.268488 1.61276 -0.448179
v 0.303876 1.56262 -0.439679
v 0.293616 1.50947 0.331808
v 0.215369 1.60864 0.266303
v 0.341727 1.48795 -0.344767
v 0.317645 1.54515 -0.294133
v 0.298939 1.55651 -0.299908
v 0.243185 1.59966 -0.444046
v 0.303118 1.54634 0.178115
v 0.323768 1.51899 0.20232
v 0.220425 1.62206 -0.39014
v 0.315197 1.52047 0.197538
v 0.24822 1.58019 0.316976
v 0.23729 1.57991 0.308065
v 0.187103 1.61383 0.276317
v 0.249224 1.61214 -0.33624
v 0.294507 1.57735 -0.444944
v 0.192252 1.64525 0.257818
v 0.180435 1.6308 0.255785
v 0.168641 1.62679 0.184128
v 0.257724 1.61199 0.143464
v 0.305032 1.48815 0.314274
v 0.282188 1.51066 0.331423
v 0.229199 1.58922 0.285368
v 0.33672 1.51493 -0.295184
v 0.276981 1.59126 0.135628
v 0.319727 1.49075 0.252903
v 0.26508 1.55033 0.333172
v 0.219096 1.59136 0.27296
v 0.285604 1.55186 -0.437975
v 0.303334 1.54323 -0.434172
v 0.330184 1.526 -0.434557
v 0.348074 1.4988 -0.291532
v 0.338974 1.50643 -0.294493
v 0.308644 1.53975 -0.28988
v 0.25854 1.58554 -0.453514
v 0.237197 1.62329 0.154298
v 0.289406 1.57861 0.140756
v 0.306778 1.53961 0.186087
v 0.30594 1.48915 0.272646
v 0.30143 1.48649 0.297866
v 0.297038 1.49307 0.32368
v 0.180136 1.62505 0.270556
v 0.182632 1.63103 0.240111
v 0.182614 1.63605 0.217382
v 0.198273 1.62938 0.166906
v 0.213904 1.62514 0.153961
v 0.354165 1.49223 -0.295502
v 0.260024 1.58858 -0.315214
v 0.241797 1.58401 -0.450152
v 0.31226 1.52962 0.19395
v 0.329118 1.49893 0.210334
v 0.319427 1.53983 -0.435437
v 0.356756 1.48633 -0.3866
v 0.321079 1.52503 -0.288273
v 0.319214 1.53628 -0.290957
v 0.268796 1.58251 -0.310794
v 0.250681 1.60402 -0.328053
v 0.216554 1.60737 -0.342176
v 0.206546 1.61326 -0.39974
v 0.16806 1.61456 0.263719
v 0.18016 1.61781 0.171703
v 0.240055 1.60715 0.137758
v 0.28546 1.49581 0.326325
v 0.250062 1.57612 -0.452463
v 0.269584 1.58087 -0.45473
v 0.218674 1.61307 0.14135
v 0.294474 1.57258 0.145028
v 0.306278 1.57091 0.171354
v 0.328739 1.50553 0.207534
v 0.235014 1.56319 0.316321
v 0.173961 1.63575 0.192256
v 0.206793 1.62541 0.156976
v 0.276639 1.55993 -0.447995
v 0.350875 1.49489 -0.402606
v 0.342825 1.49245 -0.316943
v 0.353119 1.49175 -0.303307
v 0.29567 1.54678 -0.292686
v 0.2241 1.60304 -0.332661
v 0.337941 1.48814 0.230784
v 0.323739 1.48841 0.241876
v 0.281498 1.49305 0.324033
v 0.351549 1.48499 -0.370076
v 0.34492 1.48687 -0.35458
v 0.225627 1.61855 -0.361107
v 0.333558 1.49213 0.219801
v 0.327168 1.48796 0.236164
v 0.284059 1.50157 0.32922
v 0.25426 1.52734 0.334292
v 0.198218 1.61979 0.156381
v 0.202708 1.60994 0.141114
v 0.35096 1.48573 -0.3793
v 0.353049 1.49472 -0.291135
v 0.206721 1.61177 -0.378578
v 0.175209 1.6079 0.273661
v 0.172446 1.63587 0.203863
v 0.213306 1.60579 0.135368
v 0.292566 1.5581 0.142429
v 0.300474 1.52825 0.183366
v 0.310961 1.49121 0.252441
v 0.29614 1.48895 0.316771
v 0.271679 1.51077 0.333403
v 0.213633 1.59962 0.267347
v 0.327978 1.51321 -0.422343
v 0.339307 1.50583 -0.413637
v 0.245841 1.59379 -0.321011
v 0.208123 1.60874 -0.365587
v 0.197012 1.60131 -0.415308
v 0.225778 1.59289 -0.439307
v 0.311719 1.49088 0.261389
v 0.295734 1.48887 0.272441
v 0.291174 1.48587 0.296843
v 0.246686 1.54581 0.328879
v 0.218501 1.5702 0.286125
v 0.295956 1.54965 -0.435144
v 0.32842 1.51711 -0.29175
v 0.234594 1.59235 -0.32093
v 0.266356 1.52627 0.334184
v 0.312037 1.52962 -0.432778
v 0.338519 1.49186 -0.317443
v 0.204797 1.59549 -0.426409
v 0.250771 1.54508 -0.444538
v 0.179486 1.59846 0.276206
v 0.247006 1.59615 0.127224
v 0.307969 1.51841 0.193094
v 0.237043 1.53574 0.327322
v 0.207078 1.57877 0.270887
v 0.345891 1.49014 -0.393603
v 0.351328 1.49069 -0.303727
v 0.309522 1.52678 -0.282214
v 0.191149 1.6022 -0.379224
v 0.20957 1.58963 -0.43263
v 0.316728 1.50696 0.200169
v 0.311548 1.48814 0.246197
v 0.229743 1.57155 0.30624
v 0.192995 1.6122 0.150546
v 0.336319 1.49121 -0.329485
v 0.25486 1.582 -0.310032
v 0.205421 1.60435 -0.355432
v 0.271416 1.55699 -0.448125
v 0.321333 1.49817 0.206837
v 0.328049 1.48908 0.227487
v 0.302798 1.49046 0.258553
v 0.165978 1.61284 0.257201
v 0.145343 1.61256 0.196902
v 0.309112 1.52556 -0.430234
v 0.341869 1.49826 -0.293399
v 0.335324 1.50234 -0.293891
v 0.227955 1.56471 -0.445161
v 0.211774 1.59127 0.126717
v 0.30228 1.51707 0.189952
v 0.170851 1.59107 0.277637
v 0.166966 1.61103 0.242271
v 0.319963 1.5156 -0.42454
v 0.333036 1.48933 -0.339498
v 0.300162 1.53528 -0.283609
v 0.192154 1.60468 -0.39167
v 0.168207 1.61828 0.232583
v 0.144691 1.60919 0.209448
v 0.147855 1.60814 0.186837
v 0.261274 1.58824 0.124929
v 0.284455 1.48876 0.315187
v 0.225815 1.55458 0.313423
v 0.186685 1.58371 0.273023
v 0.347079 1.48954 -0.300799
v 0.350605 1.49212 -0.295944
v 0.321139 1.51339 -0.28531
v 0.275832 1.56593 -0.304627
v 0.262706 1.5744 -0.304841
v 0.280027 1.53545 -0.429728
v 0.291745 1.53156 -0.427392
v 0.15904 1.6005 0.265083
v 0.15701 1.61295 0.22107
v 0.279788 1.48393 0.281484
v 0.199084 1.58055 0.268652
v 0.200067 1.58876 -0.326211
v 0.177381 1.59279 -0.380899
v 0.270944 1.54403 -0.441088
v 0.284727 1.56517 0.132909
v 0.327118 1.49228 0.21763
v 0.245898 1.5292 0.332558
v 0.183436 1.57261 0.272208
v 0.341908 1.4863 -0.374438
v 0.327471 1.48996 -0.32607
v 0.332366 1.4904 -0.318384
v 0.34288 1.49517 -0.293572
v 0.174589 1.60814 0.161809
v 0.196417 1.5705 -0.428923
v 0.159533 1.57703 0.270196
v 0.157856 1.59603 0.237444
v 0.266127 1.49308 0.328888
v 0.255134 1.49664 0.334602
v 0.216169 1.54441 0.3038
v 0.340572 1.48676 -0.382424
v 0.18168 1.59307 -0.404648
v 0.221354 1.56907 -0.44269
v 0.241051 1.55241 -0.445646
v 0.181108 1.59703 0.138498
v 0.189158 1.59095 0.129502
v 0.232781 1.57878 0.118561
v 0.272139 1.57549 0.129351
v 0.287093 1.48674 0.272052
v 0.280237 1.48374 0.300506
v 0.300294 1.52002 -0.42018
v 0.335826 1.49555 -0.400017
v 0.339309 1.48755 -0.36163
v 0.332563 1.49801 -0.290832
v 0.329052 1.50471 -0.290432
v 0.141041 1.60807 0.202017
v 0.186262 1.59456 0.133682
v 0.277395 1.53612 0.125579
v 0.241623 1.51038 0.333386
v 0.332046 1.48874 -0.350435
v 0.346252 1.49082 -0.296163
v 0.21249 1.58349 -0.315701
v 0.183791 1.59173 -0.351678
v 0.177387 1.57376 -0.411937
v 0.156224 1.60067 0.175946
v 0.266964 1.55629 0.124274
v 0.280315 1.52696 0.128381
v 0.285733 1.48633 0.266546
v 0.281635 1.53036 -0.425668
v 0.31247 1.51314 -0.419664
v 0.343196 1.49204 -0.293181
v 0.339022 1.49459 -0.2926
v 0.289418 1.56089 0.137048
v 0.320571 1.48689 0.236093
v 0.217545 1.53306 0.310285
v 0.206604 1.56616 0.27587
v 0.196157 1.56186 0.268738
v 0.152548 1.58117 0.256687
v 0.258062 1.52899 -0.435037
v 0.311808 1.48636 -0.346491
v 0.289994 1.53757 -0.28122
v 0.256617 1.56124 -0.292887
v 0.241851 1.55215 0.111526
v 0.272351 1.53446 0.122358
v 0.275302 1.48536 0.314063
v 0.147215 1.59066 0.222724
v 0.133173 1.58878 0.208427
v 0.315219 1.48748 -0.332114
v 0.244155 1.56556 -0.294234
v 0.183128 1.59833 -0.39708
v 0.217294 1.54454 -0.436618
v 0.263479 1.57831 0.12389
v 0.289188 1.53885 0.141964
v 0.321974 1.48903 0.218104
v 0.289488 1.48625 0.256216
v 0.21074 1.55419 0.285756
v 0.177667 1.55947 0.269955
v 0.173638 1.57828 0.274723
v 0.166345 1.5722 0.273584
v 0.155482 1.57678 0.148479
v 0.31388 1.50661 -0.414876
v 0.324005 1.48748 -0.356035
v 0.342892 1.48951 -0.309978
v 0.27853 1.5456 -0.286928
v 0.255642 1.54009 -0.442103
v 0.297126 1.52189 0.181182
v 0.31139 1.48402 0.241841
v 0.300315 1.4876 0.25062
v 0.130896 1.57057 0.210855
v 0.155751 1.59411 0.169262
v 0.315433 1.52121 -0.283193
v 0.161643 1.57482 -0.352052
v 0.261293 1.55723 0.121264
v 0.295341 1.52793 0.17273
v 0.319451 1.49291 0.208829
v 0.177109 1.56492 -0.41501
v 0.293686 1.53913 0.156706
v 0.315113 1.50208 0.200405
v 0.271939 1.48156 0.307891
v 0.207503 1.53314 0.287708
v 0.158776 1.56106 0.270284
v 0.152373 1.56252 0.265254
v 0.13294 1.59002 0.192669
v 0.174854 1.59963 0.146678
v 0.19763 1.5649 0.108498
v 0.268725 1.52373 -0.424848
v 0.305568 1.52399 -0.275836
v 0.297056 1.52882 -0.274496
v 0.149549 1.55058 -0.3858
v 0.244761 1.49041 0.330784
v 0.228768 1.51332 0.326707
v 0.192788 1.54778 0.267839
v 0.126054 1.57684 0.198989
v 0.317343 1.50035 -0.407798
v 0.318568 1.48889 -0.392579
v 0.333714 1.48597 -0.381302
v 0.324582 1.50343 -0.281931
v 0.245709 1.54983 -0.278305
v 0.282794 1.48412 0.293157
v 0.231717 1.48962 0.322918
v 0.33463 1.48909 -0.390205
v 0.327117 1.48456 -0.37153
v 0.179872 1.556 -0.417202
v 0.228724 1.53838 -0.439381
v 0.267718 1.48325 0.315741
v 0.14933 1.57467 0.240309
v 0.292275 1.51685 -0.416731
v 0.176443 1.5749 -0.327825
v 0.160234 1.5485 -0.401572
v 0.244008 1.54373 0.10989
v 0.30678 1.49464 0.196268
v 0.305977 1.48446 0.245608
v 0.224474 1.52148 0.322715
v 0.17504 1.54804 0.269166
v 0.206302 1.5664 -0.298797
v 0.190784 1.54343 -0.420981
v 0.231943 1.52811 -0.435601
v 0.320183 1.48482 0.226675
v 0.274008 1.48009 0.280556
v 0.144191 1.56907 0.230003
v 0.137381 1.58684 0.185568
v 0.132988 1.55003 0.168049
v 0.304143 1.49704 -0.406239
v 0.3443 1.48874 -0.306911
v 0.23637 1.55173 -0.279356
v 0.220324 1.57454 -0.304629
v 0.158423 1.56656 -0.343619
v 0.156361 1.57066 -0.373249
v 0.252146 1.51267 -0.427469
v 0.314321 1.48998 0.202837
v 0.251519 1.48254 0.328137
v 0.185466 1.54085 0.26442
v 0.178438 1.56523 0.115545
v 0.336344 1.49014 -0.289586
v 0.260337 1.54715 -0.2822
v 0.278143 1.52042 -0.419098
v 0.215089 1.56316 0.110224
v 0.259458 1.4873 0.327847
v 0.213218 1.52215 0.30185
v 0.145124 1.55667 0.252414
v 0.134942 1.55976 0.216999
v 0.145651 1.54264 0.128658
v 0.339024 1.48617 -0.293241
v 0.32035 1.50478 -0.274449
v 0.154811 1.56419 -0.382703
v 0.299222 1.50549 -0.411698
v 0.283585 1.52212 0.137039
v 0.294081 1.50453 0.185261
v 0.315339 1.48694 -0.357343
v 0.330538 1.49249 -0.285527
v 0.184952 1.56648 -0.307637
v 0.226 1.52389 -0.432528
v 0.241603 1.51197 -0.429081
v 0.157052 1.54173 0.264265
v 0.140806 1.57605 0.176096
v 0.144634 1.5535 0.143624
v 0.146182 1.54531 -0.374174
v 0.202465 1.53222 -0.424529
v 0.230259 1.50822 -0.427054
v 0.123026 1.5553 0.201863
v 0.19799 1.55332 0.100287
v 0.250127 1.54244 0.112928
v 0.286709 1.51732 0.150971
v 0.289823 1.49882 0.169451
v 0.290995 1.48152 0.2507
v 0.269098 1.47671 0.29965
v 0.320903 1.48701 -0.320443
v 0.342227 1.48581 -0.301552
v 0.317253 1.50059 -0.268021
v 0.289592 1.51609 0.167485
v 0.318623 1.48218 0.211798
v 0.26254 1.46785 0.298289
v 0.146403 1.53904 0.252711
v 0.141226 1.55314 0.229392
v 0.311133 1.4901 -0.397339
v 0.334782 1.48504 -0.310808
v 0.330025 1.48751 -0.283801
v 0.315819 1.50928 -0.272077
v 0.300468 1.51524 -0.262167
v 0.289533 1.52585 -0.26683
v 0.144896 1.54618 -0.363942
v 0.314541 1.47837 0.231564
v 0.162075 1.56105 0.12553
v 0.171222 1.56803 0.122465
v 0.321834 1.48315 -0.38485
v 0.326175 1.48278 -0.380304
v 0.320764 1.47772 -0.37133
v 0.313271 1.47608 -0.360056
v 0.318113 1.48807 -0.325562
v 0.207948 1.54944 -0.279345
v 0.158108 1.52637 -0.393718
v 0.316183 1.48479 0.203588
v 0.307847 1.47698 0.23808
v 0.281092 1.48144 0.260924
v 0.166032 1.54653 0.269218
v 0.144941 1.56773 0.160943
v 0.192607 1.55382 -0.288783
v 0.253851 1.49943 -0.419722
v 0.269739 1.50896 -0.413986
v 0.218339 1.51966 0.0919781
v 0.317943 1.47742 0.224726
v 0.200062 1.54266 0.274039
v 0.32103 1.47961 -0.367998
v 0.324808 1.49701 -0.276869
v 0.285265 1.52381 -0.263044
v 0.275298 1.53291 -0.271596
v 0.268304 1.53151 -0.267361
v 0.187439 1.51811 -0.411762
v 0.246575 1.52643 0.105761
v 0.301882 1.47722 0.242354
v 0.217049 1.5075 0.310132
v 0.125628 1.55665 0.184307
v 0.177565 1.55128 -0.294578
v 0.151311 1.54752 -0.391273
v 0.232228 1.52397 0.0987189
v 0.261313 1.52807 0.118622
v 0.28224 1.51372 0.133785
v 0.319416 1.47773 0.215507
v 0.283537 1.47957 0.25478
v 0.272552 1.47583 0.271017
v 0.24304 1.4747 0.319757
v 0.208506 1.51314 0.28635
v 0.303528 1.48037 -0.341387
v 0.307182 1.51342 -0.266539
v 0.28682 1.51263 -0.249537
v 0.166859 1.5147 -0.397693
v 0.174577 1.53111 0.264432
v 0.142481 1.53413 0.24192
v 0.141616 1.57087 0.22494
v 0.190409 1.54864 0.098703
v 0.323712 1.48225 -0.315255
v 0.337815 1.48117 -0.299067
v 0.318617 1.4941 -0.270357
v 0.163138 1.55573 -0.31804
v 0.14491 1.49353 -0.366334
v 0.294354 1.49032 -0.403649
v 0.268677 1.47509 0.288547
v 0.121719 1.54823 0.187698
v 0.297694 1.48183 -0.396717
v 0.310999 1.47775 -0.320408
v 0.335527 1.48181 -0.306404
v 0.237069 1.53338 -0.256519
v 0.232518 1.48565 -0.419061
v 0.273763 1.51423 0.118629
v 0.280633 1.49898 0.125911
v 0.285918 1.50399 0.150412
v 0.294747 1.48089 0.171621
v 0.203111 1.52386 0.275321
v 0.141015 1.53869 0.136655
v 0.194902 1.54479 -0.277483
v 0.144614 1.54626 -0.346123
v 0.219865 1.50426 -0.42321
v 0.133971 1.52189 0.21814
v 0.256322 1.52856 0.115753
v 0.307008 1.4849 0.190158
v 0.223151 1.4944 0.316726
v 0.232656 1.5243 -0.245563
v 0.205772 1.53457 -0.263924
v 0.153601 1.54108 -0.319243
v 0.175725 1.54178 -0.411092
v 0.205517 1.50085 -0.415294
v 0.174436 1.54013 0.101592
v 0.278326 1.50131 0.120294
v 0.298723 1.48267 0.178697
v 0.264906 1.47512 0.3086
v 0.265559 1.49624 -0.407189
v 0.278714 1.49749 -0.405819
v 0.310964 1.47621 -0.384127
v 0.305446 1.49785 -0.249575
v 0.271624 1.47108 0.264533
v 0.149525 1.51764 0.251049
v 0.123749 1.52931 0.206309
v 0.189283 1.51582 0.0798203
v 0.266596 1.47841 -0.396807
v 0.306589 1.48164 -0.348007
v 0.279885 1.5096 -0.245032
v 0.26875 1.52 -0.253543
v 0.248 1.5229 -0.246066
v 0.171427 1.49685 -0.39651
v 0.26888 1.45921 0.255941
v 0.264037 1.46557 0.27967
v 0.256193 1.47235 0.316757
v 0.208774 1.49579 0.280617
v 0.138426 1.52726 0.225798
v 0.297893 1.47127 -0.335123
v 0.318078 1.47967 -0.26938
v 0.1892 1.52999 -0.260908
v 0.238898 1.50026 0.0898435
v 0.254283 1.5001 0.105165
v 0.282104 1.46615 0.24554
v 0.187682 1.50776 0.254939
v 0.129959 1.53384 0.161686
v 0.309798 1.46764 -0.357332
v 0.322077 1.48456 -0.278611
v 0.316647 1.49209 -0.264808
v 0.221524 1.5358 -0.262926
v 0.139373 1.52214 -0.354052
v 0.234547 1.49171 0.0832691
v 0.25767 1.46058 0.297765
v 0.232071 1.47513 0.313427
v 0.160849 1.51452 0.257456
v 0.124092 1.53237 0.17394
v 0.161144 1.53298 0.109794
v 0.314602 1.46914 -0.369906
v 0.336756 1.48038 -0.294701
v 0.332391 1.4781 -0.288402
v 0.310526 1.49862 -0.255948
v 0.299593 1.50308 -0.248781
v 0.2885 1.50115 -0.239929
v 0.174479 1.53189 -0.271059
v 0.140905 1.52358 -0.332147
v 0.243325 1.48572 -0.417237
v 0.286944 1.46908 0.244765
v 0.118641 1.5302 0.184225
v 0.301329 1.47271 -0.324214
v 0.219527 1.51605 -0.241494
v 0.159997 1.53228 -0.294155
v 0.185814 1.48397 -0.399876
v 0.243583 1.50148 0.0943837
v 0.283245 1.49398 0.139124
v 0.31926 1.46861 0.214926
v 0.312843 1.47346 0.231414
v 0.224681 1.47822 0.30955
v 0.12495 1.51326 0.165245
v 0.153708 1.53667 0.1183
v 0.293052 1.50946 -0.249519
v 0.228902 1.51051 -0.23092
v 0.142463 1.50699 -0.365368
v 0.217049 1.48913 -0.41664
v 0.200523 1.52426 0.0865043
v 0.22062 1.49753 0.083359
v 0.286883 1.4963 0.156873
v 0.303936 1.46843 0.236248
v 0.27404 1.46835 0.256161
v 0.200337 1.50161 0.075105
v 0.298775 1.4677 -0.387118
v 0.303225 1.47034 -0.349598
v 0.297551 1.46618 -0.341768
v 0.203048 1.51526 -0.2423
v 0.156851 1.48322 -0.378044
v 0.318434 1.47221 0.199581
v 0.220631 1.47974 0.304074
v 0.250367 1.48175 -0.41055
v 0.291977 1.47554 -0.393951
v 0.139483 1.52379 -0.343033
v 0.250034 1.46822 0.082926
v 0.266177 1.46409 0.269601
v 0.195112 1.50897 0.259302
v 0.143746 1.50653 0.239687
v 0.179496 1.52393 0.0893045
v 0.312847 1.4919 -0.254394
v 0.221626 1.45772 -0.408781
v 0.28299 1.48488 0.133909
v 0.311663 1.47907 0.191798
v 0.247966 1.46336 0.310685
v 0.169639 1.49371 0.25017
v 0.136608 1.53574 0.145672
v 0.276624 1.46745 -0.39015
v 0.306069 1.46617 -0.315397
v 0.329338 1.47553 -0.307079
v 0.188356 1.5138 -0.242857
v 0.274582 1.48971 0.109222
v 0.243816 1.4646 0.311871
v 0.22659 1.46494 0.300395
v 0.188805 1.47234 0.243494
v 0.117386 1.52805 0.192399
v 0.19856 1.54367 0.096248
v 0.294705 1.46377 -0.336307
v 0.310634 1.47248 -0.316831
v 0.331679 1.47103 -0.298771
v 0.140124 1.51473 -0.358314
v 0.314237 1.4644 0.223436
v 0.298833 1.46631 0.237789
v 0.256412 1.44609 0.27801
v 0.251547 1.45002 0.292885
v 0.138074 1.4917 0.22679
v 0.3016 1.47782 -0.332769
v 0.333735 1.47358 -0.293545
v 0.150164 1.48493 -0.371261
v 0.321276 1.46182 0.199991
v 0.276526 1.45739 0.243033
v 0.220874 1.46791 0.294059
v 0.20951 1.47885 0.272633
v 0.179716 1.50517 0.254208
v 0.262691 1.46593 -0.391487
v 0.31648 1.47216 -0.251953
v 0.27434 1.49914 -0.231928
v 0.143921 1.52904 -0.325974
v 0.319147 1.46171 0.187944
v 0.275443 1.46434 0.25049
v 0.144419 1.51556 0.126863
v 0.256788 1.4734 -0.399523
v 0.288894 1.45838 -0.386485
v 0.300733 1.45241 -0.373263
v 0.314361 1.47285 -0.377394
v 0.307517 1.48276 -0.239198
v 0.302623 1.47763 -0.230862
v 0.292356 1.49139 -0.233234
v 0.175367 1.50733 -0.239748
v 0.181425 1.46574 -0.39376
v 0.237124 1.44791 -0.403982
v 0.258004 1.50407 0.110027
v 0.262235 1.5062 0.113095
v 0.215635 1.47705 0.289353
v 0.191404 1.49136 0.251739
v 0.119561 1.50696 0.202994
v 0.155056 1.5049 0.111754
v 0.163464 1.50764 0.103444
v 0.30675 1.45487 -0.356511
v 0.32716 1.46423 -0.301163
v 0.320964 1.46997 -0.275901
v 0.310115 1.47383 -0.236338
v 0.161722 1.51315 -0.270381
v 0.270526 1.47778 0.101591
v 0.281858 1.47086 0.10814
v 0.261229 1.45535 0.276472
v 0.201223 1.49374 0.261319
v 0.152507 1.49891 0.246714
v 0.119422 1.51049 0.177309
v 0.32034 1.46323 -0.305865
v 0.325834 1.46872 -0.282387
v 0.237028 1.50331 -0.223458
v 0.140664 1.47725 -0.339522
v 0.236528 1.46539 -0.41183
v 0.246811 1.44984 0.294342
v 0.226442 1.45812 0.294241
v 0.219792 1.45695 0.283528
v 0.198881 1.48033 0.25206
v 0.162022 1.49213 0.248658
v 0.157792 1.47505 0.241837
v 0.135486 1.47533 0.221177
v 0.126902 1.49387 0.212202
v 0.192208 1.48882 0.0662184
v 0.217045 1.50083 -0.226181
v 0.15457 1.50545 -0.278192
v 0.144792 1.50247 -0.302554
v 0.155472 1.47096 -0.371857
v 0.202004 1.46405 -0.403442
v 0.259696 1.46387 0.0914578
v 0.279043 1.47742 0.107471
v 0.290684 1.47721 0.160661
v 0.25843 1.44192 0.265362
v 0.115911 1.49902 0.195903
v 0.137854 1.50295 0.134124
v 0.281823 1.45509 -0.384256
v 0.317606 1.46802 -0.266922
v 0.29494 1.47911 -0.224966
v 0.260216 1.4917 -0.217838
v 0.241706 1.47168 0.0769465
v 0.185122 1.50653 0.0767314
v 0.311467 1.45891 -0.308157
v 0.330315 1.46329 -0.290065
v 0.328593 1.46798 -0.285192
v 0.188112 1.49693 -0.2236
v 0.227866 1.45369 -0.40883
v 0.237712 1.47389 0.0753231
v 0.282367 1.48016 0.12147
v 0.232569 1.45724 0.298883
v 0.180891 1.50054 0.0780739
v 0.225303 1.47972 0.0770124
v 0.298805 1.46104 -0.316784
v 0.286152 1.4839 -0.223495
v 0.140329 1.49772 -0.323234
v 0.279677 1.45111 0.0903081
v 0.28428 1.46667 0.131601
v 0.314613 1.46344 0.180774
v 0.146157 1.49565 0.23994
v 0.11375 1.47755 0.192439
v 0.11384 1.49033 0.188686
v 0.115685 1.49896 0.183672
v 0.129723 1.50057 0.14951
v 0.172875 1.49096 0.0850369
v 0.256496 1.45786 -0.391953
v 0.298943 1.4429 -0.36415
v 0.308011 1.46101 -0.356076
v 0.298699 1.4548 -0.343497
v 0.32891 1.46338 -0.285343
v 0.320032 1.45991 -0.272177
v 0.249939 1.48932 -0.212309
v 0.227495 1.48481 -0.20621
v 0.16803 1.51208 -0.255005
v 0.139682 1.45666 -0.319004
v 0.171393 1.45114 -0.381267
v 0.2858 1.47611 0.143542
v 0.121207 1.49306 0.167264
v 0.245982 1.44573 0.061128
v 0.303316 1.45403 0.226862
v 0.287017 1.45304 0.233166
v 0.227902 1.44609 0.281239
v 0.127768 1.48404 0.151711
v 0.146987 1.49141 0.120205
v 0.201991 1.48533 -0.209962
v 0.142182 1.46649 -0.340842
v 0.292858 1.4579 -0.322793
v 0.29025 1.4642 -0.208761
v 0.204097 1.46575 0.250632
v 0.121656 1.47497 0.203925
v 0.158525 1.4948 0.10519
v 0.18353 1.47224 0.0624135
v 0.188065 1.48849 0.0666566
v 0.202259 1.44167 -0.399307
v 0.303326 1.46406 0.168454
v 0.20813 1.46381 0.257212
v 0.13633 1.48735 0.135503
v 0.204483 1.47342 0.0620696
v 0.308119 1.45669 -0.363371
v 0.326377 1.45135 -0.293735
v 0.321282 1.4522 0.204558
v 0.282051 1.44931 0.232895
v 0.263575 1.45367 0.262772
v 0.114 1.45981 0.192974
v 0.212096 1.47515 -0.193912
v 0.179219 1.42303 -0.375997
v 0.264678 1.4458 -0.381736
v 0.300375 1.44713 -0.345309
v 0.289206 1.46038 0.146739
v 0.298234 1.45277 0.157047
v 0.313078 1.45395 0.172176
v 0.177078 1.47755 0.0723827
v 0.167286 1.47623 -0.211609
v 0.188698 1.42898 -0.38705
v 0.253318 1.43555 -0.382161
v 0.27303 1.47614 -0.20991
v 0.284021 1.46209 0.123565
v 0.295383 1.46438 0.160043
v 0.313605 1.45617 0.220809
v 0.298755 1.44857 0.225753
v 0.247158 1.43744 0.27222
v 0.218723 1.45835 0.0583914
v 0.206258 1.47076 -0.19176
v 0.161155 1.48259 -0.240516
v 0.139871 1.46146 -0.305758
v 0.326985 1.45098 -0.281609
v 0.234411 1.47225 -0.193807
v 0.23363 1.45528 0.0607707
v 0.261022 1.44944 0.0812758
v 0.284397 1.45783 0.109768
v 0.26341 1.4394 0.245373
v 0.236062 1.44508 0.284968
v 0.213912 1.45274 0.265992
v 0.196401 1.45963 0.050367
v 0.176273 1.48646 -0.213799
v 0.291541 1.44215 -0.332915
v 0.298079 1.45029 -0.310085
v 0.285689 1.46647 -0.207917
v 0.258335 1.47213 -0.200013
v 0.252451 1.43816 0.269558
v 0.240731 1.43482 0.270454
v 0.168942 1.45481 0.236815
v 0.111451 1.46534 0.179039
v 0.169286 1.47939 0.0855559
v 0.144566 1.47417 -0.288094
v 0.140656 1.44642 -0.321163
v 0.299025 1.4362 -0.349913
v 0.317574 1.45293 -0.259096
v 0.234126 1.43368 0.0384733
v 0.283594 1.45049 0.0954315
v 0.269752 1.44513 0.239406
v 0.233597 1.4329 0.266935
v 0.22176 1.43749 0.265642
v 0.157745 1.49114 -0.257249
v 0.2232 1.42932 -0.399793
v 0.244 1.41936 -0.378958
v 0.275676 1.43713 -0.376535
v 0.288326 1.43893 -0.37664
v 0.314807 1.47874 -0.25019
v 0.276098 1.46169 0.0958714
v 0.320203 1.43865 0.171049
v 0.318563 1.4529 0.212649
v 0.141097 1.46598 0.226122
v 0.230591 1.42879 -0.396158
v 0.290726 1.42609 -0.36913
v 0.317222 1.45948 -0.245215
v 0.26327 1.46377 -0.193556
v 0.217862 1.4415 0.264115
v 0.16004 1.43378 0.229282
v 0.129881 1.4494 0.207557
v 0.176703 1.47094 0.0721368
v 0.156044 1.47091 -0.248836
v 0.13969 1.4518 -0.307893
v 0.147068 1.46118 -0.351866
v 0.162657 1.43732 -0.366264
v 0.322639 1.44727 -0.27299
v 0.313151 1.46624 -0.234749
v 0.295632 1.46321 -0.212519
v 0.243528 1.43485 0.0473273
v 0.287161 1.44968 0.13301
v 0.196675 1.44799 0.234485
v 0.210509 1.4521 0.0496487
v 0.283061 1.43841 -0.377204
v 0.290944 1.4543 -0.328351
v 0.314629 1.44712 0.168318
v 0.314948 1.4331 0.20535
v 0.206559 1.44607 0.241456
v 0.185722 1.45379 0.234076
v 0.145485 1.45544 0.227608
v 0.134964 1.47844 0.136747
v 0.158586 1.47215 0.103966
v 0.207678 1.44579 -0.161412
v 0.192726 1.45454 -0.168911
v 0.184347 1.47307 -0.193814
v 0.290441 1.42306 -0.321611
v 0.299887 1.44468 0.152983
v 0.308598 1.43582 0.212772
v 0.263641 1.42531 0.228066
v 0.259332 1.42843 0.244769
v 0.117402 1.44944 0.196316
v 0.111247 1.45555 0.186977
v 0.12499 1.45705 0.151206
v 0.136688 1.46063 0.134693
v 0.149794 1.46603 0.116916
v 0.190489 1.46056 0.0523306
v 0.210532 1.42043 -0.396791
v 0.294506 1.42378 -0.363599
v 0.297529 1.43527 -0.34225
v 0.272974 1.4533 -0.189623
v 0.243734 1.42224 0.0295722
v 0.25536 1.43316 0.0592616
v 0.322433 1.43012 0.188805
v 0.254978 1.43007 0.253831
v 0.146923 1.45253 -0.271267
v 0.22619 1.41064 -0.39135
v 0.271937 1.40956 -0.364078
v 0.312238 1.44596 -0.301873
v 0.236432 1.42101 0.0185592
v 0.266525 1.44585 0.0838462
v 0.288629 1.42234 0.108844
v 0.136995 1.43875 0.212734
v 0.168447 1.46792 0.0896439
v 0.159883 1.46061 -0.23506
v 0.327156 1.43771 -0.280258
v 0.298538 1.45171 -0.205904
v 0.255722 1.45735 -0.18455
v 0.282097 1.4496 0.0917092
v 0.322407 1.44435 0.184414
v 0.221657 1.42312 0.250567
v 0.148276 1.42751 0.220756
v 0.109536 1.4359 0.174591
v 0.261196 1.42197 -0.371372
v 0.293245 1.44729 -0.312284
v 0.247894 1.44131 -0.167259
v 0.231267 1.4371 -0.157428
v 0.2865 1.43973 0.0985228
v 0.283819 1.44217 0.226136
v 0.271009 1.42809 0.221184
v 0.188038 1.45704 0.0527133
v 0.208909 1.4319 0.0270918
v 0.153726 1.41296 -0.34049
v 0.164326 1.42187 -0.36094
v 0.207578 1.40071 -0.388425
v 0.246218 1.4112 -0.373259
v 0.290486 1.44646 -0.318508
v 0.318897 1.44534 -0.264263
v 0.238302 1.41512 -0.131224
v 0.289418 1.42065 0.116155
v 0.316213 1.42468 0.156491
v 0.303411 1.42328 0.206651
v 0.240007 1.41434 0.240415
v 0.152437 1.44779 0.230715
v 0.165452 1.43596 -0.202992
v 0.139961 1.42634 -0.305181
v 0.324248 1.42376 -0.28749
v 0.306633 1.46459 -0.226003
v 0.265769 1.44122 -0.172811
v 0.275226 1.42956 0.0714213
v 0.287822 1.42202 0.0788762
v 0.293123 1.4421 0.14203
v 0.21358 1.43654 0.253639
v 0.14206 1.44949 -0.290234
v 0.31743 1.44325 -0.221595
v 0.292214 1.45113 -0.19864
v 0.323118 1.43098 0.1825
v 0.198001 1.42037 0.226112
v 0.114892 1.42667 0.191927
v 0.109199 1.44206 0.180203
v 0.128486 1.4448 0.142622
v 0.140855 1.43593 -0.291664
v 0.296067 1.42034 -0.354213
v 0.294213 1.41892 -0.331376
v 0.292142 1.43054 -0.306429
v 0.320138 1.44502 -0.2973
v 0.318729 1.44339 -0.226913
v 0.284827 1.44091 -0.183972
v 0.27445 1.43817 -0.176604
v 0.260156 1.42665 -0.154415
v 0.257433 1.41013 0.0277512
v 0.297063 1.4209 0.207334
v 0.266666 1.42644 0.223909
v 0.234635 1.42508 0.257602
v 0.167871 1.43024 0.228712
v 0.222273 1.38478 -0.382788
v 0.252955 1.41705 0.237998
v 0.204325 1.42571 0.232593
v 0.170954 1.45104 -0.185996
v 0.141894 1.42268 -0.316876
v 0.148686 1.41924 -0.335355
v 0.189354 1.39756 -0.370339
v 0.219864 1.40525 -0.391044
v 0.299611 1.43117 -0.299973
v 0.327405 1.44398 -0.287147
v 0.322612 1.43282 -0.265908
v 0.303479 1.42866 -0.190975
v 0.268566 1.41415 0.0548329
v 0.291201 1.42354 0.125807
v 0.300284 1.42563 0.142072
v 0.307753 1.41818 0.201174
v 0.186696 1.43139 0.227455
v 0.118011 1.43827 0.158831
v 0.170703 1.44542 0.0952442
v 0.149145 1.41946 -0.249572
v 0.177349 1.40563 -0.363086
v 0.209551 1.38968 -0.382693
v 0.292203 1.4155 -0.362326
v 0.296109 1.42042 -0.341721
v 0.290106 1.43188 -0.318677
v 0.3151 1.42952 -0.294095
v 0.319362 1.43389 -0.251894
v 0.225354 1.418 0.246758
v 0.182022 1.44312 0.0815047
v 0.184989 1.45415 0.0623151
v 0.191492 1.43376 -0.138992
v 0.177698 1.45271 -0.17167
v 0.281704 1.40853 -0.362311
v 0.289236 1.40281 -0.357686
v 0.319855 1.44167 -0.233727
v 0.239164 1.40374 -0.00233038
v 0.24909 1.42662 0.0425787
v 0.288692 1.42338 0.0870886
v 0.1574 1.41081 0.220971
v 0.126025 1.42246 0.201451
v 0.107658 1.42331 0.178627
v 0.125101 1.42864 0.142895
v 0.205048 1.41957 0.00572928
v 0.253833 1.4043 -0.365528
v 0.326903 1.43247 -0.285669
v 0.319439 1.43977 -0.244563
v 0.326648 1.4205 -0.221434
v 0.277192 1.42628 0.21653
v 0.269812 1.41623 0.213212
v 0.204071 1.40964 0.225411
v 0.138761 1.42435 0.211225
v 0.128917 1.39776 0.197036
v 0.171854 1.43718 -0.17231
v 0.143232 1.37959 -0.300706
v 0.243798 1.40232 -0.372146
v 0.295654 1.40763 -0.350192
v 0.326964 1.42576 -0.268589
v 0.268037 1.40098 -0.129468
v 0.203127 1.38549 -0.37735
v 0.253365 1.39088 -0.360966
v 0.315279 1.44114 -0.214963
v 0.316887 1.42351 -0.199978
v 0.286005 1.42273 -0.167477
v 0.250144 1.41561 -0.136777
v 0.256596 1.39637 -0.0011276
v 0.321878 1.42698 0.168142
v 0.22588 1.40937 0.241217
v 0.216544 1.41154 0.240332
v 0.109693 1.42749 0.185103
v 0.165092 1.40057 -0.348813
v 0.231122 1.39203 -0.381436
v 0.266314 1.41865 -0.36852
v 0.322031 1.42378 -0.206071
v 0.250513 1.39713 -0.00617522
v 0.292824 1.40806 0.0814677
v 0.318971 1.43163 0.198361
v 0.317523 1.41868 0.192283
v 0.257641 1.4125 0.229699
v 0.194089 1.40475 0.220444
v 0.172048 1.41243 0.224452
v 0.154449 1.43597 -0.241772
v 0.151416 1.38759 -0.324629
v 0.281297 1.38996 -0.354733
v 0.293337 1.39782 -0.350952
v 0.290802 1.40873 -0.31827
v 0.293127 1.41861 -0.301983
v 0.311039 1.42553 -0.195565
v 0.286176 1.41989 0.0708931
v 0.247136 1.41895 0.24282
v 0.10725 1.40108 0.17822
v 0.107514 1.40999 0.169573
v 0.193778 1.43407 0.0311313
v 0.197849 1.43128 0.020688
v 0.145084 1.41986 -0.327332
v 0.174434 1.38573 -0.353247
v 0.320052 1.41511 -0.288547
v 0.24404 1.38918 -0.0263323
v 0.282347 1.41664 0.0629365
v 0.292654 1.40821 0.111178
v 0.321697 1.4146 0.157643
v 0.160388 1.45467 0.106033
v 0.199181 1.40906 -0.0926487
v 0.144354 1.41716 -0.26564
v 0.140714 1.40481 -0.289859
v 0.293492 1.40366 -0.327527
v 0.255398 1.3877 -0.103315
v 0.156842 1.38703 0.213994
v 0.145945 1.3855 0.205422
v 0.190364 1.44181 0.0463535
v 0.160119 1.42746 -0.220601
v 0.236086 1.37859 -0.37648
v 0.248691 1.38881 -0.364618
v 0.287312 1.39056 -0.35262
v 0.299849 1.41837 -0.295767
v 0.303945 1.40604 -0.289716
v 0.291559 1.40923 -0.159598
v 0.257325 1.38558 -0.0220622
v 0.264515 1.38741 -0.00665204
v 0.263444 1.41247 0.216432
v 0.167159 1.40212 0.221342
v 0.111387 1.40216 0.156719
v 0.135353 1.42761 0.128963
v 0.228704 1.37287 -0.377919
v 0.289901 1.4171 -0.311884
v 0.297517 1.41211 0.126035
v 0.282417 1.41427 0.206903
v 0.211898 1.40514 0.232218
v 0.202635 1.39832 0.221252
v 0.195531 1.41736 0.00669854
v 0.215229 1.38088 -0.380448
v 0.295578 1.40467 -0.340124
v 0.314867 1.41327 -0.188797
v 0.296514 1.39145 0.107232
v 0.31286 1.39886 0.184507
v 0.125206 1.41477 0.139068
v 0.15217 1.45097 0.116182
v 0.188135 1.41352 -0.113059
v 0.170961 1.42975 -0.173412
v 0.147186 1.39353 -0.246532
v 0.141391 1.38932 -0.269639
v 0.151596 1.37412 -0.31889
v 0.275171 1.38372 -0.353022
v 0.292903 1.40439 -0.301132
v 0.297279 1.40801 -0.294496
v 0.332741 1.40865 -0.273907
v 0.325887 1.41919 -0.208336
v 0.303797 1.4053 -0.169442
v 0.184282 1.40339 -0.112861
v 0.181258 1.37015 -0.357927
v 0.191228 1.37915 -0.369776
v 0.325144 1.41559 -0.244516
v 0.326127 1.41505 -0.233499
v 0.320634 1.40255 0.176191
v 0.225949 1.39262 0.231371
v 0.21606 1.39458 0.230299
v 0.188059 1.43863 0.0662174
v 0.203109 1.41071 -0.0102442
v 0.271706 1.39346 0.025214
v 0.291414 1.40749 0.070485
v 0.32362 1.40503 0.17034
v 0.24777 1.39623 0.221601
v 0.111923 1.41055 0.185806
v 0.15919 1.38602 -0.208876
v 0.140827 1.37033 -0.266215
v 0.19127 1.35415 -0.359957
v 0.205928 1.36657 -0.373144
v 0.289691 1.36604 -0.340559
v 0.242235 1.389 -0.0969264
v 0.163591 1.38193 -0.335842
v 0.245621 1.36603 -0.360436
v 0.294675 1.3878 -0.342101
v 0.292622 1.38765 -0.305459
v 0.298004 1.40947 -0.167409
v 0.262734 1.39111 -0.112296
v 0.249095 1.37916 -0.0457525
v 0.306471 1.40605 0.133143
v 0.314676 1.3862 0.127579
v 0.107877 1.37753 0.178225
v 0.108054 1.38023 0.151562
v 0.117958 1.39849 0.145065
v 0.128034 1.38301 0.116447
v 0.196959 1.40297 -0.0688196
v 0.151875 1.35367 -0.310142
v 0.161626 1.36085 -0.324277
v 0.265049 1.3759 -0.350287
v 0.330236 1.4058 -0.279171
v 0.335985 1.39172 -0.25854
v 0.326305 1.40055 -0.234011
v 0.249613 1.37887 -0.0758792
v 0.292677 1.40507 0.0983905
v 0.324441 1.40644 0.163937
v 0.300163 1.39606 0.190866
v 0.201081 1.38616 0.21726
v 0.177695 1.39655 0.221198
v 0.180706 1.37946 0.217782
v 0.191741 1.41727 0.0356155
v 0.165316 1.36189 -0.330999
v 0.330451 1.40898 -0.259286
v 0.281853 1.39826 -0.138697
v 0.296126 1.38875 -0.332124
v 0.271702 1.37898 -0.103599
v 0.256339 1.37228 -0.0423187
v 0.26569 1.39109 0.00402245
v 0.277746 1.39528 0.0359765
v 0.323581 1.39808 0.15
v 0.121264 1.38401 0.129652
v 0.141826 1.41991 0.119109
v 0.156536 1.41402 0.106582
v 0.192785 1.39802 -0.00572706
v 0.197227 1.39758 -0.0253682
v 0.198685 1.40303 -0.0251747
v 0.196511 1.39442 -0.0536376
v 0.194334 1.39815 -0.081448
v 0.142848 1.36442 -0.251237
v 0.294278 1.40598 0.198573
v 0.254517 1.39916 0.219958
v 0.181972 1.40172 -0.118264
v 0.22049 1.35958 -0.373631
v 0.279557 1.37492 -0.105479
v 0.253279 1.37272 -0.0557826
v 0.291828 1.37978 0.0385511
v 0.278616 1.3952 0.194872
v 0.268422 1.39505 0.19952
v 0.140713 1.3767 -0.284598
v 0.17478 1.35934 -0.349508
v 0.207079 1.35285 -0.370634
v 0.257292 1.36752 -0.350272
v 0.328181 1.41435 -0.20955
v 0.291164 1.37828 -0.12268
v 0.29469 1.3847 0.0537876
v 0.261416 1.3876 0.202381
v 0.236752 1.3965 0.227425
v 0.207621 1.36964 0.215737
v 0.177389 1.42233 0.0899832
v 0.174413 1.4013 -0.144923
v 0.162598 1.3854 -0.193384
v 0.322388 1.4024 -0.283758
v 0.320015 1.39795 -0.179451
v 0.262122 1.37509 -0.0899976
v 0.266415 1.37377 -0.0244437
v 0.278132 1.37187 0.00310812
v 0.294893 1.39215 0.0986912
v 0.129054 1.35249 0.190244
v 0.130524 1.37688 0.195938
v 0.11468 1.37171 0.184118
v 0.143203 1.40205 0.11089
v 0.146505 1.37224 -0.307853
v 0.293003 1.38548 -0.311214
v 0.271289 1.37459 -0.0123026
v 0.279721 1.37749 0.0151789
v 0.304741 1.36707 0.103738
v 0.302021 1.3877 0.114804
v 0.316844 1.40923 0.146092
v 0.129794 1.37757 0.10888
v 0.164863 1.39536 0.0820197
v 0.141713 1.3776 -0.292496
v 0.331966 1.39308 -0.247845
v 0.314119 1.38234 -0.157724
v 0.187172 1.41837 0.0679595
v 0.160131 1.37207 -0.189151
v 0.147724 1.36872 -0.233559
v 0.140102 1.3653 -0.271196
v 0.141951 1.32887 -0.281779
v 0.184174 1.33289 -0.348117
v 0.336138 1.38113 -0.269322
v 0.329555 1.39314 -0.236765
v 0.261476 1.36071 -0.0559031
v 0.268165 1.36029 -0.0420832
v 0.228793 1.36709 0.219768
v 0.279267 1.37133 -0.346829
v 0.297407 1.36227 -0.330706
v 0.30508 1.38338 -0.144574
v 0.270547 1.36525 -0.0824149
v 0.258902 1.36881 -0.073862
v 0.296871 1.386 0.0700966
v 0.325381 1.38659 0.147057
v 0.149627 1.36934 0.203496
v 0.190347 1.3844 -0.0285072
v 0.189776 1.38059 -0.0680893
v 0.172353 1.38426 -0.130612
v 0.172813 1.35185 -0.343593
v 0.24824 1.35228 -0.35163
v 0.333175 1.38654 -0.21989
v 0.286932 1.37635 0.0242227
v 0.301278 1.37005 0.0871665
v 0.295024 1.37395 0.181979
v 0.233678 1.38106 0.224407
v 0.170415 1.36852 0.214189
v 0.164744 1.3231 -0.314328
v 0.205615 1.33615 -0.362527
v 0.332545 1.38312 -0.228431
v 0.329937 1.40736 -0.212383
v 0.30301 1.35713 0.0394424
v 0.327185 1.37433 0.14247
v 0.135796 1.36425 0.196256
v 0.119293 1.36159 0.185528
v 0.103874 1.3759 0.171203
v 0.297699 1.37306 -0.32849
v 0.297627 1.37271 -0.324103
v 0.298718 1.38256 -0.135462
v 0.268275 1.35929 -0.0628653
v 0.304288 1.36115 0.0934905
v 0.306846 1.37549 0.11313
v 0.227957 1.35392 0.216937
v 0.107989 1.34953 0.136411
v 0.12289 1.37381 0.118269
v 0.300335 1.38017 -0.289863
v 0.341871 1.36417 -0.259449
v 0.343162 1.37293 -0.198799
v 0.295614 1.36013 -0.104612
v 0.295728 1.39153 0.0824665
v 0.186552 1.39272 0.0161462
v 0.189192 1.39431 0.00402778
v 0.170363 1.36139 -0.107109
v 0.233912 1.34657 -0.361975
v 0.269893 1.35347 -0.340567
v 0.295065 1.36684 -0.308576
v 0.324727 1.37939 0.157672
v 0.250821 1.36744 0.205791
v 0.102599 1.34879 0.148144
v 0.187571 1.41067 0.0579863
v 0.216303 1.34594 -0.368903
v 0.296929 1.34626 -0.329955
v 0.312732 1.37348 -0.144535
v 0.284841 1.36266 -0.0935051
v 0.274746 1.35339 -0.0495202
v 0.284472 1.36186 0.00108954
v 0.256109 1.38207 0.208142
v 0.217046 1.36321 0.21993
v 0.18373 1.36147 0.214107
v 0.176948 1.35064 0.211247
v 0.12071 1.32521 0.179481
v 0.108515 1.34952 0.171742
v 0.336812 1.39013 -0.265573
v 0.332975 1.38327 -0.177663
v 0.321779 1.37875 0.131329
v 0.320579 1.39284 0.171551
v 0.115679 1.37043 0.132953
v 0.130119 1.36708 0.0981307
v 0.276256 1.33322 -0.330107
v 0.286653 1.34975 -0.335265
v 0.310264 1.3759 -0.279893
v 0.286774 1.34988 -0.0735952
v 0.298186 1.3549 0.0209622
v 0.302972 1.36381 0.052927
v 0.304653 1.37723 0.178206
v 0.223204 1.35126 0.217259
v 0.159167 1.37518 0.0714774
v 0.187483 1.37435 -0.0461843
v 0.345764 1.37076 -0.189711
v 0.3378 1.37916 -0.179271
v 0.310953 1.37006 0.168971
v 0.288709 1.38158 0.186997
v 0.241016 1.36634 0.209907
v 0.169597 1.34415 0.206609
v 0.102134 1.37986 0.165578
v 0.173708 1.37864 0.0432498
v 0.249578 1.32855 -0.343431
v 0.342495 1.36513 -0.251934
v 0.341316 1.35773 -0.232964
v 0.333092 1.39886 -0.194333
v 0.309437 1.35701 0.106347
v 0.263278 1.36966 0.192197
v 0.211432 1.34359 0.210011
v 0.159956 1.34884 0.202033
v 0.165495 1.3692 -0.149869
v 0.157254 1.36978 -0.200767
v 0.157296 1.31872 -0.302598
v 0.300806 1.34698 -0.321398
v 0.297451 1.36544 -0.295394
v 0.294913 1.35032 -0.0886647
v 0.319821 1.36703 0.121079
v 0.255196 1.3569 0.197721
v 0.201474 1.3552 0.21024
v 0.137096 1.36525 0.0883644
v 0.134997 1.34273 0.067295
v 0.177499 1.36539 -0.00919955
v 0.176515 1.35963 -0.0793388
v 0.174032 1.32079 -0.333061
v 0.226417 1.33012 -0.359636
v 0.299257 1.33789 -0.298599
v 0.299488 1.34576 -0.291825
v 0.283234 1.34677 -0.0532014
v 0.278781 1.35816 -0.0218448
v 0.30787 1.34792 0.0592104
v 0.267788 1.36246 0.186162
v 0.142232 1.33757 0.193563
v 0.100336 1.32575 0.147378
v 0.178122 1.35945 -0.0349262
v 0.341743 1.35308 -0.260779
v 0.342317 1.35681 -0.21167
v 0.341189 1.38114 -0.189368
v 0.328316 1.3637 -0.154499
v 0.310114 1.36135 -0.123282
v 0.283897 1.34679 -0.0324063
v 0.308753 1.34081 0.0827281
v 0.226688 1.33453 0.211209
v 0.101242 1.31885 0.152743
v 0.1364 1.31642 -0.245146
v 0.234319 1.31501 -0.350409
v 0.315582 1.3622 -0.274736
v 0.325078 1.35092 0.143036
v 0.214659 1.33464 0.209639
v 0.183549 1.32908 0.206833
v 0.184315 1.30918 -0.340445
v 0.204509 1.31484 -0.35366
v 0.318363 1.3729 -0.275068
v 0.333809 1.36132 -0.267312
v 0.291395 1.33674 -0.050689
v 0.159734 1.3147 0.196428
v 0.156568 1.35586 0.0512697
v 0.162284 1.34678 -0.135226
v 0.137813 1.32368 -0.262719
v 0.145623 1.32311 -0.288093
v 0.212193 1.31265 -0.354317
v 0.267847 1.34311 -0.33746
v 0.336493 1.3583 -0.15759
v 0.336547 1.33465 -0.135369
v 0.31173 1.34562 -0.106382
v 0.326956 1.36053 0.14258
v 0.28918 1.35172 0.175781
v 0.275081 1.36915 0.18451
v 0.104628 1.31547 0.114581
v 0.113399 1.3452 0.111756
v 0.166434 1.35712 0.0233434
v 0.170745 1.34559 -0.0489099
v 0.151447 1.33061 -0.1821
v 0.163844 1.31107 -0.307797
v 0.191999 1.29913 -0.341458
v 0.269765 1.31734 -0.327626
v 0.338924 1.36184 -0.224214
v 0.29304 1.34374 -0.00727321
v 0.239934 1.34738 0.204862
v 0.109542 1.30983 0.164624
v 0.156432 1.34366 -0.169337
v 0.171929 1.30563 -0.324935
v 0.206321 1.30109 -0.348536
v 0.244535 1.31255 -0.341783
v 0.291874 1.33192 -0.325996
v 0.309669 1.3587 -0.281577
v 0.324379 1.35107 -0.266838
v 0.347009 1.3618 -0.193147
v 0.250494 1.34827 0.199183
v 0.203053 1.33245 0.207305
v 0.150009 1.31563 0.192497
v 0.10557 1.32498 0.124556
v 0.16411 1.33737 -0.0395682
v 0.167977 1.34287 -0.066942
v 0.140349 1.31311 -0.207926
v 0.34627 1.34868 -0.19921
v 0.317066 1.35619 -0.127713
v 0.308658 1.33775 0.155298
v 0.300585 1.35476 0.169992
v 0.257808 1.34193 0.191346
v 0.101799 1.31826 0.13542
v 0.105901 1.31323 0.0913295
v 0.230194 1.30496 -0.349496
v 0.300251 1.32351 -0.319178
v 0.291173 1.33553 -0.0345637
v 0.30782 1.34782 0.0536171
v 0.164989 1.34455 -0.0993973
v 0.24862 1.30997 -0.338225
v 0.299896 1.34718 -0.311848
v 0.312897 1.33619 -0.278368
v 0.355439 1.34564 -0.179347
v 0.315404 1.33192 -0.093862
v 0.294167 1.33463 -0.0203666
v 0.307909 1.34123 0.0378286
v 0.325769 1.36565 0.127435
v 0.240385 1.33131 0.200518
v 0.219822 1.32039 0.207167
v 0.126302 1.31892 0.182546
v 0.226472 1.29709 -0.34645
v 0.295259 1.33547 -0.060138
v 0.103525 1.31776 0.158278
v 0.105446 1.30299 0.0759649
v 0.349433 1.34437 -0.158859
v 0.304215 1.32917 -0.067204
v 0.323903 1.3523 0.118238
v 0.328565 1.35034 0.130749
v 0.230971 1.3177 0.204808
v 0.175013 1.31264 0.204599
v 0.147592 1.32861 0.0302018
v 0.158211 1.34026 0.0104129
v 0.15324 1.31999 -0.0716336
v 0.257849 1.31275 -0.334544
v 0.301449 1.31832 -0.295452
v 0.321588 1.34085 -0.266665
v 0.337626 1.33771 -0.259671
v 0.356448 1.33753 -0.161897
v 0.308888 1.34454 0.0953755
v 0.314512 1.34671 0.108139
v 0.296215 1.33071 0.164888
v 0.345529 1.34125 -0.237811
v 0.303403 1.33597 0.0115369
v 0.313769 1.32734 0.0652034
v 0.318169 1.35107 0.150927
v 0.278178 1.31354 0.173266
v 0.208663 1.31087 0.206702
v 0.115931 1.29605 0.167942
v 0.156938 1.32715 -0.123181
v 0.153706 1.3216 -0.132782
v 0.134947 1.29726 -0.251647
v 0.148522 1.31247 -0.28884
v 0.163326 1.29723 -0.300607
v 0.297462 1.31572 -0.318143
v 0.357015 1.34296 -0.172404
v 0.358665 1.33649 -0.165629
v 0.317177 1.32569 -0.0876206
v 0.306636 1.31637 -0.0480529
v 0.326893 1.30925 0.102318
v 0.330622 1.33015 0.129736
v 0.193887 1.31758 0.204297
v 0.101688 1.3051 0.125816
v 0.143548 1.31638 -0.013164
v 0.173441 1.2836 -0.318984
v 0.301795 1.31834 -0.312508
v 0.304062 1.32223 -0.286158
v 0.324908 1.32016 -0.260612
v 0.346717 1.32413 -0.250733
v 0.316976 1.3155 0.0958294
v 0.18183 1.28501 -0.330112
v 0.201556 1.28686 -0.342611
v 0.210498 1.28117 -0.341513
v 0.35475 1.34261 -0.183969
v 0.304969 1.31863 -0.026758
v 0.264714 1.3455 0.184437
v 0.240745 1.3047 0.194333
v 0.212423 1.29653 0.205844
v 0.144402 1.31873 0.0120189
v 0.163188 1.344 -0.00803485
v 0.132564 1.28954 -0.23068
v 0.142201 1.29628 -0.272154
v 0.246966 1.28299 -0.332223
v 0.29108 1.30737 -0.317053
v 0.342213 1.32118 -0.254915
v 0.327798 1.32609 -0.103004
v 0.312367 1.32547 0.0911315
v 0.330648 1.30809 0.106553
v 0.286033 1.32 0.169485
v 0.25664 1.31365 0.187678
v 0.103399 1.28152 0.149818
v 0.103444 1.2965 0.0866014
v 0.148097 1.31571 -0.151073
v 0.133214 1.2888 -0.217763
v 0.147959 1.27441 -0.27441
v 0.209662 1.27197 -0.336314
v 0.313847 1.32339 -0.275958
v 0.315537 1.31383 0.0218634
v 0.180587 1.29964 0.202692
v 0.17012 1.28863 0.199147
v 0.105665 1.29693 0.0669156
v 0.159877 1.2801 -0.288648
v 0.230777 1.2841 -0.33976
v 0.343877 1.34201 -0.150055
v 0.303831 1.32488 -0.00446133
v 0.315579 1.32159 0.0352393
v 0.270075 1.32823 0.178512
v 0.161416 1.27425 0.194514
v 0.132666 1.31374 0.184854
v 0.133299 1.28656 -0.183229
v 0.183988 1.26875 -0.324545
v 0.304016 1.29346 -0.288258
v 0.316518 1.32215 0.0503902
v 0.234873 1.30385 0.198091
v 0.149997 1.29761 0.18997
v 0.0997386 1.28525 0.113394
v 0.112363 1.31175 0.0684519
v 0.136783 1.30187 -0.0474062
v 0.145849 1.30064 -0.114626
v 0.347784 1.3366 -0.208886
v 0.337663 1.32709 -0.128923
v 0.197881 1.30034 0.20203
v 0.106547 1.28497 0.156827
v 0.101734 1.27984 0.089646
v 0.151484 1.31503 -0.0982036
v 0.140884 1.28868 -0.124182
v 0.166364 1.28434 -0.299917
v 0.271759 1.29615 -0.320316
v 0.27669 1.31575 -0.323235
v 0.347548 1.33219 -0.246867
v 0.348825 1.32476 -0.230003
v 0.330383 1.33083 -0.116388
v 0.126226 1.28629 -0.0618912
v 0.174054 1.27438 -0.312171
v 0.19737 1.26235 -0.329709
v 0.301516 1.29113 -0.307727
v 0.304135 1.29352 -0.301755
v 0.330419 1.30839 -0.085527
v 0.31267 1.31519 -0.0605936
v 0.331759 1.31951 0.115946
v 0.133907 1.28159 0.179377
v 0.101478 1.28256 0.144345
v 0.353247 1.30415 -0.223879
v 0.367182 1.31015 -0.1705
v 0.269306 1.28312 0.175419
v 0.22234 1.29301 0.203395
v 0.099361 1.28231 0.130654
v 0.145402 1.33434 0.0435103
v 0.130674 1.27078 -0.237128
v 0.221935 1.25747 -0.331176
v 0.259327 1.29079 -0.328473
v 0.30303 1.28762 -0.30196
v 0.350003 1.3102 -0.234746
v 0.356305 1.30431 -0.193669
v 0.34168 1.31353 -0.119114
v 0.311605 1.30945 -0.00765963
v 0.316154 1.31703 0.0745852
v 0.291302 1.31138 0.163429
v 0.115392 1.29813 0.0464955
v 0.137112 1.2903 -0.150887
v 0.124614 1.25209 -0.213189
v 0.137215 1.28938 -0.259558
v 0.210087 1.25631 -0.330324
v 0.298701 1.27831 -0.304799
v 0.342705 1.30235 -0.25057
v 0.364848 1.30391 -0.178361
v 0.340268 1.30512 -0.0976146
v 0.310308 1.29653 0.142946
v 0.24824 1.32816 0.195736
v 0.124436 1.29027 0.0200779
v 0.16462 1.26068 -0.286201
v 0.231973 1.2671 -0.33272
v 0.304958 1.31174 -0.28429
v 0.349583 1.33015 -0.218543
v 0.320075 1.29642 0.0864538
v 0.32324 1.31358 0.134438
v 0.145477 1.27051 0.182841
v 0.127727 1.26921 0.171932
v 0.116778 1.27397 -0.0569785
v 0.293403 1.27214 -0.305316
v 0.310395 1.27666 -0.268175
v 0.358107 1.29867 -0.201256
v 0.355858 1.31442 -0.189841
v 0.324032 1.30433 -0.0679069
v 0.325566 1.29447 0.0289374
v 0.255452 1.2868 0.1848
v 0.152311 1.27271 0.188065
v 0.1397 1.29655 -0.0942756
v 0.350767 1.31461 -0.135328
v 0.352481 1.30173 -0.125288
v 0.315624 1.29949 -0.0412426
v 0.317608 1.30218 0.00805586
v 0.321453 1.30779 0.0395572
v 0.258544 1.26285 -0.319827
v 0.261561 1.29766 0.181353
v 0.251478 1.2686 0.184355
v 0.239963 1.25944 0.186405
v 0.235374 1.2542 0.187727
v 0.122347 1.28049 0.170494
v 0.101903 1.25297 0.13401
v 0.13503 1.28065 -0.10614
v 0.160936 1.23952 -0.27205
v 0.34834 1.30348 -0.244862
v 0.331696 1.30832 0.121743
v 0.328625 1.30677 0.12711
v 0.228481 1.28826 0.199771
v 0.203617 1.25888 0.198493
v 0.191071 1.25571 0.195962
v 0.0998455 1.25529 0.109259
v 0.104705 1.27183 0.0366486
v 0.351663 1.29327 -0.230624
v 0.35261 1.28611 -0.0959264
v 0.323449 1.28702 0.0810822
v 0.149892 1.23672 0.182254
v 0.112477 1.23732 0.153012
v 0.100721 1.26524 0.0750991
v 0.124052 1.282 -0.00951548
v 0.147367 1.25625 -0.266125
v 0.271425 1.27148 -0.313338
v 0.346997 1.28857 -0.245107
v 0.325107 1.28889 -0.0527536
v 0.324061 1.29679 0.0644812
v 0.266086 1.27311 0.176972
v 0.126237 1.26658 -0.184754
v 0.128406 1.21963 -0.231813
v 0.140488 1.25951 -0.259456
v 0.189072 1.24648 -0.320462
v 0.242824 1.25002 -0.322263
v 0.324367 1.29651 -0.25548
v 0.342308 1.28317 -0.248932
v 0.334157 1.28895 0.104926
v 0.175866 1.26264 0.197041
v 0.277379 1.26029 -0.306716
v 0.305582 1.27726 -0.294292
v 0.333637 1.27253 0.0195152
v 0.327157 1.28249 0.0905155
v 0.106623 1.25254 0.148944
v 0.104145 1.23213 0.13352
v 0.118255 1.26587 -0.0823225
v 0.129351 1.26954 -0.158592
v 0.184047 1.23992 -0.312053
v 0.206612 1.23101 -0.322036
v 0.303655 1.26304 -0.299523
v 0.350796 1.28136 -0.23277
v 0.373024 1.29673 -0.153066
v 0.321848 1.29048 -0.0339984
v 0.30773 1.29084 0.144705
v 0.279129 1.26423 0.16586
v 0.122142 1.24416 -0.111137
v 0.125945 1.24396 -0.123731
v 0.230237 1.23845 -0.323506
v 0.240671 1.22756 -0.31878
v 0.255889 1.24251 -0.316535
v 0.376922 1.28023 -0.159768
v 0.372096 1.29994 -0.157893
v 0.211602 1.25019 0.198051
v 0.127151 1.23508 0.164297
v 0.102443 1.24775 0.0847146
v 0.096786 1.25887 0.0510587
v 0.0980394 1.2613 0.0437278
v 0.132065 1.26614 -0.133104
v 0.117787 1.23522 -0.184185
v 0.126971 1.24215 -0.229263
v 0.154069 1.22356 -0.258967
v 0.171817 1.24096 -0.288056
v 0.191243 1.21752 -0.311842
v 0.323816 1.28786 -0.00430579
v 0.325132 1.28191 0.129281
v 0.286433 1.27666 0.161716
v 0.168975 1.23118 0.193629
v 0.160079 1.24642 0.192211
v 0.140656 1.2383 0.174749
v 0.106409 1.2633 0.0233768
v 0.113874 1.26501 0.00685202
v 0.125086 1.2857 0.0073505
v 0.134688 1.25014 -0.248646
v 0.214017 1.21835 -0.319443
v 0.362755 1.28793 -0.184454
v 0.377024 1.26598 -0.167974
v 0.339515 1.2864 -0.0693429
v 0.330605 1.26955 0.087618
v 0.103457 1.24957 0.139925
v 0.101221 1.23747 0.107901
v 0.095958 1.24083 0.0529043
v 0.142095 1.21958 -0.248485
v 0.16656 1.23582 -0.277394
v 0.265753 1.2444 -0.310512
v 0.300949 1.23986 -0.296858
v 0.34527 1.25572 -0.243227
v 0.356471 1.28358 -0.221726
v 0.365585 1.26893 -0.198116
v 0.370028 1.30284 -0.150897
v 0.367877 1.28403 -0.131079
v 0.332802 1.26739 -0.0384721
v 0.338426 1.26452 0.0343571
v 0.225267 1.25786 0.196672
v 0.110585 1.20666 0.144908
v 0.0943646 1.2339 0.0228159
v 0.170902 1.21636 -0.276811
v 0.291729 1.24625 -0.300814
v 0.307997 1.26934 -0.272587
v 0.338022 1.27096 0.10717
v 0.297176 1.27679 0.151414
v 0.189949 1.24015 0.194545
v 0.107392 1.23357 -0.0859205
v 0.122347 1.22662 -0.137621
v 0.358551 1.27994 -0.108334
v 0.259881 1.22928 -0.314427
v 0.339713 1.25829 -0.247874
v 0.361161 1.2704 -0.0893989
v 0.135788 1.21768 -0.241753
v 0.18194 1.21218 -0.298341
v 0.271347 1.22607 -0.311172
v 0.307722 1.2504 -0.290691
v 0.360224 1.28179 -0.212048
v 0.360508 1.28601 -0.208475
v 0.375766 1.2784 -0.137389
v 0.371806 1.26515 -0.117472
v 0.349548 1.2845 -0.0853619
v 0.336597 1.25961 -0.0320692
v 0.334358 1.2692 0.0086248
v 0.331004 1.27522 0.0684724
v 0.334367 1.25501 0.0832655
v 0.330236 1.25233 0.123465
v 0.119227 1.21751 -0.208556
v 0.202104 1.20321 -0.315418
v 0.3074 1.26386 -0.276729
v 0.35563 1.26793 -0.223672
v 0.363535 1.27164 -0.187673
v 0.335698 1.27312 -0.0526675
v 0.2945 1.2566 0.151098
v 0.210822 1.22632 0.194715
v 0.200894 1.22805 0.197232
v 0.188691 1.22532 0.192734
v 0.09153 1.22471 0.0300043
v 0.106602 1.24428 -0.0132564
v 0.108486 1.25069 -0.0297718
v 0.370496 1.23251 -0.198964
v 0.351203 1.26824 -0.0670221
v 0.335709 1.27075 0.0416137
v 0.334984 1.25807 0.11929
v 0.313474 1.26113 0.137707
v 0.162972 1.21815 -0.265015
v 0.183211 1.19057 -0.294287
v 0.253615 1.20203 -0.313575
v 0.318076 1.26504 -0.259571
v 0.331674 1.27817 0.0566701
v 0.121265 1.21164 0.15603
v 0.115303 1.22413 -0.16294
v 0.116437 1.21884 -0.194519
v 0.282038 1.24341 -0.302428
v 0.337588 1.26766 -0.0145832
v 0.135941 1.20151 0.165737
v 0.10738 1.21359 0.138921
v 0.103951 1.21015 0.0736372
v 0.104828 1.24281 -0.00508306
v 0.102906 1.24044 -0.055153
v 0.227316 1.20714 -0.316272
v 0.36879 1.23249 -0.204077
v 0.368176 1.25725 -0.181762
v 0.360835 1.25765 -0.0700257
v 0.17616 1.21335 0.193548
v 0.113194 1.21399 0.150173
v 0.11441 1.18268 -0.195815
v 0.312759 1.22586 -0.265808
v 0.348181 1.25246 -0.236342
v 0.372199 1.25801 -0.106651
v 0.35353 1.25017 -0.0534997
v 0.342128 1.25252 -0.0424374
v 0.34781 1.23354 0.0625906
v 0.323895 1.25762 0.129223
v 0.263549 1.24239 0.174235
v 0.239157 1.21983 0.179154
v 0.169501 1.21718 0.191499
v 0.117946 1.18196 0.148873
v 0.102204 1.23879 0.0731855
v 0.0965471 1.22677 0.00375668
v 0.128204 1.19236 -0.226834
v 0.300268 1.21004 -0.291566
v 0.343939 1.24575 -0.0332948
v 0.341231 1.24819 0.100632
v 0.269746 1.21867 0.168091
v 0.104979 1.2028 0.0940546
v 0.100083 1.21771 0.0540517
v 0.0995171 1.2271 -0.0700117
v 0.122427 1.21518 -0.129662
v 0.1153 1.21056 -0.159015
v 0.123807 1.2139 -0.221843
v 0.135064 1.18935 -0.233319
v 0.193587 1.17757 -0.302127
v 0.277213 1.19818 -0.304846
v 0.311894 1.2214 -0.278326
v 0.369118 1.23844 -0.187845
v 0.386592 1.24041 -0.149082
v 0.382828 1.26202 -0.145849
v 0.382641 1.26067 -0.136989
v 0.351127 1.23973 -0.0168675
v 0.346723 1.24681 0.00288237
v 0.356354 1.22474 0.028017
v 0.345774 1.22308 0.0791774
v 0.193138 1.21391 0.194963
v 0.104614 1.21288 0.111392
v 0.113305 1.2175 -0.10229
v 0.112665 1.19209 -0.186098
v 0.342608 1.23907 -0.24561
v 0.346157 1.24757 0.0239645
v 0.0999856 1.21237 -0.0833829
v 0.120616 1.2139 -0.118429
v 0.173857 1.1844 -0.268149
v 0.233341 1.18077 -0.313844
v 0.287499 1.22014 -0.296044
v 0.325837 1.24992 -0.252952
v 0.196788 1.19681 0.192856
v 0.149941 1.19029 0.176977
v 0.0892122 1.19204 -0.00522004
v 0.148387 1.1968 -0.245385
v 0.169401 1.18805 -0.260875
v 0.259359 1.18315 -0.310653
v 0.365212 1.22933 -0.209444
v 0.368855 1.24574 -0.195479
v 0.358533 1.23875 -0.0492644
v 0.312319 1.23454 0.136191
v 0.159927 1.19446 0.185484
v 0.110568 1.18977 0.127372
v 0.0909149 1.21734 0.0213878
v 0.236227 1.2016 -0.314916
v 0.270946 1.19106 -0.308786
v 0.307475 1.22136 -0.288575
v 0.350122 1.23077 -0.229006
v 0.375808 1.25867 -0.171985
v 0.338751 1.25824 0.113583
v 0.30054 1.24307 0.144666
v 0.247275 1.19662 0.171978
v 0.0931408 1.19099 0.0320201
v 0.0929961 1.20075 -0.050379
v 0.120341 1.18262 -0.211214
v 0.160799 1.165 -0.238993
v 0.356396 1.24579 -0.220794
v 0.352102 1.2327 -0.0294428
v 0.225678 1.23899 0.191852
v 0.0917078 1.2211 0.0347675
v 0.286604 1.19567 -0.293687
v 0.338965 1.22884 0.114091
v 0.323816 1.22202 0.127209
v 0.273185 1.20791 0.162954
v 0.179249 1.19343 0.194965
v 0.108545 1.17764 0.106746
v 0.120464 1.18033 -0.135612
v 0.165364 1.18011 -0.250845
v 0.213043 1.18288 -0.316353
v 0.352678 1.24347 -0.225248
v 0.384797 1.22739 -0.0944856
v 0.279007 1.22508 0.161603
v 0.260078 1.20839 0.170712
v 0.192452 1.18115 0.190207
v 0.0901678 1.17484 -0.0780695
v 0.182508 1.16205 -0.280716
v 0.245727 1.16525 -0.311914
v 0.372178 1.25333 -0.0940615
v 0.375407 1.23248 -0.0708161
v 0.353945 1.23342 -0.0385507
v 0.253073 1.21767 0.175269
v 0.105566 1.19065 0.0938442
v 0.0923042 1.15011 -0.054685
v 0.374701 1.22821 -0.178079
v 0.381001 1.24728 -0.117896
v 0.356369 1.22944 -0.0112069
v 0.265882 1.17424 0.159318
v 0.113814 1.21156 -0.1752
v 0.228624 1.15931 -0.313062
v 0.311392 1.19713 -0.280752
v 0.382849 1.2456 -0.161823
v 0.344148 1.23498 0.102478
v 0.236135 1.18356 0.172933
v 0.0956023 1.21388 -0.0321547
v 0.188497 1.1532 -0.288632
v 0.194625 1.12369 -0.284773
v 0.315327 1.18139 -0.268395
v 0.368523 1.21881 -0.0468199
v 0.215377 1.19081 0.18608
v 0.391486 1.22673 -0.128947
v 0.345289 1.21839 0.106137
v 0.176553 1.16741 0.18966
v 0.140231 1.16739 0.160463
v 0.122754 1.17391 0.151335
v 0.108259 1.16215 0.0968727
v 0.0922449 1.19493 -0.0697325
v 0.127027 1.16234 -0.214751
v 0.291795 1.17417 -0.287715
v 0.299733 1.184 -0.287314
v 0.316189 1.2227 -0.258329
v 0.351493 1.21595 -0.222593
v 0.385322 1.22142 -0.164174
v 0.355574 1.22173 -0.0286114
v 0.27433 1.17528 0.154822
v 0.166931 1.17233 0.185179
v 0.161355 1.15027 0.174587
v 0.104199 1.1812 0.0569102
v 0.0903531 1.17219 0.0218212
v 0.371722 1.21322 -0.186915
v 0.387332 1.23346 -0.118618
v 0.357351 1.22382 0.00574653
v 0.353979 1.22497 0.0448224
v 0.34974 1.19878 0.0954125
v 0.29631 1.20024 0.140892
v 0.191088 1.16633 0.185538
v 0.119269 1.15738 0.140121
v 0.380886 1.22282 -0.0722663
v 0.344686 1.22264 0.0854943
v 0.302028 1.2008 0.137122
v 0.291158 1.19859 0.144886
v 0.22111 1.1741 0.179423
v 0.148087 1.14564 0.159988
v 0.102938 1.18621 0.0474959
v 0.258515 1.16274 -0.307605
v 0.377781 1.2052 -0.17674
v 0.389477 1.19519 -0.157973
v 0.361745 1.21048 -0.0309301
v 0.353106 1.21515 0.0645031
v 0.315065 1.17851 0.126457
v 0.103693 1.1509 0.0330493
v 0.140284 1.16647 -0.228542
v 0.212647 1.16442 -0.314188
v 0.348058 1.19962 -0.23438
v 0.365239 1.20584 -0.0059795
v 0.104729 1.16056 0.0773126
v 0.0899659 1.19132 -0.0206031
v 0.0916865 1.1717 -0.0436622
v 0.0932312 1.17324 -0.0836802
v 0.111615 1.17296 -0.102956
v 0.120864 1.1604 -0.141752
v 0.174577 1.12603 -0.23093
v 0.368314 1.19415 -0.199933
v 0.0886563 1.17774 0.0167434
v 0.114398 1.1876 -0.108565
v 0.112844 1.16037 -0.166871
v 0.201346 1.14685 -0.298522
v 0.234725 1.14667 -0.311424
v 0.273757 1.16648 -0.304657
v 0.30851 1.17264 -0.278172
v 0.355801 1.21447 -0.215715
v 0.39215 1.21078 -0.100787
v 0.362927 1.20785 0.0192309
v 0.364832 1.19463 0.0368941
v 0.296061 1.17365 0.134515
v 0.25634 1.15269 0.157472
v 0.193993 1.14653 0.180708
v 0.175444 1.15207 0.186963
v 0.151221 1.14849 0.163897
v 0.100197 1.17995 0.0387174
v 0.121643 1.18133 -0.127257
v 0.149701 1.15995 -0.23054
v 0.179441 1.1423 -0.259852
v 0.341184 1.19753 0.108838
v 0.087386 1.17903 -0.00472212
v 0.113172 1.16982 -0.161141
v 0.349753 1.20585 -0.230891
v 0.353045 1.20117 -0.216097
v 0.378944 1.21037 -0.0592134
v 0.128257 1.15093 0.150759
v 0.175151 1.1456 -0.246156
v 0.374426 1.1833 -0.183378
v 0.388069 1.20603 -0.0742551
v 0.361788 1.21273 -0.0205375
v 0.1128 1.14733 0.104196
v 0.0858388 1.13008 -0.0303969
v 0.272758 1.14261 -0.295816
v 0.345778 1.177 -0.232244
v 0.371813 1.18547 -0.191644
v 0.395405 1.19937 -0.106502
v 0.376181 1.20188 -0.0456375
v 0.280892 1.17278 0.149197
v 0.278192 1.1539 0.147442
v 0.208416 1.16176 0.184867
v 0.0871581 1.1685 0.00442876
v 0.121302 1.13451 -0.184824
v 0.164575 1.13415 -0.223176
v 0.357859 1.16697 -0.201115
v 0.364399 1.21234 -0.0364247
v 0.235326 1.14889 0.161816
v 0.107101 1.13911 0.0645043
v 0.0990241 1.15699 -0.0887993
v 0.208529 1.13398 -0.299263
v 0.382226 1.18189 -0.170754
v 0.392226 1.19448 -0.150302
v 0.392893 1.1899 -0.0750127
v 0.367907 1.19269 0.00565098
v 0.353334 1.1871 0.0815988
v 0.177251 1.13496 0.178068
v 0.170824 1.13464 0.175697
v 0.121827 1.135 0.123482
v 0.108221 1.14585 0.0430956
v 0.123355 1.15516 -0.113347
v 0.11468 1.15364 -0.176624
v 0.157201 1.14108 -0.22343
v 0.184955 1.13711 -0.275618
v 0.229528 1.11945 -0.304388
v 0.253026 1.13974 -0.300913
v 0.269947 1.13036 -0.29207
v 0.301841 1.16079 -0.280663
v 0.315221 1.15569 -0.261446
v 0.321278 1.17666 -0.247364
v 0.366452 1.17029 -0.195983
v 0.394943 1.20256 -0.128784
v 0.382205 1.19531 -0.0541179
v 0.36683 1.18318 -0.0244404
v 0.371534 1.18498 -0.0108443
v 0.32187 1.17391 0.121219
v 0.268089 1.15477 0.153219
v 0.0881046 1.14085 -0.0411166
v 0.169408 1.1352 -0.229114
v 0.350895 1.16264 -0.211257
v 0.3972 1.18793 -0.114072
v 0.144126 1.13091 0.152704
v 0.0916491 1.1465 -0.0664982
v 0.12739 1.13936 -0.116246
v 0.127563 1.09778 -0.157959
v 0.124587 1.13761 -0.194675
v 0.133111 1.15866 -0.219721
v 0.14135 1.13402 -0.212542
v 0.287228 1.13679 -0.277886
v 0.309851 1.14676 -0.269842
v 0.339148 1.15428 -0.229143
v 0.352707 1.16375 -0.205599
v 0.397125 1.17266 -0.0800879
v 0.293911 1.15773 0.132719
v 0.174176 1.11567 0.168948
v 0.160088 1.12608 0.162356
v 0.115815 1.12563 0.100341
v 0.111487 1.11465 0.0755751
v 0.0946142 1.13107 0.0166732
v 0.0897567 1.144 0.0111874
v 0.0872911 1.13163 -0.017405
v 0.363774 1.16126 -0.197289
v 0.369047 1.17453 0.036203
v 0.356326 1.17034 0.0770862
v 0.349751 1.18137 0.0976755
v 0.277392 1.14346 0.148158
v 0.261387 1.14137 0.155863
v 0.217929 1.13695 0.171955
v 0.126464 1.1337 0.135673
v 0.110306 1.11434 0.0622564
v 0.126567 1.13849 -0.136752
v 0.218129 1.10086 -0.28629
v 0.348782 1.15781 -0.222483
v 0.371067 1.16726 -0.190289
v 0.375122 1.16967 -0.180424
v 0.381088 1.1698 -0.16952
v 0.393607 1.1975 -0.136794
v 0.375596 1.18136 -0.0343871
v 0.367345 1.19131 0.0238894
v 0.33196 1.19468 0.116545
v 0.315601 1.15743 0.121876
v 0.223267 1.13268 0.169546
v 0.212156 1.12298 0.172064
v 0.192454 1.12744 0.172191
v 0.0978027 1.10875 -0.0598834
v 0.190604 1.10895 -0.271605
v 0.257885 1.10865 -0.281769
v 0.320765 1.14879 -0.239179
v 0.361065 1.18676 0.0610549
v 0.247168 1.13731 0.160827
v 0.205262 1.1309 0.173843
v 0.129477 1.10958 0.121798
v 0.119385 1.14065 -0.103525
v 0.115679 1.13394 -0.102536
v 0.128386 1.14098 -0.12536
v 0.123102 1.11187 -0.152522
v 0.18474 1.10815 -0.256017
v 0.283707 1.12042 -0.272348
v 0.30853 1.13147 -0.262363
v 0.316486 1.13807 -0.252395
v 0.340293 1.14394 -0.230964
v 0.353608 1.14829 -0.21714
v 0.368601 1.1551 -0.195544
v 0.392187 1.17201 -0.146793
v 0.397965 1.17093 -0.120532
v 0.399 1.17153 -0.0973575
v 0.318885 1.14446 0.122055
v 0.299466 1.14562 0.133242
v 0.111358 1.11611 0.0360439
v 0.087533 1.14154 -0.000210487
v 0.0990585 1.12475 -0.0824787
v 0.121069 1.12688 -0.150432
v 0.154884 1.11736 -0.210032
v 0.298385 1.12676 -0.269094
v 0.328236 1.13519 -0.241141
v 0.393812 1.17131 -0.135193
v 0.394735 1.17217 -0.0707425
v 0.362568 1.158 0.062863
v 0.235035 1.12291 0.162955
v 0.138476 1.10987 0.136832
v 0.0950098 1.10781 -0.00815579
v 0.0996706 1.11 -0.0658758
v 0.106119 1.1271 -0.0906695
v 0.178244 1.12194 -0.239173
v 0.272566 1.11477 -0.279535
v 0.315181 1.12937 -0.25408
v 0.381362 1.15914 -0.174087
v 0.379418 1.17037 -0.0341983
v 0.372414 1.1696 -0.020802
v 0.326272 1.15513 0.114736
v 0.163764 1.10322 0.16006
v 0.162388 1.11443 0.157267
v 0.113862 1.1255 -0.113266
v 0.123347 1.12997 -0.133445
v 0.22679 1.10679 -0.294438
v 0.241635 1.10148 -0.282343
v 0.388208 1.17264 -0.0555212
v 0.391896 1.1643 -0.0479658
v 0.271722 1.11543 0.143534
v 0.116488 1.11168 0.0878625
v 0.108758 1.10603 0.0704822
v 0.109215 1.11475 0.0275274
v 0.146328 1.09351 -0.193697
v 0.342967 1.13501 -0.225088
v 0.394255 1.16474 -0.145179
v 0.399162 1.16341 -0.0703635
v 0.376465 1.16528 -0.00989282
v 0.373047 1.16291 0.0114992
v 0.201105 1.10595 0.169154
v 0.111036 1.11158 0.0467611
v 0.0986237 1.10919 0.015233
v 0.111913 1.11295 -0.126118
v 0.381993 1.16354 -0.0228912
v 0.376519 1.1662 -0.00413655
v 0.372077 1.16151 0.0295226
v 0.36712 1.1589 0.0509208
v 0.355343 1.1464 0.0874372
v 0.349066 1.15496 0.0923854
v 0.174804 1.10474 0.167787
v 0.143661 1.09932 0.141196
v 0.129905 1.10027 0.123254
v 0.108052 1.11011 0.0317055
v 0.102503 1.10623 -0.07786
v 0.111018 1.11251 -0.0991011
v 0.393328 1.15904 -0.0433763
v 0.331843 1.14483 0.1136
v 0.252026 1.11353 0.155658
v 0.227756 1.10677 0.161023
v 0.117399 1.10052 0.0969884
v 0.0984106 1.09824 0.0529636
v 0.0951106 1.10942 0.00416106
v 0.123707 1.10641 -0.143792
v 0.176179 1.09599 -0.206833
v 0.188071 1.08948 -0.245266
v 0.363706 1.13431 -0.197799
v 0.400666 1.16292 -0.117917
v 0.402871 1.15846 -0.0821004
v 0.401437 1.15246 -0.0725974
v 0.383149 1.15761 -0.0028132
v 0.120347 1.08533 0.0924835
v 0.10096 1.09583 0.0649551
v 0.0941034 1.10303 0.0112749
v 0.0925846 1.10589 -0.0314691
v 0.105964 1.10557 -0.088326
v 0.108225 1.11052 -0.113353
v 0.11126 1.10361 -0.116642
v 0.180864 1.09833 -0.215623
v 0.22038 1.09012 -0.278459
v 0.133248 1.0936 -0.175001
v 0.138693 1.09113 -0.183809
v 0.191969 1.08613 -0.255725
v 0.25526 1.09411 -0.281389
v 0.273975 1.10284 -0.277501
v 0.380804 1.14235 -0.168739
v 0.379034 1.15305 0.0184435
v 0.375772 1.14961 0.0386084
v 0.367312 1.14991 0.0602434
v 0.175534 1.09085 0.160387
v 0.0920797 1.10092 -0.0141835
v 0.0943264 1.10811 -0.0462737
v 0.153288 1.09331 -0.198192
v 0.158302 1.09021 -0.201405
v 0.170503 1.09602 -0.203218
v 0.184133 1.08575 -0.238647
v 0.199551 1.08474 -0.26714
v 0.237903 1.08596 -0.282416
v 0.291995 1.11127 -0.269084
v 0.31465 1.10529 -0.24405
v 0.400102 1.13555 -0.109997
v 0.389364 1.14656 -0.0260832
v 0.302826 1.13029 0.124482
v 0.283983 1.11902 0.134412
v 0.090024 1.09737 -0.0361282
v 0.0993475 1.10314 -0.0650294
v 0.331552 1.12125 -0.230144
v 0.372758 1.12925 -0.178213
v 0.37303 1.1405 -0.183839
v 0.388734 1.15924 -0.0227283
v 0.37248 1.14316 0.0495666
v 0.364698 1.13945 0.0667191
v 0.349902 1.13289 0.0888704
v 0.341982 1.14356 0.103216
v 0.338354 1.12921 0.0999593
v 0.0832932 1.08672 -0.0017891
v 0.104969 1.09822 -0.0992566
v 0.107988 1.1019 -0.104363
v 0.250356 1.07822 -0.272902
v 0.208047 0.0204253 0.309971
v 0.21064 0.00707167 0.288453
v 0.219153 0.0220936 0.307193
v 0.125761 1.0916 -0.158566
v 0.175569 1.07658 -0.232237
v 0.187546 1.07577 -0.248384
v 0.301943 1.10654 -0.258229
v 0.327948 1.10711 -0.224615
v 0.343368 1.11654 -0.215877
v 0.392318 1.14275 -0.143554
v 0.324819 1.1197 0.106777
v 0.318878 1.12481 0.11368
v 0.148176 1.08579 0.133191
v 0.107706 1.08101 0.0644298
v 0.0885344 1.08941 0.0325327
v 0.0808693 1.08558 -0.0226856
v 0.354286 1.1215 0.0748722
v 0.299209 1.11449 0.11736
v 0.258943 1.11423 0.152372
v 0.131731 1.08635 0.112531
v 0.0933481 1.08106 -0.114583
v 0.12818 1.08358 -0.16968
v 0.14776 1.08221 -0.194342
v 0.163595 1.07927 -0.213969
v 0.282202 1.09173 -0.264615
v 0.19527 0.0314192 0.323569
v 0.19896 0.0395087 0.329313
v 0.581082 -0.00242011 -0.270387
v 0.550285 -0.016568 -0.285366
v 0.295192 1.09062 -0.252762
v 0.356267 1.12166 -0.20372
v 0.396278 1.13901 -0.132685
v 0.402908 1.15925 -0.0927021
v 0.250692 1.09931 0.152959
v 0.0819211 1.0829 -0.0175377
v 0.0777947 1.07917 -0.0418276
v 0.0861465 1.0798 -0.0886835
v 0.128342 1.08079 -0.16991
v 0.163726 1.07541 -0.212491
v 0.200301 1.07568 -0.265763
v 0.193906 0.0219066 0.30995
v 0.215121 0.0309149 0.312721
v 0.222805 0.0086451 0.288602
v 0.567708 -0.0160797 -0.278168
v 0.365163 1.12061 -0.188364
v 0.395295 1.14235 -0.050944
v 0.382668 1.14855 0.00915488
v 0.20269 1.08881 0.158911
v 0.0827851 1.07492 -0.0841029
v 0.127012 1.07133 -0.16205
v 0.232247 0.0136698 0.285597
v 0.608851 0.0108915 -0.264272
v 0.170738 -0.00186356 0.278064
v 0.177724 0.0343307 0.321797
v 0.310634 1.09785 -0.243431
v 0.266874 1.09371 0.145774
v 0.223782 1.09106 0.154243
v 0.162757 1.07797 0.138244
v 0.105493 1.06876 0.0410713
v 0.0970664 1.06765 0.0181955
v 0.0859104 1.0845 0.0151882
v 0.144032 1.07509 -0.185556
v 0.271993 1.07866 -0.260661
v 0.176037 -0.00443386 0.269997
v 0.188711 0.015636 0.293932
v 0.228647 0.0282983 0.302696
v 0.230455 0.00349821 0.266575
v 0.547616 -0.00682617 -0.287316
v 0.379733 1.12359 -0.161871
v 0.316656 1.10364 0.105755
v 0.13617 1.07607 0.104647
v 0.0964483 1.06291 -0.00384047
v 0.0894346 1.07048 -0.0171154
v 0.0894418 1.07505 -0.105385
v 0.110463 1.07115 -0.142496
v 0.208596 1.06291 -0.256596
v 0.161356 0.00144417 0.269915
v 0.1853 0.00859183 0.282959
v 0.232916 -0.0038686 0.253471
v 0.563804 -0.00925669 -0.260271
v 0.610947 0.0120784 -0.255159
v 0.375038 1.1161 -0.17083
v 0.393443 1.1288 -0.135525
v 0.375345 1.14205 0.0386394
v 0.286149 1.09925 0.132097
v 0.260453 1.08599 0.146306
v 0.214515 1.07828 0.150276
v 0.194497 1.06155 -0.244461
v 0.227808 1.06194 -0.260146
v 0.16773 -0.0058485 0.271941
v 0.179967 0.0411114 0.323377
v 0.245872 0.013008 0.264383
v 0.215049 0.00131149 0.262679
v 0.582169 0.0264639 -0.319839
v 0.586477 0.0160982 -0.284451
v 0.332942 1.09956 -0.220552
v 0.353239 1.10293 -0.205915
v 0.388305 1.11413 -0.14467
v 0.388195 1.13298 -0.0250373
v 0.380344 1.12879 0.00725553
v 0.234464 1.08006 0.140173
v 0.178519 1.07948 0.151863
v 0.149113 1.07741 0.123778
v 0.0860849 1.06521 -0.0485987
v 0.114759 1.07835 -0.153625
v 0.178556 0.0250291 0.304006
v 0.243948 -0.00254708 0.247879
v 0.592086 -0.00400351 -0.234883
v 0.612161 0.0345908 -0.289358
v 0.245415 0.0200411 0.276036
v 0.177273 -0.00687997 0.250576
v 0.194646 1.06525 0.147823
v 0.183975 1.06693 0.147839
v 0.0972555 1.06433 0.011276
v 0.0816217 1.07435 -0.0746916
v 0.0909753 1.06293 -0.087698
v 0.245458 1.06664 -0.262984
v 0.271704 1.06477 -0.254369
v 0.321049 1.093 -0.226381
v 0.395726 1.12523 -0.130764
v 0.397423 1.11665 -0.121175
v 0.36144 1.12394 0.0633504
v 0.289219 1.09153 0.126852
v 0.60678 0.0117761 -0.242104
v 0.601201 0.0411269 -0.311994
v 0.566193 0.014307 -0.29397
v 0.159986 -0.0014199 0.258556
v 0.164445 0.00806143 0.266676
v 0.163487 0.0330224 0.310255
v 0.159443 1.06355 0.127951
v 0.124029 1.07489 0.0867427
v 0.157469 1.06028 -0.187028
v 0.298952 1.07397 -0.246253
v 0.577892 -0.0051328 -0.251699
v 0.597053 0.00133681 -0.228912
v 0.615585 0.021217 -0.267248
v 0.619331 0.0422778 -0.263589
v 0.617316 0.0314751 -0.276487
v 0.611295 0.0518995 -0.289794
v 0.57551 0.0234961 -0.303631
v 0.558688 0.00341323 -0.286323
v 0.170799 0.040534 0.315549
v 0.211284 0.0427186 0.318797
v 0.245066 0.00180932 0.255999
v 0.179909 -0.0121802 0.234116
v 0.096886 1.05122 -0.0734254
v 0.0984868 1.0623 -0.112813
v 0.100257 1.07187 -0.127516
v 0.178677 1.05914 -0.21396
v 0.202525 1.05348 -0.244683
v 0.31592 1.09732 -0.236342
v 0.346027 1.09126 -0.213421
v 0.339492 1.11969 0.0925258
v 0.293655 1.09256 0.110801
v 0.604887 0.0502274 -0.308409
v 0.578705 0.0410086 -0.328094
v 0.370617 1.09818 -0.177446
v 0.399173 1.1166 -0.10114
v 0.402539 1.13828 -0.0834427
v 0.371167 1.12432 0.0405391
v 0.117291 1.07258 0.0718364
v 0.153174 1.05609 -0.177527
v 0.167202 0.0181064 0.285538
v 0.160395 0.0177825 0.274432
v 0.193474 0.053632 0.317105
v 0.219091 0.0580805 0.297011
v 0.20547 -0.00265506 0.234374
v 0.200531 -0.00172154 0.245022
v 0.56052 -0.00566358 -0.245837
v 0.334103 1.07728 -0.215607
v 0.397621 1.12298 -0.0589379
v 0.334713 1.09712 0.0881979
v 0.326828 1.09845 0.0961285
v 0.268393 1.05952 0.133915
v 0.221694 1.06649 0.131811
v 0.139613 1.05951 0.0998458
v 0.115355 1.05766 0.0548816
v 0.0946499 1.05325 -0.0574632
v 0.186242 1.05435 -0.218662
v 0.180659 0.0507587 0.308884
v 0.246504 0.0465224 0.286941
v 0.242358 0.0266882 0.287242
v 0.542773 -0.0166846 -0.248678
v 0.580403 -0.00163284 -0.227845
v 0.600229 0.0128355 -0.227229
v 0.556871 0.0365833 -0.32287
v 0.551696 0.0108638 -0.292716
v 0.357376 1.08767 -0.196284
v 0.381512 1.09056 -0.162382
v 0.390442 1.12027 -0.027857
v 0.369105 1.10941 0.0393493
v 0.285466 1.08631 0.130915
v 0.277846 1.06454 0.130931
v 0.149131 1.06349 0.116962
v 0.101199 1.0609 0.0246657
v 0.12648 1.05356 -0.145153
v 0.172725 1.05408 -0.200771
v 0.200837 0.0582698 0.305911
v 0.228322 0.0447313 0.301291
v 0.249701 0.00415835 0.23414
v 0.236857 -0.00305985 0.233186
v 0.548856 0.0229485 -0.307365
v 0.539381 -0.00759947 -0.285505
v 0.158065 0.00212977 0.240619
v 0.186501 0.054947 0.30741
v 0.216095 0.00140668 0.227366
v 0.173613 1.06005 0.137824
v 0.0941992 1.05559 -0.0451597
v 0.290974 1.06798 -0.246715
v 0.320972 1.07678 -0.220738
v 0.339621 1.06384 -0.211162
v 0.391253 1.10035 -0.136178
v 0.30068 1.09431 0.106159
v 0.61571 0.0208901 -0.247239
v 0.594897 0.0579489 -0.309644
v 0.563836 0.0299581 -0.318804
v 0.547428 0.00120264 -0.284559
v 0.299168 1.0571 -0.23621
v 0.400974 1.12206 -0.0899279
v 0.38193 1.11123 0.00302071
v 0.374992 1.1128 0.0197862
v 0.290871 1.07025 0.103303
v 0.203799 1.06294 0.142923
v 0.1625 1.0435 0.115049
v 0.171375 1.04791 -0.197021
v 0.206594 1.04542 -0.240458
v 0.155322 0.0363767 0.293052
v 0.170398 0.052787 0.294669
v 0.350788 1.0729 -0.201362
v 0.349576 1.10308 0.0740865
v 0.154502 1.04922 0.110141
v 0.151863 1.04159 0.0962288
v 0.125817 1.05174 0.0724672
v 0.105072 1.0523 -0.112086
v 0.201897 1.03879 -0.230589
v 0.23024 1.04493 -0.248248
v 0.166111 0.00869902 0.246677
v 0.164923 0.0458018 0.293168
v 0.254972 0.0287949 0.266852
v 0.258009 0.0245892 0.248269
v 0.193213 -0.00743346 0.230284
v 0.519679 -0.0165248 -0.248336
v 0.591382 0.00427127 -0.22206
v 0.61301 0.047179 -0.278682
v 0.400542 1.10864 -0.070665
v 0.395457 1.10952 -0.0585895
v 0.231875 1.06604 0.128862
v 0.186318 1.04847 0.137231
v 0.112667 1.05394 -0.128414
v 0.15973 1.03619 -0.180101
v 0.255413 0.0113384 0.241659
v 0.614763 0.0321885 -0.231941
v 0.598732 0.0616276 -0.298037
v 0.576273 0.0457434 -0.32115
v 0.523645 -0.00295706 -0.275426
v 0.26821 1.05355 -0.246642
v 0.37896 1.08753 -0.166973
v 0.396905 1.10738 -0.103527
v 0.389619 1.10253 -0.028919
v 0.385318 1.10374 -0.0104366
v 0.241795 1.05611 0.131685
v 0.231986 1.04746 0.119786
v 0.126589 1.04045 0.0613793
v 0.112936 1.04986 0.0398401
v 0.0998283 1.05044 -0.0861503
v 0.122602 1.03976 -0.137295
v 0.18088 1.04589 -0.20883
v 0.232088 1.03871 -0.243869
v 0.249954 1.05205 -0.253007
v 0.243362 0.00524441 0.223611
v 0.557316 -0.000742317 -0.239884
v 0.618971 0.036054 -0.252405
v 0.571298 0.052009 -0.315243
v 0.546545 0.0355681 -0.318617
v 0.518092 -0.0100954 -0.27089
v 0.308086 1.06287 -0.234987
v 0.304163 1.07387 0.0987941
v 0.256368 1.05884 0.137188
v 0.21754 1.04634 0.115931
v 0.0999023 1.04063 0.00887884
v 0.180284 1.02891 -0.20101
v 0.158248 -0.00201865 0.233934
v 0.260105 0.0176617 0.228221
v 0.167408 -0.00846551 0.204085
v 0.55961 0.00815237 -0.230475
v 0.613949 0.0458622 -0.239468
v 0.252377 1.02978 -0.232575
v 0.368825 1.07195 -0.180053
v 0.381678 1.07975 -0.147133
v 0.361672 1.08847 0.0440683
v 0.31372 1.08926 0.0998844
v 0.0968126 1.05844 -0.0243695
v 0.108708 1.04083 -0.118184
v 0.129578 1.0321 -0.14574
v 0.159154 -0.00849686 0.223894
v 0.154449 0.0267834 0.276796
v 0.159152 0.0473766 0.277112
v 0.178084 0.0608042 0.294464
v 0.190794 0.0662603 0.292102
v 0.234965 0.058834 0.282743
v 0.189051 -0.00518097 0.210186
v 0.540044 0.030058 -0.312628
v 0.536634 0.00487268 -0.276477
v 0.391359 1.09289 -0.129082
v 0.392034 1.09546 -0.112332
v 0.378905 1.08413 -0.00798013
v 0.285413 1.06667 0.124014
v 0.132095 1.04176 0.0711926
v 0.0982629 1.04717 0.000766251
v 0.280575 1.04856 -0.233273
v 0.28974 1.04536 -0.231605
v 0.156274 0.00848596 0.233472
v 0.204982 0.0695117 0.286102
v 0.615811 0.0504933 -0.255377
v 0.579832 0.0657564 -0.302078
v 0.556433 0.0354194 -0.308934
v 0.377227 1.0714 -0.166855
v 0.393253 1.08343 -0.0958431
v 0.144472 1.03838 -0.16362
v 0.175852 1.03327 -0.195832
v 0.207733 1.03052 -0.232251
v 0.206242 1.02202 -0.225953
v 0.274326 1.0362 -0.225534
v 0.162386 0.0213488 0.253548
v 0.266914 0.0410548 0.250608
v 0.220268 0.015276 0.213302
v 0.208227 0.00598041 0.219586
v 0.580584 0.0162863 -0.21063
v 0.592945 0.0178356 -0.215352
v 0.605213 0.0549618 -0.271749
v 0.535687 0.0311742 -0.307072
v 0.527666 0.0106443 -0.280858
v 0.50887 5.56914e-005 -0.273196
v 0.379277 1.07528 -0.154436
v 0.384873 1.07587 -0.112983
v 0.400322 1.09662 -0.0736031
v 0.37704 1.09425 0.0107957
v 0.360477 1.06707 0.0297783
v 0.0995877 1.05097 -0.0127892
v 0.100157 1.03298 -0.055967
v 0.15317 0.00528371 0.224123
v 0.164794 0.00970718 0.240497
v 0.221283 0.0662418 0.28467
v 0.595529 0.0659578 -0.281134
v 0.548428 0.0459639 -0.311882
v 0.525928 0.0191762 -0.287687
v 0.521036 0.00881035 -0.276804
v 0.37979 1.06457 -0.139436
v 0.400261 1.09276 -0.0806466
v 0.358881 1.10724 0.0631888
v 0.179786 1.03543 0.120003
v 0.107118 1.02913 -0.107301
v 0.16893 1.02654 -0.184655
v 0.192077 1.02442 -0.218497
v 0.161052 0.0285458 0.248054
v 0.261331 0.0512085 0.259951
v 0.267175 0.0328234 0.226844
v 0.53478 -0.00475324 -0.238434
v 0.576021 0.00979954 -0.21665
v 0.604759 0.0333265 -0.22108
v 0.530032 0.0257971 -0.302944
v 0.355425 1.05692 -0.19148
v 0.370353 1.06065 -0.174164
v 0.382875 1.07476 -0.124264
v 0.384275 1.08689 -0.0218874
v 0.268477 1.03944 0.117305
v 0.256571 1.04459 0.128369
v 0.105114 1.01548 0.00197884
v 0.111046 1.0196 -0.0193506
v 0.301972 1.04612 -0.229897
v 0.311509 1.04984 -0.216979
v 0.167002 0.0607895 0.286942
v 0.222508 0.0690443 0.272294
v 0.255753 0.0586069 0.264558
v 0.250585 0.0151211 0.213404
v 0.207114 0.013342 0.20993
v 0.50565 -0.00974958 -0.246961
v 0.544259 0.0143063 -0.234054
v 0.551995 0.0552127 -0.313516
v 0.508041 0.00586763 -0.27791
v 0.381015 1.06322 -0.117421
v 0.388941 1.07419 -0.0559927
v 0.365268 1.06475 0.0200965
v 0.353116 1.07184 0.0509022
v 0.287755 1.0689 0.10817
v 0.285604 1.03878 0.1109
v 0.280936 1.04654 0.119919
v 0.20048 1.04024 0.120873
v 0.118181 1.03366 0.0358407
v 0.101307 1.03351 -0.0460257
v 0.232827 1.02629 -0.232921
v 0.139772 0.0213478 0.231052
v 0.156396 0.0359984 0.256226
v 0.157077 0.0454828 0.260073
v 0.166453 0.0686274 0.27508
v 0.168131 0.0739209 0.266206
v 0.219607 0.0157686 0.193747
v 0.517289 -0.00275143 -0.233642
v 0.587992 0.0258025 -0.208224
v 0.611576 0.0438228 -0.222062
v 0.596648 0.0644449 -0.261464
v 0.578351 0.0710394 -0.289546
v 0.34475 1.04373 -0.198658
v 0.358679 1.05072 -0.182908
v 0.314114 1.06552 0.0896345
v 0.226989 1.02451 0.105777
v 0.222545 1.03698 0.107631
v 0.145965 1.03523 0.0792753
v 0.102975 1.02936 -0.0811141
v 0.153064 1.02251 -0.166462
v 0.293016 1.02727 -0.226649
v 0.152708 0.0369909 0.248627
v 0.159944 0.0521781 0.278656
v 0.268481 0.0458632 0.242045
v 0.538877 0.0139137 -0.235207
v 0.540382 0.0295021 -0.290455
v 0.527432 0.0222193 -0.285853
v 0.516568 0.0186559 -0.283516
v 0.334007 1.03304 -0.205282
v 0.380046 1.06872 -0.132831
v 0.383735 1.07927 -0.037774
v 0.378777 1.08889 0.00367694
v 0.252104 1.02303 0.108991
v 0.244283 1.03649 0.127888
v 0.158491 1.0201 0.0890778
v 0.107719 1.01758 0.0103255
v 0.139854 0.0312332 0.237694
v 0.156774 0.0265947 0.242859
v 0.523072 0.00348902 -0.229766
v 0.596034 0.059457 -0.226641
v 0.558159 0.0626519 -0.309574
v 0.530457 0.0466242 -0.310533
v 0.539096 0.0354392 -0.293991
v 0.499093 0.0175245 -0.289927
v 0.380172 1.05942 -0.153927
v 0.381087 1.0726 -0.0199606
v 0.335632 1.07313 0.073993
v 0.317522 1.05074 0.0790366
v 0.312579 1.0454 0.0796982
v 0.27609 1.02869 0.11048
v 0.268902 1.05046 0.127017
v 0.108776 1.00376 -0.00758726
v 0.116891 1.00151 -0.0324772
v 0.107089 1.0095 -0.0625929
v 0.111388 1.02277 -0.116015
v 0.117246 1.02733 -0.125824
v 0.132763 1.01259 -0.142921
v 0.149848 0.00537817 0.212426
v 0.131271 0.0214556 0.217375
v 0.153218 0.062746 0.268886
v 0.264226 0.0281215 0.210899
v 0.244748 0.0191319 0.198305
v 0.559091 0.0200601 -0.206291
v 0.583564 0.0713051 -0.272812
v 0.529185 0.0223821 -0.279747
v 0.48553 0.0184127 -0.290695
v 0.365496 1.05212 -0.170887
v 0.37128 1.04809 -0.159064
v 0.345956 1.06873 0.0609135
v 0.190689 1.03618 0.124509
v 0.130311 1.02763 0.0564783
v 0.108165 1.00341 -0.0854682
v 0.161284 0.999379 -0.162693
v 0.18572 1.01411 -0.20744
v 0.262312 1.02245 -0.219201
v 0.153134 -0.000545874 0.195905
v 0.498763 -0.00383594 -0.233239
v 0.530414 0.0300931 -0.282284
v 0.49624 -0.000236065 -0.267354
v 0.522218 0.0274261 -0.281449
v 0.30653 1.02927 -0.212473
v 0.378067 1.04798 -0.150322
v 0.391316 1.04885 -0.0754824
v 0.318649 1.035 0.0700509
v 0.285885 1.03423 0.0931882
v 0.251561 1.00867 0.0963043
v 0.166109 1.02003 0.0979531
v 0.173213 1.01354 -0.182233
v 0.241826 1.01192 -0.218072
v 0.144864 0.0549744 0.258801
v 0.263894 0.0389368 0.213376
v 0.207735 0.0141294 0.186105
v 0.50756 0.00455673 -0.222636
v 0.591255 0.0412962 -0.205389
v 0.598534 0.0639682 -0.241146
v 0.534078 0.0531055 -0.314067
v 0.353037 1.03795 -0.163404
v 0.290766 1.05282 0.0946039
v 0.284555 1.01753 0.0995584
v 0.207531 1.02875 0.107159
v 0.149491 1.0137 0.066608
v 0.107049 1.01459 -0.0468005
v 0.110224 0.998302 -0.055085
v 0.176563 1.00543 -0.185172
v 0.270364 1.01752 -0.216889
v 0.276999 1.00805 -0.221254
v 0.217527 0.0721262 0.254623
v 0.2368 0.0227554 0.186921
v 0.196823 0.00516085 0.184643
v 0.188512 0.00234423 0.179597
v 0.348779 1.03575 -0.171621
v 0.379125 1.06209 -0.0390929
v 0.232784 1.01249 0.115526
v 0.199912 1.01351 0.0958687
v 0.183708 1.0035 0.0930097
v 0.122301 1.02058 0.0352273
v 0.31228 1.02045 -0.210576
v 0.164308 -0.00112564 0.180036
v 0.127334 0.0314172 0.226466
v 0.197544 0.0744624 0.263689
v 0.261453 0.034874 0.203529
v 0.529089 0.0154176 -0.221255
v 0.599101 0.0531095 -0.210614
v 0.549486 0.0718232 -0.296073
v 0.524531 0.037658 -0.29544
v 0.502505 0.0286602 -0.294131
v 0.335896 1.02535 -0.199205
v 0.364971 1.03815 -0.152851
v 0.384037 1.03646 -0.124464
v 0.380665 1.05735 -0.0474478
v 0.372368 1.0535 -0.0121523
v 0.342054 1.04229 0.048063
v 0.229496 1.01502 0.113511
v 0.203046 1.00614 0.09243
v 0.191971 1.00852 0.0981453
v 0.175959 1.01245 0.097295
v 0.113433 0.98199 -0.00094889
v 0.111453 1.00116 -0.106344
v 0.209659 1.00396 -0.212105
v 0.241228 1.00295 -0.213138
v 0.283802 1.01908 -0.225372
v 0.281772 1.00364 -0.220721
v 0.148118 0.00826801 0.192534
v 0.134796 0.0437699 0.237952
v 0.14886 0.0717293 0.257871
v 0.263568 0.0508682 0.228044
v 0.525101 0.0716407 -0.304589
v 0.493276 0.0338787 -0.29909
v 0.339426 1.02368 -0.152503
v 0.381051 1.05426 -0.120531
v 0.390282 1.05438 -0.0661952
v 0.375407 1.04819 -0.0280464
v 0.365994 1.05917 0.0142328
v 0.24253 1.02226 0.11977
v 0.220159 1.01786 0.0971535
v 0.138973 1.01759 0.0579923
v 0.122195 0.996589 0.0208218
v 0.114779 1.00133 -0.0399674
v 0.221829 0.999247 -0.208482
v 0.136572 0.0652179 0.247468
v 0.257989 0.0249683 0.202978
v 0.563686 0.0253813 -0.196417
v 0.5877 0.068053 -0.254156
v 0.503209 0.0441838 -0.309771
v 0.50441 0.037334 -0.300042
v 0.474537 0.0175381 -0.28137
v 0.482824 0.00145607 -0.255332
v 0.326648 1.01307 -0.173774
v 0.349254 1.02626 -0.148538
v 0.363126 1.05052 0.00141135
v 0.346441 1.03839 0.0371348
v 0.120403 0.980739 -0.119683
v 0.181691 0.998734 -0.196842
v 0.190914 1.00662 -0.208289
v 0.199289 0.989658 -0.204783
v 0.293584 1.00346 -0.212532
v 0.136421 0.0507577 0.243402
v 0.201466 0.0790018 0.245107
v 0.206487 0.0188381 0.172324
v 0.530924 0.0207696 -0.206783
v 0.576946 0.0351696 -0.194134
v 0.527681 0.0622131 -0.314016
v 0.515979 0.0546607 -0.315163
v 0.337583 1.02161 -0.190771
v 0.391425 1.05223 -0.0828579
v 0.353202 1.03794 0.0252118
v 0.28869 1.01624 0.080895
v 0.223575 1.00734 0.0952995
v 0.131497 1.00077 0.0373932
v 0.115818 0.980645 -0.112062
v 0.144644 1.00706 -0.15253
v 0.159904 0.985674 -0.159807
v 0.184514 0.981994 -0.196028
v 0.262873 1.0087 -0.212581
v 0.246658 0.033157 0.186216
v 0.187414 0.00843359 0.172254
v 0.592832 0.0543701 -0.208099
v 0.360881 1.02729 -0.143631
v 0.386878 1.05167 -0.0966754
v 0.375004 1.04169 -0.0386941
v 0.301838 1.02117 0.07453
v 0.248031 1.01091 0.102202
v 0.275208 0.989827 -0.220262
v 0.133174 0.0239074 0.190029
v 0.174848 0.0818744 0.254584
v 0.23602 0.0678505 0.219198
v 0.537667 0.0296158 -0.195079
v 0.563041 0.073317 -0.281593
v 0.475622 0.0270548 -0.291752
v 0.468393 0.0283186 -0.284873
v 0.316873 1.00797 -0.211716
v 0.332768 1.02115 -0.159904
v 0.383785 1.03145 -0.128348
v 0.140014 0.988888 -0.146223
v 0.25334 0.998166 -0.207367
v 0.224116 0.0267866 0.170993
v 0.482944 0.0392328 -0.30152
v 0.350722 1.01941 -0.149538
v 0.37813 1.02617 -0.130879
v 0.384052 1.03803 -0.106593
v 0.387463 1.03924 -0.0943699
v 0.370217 1.04002 -0.0203676
v 0.281889 1.01507 0.103253
v 0.262983 1.00829 0.0966567
v 0.223231 0.983129 0.103549
v 0.158458 1.00435 0.0761712
v 0.118536 0.974453 0.00665263
v 0.117196 0.994607 -0.0238431
v 0.11083 0.982192 -0.0912447
v 0.174632 0.983181 -0.185901
v 0.16119 0.00380706 0.173325
v 0.124584 0.0366707 0.195894
v 0.173867 0.0877854 0.241824
v 0.510941 0.0189449 -0.210303
v 0.554817 0.074893 -0.271332
v 0.49717 0.060213 -0.313737
v 0.481174 0.0461839 -0.306117
v 0.460845 0.0375405 -0.273914
v 0.46503 0.0152547 -0.263165
v 0.328752 1.0112 -0.189994
v 0.374035 1.03003 -0.0466425
v 0.218757 0.986371 0.0841461
v 0.207214 0.996671 0.0844045
v 0.199619 0.988032 0.0770169
v 0.164313 0.996132 0.0791763
v 0.146409 0.977827 0.0419942
v 0.167336 0.989029 -0.1681
v 0.1796 0.981963 -0.192991
v 0.217276 0.989665 -0.203068
v 0.228838 0.986197 -0.201357
v 0.125093 0.0499942 0.224373
v 0.141622 0.080063 0.240365
v 0.237412 0.0503107 0.174563
v 0.188687 0.0226249 0.162576
v 0.495755 0.0155988 -0.217299
v 0.561133 0.0476617 -0.193798
v 0.509197 0.0667747 -0.31226
v 0.363179 1.00777 -0.15036
v 0.380596 1.01818 -0.125754
v 0.384617 1.0299 -0.113219
v 0.388431 1.03453 -0.0832714
v 0.35563 1.02784 0.00320453
v 0.24322 0.995325 0.0910712
v 0.22437 0.99897 0.105532
v 0.112728 0.975994 -0.0576109
v 0.192076 0.977105 -0.196062
v 0.147816 0.0129365 0.179288
v 0.211058 0.0771326 0.235498
v 0.241963 0.0622666 0.192263
v 0.563042 0.0329325 -0.191728
v 0.564214 0.0688482 -0.230162
v 0.527853 0.0776815 -0.289824
v 0.478103 0.0586523 -0.306673
v 0.470379 0.0412054 -0.29501
v 0.369546 1.022 -0.135766
v 0.285808 1.01424 0.0862448
v 0.252754 1.00257 0.0915758
v 0.237524 0.999626 0.109555
v 0.214572 0.987957 0.0789799
v 0.193313 0.995761 0.0872626
v 0.176292 0.987502 0.0813427
v 0.110982 0.984501 -0.0100019
v 0.251498 0.984653 -0.201364
v 0.265394 0.978926 -0.214756
v 0.161627 0.0152758 0.166992
v 0.133849 0.0750915 0.236552
v 0.173786 0.0147429 0.166554
v 0.376295 1.01327 -0.108677
v 0.3835 1.0247 -0.0999338
v 0.363796 1.02442 -0.0257627
v 0.31327 1.01471 0.0636973
v 0.280626 0.999826 0.0972654
v 0.182745 0.978729 0.0803535
v 0.161932 0.978498 0.0689632
v 0.131343 0.986976 -0.135459
v 0.262691 0.991747 -0.20664
v 0.318028 1.00003 -0.206412
v 0.144035 0.0354377 0.166598
v 0.152912 0.0829489 0.243952
v 0.220344 0.0434152 0.164082
v 0.529073 0.0388703 -0.192462
v 0.535607 0.0629969 -0.203594
v 0.563369 0.0583123 -0.2048
v 0.37821 1.02808 -0.0534512
v 0.347564 1.01579 0.0160738
v 0.329301 1.02897 0.0562097
v 0.231357 0.98252 0.103397
v 0.229189 0.990032 0.107417
v 0.152693 0.978577 0.0565524
v 0.11291 0.961004 -0.0967615
v 0.269558 0.974318 -0.217027
v 0.285838 0.984237 -0.213238
v 0.324517 0.984923 -0.163038
v 0.336742 1.00481 -0.15692
v 0.360895 0.997203 -0.154029
v 0.375236 1.01134 -0.133663
v 0.371167 1.02997 -0.040482
v 0.293869 0.997141 0.071048
v 0.243559 0.987039 0.0896651
v 0.20694 0.974273 -0.192311
v 0.258217 0.973289 -0.20264
v 0.306152 0.9979 -0.213378
v 0.318315 0.996723 -0.197356
v 0.321792 1.0002 -0.169472
v 0.132554 0.03429 0.178781
v 0.126764 0.0733459 0.226035
v 0.54226 0.0469406 -0.191026
v 0.505592 0.0743882 -0.305402
v 0.488608 0.0656415 -0.31048
v 0.303454 0.967702 -0.202189
v 0.122155 0.963048 -0.0343952
v 0.234283 0.977013 -0.198348
v 0.146723 0.087519 0.22964
v 0.507643 0.0466874 -0.198985
v 0.540752 0.0692961 -0.216914
v 0.355114 0.986854 -0.162211
v 0.360459 0.991701 -0.14476
v 0.370441 1.00073 -0.116015
v 0.379995 1.01731 -0.094183
v 0.356733 1.00473 -0.0218291
v 0.367237 1.03469 -0.0130216
v 0.350893 1.02095 0.0114201
v 0.253536 0.988346 0.0818513
v 0.233381 0.975961 0.0996564
v 0.192544 0.968576 0.0663219
v 0.114725 0.965911 -0.00374178
v 0.116299 0.950392 -0.107838
v 0.163533 0.965925 -0.162074
v 0.235492 0.962491 -0.189259
v 0.119946 0.0578319 0.205905
v 0.181771 0.0898014 0.224812
v 0.203764 0.0837492 0.204745
v 0.499974 0.0326695 -0.202921
v 0.468533 0.0697913 -0.298546
v 0.359407 0.989131 -0.154061
v 0.372987 1.00485 -0.131412
v 0.327721 1.00643 0.0429665
v 0.263419 0.98655 0.0826709
v 0.116235 0.962138 -0.0116066
v 0.120274 0.973011 -0.0245499
v 0.112075 0.969182 -0.0822631
v 0.172888 0.968898 -0.181628
v 0.29507 0.977053 -0.215016
v 0.333175 0.985887 -0.161535
v 0.150106 0.0521033 0.157357
v 0.124346 0.0562406 0.189776
v 0.162724 0.0910563 0.229636
v 0.513292 0.0543098 -0.198629
v 0.491587 0.0746883 -0.304918
v 0.462864 0.0503536 -0.289427
v 0.380306 1.01361 -0.0708845
v 0.368758 1.01107 -0.042678
v 0.361488 1.01368 -0.00789832
v 0.360488 1.0177 -0.00430199
v 0.287894 0.997576 0.0794097
v 0.139806 0.974696 0.0317743
v 0.141389 0.965829 -0.14388
v 0.241729 0.962599 -0.190599
v 0.123283 0.079622 0.196837
v 0.150971 0.100352 0.215928
v 0.17985 0.0433443 0.151775
v 0.521499 0.0648754 -0.204532
v 0.508092 0.0860264 -0.271248
v 0.367727 1.00058 -0.0463507
v 0.346555 1.00806 0.0153202
v 0.288218 0.995067 0.091567
v 0.242823 0.969831 0.0941249
v 0.183861 0.971091 0.074607
v 0.171736 0.969949 0.0740837
v 0.164413 0.96566 0.0689454
v 0.131228 0.970224 0.0200728
v 0.118661 0.975443 -0.0429141
v 0.11153 0.973802 -0.067523
v 0.310003 0.980785 -0.179155
v 0.312509 0.961554 -0.174752
v 0.171515 0.0958226 0.222195
v 0.214208 0.0772002 0.18388
v 0.466469 0.0302812 -0.228841
v 0.481135 0.0602057 -0.210082
v 0.517269 0.0799282 -0.235951
v 0.457257 0.050568 -0.278779
v 0.376879 1.01076 -0.0580761
v 0.359024 1.00179 -0.0105377
v 0.336045 1.0103 0.0308293
v 0.3138 0.998912 0.0536819
v 0.292217 0.98309 0.0746966
v 0.253615 0.977974 0.0780639
v 0.223771 0.971229 0.101847
v 0.20512 0.97284 0.0704249
v 0.122409 0.949948 -0.0263456
v 0.252658 0.970097 -0.196556
v 0.333012 0.969524 -0.16486
v 0.134039 0.0570274 0.170942
v 0.138704 0.100415 0.210377
v 0.453011 0.0684994 -0.28691
v 0.480288 0.0388452 -0.211226
v 0.369427 1.00016 -0.0887366
v 0.358562 1.00655 -0.0276171
v 0.326524 1.01212 0.0492167
v 0.294784 0.974659 0.0836851
v 0.12753 0.950611 -0.124479
v 0.147501 0.968011 -0.149471
v 0.158106 0.969059 -0.157019
v 0.207896 0.959857 -0.186121
v 0.277492 0.964348 -0.215703
v 0.298215 0.969152 -0.213848
v 0.306824 0.979112 -0.186553
v 0.358589 0.97749 -0.16403
v 0.217461 0.0623207 0.168337
v 0.170359 0.0980087 0.215671
v 0.191375 0.0908358 0.200468
v 0.205541 0.0554893 0.16011
v 0.176138 0.0574423 0.1537
v 0.345903 0.964873 -0.169125
v 0.357085 0.982065 -0.119441
v 0.367636 0.993563 -0.102683
v 0.295133 0.986993 0.0666214
v 0.285161 0.985657 0.0906038
v 0.271301 0.964461 0.0731231
v 0.246505 0.97866 0.0859779
v 0.211158 0.971888 0.0766129
v 0.156417 0.967727 0.0609163
v 0.11612 0.955639 -0.00410249
v 0.114507 0.949585 -0.0707226
v 0.218028 0.955156 -0.185607
v 0.500838 0.0863606 -0.2847
v 0.476358 0.0790062 -0.298623
v 0.455908 0.0778937 -0.291894
v 0.449607 0.0625916 -0.273363
v 0.457888 0.0504669 -0.235908
v 0.495384 0.0708573 -0.210442
v 0.366063 0.988897 -0.0811699
v 0.354208 0.991167 -0.0337254
v 0.344128 0.999261 0.0195662
v 0.287725 0.975319 0.0843898
v 0.247045 0.960797 0.090888
v 0.230312 0.965573 0.100181
v 0.222918 0.960897 0.100185
v 0.197758 0.96141 0.0630789
v 0.12808 0.951263 0.011921
v 0.12306 0.936286 -0.0460757
v 0.118675 0.948394 -0.0550403
v 0.124909 0.0725285 0.184016
v 0.127942 0.0888055 0.203084
v 0.306404 0.975353 -0.206578
v 0.356935 0.977306 -0.134713
v 0.366064 0.990094 -0.0696036
v 0.354882 0.990076 0.00116182
v 0.327364 0.995605 0.0382727
v 0.303594 0.978934 0.051106
v 0.163542 0.940458 0.0617521
v 0.166637 0.94813 -0.17271
v 0.175842 0.964306 -0.187402
v 0.120079 0.0952774 0.182973
v 0.516369 0.0750998 -0.218513
v 0.367475 0.965517 -0.15223
v 0.361979 0.977192 -0.156111
v 0.341883 0.992588 0.0194198
v 0.318446 0.985326 0.0422289
v 0.21936 0.973532 0.0968469
v 0.152833 0.965025 0.0543132
v 0.145119 0.951194 -0.147421
v 0.257491 0.956031 -0.212052
v 0.14044 0.0718218 0.16002
v 0.195344 0.0882836 0.187976
v 0.193675 0.0872034 0.174324
v 0.21531 0.0713811 0.17241
v 0.190526 0.0570052 0.155568
v 0.181279 0.0712081 0.15319
v 0.171264 0.951514 0.067354
v 0.147387 0.955052 0.0424073
v 0.117096 0.934062 -0.0161129
v 0.287342 0.943039 -0.217039
v 0.295086 0.948358 -0.191097
v 0.359377 0.978099 -0.0978501
v 0.358958 0.983954 -0.0464067
v 0.348486 0.986914 -0.0182622
v 0.240891 0.941146 0.0946205
v 0.487435 0.0839515 -0.294144
v 0.473527 0.0947021 -0.292872
v 0.441962 0.0742837 -0.267309
v 0.491708 0.0639602 -0.207382
v 0.129422 0.0780339 0.172719
v 0.369104 0.957337 -0.158705
v 0.367196 0.961682 -0.136259
v 0.355751 0.970115 -0.118775
v 0.36131 0.9853 -0.0576375
v 0.352927 0.995605 0.00891728
v 0.303426 0.970768 0.0526265
v 0.301328 0.961858 0.0733633
v 0.240756 0.962853 0.0957178
v 0.219479 0.951462 0.0955087
v 0.19724 0.947197 0.060708
v 0.116926 0.93079 -0.00748
v 0.114655 0.925901 -0.0943639
v 0.490481 0.0937272 -0.285484
v 0.447377 0.0673561 -0.244876
v 0.513788 0.0839104 -0.254134
v 0.363931 0.955306 -0.164751
v 0.358771 0.963137 -0.120373
v 0.355304 0.97608 -0.0429437
v 0.35113 0.983433 -0.0308385
v 0.331567 0.984799 0.022538
v 0.32559 0.984571 0.0330414
v 0.307913 0.973888 0.0425758
v 0.256881 0.950903 0.0715123
v 0.250545 0.948696 0.0869939
v 0.15866 0.941142 0.0569545
v 0.170509 0.937372 -0.181882
v 0.202637 0.940327 -0.179311
v 0.295974 0.970491 0.073949
v 0.165291 0.103053 0.214452
v 0.463389 0.0888207 -0.294878
v 0.461286 0.0622922 -0.227465
v 0.277828 0.943319 -0.22069
v 0.318983 0.952626 -0.174038
v 0.322684 0.940924 -0.181874
v 0.358882 0.968708 -0.0849123
v 0.355617 0.97141 -0.0564415
v 0.252065 0.95094 0.0756992
v 0.143066 0.936566 0.0351327
v 0.138696 0.947155 -0.136898
v 0.262477 0.9473 -0.216201
v 0.290899 0.96555 0.0605354
v 0.291577 0.966969 0.068843
v 0.154983 0.0752372 0.15263
v 0.1353 0.0899025 0.156641
v 0.477781 0.102964 -0.288179
v 0.440502 0.080365 -0.245411
v 0.501603 0.090881 -0.275766
v 0.29998 0.958845 0.0747524
v 0.206557 0.964351 0.0686285
v 0.11708 0.927511 -0.0663922
v 0.119966 0.920174 -0.110412
v 0.124331 0.934229 -0.117973
v 0.134949 0.920859 -0.127873
v 0.302832 0.949957 -0.182995
v 0.118333 0.113708 0.174174
v 0.338094 0.940809 -0.184192
v 0.357645 0.965149 -0.0816039
v 0.351136 0.979958 -0.0185791
v 0.350085 0.976674 -0.00131626
v 0.342669 0.9874 0.0126445
v 0.325179 0.975078 0.0117149
v 0.274633 0.953946 0.067932
v 0.123246 0.919025 -0.0328666
v 0.124253 0.937466 -0.0365241
v 0.188608 0.950039 -0.187516
v 0.24544 0.941951 -0.194638
v 0.249646 0.930523 -0.210111
v 0.356896 0.960615 -0.0953123
v 0.356569 0.966389 -0.0609505
v 0.36054 0.966144 -0.0555572
v 0.312042 0.970578 0.0313544
v 0.131 0.106101 0.203947
v 0.177404 0.103521 0.200059
v 0.438441 0.0812556 -0.28065
v 0.447198 0.0758262 -0.23532
v 0.294053 0.960461 0.0757382
v 0.185075 0.941756 0.0550639
v 0.17687 0.952297 0.0653351
v 0.128009 0.919114 0.00805967
v 0.114701 0.934663 -0.0852848
v 0.308842 0.946542 -0.179044
v 0.374053 0.936764 -0.158529
v 0.124269 0.123397 0.195414
v 0.186111 0.0987047 0.19148
v 0.45452 0.106683 -0.295626
v 0.437779 0.101384 -0.290249
v 0.433849 0.0888457 -0.262999
v 0.471711 0.0601404 -0.217713
v 0.374022 0.946719 -0.114818
v 0.358139 0.958125 -0.0797204
v 0.364161 0.968202 -0.0275531
v 0.350988 0.973694 -0.00731386
v 0.317178 0.966344 0.0146138
v 0.305512 0.959714 0.0356557
v 0.191581 0.920352 0.0595237
v 0.181809 0.945489 0.0572234
v 0.147349 0.931746 0.0440356
v 0.236308 0.935702 -0.186506
v 0.268816 0.929584 -0.223235
v 0.152262 0.090095 0.145868
v 0.464392 0.108471 -0.294125
v 0.425875 0.109991 -0.273623
v 0.498169 0.078931 -0.219672
v 0.294344 0.929274 -0.191029
v 0.383586 0.94069 -0.118274
v 0.36042 0.950664 -0.0942263
v 0.378442 0.957927 -0.0525954
v 0.367879 0.960539 -0.0378568
v 0.356498 0.96512 -0.0193681
v 0.351855 0.961056 -0.0128303
v 0.329996 0.96985 0.000955522
v 0.314719 0.95886 0.0184619
v 0.270242 0.94478 0.0643283
v 0.134169 0.930827 0.0179946
v 0.115709 0.926673 -0.101853
v 0.141642 0.927554 -0.141729
v 0.163726 0.914438 -0.176872
v 0.18012 0.937154 -0.18596
v 0.181667 0.909871 -0.181479
v 0.210507 0.929553 -0.17739
v 0.271505 0.922946 -0.224512
v 0.124053 0.100651 0.166416
v 0.131235 0.125267 0.200887
v 0.153113 0.109532 0.20894
v 0.168475 0.110553 0.205789
v 0.190844 0.0843799 0.164303
v 0.172799 0.0752469 0.150821
v 0.493127 0.102154 -0.276267
v 0.433793 0.119044 -0.291021
v 0.425094 0.120449 -0.282655
v 0.500561 0.0933537 -0.259031
v 0.363629 0.953064 -0.0772656
v 0.351203 0.959355 -0.0232869
v 0.34673 0.964693 -0.00930033
v 0.334394 0.956432 -0.0125464
v 0.327026 0.963358 -0.00234338
v 0.298144 0.955985 0.0475694
v 0.294778 0.958154 0.0600079
v 0.308484 0.952561 0.0672669
v 0.221213 0.928432 0.086868
v 0.211388 0.928674 0.0863595
v 0.163677 0.925501 0.0573814
v 0.117184 0.913791 -0.0212127
v 0.216132 0.918109 -0.177547
v 0.253593 0.917786 -0.218957
v 0.503795 0.0865266 -0.242747
v 0.349745 0.940914 -0.176753
v 0.386024 0.92972 -0.147804
v 0.378058 0.948304 -0.147831
v 0.376725 0.957008 -0.0607153
v 0.300776 0.951803 0.0486674
v 0.23878 0.92576 0.0908415
v 0.163012 0.905619 0.050728
v 0.154767 0.932429 -0.15758
v 0.469068 0.115094 -0.291554
v 0.448256 0.0861652 -0.230144
v 0.492745 0.102339 -0.260716
v 0.142876 0.111784 0.20674
v 0.380737 0.945934 -0.135646
v 0.377321 0.95369 -0.0521325
v 0.338385 0.956068 -0.0171625
v 0.323518 0.957055 0.00338841
v 0.304763 0.95237 0.033401
v 0.313929 0.947971 0.0586147
v 0.315148 0.939924 0.0632879
v 0.290762 0.941232 0.0622959
v 0.202677 0.93861 0.0779374
v 0.118452 0.919634 -0.00798002
v 0.169468 0.910958 -0.183093
v 0.259967 0.911989 -0.223701
v 0.272987 0.913212 -0.2241
v 0.42647 0.142635 -0.289251
v 0.465684 0.0749209 -0.22012
v 0.468756 0.0919534 -0.227471
v 0.2813 0.914886 -0.218888
v 0.359129 0.930467 -0.173645
v 0.366649 0.946608 -0.0910188
v 0.391576 0.94017 -0.0779874
v 0.358783 0.951724 -0.0407069
v 0.318888 0.944263 0.0645707
v 0.25161 0.932982 0.0917515
v 0.206804 0.93882 0.0845845
v 0.185198 0.926508 0.0523478
v 0.116237 0.91151 -0.0153436
v 0.144645 0.927334 -0.1467
v 0.237847 0.916265 -0.193391
v 0.171693 0.111445 0.199177
v 0.182491 0.10527 0.17973
v 0.473372 0.0780226 -0.218463
v 0.483368 0.0930144 -0.233412
v 0.124981 0.131115 0.150191
v 0.120512 0.132944 0.156218
v 0.120483 0.130258 0.186191
v 0.169645 0.0970403 0.145275
v 0.334598 0.917306 -0.201737
v 0.387226 0.948399 -0.0640962
v 0.388354 0.93941 -0.0655511
v 0.343119 0.949289 -0.0223853
v 0.336914 0.946373 -0.00586561
v 0.321252 0.952425 0.0113098
v 0.313449 0.947263 0.0207598
v 0.314266 0.940821 0.0310453
v 0.267697 0.937457 0.0640587
v 0.257142 0.92987 0.0862563
v 0.195254 0.916934 0.0750879
v 0.133206 0.910581 0.017228
v 0.124308 0.919884 -0.0419279
v 0.149084 0.905169 -0.153165
v 0.198497 0.91181 -0.174077
v 0.225835 0.912957 -0.183086
v 0.287585 0.903946 -0.201531
v 0.443804 0.126964 -0.296155
v 0.122927 0.146236 0.191799
v 0.393071 0.931054 -0.129075
v 0.366351 0.945219 -0.052414
v 0.323854 0.943789 0.0125405
v 0.319506 0.940408 0.0470601
v 0.290951 0.930425 0.0594342
v 0.138358 0.915596 0.0305126
v 0.124329 0.900086 -0.0358619
v 0.132237 0.893661 -0.121121
v 0.290708 0.935201 -0.208759
v 0.287781 0.914235 -0.198459
v 0.472916 0.134163 -0.286811
v 0.27863 0.889977 -0.211111
v 0.340764 0.907306 -0.20564
v 0.359654 0.942921 -0.0443213
v 0.256893 0.938764 0.0705695
v 0.246382 0.920177 0.0934849
v 0.141467 0.899005 -0.143541
v 0.246982 0.910758 -0.21327
v 0.11801 0.138477 0.163044
v 0.116457 0.146772 0.17576
v 0.181185 0.107158 0.186095
v 0.484816 0.108912 -0.27923
v 0.430954 0.118941 -0.242225
v 0.149502 0.122341 0.203409
v 0.172442 0.117429 0.195125
v 0.185142 0.0949054 0.165934
v 0.185574 0.0790373 0.156577
v 0.396915 0.930708 -0.0943345
v 0.330143 0.935331 0.0544552
v 0.174557 0.917977 0.0485725
v 0.142278 0.907017 0.0419376
v 0.125145 0.901251 -0.047051
v 0.155718 0.913007 -0.161248
v 0.249123 0.882214 -0.225601
v 0.432336 0.146828 -0.293712
v 0.457356 0.100351 -0.227248
v 0.487411 0.112316 -0.26484
v 0.285517 0.916383 -0.202396
v 0.325471 0.917881 -0.202481
v 0.358839 0.917415 -0.180383
v 0.368172 0.934838 -0.0551227
v 0.345496 0.943425 -0.0194518
v 0.325157 0.937535 0.0207509
v 0.329136 0.9346 0.0422448
v 0.324513 0.923219 0.0648235
v 0.267247 0.921303 0.0731659
v 0.242979 0.900311 0.0943416
v 0.202801 0.913199 0.082145
v 0.125872 0.902683 0.00256081
v 0.117061 0.894727 -0.101891
v 0.228175 0.897372 -0.187594
v 0.259559 0.886071 -0.227642
v 0.177558 0.0984872 0.153415
v 0.423156 0.119201 -0.261567
v 0.477251 0.109757 -0.240985
v 0.159259 0.100978 0.140723
v 0.13782 0.119042 0.142349
v 0.134743 0.158589 0.196508
v 0.175365 0.122618 0.183293
v 0.346245 0.937421 -0.00513836
v 0.331669 0.938989 0.0100041
v 0.263185 0.915778 0.0895883
v 0.222537 0.912334 0.0842201
v 0.147262 0.91144 0.0486485
v 0.117975 0.888475 -0.0142377
v 0.119852 0.884426 -0.106528
v 0.159771 0.895329 -0.175756
v 0.455102 0.136464 -0.296671
v 0.490439 0.100017 -0.250998
v 0.13772 0.140949 0.199819
v 0.398462 0.926096 -0.11147
v 0.39867 0.931169 -0.0787975
v 0.375465 0.932246 -0.0619535
v 0.362413 0.932434 -0.0312984
v 0.118299 0.899166 -0.0772678
v 0.269969 0.893989 -0.225646
v 0.439562 0.159304 -0.295021
v 0.428887 0.159077 -0.291419
v 0.280887 0.903749 -0.2155
v 0.395077 0.922265 -0.137282
v 0.404969 0.917509 -0.0946931
v 0.396397 0.931653 -0.0722766
v 0.174144 0.901492 -0.182916
v 0.161681 0.116295 0.137883
v 0.483698 0.12945 -0.273101
v 0.449141 0.153175 -0.296824
v 0.419963 0.140132 -0.276519
v 0.145721 0.119093 0.13783
v 0.119257 0.174979 0.16038
v 0.121683 0.16417 0.18404
v 0.176994 0.113806 0.154235
v 0.397067 0.906821 -0.141622
v 0.402751 0.917884 -0.114746
v 0.35141 0.925077 0.0210276
v 0.34069 0.930865 0.0237268
v 0.338747 0.930246 0.0395694
v 0.273414 0.918459 0.0676589
v 0.179895 0.899715 0.05178
v 0.152456 0.90379 0.0526712
v 0.136844 0.901661 0.0275933
v 0.118606 0.891914 -0.0106932
v 0.136786 0.895292 -0.127376
v 0.241571 0.876976 -0.221053
v 0.368374 0.913362 -0.168775
v 0.341356 0.925592 0.0540079
v 0.327256 0.935834 0.0624632
v 0.189804 0.890678 0.0758966
v 0.186662 0.897789 0.0707866
v 0.173633 0.88302 0.0488051
v 0.124713 0.90604 -0.11495
v 0.164182 0.890974 -0.181517
v 0.211783 0.886903 -0.178269
v 0.234214 0.886451 -0.197959
v 0.123168 0.193523 0.170871
v 0.464319 0.141149 -0.292879
v 0.418128 0.152554 -0.265065
v 0.425173 0.126621 -0.253006
v 0.472554 0.103056 -0.23351
v 0.352024 0.902219 -0.195773
v 0.374616 0.914848 -0.0605503
v 0.361934 0.926822 -0.0148085
v 0.357086 0.924898 0.00667489
v 0.221611 0.899044 0.0835072
v 0.148353 0.873156 0.0456645
v 0.138682 0.882746 0.0386751
v 0.131812 0.863879 0.0270427
v 0.130647 0.878133 0.0113743
v 0.140968 0.861989 -0.139742
v 0.263198 0.877655 -0.228053
v 0.422709 0.166204 -0.2864
v 0.439467 0.120154 -0.232424
v 0.127971 0.174219 0.190987
v 0.155149 0.150315 0.197252
v 0.162138 0.129823 0.197433
v 0.382594 0.920209 -0.0659827
v 0.339891 0.919495 0.0618323
v 0.283469 0.912919 0.0657864
v 0.28216 0.894478 0.0791387
v 0.259188 0.91009 0.09546
v 0.256471 0.884553 0.103238
v 0.169162 0.896444 0.0446863
v 0.124911 0.885965 -0.0510091
v 0.117613 0.888134 -0.0872029
v 0.1575 0.87917 -0.176738
v 0.195344 0.878534 -0.172117
v 0.235373 0.869665 -0.213813
v 0.420315 0.1582 -0.282148
v 0.413085 0.186976 -0.267056
v 0.146855 0.151033 0.131779
v 0.170594 0.124249 0.141883
v 0.328023 0.885791 -0.224824
v 0.342814 0.894279 -0.211663
v 0.36746 0.930274 -0.0505296
v 0.369077 0.920299 -0.0249274
v 0.268836 0.904099 0.0912296
v 0.234113 0.878107 0.092334
v 0.124692 0.873387 -0.043681
v 0.118322 0.871862 -0.0937225
v 0.143503 0.882996 -0.148225
v 0.187459 0.883495 -0.173616
v 0.253415 0.865808 -0.229621
v 0.276342 0.892997 -0.220766
v 0.463356 0.170442 -0.291882
v 0.430492 0.181227 -0.291285
v 0.140741 0.191976 0.194669
v 0.146013 0.163298 0.197464
v 0.318503 0.874963 -0.2311
v 0.365793 0.887993 -0.181251
v 0.38741 0.908043 -0.149871
v 0.399502 0.925617 -0.0748881
v 0.354776 0.917309 0.0404747
v 0.288712 0.907118 0.0653823
v 0.178304 0.880378 0.0672143
v 0.165899 0.875748 0.0438985
v 0.121989 0.85425 -0.10282
v 0.125676 0.865726 -0.111048
v 0.150861 0.882271 -0.158488
v 0.162776 0.870638 -0.181016
v 0.170071 0.873391 -0.180674
v 0.22866 0.862346 -0.19936
v 0.270367 0.861696 -0.21794
v 0.28198 0.88135 -0.210698
v 0.456451 0.166405 -0.295136
v 0.131123 0.183395 0.138266
v 0.348063 0.855698 -0.218238
v 0.390376 0.900162 -0.1495
v 0.360033 0.920228 0.0149637
v 0.272565 0.910266 0.0746136
v 0.160907 0.87593 0.0428921
v 0.207539 0.900985 -0.174388
v 0.447854 0.180265 -0.295079
v 0.434736 0.152408 -0.231141
v 0.449462 0.105443 -0.228495
v 0.131134 0.192347 0.188959
v 0.143755 0.180419 0.19697
v 0.168113 0.132331 0.192991
v 0.156886 0.128401 0.133806
v 0.339125 0.878141 -0.222272
v 0.409786 0.881568 -0.135669
v 0.410627 0.902504 -0.0984349
v 0.40412 0.918881 -0.0827995
v 0.35498 0.908206 0.0505003
v 0.301747 0.924667 0.060453
v 0.142607 0.874195 0.0445445
v 0.121004 0.894271 -0.062343
v 0.371997 0.917065 -0.0516142
v 0.372305 0.91427 -0.0286377
v 0.364498 0.915664 0.0137168
v 0.279062 0.878476 0.0991893
v 0.194061 0.873519 0.0755858
v 0.180112 0.869323 0.0698363
v 0.15399 0.88468 -0.164442
v 0.226857 0.872106 -0.193044
v 0.177571 0.128429 0.176772
v 0.17785 0.123603 0.164277
v 0.482921 0.150675 -0.266222
v 0.421794 0.199565 -0.286301
v 0.415189 0.188631 -0.276688
v 0.427578 0.152337 -0.239463
v 0.268419 0.859859 -0.222665
v 0.330446 0.867997 -0.233081
v 0.265519 0.883373 0.106084
v 0.153521 0.872085 0.0447879
v 0.132459 0.143583 0.140964
v 0.444144 0.135991 -0.227976
v 0.481694 0.116125 -0.249724
v 0.40116 0.914707 -0.128086
v 0.375757 0.898935 -0.0577967
v 0.369268 0.905894 0.0157927
v 0.172442 0.864833 0.0617863
v 0.119593 0.887991 -0.0234344
v 0.123501 0.181024 0.148598
v 0.127836 0.194972 0.18292
v 0.478247 0.142241 -0.279495
v 0.170314 0.154239 0.191072
v 0.462823 0.121955 -0.229233
v 0.468499 0.141894 -0.232781
v 0.140483 0.170776 0.132744
v 0.1556 0.18102 0.197747
v 0.378936 0.876466 -0.16894
v 0.374224 0.904029 -0.0500369
v 0.374274 0.905275 -0.0242292
v 0.296482 0.907364 0.0641422
v 0.273362 0.880512 0.105216
v 0.186087 0.859294 0.0741046
v 0.168623 0.863413 0.0466293
v 0.134709 0.865165 -0.120593
v 0.267491 0.8713 -0.226039
v 0.480758 0.138277 -0.250675
v 0.125067 0.20797 0.150863
v 0.141092 0.21342 0.191178
v 0.160245 0.153298 0.129636
v 0.292933 0.856638 -0.224084
v 0.305582 0.85612 -0.236465
v 0.317525 0.853218 -0.242502
v 0.411107 0.891699 -0.083718
v 0.206324 0.868588 0.0824268
v 0.131482 0.846947 0.0298533
v 0.126477 0.842694 -0.079125
v 0.244572 0.863155 -0.227183
v 0.25312 0.836193 -0.230796
v 0.267296 0.847437 -0.217756
v 0.46973 0.169022 -0.287392
v 0.132738 0.222542 0.179302
v 0.168 0.139887 0.133637
v 0.396577 0.914447 -0.070183
v 0.375334 0.89572 -0.0132489
v 0.336469 0.910929 0.0664257
v 0.33354 0.90246 0.0691491
v 0.127674 0.865684 0.00231687
v 0.1248 0.861323 -0.0407969
v 0.132086 0.822878 -0.0681967
v 0.136151 0.873988 -0.124578
v 0.15561 0.851751 -0.175457
v 0.158829 0.842232 -0.178031
v 0.232513 0.84462 -0.218684
v 0.410694 0.208628 -0.271182
v 0.415532 0.176666 -0.25887
v 0.419494 0.168806 -0.250719
v 0.427378 0.168261 -0.234499
v 0.476857 0.148902 -0.241173
v 0.357435 0.887612 -0.194089
v 0.373692 0.901566 -0.00147087
v 0.289232 0.888771 0.0746975
v 0.265903 0.870547 0.111315
v 0.214533 0.863034 0.0878296
v 0.173492 0.853382 0.0674828
v 0.140353 0.84167 0.039079
v 0.219278 0.851655 -0.18862
v 0.239775 0.83213 -0.229907
v 0.144711 0.200575 0.126474
v 0.129124 0.211398 0.141109
v 0.158617 0.166999 0.19636
v 0.182475 0.142037 0.159049
v 0.368126 0.861269 -0.186159
v 0.407609 0.867819 -0.143583
v 0.325572 0.895391 0.0706332
v 0.284567 0.881054 0.08856
v 0.135428 0.854485 0.0364835
v 0.119843 0.870287 -0.0115895
v 0.120112 0.85809 -0.0961154
v 0.217911 0.832739 -0.191759
v 0.234308 0.834482 -0.225722
v 0.331879 0.858629 -0.235722
v 0.341475 0.850597 -0.224832
v 0.380819 0.897117 -0.0616684
v 0.277504 0.867214 0.111958
v 0.118829 0.855397 -0.023648
v 0.151152 0.848864 -0.159963
v 0.18727 0.849251 -0.171583
v 0.198401 0.853017 -0.173222
v 0.15122 0.197543 0.197067
v 0.17038 0.164832 0.193574
v 0.451135 0.238277 -0.287371
v 0.44268 0.217759 -0.290797
v 0.4238 0.213379 -0.28581
v 0.415809 0.208826 -0.279492
v 0.412029 0.195282 -0.25506
v 0.482991 0.138991 -0.261596
v 0.147963 0.181975 0.127581
v 0.181623 0.158865 0.180837
v 0.177619 0.134023 0.15089
v 0.414083 0.884007 -0.121726
v 0.374117 0.900867 -0.0392245
v 0.249157 0.862826 0.104927
v 0.126497 0.864572 -0.059022
v 0.4521 0.206771 -0.292598
v 0.450406 0.141988 -0.225959
v 0.125754 0.213454 0.161994
v 0.175992 0.180621 0.193666
v 0.183648 0.155049 0.143366
v 0.176168 0.146435 0.13745
v 0.278496 0.825018 -0.22678
v 0.288988 0.816643 -0.244256
v 0.39537 0.865642 -0.156277
v 0.19473 0.824982 0.0886888
v 0.146508 0.839825 0.0384688
v 0.126122 0.846756 -0.107361
v 0.242732 0.811175 -0.232464
v 0.479519 0.18293 -0.277245
v 0.472498 0.191809 -0.284464
v 0.434119 0.209625 -0.289866
v 0.416623 0.194637 -0.241262
v 0.178647 0.14676 0.180062
v 0.371511 0.887248 -0.0443774
v 0.360228 0.906711 0.0420743
v 0.305099 0.874126 0.0752236
v 0.229767 0.846149 0.102868
v 0.189768 0.84827 0.0800045
v 0.129589 0.839395 0.0244028
v 0.17966 0.824466 -0.171138
v 0.229168 0.819129 -0.223449
v 0.262803 0.834833 -0.222073
v 0.483274 0.187421 -0.270763
v 0.407193 0.239128 -0.27175
v 0.360061 0.83158 -0.205378
v 0.292799 0.866296 0.0889068
v 0.127866 0.831051 -0.0431554
v 0.149726 0.859286 -0.156062
v 0.20914 0.843649 -0.17888
v 0.417319 0.226829 -0.281212
v 0.14787 0.235738 0.190916
v 0.158084 0.227982 0.1956
v 0.165329 0.211111 0.198014
v 0.180659 0.185891 0.193771
v 0.159838 0.177069 0.125781
v 0.420929 0.863667 -0.117842
v 0.352558 0.892914 0.0641023
v 0.340891 0.878412 0.0740568
v 0.130718 0.849 0.0119916
v 0.125623 0.847263 -0.00835682
v 0.150278 0.82935 -0.154616
v 0.175713 0.847189 -0.174924
v 0.461529 0.207736 -0.290461
v 0.409137 0.250936 -0.27457
v 0.425059 0.182772 -0.23224
v 0.444178 0.161285 -0.224892
v 0.485358 0.176774 -0.251728
v 0.14009 0.235632 0.185753
v 0.18516 0.150381 0.165021
v 0.300504 0.826236 -0.247148
v 0.418412 0.862706 -0.129619
v 0.416346 0.882364 -0.095417
v 0.3704 0.883385 0.0355569
v 0.347535 0.889838 0.0692415
v 0.311155 0.879737 0.0724615
v 0.168061 0.830014 0.0678375
v 0.160947 0.842939 0.0402789
v 0.15455 0.844639 0.0376803
v 0.163975 0.844607 -0.1792
v 0.247877 0.80982 -0.230891
v 0.255005 0.809276 -0.223432
v 0.408268 0.209062 -0.263776
v 0.458325 0.144566 -0.226902
v 0.171488 0.166069 0.130007
v 0.377188 0.853649 -0.17728
v 0.410352 0.880046 -0.0778586
v 0.374774 0.884143 0.0132371
v 0.373973 0.876519 0.0293532
v 0.360437 0.881446 0.0604074
v 0.135043 0.823355 0.0316872
v 0.120797 0.857373 -0.0911482
v 0.184964 0.818706 -0.170509
v 0.208255 0.806684 -0.181181
v 0.45996 0.255612 -0.28152
v 0.191461 0.186419 0.182774
v 0.189724 0.164536 0.169817
v 0.170162 0.17918 0.126576
v 0.159549 0.198077 0.120995
v 0.31419 0.83341 -0.247691
v 0.324066 0.832792 -0.246953
v 0.346288 0.833508 -0.219556
v 0.373511 0.874914 -0.0482174
v 0.18602 0.837158 0.0811211
v 0.172341 0.826976 0.0747152
v 0.130969 0.828934 -0.000955488
v 0.135005 0.811131 -0.0624696
v 0.212565 0.801249 -0.186773
v 0.232748 0.803562 -0.228891
v 0.25375 0.815994 -0.228214
v 0.477589 0.213004 -0.277532
v 0.396404 0.249651 -0.2539
v 0.454293 0.162928 -0.224246
v 0.482424 0.164704 -0.246888
v 0.401363 0.876431 -0.0662432
v 0.374346 0.890869 -0.0228632
v 0.375928 0.882695 -0.00479195
v 0.269446 0.851258 0.121814
v 0.132564 0.813866 -0.0787527
v 0.153442 0.843692 -0.170456
v 0.154958 0.2105 0.119543
v 0.163534 0.254571 0.19303
v 0.474136 0.229881 -0.278848
v 0.398591 0.257648 -0.262031
v 0.406245 0.215006 -0.252518
v 0.384932 0.826991 -0.170531
v 0.416962 0.866734 -0.0889464
v 0.341493 0.86315 0.0778535
v 0.328121 0.879051 0.0741221
v 0.285136 0.84873 0.119024
v 0.202367 0.817669 0.0954018
v 0.164946 0.810383 0.0689237
v 0.142035 0.851083 -0.142068
v 0.222888 0.815994 -0.202908
v 0.225692 0.802956 -0.222095
v 0.13704 0.246666 0.175475
v 0.401096 0.234404 -0.242601
v 0.390973 0.847768 -0.164368
v 0.416413 0.852352 -0.138221
v 0.418025 0.878933 -0.107865
v 0.394368 0.876853 -0.0620946
v 0.37676 0.872394 0.00520234
v 0.246882 0.81963 0.130535
v 0.153293 0.819406 0.0326899
v 0.143726 0.811888 0.0311749
v 0.140165 0.84145 -0.127536
v 0.135825 0.218607 0.131513
v 0.132381 0.258159 0.153753
v 0.133133 0.249865 0.163855
v 0.196418 0.177306 0.161303
v 0.189816 0.16406 0.150565
v 0.422465 0.246166 -0.281904
v 0.469615 0.154212 -0.231566
v 0.365007 0.831106 -0.194869
v 0.407852 0.873766 -0.0724866
v 0.16094 0.825989 0.0423386
v 0.136422 0.829414 -0.115822
v 0.15757 0.814999 -0.175715
v 0.191949 0.815848 -0.172509
v 0.132738 0.267548 0.140354
v 0.157768 0.27174 0.18735
v 0.194763 0.209683 0.191455
v 0.181898 0.169559 0.134817
v 0.412059 0.272394 -0.27418
v 0.25769 0.807505 -0.222543
v 0.334226 0.813633 -0.233267
v 0.318171 0.859929 0.0788807
v 0.262227 0.85747 0.115258
v 0.129632 0.816832 0.0215356
v 0.150884 0.803946 -0.149398
v 0.21722 0.78985 -0.200461
v 0.13459 0.281622 0.133507
v 0.182672 0.245176 0.19599
v 0.179989 0.212073 0.197051
v 0.441778 0.251289 -0.285448
v 0.434142 0.179714 -0.224915
v 0.47617 0.182885 -0.231256
v 0.485244 0.183643 -0.263326
v 0.272752 0.80285 -0.229308
v 0.29235 0.792414 -0.250802
v 0.338854 0.804557 -0.226466
v 0.370208 0.873373 -0.0348345
v 0.220327 0.812896 0.111789
v 0.130275 0.817494 0.012735
v 0.126314 0.82559 -0.033515
v 0.146676 0.811448 -0.140336
v 0.154082 0.797148 -0.168859
v 0.141275 0.254113 0.120091
v 0.135853 0.25088 0.127556
v 0.141265 0.277112 0.169294
v 0.146605 0.26459 0.182692
v 0.169237 0.19458 0.122006
v 0.484681 0.220165 -0.266582
v 0.434799 0.265113 -0.281905
v 0.402027 0.270853 -0.267281
v 0.415957 0.209539 -0.231051
v 0.135562 0.283434 0.149393
v 0.187362 0.17008 0.179392
v 0.374572 0.829242 -0.181342
v 0.382397 0.877204 -0.056181
v 0.367796 0.868484 0.0527063
v 0.190956 0.797952 0.0935934
v 0.125281 0.829154 -0.0163889
v 0.129767 0.808218 -0.0219094
v 0.233772 0.778175 -0.229486
v 0.488795 0.215593 -0.247653
v 0.149061 0.256833 0.113776
v 0.196795 0.190504 0.142897
v 0.181237 0.191478 0.126432
v 0.300919 0.798902 -0.251651
v 0.318788 0.794803 -0.243995
v 0.358546 0.815488 -0.211679
v 0.370299 0.864033 -0.0366435
v 0.130708 0.821383 -0.105376
v 0.248893 0.788605 -0.22373
v 0.42497 0.198606 -0.225003
v 0.443606 0.183424 -0.220773
v 0.133469 0.26141 0.132782
v 0.192707 0.228217 0.193813
v 0.321708 0.771247 -0.240909
v 0.411696 0.841943 -0.146389
v 0.393604 0.86081 -0.0576331
v 0.381429 0.85578 -0.0485273
v 0.369987 0.856864 -0.0221257
v 0.374931 0.865515 -0.00499633
v 0.377568 0.864955 0.0223067
v 0.375583 0.855042 0.0380082
v 0.302009 0.864963 0.0815501
v 0.12937 0.809606 -0.0280077
v 0.133818 0.814442 -0.0567179
v 0.467186 0.242224 -0.280854
v 0.26615 0.781543 -0.22728
v 0.283902 0.766016 -0.249456
v 0.295062 0.769906 -0.250602
v 0.312549 0.850161 0.0847791
v 0.280217 0.839887 0.127703
v 0.234817 0.828559 0.115973
v 0.205831 0.795651 0.102332
v 0.169768 0.809938 0.0775693
v 0.159867 0.801073 0.051443
v 0.156631 0.788648 0.0343877
v 0.152944 0.797312 -0.156976
v 0.156397 0.781627 -0.169555
v 0.200385 0.210199 0.184992
v 0.201426 0.197779 0.175797
v 0.485896 0.205461 -0.240654
v 0.323653 0.784067 -0.238816
v 0.361885 0.798341 -0.217243
v 0.41289 0.849203 -0.0741368
v 0.366635 0.850719 0.0694404
v 0.178946 0.802043 0.0872827
v 0.15471 0.800045 0.0313107
v 0.136938 0.800856 0.0273196
v 0.128064 0.822934 -0.0965547
v 0.202196 0.808452 -0.17732
v 0.229162 0.786108 -0.228783
v 0.198349 0.185946 0.152565
v 0.170547 0.210815 0.116757
v 0.488409 0.220624 -0.257005
v 0.424506 0.847964 -0.117178
v 0.287422 0.833825 0.127557
v 0.259388 0.814592 0.137931
v 0.234521 0.800214 0.13277
v 0.208188 0.770409 -0.183301
v 0.151542 0.287309 0.177924
v 0.394346 0.278402 -0.255213
v 0.394659 0.258816 -0.243793
v 0.416129 0.223472 -0.221913
v 0.240103 0.771979 -0.226764
v 0.248535 0.776893 -0.221705
v 0.365887 0.817428 -0.201508
v 0.360964 0.861603 0.0715909
v 0.294244 0.840715 0.108925
v 0.136002 0.79004 -0.0120014
v 0.156974 0.259647 0.109299
v 0.165908 0.274304 0.18911
v 0.200564 0.258785 0.191083
v 0.481863 0.240096 -0.267791
v 0.439274 0.288041 -0.276803
v 0.274368 0.774945 -0.24269
v 0.308315 0.769107 -0.244826
v 0.27366 0.827745 0.134643
v 0.167767 0.790394 0.0789985
v 0.143814 0.805061 -0.124738
v 0.1457 0.275426 0.113695
v 0.137017 0.277656 0.124043
v 0.402984 0.237851 -0.233528
v 0.423932 0.218926 -0.217417
v 0.431683 0.206777 -0.217808
v 0.481706 0.193646 -0.235844
v 0.206209 0.200611 0.16117
v 0.189806 0.186795 0.134888
v 0.378031 0.810885 -0.18296
v 0.389665 0.806397 -0.167693
v 0.407776 0.830069 -0.150515
v 0.371678 0.850204 -0.0362893
v 0.377955 0.846882 0.0151456
v 0.37773 0.853367 0.0292055
v 0.341534 0.835249 0.085572
v 0.15103 0.791795 0.0262871
v 0.132386 0.780971 0.0107028
v 0.135823 0.788253 -0.0359078
v 0.140803 0.798228 -0.11349
v 0.169173 0.805095 -0.172257
v 0.413003 0.289134 -0.27211
v 0.441295 0.205931 -0.215148
v 0.452985 0.198648 -0.217254
v 0.173406 0.249978 0.19554
v 0.256621 0.761911 -0.219547
v 0.303251 0.780849 -0.250813
v 0.352596 0.867 0.0746875
v 0.322681 0.819732 0.095421
v 0.266871 0.814259 0.140889
v 0.160228 0.787583 0.0630617
v 0.135579 0.798727 -0.0835353
v 0.219195 0.773567 -0.219384
v 0.427862 0.288531 -0.275803
v 0.398257 0.28887 -0.261634
v 0.480982 0.225685 -0.22497
v 0.233901 0.763988 -0.22713
v 0.27707 0.748277 -0.246054
v 0.34028 0.786709 -0.230045
v 0.421543 0.837386 -0.133693
v 0.397883 0.846362 -0.0572234
v 0.301568 0.845951 0.096051
v 0.132528 0.794497 0.0167272
v 0.13604 0.794496 -0.0512837
v 0.134083 0.799815 -0.0934107
v 0.172199 0.779297 -0.167468
v 0.205313 0.234379 0.188617
v 0.209018 0.231839 0.184548
v 0.20659 0.205011 0.150551
v 0.427601 0.236842 -0.20915
v 0.237521 0.753643 -0.221779
v 0.260669 0.754665 -0.222715
v 0.372316 0.812172 -0.194893
v 0.398234 0.814196 -0.158514
v 0.421012 0.846091 -0.0910651
v 0.38063 0.836677 -0.0409482
v 0.295965 0.823773 0.124617
v 0.179873 0.784048 0.0919797
v 0.154391 0.775592 0.0262848
v 0.221493 0.754939 -0.223317
v 0.1388 0.294644 0.123146
v 0.1434 0.301467 0.157206
v 0.202261 0.193329 0.168331
v 0.475946 0.259337 -0.269805
v 0.405078 0.283913 -0.268676
v 0.46462 0.198094 -0.220433
v 0.160787 0.291122 0.181991
v 0.188329 0.205023 0.124306
v 0.147598 0.771396 -0.115495
v 0.148805 0.78013 -0.128508
v 0.212427 0.766749 -0.189731
v 0.214411 0.764156 -0.201414
v 0.317862 0.75059 -0.241851
v 0.354207 0.752631 -0.239947
v 0.370519 0.775126 -0.223186
v 0.428771 0.827152 -0.117825
v 0.406489 0.835127 -0.0620897
v 0.373829 0.843142 0.0510224
v 0.226599 0.797443 0.12514
v 0.149676 0.763008 0.0180404
v 0.472276 0.230406 -0.215758
v 0.138205 0.301976 0.139047
v 0.180722 0.206741 0.119948
v 0.169 0.243414 0.108789
v 0.284613 0.737298 -0.244987
v 0.370312 0.844485 -0.0140076
v 0.351712 0.839603 0.0829088
v 0.324014 0.837687 0.0860411
v 0.290236 0.818894 0.134553
v 0.274607 0.808001 0.144147
v 0.209486 0.783983 0.106819
v 0.242404 0.762192 -0.221236
v 0.451054 0.27867 -0.278428
v 0.394845 0.274981 -0.234631
v 0.411572 0.246945 -0.216005
v 0.439694 0.229405 -0.207972
v 0.147402 0.294446 0.169464
v 0.194886 0.26084 0.192503
v 0.212472 0.227392 0.176606
v 0.36016 0.838216 0.0799137
v 0.131475 0.811523 -0.101548
v 0.185792 0.775744 -0.171059
v 0.215455 0.750086 -0.216491
v 0.476572 0.278193 -0.263908
v 0.461005 0.283325 -0.273625
v 0.213633 0.244688 0.182947
v 0.182614 0.231721 0.112532
v 0.299026 0.72778 -0.241971
v 0.345131 0.729486 -0.24571
v 0.41807 0.828056 -0.140041
v 0.426195 0.840971 -0.106573
v 0.369861 0.834134 -0.0188436
v 0.37872 0.848447 0.0227734
v 0.200834 0.775982 0.103506
v 0.164888 0.76414 0.0800061
v 0.156325 0.767649 0.0383481
v 0.142302 0.778393 -0.0709565
v 0.176885 0.7716 -0.167095
v 0.208584 0.748224 -0.183881
v 0.467118 0.268973 -0.274442
v 0.469409 0.299437 -0.262875
v 0.463782 0.233007 -0.210513
v 0.489587 0.235191 -0.241639
v 0.295055 0.744739 -0.244741
v 0.383361 0.793493 -0.184666
v 0.41635 0.813627 -0.141171
v 0.161277 0.774817 0.0721267
v 0.136682 0.771997 0.0180427
v 0.134887 0.762155 0.00169874
v 0.13371 0.778977 0.00187938
v 0.136662 0.779659 -0.00887451
v 0.161039 0.789201 -0.172042
v 0.171767 0.751825 -0.164138
v 0.488532 0.247556 -0.253423
v 0.391491 0.308534 -0.244324
v 0.39336 0.268432 -0.247657
v 0.399528 0.264977 -0.225238
v 0.267693 0.741388 -0.238819
v 0.325848 0.740532 -0.242952
v 0.431264 0.816067 -0.107221
v 0.37493 0.854218 -0.000907147
v 0.370092 0.837943 0.0672211
v 0.282849 0.818049 0.139366
v 0.218755 0.778656 0.118364
v 0.165032 0.310614 0.176569
v 0.184269 0.298121 0.186734
v 0.185285 0.278611 0.190557
v 0.222816 0.24046 0.163001
v 0.484734 0.255044 -0.259883
v 0.154177 0.322562 0.158795
v 0.153386 0.747755 0.0172835
v 0.141892 0.758118 0.0150586
v 0.15387 0.778626 -0.144131
v 0.39384 0.308884 -0.251633
v 0.434032 0.261278 -0.200779
v 0.454182 0.2237 -0.209851
v 0.204956 0.252572 0.18909
v 0.204915 0.227643 0.126611
v 0.426835 0.813684 -0.0851396
v 0.309884 0.819185 0.108643
v 0.155641 0.753092 0.0498536
v 0.163046 0.757733 -0.166459
v 0.211711 0.740371 -0.190254
v 0.232688 0.747049 -0.223176
v 0.486356 0.270303 -0.250464
v 0.43373 0.323126 -0.270085
v 0.400224 0.310179 -0.260592
v 0.488704 0.251021 -0.237499
v 0.2185 0.228882 0.151576
v 0.19327 0.233082 0.116295
v 0.254274 0.740253 -0.213361
v 0.390435 0.792367 -0.170721
v 0.4001 0.798168 -0.1573
v 0.425948 0.818661 -0.127349
v 0.398723 0.82431 -0.0521308
v 0.233891 0.783902 0.13813
v 0.216637 0.765685 0.119787
v 0.182334 0.745823 0.102001
v 0.138126 0.753061 0.00913246
v 0.13863 0.77557 -0.0250671
v 0.143477 0.766843 -0.0895788
v 0.155907 0.768588 -0.161527
v 0.202655 0.768559 -0.179285
v 0.227438 0.738944 -0.221723
v 0.396973 0.297676 -0.222355
v 0.14251 0.311192 0.123695
v 0.272434 0.716049 -0.2391
v 0.307901 0.726521 -0.241162
v 0.373464 0.764082 -0.224502
v 0.379874 0.772091 -0.215215
v 0.419185 0.821098 -0.0731287
v 0.41056 0.838606 -0.0673518
v 0.142172 0.777896 -0.0664583
v 0.39115 0.312358 -0.237383
v 0.148002 0.299287 0.11059
v 0.22031 0.239606 0.169956
v 0.201388 0.261742 0.112946
v 0.186114 0.273243 0.104082
v 0.384506 0.776518 -0.205326
v 0.374635 0.824191 0.060766
v 0.315886 0.822205 0.0992511
v 0.171836 0.719478 0.0862732
v 0.164747 0.732032 0.0768782
v 0.147177 0.75301 -0.102297
v 0.154807 0.744966 -0.1165
v 0.416105 0.309648 -0.269348
v 0.41648 0.345185 -0.267533
v 0.407509 0.315733 -0.265385
v 0.485008 0.239553 -0.227889
v 0.217301 0.257602 0.183428
v 0.183276 0.258435 0.107208
v 0.172151 0.271773 0.104399
v 0.392314 0.78064 -0.174522
v 0.419227 0.805553 -0.136534
v 0.375718 0.8404 0.0102856
v 0.333824 0.820776 0.0912655
v 0.255732 0.798356 0.145349
v 0.203203 0.756145 0.113224
v 0.155558 0.725656 0.040454
v 0.139579 0.756192 -0.0122768
v 0.150245 0.737055 -0.0425886
v 0.212262 0.731636 -0.211403
v 0.426397 0.312646 -0.270842
v 0.397159 0.325613 -0.255089
v 0.402661 0.296021 -0.212813
v 0.408827 0.281328 -0.20759
v 0.265684 0.712373 -0.231078
v 0.357777 0.742592 -0.240073
v 0.245579 0.780887 0.148266
v 0.190895 0.740181 -0.172655
v 0.218661 0.737702 -0.219331
v 0.226009 0.724542 -0.218469
v 0.151829 0.328999 0.116014
v 0.151468 0.337965 0.12364
v 0.201584 0.294981 0.188287
v 0.448707 0.302986 -0.271416
v 0.393585 0.330605 -0.245174
v 0.20895 0.267851 0.187666
v 0.209825 0.299935 0.186324
v 0.286133 0.718915 -0.241712
v 0.221818 0.770601 0.125168
v 0.1948 0.740065 0.113608
v 0.157357 0.72843 0.0579005
v 0.142862 0.767472 -0.0971215
v 0.15967 0.738232 -0.158165
v 0.422127 0.256215 -0.205544
v 0.487709 0.266439 -0.243048
v 0.164119 0.289447 0.103545
v 0.15027 0.329832 0.145416
v 0.177326 0.309054 0.182518
v 0.368411 0.437391 -0.244898
v 0.431337 0.80659 -0.119249
v 0.374975 0.822523 -0.027138
v 0.378964 0.829671 0.0327992
v 0.303996 0.807879 0.126854
v 0.150441 0.744524 -0.077585
v 0.147364 0.758825 -0.107336
v 0.373939 0.75091 -0.226994
v 0.402953 0.779561 -0.157703
v 0.377135 0.828749 0.0481886
v 0.243429 0.76858 0.150245
v 0.157733 0.706574 0.0514506
v 0.140229 0.735541 -0.00826187
v 0.163262 0.319275 0.172219
v 0.197725 0.303615 0.187854
v 0.212098 0.227677 0.136369
v 0.373025 0.428398 -0.255338
v 0.481025 0.297251 -0.248766
v 0.393328 0.328358 -0.224865
v 0.256318 0.71957 -0.214098
v 0.306504 0.694301 -0.234785
v 0.335347 0.707276 -0.24542
v 0.429629 0.81753 -0.0967202
v 0.317884 0.799176 0.109602
v 0.288171 0.800578 0.143087
v 0.143605 0.738393 0.00817879
v 0.148212 0.748344 -0.0630174
v 0.147829 0.330308 0.134079
v 0.155143 0.347947 0.1494
v 0.224285 0.254782 0.167355
v 0.221681 0.247039 0.144139
v 0.363927 0.426623 -0.227176
v 0.300374 0.701442 -0.235269
v 0.369952 0.825261 0.000177945
v 0.378252 0.825373 0.0261748
v 0.369994 0.823621 0.0728158
v 0.155696 0.743913 0.0246565
v 0.156587 0.718592 0.013699
v 0.152264 0.724228 0.00714446
v 0.160042 0.748563 -0.145955
v 0.200397 0.722003 -0.176122
v 0.22841 0.283706 0.163304
v 0.449941 0.25838 -0.201336
v 0.428923 0.339542 -0.269963
v 0.396399 0.351918 -0.239844
v 0.408058 0.34821 -0.262893
v 0.402196 0.352535 -0.254814
v 0.218647 0.271419 0.180266
v 0.22475 0.251917 0.151271
v 0.211058 0.258786 0.12203
v 0.380125 0.425581 -0.263173
v 0.359465 0.456204 -0.223814
v 0.368167 0.425788 -0.221167
v 0.251018 0.719328 -0.208048
v 0.289518 0.678228 -0.22961
v 0.392253 0.743983 -0.217101
v 0.377247 0.833686 -0.03607
v 0.369868 0.818252 -0.00308473
v 0.284854 0.782746 0.149096
v 0.140303 0.729899 -0.0029468
v 0.210859 0.722056 -0.206662
v 0.46139 0.303129 -0.266584
v 0.435308 0.346466 -0.26873
v 0.459439 0.262158 -0.202714
v 0.473752 0.258404 -0.21175
v 0.482324 0.290433 -0.225952
v 0.40989 0.77995 -0.148764
v 0.424026 0.795976 -0.130485
v 0.270968 0.768079 0.156302
v 0.260181 0.774719 0.155296
v 0.212153 0.748905 0.116797
v 0.18139 0.722362 0.0987251
v 0.145155 0.745894 -0.029697
v 0.177773 0.753802 -0.166074
v 0.211554 0.700115 -0.209076
v 0.160068 0.354181 0.117563
v 0.162234 0.348759 0.163004
v 0.196221 0.327344 0.185914
v 0.368728 0.428938 -0.215718
v 0.166152 0.352801 0.111438
v 0.159705 0.331048 0.108188
v 0.483847 0.267933 -0.226553
v 0.476964 0.301517 -0.255367
v 0.463804 0.327722 -0.261685
v 0.417476 0.364261 -0.26568
v 0.400194 0.365758 -0.242255
v 0.303076 0.787813 0.13671
v 0.147739 0.749112 -0.051167
v 0.155901 0.717799 -0.101965
v 0.158682 0.7526 -0.140585
v 0.36671 0.430947 -0.228877
v 0.213303 0.310358 0.184577
v 0.219409 0.265501 0.130313
v 0.384301 0.426445 -0.266326
v 0.377194 0.450435 -0.261436
v 0.40144 0.316948 -0.212591
v 0.451687 0.330253 -0.266492
v 0.328562 0.694459 -0.243675
v 0.23248 0.763057 0.141417
v 0.187913 0.713401 0.109139
v 0.166228 0.705911 0.0703436
v 0.159695 0.749141 -0.16382
v 0.37524 0.413705 -0.208256
v 0.376243 0.413269 -0.203178
v 0.171584 0.332722 0.104134
v 0.16144 0.366473 0.147837
v 0.226189 0.256993 0.155862
v 0.369539 0.459976 -0.246499
v 0.413699 0.288697 -0.201769
v 0.444347 0.287229 -0.195512
v 0.465048 0.274418 -0.203187
v 0.47713 0.280913 -0.214165
v 0.472064 0.327231 -0.256643
v 0.337951 0.690655 -0.244241
v 0.339368 0.657237 -0.240047
v 0.346829 0.699057 -0.243428
v 0.361486 0.717372 -0.235226
v 0.422569 0.80955 -0.0724037
v 0.225312 0.737833 0.125546
v 0.14725 0.708188 -0.0035362
v 0.173067 0.349518 0.107208
v 0.156173 0.356241 0.138377
v 0.175865 0.343389 0.176351
v 0.182828 0.334963 0.18049
v 0.222203 0.284278 0.122248
v 0.207843 0.272279 0.113328
v 0.398633 0.348468 -0.221609
v 0.443209 0.337722 -0.267708
v 0.424754 0.354118 -0.268513
v 0.261488 0.666975 -0.202359
v 0.280905 0.6829 -0.231722
v 0.347558 0.682832 -0.238389
v 0.392179 0.774362 -0.184405
v 0.404645 0.752216 -0.18006
v 0.407508 0.766079 -0.157894
v 0.431047 0.78364 -0.127584
v 0.440866 0.787053 -0.104608
v 0.371824 0.821925 0.00892926
v 0.377412 0.812931 0.0274796
v 0.379036 0.813805 0.0491509
v 0.366554 0.823522 0.0782184
v 0.357805 0.813892 0.0872447
v 0.250568 0.759503 0.156285
v 0.176301 0.689275 0.0829477
v 0.149817 0.71322 -0.0314609
v 0.166582 0.724769 -0.160629
v 0.216649 0.71101 -0.214284
v 0.374231 0.41928 -0.210395
v 0.372584 0.454897 -0.255185
v 0.355345 0.496756 -0.235925
v 0.253084 0.699384 -0.203241
v 0.269764 0.681244 -0.225748
v 0.315586 0.680866 -0.233947
v 0.441332 0.783078 -0.110945
v 0.416529 0.809819 -0.0649563
v 0.348942 0.812217 0.0907339
v 0.165782 0.721746 -0.140202
v 0.173642 0.732818 -0.161808
v 0.188057 0.345349 0.185531
v 0.22434 0.2824 0.171518
v 0.181338 0.295131 0.100838
v 0.401101 0.367178 -0.222024
v 0.434845 0.298148 -0.193274
v 0.484422 0.288842 -0.236244
v 0.453032 0.354372 -0.269519
v 0.33507 0.665693 -0.241726
v 0.400846 0.743015 -0.206882
v 0.41707 0.782891 -0.139857
v 0.434589 0.802207 -0.0963853
v 0.371997 0.824714 -0.0214604
v 0.361468 0.805037 0.0867684
v 0.308972 0.79211 0.128975
v 0.157591 0.692991 0.0393499
v 0.156876 0.720567 -0.10742
v 0.182489 0.716817 -0.163634
v 0.371731 0.437787 -0.20772
v 0.19922 0.298347 0.103012
v 0.38771 0.437289 -0.270145
v 0.365308 0.455183 -0.230992
v 0.213526 0.727253 0.117724
v 0.402965 0.360828 -0.215226
v 0.415307 0.33745 -0.204275
v 0.438704 0.364132 -0.270364
v 0.411535 0.372956 -0.257496
v 0.243263 0.696365 -0.199399
v 0.39268 0.764621 -0.200284
v 0.397887 0.770151 -0.17339
v 0.354075 0.796946 0.0922475
v 0.241848 0.755798 0.150515
v 0.364222 0.450883 -0.210521
v 0.382838 0.409117 -0.202166
v 0.199931 0.328924 0.102658
v 0.204504 0.32094 0.187099
v 0.218749 0.294867 0.179373
v 0.155754 0.706364 0.00280618
v 0.142312 0.730226 -0.0139123
v 0.153732 0.721618 -0.045018
v 0.176954 0.712385 -0.15897
v 0.18078 0.702882 -0.158707
v 0.207266 0.709497 -0.18049
v 0.252084 0.679917 -0.196808
v 0.293276 0.662433 -0.226061
v 0.338054 0.630851 -0.233617
v 0.366739 0.690482 -0.226341
v 0.380261 0.800553 0.0433375
v 0.308878 0.669496 -0.228444
v 0.324053 0.652524 -0.229762
v 0.370018 0.805111 0.00740716
v 0.258663 0.751751 0.157627
v 0.16572 0.368995 0.156684
v 0.177602 0.368399 0.174989
v 0.183572 0.357791 0.184009
v 0.202304 0.27906 0.107735
v 0.199996 0.704971 0.113113
v 0.18509 0.687651 0.099157
v 0.144121 0.706235 -0.0125523
v 0.152082 0.731467 -0.0940948
v 0.378787 0.442842 -0.198905
v 0.477763 0.320249 -0.251026
v 0.381796 0.415273 -0.203541
v 0.378461 0.422086 -0.199096
v 0.384413 0.460132 -0.268808
v 0.370922 0.483059 -0.259391
v 0.36978 0.487749 -0.244484
v 0.172169 0.3728 0.166826
v 0.209019 0.336253 0.186633
v 0.232534 0.300696 0.155683
v 0.23024 0.286018 0.143775
v 0.17023 0.680977 0.0664907
v 0.154529 0.717994 -0.0635763
v 0.164403 0.722825 -0.159776
v 0.265958 0.687569 -0.223301
v 0.367412 0.70542 -0.228581
v 0.37255 0.810835 0.0165969
v 0.380088 0.811307 0.0431178
v 0.291 0.775822 0.145538
v 0.363009 0.469627 -0.194608
v 0.386033 0.414596 -0.189322
v 0.424363 0.283825 -0.197635
v 0.480197 0.321764 -0.242849
v 0.414408 0.390943 -0.263121
v 0.430925 0.795245 -0.0778581
v 0.425224 0.7974 -0.0697676
v 0.408795 0.802654 -0.054882
v 0.388406 0.815084 -0.0400756
v 0.37242 0.806835 -0.00928784
v 0.277093 0.763802 0.153076
v 0.16064 0.666025 0.0228647
v 0.154375 0.72228 -0.0487462
v 0.165639 0.717431 -0.127373
v 0.192065 0.717277 -0.170896
v 0.208441 0.696393 -0.200841
v 0.240651 0.689007 -0.198669
v 0.16225 0.373485 0.129022
v 0.19604 0.346808 0.188187
v 0.229845 0.304034 0.164834
v 0.226143 0.272233 0.140011
v 0.404487 0.346488 -0.214056
v 0.481432 0.307698 -0.229703
v 0.423862 0.378917 -0.269461
v 0.376054 0.472365 -0.265186
v 0.355479 0.511082 -0.244046
v 0.435125 0.792634 -0.119503
v 0.24314 0.742619 0.150386
v 0.230112 0.723581 0.126002
v 0.151815 0.737935 -0.0753173
v 0.179419 0.391038 0.113655
v 0.185453 0.359662 0.105417
v 0.170384 0.453955 0.122
v 0.402242 0.367775 -0.212511
v 0.463059 0.296778 -0.198731
v 0.200635 0.431733 0.077717
v 0.346398 0.518696 -0.206303
v 0.35245 0.494791 -0.197158
v 0.384008 0.40422 -0.193657
v 0.388798 0.725248 -0.219682
v 0.38166 0.812535 -0.0317693
v 0.374349 0.803512 0.0692682
v 0.202506 0.693116 0.112968
v 0.166208 0.655846 0.0444609
v 0.316202 0.643507 -0.222586
v 0.191507 0.360043 0.187082
v 0.219283 0.309934 0.180174
v 0.184339 0.378054 0.106277
v 0.358893 0.526534 -0.246861
v 0.358103 0.519124 -0.234158
v 0.41889 0.351857 -0.200539
v 0.418962 0.39557 -0.266021
v 0.357357 0.474905 -0.195392
v 0.345029 0.635031 -0.23573
v 0.356598 0.672051 -0.234318
v 0.378128 0.803512 -0.0201689
v 0.379603 0.800132 0.038855
v 0.370065 0.804116 0.0774981
v 0.328834 0.801267 0.0991136
v 0.257649 0.740046 0.157957
v 0.180795 0.66805 0.0815994
v 0.158823 0.691002 0.00174013
v 0.16368 0.713991 -0.156645
v 0.198509 0.674407 -0.165515
v 0.207627 0.681874 -0.197737
v 0.370866 0.452321 -0.204563
v 0.378234 0.459258 -0.191829
v 0.400172 0.391382 -0.179821
v 0.167966 0.383869 0.124692
v 0.208067 0.344225 0.104597
v 0.404564 0.423333 -0.274812
v 0.361299 0.528254 -0.251745
v 0.420744 0.313132 -0.196932
v 0.468529 0.294355 -0.203186
v 0.465024 0.349642 -0.263524
v 0.366326 0.487994 -0.239458
v 0.367526 0.510983 -0.247338
v 0.360545 0.639513 -0.2359
v 0.378998 0.701756 -0.219791
v 0.307892 0.773834 0.137808
v 0.172386 0.397531 0.135658
v 0.177102 0.393124 0.164628
v 0.219291 0.304206 0.112386
v 0.192209 0.346871 0.105372
v 0.201242 0.362898 0.102733
v 0.191508 0.674696 0.101976
v 0.189007 0.659738 0.0948351
v 0.174944 0.681921 -0.126236
v 0.208826 0.70042 -0.185686
v 0.275589 0.676472 -0.22838
v 0.400828 0.381024 -0.185842
v 0.419983 0.360652 -0.194901
v 0.476004 0.338791 -0.251516
v 0.399051 0.719386 -0.213416
v 0.420156 0.769335 -0.140772
v 0.183582 0.405166 0.115573
v 0.16786 0.384711 0.14812
v 0.195652 0.36674 0.184814
v 0.216524 0.697285 0.119221
v 0.166028 0.646793 0.0278574
v 0.158508 0.693048 0.0134596
v 0.158977 0.699599 -0.0990058
v 0.219903 0.677074 -0.20605
v 0.284369 0.656841 -0.223408
v 0.424094 0.337611 -0.195752
v 0.435615 0.339705 -0.188821
v 0.452583 0.306454 -0.193312
v 0.470177 0.314486 -0.203413
v 0.451331 0.366374 -0.269652
v 0.41236 0.419649 -0.273624
v 0.37066 0.501284 -0.249845
v 0.358918 0.536685 -0.234166
v 0.200231 0.453597 0.0839118
v 0.372607 0.680385 -0.224695
v 0.438336 0.778238 -0.121255
v 0.422824 0.787297 -0.0631583
v 0.381788 0.791859 -0.0184644
v 0.286644 0.760193 0.146198
v 0.171078 0.458676 0.130228
v 0.172659 0.39388 0.158179
v 0.184854 0.378669 0.174739
v 0.201805 0.357837 0.187397
v 0.210239 0.34908 0.186065
v 0.225417 0.33684 0.17486
v 0.232206 0.294706 0.149996
v 0.1505 0.673241 -0.0270311
v 0.200299 0.697108 -0.171851
v 0.34296 0.606744 -0.230177
v 0.478823 0.325601 -0.222276
v 0.432803 0.383958 -0.268692
v 0.422039 0.400531 -0.267037
v 0.359873 0.542445 -0.249423
v 0.360788 0.566019 -0.236551
v 0.220345 0.411755 0.0686567
v 0.371248 0.799173 0.0173101
v 0.380186 0.789664 0.0543111
v 0.3196 0.778757 0.116898
v 0.300547 0.766457 0.141903
v 0.176036 0.41585 0.142571
v 0.21678 0.337107 0.182721
v 0.214259 0.318872 0.106793
v 0.211495 0.331198 0.104946
v 0.156275 0.712681 -0.0925741
v 0.163255 0.716764 -0.152199
v 0.17809 0.688144 -0.154821
v 0.226717 0.677733 -0.204402
v 0.261093 0.653293 -0.195984
v 0.284843 0.630635 -0.21297
v 0.448475 0.318981 -0.190372
v 0.466207 0.361569 -0.260474
v 0.446094 0.3816 -0.265295
v 0.403133 0.450082 -0.275003
v 0.373548 0.514751 -0.256304
v 0.206022 0.419993 0.074018
v 0.404912 0.727014 -0.209144
v 0.409357 0.735663 -0.199268
v 0.220511 0.338098 0.107548
v 0.201025 0.659961 0.112177
v 0.158151 0.694726 -0.0518359
v 0.159864 0.691373 -0.0785158
v 0.170269 0.702365 -0.130534
v 0.374517 0.467204 -0.19148
v 0.472004 0.35497 -0.252329
v 0.459248 0.365264 -0.266417
v 0.398329 0.469524 -0.278135
v 0.380238 0.521533 -0.269473
v 0.371242 0.523186 -0.251503
v 0.383313 0.69622 -0.217288
v 0.40341 0.759119 -0.171662
v 0.332708 0.779665 0.104729
v 0.17706 0.470383 0.140397
v 0.235343 0.312036 0.133137
v 0.231513 0.34062 0.11353
v 0.182635 0.416554 0.127246
v 0.195348 0.613679 0.075142
v 0.185649 0.636754 0.0665047
v 0.16026 0.692928 -0.0853002
v 0.212896 0.661296 -0.198388
v 0.212527 0.433746 0.0727721
v 0.474739 0.317138 -0.210359
v 0.475979 0.322699 -0.213189
v 0.479888 0.340288 -0.23956
v 0.432372 0.409073 -0.266059
v 0.418659 0.417109 -0.264723
v 0.368011 0.658594 -0.233553
v 0.4378 0.781108 -0.0798488
v 0.182396 0.508957 0.116864
v 0.18342 0.489623 0.124903
v 0.181414 0.481245 0.123787
v 0.177539 0.42273 0.151655
v 0.229178 0.295636 0.128998
v 0.195388 0.622741 0.0862891
v 0.217275 0.424807 0.069578
v 0.15991 0.672933 -0.00851155
v 0.150464 0.678636 -0.0136247
v 0.171134 0.690576 -0.154585
v 0.206551 0.665594 -0.18966
v 0.308552 0.627318 -0.212131
v 0.324073 0.62769 -0.219447
v 0.34163 0.591368 -0.218629
v 0.388018 0.436697 -0.181784
v 0.389767 0.423235 -0.184144
v 0.375707 0.494182 -0.268888
v 0.365775 0.794947 0.0846873
v 0.340068 0.788665 0.0988155
v 0.324589 0.781346 0.109808
v 0.177902 0.408037 0.160491
v 0.210105 0.677584 0.119863
v 0.198115 0.60301 0.0920232
v 0.154003 0.660258 -0.0364561
v 0.167449 0.689627 -0.152372
v 0.204381 0.687074 -0.1734
v 0.277291 0.633856 -0.209249
v 0.368032 0.478665 -0.18464
v 0.413892 0.376627 -0.177029
v 0.416178 0.430326 -0.273789
v 0.381696 0.481196 -0.271207
v 0.172048 0.449465 0.14424
v 0.221247 0.356981 0.177128
v 0.238199 0.331315 0.156611
v 0.231381 0.408047 0.0718976
v 0.154165 0.683977 -0.0383035
v 0.170727 0.698004 -0.137627
v 0.427351 0.353507 -0.191297
v 0.401359 0.431548 -0.275517
v 0.418723 0.762615 -0.144632
v 0.403649 0.790881 -0.0469918
v 0.37341 0.794832 0.024477
v 0.322731 0.767282 0.11881
v 0.37589 0.790143 -0.0068414
v 0.287698 0.747197 0.145244
v 0.182207 0.429095 0.162664
v 0.228553 0.351884 0.108602
v 0.224746 0.44856 0.0744595
v 0.214133 0.4627 0.0859317
v 0.209453 0.489914 0.0822816
v 0.200112 0.594727 0.0777561
v 0.173427 0.621353 0.0299003
v 0.185412 0.686098 -0.15761
v 0.191775 0.675052 -0.161055
v 0.206473 0.673506 -0.175922
v 0.244975 0.658315 -0.187708
v 0.271054 0.6404 -0.204873
v 0.359608 0.487459 -0.188844
v 0.37376 0.485751 -0.176408
v 0.432001 0.357174 -0.186804
v 0.410375 0.714186 -0.209703
v 0.414015 0.755269 -0.154901
v 0.434732 0.766996 -0.131221
v 0.44076 0.785857 -0.0954611
v 0.398569 0.791091 -0.0419457
v 0.354918 0.779642 0.0955614
v 0.269759 0.740834 0.156586
v 0.216797 0.367902 0.177936
v 0.232457 0.331302 0.166026
v 0.238528 0.347096 0.119477
v 0.228233 0.697141 0.125702
v 0.222561 0.439452 0.0732638
v 0.204392 0.511158 0.0700432
v 0.204631 0.524849 0.0657903
v 0.201583 0.559056 0.0726373
v 0.164589 0.656052 -0.00646795
v 0.160123 0.663709 -0.050113
v 0.25361 0.656709 -0.189791
v 0.344899 0.576793 -0.210471
v 0.477143 0.358106 -0.228891
v 0.476015 0.356932 -0.234506
v 0.386757 0.491662 -0.276615
v 0.365184 0.560604 -0.253201
v 0.376985 0.643132 -0.233899
v 0.378103 0.684795 -0.219327
v 0.390829 0.689657 -0.212478
v 0.371536 0.789345 0.00482961
v 0.362274 0.782168 0.0897079
v 0.185463 0.527479 0.129927
v 0.18623 0.506196 0.135026
v 0.217826 0.357423 0.103683
v 0.22927 0.43157 0.07213
v 0.217495 0.467466 0.0869252
v 0.192225 0.614845 0.0593263
v 0.16693 0.640823 0.00717874
v 0.148778 0.678012 -0.0195767
v 0.468931 0.360432 -0.202688
v 0.37848 0.536275 -0.258548
v 0.368562 0.582617 -0.240671
v 0.313893 0.760249 0.13481
v 0.18301 0.487145 0.138159
v 0.193426 0.38888 0.174925
v 0.240223 0.325823 0.13927
v 0.216544 0.668495 -0.202904
v 0.255688 0.632293 -0.180387
v 0.311958 0.616402 -0.20864
v 0.335994 0.600099 -0.21522
v 0.350525 0.549562 -0.201761
v 0.399842 0.423925 -0.170691
v 0.461998 0.326899 -0.195565
v 0.469481 0.369239 -0.242349
v 0.456083 0.383325 -0.257085
v 0.429605 0.417499 -0.267668
v 0.367919 0.554957 -0.258072
v 0.216685 0.670403 0.128025
v 0.204344 0.640449 0.113534
v 0.204312 0.625998 0.113099
v 0.199046 0.631475 0.100035
v 0.368054 0.62313 -0.236979
v 0.415721 0.72692 -0.196864
v 0.202264 0.378343 0.177879
v 0.164619 0.635329 -0.0191542
v 0.165703 0.676724 -0.107231
v 0.179783 0.662065 -0.129648
v 0.284397 0.617026 -0.203474
v 0.366838 0.491661 -0.180019
v 0.439654 0.357525 -0.185249
v 0.454386 0.343336 -0.191229
v 0.3761 0.570158 -0.260788
v 0.440078 0.763771 -0.127585
v 0.375027 0.787077 0.0698475
v 0.274128 0.725316 0.155878
v 0.194444 0.581523 0.134146
v 0.188442 0.546247 0.129538
v 0.180262 0.473083 0.149244
v 0.185997 0.399088 0.170369
v 0.245561 0.350272 0.131623
v 0.220232 0.372673 0.0995255
v 0.226988 0.463457 0.0776055
v 0.220115 0.473589 0.0818878
v 0.216032 0.49449 0.0753774
v 0.207451 0.530498 0.0605367
v 0.168647 0.6292 -0.0133973
v 0.154241 0.657114 -0.0198858
v 0.267021 0.625382 -0.185557
v 0.292992 0.626881 -0.212441
v 0.378998 0.472404 -0.184263
v 0.387179 0.464486 -0.180843
v 0.410456 0.399263 -0.169957
v 0.449009 0.396324 -0.261033
v 0.425568 0.426643 -0.272653
v 0.419526 0.441332 -0.273439
v 0.378217 0.789744 0.0616092
v 0.17645 0.447382 0.152438
v 0.186067 0.442473 0.168681
v 0.195034 0.411172 0.174585
v 0.243516 0.340835 0.144806
v 0.232045 0.398015 0.0905971
v 0.207984 0.511082 0.0654475
v 0.204913 0.577285 0.0662012
v 0.203184 0.594323 0.0590741
v 0.173384 0.616704 0.0120401
v 0.162232 0.668812 -0.0731588
v 0.175457 0.676804 -0.134814
v 0.168383 0.684288 -0.145767
v 0.241758 0.643282 -0.185832
v 0.296946 0.608719 -0.205755
v 0.323065 0.602152 -0.205094
v 0.443005 0.408076 -0.262664
v 0.444583 0.769537 -0.117092
v 0.4443 0.774746 -0.0927809
v 0.288496 0.738871 0.145101
v 0.231817 0.691745 0.130542
v 0.19097 0.552938 0.135803
v 0.233917 0.355609 0.168349
v 0.230948 0.369869 0.103832
v 0.229494 0.393103 0.0942612
v 0.243515 0.397408 0.0842303
v 0.173866 0.60948 -0.00507408
v 0.184671 0.667351 -0.151818
v 0.464311 0.378221 -0.24815
v 0.384321 0.551378 -0.258018
v 0.375084 0.580293 -0.256144
v 0.239033 0.426204 0.0738077
v 0.156298 0.631612 -0.0356403
v 0.162504 0.659941 -0.0612398
v 0.208035 0.660069 -0.192799
v 0.412579 0.411888 -0.161999
v 0.427965 0.373829 -0.174478
v 0.443037 0.377993 -0.172219
v 0.391912 0.499815 -0.278474
v 0.414557 0.741669 -0.17031
v 0.447629 0.769034 -0.105287
v 0.369332 0.787292 0.0811997
v 0.307379 0.747787 0.142981
v 0.194925 0.580402 0.140461
v 0.187272 0.531842 0.142665
v 0.205952 0.403355 0.177552
v 0.21516 0.387436 0.177787
v 0.236084 0.443593 0.0696996
v 0.218144 0.500413 0.0573864
v 0.164753 0.663076 -0.088961
v 0.165585 0.660281 -0.0984068
v 0.278863 0.619198 -0.19762
v 0.338016 0.584035 -0.205164
v 0.461809 0.353633 -0.19435
v 0.411225 0.460563 -0.27797
v 0.382336 0.674235 -0.218527
v 0.414289 0.721695 -0.203203
v 0.421414 0.750033 -0.148659
v 0.427791 0.745485 -0.143932
v 0.432279 0.772149 -0.0671157
v 0.393792 0.789073 -0.035083
v 0.37827 0.798174 0.0347588
v 0.265846 0.72486 0.157772
v 0.207781 0.635915 0.11867
v 0.238826 0.365366 0.110447
v 0.245011 0.418848 0.0778433
v 0.210836 0.525414 0.0511482
v 0.208072 0.566527 0.0548473
v 0.178803 0.605236 0.027977
v 0.168933 0.651098 -0.104322
v 0.174957 0.667087 -0.149969
v 0.231031 0.647158 -0.19468
v 0.399682 0.446576 -0.169742
v 0.47359 0.354572 -0.212839
v 0.44977 0.417397 -0.262843
v 0.435119 0.424231 -0.269376
v 0.402505 0.487954 -0.281121
v 0.419874 0.720269 -0.196971
v 0.426693 0.75482 -0.141606
v 0.444872 0.768786 -0.0854283
v 0.384029 0.78143 -0.016074
v 0.326171 0.756245 0.119194
v 0.187242 0.506264 0.147304
v 0.183971 0.48857 0.159728
v 0.192696 0.42855 0.172252
v 0.242433 0.350648 0.155581
v 0.185418 0.602411 0.042152
v 0.172755 0.661463 -0.146093
v 0.202719 0.661882 -0.166164
v 0.206143 0.644332 -0.181348
v 0.448546 0.360448 -0.185654
v 0.475241 0.368571 -0.22344
v 0.390264 0.601342 -0.258904
v 0.380382 0.597433 -0.246876
v 0.379549 0.658697 -0.227653
v 0.386245 0.667488 -0.219427
v 0.445455 0.757951 -0.12433
v 0.432243 0.781959 -0.0716185
v 0.380601 0.77954 0.0489938
v 0.350115 0.759484 0.101778
v 0.33082 0.762039 0.111708
v 0.189023 0.519147 0.15659
v 0.230989 0.365831 0.171829
v 0.245723 0.367625 0.116783
v 0.241702 0.402116 0.0799393
v 0.210211 0.574293 0.0472161
v 0.172484 0.604246 -0.0224264
v 0.158539 0.626758 -0.028207
v 0.164867 0.645559 -0.0796842
v 0.246907 0.63441 -0.18051
v 0.234366 0.685213 0.131716
v 0.426139 0.391008 -0.165546
v 0.459899 0.366563 -0.189094
v 0.434621 0.43967 -0.268116
v 0.361344 0.76912 0.0924901
v 0.24693 0.384589 0.105447
v 0.250404 0.393497 0.0942467
v 0.199385 0.593139 0.0498474
v 0.226695 0.638778 -0.191294
v 0.300335 0.596141 -0.198425
v 0.30962 0.593571 -0.200836
v 0.37307 0.501416 -0.167383
v 0.393124 0.467906 -0.173225
v 0.473365 0.383783 -0.218062
v 0.471291 0.378884 -0.235482
v 0.464173 0.401046 -0.2467
v 0.45718 0.404077 -0.254888
v 0.412729 0.485901 -0.281273
v 0.384724 0.614162 -0.240976
v 0.414698 0.708554 -0.206721
v 0.37432 0.78027 0.00228472
v 0.295548 0.726561 0.143927
v 0.198628 0.440969 0.179283
v 0.223314 0.480171 0.0774881
v 0.212036 0.513852 0.0546145
v 0.213536 0.555849 0.0438586
v 0.171807 0.674728 -0.118057
v 0.185151 0.638175 -0.123813
v 0.320606 0.595361 -0.200711
v 0.425441 0.428181 -0.151145
v 0.455733 0.373886 -0.180131
v 0.466268 0.370815 -0.195971
v 0.472529 0.392507 -0.227745
v 0.42387 0.474035 -0.27824
v 0.383015 0.506419 -0.274534
v 0.396464 0.53433 -0.276819
v 0.399039 0.688011 -0.209036
v 0.426087 0.702949 -0.202162
v 0.337145 0.769413 0.105647
v 0.195613 0.563159 0.143153
v 0.187545 0.463446 0.167446
v 0.253775 0.425157 0.0796
v 0.243687 0.447795 0.0692213
v 0.207126 0.572905 0.03659
v 0.188078 0.583852 0.0235836
v 0.1846 0.58834 0.00625888
v 0.340296 0.575379 -0.19759
v 0.364452 0.515406 -0.175074
v 0.395705 0.476806 -0.171159
v 0.423551 0.408661 -0.15735
v 0.430761 0.458422 -0.274921
v 0.386667 0.582099 -0.260744
v 0.384336 0.63374 -0.234937
v 0.416946 0.744416 -0.160058
v 0.317632 0.745147 0.137915
v 0.242831 0.688604 0.131509
v 0.225995 0.674002 0.132181
v 0.386142 0.479556 -0.175722
v 0.469553 0.375468 -0.205132
v 0.426654 0.738481 -0.149752
v 0.251214 0.368592 0.127112
v 0.256789 0.410777 0.0893279
v 0.222224 0.491551 0.0715396
v 0.169179 0.64207 -0.0993108
v 0.46933 0.3984 -0.237041
v 0.388913 0.614701 -0.240402
v 0.392887 0.776008 -0.0263408
v 0.383048 0.76953 -0.0085669
v 0.372063 0.781376 0.0203456
v 0.380571 0.776382 0.0544568
v 0.27405 0.715181 0.156427
v 0.217142 0.639677 0.128198
v 0.201959 0.590376 0.14443
v 0.195155 0.465735 0.176076
v 0.209349 0.422686 0.178636
v 0.231782 0.411764 0.176067
v 0.226385 0.379097 0.174094
v 0.238734 0.377136 0.165056
v 0.252122 0.370434 0.139366
v 0.262045 0.391826 0.110015
v 0.218859 0.51792 0.0384574
v 0.172951 0.661493 -0.141413
v 0.194492 0.650407 -0.157947
v 0.205418 0.646388 -0.16777
v 0.234901 0.628729 -0.187625
v 0.291129 0.601624 -0.195003
v 0.443354 0.391175 -0.167349
v 0.465147 0.397149 -0.178576
v 0.456595 0.430887 -0.256916
v 0.392317 0.563422 -0.259595
v 0.395045 0.611003 -0.251911
v 0.393063 0.646305 -0.229674
v 0.422523 0.697892 -0.204222
v 0.429323 0.713831 -0.187276
v 0.289129 0.727396 0.145167
v 0.189173 0.509566 0.161674
v 0.188578 0.497174 0.168314
v 0.251437 0.37385 0.146151
v 0.254549 0.384677 0.115814
v 0.159286 0.627412 -0.0440541
v 0.210505 0.636111 -0.183088
v 0.248863 0.62243 -0.178182
v 0.290104 0.599954 -0.189141
v 0.431131 0.424892 -0.148981
v 0.474047 0.386293 -0.204598
v 0.462295 0.413913 -0.252083
v 0.407755 0.510652 -0.281772
v 0.399481 0.522784 -0.279677
v 0.393954 0.624966 -0.238903
v 0.423674 0.721443 -0.184561
v 0.210035 0.603836 0.150083
v 0.201956 0.57422 0.147932
v 0.20686 0.434014 0.181925
v 0.250375 0.383968 0.154055
v 0.249727 0.439011 0.0718695
v 0.167878 0.631348 -0.0859561
v 0.182121 0.643734 -0.131973
v 0.183674 0.6539 -0.149252
v 0.226831 0.628625 -0.186005
v 0.446326 0.400052 -0.162941
v 0.455744 0.391879 -0.172852
v 0.464152 0.377663 -0.185864
v 0.470667 0.383363 -0.193776
v 0.450413 0.759179 -0.112702
v 0.190017 0.538109 0.151661
v 0.195534 0.578822 0.0304077
v 0.182891 0.642578 -0.121382
v 0.185947 0.634906 -0.145679
v 0.331156 0.580632 -0.19627
v 0.346444 0.572222 -0.200518
v 0.476738 0.403039 -0.22879
v 0.428903 0.48715 -0.279927
v 0.399398 0.591187 -0.25443
v 0.397351 0.597283 -0.257924
v 0.401422 0.615083 -0.253112
v 0.398955 0.629311 -0.236086
v 0.398112 0.667808 -0.213653
v 0.372277 0.777544 0.0146162
v 0.237861 0.655659 0.139014
v 0.166384 0.603021 -0.0308137
v 0.16709 0.619347 -0.074073
v 0.177651 0.643797 -0.144396
v 0.190181 0.650112 -0.153637
v 0.272556 0.613686 -0.180321
v 0.352438 0.56365 -0.194699
v 0.380753 0.494834 -0.165776
v 0.407873 0.478715 -0.161507
v 0.454261 0.44716 -0.261741
v 0.443701 0.479776 -0.274474
v 0.423943 0.733428 -0.160827
v 0.374491 0.771659 0.0109578
v 0.379268 0.776929 0.0426059
v 0.205388 0.474402 0.182997
v 0.223234 0.416171 0.178377
v 0.241159 0.407027 0.170843
v 0.239132 0.468404 0.0734718
v 0.213278 0.554771 0.0267976
v 0.178467 0.59051 -0.0117295
v 0.311726 0.579725 -0.18499
v 0.329207 0.577335 -0.193567
v 0.366888 0.521771 -0.171969
v 0.473246 0.408923 -0.238079
v 0.396503 0.573579 -0.256097
v 0.401899 0.681976 -0.207727
v 0.428743 0.705013 -0.19916
v 0.457496 0.744199 -0.117744
v 0.317583 0.734041 0.142414
v 0.292333 0.718885 0.144882
v 0.280208 0.707293 0.155413
v 0.191794 0.53455 0.161833
v 0.218165 0.450387 0.183839
v 0.260303 0.442821 0.0726912
v 0.250839 0.45489 0.0707075
v 0.213849 0.562085 0.0379164
v 0.19727 0.562537 0.0202505
v 0.278888 0.610518 -0.184342
v 0.382413 0.505081 -0.159179
v 0.474708 0.396242 -0.201878
v 0.477329 0.39765 -0.220975
v 0.466645 0.428167 -0.247804
v 0.405506 0.628796 -0.242558
v 0.404088 0.644773 -0.229373
v 0.424547 0.727244 -0.170646
v 0.396048 0.770022 -0.0267276
v 0.194091 0.501172 0.175797
v 0.219672 0.429256 0.183456
v 0.259296 0.386038 0.129655
v 0.262001 0.409489 0.0967478
v 0.228401 0.490476 0.0512647
v 0.218293 0.5099 0.0448951
v 0.173667 0.587858 -0.0279969
v 0.162741 0.603141 -0.0363141
v 0.167341 0.617782 -0.059796
v 0.172631 0.616584 -0.094006
v 0.203305 0.639508 -0.161442
v 0.249447 0.616057 -0.17873
v 0.316153 0.582841 -0.194108
v 0.432836 0.407396 -0.155636
v 0.462379 0.402293 -0.171534
v 0.477935 0.411379 -0.224505
v 0.472916 0.425443 -0.239358
v 0.393502 0.677081 -0.2111
v 0.428268 0.697267 -0.202534
v 0.438361 0.74399 -0.137251
v 0.450702 0.760595 -0.100817
v 0.409982 0.774706 -0.04704
v 0.374195 0.775158 0.0295047
v 0.240168 0.671936 0.135577
v 0.249302 0.39779 0.160936
v 0.260235 0.430366 0.0841969
v 0.182635 0.590003 -0.00179825
v 0.165969 0.616218 -0.0543801
v 0.25721 0.617147 -0.175519
v 0.419309 0.442384 -0.154863
v 0.445596 0.413114 -0.156485
v 0.448873 0.458931 -0.266276
v 0.392399 0.545186 -0.27141
v 0.41175 0.621394 -0.251093
v 0.430902 0.733949 -0.14839
v 0.42151 0.768704 -0.0563817
v 0.33019 0.743967 0.11963
v 0.219748 0.628426 0.134559
v 0.258399 0.393829 0.147308
v 0.18848 0.570249 -0.00376064
v 0.176748 0.642464 -0.112709
v 0.19741 0.628308 -0.155468
v 0.287693 0.59784 -0.176383
v 0.415619 0.535491 -0.280097
v 0.413568 0.67679 -0.204198
v 0.449199 0.748685 -0.126332
v 0.440547 0.76685 -0.074859
v 0.374322 0.767361 0.0206276
v 0.367601 0.764128 0.0867816
v 0.36789 0.753941 0.0895273
v 0.207711 0.562238 0.166453
v 0.258093 0.404275 0.159498
v 0.269763 0.4172 0.0982747
v 0.228196 0.494749 0.0433184
v 0.217514 0.545112 0.0335968
v 0.18436 0.558923 -0.0188642
v 0.178414 0.573965 -0.0263331
v 0.17081 0.600713 -0.0813016
v 0.214426 0.614794 -0.172461
v 0.225016 0.615317 -0.177351
v 0.391518 0.486481 -0.170195
v 0.438153 0.436516 -0.143599
v 0.45342 0.426081 -0.151337
v 0.462211 0.413751 -0.167842
v 0.471304 0.401159 -0.188614
v 0.447263 0.432946 -0.144575
v 0.475016 0.405857 -0.200416
v 0.472616 0.438367 -0.243798
v 0.464133 0.459373 -0.25624
v 0.405314 0.668997 -0.20997
v 0.445067 0.745665 -0.131684
v 0.449165 0.758559 -0.08751
v 0.243977 0.41484 0.174211
v 0.238496 0.477097 0.0718994
v 0.234343 0.483489 0.0695965
v 0.241189 0.47831 0.0541288
v 0.184195 0.636974 -0.129838
v 0.179776 0.633743 -0.137923
v 0.185779 0.621082 -0.140779
v 0.19257 0.610746 -0.142607
v 0.207847 0.622554 -0.16821
v 0.261244 0.608932 -0.174575
v 0.332675 0.572606 -0.189622
v 0.323854 0.731554 0.138954
v 0.252605 0.675787 0.136145
v 0.198092 0.507431 0.179919
v 0.232771 0.422743 0.181364
v 0.229537 0.486409 0.0587184
v 0.17464 0.62663 -0.104264
v 0.390201 0.509346 -0.153333
v 0.39243 0.502111 -0.156563
v 0.462701 0.446818 -0.256162
v 0.437461 0.495392 -0.276965
v 0.412532 0.588487 -0.256293
v 0.408076 0.598269 -0.249618
v 0.43494 0.703769 -0.194818
v 0.451452 0.75075 -0.121422
v 0.336471 0.750635 0.111405
v 0.259303 0.680904 0.137448
v 0.225036 0.638483 0.131199
v 0.218223 0.614356 0.147094
v 0.198869 0.534066 0.172477
v 0.275259 0.410981 0.127661
v 0.269989 0.409133 0.113737
v 0.171806 0.59002 -0.0734088
v 0.193995 0.626139 -0.151904
v 0.246965 0.606392 -0.175553
v 0.348565 0.561204 -0.176148
v 0.351702 0.564844 -0.191384
v 0.469843 0.407612 -0.177546
v 0.414276 0.55448 -0.275301
v 0.402092 0.583934 -0.253131
v 0.357706 0.749975 0.100073
v 0.296763 0.713604 0.14345
v 0.287677 0.70415 0.152551
v 0.247618 0.660396 0.142438
v 0.209848 0.455815 0.182786
v 0.26826 0.401012 0.142232
v 0.267534 0.395263 0.12966
v 0.280404 0.423668 0.106578
v 0.239271 0.481491 0.0700368
v 0.172045 0.574751 -0.0372958
v 0.164318 0.590446 -0.0470187
v 0.190797 0.61221 -0.126857
v 0.235954 0.610856 -0.180707
v 0.257757 0.606437 -0.172182
v 0.413846 0.616339 -0.252175
v 0.439846 0.75916 -0.0679891
v 0.380106 0.765007 0.047256
v 0.238889 0.641307 0.143531
v 0.217742 0.599484 0.153199
v 0.231585 0.442983 0.183374
v 0.257383 0.418347 0.166804
v 0.24705 0.474415 0.070383
v 0.226309 0.507061 0.0323891
v 0.172688 0.562734 -0.0456472
v 0.409388 0.487024 -0.1591
v 0.45784 0.419759 -0.16074
v 0.480143 0.42052 -0.222831
v 0.401565 0.495059 -0.160514
v 0.476015 0.412913 -0.190183
v 0.485572 0.426212 -0.218594
v 0.377229 0.753878 0.0748027
v 0.265293 0.40297 0.154281
v 0.220663 0.539501 0.0251125
v 0.201701 0.54703 0.0123629
v 0.207863 0.612847 -0.162321
v 0.211279 0.610914 -0.166084
v 0.281223 0.596098 -0.172558
v 0.354 0.563531 -0.187217
v 0.488596 0.437751 -0.216403
v 0.42209 0.501444 -0.281147
v 0.380118 0.76222 0.0108528
v 0.31063 0.733155 0.14435
v 0.214499 0.580871 0.154942
v 0.212681 0.541833 0.182463
v 0.223575 0.501455 0.191433
v 0.258015 0.430004 0.170684
v 0.172166 0.581061 -0.0596131
v 0.174729 0.568986 -0.0648551
v 0.2032 0.618818 -0.157349
v 0.298643 0.590099 -0.177766
v 0.430617 0.459579 -0.148753
v 0.480463 0.432659 -0.23037
v 0.433487 0.691821 -0.20125
v 0.438183 0.714844 -0.168618
v 0.380015 0.765516 0.0616624
v 0.372823 0.761782 0.0796938
v 0.260356 0.671063 0.140804
v 0.22396 0.526965 0.0275716
v 0.18558 0.608189 -0.110016
v 0.187966 0.618293 -0.11809
v 0.400831 0.50171 -0.153142
v 0.448371 0.503873 -0.273334
v 0.41227 0.600599 -0.250408
v 0.419672 0.627305 -0.251189
v 0.416006 0.669388 -0.209229
v 0.440011 0.703116 -0.18996
v 0.434045 0.725915 -0.156051
v 0.421999 0.76302 -0.053408
v 0.378771 0.762878 0.0674271
v 0.305451 0.71747 0.142231
v 0.243527 0.478119 0.0647008
v 0.217417 0.540642 0.0197274
v 0.174817 0.589383 -0.0870493
v 0.175332 0.604621 -0.0941519
v 0.187727 0.627665 -0.125607
v 0.218125 0.601462 -0.16542
v 0.474298 0.425557 -0.175938
v 0.478193 0.424374 -0.185992
v 0.48369 0.446621 -0.226933
v 0.472108 0.453323 -0.247682
v 0.413521 0.571884 -0.268013
v 0.375058 0.764171 0.0304126
v 0.28876 0.694605 0.156299
v 0.22451 0.609497 0.157607
v 0.222798 0.593941 0.154387
v 0.209796 0.507699 0.187177
v 0.238505 0.451187 0.184067
v 0.245801 0.437665 0.178634
v 0.276236 0.420546 0.15198
v 0.275371 0.447794 0.0758259
v 0.254295 0.470849 0.0711584
v 0.236459 0.490178 0.0417769
v 0.206731 0.604606 -0.157292
v 0.330178 0.568076 -0.17881
v 0.46359 0.439347 -0.155977
v 0.464531 0.431263 -0.159529
v 0.418857 0.65389 -0.225881
v 0.437727 0.710291 -0.178974
v 0.4557 0.749076 -0.0945552
v 0.381238 0.760791 0.0554298
v 0.381756 0.746016 0.0714539
v 0.306571 0.703113 0.143603
v 0.199737 0.538907 -0.00219552
v 0.469662 0.4975 -0.259801
v 0.435322 0.52329 -0.278135
v 0.423028 0.670865 -0.20736
v 0.440205 0.695264 -0.198118
v 0.455785 0.742377 -0.122419
v 0.343045 0.736434 0.114757
v 0.328144 0.721836 0.140098
v 0.233262 0.632386 0.144343
v 0.228366 0.475649 0.189255
v 0.275843 0.414479 0.139354
v 0.276532 0.431656 0.0974998
v 0.261145 0.452342 0.0719197
v 0.179475 0.594962 -0.0976894
v 0.412449 0.490568 -0.156031
v 0.43908 0.473234 -0.148111
v 0.432423 0.636189 -0.24411
v 0.425162 0.638999 -0.244437
v 0.398474 0.761842 -0.0248835
v 0.37767 0.756106 0.0254835
v 0.381077 0.750762 0.0517811
v 0.355085 0.739478 0.105971
v 0.320806 0.724597 0.143189
v 0.234766 0.604663 0.158649
v 0.273035 0.434796 0.167995
v 0.283799 0.421694 0.133071
v 0.280714 0.417081 0.123946
v 0.232025 0.501954 0.0300496
v 0.230128 0.511723 0.0233887
v 0.318522 0.572496 -0.173719
v 0.358909 0.560212 -0.18274
v 0.412351 0.498846 -0.15612
v 0.459221 0.453286 -0.141979
v 0.480182 0.423992 -0.20836
v 0.460634 0.483567 -0.265826
v 0.454793 0.736672 -0.1269
v 0.451099 0.751432 -0.0813776
v 0.443124 0.75903 -0.0720597
v 0.434044 0.755478 -0.0603751
v 0.422014 0.747886 -0.0400338
v 0.333671 0.733574 0.123201
v 0.296541 0.695662 0.153858
v 0.270948 0.67469 0.14377
v 0.242901 0.624359 0.160271
v 0.251097 0.471954 0.0568358
v 0.186124 0.545815 -0.0254847
v 0.187571 0.612059 -0.135965
v 0.198404 0.609833 -0.151085
v 0.252701 0.59409 -0.171269
v 0.311834 0.577776 -0.172055
v 0.359699 0.560077 -0.179552
v 0.4017 0.507308 -0.150695
v 0.473665 0.437521 -0.169171
v 0.453131 0.520154 -0.271693
v 0.424837 0.572066 -0.269523
v 0.430357 0.611279 -0.24409
v 0.445345 0.686444 -0.198442
v 0.445539 0.696475 -0.194302
v 0.456446 0.749384 -0.104176
v 0.250352 0.639928 0.152446
v 0.290257 0.430095 0.129546
v 0.251281 0.474689 0.0679151
v 0.247677 0.473686 0.0511103
v 0.210007 0.508581 -0.00483478
v 0.172537 0.564442 -0.0513235
v 0.209197 0.597002 -0.154683
v 0.387215 0.513586 -0.155218
v 0.480914 0.438585 -0.180874
v 0.49063 0.454219 -0.197893
v 0.4742 0.480261 -0.253292
v 0.424347 0.678114 -0.202497
v 0.458395 0.745307 -0.11273
v 0.408698 0.763731 -0.0374458
v 0.377921 0.754226 0.037456
v 0.319018 0.714551 0.142879
v 0.220597 0.527038 0.189551
v 0.261558 0.444541 0.175976
v 0.274963 0.422755 0.159345
v 0.284082 0.430203 0.148421
v 0.282255 0.42288 0.115449
v 0.28543 0.430212 0.108974
v 0.198054 0.52789 -0.0166562
v 0.197561 0.519297 -0.0227717
v 0.179256 0.565637 -0.085544
v 0.193154 0.60642 -0.122622
v 0.305836 0.580213 -0.170376
v 0.424939 0.589409 -0.260481
v 0.389974 0.750764 0.007929
v 0.326874 0.711734 0.142938
v 0.219346 0.569096 0.173779
v 0.273295 0.437843 0.0872578
v 0.225746 0.520288 0.0157265
v 0.210442 0.523107 0.00560857
v 0.329604 0.565757 -0.17153
v 0.432189 0.542058 -0.277072
v 0.42991 0.620036 -0.24335
v 0.383393 0.743533 0.0669635
v 0.366266 0.741559 0.0954348
v 0.259017 0.651921 0.15419
v 0.24147 0.486577 0.191875
v 0.285417 0.430467 0.162873
v 0.427512 0.492936 -0.151647
v 0.464675 0.525937 -0.264221
v 0.434704 0.662682 -0.219046
v 0.463963 0.738389 -0.100846
v 0.39367 0.760128 -0.0180306
v 0.337307 0.722187 0.127054
v 0.311565 0.70766 0.141514
v 0.302673 0.691567 0.153332
v 0.293017 0.689547 0.156486
v 0.251733 0.621497 0.168452
v 0.27998 0.442907 0.169027
v 0.294335 0.435544 0.135369
v 0.294516 0.439856 0.112502
v 0.269014 0.462511 0.0733975
v 0.246949 0.4768 0.0472904
v 0.186181 0.59002 -0.103851
v 0.268491 0.588004 -0.170096
v 0.289424 0.583899 -0.168689
v 0.46444 0.456156 -0.147652
v 0.471018 0.456174 -0.161006
v 0.492054 0.448434 -0.216591
v 0.452581 0.745428 -0.0769275
v 0.428122 0.754074 -0.0531185
v 0.390994 0.756948 -0.0103821
v 0.341279 0.725677 0.120989
v 0.329981 0.716764 0.141467
v 0.236244 0.563922 0.18717
v 0.230007 0.545086 0.189773
v 0.235486 0.520245 0.194832
v 0.183631 0.545707 -0.0337018
v 0.197304 0.598401 -0.140172
v 0.456739 0.544586 -0.267584
v 0.438007 0.5982 -0.256852
v 0.437771 0.670625 -0.205869
v 0.433748 0.676995 -0.201714
v 0.448136 0.709519 -0.169537
v 0.444307 0.750988 -0.067824
v 0.399246 0.74844 -0.0150597
v 0.260171 0.635602 0.163408
v 0.251381 0.480948 0.19002
v 0.258942 0.471151 0.0689584
v 0.242765 0.485754 0.0321066
v 0.184226 0.534079 -0.0450112
v 0.200397 0.599481 -0.147393
v 0.230315 0.595704 -0.167178
v 0.327966 0.567212 -0.165157
v 0.406399 0.518002 -0.147416
v 0.493357 0.461011 -0.216516
v 0.439735 0.7281 -0.145669
v 0.440685 0.733074 -0.139613
v 0.239676 0.499092 0.19355
v 0.283162 0.444899 0.0844737
v 0.195841 0.596037 -0.12806
v 0.21996 0.594405 -0.161218
v 0.261663 0.578612 -0.166785
v 0.412037 0.510919 -0.146213
v 0.489188 0.461836 -0.191058
v 0.483137 0.475937 -0.241377
v 0.477906 0.492054 -0.250108
v 0.407207 0.74775 -0.0249882
v 0.267255 0.665786 0.146847
v 0.243602 0.603601 0.16365
v 0.298748 0.438216 0.120779
v 0.312099 0.567023 -0.163775
v 0.347182 0.559065 -0.169294
v 0.359393 0.555151 -0.165965
v 0.382939 0.541637 -0.16657
v 0.456865 0.461648 -0.14091
v 0.49838 0.472496 -0.211597
v 0.437696 0.611171 -0.245832
v 0.459631 0.727572 -0.130339
v 0.319984 0.70385 0.141973
v 0.275691 0.668874 0.146664
v 0.292444 0.442733 0.167599
v 0.24406 0.485455 0.0412077
v 0.244418 0.587757 -0.170785
v 0.449623 0.48559 -0.148871
v 0.489577 0.495898 -0.232247
v 0.464515 0.731335 -0.122508
v 0.314727 0.696884 0.144538
v 0.274134 0.456765 0.175712
v 0.285104 0.453104 0.0770288
v 0.270998 0.465621 0.0724501
v 0.266689 0.463033 0.0511893
v 0.238992 0.489859 0.0246615
v 0.232011 0.496102 0.0146895
v 0.219015 0.496964 0.00048053
v 0.178682 0.553659 -0.0742007
v 0.198314 0.588613 -0.119907
v 0.224445 0.583106 -0.154287
v 0.283937 0.565948 -0.162063
v 0.397316 0.533965 -0.158244
v 0.443417 0.543577 -0.273269
v 0.282276 0.674777 0.147408
v 0.266192 0.651248 0.158563
v 0.269686 0.504129 0.193972
v 0.258915 0.473728 0.186721
v 0.284203 0.468257 0.178569
v 0.305584 0.444774 0.133035
v 0.296928 0.442902 0.110168
v 0.272908 0.465918 0.0701105
v 0.184574 0.563693 -0.092605
v 0.370231 0.553132 -0.175408
v 0.454682 0.693614 -0.191016
v 0.236509 0.582917 0.178235
v 0.301552 0.447127 0.089313
v 0.264172 0.463818 0.0549926
v 0.255756 0.47485 0.0458198
v 0.190818 0.51503 -0.0533847
v 0.214411 0.586346 -0.149885
v 0.482615 0.471481 -0.172557
v 0.49599 0.471035 -0.201703
v 0.451153 0.611594 -0.248073
v 0.436832 0.630508 -0.241464
v 0.395755 0.748866 -0.00723299
v 0.352004 0.713399 0.124712
v 0.287895 0.670673 0.150023
v 0.253235 0.524189 0.197703
v 0.293541 0.440887 0.160565
v 0.296862 0.440899 0.146041
v 0.302181 0.446404 0.102922
v 0.291816 0.448073 0.0821357
v 0.218368 0.487799 -0.00581511
v 0.199683 0.509104 -0.0271262
v 0.184437 0.553518 -0.0870795
v 0.250402 0.571031 -0.157602
v 0.251926 0.576939 -0.16492
v 0.472749 0.477602 -0.14949
v 0.478774 0.452502 -0.174319
v 0.459276 0.560769 -0.26245
v 0.45263 0.585975 -0.257588
v 0.451957 0.644512 -0.234264
v 0.438473 0.678466 -0.199284
v 0.453492 0.688865 -0.195389
v 0.442426 0.720916 -0.155512
v 0.464714 0.738294 -0.107068
v 0.374277 0.743241 0.0858618
v 0.300064 0.68453 0.155559
v 0.286714 0.658364 0.156034
v 0.277241 0.641877 0.172472
v 0.305902 0.446725 0.117708
v 0.269528 0.462539 0.0493867
v 0.25692 0.474081 0.0438151
v 0.196489 0.584095 -0.113432
v 0.204527 0.577102 -0.122517
v 0.202345 0.58742 -0.135611
v 0.422709 0.504094 -0.152145
v 0.47782 0.521991 -0.250548
v 0.444315 0.593693 -0.257899
v 0.449021 0.669074 -0.208077
v 0.454155 0.700897 -0.177707
v 0.442335 0.74426 -0.0605646
v 0.370723 0.735972 0.094036
v 0.331622 0.702844 0.143235
v 0.243063 0.555505 0.192392
v 0.305559 0.445218 0.1265
v 0.185158 0.530481 -0.0657018
v 0.18472 0.539584 -0.0771573
v 0.194971 0.574069 -0.106358
v 0.371579 0.554984 -0.170791
v 0.420325 0.514425 -0.144399
v 0.442202 0.500738 -0.150244
v 0.458122 0.501621 -0.151135
v 0.482106 0.485151 -0.164981
v 0.491687 0.512482 -0.231651
v 0.459193 0.724358 -0.135516
v 0.467893 0.734036 -0.112376
v 0.337181 0.562061 -0.161284
v 0.381425 0.550596 -0.164467
v 0.50082 0.483576 -0.213792
v 0.466208 0.554196 -0.259808
v 0.458688 0.608572 -0.247205
v 0.46486 0.735226 -0.117557
v 0.37948 0.749958 0.0350715
v 0.378569 0.729752 0.0900089
v 0.307172 0.679676 0.15599
v 0.269167 0.628237 0.175941
v 0.26101 0.519858 0.197556
v 0.299328 0.454889 0.172106
v 0.296486 0.454811 0.0781794
v 0.277427 0.458466 0.0554701
v 0.241853 0.481261 0.0227449
v 0.370429 0.550828 -0.15998
v 0.492499 0.48985 -0.18229
v 0.335546 0.709548 0.140385
v 0.295083 0.66054 0.15556
v 0.254571 0.613235 0.166281
v 0.294021 0.47501 0.180167
v 0.306731 0.451432 0.152091
v 0.250463 0.476798 0.0343652
v 0.229169 0.481999 0.00517317
v 0.346614 0.559541 -0.160468
v 0.505225 0.511692 -0.214131
v 0.443001 0.623125 -0.239023
v 0.257975 0.593218 0.183816
v 0.246624 0.53917 0.1949
v 0.425653 0.511175 -0.147594
v 0.450482 0.678556 -0.198017
v 0.383659 0.746728 0.0256434
v 0.358471 0.729962 0.109111
v 0.301866 0.666116 0.155186
v 0.254332 0.605447 0.170558
v 0.285334 0.495908 0.189553
v 0.304939 0.469261 0.175261
v 0.308347 0.460956 0.165303
v 0.277173 0.464389 0.0678658
v 0.197379 0.504893 -0.0609141
v 0.191568 0.527485 -0.0785695
v 0.206726 0.564961 -0.115218
v 0.346401 0.557269 -0.162613
v 0.406371 0.536365 -0.155101
v 0.486892 0.495418 -0.168311
v 0.495803 0.48088 -0.192256
v 0.485456 0.541031 -0.238338
v 0.461966 0.689142 -0.191562
v 0.462399 0.71045 -0.161828
v 0.337626 0.702716 0.145101
v 0.219762 0.575653 -0.141774
v 0.295734 0.565654 -0.163176
v 0.386309 0.547542 -0.165919
v 0.418188 0.520596 -0.145274
v 0.386611 0.736338 0.0599625
v 0.348265 0.7083 0.130868
v 0.311261 0.684821 0.154477
v 0.316024 0.458771 0.152749
v 0.248926 0.471366 0.0263398
v 0.208382 0.584475 -0.141061
v 0.470306 0.502437 -0.152092
v 0.506861 0.503001 -0.210651
v 0.47542 0.564195 -0.250076
v 0.452672 0.631636 -0.233937
v 0.463863 0.700694 -0.172386
v 0.419061 0.734848 -0.0271486
v 0.384642 0.740707 0.0427139
v 0.258886 0.56296 0.195757
v 0.255938 0.552254 0.195834
v 0.201425 0.497535 -0.0389765
v 0.210522 0.569858 -0.125041
v 0.465976 0.57487 -0.254568
v 0.460377 0.619581 -0.242306
v 0.266632 0.613538 0.171035
v 0.31095 0.448346 0.0984951
v 0.265308 0.467727 0.0426278
v 0.19927 0.546381 -0.0976574
v 0.443419 0.524153 -0.141289
v 0.467093 0.479308 -0.145589
v 0.481389 0.498374 -0.152946
v 0.485921 0.500859 -0.157161
v 0.495122 0.529604 -0.226474
v 0.448028 0.673568 -0.202493
v 0.270506 0.598273 0.185218
v 0.244043 0.46731 0.013683
v 0.241208 0.465802 0.00567801
v 0.208131 0.489741 -0.0276508
v 0.205928 0.552882 -0.10639
v 0.273201 0.556173 -0.150339
v 0.283249 0.555476 -0.153475
v 0.327362 0.558123 -0.158416
v 0.43903 0.512525 -0.14911
v 0.46291 0.679797 -0.19379
v 0.399183 0.740396 -0.00086697
v 0.390969 0.732186 0.0360513
v 0.329072 0.689188 0.145907
v 0.323901 0.69276 0.144756
v 0.315035 0.67551 0.156328
v 0.283296 0.538278 0.19817
v 0.222079 0.476999 -0.009864
v 0.421679 0.533344 -0.147346
v 0.501357 0.507544 -0.195137
v 0.491537 0.548346 -0.228136
v 0.483947 0.565209 -0.235864
v 0.45999 0.641684 -0.23037
v 0.452745 0.655647 -0.226925
v 0.449057 0.743155 -0.0682712
v 0.437154 0.738545 -0.0485491
v 0.383752 0.731016 0.0810286
v 0.364607 0.715313 0.116336
v 0.289531 0.521237 0.196891
v 0.323018 0.457129 0.143828
v 0.29871 0.456986 0.0764572
v 0.275156 0.462029 0.044415
v 0.191933 0.541657 -0.0890692
v 0.243218 0.569389 -0.151433
v 0.333194 0.550207 -0.152943
v 0.508433 0.521956 -0.207384
v 0.291391 0.454191 0.0583618
v 0.2924 0.557353 -0.157304
v 0.462751 0.637847 -0.230066
v 0.474758 0.724302 -0.116685
v 0.409131 0.73713 -0.0178807
v 0.341197 0.698794 0.145381
v 0.461247 0.699506 -0.174931
v 0.470671 0.717669 -0.135782
v 0.470749 0.730798 -0.108184
v 0.293531 0.653616 0.159383
v 0.277577 0.633527 0.178264
v 0.292243 0.627082 0.180191
v 0.275203 0.559542 0.198491
v 0.292104 0.506592 0.191548
v 0.329754 0.463391 0.150112
v 0.323231 0.452595 0.105923
v 0.220673 0.555363 -0.121715
v 0.389088 0.546244 -0.151781
v 0.396434 0.546248 -0.156923
v 0.472282 0.594196 -0.24195
v 0.467174 0.607038 -0.241838
v 0.468764 0.660497 -0.217467
v 0.467078 0.688752 -0.189056
v 0.453877 0.740319 -0.0740522
v 0.389453 0.729118 0.0663024
v 0.327797 0.675884 0.153825
v 0.314545 0.486443 0.180807
v 0.322116 0.455362 0.128376
v 0.304865 0.451814 0.0828708
v 0.270193 0.46493 0.0463215
v 0.202747 0.513965 -0.0790857
v 0.219721 0.538636 -0.108553
v 0.332047 0.548284 -0.150647
v 0.414339 0.53829 -0.14955
v 0.471171 0.513934 -0.152777
v 0.475518 0.705112 -0.161563
v 0.463697 0.719333 -0.141686
v 0.288525 0.636446 0.177907
v 0.306557 0.492075 0.186968
v 0.321786 0.474394 0.16494
v 0.304212 0.456568 0.0754151
v 0.286656 0.455082 0.0510536
v 0.493463 0.516632 -0.161131
v 0.494939 0.51101 -0.173942
v 0.509747 0.529849 -0.208969
v 0.471995 0.653491 -0.222675
v 0.47145 0.723341 -0.124017
v 0.401816 0.729985 0.00714044
v 0.39295 0.728029 0.0431147
v 0.386645 0.729891 0.0759303
v 0.320953 0.669638 0.156789
v 0.287526 0.611442 0.179202
v 0.297436 0.458084 0.0708973
v 0.211924 0.527262 -0.0963643
v 0.311468 0.549608 -0.150394
v 0.371481 0.550895 -0.154511
v 0.316368 0.451789 0.0916337
v 0.284 0.459044 0.0487611
v 0.224422 0.47084 -0.0210699
v 0.226969 0.554743 -0.125912
v 0.433282 0.522322 -0.141158
v 0.454532 0.524381 -0.147367
v 0.5048 0.548407 -0.21332
v 0.463954 0.653531 -0.225392
v 0.467645 0.669764 -0.202821
v 0.446255 0.734403 -0.055648
v 0.302657 0.638861 0.174843
v 0.275319 0.619535 0.17295
v 0.474248 0.6257 -0.232349
v 0.459805 0.727916 -0.0729117
v 0.316431 0.493782 0.184684
v 0.317651 0.453737 0.082439
v 0.304333 0.450562 0.0578642
v 0.214362 0.512161 -0.0861968
v 0.234409 0.569283 -0.145342
v 0.405237 0.543937 -0.150109
v 0.498478 0.552195 -0.220532
v 0.468548 0.674444 -0.196331
v 0.380877 0.721143 0.094843
v 0.346101 0.690491 0.145434
v 0.291775 0.602496 0.185909
v 0.327061 0.488756 0.174615
v 0.238768 0.462596 -0.00625329
v 0.212933 0.48022 -0.0383398
v 0.292651 0.548178 -0.144626
v 0.355104 0.553291 -0.153792
v 0.432948 0.539707 -0.143846
v 0.486402 0.513509 -0.156307
v 0.40675 0.730824 -0.00704928
v 0.355362 0.698792 0.132956
v 0.279226 0.578911 0.194927
v 0.333833 0.473364 0.15828
v 0.324488 0.547752 -0.147277
v 0.502762 0.522407 -0.187091
v 0.509119 0.540446 -0.201369
v 0.506913 0.561312 -0.210584
v 0.475413 0.61555 -0.23168
v 0.475969 0.645726 -0.222288
v 0.471783 0.696574 -0.172409
v 0.47415 0.711754 -0.145466
v 0.393364 0.733194 0.0236756
v 0.320679 0.664301 0.15905
v 0.308726 0.64979 0.164253
v 0.321781 0.628931 0.182495
v 0.29708 0.590697 0.192057
v 0.299329 0.562042 0.198201
v 0.312138 0.51 0.190697
v 0.321561 0.453517 0.0774741
v 0.301688 0.453904 0.0506383
v 0.2127 0.482497 -0.0467436
v 0.23433 0.560826 -0.13589
v 0.415382 0.543248 -0.145485
v 0.469121 0.626769 -0.235757
v 0.469553 0.729388 -0.0980179
v 0.29326 0.615464 0.178664
v 0.32266 0.495779 0.181367
v 0.206994 0.496805 -0.0671427
v 0.300002 0.549241 -0.148037
v 0.503169 0.533203 -0.178325
v 0.47215 0.688039 -0.18571
v 0.427525 0.726355 -0.0306855
v 0.352837 0.691608 0.142096
v 0.348428 0.689074 0.147224
v 0.310999 0.531192 0.197617
v 0.316709 0.524084 0.195226
v 0.342331 0.47231 0.149406
v 0.339626 0.466756 0.140654
v 0.266817 0.45599 0.0226488
v 0.269446 0.554025 -0.145216
v 0.37182 0.551391 -0.151426
v 0.400106 0.544344 -0.144831
v 0.478502 0.591613 -0.235005
v 0.413019 0.723736 -0.00933672
v 0.334601 0.460195 0.128741
v 0.303958 0.451348 0.0546392
v 0.393191 0.717315 0.0772822
v 0.36397 0.702342 0.125225
v 0.247587 0.554529 -0.135655
v 0.351251 0.547008 -0.147667
v 0.384585 0.549168 -0.149076
v 0.497653 0.529972 -0.163924
v 0.329867 0.453271 0.0895752
v 0.277259 0.45368 0.0199817
v 0.232188 0.467052 -0.034702
v 0.456309 0.535146 -0.141681
v 0.47722 0.661256 -0.215816
v 0.482687 0.701087 -0.158594
v 0.476525 0.714915 -0.13087
v 0.467262 0.724362 -0.0857768
v 0.295383 0.580331 0.195637
v 0.292966 0.547552 0.198648
v 0.333886 0.499027 0.177097
v 0.350789 0.468492 0.132365
v 0.29708 0.454268 0.0384972
v 0.283243 0.455077 0.0322205
v 0.255087 0.456174 -0.00383767
v 0.236839 0.463311 -0.0246837
v 0.227213 0.523453 -0.101707
v 0.320508 0.545986 -0.143134
v 0.392094 0.551339 -0.145549
v 0.466536 0.534729 -0.148797
v 0.490864 0.535993 -0.159177
v 0.499096 0.596819 -0.214597
v 0.476923 0.675397 -0.193721
v 0.471694 0.67934 -0.190895
v 0.473595 0.696066 -0.170985
v 0.456917 0.723702 -0.065284
v 0.39795 0.717568 0.0409503
v 0.342712 0.680517 0.149444
v 0.345662 0.462916 0.121906
v 0.233227 0.537952 -0.115687
v 0.34714 0.546405 -0.146075
v 0.482946 0.525954 -0.155878
v 0.509924 0.552002 -0.202709
v 0.494021 0.571149 -0.223715
v 0.480117 0.686966 -0.17915
v 0.483005 0.70498 -0.14434
v 0.395913 0.717883 0.0652331
v 0.38323 0.72462 0.0885984
v 0.381776 0.705469 0.107904
v 0.366396 0.687019 0.133664
v 0.338355 0.669933 0.154936
v 0.320168 0.637361 0.174824
v 0.322548 0.451857 0.071869
v 0.319704 0.449175 0.0618869
v 0.225829 0.511421 -0.091801
v 0.360116 0.547579 -0.144582
v 0.373176 0.550277 -0.146436
v 0.424586 0.544558 -0.142603
v 0.479732 0.638429 -0.223579
v 0.407817 0.721215 0.00328004
v 0.356028 0.681972 0.147942
v 0.332352 0.655628 0.164256
v 0.312555 0.626807 0.183346
v 0.333763 0.4565 0.106548
v 0.298274 0.454638 0.044216
v 0.236605 0.543548 -0.121707
v 0.409691 0.545239 -0.140061
v 0.479005 0.715587 -0.115495
v 0.342231 0.650907 0.166104
v 0.26764 0.455858 -0.0127821
v 0.282938 0.545675 -0.138474
v 0.381216 0.551544 -0.145485
v 0.436727 0.542821 -0.143482
v 0.485334 0.628715 -0.217534
v 0.48521 0.660152 -0.212901
v 0.482195 0.665474 -0.208091
v 0.39115 0.71449 0.086281
v 0.316485 0.566104 0.197195
v 0.348403 0.488593 0.161985
v 0.339938 0.454088 0.0893913
v 0.248301 0.53904 -0.122231
v 0.360607 0.550114 -0.143745
v 0.474341 0.726092 -0.108952
v 0.309068 0.610289 0.182536
v 0.332671 0.527213 0.188998
v 0.303931 0.543256 -0.138537
v 0.45042 0.535866 -0.140592
v 0.309579 0.616962 0.181677
v 0.318572 0.604262 0.183378
v 0.341464 0.507712 0.176723
v 0.346514 0.480404 0.156903
v 0.287578 0.452884 0.0176737
v 0.266748 0.455488 -0.00315296
v 0.225754 0.497465 -0.0793173
v 0.26957 0.547909 -0.136741
v 0.49094 0.604209 -0.22038
v 0.488462 0.648438 -0.206702
v 0.483929 0.648194 -0.216775
v 0.443519 0.727201 -0.0495363
v 0.401432 0.716775 0.0295583
v 0.37191 0.688871 0.127192
v 0.318616 0.535778 0.196873
v 0.347364 0.459538 0.10473
v 0.222031 0.477096 -0.0519644
v 0.403164 0.553143 -0.142213
v 0.500879 0.541478 -0.167534
v 0.507895 0.549434 -0.186189
v 0.32439 0.622428 0.183732
v 0.361883 0.485452 0.147768
v 0.360258 0.473344 0.132281
v 0.306181 0.45363 0.0390489
v 0.242636 0.519964 -0.105379
v 0.380631 0.552372 -0.143323
v 0.417452 0.547025 -0.138717
v 0.443413 0.549164 -0.143312
v 0.410844 0.70618 0.0239146
v 0.405237 0.70351 0.0430578
v 0.401275 0.705079 0.0608438
v 0.330269 0.643403 0.169717
v 0.329662 0.550609 0.194158
v 0.33824 0.450152 0.072784
v 0.276773 0.455128 -0.00416727
v 0.32212 0.544742 -0.140567
v 0.475139 0.545806 -0.150642
v 0.504408 0.59504 -0.206028
v 0.415383 0.708814 0.00971323
v 0.350238 0.535905 0.182163
v 0.353478 0.460063 0.100554
v 0.324868 0.450556 0.0568875
v 0.243978 0.465844 -0.0383632
v 0.487922 0.672009 -0.197155
v 0.480996 0.710528 -0.124075
v 0.436988 0.717542 -0.0363478
v 0.356111 0.667592 0.151847
v 0.340951 0.523346 0.183996
v 0.28972 0.542112 -0.134659
v 0.349027 0.547982 -0.141988
v 0.461992 0.54458 -0.142724
v 0.49588 0.616198 -0.210899
v 0.492763 0.676266 -0.186135
v 0.480639 0.709844 -0.110391
v 0.477623 0.71439 -0.10214
v 0.343918 0.633384 0.173471
v 0.333761 0.62187 0.18174
v 0.34401 0.548146 0.187122
v 0.30087 0.453976 0.0262315
v 0.299586 0.45614 0.0176894
v 0.256521 0.464599 -0.0333593
v 0.239288 0.511097 -0.0958963
v 0.270767 0.533873 -0.120854
v 0.274004 0.538314 -0.126444
v 0.333174 0.543475 -0.137607
v 0.449538 0.554588 -0.144345
v 0.500658 0.609241 -0.205447
v 0.489185 0.663029 -0.205857
v 0.489636 0.683608 -0.175573
v 0.439012 0.710882 -0.0328831
v 0.32353 0.577665 0.191333
v 0.333944 0.449593 0.0666029
v 0.240453 0.481303 -0.061598
v 0.252468 0.51675 -0.104374
v 0.302904 0.539899 -0.131642
v 0.470695 0.716672 -0.0835845
v 0.421401 0.716438 -0.0119364
v 0.319961 0.452973 0.0458256
v 0.243848 0.499996 -0.0848771
v 0.42729 0.551491 -0.139767
v 0.4884 0.559496 -0.158689
v 0.504075 0.570225 -0.177562
v 0.485894 0.69356 -0.165624
v 0.366122 0.481942 0.135503
v 0.249351 0.490325 -0.071901
v 0.317955 0.541308 -0.134085
v 0.382773 0.554469 -0.141325
v 0.497193 0.56202 -0.16677
v 0.506669 0.590686 -0.199509
v 0.375477 0.679355 0.12946
v 0.329955 0.603423 0.182837
v 0.357645 0.500409 0.164226
v 0.349298 0.455937 0.0814974
v 0.468244 0.552017 -0.146503
v 0.509261 0.573612 -0.194899
v 0.452765 0.711108 -0.0557829
v 0.43023 0.706121 -0.0113953
v 0.362747 0.678987 0.146062
v 0.364505 0.498826 0.155831
v 0.250799 0.512148 -0.0991937
v 0.491627 0.644009 -0.201479
v 0.398651 0.701552 0.0846878
v 0.377355 0.665264 0.136952
v 0.329872 0.582466 0.18757
v 0.339506 0.563975 0.188006
v 0.365441 0.474154 0.120258
v 0.277969 0.460645 -0.0124914
v 0.264922 0.484669 -0.0593931
v 0.353039 0.546152 -0.137241
v 0.401795 0.699298 0.0744694
v 0.339599 0.452819 0.0647871
v 0.394057 0.699428 0.0981514
v 0.3969 0.682721 0.106283
v 0.366947 0.660045 0.148378
v 0.369437 0.489268 0.139124
v 0.333618 0.453644 0.0532266
v 0.296692 0.456682 0.00740177
v 0.28826 0.534014 -0.121405
v 0.395266 0.554502 -0.141409
v 0.494665 0.674701 -0.185465
v 0.488322 0.696676 -0.153859
v 0.387682 0.690528 0.113687
v 0.360712 0.464012 0.0944499
v 0.318347 0.454972 0.0366686
v 0.262079 0.514016 -0.105949
v 0.284441 0.528435 -0.115635
v 0.467011 0.561593 -0.149661
v 0.504094 0.583218 -0.180053
v 0.473307 0.70629 -0.0833681
v 0.344933 0.58762 0.18175
v 0.365449 0.511766 0.162897
v 0.259298 0.474142 -0.0457856
v 0.323084 0.541161 -0.130435
v 0.485247 0.568425 -0.158605
v 0.366657 0.551797 -0.140088
v 0.421315 0.556141 -0.140714
v 0.456437 0.570972 -0.146677
v 0.478657 0.706182 -0.0954302
v 0.348944 0.627181 0.174236
v 0.34514 0.456558 0.0568458
v 0.492288 0.663926 -0.192365
v 0.266642 0.489855 -0.0676257
v 0.272431 0.515459 -0.108258
v 0.308123 0.535252 -0.121711
v 0.360158 0.550191 -0.135535
v 0.504855 0.592604 -0.186287
v 0.493242 0.683255 -0.165186
v 0.38646 0.669644 0.124039
v 0.352075 0.553341 0.180844
v 0.363068 0.463804 0.0846617
v 0.325301 0.45826 0.0357577
v 0.261658 0.506462 -0.0953486
v 0.273564 0.509577 -0.0927094
v 0.321826 0.537655 -0.123195
v 0.343643 0.545624 -0.130967
v 0.502564 0.60476 -0.190934
v 0.483286 0.698416 -0.108652
v 0.486059 0.699714 -0.136204
v 0.404588 0.682025 0.0913937
v 0.356803 0.612014 0.172729
v 0.347926 0.570913 0.182004
v 0.368409 0.474561 0.105918
v 0.266755 0.514355 -0.10471
v 0.285354 0.516111 -0.111891
v 0.271412 0.522478 -0.109779
v 0.300807 0.531012 -0.117321
v 0.373963 0.541166 -0.134711
v 0.405017 0.559291 -0.138833
v 0.429695 0.562097 -0.139791
v 0.37068 0.499405 0.143958
v 0.294417 0.469052 -0.00786687
v 0.283623 0.517277 -0.104033
v 0.373789 0.551489 -0.137199
v 0.442951 0.559541 -0.143144
v 0.482825 0.578223 -0.160005
v 0.495954 0.577576 -0.168611
v 0.502039 0.59467 -0.179066
v 0.493461 0.640154 -0.196804
v 0.495729 0.678069 -0.170544
v 0.490562 0.689865 -0.147859
v 0.43233 0.696173 -0.0020102
v 0.419316 0.687964 0.0334205
v 0.35919 0.625619 0.169711
v 0.351984 0.598167 0.176399
v 0.354265 0.541794 0.179036
v 0.36653 0.518042 0.16328
v 0.447759 0.700823 -0.0386289
v 0.363058 0.645241 0.161431
v 0.309416 0.470275 0.00913544
v 0.296402 0.473009 -0.0155103
v 0.282152 0.47534 -0.031441
v 0.270117 0.496581 -0.085263
v 0.328092 0.537074 -0.121226
v 0.398166 0.559354 -0.137784
v 0.499971 0.612702 -0.191405
v 0.383911 0.660621 0.131467
v 0.377414 0.651844 0.141907
v 0.373042 0.504621 0.137572
v 0.353865 0.458137 0.0695424
v 0.260117 0.502101 -0.0886567
v 0.297368 0.523923 -0.111311
v 0.312009 0.527985 -0.115981
v 0.353511 0.547118 -0.131373
v 0.45104 0.565865 -0.144748
v 0.40874 0.681478 0.0711933
v 0.382428 0.638664 0.14157
v 0.374349 0.485476 0.111914
v 0.299522 0.466144 -0.00359951
v 0.281132 0.514353 -0.097218
v 0.389108 0.55433 -0.13718
v 0.416282 0.558615 -0.139727
v 0.472263 0.573096 -0.153414
v 0.464404 0.697037 -0.0658716
v 0.425568 0.681921 0.0256021
v 0.322008 0.463477 0.0260093
v 0.275641 0.485568 -0.0582313
v 0.297244 0.519374 -0.114105
v 0.49256 0.678711 -0.140576
v 0.476977 0.697964 -0.0862192
v 0.456646 0.691938 -0.0496518
v 0.36904 0.614579 0.164099
v 0.360553 0.553763 0.1719
v 0.371115 0.485451 0.119483
v 0.326252 0.534258 -0.119107
v 0.341859 0.541413 -0.127294
v 0.347126 0.542298 -0.127762
v 0.502626 0.604445 -0.183004
v 0.501186 0.611958 -0.184857
v 0.491822 0.685181 -0.145578
v 0.367617 0.552441 0.164447
v 0.367212 0.530262 0.161384
v 0.320505 0.475418 0.0172249
v 0.296624 0.518806 -0.104305
v 0.293024 0.518656 -0.107531
v 0.481309 0.583389 -0.158264
v 0.492571 0.590566 -0.169871
v 0.494865 0.633964 -0.186877
v 0.412547 0.683229 0.0543882
v 0.406654 0.668085 0.0962243
v 0.374931 0.629656 0.15421
v 0.287691 0.480108 -0.0354132
v 0.281584 0.487817 -0.065352
v 0.311921 0.521688 -0.118863
v 0.482951 0.695201 -0.102553
v 0.358054 0.462271 0.067933
v 0.332916 0.474227 0.0310553
v 0.308178 0.468883 0.00246731
v 0.374205 0.552567 -0.130765
v 0.494577 0.658885 -0.178365
v 0.413266 0.674709 0.0637099
v 0.35967 0.589052 0.171482
v 0.361257 0.578691 0.170377
v 0.365022 0.568324 0.167403
v 0.37357 0.525761 0.15053
v 0.366757 0.469293 0.0846171
v 0.350722 0.462985 0.0551066
v 0.332841 0.466175 0.0355125
v 0.288771 0.508552 -0.0869435
v 0.442126 0.567542 -0.141567
v 0.373052 0.483531 0.0983354
v 0.293827 0.478996 -0.0288215
v 0.27803 0.48938 -0.0727171
v 0.33225 0.529309 -0.124227
v 0.396001 0.556397 -0.134139
v 0.452555 0.571665 -0.145054
v 0.464013 0.579269 -0.151062
v 0.500325 0.622505 -0.180355
v 0.495874 0.653762 -0.167026
v 0.495771 0.661878 -0.169298
v 0.396082 0.660632 0.116119
v 0.472685 0.68455 -0.0772837
v 0.377089 0.503001 0.130128
v 0.289397 0.481957 -0.0431929
v 0.291169 0.484074 -0.05531
v 0.350121 0.537104 -0.123335
v 0.367003 0.548544 -0.127001
v 0.376254 0.551666 -0.132635
v 0.489129 0.593579 -0.165276
v 0.442488 0.692907 -0.0206444
v 0.417084 0.665177 0.0592539
v 0.371262 0.48074 0.0859224
v 0.285994 0.48097 -0.0598444
v 0.280507 0.486105 -0.0729824
v 0.303469 0.512245 -0.0937053
v 0.314494 0.525761 -0.109058
v 0.349701 0.535056 -0.120165
v 0.476221 0.59323 -0.159461
v 0.484246 0.606935 -0.165235
v 0.307913 0.518551 -0.101176
v 0.315873 0.524158 -0.11511
v 0.418419 0.564546 -0.136277
v 0.498238 0.63264 -0.176119
v 0.493481 0.670577 -0.142749
v 0.370283 0.56065 0.15491
v 0.37624 0.50799 0.123104
v 0.314393 0.486185 -0.00997137
v 0.482813 0.688766 -0.0986596
v 0.374899 0.597838 0.156989
v 0.319788 0.477492 0.00925847
v 0.289476 0.478432 -0.0511933
v 0.330057 0.533044 -0.111919
v 0.435503 0.567223 -0.139191
v 0.448429 0.678917 -0.024675
v 0.410909 0.657635 0.0881025
v 0.33849 0.485905 0.0309786
v 0.329092 0.532898 -0.107595
v 0.494959 0.621011 -0.171902
v 0.489887 0.671354 -0.119385
v 0.404578 0.653141 0.105488
v 0.368126 0.572454 0.162019
v 0.365136 0.475127 0.0704796
v 0.357159 0.476554 0.0547233
v 0.359641 0.484009 0.0553038
v 0.4494 0.574586 -0.141632
v 0.470275 0.593003 -0.150689
v 0.430717 0.678027 0.0154526
v 0.377133 0.546042 0.137348
v 0.333129 0.484152 0.0208838
v 0.320449 0.484543 0.00247035
v 0.307295 0.484078 -0.019373
v 0.290279 0.477355 -0.0402033
v 0.34797 0.547603 -0.110883
v 0.391909 0.55904 -0.128594
v 0.420729 0.567026 -0.134064
v 0.497697 0.632046 -0.171612
v 0.49427 0.658187 -0.14491
v 0.383788 0.621139 0.143978
v 0.376672 0.508058 0.116189
v 0.37634 0.496645 0.102546
v 0.371614 0.485734 0.0771807
v 0.299953 0.496226 -0.0509803
v 0.30162 0.509815 -0.0778789
v 0.310829 0.512454 -0.0926508
v 0.320061 0.519959 -0.0990641
v 0.409786 0.566632 -0.131992
v 0.46171 0.581238 -0.147142
v 0.486301 0.615726 -0.163583
v 0.464265 0.678493 -0.0596258
v 0.423497 0.661717 0.042572
v 0.397661 0.630553 0.120871
v 0.383852 0.580747 0.140305
v 0.349751 0.494726 0.0424206
v 0.365426 0.541302 -0.119078
v 0.471112 0.673994 -0.0747422
v 0.439992 0.667567 0.00464963
v 0.383081 0.604476 0.145707
v 0.304711 0.504857 -0.0688941
v 0.329282 0.530285 -0.104129
v 0.489703 0.628189 -0.158352
v 0.454215 0.671618 -0.0306319
v 0.382765 0.562337 0.135149
v 0.333491 0.499899 0.00554739
v 0.29961 0.482784 -0.0377486
v 0.314309 0.509975 -0.0887234
v 0.347818 0.547164 -0.107981
v 0.46068 0.586766 -0.144386
v 0.490697 0.635301 -0.152064
v 0.496738 0.641967 -0.164765
v 0.490815 0.665536 -0.12112
v 0.48131 0.677421 -0.0943254
v 0.402388 0.628955 0.111283
v 0.379197 0.508109 0.102616
v 0.375482 0.491757 0.0885577
v 0.318693 0.490496 -0.0167872
v 0.315209 0.491408 -0.0241866
v 0.313742 0.504156 -0.0380172
v 0.432095 0.575287 -0.134727
v 0.487065 0.666901 -0.109298
v 0.469302 0.66969 -0.0714958
v 0.436006 0.662006 0.0154729
v 0.410939 0.645626 0.0917071
v 0.396531 0.617919 0.121966
v 0.38152 0.531822 0.120483
v 0.375002 0.504214 0.0812733
v 0.336875 0.532136 -0.103534
v 0.37234 0.554533 -0.115458
v 0.380006 0.549088 -0.11922
v 0.408455 0.561391 -0.124163
v 0.479498 0.608495 -0.153618
v 0.446319 0.664424 -0.0123882
v 0.427619 0.655304 0.0330025
v 0.417897 0.651294 0.0617694
v 0.368428 0.495555 0.067517
v 0.356531 0.504318 0.0503994
v 0.33288 0.496337 0.0109396
v 0.323859 0.515488 -0.0976426
v 0.388424 0.550375 -0.123056
v 0.413476 0.569062 -0.129773
v 0.442127 0.584457 -0.13468
v 0.443371 0.580038 -0.139233
v 0.463129 0.665858 -0.0600784
v 0.444385 0.660773 -0.0128338
v 0.346046 0.494981 0.0326937
v 0.320231 0.506269 -0.0265608
v 0.390464 0.594634 0.129264
v 0.385814 0.557363 0.120794
v 0.38269 0.526245 0.105311
v 0.357573 0.519024 0.037142
v 0.304916 0.50057 -0.0561664
v 0.431454 0.578817 -0.128613
v 0.464407 0.602085 -0.140379
v 0.483977 0.619742 -0.151018
v 0.486251 0.632942 -0.136907
v 0.487248 0.657312 -0.113571
v 0.478672 0.663844 -0.0914507
v 0.437555 0.652012 -0.00998386
v 0.426729 0.647254 0.0152821
v 0.420561 0.646406 0.0471672
v 0.338258 0.503296 0.00441054
v 0.377689 0.559799 -0.11274
v 0.378314 0.559617 -0.114495
v 0.479183 0.610427 -0.146776
v 0.45561 0.658267 -0.0529698
v 0.413783 0.637045 0.0742702
v 0.408133 0.625532 0.0907115
v 0.402309 0.612557 0.10135
v 0.392081 0.577986 0.112827
v 0.381135 0.523085 0.0904941
v 0.376976 0.525835 0.0802954
v 0.360786 0.518218 0.0455191
v 0.399308 0.555949 -0.120467
v 0.385322 0.532336 0.105288
v 0.481482 0.615813 -0.14547
v 0.448706 0.654305 -0.0399261
v 0.41852 0.638994 0.0423997
v 0.337442 0.523103 -0.102445
v 0.488599 0.643087 -0.131731
v 0.489795 0.652 -0.127429
v 0.482664 0.659101 -0.0998603
v 0.414082 0.629909 0.0554096
v 0.316663 0.49017 -0.0728141
v 0.311262 0.501142 -0.0745696
v 0.398917 0.57108 -0.113145
v 0.383656 0.539018 0.0919486
v 0.376596 0.533883 0.0731599
v 0.372045 0.533874 0.053667
v 0.324599 0.509381 -0.0251632
v 0.310681 0.497757 -0.0592973
v 0.374337 0.553103 -0.108908
v 0.414511 0.567133 -0.11888
v 0.425493 0.571687 -0.122433
v 0.479842 0.622995 -0.132575
v 0.479295 0.647584 -0.10118
v 0.436241 0.646113 -0.0062108
v 0.406242 0.611203 0.0745659
v 0.394887 0.593907 0.116898
v 0.353925 0.517453 0.0273245
v 0.336013 0.50346 -0.00156428
v 0.319108 0.5019 -0.0870153
v 0.48129 0.633447 -0.120946
v 0.387635 0.557101 0.09539
v 0.355975 0.519156 0.0206252
v 0.361106 0.546121 -0.107429
v 0.473587 0.65213 -0.0887483
v 0.449297 0.651955 -0.0400316
v 0.399205 0.591603 0.0815543
v 0.337876 0.519714 -0.00954588
v 0.325645 0.497996 -0.0904708
v 0.464021 0.65168 -0.0687324
v 0.42179 0.640169 0.0290593
v 0.383784 0.546509 0.0810015
v 0.36801 0.531681 0.0412884
v 0.343731 0.516012 0.00255716
v 0.317289 0.487818 -0.0663086
v 0.389296 0.561827 -0.107716
v 0.440763 0.582773 -0.120791
v 0.478388 0.62514 -0.120648
v 0.479895 0.633202 -0.11235
v 0.477343 0.643645 -0.0959659
v 0.430546 0.632768 0.020835
v 0.390989 0.565092 0.0762327
v 0.348932 0.52751 0.00356301
v 0.41541 0.576388 -0.113029
v 0.457705 0.648865 -0.0515407
v 0.439092 0.641759 -0.00298535
v 0.408122 0.608725 0.0664949
v 0.397865 0.581712 0.0660168
v 0.325079 0.503118 -0.0287085
v 0.319648 0.4972 -0.0408235
v 0.452178 0.59474 -0.12841
v 0.469763 0.61253 -0.122382
v 0.417336 0.621396 0.0480215
v 0.381753 0.547109 0.0600669
v 0.348758 0.530508 -0.000516688
v 0.334165 0.514662 -0.0154033
v 0.347084 0.516535 -0.104208
v 0.412717 0.580569 -0.107626
v 0.465947 0.645708 -0.0685612
v 0.448749 0.642916 -0.0239905
v 0.420868 0.630396 0.0389429
v 0.367654 0.529596 0.0306875
v 0.332544 0.507508 -0.0181482
v 0.327581 0.490091 -0.0898957
v 0.40295 0.589397 0.061716
v 0.377855 0.542338 0.0497129
v 0.319642 0.485254 -0.07823
v 0.338086 0.505802 -0.0996317
v 0.365716 0.533791 -0.108078
v 0.439254 0.582383 -0.116804
v 0.47216 0.640006 -0.0838748
v 0.439153 0.636648 -0.00146592
v 0.387639 0.558988 0.0571386
v 0.360131 0.54055 0.0119866
v 0.356559 0.537956 0.00389324
v 0.379457 0.545344 -0.108045
v 0.468505 0.611227 -0.111703
v 0.473989 0.630815 -0.0956906
v 0.461108 0.642846 -0.0507889
v 0.41142 0.605346 0.0562174
v 0.343362 0.521688 -0.0064367
v 0.396937 0.561225 -0.105195
v 0.40892 0.576943 -0.103733
v 0.472473 0.620761 -0.106808
v 0.467254 0.638631 -0.0650967
v 0.454719 0.640759 -0.0367747
v 0.440334 0.632785 -0.0127177
v 0.42782 0.624425 0.0292095
v 0.400323 0.578095 0.0540228
v 0.387698 0.552559 0.0482705
v 0.320138 0.48724 -0.0544943
v 0.320331 0.47523 -0.0765589
v 0.326967 0.474561 -0.0883339
v 0.453171 0.596401 -0.107178
v 0.456561 0.596267 -0.114151
v 0.450832 0.633707 -0.0431379
v 0.422997 0.616609 0.0391327
v 0.412315 0.599109 0.0510131
v 0.380657 0.542178 0.0415742
v 0.372677 0.550857 0.0202268
v 0.438304 0.62206 -0.0482681
v 0.4723 0.632925 -0.0798619
v 0.327063 0.462762 -0.0833401
v 0.415667 0.579386 -0.0965111
v 0.431918 0.618431 -0.0439089
v 0.424569 0.620201 -0.022701
v 0.382143 0.562459 0.0204302
v 0.36835 0.548258 0.0100956
v 0.362075 0.540385 0.00613084
v 0.338066 0.489933 -0.0971346
v 0.473166 0.612276 -0.101534
v 0.47026 0.622347 -0.0871988
v 0.428587 0.621812 -0.0333047
v 0.419047 0.61302 -0.0133158
v 0.40433 0.596536 0.00742304
v 0.345433 0.520221 -0.00333407
v 0.329031 0.496515 -0.028027
v 0.364907 0.518604 -0.108852
v 0.384068 0.53854 -0.109647
v 0.386564 0.571377 0.0129984
v 0.323682 0.462416 -0.0732868
v 0.377456 0.504932 -0.111422
v 0.421639 0.583026 -0.0938624
v 0.43283 0.611324 -0.0589665
v 0.331065 0.484305 -0.0330241
v 0.347151 0.476655 -0.101673
v 0.410956 0.559527 -0.102715
v 0.428992 0.596987 -0.0775643
v 0.414368 0.606363 -0.00801127
v 0.400314 0.590457 0.00703838
v 0.336466 0.499068 -0.0147966
v 0.323002 0.474994 -0.0538715
v 0.429831 0.60994 -0.0484238
v 0.323609 0.453189 -0.0840569
v 0.336548 0.466071 -0.0954031
v 0.361295 0.498356 -0.10718
v 0.423457 0.612491 -0.0253436
v 0.319678 0.455444 -0.0675628
v 0.307993 0.418969 -0.0973001
v 0.361615 0.535956 0.00926413
v 0.322665 0.465251 -0.0607177
v 0.427163 0.58992 -0.0788151
v 0.413763 0.602565 -0.00743026
v 0.336454 0.489744 -0.0177904
v 0.318183 0.455033 -0.0567578
v 0.301297 0.432549 -0.0595337
v 0.322106 0.424863 -0.11297
v 0.350698 0.467262 -0.10543
v 0.421908 0.580847 -0.0906757
v 0.397076 0.549476 -0.107508
v 0.427393 0.611344 -0.03815
v 0.422824 0.60983 -0.0241683
v 0.405558 0.593726 0.00184471
v 0.323487 0.464826 -0.0525308
v 0.310869 0.412476 -0.102912
v 0.336898 0.433278 -0.120364
v 0.375439 0.491895 -0.111074
v 0.299008 0.418136 -0.0611236
v 0.304967 0.407518 -0.088259
v 0.348019 0.456581 -0.11012
v 0.39387 0.523204 -0.112943
v 0.430642 0.604278 -0.0603408
v 0.371204 0.547022 0.0123369
v 0.321062 0.414179 -0.111602
v 0.333267 0.424104 -0.120059
v 0.42148 0.606776 -0.0158463
v 0.333307 0.479996 -0.0221807
v 0.389396 0.51561 -0.1133
v 0.429819 0.593393 -0.0714069
v 0.39613 0.58185 0.00846143
v 0.306169 0.431995 -0.0361841
v 0.304588 0.405301 -0.0744844
v 0.431181 0.608132 -0.0449537
v 0.325648 0.466623 -0.0337102
v 0.317747 0.40596 -0.103924
v 0.372886 0.479134 -0.113417
v 0.423831 0.571342 -0.0917496
v 0.308319 0.440736 -0.0384405
v 0.397592 0.510246 -0.114583
v 0.381507 0.560437 0.0122067
v 0.344996 0.509313 -0.00108915
v 0.417145 0.558243 -0.100835
v 0.432508 0.604007 -0.0544293
v 0.429533 0.610017 -0.0348107
v 0.403994 0.584403 0.0102329
v 0.355014 0.521472 0.00915926
v 0.315227 0.402967 -0.0904613
v 0.385056 0.559097 0.0160044
v 0.364331 0.531405 0.0159372
v 0.313962 0.441596 -0.0193044
v 0.316534 0.403503 -0.073624
v 0.377968 0.474231 -0.120282
v 0.415367 0.599889 -0.00199908
v 0.345291 0.500306 -0.00035214
v 0.340969 0.490127 -0.00451031
v 0.337734 0.48482 -0.00457699
v 0.304127 0.417462 -0.0509451
v 0.335916 0.409621 -0.110501
v 0.364389 0.448618 -0.129833
v 0.424605 0.60723 -0.014567
v 0.407896 0.591766 0.00526979
v 0.329326 0.402672 -0.0951421
v 0.336254 0.417725 -0.118887
v 0.391983 0.485788 -0.12125
v 0.432343 0.570884 -0.0863735
v 0.371961 0.540234 0.0184774
v 0.322914 0.461492 -0.00788238
v 0.318843 0.435677 -0.0123351
v 0.394876 0.499262 -0.115875
v 0.429372 0.559436 -0.0955937
v 0.434799 0.595609 -0.0647039
v 0.445793 0.624964 -0.0619716
v 0.347105 0.495648 0.0113111
v 0.366016 0.441403 -0.133135
v 0.410129 0.533294 -0.110683
v 0.355336 0.513023 0.0128654
v 0.351572 0.410414 -0.117311
v 0.434536 0.627648 -0.030951
v 0.32848 0.399659 -0.0830574
v 0.385329 0.459056 -0.134789
v 0.406207 0.500799 -0.118048
v 0.415687 0.52022 -0.113373
v 0.43835 0.63221 -0.0464908
v 0.432278 0.611221 -0.0244342
v 0.385832 0.555559 0.0204865
v 0.325629 0.461081 0.000953071
v 0.329865 0.40633 -0.0496681
v 0.313563 0.409262 -0.0565708
v 0.384705 0.446218 -0.137479
v 0.439577 0.591602 -0.0662022
v 0.438788 0.600063 -0.061995
v 0.320654 0.422776 -0.0219444
v 0.319922 0.415803 -0.0350797
v 0.363165 0.520571 0.0210648
v 0.335697 0.474255 0.00977513
v 0.323621 0.448411 -0.00113929
v 0.353602 0.425105 -0.128696
v 0.436208 0.631482 -0.0171997
v 0.430734 0.610765 -0.0159173
v 0.328633 0.398275 -0.0657619
v 0.340818 0.397961 -0.0915183
v 0.423884 0.51279 -0.115885
v 0.41557 0.596763 0.00775261
v 0.353522 0.497537 0.0219085
v 0.334218 0.394455 -0.076705
v 0.447271 0.633008 -0.0574703
v 0.392802 0.561783 0.023554
v 0.342495 0.474898 0.0179637
v 0.335828 0.398416 -0.0616648
v 0.380928 0.426081 -0.134741
v 0.398628 0.459656 -0.136211
v 0.424312 0.543322 -0.105558
v 0.44909 0.59845 -0.0610342
v 0.42451 0.605456 0.000345668
v 0.339976 0.395396 -0.0733937
v 0.347407 0.396916 -0.0856576
v 0.330343 0.43586 0.000284201
v 0.327183 0.41499 -0.0284112
v 0.408745 0.583354 0.020935
v 0.376478 0.537823 0.0274185
v 0.331955 0.408612 -0.0370606
v 0.450886 0.640696 -0.0396489
v 0.402765 0.474796 -0.131819
v 0.432827 0.497257 -0.122222
v 0.449776 0.557146 -0.0961792
v 0.44163 0.563352 -0.0912139
v 0.444904 0.639659 -0.0257828
v 0.447738 0.633796 -0.013816
v 0.435959 0.613806 -0.0164529
v 0.387977 0.550638 0.0320869
v 0.332176 0.45768 0.0101922
v 0.35482 0.396247 -0.0894461
v 0.408292 0.451202 -0.135803
v 0.448329 0.589051 -0.0676849
v 0.440983 0.6194 -0.0135875
v 0.361201 0.499143 0.0295062
v 0.341217 0.45214 0.0152805
v 0.342542 0.395283 -0.058089
v 0.362641 0.409748 -0.120532
v 0.450699 0.641597 -0.0190871
v 0.432886 0.611067 -0.000362291
v 0.370473 0.516174 0.0370157
v 0.35197 0.39375 -0.080252
v 0.366982 0.40401 -0.1082
v 0.456975 0.628493 -0.0611747
v 0.36589 0.504773 0.0358983
v 0.363331 0.398335 -0.0928646
v 0.440498 0.52243 -0.111857
v 0.463403 0.647614 -0.0388597
v 0.45422 0.647975 -0.0272329
v 0.38703 0.533431 0.0427583
v 0.353551 0.398246 -0.0564556
v 0.360348 0.395911 -0.0718536
v 0.46718 0.623063 -0.0522314
v 0.460401 0.638205 -0.0474819
v 0.446181 0.619644 -0.00251065
v 0.367823 0.515965 0.0497911
v 0.351494 0.472525 0.0245448
v 0.445476 0.517522 -0.116882
v 0.466061 0.633405 -0.0507597
v 0.418864 0.598852 0.0136294
v 0.417337 0.587726 0.0371736
v 0.381592 0.534438 0.0569313
v 0.441482 0.502536 -0.120893
v 0.446681 0.543909 -0.103399
v 0.455346 0.567625 -0.0886158
v 0.461215 0.597272 -0.0636344
v 0.369404 0.477605 0.0342351
v 0.342401 0.419449 -0.00933932
v 0.357303 0.404839 -0.0445437
v 0.399173 0.438584 -0.134941
v 0.430137 0.605021 0.028894
v 0.367459 0.499715 0.0354829
v 0.34108 0.438936 0.00819328
v 0.359587 0.393206 -0.0647603
v 0.418879 0.471588 -0.131247
v 0.458349 0.534898 -0.106209
v 0.471521 0.654813 -0.0375273
v 0.460536 0.659704 -0.0115039
v 0.366679 0.427555 0.0116978
v 0.340747 0.410756 -0.0294937
v 0.462656 0.534811 -0.109173
v 0.463313 0.660797 -0.0178925
v 0.450465 0.621082 0.0083086
v 0.405215 0.564928 0.0464581
v 0.382732 0.524589 0.0590213
v 0.38325 0.507798 0.0467445
v 0.358777 0.410279 -0.0328659
v 0.361831 0.380125 -0.0626197
v 0.373 0.398999 -0.0777948
v 0.394766 0.419151 -0.120651
v 0.445145 0.48094 -0.121124
v 0.457984 0.526923 -0.126732
v 0.474257 0.667588 -0.0133431
v 0.382631 0.40749 -0.101804
v 0.479242 0.664107 -0.0407252
v 0.454932 0.641712 -0.0112199
v 0.40187 0.554156 0.0500892
v 0.476582 0.566262 -0.0936131
v 0.487768 0.660968 -0.0479308
v 0.482845 0.670797 -0.0377985
v 0.36242 0.406364 -0.0371403
v 0.384443 0.403151 -0.0770233
v 0.472794 0.572209 -0.0893495
v 0.47535 0.61039 -0.0541414
v 0.475269 0.546983 -0.105056
v 0.476365 0.598546 -0.0683296
v 0.448606 0.611363 0.0440922
v 0.355963 0.414622 -0.0159146
v 0.36334 0.38615 -0.0463711
v 0.37738 0.404317 -0.0851561
v 0.458193 0.631843 0.00363435
v 0.441984 0.61376 0.0286154
v 0.402389 0.547666 0.0552528
v 0.377921 0.458835 0.0325108
v 0.367192 0.421184 0.00184009
v 0.369062 0.412177 -0.0282179
v 0.376276 0.387774 -0.0731419
v 0.459726 0.510618 -0.114181
v 0.463738 0.522576 -0.119252
v 0.425438 0.597425 0.0364602
v 0.393061 0.540363 0.0671406
v 0.397766 0.53769 0.0665878
v 0.396613 0.414444 -0.110381
v 0.432772 0.43672 -0.114892
v 0.476433 0.553519 -0.0995151
v 0.485241 0.668965 -0.0306017
v 0.461707 0.655432 0.000202051
v 0.399422 0.531456 0.0556122
v 0.370033 0.377774 -0.0547405
v 0.372306 0.379833 -0.066783
v 0.390694 0.395914 -0.0612944
v 0.412281 0.416933 -0.0951288
v 0.480621 0.54351 -0.116082
v 0.472717 0.661395 -0.00351663
v 0.453861 0.619102 0.0356523
v 0.416966 0.571807 0.0546168
v 0.397582 0.545914 0.0674553
v 0.36701 0.43936 0.0201828
v 0.375201 0.391073 -0.0420003
v 0.398817 0.41123 -0.0763084
v 0.43034 0.427113 -0.106206
v 0.42293 0.428929 -0.114516
v 0.484122 0.584886 -0.0807385
v 0.483866 0.613469 -0.0527712
v 0.488887 0.672981 -0.0186387
v 0.48174 0.666176 0.000988232
v 0.478733 0.547213 -0.116728
v 0.490922 0.672585 -0.0253063
v 0.474207 0.647258 0.0132309
v 0.419016 0.560787 0.0614682
v 0.386273 0.393044 -0.0400497
v 0.466302 0.633933 0.0159865
v 0.40749 0.542977 0.0725428
v 0.381677 0.40782 -0.0314884
v 0.473255 0.533407 -0.106732
v 0.494803 0.554828 -0.10895
v 0.489663 0.604026 -0.0641823
v 0.490886 0.659038 -0.033869
v 0.463133 0.627923 0.0231366
v 0.468155 0.506267 -0.109242
v 0.48112 0.536048 -0.102654
v 0.426844 0.575195 0.0604285
v 0.402105 0.516238 0.055002
v 0.387602 0.388395 -0.0525718
v 0.426856 0.423817 -0.100365
v 0.491146 0.542828 -0.10792
v 0.489485 0.556378 -0.0992144
v 0.499368 0.644492 -0.0509819
v 0.498209 0.653493 -0.0424388
v 0.400522 0.407568 -0.0636582
v 0.415838 0.419321 -0.0785063
v 0.441788 0.452108 -0.116718
v 0.494989 0.583892 -0.0807234
v 0.441769 0.599778 0.0520275
v 0.410778 0.529073 0.0657844
v 0.386779 0.447825 0.03049
v 0.390928 0.435646 0.0175968
v 0.509035 0.599068 -0.0652769
v 0.497813 0.620303 -0.0509891
v 0.504222 0.653706 -0.0355564
v 0.387715 0.493581 0.0455733
v 0.399875 0.475705 0.0478039
v 0.379168 0.423584 0.00151243
v 0.39192 0.42336 0.00419538
v 0.392122 0.418432 -0.0199236
v 0.413712 0.418185 -0.0591208
v 0.431357 0.426098 -0.0875054
v 0.490905 0.531506 -0.100333
v 0.479414 0.513 -0.100604
v 0.501932 0.67193 -0.0258361
v 0.498097 0.675674 -0.0140146
v 0.491001 0.666727 -0.00113883
v 0.450096 0.599235 0.0643512
v 0.409537 0.505754 0.056152
v 0.4068 0.40056 -0.0430778
v 0.456183 0.451174 -0.0988391
v 0.500857 0.672211 0.000456859
v 0.473619 0.633813 0.0240373
v 0.461293 0.479674 -0.110426
v 0.505594 0.558153 -0.106952
v 0.506727 0.643591 -0.0430109
v 0.48426 0.646773 0.018466
v 0.447144 0.438315 -0.0860217
v 0.492926 0.519273 -0.0952417
v 0.503126 0.55933 -0.0883999
v 0.504238 0.619201 -0.0459912
v 0.507335 0.677346 -0.012392
v 0.416825 0.522676 0.0693051
v 0.396956 0.448206 0.0349061
v 0.398289 0.4273 0.0119563
v 0.49026 0.650405 0.0206908
v 0.459912 0.614365 0.0585479
v 0.422186 0.543301 0.078278
v 0.40821 0.406486 -0.0307889
v 0.414739 0.415168 -0.0479564
v 0.425904 0.423785 -0.0490974
v 0.481451 0.479837 -0.088873
v 0.503381 0.578549 -0.0812147
v 0.506925 0.658564 -0.0235229
v 0.432491 0.541788 0.0754715
v 0.404122 0.435564 0.0317384
v 0.402241 0.423969 0.00500022
v 0.432772 0.42421 -0.07057
v 0.486297 0.505491 -0.092618
v 0.500201 0.538972 -0.0989945
v 0.515032 0.547885 -0.103254
v 0.510053 0.555283 -0.101499
v 0.515091 0.614605 -0.0506637
v 0.518385 0.638834 -0.0434881
v 0.513625 0.658598 -0.0221146
v 0.42312 0.521032 0.0697011
v 0.469552 0.465843 -0.0937527
v 0.510916 0.538003 -0.0989367
v 0.514098 0.6467 -0.039754
v 0.498399 0.663576 0.011294
v 0.484059 0.633138 0.0347782
v 0.419075 0.476444 0.0569833
v 0.407102 0.422609 -0.0158074
v 0.412792 0.410076 -0.0237001
v 0.423342 0.413436 -0.0405485
v 0.520733 0.572281 -0.0764797
v 0.514178 0.674412 -0.017643
v 0.440912 0.583702 0.0687606
v 0.418245 0.409084 -0.0330774
v 0.441647 0.428587 -0.0691902
v 0.453982 0.439426 -0.0809052
v 0.462616 0.45129 -0.0883479
v 0.512366 0.550797 -0.0845533
v 0.499281 0.638965 0.0388123
v 0.409713 0.418134 0.0158972
v 0.41742 0.409291 -0.0109316
v 0.447224 0.422281 -0.0600735
v 0.469416 0.621291 0.0562772
v 0.405598 0.45687 0.0441392
v 0.464837 0.440702 -0.0773011
v 0.514709 0.543433 -0.0838295
v 0.510737 0.526088 -0.0842624
v 0.518106 0.58731 -0.072054
v 0.520862 0.674817 0.00645132
v 0.507586 0.662487 0.0123393
v 0.499373 0.651589 0.0221566
v 0.491137 0.628579 0.0455203
v 0.444914 0.565377 0.0776688
v 0.423882 0.503771 0.0648362
v 0.510984 0.532688 -0.0878033
v 0.524179 0.618403 -0.0453589
v 0.520015 0.654112 -0.010661
v 0.521173 0.675096 0.0018117
v 0.439869 0.54331 0.0800792
v 0.41305 0.413896 0.00370404
v 0.440693 0.414496 -0.0464088
v 0.455522 0.42714 -0.0680406
v 0.481207 0.463336 -0.0791454
v 0.525496 0.635239 -0.0405523
v 0.522678 0.642706 -0.0366869
v 0.425676 0.407432 -0.0120648
v 0.533163 0.586421 -0.0633188
v 0.522069 0.669176 -0.00236355
v 0.497314 0.488275 -0.0800295
v 0.532609 0.617644 -0.0401735
v 0.512767 0.654752 0.0164641
v 0.482204 0.617728 0.0632161
v 0.431599 0.491495 0.0683581
v 0.422643 0.464198 0.055235
v 0.420103 0.450557 0.0475263
v 0.533128 0.60366 -0.052226
v 0.529342 0.651642 -0.00742775
v 0.473516 0.571527 0.0900021
v 0.409115 0.424259 0.0264001
v 0.46312 0.43233 -0.0694837
v 0.526732 0.674418 0.0085069
v 0.470286 0.607633 0.0708266
v 0.43721 0.410668 -0.0362866
v 0.539095 0.637152 -0.0299317
v 0.528743 0.671481 0.00144527
v 0.433939 0.409166 -0.00553291
v 0.480819 0.455132 -0.0727206
v 0.534735 0.661437 0.0046383
v 0.51668 0.651056 0.0238622
v 0.435145 0.525503 0.0775416
v 0.450012 0.413694 -0.0343782
v 0.477341 0.444513 -0.0631044
v 0.521068 0.526787 -0.0787396
v 0.529131 0.558415 -0.0763014
v 0.44312 0.420972 0.0189587
v 0.543228 0.61621 -0.0315059
v 0.545188 0.638795 -0.0266318
v 0.534356 0.649136 -0.00475089
v 0.529706 0.669464 0.0183105
v 0.514853 0.633884 0.0458655
v 0.503845 0.623785 0.0532789
v 0.429395 0.410562 0.00310167
v 0.453312 0.417164 -0.0442386
v 0.463039 0.424632 -0.0469415
v 0.550439 0.638079 -0.0244138
v 0.4912 0.608256 0.0737842
v 0.466466 0.543408 0.0939096
v 0.43726 0.468039 0.0653551
v 0.420805 0.43959 0.0390718
v 0.515911 0.484184 -0.0678716
v 0.55553 0.632905 -0.0286478
v 0.539877 0.663568 0.0159695
v 0.467101 0.526742 0.0958414
v 0.555156 0.572011 -0.0579286
v 0.551768 0.608635 -0.0341955
v 0.554324 0.644023 -0.0138873
v 0.53737 0.667571 0.0231784
v 0.527587 0.651785 0.028035
v 0.483775 0.59091 0.0839922
v 0.441566 0.459193 0.0625846
v 0.431458 0.429104 0.0288624
v 0.463013 0.419853 -0.020627
v 0.556203 0.587829 -0.0491338
v 0.540831 0.6518 0.000806712
v 0.522515 0.634035 0.048904
v 0.515078 0.613108 0.0621006
v 0.446353 0.491087 0.0786041
v 0.447289 0.446387 0.0527779
v 0.47276 0.426906 -0.037658
v 0.475539 0.435298 -0.050314
v 0.534705 0.648021 0.0277111
v 0.460778 0.46771 0.0747399
v 0.551382 0.656098 0.0117539
v 0.528351 0.624325 0.0549861
v 0.448747 0.417804 0.00748075
v 0.451303 0.416621 -0.00367113
v 0.511467 0.46955 -0.0607005
v 0.522388 0.499397 -0.0712569
v 0.543552 0.537724 -0.0706534
v 0.554082 0.552448 -0.0642732
v 0.565291 0.627449 -0.0208382
v 0.545107 0.648357 0.0314883
v 0.501725 0.447767 -0.0454793
v 0.507941 0.572764 0.0922389
v 0.471455 0.422009 0.0104567
v 0.541635 0.524796 -0.0692707
v 0.559193 0.644107 0.00749346
v 0.557909 0.656977 0.0188656
v 0.54599 0.662724 0.0245475
v 0.465834 0.445648 0.0564649
v 0.464059 0.422176 0.0206428
v 0.574467 0.561389 -0.0494667
v 0.565532 0.603947 -0.0246953
v 0.557531 0.64518 -0.00274674
v 0.487475 0.567935 0.0939217
v 0.476435 0.465358 0.074841
v 0.455791 0.432806 0.0415188
v 0.494067 0.438015 -0.0395242
v 0.536096 0.630511 0.0466716
v 0.508421 0.600308 0.0752196
v 0.487468 0.545554 0.0994996
v 0.482301 0.424924 -0.00979212
v 0.573761 0.542084 -0.0531399
v 0.573472 0.633863 -0.0137489
v 0.567792 0.64637 0.00759742
v 0.558963 0.655442 0.0251889
v 0.525032 0.60612 0.0656207
v 0.529316 0.58542 0.0818916
v 0.484896 0.514994 0.0976095
v 0.463756 0.480258 0.0831168
v 0.476146 0.423041 0.00155701
v 0.483043 0.4263 -0.0236017
v 0.493579 0.431417 -0.0270137
v 0.531239 0.485086 -0.0593825
v 0.545272 0.635743 0.0452709
v 0.513818 0.582548 0.0870533
v 0.522342 0.463928 -0.0441313
v 0.568703 0.611768 -0.0190552
v 0.537885 0.595704 0.0688647
v 0.471743 0.498198 0.0915333
v 0.461273 0.424711 0.0293273
v 0.544085 0.489968 -0.0522522
v 0.56285 0.529818 -0.0590613
v 0.576317 0.584701 -0.0359227
v 0.55822 0.63153 0.0455591
v 0.541028 0.615844 0.0622909
v 0.496781 0.532019 0.101877
v 0.466886 0.432349 0.0422748
v 0.487292 0.433924 0.039388
v 0.476697 0.425948 0.0245132
v 0.503757 0.43395 0.000107252
v 0.482454 0.481244 0.0860847
v 0.481009 0.448982 0.0617897
v 0.580464 0.572579 -0.0384434
v 0.572752 0.639888 -0.00242994
v 0.5689 0.650045 0.0229207
v 0.512307 0.546214 0.101117
v 0.57757 0.599989 -0.0114343
v 0.560837 0.516357 -0.0565192
v 0.58728 0.594361 -0.0070105
v 0.565484 0.643992 0.0367856
v 0.557417 0.6241 0.0608216
v 0.494361 0.430583 0.00533595
v 0.507577 0.440286 -0.0292724
v 0.58314 0.585929 -0.0253874
v 0.583703 0.619385 -0.0071757
v 0.592084 0.617155 0.00132828
v 0.573073 0.635356 0.0199754
v 0.572528 0.638933 0.030512
v 0.493349 0.431812 0.0248836
v 0.518779 0.44944 -0.0310825
v 0.590654 0.5711 -0.0317816
v 0.543201 0.581334 0.080165
v 0.529609 0.571109 0.0903513
v 0.503445 0.494875 0.0912965
v 0.513814 0.438408 -0.00450576
v 0.588456 0.62435 0.00813245
v 0.517645 0.529009 0.101543
v 0.50244 0.516087 0.100805
v 0.496373 0.451929 0.0637205
v 0.497807 0.429507 0.0242185
v 0.502987 0.410903 -0.00431446
v 0.539311 0.47036 -0.0343697
v 0.589236 0.547163 -0.0400917
v 0.594975 0.582463 -0.0124215
v 0.568542 0.640733 0.0485996
v 0.581476 0.528858 -0.0450065
v 0.552135 0.605795 0.0712751
v 0.548239 0.589087 0.0757768
v 0.487646 0.438833 0.0494682
v 0.512156 0.409379 -0.00632272
v 0.532134 0.455997 -0.0236285
v 0.596723 0.608801 0.000214636
v 0.582174 0.633722 0.030512
v 0.532088 0.553788 0.0971737
v 0.516142 0.512039 0.097822
v 0.497364 0.412371 0.0277247
v 0.512395 0.428592 -0.00505908
v 0.564197 0.50245 -0.0431992
v 0.572777 0.634639 0.059065
v 0.562974 0.623947 0.0669418
v 0.503733 0.436425 0.0330545
v 0.558353 0.486429 -0.0303011
v 0.601314 0.575366 -0.00920513
v 0.574595 0.620388 0.0648782
v 0.510543 0.446082 0.0516181
v 0.527052 0.444867 -0.00306244
v 0.5303 0.448974 -0.0113179
v 0.546558 0.463018 -0.0121799
v 0.577292 0.50625 -0.0270242
v 0.597032 0.534466 -0.0281002
v 0.600262 0.552213 -0.0243388
v 0.599992 0.616994 0.0152025
v 0.506595 0.466578 0.074968
v 0.515887 0.441455 0.0369915
v 0.505811 0.404329 0.0195747
v 0.510196 0.408988 0.00380439
v 0.503589 0.406071 0.0278588
v 0.563635 0.602706 0.076335
v 0.550294 0.568149 0.0858673
v 0.542482 0.552254 0.0947821
v 0.531417 0.512017 0.0940918
v 0.523157 0.49431 0.0889874
v 0.506275 0.425182 0.0367481
v 0.525098 0.436296 -0.00135392
v 0.536694 0.448561 0.00413258
v 0.587845 0.52045 -0.0335245
v 0.602183 0.5888 -0.0017519
v 0.578059 0.601171 0.0663219
v 0.573957 0.592975 0.0734593
v 0.527938 0.480489 0.0797476
v 0.513012 0.428945 0.0395308
v 0.533256 0.431554 0.00783167
v 0.572962 0.490949 -0.0153287
v 0.606039 0.602632 0.0076708
v 0.588073 0.625522 0.043749
v 0.564143 0.564573 0.0805399
v 0.538121 0.495337 0.0868151
v 0.515888 0.455611 0.06281
v 0.530002 0.45684 0.056884
v 0.584014 0.617976 0.0561731
v 0.537109 0.440635 0.0056958
v 0.538079 0.468682 0.0652691
v 0.511873 0.405949 0.0261937
v 0.521402 0.412188 0.00556462
v 0.608361 0.560949 -0.0026732
v 0.596319 0.601584 0.0642126
v 0.55736 0.581674 0.0791722
v 0.549248 0.529708 0.092628
v 0.546044 0.456454 0.00481261
v 0.569316 0.472973 0.00426445
v 0.567733 0.477765 -0.00385148
v 0.566637 0.540524 0.0827974
v 0.522013 0.429041 0.0435676
v 0.514941 0.417422 0.0298063
v 0.525465 0.423901 0.0361015
v 0.599844 0.518389 -0.00706941
v 0.59936 0.622705 0.0325736
v 0.597576 0.614318 0.05449
v 0.546485 0.443843 0.00203324
v 0.587414 0.506678 -0.017466
v 0.614667 0.576774 0.00793696
v 0.606309 0.61884 0.0199451
v 0.612448 0.610921 0.0390988
v 0.584072 0.578797 0.0768964
v 0.565846 0.521227 0.0810278
v 0.518949 0.404592 0.0187785
v 0.531701 0.41339 0.0162338
v 0.54448 0.42634 0.0176881
v 0.551048 0.43848 0.00539781
v 0.595544 0.502147 0.0069775
v 0.611427 0.545193 0.00181536
v 0.621286 0.568861 0.0163
v 0.607409 0.52535 0.00477004
v 0.617708 0.586624 0.0185741
v 0.5808 0.555651 0.0777047
v 0.558602 0.456586 0.00592048
v 0.584188 0.486831 0.00763231
v 0.600548 0.576342 0.0659012
v 0.583956 0.532589 0.0756108
v 0.554468 0.488463 0.0756694
v 0.537953 0.438765 0.0488677
v 0.559929 0.442075 0.0134136
v 0.572106 0.496956 0.0744354
v 0.541822 0.428254 0.0486414
v 0.571723 0.462425 0.0126198
v 0.614 0.589194 0.0566069
v 0.552363 0.460179 0.0584099
v 0.523612 0.409377 0.0303126
v 0.567728 0.447686 0.018344
v 0.59132 0.483821 0.0156842
v 0.61854 0.547096 0.0159842
v 0.537648 0.420036 0.0387015
v 0.543594 0.418053 0.0218559
v 0.554026 0.42185 0.0216826
v 0.622557 0.553194 0.0327617
v 0.624845 0.576459 0.0253198
v 0.617004 0.600293 0.0480141
v 0.596099 0.550655 0.0685691
v 0.583984 0.518395 0.0754462
v 0.570033 0.468735 0.0679731
v 0.552017 0.446025 0.049446
v 0.548326 0.436356 0.0522792
v 0.541084 0.416257 0.0280493
v 0.618244 0.528408 0.030722
v 0.629543 0.577958 0.0366252
v 0.621433 0.595031 0.0404735
v 0.567773 0.460028 0.0558857
v 0.565214 0.435684 0.0181692
v 0.578381 0.461761 0.02687
v 0.594519 0.481494 0.0214718
v 0.611077 0.517396 0.0146373
v 0.614448 0.509699 0.0383244
v 0.578605 0.467896 0.065686
v 0.575969 0.44715 0.0219387
v 0.612977 0.566597 0.06241
v 0.586543 0.496892 0.067973
v 0.561651 0.441405 0.049743
v 0.551558 0.428643 0.0439517
v 0.576238 0.434817 0.023957
v 0.622188 0.531512 0.0449547
v 0.612283 0.496566 0.040578
v 0.609687 0.548045 0.0680152
v 0.577463 0.456072 0.0568221
v 0.563303 0.425629 0.0366026
v 0.585178 0.45195 0.0191999
v 0.597455 0.467091 0.0213906
v 0.602819 0.476406 0.0260405
v 0.602151 0.485777 0.0332983
v 0.626494 0.57748 0.0501634
v 0.602443 0.532679 0.0708782
v 0.598519 0.520623 0.0706293
v 0.595374 0.49704 0.0695405
v 0.589286 0.475032 0.0671794
v 0.595258 0.455213 0.0263404
v 0.622772 0.548758 0.0644615
v 0.559905 0.430469 0.0446091
v 0.560136 0.422812 0.0286112
v 0.587717 0.442945 0.0324704
v 0.628133 0.542137 0.0479798
v 0.584394 0.450924 0.0525395
v 0.636184 0.562082 0.0406451
v 0.607166 0.510798 0.0725275
v 0.633327 0.53947 0.049246
v 0.621031 0.531937 0.0662788
v 0.601991 0.45666 0.03907
v 0.621564 0.508237 0.0491962
v 0.63351 0.551574 0.0584279
v 0.601923 0.462553 0.060434
v 0.593221 0.453309 0.0529723
v 0.586357 0.435792 0.0379128
v 0.592933 0.438751 0.0360411
v 0.612301 0.477833 0.0349975
v 0.62123 0.491217 0.0442189
v 0.591193 0.442082 0.0441526
v 0.629195 0.541168 0.0711229
v 0.606481 0.479225 0.0686107
v 0.600259 0.453057 0.0456242
v 0.627561 0.505957 0.0529161
v 0.635726 0.543538 0.0522801
v 0.617399 0.479629 0.0591761
v 0.625564 0.487131 0.0549557
v 0.633957 0.525506 0.0631727
v 0.629985 0.513739 0.0614534
v 0.430485 0.592936 -0.104088
v 0.180524 0.0964773 0.208883
v 0.293029 1.44044 -0.373993
v 0.343951 0.535086 -0.11693
v 0.435226 0.626041 -0.0514348
v 0.500503 0.612469 -0.176832
v 0.287612 1.14958 -0.282069
v 0.641429 1.77225 -0.330149
v 0.518626 1.69571 -0.324372
v 0.449692 1.66116 -0.360296
v 0.62537 1.68535 -0.316942
v 0.249803 1.07689 0.142721
v 0.226874 0.592679 0.158374
v 0.209767 0.585345 0.150068
v 0.195423 1.3832 0.215322
v 0.410983 1.64942 -0.358088
v 0.633186 1.76546 -0.322862
v 0.2611 0.784598 -0.224407
v 0.55857 1.73505 -0.346206
v 0.623571 1.63667 -0.324799
v 0.619066 1.68388 -0.346201
v 0.376911 0.544794 -0.256376
v 0.308216 1.1865 -0.280936
v 0.149544 1.57088 0.25773
v 0.622993 1.69631 -0.314573
v 0.224023 0.717763 0.120097
v 0.36601 0.510956 0.0301054
v 0.373503 0.536531 0.139549
v 0.440471 0.650569 -0.234295
v 0.62544 1.80767 -0.363428
v 0.165936 1.08491 -0.211216
v 0.491447 0.564326 -0.0922393
v 0.204286 1.18242 0.189929
v 0.15534 1.58425 0.26732
v 0.336679 1.51612 -0.427546
v 0.41329 0.683289 -0.203953
v 0.37869 0.946544 -0.0766615
v 0.38477 0.938364 -0.0971999
v 0.560735 1.75749 0.326033
v 0.327445 1.1561 -0.23422
v 0.4727 0.611295 -0.138264
v 0.0860767 1.0933 0.0170533
v 0.286791 1.17268 -0.290568
v 0.572294 1.69728 0.296673
v 0.579733 1.67116 0.299789
v 0.382085 0.56074 -0.258134
v 0.391498 0.573323 -0.255633
v 0.59607 1.67739 0.331801
v 0.600984 1.64829 0.364163
v 0.280265 0.685739 0.152105
v 0.356138 0.998472 -0.158643
v 0.588582 1.70284 -0.347395
v 0.22935 0.485686 0.0731162
v 0.301695 0.649558 -0.222345
v 0.550362 0.615951 -0.0307989
v 0.357531 0.973141 -0.0407183
v 0.371746 0.964701 -0.046149
v 0.362973 0.971139 -0.0283851
v 0.458431 0.606165 -0.0591221
v 0.328453 1.38352 -0.274477
v 0.313507 1.38223 -0.27875
v 0.420756 0.611305 -0.248469
v 0.591404 1.798 0.354691
v 0.594896 1.81381 0.341097
v 0.591416 1.81306 0.372002
v 0.594756 1.80386 0.336496
v 0.629615 0.565706 0.0334472
v 0.630332 0.573708 0.0219022
v 0.238928 0.663556 -0.190927
v 0.224772 0.664784 -0.201606
v 0.23873 1.04048 0.127336
v 0.321066 0.442211 -0.0929865
v 0.3085 0.431089 -0.0831873
v 0.299334 0.413446 -0.0788756
v 0.337034 0.455473 -0.0996476
v 0.307843 0.43937 -0.0673054
v 0.585078 1.79775 0.347329
v 0.491631 0.646683 -0.0526381
v 0.478209 0.643763 -0.0503176
v 0.468193 0.611898 -0.0501598
v 0.474325 0.634293 -0.0512044
v 0.481613 0.62236 -0.0503533
v 0.597778 1.63112 0.335437
v 0.604386 1.61981 0.323736
v 0.593977 1.62165 0.363082
v 0.503465 0.411744 0.0106373
v 0.496643 0.427857 0.0155134
v 0.499455 0.428825 0.00513354
v 0.498895 0.418879 0.030381
v 0.295312 0.974201 0.0667886
v 0.296566 0.960904 0.0517135
v 0.290363 0.503949 -0.0753463
v 0.275279 0.49062 -0.0784823
v 0.294134 0.496953 -0.0596174
v 0.282036 0.50364 -0.0832778
v 0.278554 0.70686 -0.238925
v 0.596356 1.66354 -0.305183
v 0.576312 1.68845 -0.323787
v 0.610926 1.65144 -0.30507
v 0.615561 1.72799 0.264745
v 0.617103 1.74756 0.279772
v 0.611824 1.70624 0.268695
v 0.614747 1.69553 0.273955
v 0.613754 1.7157 0.277704
v 0.617565 1.7459 0.284315
v 0.614517 1.72455 0.284381
v 0.543541 1.73424 0.32674
v 0.54983 1.75257 0.335958
v 0.529249 1.74822 0.305612
v 0.552358 1.77228 0.336532
v 0.543797 1.76838 0.322849
v 0.570669 1.72089 -0.358344
v 0.583384 1.72259 -0.369471
v 0.564906 1.70707 -0.32775
v 0.56997 1.71142 -0.343182
v 0.546995 1.71575 -0.334258
v 0.552511 1.71112 -0.330138
v 0.326442 1.20275 -0.245184
v 0.325666 1.22025 -0.249391
v 0.341707 1.21738 -0.243274
v 0.331313 1.17697 -0.23893
v 0.415009 0.554035 0.0656792
v 0.413841 0.551316 0.080022
v 0.428545 0.557376 0.0711524
v 0.637441 1.84781 -0.435338
v 0.643507 1.84549 -0.44746
v 0.632191 1.88224 -0.448843
v 0.637095 1.87043 -0.45814
v 0.639345 1.87416 -0.470744
v 0.631411 1.87345 -0.429645
v 0.66107 1.8349 -0.466358
v 0.646955 1.86119 -0.476257
v 0.157001 -0.00355556 0.211105
v 0.16995 -0.0129546 0.230721
v 0.164564 -0.00578137 0.240403
v 0.538567 0.450801 0.0575468
v 0.524577 0.448683 0.0467404
v 0.546516 0.478966 0.0735031
v 0.527574 0.436923 0.0467101
v 0.197074 0.0039053 0.274599
v 0.190607 0.00575344 0.280915
v 0.645963 1.94311 0.346865
v 0.639439 1.89295 0.363856
v 0.644638 1.91361 0.376218
v 0.642806 1.91946 0.354423
v 0.639892 1.88289 0.324827
v 0.639416 1.89647 0.339628
v 0.317632 1.0497 -0.21239
v 0.3239 1.02408 -0.208942
v 0.328177 1.04397 -0.210043
v 0.205643 1.61385 0.270737
v 0.188608 1.59347 0.272889
v 0.204829 1.59302 0.266688
v 0.217667 1.62062 0.266007
v 0.239793 1.63543 0.262936
v 0.122671 1.09585 -0.141569
v 0.0928871 1.09723 -0.0545319
v 0.123353 1.10235 -0.131033
v 0.0870166 1.09487 0.000822465
v 0.102414 1.08541 -0.125947
v 0.093682 1.08946 -0.0844997
v 0.0823225 1.08143 -0.0645835
v 0.082298 1.08866 -0.0290168
v 0.102621 1.09318 -0.112652
v 0.104995 1.08176 -0.137563
v 0.261484 0.709944 0.153356
v 0.238 0.700621 0.133662
v 0.227086 0.708122 0.124733
v 0.277228 0.696018 0.153913
v 0.26422 0.70364 0.152387
v 0.236863 0.726186 0.137512
v 0.25056 0.685084 0.134597
v 0.251353 0.725438 0.152253
v 0.24663 0.73348 0.148741
v 0.61258 0.493186 0.069282
v 0.627104 0.498944 0.0621707
v 0.6157 0.470736 0.049502
v 0.273689 0.858156 -0.216727
v 0.268713 0.809347 -0.225247
v 0.276803 0.871709 -0.212293
v 0.294881 0.918496 -0.193656
v 0.267916 0.835959 -0.220905
v 0.305815 0.927828 -0.191238
v 0.312701 0.907878 -0.207541
v 0.30021 0.87782 -0.216809
v 0.284435 0.841966 -0.223898
v 0.361903 0.550668 -0.184891
v 0.346885 0.568954 -0.203415
v 0.376217 0.541357 -0.170793
v 0.357807 0.551592 -0.188978
v 0.365743 0.504155 -0.175382
v 0.377993 0.512938 -0.161482
v 0.350545 0.561513 -0.199742
v 0.362634 0.55519 -0.184618
v 0.356868 0.536081 -0.189306
v 0.353003 0.564176 -0.197072
v 0.17868 1.46899 0.241034
v 0.188125 1.51588 0.256513
v 0.19117 1.53271 0.263255
v 0.235409 0.70297 -0.208259
v 0.23966 0.731216 -0.213018
v 0.225841 0.706026 -0.213073
v 0.24116 0.716166 -0.207008
v 0.241683 0.676152 -0.192872
v 0.250351 0.747533 -0.215387
v 0.351559 0.572468 -0.230193
v 0.352861 0.502185 -0.196112
v 0.356424 0.519803 -0.193342
v 0.349265 0.60014 -0.23357
v 0.351764 0.54426 -0.226968
v 0.363146 0.434704 -0.219519
v 0.346992 0.559193 -0.214786
v 0.361588 0.450992 -0.215787
v 0.359339 0.612061 -0.236449
v 0.356812 0.507288 -0.222754
v 0.370507 0.601506 -0.238476
v 0.357875 0.465871 -0.219151
v 0.35604 0.470775 -0.203132
v 0.34661 0.522292 -0.211192
v 0.3528 0.488123 -0.202187
v 0.346475 0.569668 -0.223793
v 0.194836 0.444658 0.0861508
v 0.178824 0.434208 0.122749
v 0.204873 0.39794 0.0942365
v 0.185156 0.418418 0.111447
v 0.230941 0.402082 0.077882
v 0.216116 0.412737 0.0738934
v 0.178549 0.465174 0.11143
v 0.222606 0.401569 0.0920747
v 0.197952 0.428362 0.0852883
v 0.195547 0.416383 0.0965194
v 0.176813 0.429529 0.143861
v 0.177349 0.43506 0.132353
v 0.191014 0.401218 0.102495
v 0.19352 0.379206 0.101252
v 0.171293 0.448182 0.130861
v 0.195778 0.405388 0.0984565
v 0.176481 0.447095 0.1197
v 0.188049 0.437774 0.101715
v 0.205591 0.417375 0.0785891
v 0.217587 0.409665 0.0838734
v 0.19957 0.419524 0.0896235
v 0.210948 0.408151 0.0900217
v 0.724734 1.71403 -0.307842
v 0.724016 1.78296 -0.410673
v 0.688845 1.8637 -0.385882
v 0.731033 1.69544 -0.295063
v 0.735035 1.70665 -0.333353
v 0.688694 1.90142 -0.496966
v 0.667146 1.92561 -0.436941
v 0.698681 1.86521 -0.438678
v 0.671709 1.91344 -0.414953
v 0.674857 1.92065 -0.474629
v 0.69548 1.84539 -0.377745
v 0.718687 1.81294 -0.436753
v 0.671745 1.92839 -0.486605
v 0.717466 1.7189 -0.279374
v 0.666462 1.93594 -0.466244
v 0.709683 1.83011 -0.415025
v 0.685849 1.8915 -0.43413
v 0.698922 1.83367 -0.364956
v 0.724508 1.76185 -0.381379
v 0.711247 1.76906 -0.305616
v 0.719876 1.81911 -0.456891
v 0.720665 1.80157 -0.437221
v 0.720678 1.72404 -0.298756
v 0.718126 1.74152 -0.295937
v 0.679779 1.88468 -0.39177
v 0.665982 1.93336 -0.454629
v 0.709277 1.85027 -0.469701
v 0.704671 1.815 -0.347614
v 0.722925 1.70617 -0.285598
v 0.682326 1.90565 -0.466345
v 0.729741 1.7143 -0.328752
v 0.724235 1.73126 -0.332147
v 0.673332 1.91762 -0.440761
v 0.719532 1.81079 -0.449365
v 0.696504 1.86069 -0.413954
v 0.72649 1.76401 -0.391732
v 0.704122 1.83513 -0.390818
v 0.674637 1.90233 -0.401505
v 0.719079 1.80186 -0.413975
v 0.687184 1.88096 -0.411314
v 0.707595 1.81148 -0.349813
v 0.693454 1.88871 -0.48921
v 0.71282 1.84525 -0.479294
v 0.673373 1.9154 -0.426444
v 0.410697 0.603652 0.0129937
v 0.447515 0.612531 -0.0833677
v 0.441026 0.618114 -0.0601138
v 0.418691 0.608437 0.0346813
v 0.430589 0.599164 -0.0886717
v 0.467611 0.610114 -0.0980178
v 0.462558 0.62905 -0.0701931
v 0.408446 0.591494 0.0437628
v 0.383483 0.555431 0.0339962
v 0.429385 0.596212 -0.0974862
v 0.436896 0.607092 -0.0781717
v 0.395574 0.58225 0.0185249
v 0.396519 0.572624 0.0425276
v 0.451685 0.610786 -0.0894762
v 0.445964 0.616049 -0.0726864
v 0.427209 0.621196 0.0170397
v 0.523228 0.41589 -0.00248708
v 0.631563 0.513228 0.0552761
v 0.700303 1.82004 0.397335
v 0.701255 1.85136 0.34879
v 0.69977 1.87501 0.414444
v 0.709116 1.90158 0.394364
v 0.696689 1.8556 0.316969
v 0.693738 1.93358 0.403468
v 0.697693 1.69462 0.306845
v 0.698621 1.87924 0.346266
v 0.694478 1.71995 0.34634
v 0.689408 1.7163 0.317596
v 0.697829 1.70383 0.350187
v 0.693705 1.88375 0.305804
v 0.696676 1.75768 0.367862
v 0.698514 1.74145 0.364624
v 0.692407 1.74341 0.328891
v 0.698414 1.72607 0.359873
v 0.695892 1.7581 0.350782
v 0.694673 1.74173 0.345028
v 0.689734 1.71186 0.32918
v 0.694529 1.79218 0.387888
v 0.700443 1.86095 0.414939
v 0.69747 1.78337 0.323489
v 0.687683 1.94739 0.343796
v 0.696973 1.77973 0.342156
v 0.688249 1.93678 0.325312
v 0.699099 1.82577 0.323711
v 0.705723 1.6822 0.296224
v 0.698169 1.74115 0.294322
v 0.6921 1.72575 0.30765
v 0.694491 1.75008 0.304262
v 0.702177 1.84451 0.407957
v 0.69791 1.71699 0.359528
v 0.699589 1.79413 0.36877
v 0.699002 1.80632 0.319393
v 0.699762 1.80209 0.354709
v 0.699675 1.80353 0.387147
v 0.698801 1.78878 0.314008
v 0.699135 1.69362 0.345125
v 0.698764 1.90501 0.409947
v 0.698109 1.77455 0.366318
v 0.704514 1.83571 0.367732
v 0.698893 1.72304 0.291757
v 0.686745 1.96105 0.347259
v 0.693292 1.76323 0.312079
v 0.702378 1.68041 0.331772
v 0.690326 1.90865 0.328937
v 0.693637 1.94443 0.377669
v 0.712033 1.85639 0.401536
v 0.701775 1.92387 0.382271
v 0.687849 1.95843 0.388102
v 0.224226 1.38294 -0.0658788
v 0.244092 1.37884 -0.0544412
v 0.230011 1.37984 -0.0565531
v 0.210963 1.39094 -0.0570356
v 0.198674 1.40102 -0.0516937
v 0.227766 1.38753 -0.0352595
v 0.221502 1.42634 0.024161
v 0.211377 1.41586 0.00203726
v 0.216205 1.40692 -0.00887344
v 0.204227 1.40317 -0.0297583
v 0.209537 1.40631 -0.0196574
v 0.201675 1.39936 -0.0473141
v 0.236317 1.3807 -0.0461803
v 0.214068 1.42037 0.00950321
v 0.226812 1.4087 0.00191169
v 0.221087 1.38531 -0.0488235
v 0.211165 1.39242 -0.0481501
v 0.22035 1.43987 0.0384679
v 0.210297 1.39516 -0.0754914
v 0.222298 1.40942 -0.118245
v 0.217944 1.47232 -0.189442
v 0.242593 1.37914 -0.0714848
v 0.222243 1.44123 -0.160022
v 0.242624 1.39755 -0.111917
v 0.211688 1.45181 -0.169555
v 0.232485 1.40472 -0.115311
v 0.200325 1.43267 -0.138585
v 0.196191 1.42385 -0.119241
v 0.227322 1.45399 -0.173683
v 0.230351 1.38264 -0.0755075
v 0.21005 1.41951 -0.12609
v 0.198329 0.473201 0.0900259
v 0.204263 0.465043 0.0858084
v 0.182326 0.482457 0.112684
v 0.180224 0.460109 0.1038
v 0.184463 0.459659 0.0970869
v 0.201759 0.50439 0.0811763
v 0.188184 0.517718 0.107355
v 0.200187 0.608819 0.103111
v 0.206275 0.610688 0.138389
v 0.194389 0.554444 0.109014
v 0.189242 0.550622 0.119575
v 0.199151 0.493811 0.0848504
v 0.199746 0.542884 0.0896778
v 0.198236 0.587088 0.0994073
v 0.196739 0.577393 0.107565
v 0.18705 0.496047 0.104155
v 0.210552 0.627029 0.126184
v 0.203162 0.612489 0.117069
v 0.196739 0.58842 0.12337
v 0.195603 0.515397 0.0987527
v 0.408296 0.401065 -0.261882
v 0.398247 0.364318 -0.234987
v 0.378907 0.415562 -0.219213
v 0.396064 0.431874 -0.271911
v 0.406919 0.369003 -0.199938
v 0.40919 0.375383 -0.184311
v 0.397359 0.378146 -0.211342
v 0.384532 0.417801 -0.242384
v 0.39262 0.422005 -0.260698
v 0.393098 0.386274 -0.227794
v 0.374276 0.424709 -0.225132
v 0.369478 0.428378 -0.240626
v 0.388194 0.396507 -0.20382
v 0.40223 0.377881 -0.247084
v 0.384994 0.406118 -0.230238
v 0.377466 0.426993 -0.248366
v 0.395264 0.414584 -0.2562
v 0.395869 0.380895 -0.236941
v 0.370328 0.437202 -0.240876
v 0.389701 0.404706 -0.240941
v 0.386953 0.39637 -0.219899
v 0.393259 0.390122 -0.191761
v 0.453196 0.0537856 -0.250301
v 0.501541 -0.00911113 -0.261227
v 0.536752 -0.0223725 -0.25813
v 0.456505 0.0265248 -0.251988
v 0.603371 0.0289274 -0.293766
v 0.596445 0.00261703 -0.250714
v 0.611165 0.0397942 -0.300464
v 0.526145 -0.0195564 -0.269369
v 0.566919 -0.00864104 -0.2847
v 0.588768 0.0295737 -0.314558
v 0.481764 0.00830292 -0.230596
v 0.573537 0.00122273 -0.280865
v 0.455687 0.0301996 -0.25591
v 0.495644 -0.00668463 -0.241054
v 0.550201 -0.0187238 -0.272862
v 0.477224 0.00651955 -0.248805
v 0.614658 0.0242003 -0.27972
v 0.572859 0.0305399 -0.322152
f 9 9893 9877
f 9877 9875 9
f 9864 89 88
f 89 9867 10
f 31 2 32
f 58 32 2
f 2 18 58
f 18 3 19
f 59 19 3
f 3 9817 59
f 65 59 9817
f 9817 9810 65
f 9824 9837 66
f 20 66 9837
f 9837 9808 20
f 61 20 9808
f 9806 34 61
f 9806 9825 35
f 35 9814 107
f 54 107 9814
f 9812 54 9814
f 116 11 9904
f 12 116 9904
f 12 9886 38
f 9886 4 38
f 39 4 9873
f 13 39 9873
f 15 14 9895
f 9895 9898 15
f 40 15 9898
f 9889 9903 42
f 9903 5 42
f 16 42 5
f 56 68 9805
f 9805 6 56
f 7 9842 21
f 9842 8 21
f 9833 8 9820
f 27 23 9835
f 9835 24 27
f 28 27 24
f 9893 9 72
f 50 9 9875
f 9862 9892 51
f 36 51 9892
f 9882 9864 37
f 88 37 9864
f 89 10 135
f 52 10 9911
f 53 52 9911
f 45 38 4
f 4 39 45
f 69 13 14
f 14 15 69
f 131 46 9889
f 42 131 9889
f 9888 70 16
f 9888 17 47
f 59 65 79
f 66 94 9824
f 9806 35 34
f 55 54 9812
f 56 95 68
f 62 82 8
f 8 9833 62
f 92 9821 22
f 22 9801 92
f 74 92 9801
f 9801 23 74
f 27 74 23
f 28 24 63
f 24 9804 63
f 29 63 9804
f 9804 25 29
f 25 26 76
f 77 76 26
f 26 9803 77
f 83 77 9803
f 9833 9821 62
f 92 62 9821
f 27 28 119
f 30 9813 57
f 78 57 9813
f 9813 31 78
f 31 32 78
f 104 78 32
f 18 19 64
f 20 61 60
f 60 61 34
f 55 68 108
f 36 9882 37
f 88 87 37
f 52 90 10
f 11 114 53
f 12 38 110
f 45 142 38
f 69 15 80
f 40 80 15
f 42 16 81
f 17 9906 48
f 71 43 9893
f 50 72 9
f 50 1 9881
f 45 39 129
f 13 69 143
f 41 46 131
f 131 42 97
f 98 70 9888
f 9888 47 98
f 150 49 43
f 72 71 9893
f 133 86 50
f 9881 133 50
f 36 100 51
f 10 90 135
f 52 53 101
f 53 114 101
f 11 116 115
f 116 12 110
f 35 107 126
f 107 54 127
f 54 55 108
f 109 108 68
f 56 6 128
f 7 73 6
f 21 8 102
f 8 82 102
f 75 74 27
f 119 75 27
f 32 58 104
f 139 104 58
f 58 18 139
f 64 139 18
f 122 19 59
f 79 122 59
f 33 94 123
f 105 94 66
f 20 149 66
f 20 60 67
f 91 73 7
f 7 21 91
f 102 91 21
f 92 82 62
f 28 63 103
f 120 103 63
f 25 137 29
f 25 76 198
f 77 83 185
f 57 159 30
f 139 64 93
f 64 19 122
f 65 33 123
f 149 105 66
f 35 106 34
f 35 126 106
f 127 140 107
f 108 127 54
f 95 109 68
f 128 6 73
f 129 142 45
f 39 13 143
f 80 96 69
f 40 41 85
f 131 85 41
f 47 17 176
f 43 71 150
f 112 71 72
f 72 50 86
f 9881 51 100
f 115 114 11
f 75 147 74
f 119 28 103
f 63 29 120
f 137 25 198
f 76 77 184
f 84 93 64
f 122 84 64
f 123 79 65
f 67 149 20
f 106 60 34
f 169 110 38
f 142 169 38
f 143 129 39
f 96 143 69
f 85 80 40
f 81 97 42
f 164 48 49
f 49 150 132
f 100 36 113
f 90 52 101
f 168 115 116
f 91 136 73
f 82 92 117
f 92 74 118
f 120 29 137
f 77 185 184
f 30 158 83
f 105 124 94
f 106 125 60
f 126 107 215
f 128 95 56
f 16 70 236
f 98 47 99
f 176 99 47
f 146 176 17
f 17 48 146
f 112 151 71
f 72 86 112
f 100 133 9881
f 36 37 152
f 167 88 89
f 135 167 89
f 153 135 90
f 102 136 91
f 102 82 155
f 82 117 155
f 117 92 118
f 147 118 74
f 184 198 76
f 138 159 57
f 57 78 138
f 104 121 78
f 84 122 160
f 123 94 124
f 67 60 125
f 200 140 127
f 174 109 95
f 128 174 95
f 129 143 130
f 236 70 111
f 70 98 111
f 99 111 98
f 132 164 49
f 133 100 134
f 113 134 100
f 116 110 195
f 209 155 117
f 158 185 83
f 139 121 104
f 160 93 84
f 140 215 107
f 108 109 173
f 169 195 110
f 202 143 96
f 96 80 162
f 131 97 145
f 151 150 71
f 133 177 86
f 113 36 178
f 152 178 36
f 207 153 90
f 101 207 90
f 101 114 154
f 154 114 180
f 114 115 180
f 195 168 116
f 102 155 170
f 117 118 209
f 75 119 156
f 157 119 103
f 103 120 157
f 159 158 30
f 121 138 78
f 148 160 122
f 122 79 148
f 105 149 187
f 215 106 126
f 141 127 108
f 73 174 128
f 142 129 161
f 175 161 129
f 129 130 175
f 131 144 85
f 145 97 163
f 97 81 163
f 81 16 236
f 99 176 190
f 146 249 176
f 164 146 48
f 150 221 132
f 112 86 177
f 134 177 133
f 178 165 113
f 166 87 88
f 88 167 166
f 167 135 193
f 153 193 135
f 101 154 208
f 136 102 170
f 119 157 156
f 137 183 120
f 138 121 211
f 93 171 139
f 160 172 93
f 187 124 105
f 173 141 108
f 169 142 161
f 202 130 143
f 162 202 96
f 80 85 162
f 145 144 131
f 151 112 204
f 177 204 112
f 165 134 113
f 208 207 101
f 168 180 115
f 181 136 170
f 170 155 182
f 227 118 147
f 147 75 227
f 157 120 183
f 186 148 79
f 124 186 123
f 187 149 213
f 214 213 149
f 149 67 214
f 199 67 125
f 141 200 127
f 174 173 109
f 216 174 73
f 144 162 85
f 144 145 220
f 236 163 81
f 236 111 189
f 238 221 150
f 150 151 238
f 204 238 151
f 177 134 191
f 192 152 37
f 37 87 192
f 166 223 87
f 167 179 166
f 155 209 182
f 118 227 196
f 75 156 197
f 156 157 197
f 183 197 157
f 159 138 210
f 138 211 210
f 79 123 186
f 187 212 124
f 199 214 67
f 106 199 125
f 201 169 161
f 161 175 217
f 175 130 218
f 188 220 145
f 145 163 188
f 266 189 111
f 111 99 266
f 99 190 266
f 164 132 250
f 221 250 132
f 165 178 206
f 223 192 87
f 167 193 179
f 154 180 194
f 264 180 168
f 182 181 170
f 197 227 75
f 183 137 229
f 230 229 137
f 137 198 230
f 158 159 210
f 121 139 272
f 171 272 139
f 171 93 172
f 172 160 287
f 186 124 231
f 212 231 124
f 232 199 106
f 215 232 106
f 274 173 174
f 174 216 274
f 73 136 216
f 218 217 175
f 203 202 162
f 162 144 203
f 250 146 164
f 191 205 177
f 134 165 191
f 281 206 178
f 178 152 281
f 152 192 222
f 166 179 223
f 193 153 225
f 207 225 153
f 194 208 154
f 195 264 168
f 182 209 240
f 209 118 196
f 270 196 227
f 226 270 227
f 185 255 184
f 211 121 272
f 160 148 287
f 148 186 244
f 187 213 212
f 173 274 233
f 181 216 136
f 217 201 161
f 218 130 234
f 235 234 130
f 202 235 130
f 188 163 290
f 236 290 163
f 249 190 176
f 205 204 177
f 191 165 239
f 165 206 239
f 206 281 253
f 222 281 152
f 223 222 192
f 179 193 224
f 225 224 193
f 254 264 195
f 195 169 254
f 209 196 240
f 197 183 228
f 242 228 183
f 255 230 198
f 198 184 255
f 171 172 322
f 244 287 148
f 199 232 259
f 215 140 246
f 200 141 247
f 141 173 233
f 201 254 169
f 276 235 202
f 202 203 276
f 203 144 219
f 144 220 219
f 250 310 146
f 250 221 237
f 267 238 204
f 277 267 204
f 204 205 277
f 251 205 191
f 223 179 262
f 224 262 179
f 263 225 207
f 207 208 263
f 208 194 263
f 194 180 295
f 275 260 181
f 181 182 275
f 269 275 182
f 182 240 269
f 283 240 196
f 270 283 196
f 227 197 241
f 183 229 242
f 243 271 185
f 185 158 243
f 210 211 256
f 256 211 272
f 172 287 322
f 186 231 257
f 212 245 231
f 213 258 212
f 214 199 259
f 232 215 246
f 140 200 246
f 247 246 200
f 233 247 141
f 216 181 260
f 203 219 276
f 220 188 248
f 290 248 188
f 236 189 291
f 310 249 146
f 267 221 238
f 251 191 252
f 191 239 252
f 239 206 253
f 264 295 180
f 297 270 226
f 241 226 227
f 228 241 197
f 286 242 229
f 229 230 286
f 356 158 210
f 210 256 356
f 257 244 186
f 258 245 212
f 316 274 216
f 216 260 316
f 327 201 217
f 217 218 265
f 218 234 265
f 276 219 309
f 289 309 219
f 219 220 289
f 248 289 220
f 291 290 236
f 343 291 189
f 221 267 331
f 277 205 268
f 251 252 279
f 280 252 239
f 253 280 239
f 222 223 282
f 314 282 223
f 223 262 314
f 224 225 294
f 306 269 240
f 283 306 240
f 270 297 285
f 241 297 226
f 255 185 271
f 356 243 158
f 272 171 300
f 322 300 171
f 257 287 244
f 258 338 245
f 213 214 288
f 259 288 214
f 247 233 273
f 304 273 233
f 233 274 304
f 265 327 217
f 328 234 235
f 189 266 343
f 266 190 330
f 190 249 344
f 292 344 249
f 249 310 292
f 237 425 250
f 237 221 331
f 268 333 277
f 311 251 279
f 319 279 252
f 281 222 261
f 282 261 222
f 262 224 315
f 294 315 224
f 294 225 263
f 295 263 194
f 284 283 270
f 355 286 230
f 230 255 299
f 271 299 255
f 256 272 395
f 300 395 272
f 287 358 322
f 231 245 337
f 246 247 302
f 273 302 247
f 316 260 317
f 315 314 262
f 264 254 296
f 254 201 307
f 265 234 348
f 235 276 328
f 330 343 266
f 310 250 425
f 277 332 267
f 278 333 268
f 268 311 278
f 275 269 326
f 306 305 269
f 284 353 283
f 285 401 284
f 284 270 285
f 299 355 230
f 258 213 323
f 288 323 213
f 288 259 301
f 259 232 301
f 325 301 232
f 232 246 325
f 302 325 246
f 304 303 273
f 316 304 274
f 9687 260 275
f 201 327 307
f 308 327 265
f 329 328 276
f 248 290 342
f 330 190 344
f 333 332 277
f 253 281 398
f 261 398 281
f 282 313 261
f 314 293 282
f 264 296 295
f 306 283 353
f 354 297 241
f 241 228 298
f 338 337 245
f 303 302 273
f 9687 317 260
f 234 328 348
f 289 377 309
f 248 341 289
f 290 291 363
f 291 343 364
f 292 310 365
f 331 267 378
f 332 378 267
f 333 278 349
f 319 280 334
f 312 334 280
f 280 253 312
f 398 312 253
f 293 313 282
f 9700 314 315
f 294 263 336
f 320 336 263
f 295 320 263
f 307 296 254
f 285 297 321
f 354 321 297
f 370 228 242
f 242 286 370
f 271 243 371
f 322 372 300
f 257 231 383
f 323 338 258
f 288 301 324
f 325 324 301
f 304 316 303
f 326 9687 275
f 353 360 306
f 351 318 307
f 307 327 351
f 265 348 308
f 377 329 276
f 276 309 377
f 425 237 426
f 333 388 332
f 278 311 389
f 311 279 366
f 261 313 380
f 9700 293 314
f 336 9700 315
f 315 294 336
f 318 9698 296
f 296 307 318
f 305 306 360
f 241 298 354
f 355 431 286
f 371 299 271
f 419 356 256
f 372 395 300
f 323 374 338
f 324 323 288
f 325 302 339
f 303 339 302
f 303 316 340
f 9688 340 316
f 317 9688 316
f 9687 326 435
f 342 341 248
f 342 290 363
f 363 291 364
f 237 331 426
f 378 426 331
f 279 319 366
f 319 334 345
f 391 398 261
f 380 391 261
f 313 293 335
f 9700 335 293
f 369 353 284
f 284 401 369
f 285 321 401
f 450 354 298
f 299 371 475
f 256 395 419
f 372 322 357
f 358 357 322
f 383 231 337
f 337 338 373
f 323 324 9686
f 9683 9686 324
f 324 325 9683
f 326 269 359
f 308 351 327
f 425 365 310
f 388 378 332
f 388 333 349
f 349 278 350
f 379 350 278
f 389 379 278
f 366 389 311
f 366 319 345
f 313 335 380
f 9700 336 346
f 347 346 336
f 336 320 347
f 298 228 381
f 370 381 228
f 370 286 431
f 382 403 287
f 287 257 382
f 257 383 382
f 374 373 338
f 384 374 323
f 9686 384 323
f 303 340 9685
f 9688 9685 340
f 359 269 305
f 361 348 328
f 329 361 328
f 377 289 362
f 341 362 289
f 423 342 363
f 424 364 343
f 292 386 344
f 367 334 312
f 312 398 367
f 351 308 9702
f 375 308 348
f 348 361 375
f 344 465 330
f 388 387 378
f 388 349 409
f 350 409 349
f 350 379 410
f 510 389 366
f 366 345 390
f 345 334 411
f 9702 9703 351
f 9687 435 352
f 475 355 299
f 358 287 403
f 354 394 321
f 243 356 417
f 418 417 356
f 395 372 420
f 421 382 383
f 337 405 404
f 405 337 373
f 435 326 385
f 359 385 326
f 368 360 353
f 376 361 329
f 329 377 376
f 362 341 407
f 423 363 408
f 363 364 408
f 465 424 343
f 343 330 465
f 390 510 366
f 411 390 345
f 380 335 399
f 335 9699 393
f 461 440 401
f 401 321 461
f 394 461 321
f 298 381 450
f 381 370 431
f 356 419 418
f 420 372 402
f 372 357 402
f 403 382 9564
f 382 421 9564
f 404 383 337
f 308 375 428
f 362 415 377
f 341 342 407
f 365 386 292
f 387 426 378
f 410 409 350
f 410 379 397
f 497 397 379
f 379 389 497
f 367 411 334
f 398 391 469
f 391 380 392
f 399 392 380
f 393 399 335
f 527 369 401
f 354 450 449
f 431 355 416
f 374 384 422
f 406 422 384
f 384 9681 406
f 396 406 9681
f 434 396 352
f 435 434 352
f 305 360 439
f 413 438 375
f 361 413 375
f 414 361 376
f 376 377 414
f 415 414 377
f 426 387 459
f 387 388 467
f 388 409 467
f 397 468 410
f 399 393 448
f 427 448 393
f 368 369 400
f 394 354 441
f 475 416 355
f 417 371 243
f 357 358 443
f 403 443 358
f 404 421 383
f 373 374 422
f 359 305 439
f 362 407 415
f 423 407 342
f 386 465 344
f 386 365 458
f 482 467 409
f 483 409 410
f 447 469 391
f 391 392 447
f 448 427 412
f 427 9702 437
f 428 437 9702
f 9702 308 428
f 438 428 375
f 429 413 361
f 440 527 401
f 431 451 381
f 431 416 529
f 416 475 529
f 419 395 462
f 402 357 442
f 396 434 464
f 439 360 368
f 407 423 456
f 423 408 444
f 408 364 457
f 424 457 364
f 365 425 480
f 483 482 409
f 367 398 436
f 448 392 399
f 414 429 361
f 414 415 430
f 441 461 394
f 441 354 449
f 395 420 462
f 443 442 357
f 421 404 432
f 433 432 404
f 404 405 433
f 454 433 405
f 405 373 454
f 422 454 373
f 406 396 464
f 434 435 455
f 415 407 495
f 456 495 407
f 444 456 423
f 479 424 465
f 426 480 425
f 459 480 426
f 467 466 387
f 468 483 410
f 497 389 445
f 510 445 389
f 367 436 411
f 446 436 398
f 469 446 398
f 427 437 412
f 438 437 428
f 430 429 414
f 368 400 515
f 527 400 369
f 440 461 472
f 450 381 500
f 451 500 381
f 529 451 431
f 418 419 492
f 420 402 452
f 421 432 463
f 422 406 489
f 464 489 406
f 455 464 434
f 385 455 435
f 439 490 359
f 439 368 486
f 457 444 408
f 458 365 480
f 466 459 387
f 447 392 484
f 392 448 484
f 485 437 438
f 368 515 486
f 472 471 440
f 441 449 499
f 419 462 492
f 476 462 420
f 420 452 476
f 402 442 452
f 443 403 9573
f 9586 433 453
f 433 454 453
f 545 454 422
f 385 359 490
f 495 478 415
f 460 538 397
f 397 497 460
f 390 411 511
f 470 484 448
f 412 470 448
f 438 413 485
f 429 430 514
f 527 552 400
f 461 441 473
f 499 473 441
f 474 499 449
f 474 449 450
f 450 500 474
f 417 418 517
f 492 517 418
f 403 9564 9573
f 477 9573 9564
f 9564 463 477
f 463 9586 503
f 9586 453 503
f 545 453 454
f 489 545 422
f 455 531 464
f 430 415 478
f 496 495 456
f 479 534 457
f 457 424 479
f 466 467 481
f 483 468 547
f 538 468 397
f 510 390 523
f 511 523 390
f 485 412 437
f 485 413 525
f 413 429 513
f 551 513 429
f 515 400 526
f 528 472 461
f 473 528 461
f 442 443 488
f 9573 488 443
f 477 463 544
f 493 544 463
f 463 503 493
f 489 464 531
f 385 490 455
f 478 495 494
f 444 496 456
f 444 457 521
f 522 479 465
f 465 386 522
f 386 458 522
f 481 459 466
f 481 467 537
f 467 482 537
f 538 548 468
f 524 511 411
f 469 447 446
f 512 446 447
f 491 470 412
f 485 491 412
f 525 413 513
f 551 429 514
f 515 487 486
f 552 526 400
f 500 451 516
f 530 529 475
f 530 475 371
f 371 417 530
f 502 476 452
f 442 502 452
f 544 9573 477
f 555 503 453
f 545 555 453
f 506 496 444
f 534 521 457
f 507 480 459
f 547 482 483
f 548 547 468
f 460 497 574
f 411 436 524
f 447 484 512
f 470 498 484
f 439 486 541
f 487 541 486
f 528 471 472
f 529 516 451
f 476 501 462
f 554 501 476
f 502 554 476
f 488 502 442
f 519 488 9573
f 505 504 455
f 490 505 455
f 459 481 508
f 550 524 436
f 436 446 550
f 470 491 539
f 525 491 485
f 478 514 430
f 490 439 541
f 515 526 593
f 552 527 553
f 542 651 471
f 474 500 568
f 516 568 500
f 518 517 492
f 492 462 518
f 488 519 571
f 493 503 520
f 590 545 489
f 531 455 504
f 494 495 572
f 495 496 572
f 458 480 536
f 507 536 480
f 459 508 507
f 537 561 481
f 482 547 509
f 445 574 497
f 445 510 565
f 512 484 498
f 539 566 498
f 498 470 539
f 513 607 525
f 462 501 518
f 571 502 488
f 503 555 589
f 489 531 578
f 504 505 557
f 532 557 505
f 505 490 532
f 478 494 558
f 444 521 506
f 535 533 534
f 534 479 535
f 522 535 479
f 561 508 481
f 509 537 482
f 523 565 510
f 524 549 511
f 512 550 446
f 512 498 566
f 513 551 585
f 487 515 593
f 586 528 473
f 499 474 567
f 543 516 529
f 530 417 569
f 517 569 417
f 493 577 544
f 520 577 493
f 578 590 489
f 556 578 531
f 602 572 496
f 496 506 602
f 506 521 582
f 533 582 521
f 521 534 533
f 522 458 560
f 507 508 617
f 546 617 508
f 508 561 546
f 509 562 537
f 538 460 564
f 551 514 540
f 552 593 526
f 553 613 552
f 569 543 529
f 530 569 529
f 518 598 517
f 664 554 502
f 571 664 502
f 519 544 588
f 520 503 589
f 555 545 590
f 531 504 556
f 557 556 504
f 557 532 579
f 535 522 560
f 536 560 458
f 617 536 507
f 562 561 537
f 644 563 538
f 564 644 538
f 523 511 619
f 511 549 619
f 550 512 583
f 566 583 512
f 539 491 576
f 525 576 491
f 487 580 541
f 586 473 596
f 597 567 474
f 568 597 474
f 569 517 598
f 501 554 638
f 609 571 519
f 577 588 544
f 558 494 559
f 572 602 601
f 548 538 563
f 573 564 460
f 460 574 573
f 574 445 565
f 565 523 619
f 583 524 550
f 566 539 575
f 539 576 575
f 540 585 551
f 608 540 514
f 613 628 552
f 553 527 629
f 527 651 629
f 542 471 594
f 595 594 471
f 471 528 595
f 528 586 595
f 518 501 638
f 664 570 554
f 588 609 519
f 589 555 590
f 556 557 611
f 579 532 612
f 572 559 494
f 582 581 506
f 656 582 533
f 584 605 583
f 583 566 584
f 9621 584 566
f 575 9621 566
f 649 576 525
f 525 607 649
f 650 513 585
f 514 478 608
f 608 478 558
f 593 552 628
f 543 569 622
f 611 578 556
f 579 611 557
f 532 541 580
f 559 572 601
f 581 602 506
f 533 535 603
f 536 617 604
f 630 546 561
f 561 562 630
f 591 509 547
f 573 574 659
f 565 659 574
f 568 516 587
f 516 543 587
f 570 638 554
f 623 609 588
f 577 520 684
f 579 600 611
f 580 487 592
f 592 487 593
f 628 627 593
f 558 559 9661
f 604 535 560
f 560 536 604
f 698 617 546
f 591 562 509
f 645 619 549
f 549 524 645
f 524 583 645
f 605 645 583
f 605 584 620
f 584 9621 620
f 9619 620 9621
f 576 9620 575
f 650 607 513
f 608 661 540
f 629 636 553
f 663 597 568
f 638 598 518
f 623 588 599
f 640 599 588
f 588 577 640
f 684 624 577
f 520 589 653
f 590 578 610
f 578 611 610
f 697 665 612
f 612 532 697
f 580 697 532
f 608 558 614
f 615 614 558
f 559 601 641
f 656 581 582
f 535 604 603
f 657 591 547
f 547 548 657
f 548 563 657
f 565 619 618
f 645 679 619
f 621 620 9619
f 9619 606 621
f 682 650 585
f 585 540 682
f 627 592 593
f 613 553 636
f 629 651 716
f 673 586 596
f 663 568 587
f 637 622 569
f 598 637 569
f 638 637 598
f 624 640 577
f 653 684 520
f 589 590 625
f 600 579 626
f 9661 615 558
f 641 9661 559
f 601 602 616
f 602 581 616
f 617 698 604
f 563 644 657
f 573 699 564
f 618 659 565
f 645 605 632
f 620 632 605
f 620 621 646
f 9622 9620 634
f 9620 576 634
f 649 607 635
f 650 635 607
f 622 587 543
f 639 571 609
f 676 639 609
f 623 676 609
f 610 625 590
f 610 611 654
f 600 654 611
f 626 696 600
f 665 626 579
f 579 612 665
f 628 613 686
f 636 686 613
f 594 595 718
f 595 586 718
f 634 576 648
f 540 661 682
f 608 614 661
f 614 615 9657
f 9661 9657 615
f 642 641 601
f 601 616 642
f 533 603 656
f 666 656 603
f 630 562 643
f 679 618 619
f 631 679 645
f 646 632 620
f 663 587 674
f 637 638 675
f 652 676 623
f 623 599 652
f 640 624 722
f 653 589 625
f 696 626 678
f 592 697 580
f 627 628 686
f 616 581 687
f 603 604 666
f 698 666 604
f 690 562 591
f 699 658 644
f 644 564 699
f 679 700 618
f 633 634 647
f 576 649 648
f 733 661 614
f 685 655 627
f 594 718 752
f 673 718 586
f 597 663 662
f 638 570 675
f 705 722 624
f 684 705 624
f 654 625 610
f 654 600 696
f 687 581 708
f 581 656 708
f 698 546 667
f 630 667 546
f 690 591 746
f 657 746 591
f 657 644 755
f 644 658 755
f 659 699 573
f 632 646 660
f 668 660 646
f 670 633 671
f 634 648 680
f 672 648 649
f 649 635 672
f 681 635 650
f 650 682 681
f 694 716 651
f 651 542 694
f 717 694 542
f 542 594 717
f 570 664 704
f 599 677 652
f 599 640 677
f 640 722 677
f 653 724 684
f 725 678 626
f 626 665 725
f 655 697 592
f 686 685 627
f 687 642 616
f 562 690 643
f 699 659 709
f 645 632 691
f 660 691 632
f 648 672 680
f 635 681 767
f 682 661 715
f 752 717 594
f 718 673 735
f 675 570 703
f 664 571 704
f 639 704 571
f 705 684 810
f 738 625 654
f 696 739 654
f 697 725 665
f 636 629 693
f 629 716 693
f 708 656 688
f 690 746 745
f 679 631 747
f 691 631 645
f 660 668 691
f 669 691 668
f 713 669 670
f 731 671 633
f 767 672 635
f 715 767 682
f 733 715 661
f 614 692 733
f 587 622 719
f 720 719 622
f 637 720 622
f 637 675 683
f 703 683 675
f 676 652 721
f 810 684 724
f 741 753 697
f 697 655 741
f 642 9662 641
f 656 666 688
f 689 688 666
f 618 700 729
f 747 700 679
f 730 713 670
f 670 671 730
f 750 730 671
f 633 647 731
f 680 714 647
f 680 672 714
f 681 682 767
f 751 692 9656
f 716 694 829
f 662 663 701
f 695 701 663
f 674 695 663
f 683 702 637
f 704 703 570
f 676 704 639
f 653 625 706
f 739 738 654
f 696 740 739
f 655 685 741
f 726 741 685
f 727 685 686
f 708 707 687
f 666 698 689
f 643 690 745
f 709 659 729
f 659 618 729
f 712 711 631
f 631 691 712
f 730 750 784
f 714 672 766
f 751 733 692
f 693 716 734
f 805 829 694
f 694 717 805
f 719 674 587
f 702 720 637
f 788 702 683
f 683 703 788
f 704 676 9581
f 736 9581 676
f 652 677 773
f 677 722 773
f 706 724 653
f 706 625 738
f 725 697 753
f 686 636 727
f 742 727 636
f 636 693 742
f 688 689 801
f 754 689 698
f 667 754 698
f 630 643 744
f 745 744 643
f 746 657 755
f 728 658 699
f 709 728 699
f 747 631 710
f 711 710 631
f 764 712 691
f 691 669 764
f 713 764 669
f 672 767 766
f 701 757 735
f 735 662 701
f 703 704 9581
f 721 652 773
f 722 705 723
f 724 706 759
f 737 759 706
f 706 738 737
f 678 725 791
f 726 685 792
f 707 708 743
f 760 743 708
f 708 688 760
f 667 630 744
f 747 763 700
f 748 711 712
f 713 730 749
f 730 784 814
f 732 817 767
f 767 715 732
f 715 733 732
f 769 732 733
f 829 734 716
f 717 752 832
f 752 718 807
f 830 807 718
f 773 736 721
f 723 773 722
f 759 737 775
f 740 696 678
f 725 753 778
f 781 707 743
f 688 801 760
f 729 700 763
f 712 764 748
f 814 749 730
f 765 750 671
f 671 731 765
f 647 714 731
f 786 769 733
f 733 751 786
f 808 718 735
f 757 808 735
f 719 695 674
f 788 703 9567
f 703 9581 9567
f 736 771 9581
f 758 810 724
f 724 759 758
f 776 737 738
f 738 739 776
f 861 776 739
f 791 777 678
f 741 726 779
f 685 727 792
f 742 693 804
f 734 804 693
f 745 746 823
f 746 755 823
f 755 761 9604
f 658 728 762
f 709 729 855
f 763 747 812
f 710 812 747
f 710 711 813
f 783 711 748
f 857 764 713
f 765 784 750
f 817 732 756
f 768 756 732
f 732 769 768
f 787 805 717
f 717 832 787
f 806 832 752
f 752 807 806
f 720 702 831
f 788 831 702
f 771 9567 9581
f 773 772 736
f 774 723 705
f 705 810 774
f 759 775 860
f 861 739 740
f 777 848 740
f 740 678 777
f 826 791 725
f 778 826 725
f 741 778 753
f 726 792 837
f 801 689 802
f 803 689 754
f 9604 823 755
f 761 658 762
f 763 897 729
f 794 783 748
f 748 764 794
f 858 857 713
f 713 749 858
f 814 784 795
f 785 765 731
f 731 714 785
f 766 785 714
f 780 786 751
f 734 829 863
f 808 830 718
f 695 719 770
f 720 770 719
f 771 736 790
f 772 790 736
f 811 810 758
f 741 779 778
f 837 779 726
f 876 800 781
f 801 782 760
f 803 802 689
f 754 667 803
f 744 803 667
f 728 709 842
f 793 813 711
f 711 783 793
f 857 794 764
f 825 858 749
f 749 814 825
f 815 784 765
f 817 766 767
f 756 768 820
f 797 820 768
f 798 797 768
f 768 769 798
f 769 786 818
f 799 818 786
f 786 780 799
f 863 804 734
f 833 757 701
f 770 701 695
f 770 720 831
f 788 9567 809
f 789 771 790
f 772 773 834
f 773 723 834
f 774 810 846
f 859 758 759
f 860 859 759
f 778 779 836
f 837 836 779
f 792 727 827
f 727 742 827
f 780 800 819
f 781 743 876
f 743 853 894
f 744 745 841
f 710 824 812
f 813 824 710
f 796 795 784
f 815 796 784
f 766 817 785
f 820 817 756
f 818 798 769
f 863 829 885
f 831 788 866
f 809 866 788
f 835 723 774
f 924 775 737
f 828 827 742
f 742 804 828
f 855 842 709
f 897 855 729
f 824 843 812
f 844 783 794
f 909 844 794
f 857 909 794
f 916 814 795
f 765 785 815
f 816 785 817
f 852 819 800
f 876 852 800
f 894 876 743
f 802 853 782
f 782 801 802
f 854 802 803
f 803 744 822
f 744 841 822
f 745 823 841
f 823 9604 878
f 791 826 883
f 826 778 883
f 884 883 778
f 836 884 778
f 837 792 827
f 901 828 804
f 804 863 901
f 833 808 757
f 865 833 701
f 701 770 865
f 867 866 809
f 809 789 867
f 789 790 868
f 845 868 790
f 790 772 845
f 835 834 723
f 835 774 846
f 811 846 810
f 811 758 859
f 812 897 763
f 793 824 813
f 793 783 844
f 825 814 9666
f 916 9666 814
f 875 816 817
f 817 820 875
f 821 797 798
f 838 821 798
f 798 818 838
f 839 838 818
f 818 799 839
f 840 839 799
f 799 780 840
f 819 840 780
f 822 854 803
f 878 877 823
f 797 875 820
f 933 894 853
f 853 802 895
f 854 895 802
f 841 823 877
f 908 935 9605
f 9605 762 908
f 728 908 762
f 897 812 880
f 858 873 857
f 858 825 874
f 9667 874 825
f 916 795 890
f 795 796 890
f 850 796 815
f 815 785 850
f 924 776 899
f 791 883 882
f 829 805 953
f 805 787 953
f 830 808 9577
f 770 831 902
f 866 902 831
f 832 886 787
f 832 806 886
f 806 807 887
f 807 9577 887
f 864 9577 808
f 808 833 864
f 902 865 770
f 867 789 888
f 845 772 870
f 772 834 870
f 871 870 834
f 872 871 835
f 903 872 835
f 835 846 903
f 846 811 9669
f 847 9669 811
f 811 859 847
f 859 860 911
f 848 777 913
f 882 913 777
f 777 791 882
f 836 837 862
f 827 862 837
f 827 828 849
f 850 890 796
f 816 850 785
f 797 821 917
f 851 821 838
f 838 839 851
f 840 851 839
f 932 840 819
f 822 841 877
f 879 9605 935
f 843 880 812
f 898 824 793
f 793 844 898
f 909 898 844
f 806 887 954
f 867 927 866
f 789 868 888
f 869 868 845
f 845 870 869
f 903 846 889
f 9669 889 846
f 912 899 776
f 848 913 1020
f 884 836 862
f 890 850 9595
f 917 875 797
f 891 917 821
f 852 932 819
f 852 876 958
f 893 958 876
f 853 895 933
f 822 907 854
f 822 877 907
f 988 935 908
f 842 976 728
f 856 855 897
f 909 857 910
f 857 873 910
f 992 873 858
f 948 992 858
f 858 874 948
f 924 899 964
f 1020 912 776
f 776 861 1020
f 740 1020 861
f 862 827 965
f 827 849 965
f 938 849 828
f 901 863 952
f 926 952 863
f 863 885 926
f 953 885 829
f 954 886 806
f 914 887 9577
f 865 864 833
f 927 867 888
f 928 888 868
f 870 871 872
f 873 992 1007
f 9595 904 890
f 906 891 821
f 892 906 821
f 821 851 892
f 894 893 876
f 907 974 854
f 877 878 934
f 896 934 878
f 878 879 896
f 935 896 879
f 842 855 1032
f 880 920 897
f 923 9575 881
f 740 848 1020
f 900 882 883
f 883 884 900
f 884 862 900
f 997 926 885
f 953 997 885
f 939 953 787
f 864 914 9577
f 902 866 927
f 915 927 888
f 903 889 9608
f 904 916 890
f 917 905 875
f 892 851 918
f 851 840 919
f 840 932 919
f 974 933 895
f 895 854 974
f 976 908 728
f 856 897 920
f 880 843 936
f 843 824 921
f 824 898 921
f 911 860 922
f 979 9575 923
f 881 924 923
f 950 964 899
f 899 912 950
f 882 900 951
f 900 862 994
f 965 849 925
f 828 901 938
f 952 938 901
f 787 886 939
f 864 865 914
f 940 865 902
f 927 940 902
f 928 915 888
f 872 903 942
f 9608 942 903
f 905 904 9595
f 906 892 931
f 918 931 892
f 932 852 945
f 893 959 958
f 894 933 960
f 934 974 907
f 907 877 934
f 976 842 1032
f 856 1032 855
f 977 920 880
f 880 936 977
f 921 936 843
f 921 898 937
f 898 909 937
f 909 910 947
f 910 873 991
f 979 922 860
f 860 9575 979
f 913 882 993
f 951 993 882
f 965 994 862
f 966 939 886
f 886 954 966
f 887 914 954
f 940 914 865
f 967 927 915
f 869 928 868
f 916 904 9664
f 917 891 986
f 918 851 944
f 851 919 944
f 958 945 852
f 893 894 946
f 960 946 894
f 988 961 935
f 947 910 991
f 948 874 963
f 923 924 1019
f 1052 1019 924
f 964 1052 924
f 913 993 980
f 925 981 965
f 925 849 938
f 955 982 940
f 940 927 955
f 927 967 956
f 1001 928 869
f 869 929 941
f 9608 930 943
f 905 969 904
f 986 905 917
f 944 1002 918
f 945 919 932
f 893 946 959
f 974 960 933
f 974 934 975
f 896 935 987
f 961 987 935
f 988 908 989
f 976 989 908
f 856 920 990
f 962 977 936
f 921 962 936
f 937 909 947
f 991 873 1070
f 873 1007 1070
f 949 963 874
f 922 979 978
f 1008 950 912
f 1020 1008 912
f 980 1009 1020
f 1020 913 980
f 994 951 900
f 938 1023 925
f 938 952 1024
f 926 995 952
f 1010 953 939
f 939 966 1034
f 982 954 914
f 914 940 982
f 955 927 956
f 967 915 1011
f 869 941 1001
f 984 1001 941
f 942 984 941
f 942 943 984
f 943 930 985
f 930 9671 985
f 905 986 1013
f 1002 931 918
f 970 1002 944
f 957 970 944
f 944 919 957
f 919 945 971
f 945 958 972
f 958 959 1003
f 959 946 973
f 960 973 946
f 934 896 9639
f 987 9639 896
f 977 990 920
f 937 962 921
f 937 947 1059
f 991 1059 947
f 1134 992 948
f 963 1134 948
f 979 923 1051
f 923 1019 1018
f 1022 951 994
f 995 1024 952
f 953 1010 997
f 999 966 954
f 985 984 943
f 9671 968 985
f 9664 904 969
f 1013 969 905
f 931 1067 906
f 971 957 919
f 958 1003 972
f 9639 975 934
f 9641 987 961
f 961 988 9641
f 990 1016 856
f 978 979 9672
f 1018 1051 923
f 964 950 1052
f 994 965 981
f 981 925 1023
f 1023 938 1127
f 1034 966 998
f 982 999 954
f 955 956 1000
f 956 967 983
f 967 1011 983
f 928 1011 915
f 1017 968 9670
f 1002 1028 931
f 1057 1002 970
f 959 973 1003
f 1004 973 960
f 1004 960 974
f 974 975 1004
f 990 977 1006
f 977 962 1006
f 962 937 1033
f 1059 991 1060
f 1084 992 1134
f 1051 9672 979
f 1008 1052 950
f 1020 1125 1008
f 1021 1009 980
f 993 1021 980
f 1127 938 1024
f 926 996 995
f 1135 997 1010
f 998 1035 1034
f 1036 998 966
f 966 999 1036
f 982 955 1025
f 1000 1025 955
f 1027 1000 956
f 983 1027 956
f 1011 928 1039
f 928 1001 1039
f 1041 1001 984
f 984 985 1012
f 1079 1013 986
f 1042 1066 906
f 906 1067 1042
f 1028 1067 931
f 9600 1057 970
f 972 971 945
f 1004 1003 973
f 9640 1004 975
f 987 9641 1005
f 9641 988 1015
f 989 1015 988
f 1072 1007 992
f 992 1084 1072
f 1017 1049 968
f 1017 9670 1062
f 9673 1050 9670
f 993 951 1022
f 981 1022 994
f 926 1085 996
f 926 997 1085
f 1010 939 1148
f 939 1034 1148
f 999 982 1025
f 1025 1000 1026
f 1038 1027 983
f 1038 983 1011
f 1040 1039 1001
f 1001 1041 1040
f 1012 1041 984
f 1028 1002 1029
f 1002 1057 1029
f 972 1058 971
f 1003 1004 1095
f 1004 9640 1045
f 1030 1045 9640
f 1032 856 1100
f 856 1016 1100
f 1060 991 1097
f 1007 1072 1071
f 9670 1050 1062
f 1051 1050 9673
f 9673 9672 1051
f 1052 1008 1054
f 1022 1021 993
f 1010 1148 1135
f 1025 1036 999
f 1000 1027 1037
f 1039 1038 1011
f 1028 1029 1080
f 1116 1029 1057
f 1043 1057 9600
f 9600 9601 1043
f 9601 971 1058
f 1094 972 1003
f 1044 1095 1004
f 1004 1045 1044
f 1030 1014 1031
f 1015 989 1047
f 989 976 1099
f 1006 1081 1016
f 1033 1083 962
f 1007 1071 1070
f 1119 1134 963
f 1018 1077 1051
f 1054 1053 1052
f 1125 1020 1055
f 1020 1009 1055
f 1023 1064 981
f 1024 995 1092
f 1056 1092 995
f 995 996 1056
f 997 1135 1061
f 1035 1073 1034
f 1026 1000 1048
f 1040 1038 1039
f 1065 9663 969
f 969 1013 1065
f 1067 1028 1068
f 1094 1058 972
f 1095 1094 1003
f 1045 1030 1098
f 1030 1031 1098
f 1031 1014 1046
f 1099 1047 989
f 976 1032 1099
f 1100 1099 1032
f 1082 1006 962
f 1059 1033 937
f 1097 991 1118
f 991 1070 1118
f 997 1061 1085
f 1109 1061 1135
f 1148 1034 1073
f 1073 1035 1105
f 998 1036 1074
f 1036 1025 1074
f 1025 1026 1086
f 1037 1048 1000
f 1038 1037 1027
f 1197 1054 1008
f 1008 1125 1197
f 1009 1021 1063
f 1023 1127 1091
f 1013 1079 1065
f 1066 1042 1130
f 1080 1068 1028
f 1058 1043 9601
f 1069 1094 1095
f 1098 1044 1045
f 1100 1016 1096
f 962 1083 1082
f 1110 1035 998
f 998 1074 1110
f 1025 1086 1074
f 1048 1086 1026
f 1087 9653 1049
f 1062 1050 1076
f 1050 1051 1077
f 1089 1077 1018
f 1018 1019 1078
f 1019 1052 1053
f 1126 1055 1009
f 1009 1063 1126
f 1090 1022 981
f 1064 1090 981
f 1127 1024 1092
f 1079 1066 1114
f 1131 1042 1067
f 1068 1080 1161
f 1029 1116 1080
f 1103 1080 1116
f 1043 1093 1057
f 1046 1015 1047
f 1147 1033 1059
f 1086 1048 1075
f 1106 1048 1037
f 1037 9655 1106
f 1087 1017 1088
f 1017 1062 1088
f 1076 1088 1062
f 1076 1050 1112
f 1077 1112 1050
f 1053 1078 1019
f 1021 1022 1063
f 1090 1063 1022
f 1023 1091 1064
f 1131 1130 1042
f 1102 1131 1067
f 1067 1068 1102
f 1161 1102 1068
f 1093 1116 1057
f 1117 1093 1043
f 1094 1104 1058
f 1082 1081 1006
f 1156 1083 1033
f 1059 1060 1133
f 1149 1105 1035
f 9576 1110 1074
f 9576 1074 1086
f 1048 1106 1075
f 1111 1106 9655
f 9655 9653 1111
f 1087 1111 9653
f 1089 1018 1078
f 1053 1054 1124
f 1065 1079 1114
f 1043 1058 1117
f 1104 1117 1058
f 1094 1069 1104
f 1195 1098 1031
f 1101 1096 1016
f 1016 1081 1101
f 1082 1083 1146
f 1133 1060 1097
f 1108 1085 1061
f 1109 1108 1061
f 1148 1073 1157
f 1110 1149 1035
f 1088 1111 1087
f 1107 1123 1088
f 1088 1076 1107
f 1076 1112 1107
f 1112 1077 1140
f 1197 1124 1054
f 1218 1063 1090
f 1141 1064 1091
f 1153 1056 996
f 996 1085 1153
f 1115 1114 1066
f 1066 1130 1115
f 1143 1103 1116
f 1117 1188 1093
f 1095 1044 1069
f 1046 1155 1031
f 1101 1145 1096
f 1172 1134 1119
f 1195 1170 1098
f 1099 1100 1144
f 1100 1096 1144
f 1133 1097 1162
f 1080 1103 1154
f 1126 1125 1055
f 1152 1126 1063
f 1218 1090 1178
f 1090 1064 1178
f 1141 1178 1064
f 1091 1127 1185
f 1127 1092 1186
f 1108 1153 1085
f 1073 1105 1120
f 1149 1120 1105
f 1110 9576 1136
f 9576 1075 1136
f 1075 1106 1158
f 1122 1158 1106
f 1106 1111 1122
f 1111 1088 1137
f 1123 1137 1088
f 1089 1078 1199
f 1108 1109 1163
f 1120 1157 1073
f 1149 1110 1121
f 1110 1136 1121
f 1137 1122 1111
f 1139 1209 1107
f 1107 1112 1139
f 1167 1141 1091
f 1056 1186 1092
f 1128 1114 1129
f 1114 1115 1129
f 1102 1161 1187
f 1116 1093 1143
f 1093 1188 1143
f 1132 1188 1117
f 1117 1104 1132
f 1069 1132 1104
f 1155 1046 1196
f 1047 1196 1046
f 1145 1144 1096
f 1175 1101 1081
f 1081 1082 1175
f 1083 1156 1146
f 1097 1118 1162
f 1118 1070 1162
f 1135 1163 1109
f 1211 1148 1157
f 1123 1107 1138
f 1107 1209 1138
f 1077 1089 1140
f 1166 1089 1199
f 1159 1078 1053
f 1125 1126 1237
f 1185 1167 1091
f 1186 1185 1127
f 1142 1128 1193
f 1130 1131 1160
f 1131 1102 1200
f 1103 1143 1194
f 1069 1044 1174
f 1170 1174 1044
f 1072 1084 1228
f 1084 1134 1171
f 1119 1142 1172
f 1176 1172 1142
f 1163 1169 1108
f 1180 1135 1148
f 1157 1120 1179
f 1179 1120 1149
f 1121 1136 1150
f 1151 1150 1136
f 1136 1075 1151
f 1158 1151 1075
f 1158 1122 1165
f 1232 1122 1137
f 9565 1139 1112
f 1193 1176 1142
f 1161 1080 1201
f 1080 1154 1201
f 1132 1069 1190
f 1174 1190 1069
f 1031 1155 1195
f 1243 1082 1146
f 1146 1156 1254
f 1156 1033 1147
f 1203 1134 1172
f 1211 1180 1148
f 1149 1121 1164
f 1150 1164 1121
f 1151 1158 1165
f 1165 1122 1182
f 1138 1183 1123
f 1159 1124 1177
f 1269 1177 1124
f 1124 1197 1269
f 1197 1125 1291
f 1237 1291 1125
f 1204 1152 1063
f 1063 1218 1204
f 1186 1056 1168
f 1056 1153 1168
f 1169 1153 1108
f 1130 1160 1115
f 1200 1160 1131
f 1200 1102 1187
f 1223 1195 1155
f 1147 1059 1255
f 1133 1255 1059
f 1072 1228 1071
f 1084 1171 1228
f 1206 1169 1163
f 1210 1163 1135
f 1180 1210 1135
f 1207 1211 1157
f 1164 1179 1149
f 1232 1182 1122
f 1140 1089 1166
f 1237 1126 1238
f 1218 1178 1244
f 1160 1200 1173
f 1161 1201 1222
f 1196 1223 1155
f 1099 1144 1213
f 1144 1145 1191
f 1254 1243 1146
f 1284 1171 1134
f 1134 1203 1284
f 1150 1151 1181
f 1182 1208 1165
f 1137 1123 1183
f 1209 1139 1249
f 1177 1278 1159
f 1126 1152 1238
f 1141 1184 1178
f 1205 1168 1153
f 1169 1205 1153
f 1115 1160 1221
f 1222 1187 1161
f 1103 1194 1154
f 1189 1188 1132
f 1190 1189 1132
f 1047 1099 1213
f 1225 1213 1144
f 1191 1225 1144
f 1145 1101 1226
f 1254 1156 1214
f 1162 1070 1202
f 1188 1194 1143
f 1174 1170 1242
f 1196 1047 1213
f 1101 1175 1226
f 1192 1226 1175
f 1175 1082 1192
f 1243 1192 1082
f 1133 1162 1342
f 1257 1203 1172
f 1258 1172 1176
f 1291 1269 1197
f 1245 1244 1178
f 1184 1245 1178
f 1141 1167 1184
f 1157 1179 1207
f 1164 1207 1179
f 1164 1150 1198
f 1181 1198 1150
f 1165 1181 1151
f 1216 1182 1232
f 1183 1232 1137
f 9565 1249 1139
f 1236 1078 1159
f 1206 1163 1210
f 1264 1198 1181
f 1209 1249 1248
f 1199 1078 1235
f 1152 1204 1217
f 1204 1218 1239
f 1186 1168 1220
f 1205 1169 1262
f 1169 1206 1262
f 1221 1193 1115
f 1160 1173 1221
f 1222 1200 1187
f 1189 1194 1188
f 1190 1174 1212
f 1170 1195 1294
f 1191 1145 1305
f 1226 1305 1145
f 1226 1192 1227
f 1070 1071 1256
f 1071 1228 1283
f 1257 1172 1258
f 1176 1193 1229
f 1221 1229 1193
f 1212 1189 1190
f 1242 1212 1174
f 1223 1196 1224
f 1213 1224 1196
f 1147 1214 1156
f 1202 1070 1256
f 1217 1238 1152
f 1167 1185 1260
f 1185 1186 1219
f 1205 1220 1168
f 1207 1164 1215
f 1165 1208 1181
f 1182 1216 1231
f 1138 1209 1233
f 1166 1290 1140
f 1078 1236 1235
f 1229 1221 1270
f 1251 1173 1200
f 1200 1222 1345
f 1194 1189 1240
f 1212 1240 1189
f 1242 1170 1322
f 1241 1255 1133
f 1202 1342 1162
f 1071 1283 1256
f 1258 1176 1229
f 1204 1239 1217
f 1184 1167 1246
f 1167 1260 1246
f 1261 1220 1205
f 1262 1261 1205
f 1210 1313 1206
f 1198 1215 1164
f 1208 1264 1181
f 1248 1234 1209
f 1166 1199 1377
f 1180 1211 1230
f 1266 1230 1211
f 1211 1207 1266
f 1263 1266 1207
f 1215 1263 1207
f 1231 1208 1182
f 1247 1232 1183
f 1234 1233 1209
f 9565 1140 1290
f 1220 1219 1186
f 1221 1173 1250
f 1252 1201 1154
f 1154 1194 1252
f 1294 1195 1253
f 1195 1223 1253
f 1305 1225 1191
f 1305 1226 1275
f 1192 1243 1296
f 1254 1296 1243
f 1133 1342 1241
f 1210 1180 1277
f 1308 1268 1216
f 1232 1308 1216
f 1248 1265 1234
f 1244 1239 1218
f 1246 1245 1184
f 1185 1219 1260
f 1261 1219 1220
f 1313 1262 1206
f 1270 1293 1229
f 1250 1173 1251
f 1252 1222 1201
f 1240 1252 1194
f 1240 1212 1280
f 1322 1272 1242
f 1303 1253 1223
f 1273 1303 1223
f 1227 1275 1226
f 1255 1297 1147
f 1229 1293 1258
f 1277 1313 1210
f 1264 1208 1289
f 1231 1289 1208
f 1231 1216 1268
f 1247 1308 1232
f 1183 1138 1233
f 1177 1316 1278
f 1269 1361 1177
f 1259 1291 1237
f 1237 1238 1259
f 1238 1217 1259
f 1217 1239 1259
f 1244 1245 1292
f 1328 1246 1260
f 1250 1270 1221
f 1200 1345 1251
f 1322 1170 1346
f 1294 1346 1170
f 1223 1224 1273
f 1213 1274 1224
f 1227 1192 1306
f 1296 1306 1192
f 1214 1147 1297
f 1222 1252 1279
f 1271 1252 1240
f 1280 1271 1240
f 1212 1242 1280
f 1242 1272 1280
f 1295 1213 1225
f 1275 1227 1306
f 1296 1254 1282
f 1256 1307 1202
f 1367 1228 1171
f 1312 1284 1203
f 1203 1257 1312
f 1258 1293 1285
f 1361 1316 1177
f 1259 1239 1317
f 1267 1263 1215
f 1215 1198 1267
f 1268 1289 1231
f 1233 1247 1183
f 1233 1234 1335
f 1265 1335 1234
f 1309 1265 1248
f 1248 1249 1309
f 1299 1309 1249
f 1300 1299 1249
f 1249 9565 1300
f 9565 1290 1300
f 1377 1199 1235
f 1251 1345 1340
f 1302 1345 1222
f 1253 1303 1281
f 1303 1273 1330
f 1274 1273 1224
f 1274 1213 1295
f 1225 1305 1295
f 1276 1307 1256
f 1269 1291 1301
f 1317 1239 1244
f 1260 1219 1320
f 1261 1262 1356
f 1332 1356 1262
f 1262 1313 1332
f 1277 1180 1326
f 1230 1326 1180
f 1230 1266 1326
f 1287 1314 1266
f 1267 1287 1263
f 1288 1267 1198
f 1198 1264 1288
f 1289 1288 1264
f 1326 1266 1286
f 1314 1286 1266
f 1266 1263 1287
f 1370 1287 1267
f 1289 1268 1298
f 1308 1334 1268
f 1166 1377 1336
f 1236 1278 1360
f 1361 1269 1388
f 1317 1338 1259
f 1317 1244 1318
f 1261 1310 1219
f 1250 1293 1270
f 1222 1279 1302
f 1252 1271 1279
f 1280 1272 1349
f 1304 1273 1274
f 1353 1306 1296
f 1171 1284 1367
f 1313 1277 1357
f 1333 1357 1277
f 1326 1333 1277
f 1334 1298 1268
f 1290 1166 1336
f 1360 1235 1236
f 1316 1360 1278
f 1388 1269 1301
f 1338 1301 1291
f 1319 1292 1245
f 1328 1260 1320
f 1356 1310 1261
f 1329 1347 1250
f 1251 1329 1250
f 1251 1340 1329
f 1253 1392 1294
f 1306 1352 1275
f 1214 1282 1254
f 1297 1383 1214
f 1276 1256 1354
f 1256 1283 1354
f 1283 1228 1367
f 1284 1312 1384
f 1257 1258 1355
f 1298 1288 1289
f 1300 1290 1372
f 1291 1259 1338
f 1317 1318 1339
f 1244 1292 1319
f 1219 1310 1320
f 1293 1250 1321
f 1347 1321 1250
f 1311 1302 1279
f 1279 1271 1311
f 1271 1280 1311
f 1349 1311 1280
f 1272 1322 1381
f 1392 1346 1294
f 1392 1253 1281
f 1323 1281 1303
f 1304 1330 1273
f 1304 1274 1366
f 1295 1305 1341
f 1305 1275 1331
f 1275 1352 1331
f 1306 1353 1324
f 1297 1255 1241
f 1384 1367 1284
f 1308 1399 1334
f 1299 1300 1327
f 1372 1327 1300
f 1318 1244 1364
f 1319 1364 1244
f 1245 1246 1319
f 1328 1319 1246
f 1320 1365 1328
f 1322 1346 1374
f 1330 1323 1303
f 1274 1295 1366
f 1324 1352 1306
f 1367 1407 1283
f 1355 1258 1325
f 1285 1325 1258
f 1285 1293 1321
f 1286 1314 1369
f 1314 1287 1315
f 1370 1315 1287
f 1267 1288 1343
f 1288 1298 1359
f 1298 1334 1359
f 1233 1371 1247
f 1233 1335 1409
f 1362 1372 1290
f 1302 1311 1348
f 1381 1349 1272
f 1281 1323 1350
f 1305 1331 1341
f 1368 1332 1313
f 1357 1368 1313
f 1286 1369 1385
f 1369 1314 1315
f 1370 1267 1343
f 1387 1399 1308
f 1247 1387 1308
f 1409 1371 1233
f 1418 1344 1265
f 1265 1309 1418
f 1309 1299 1401
f 1327 1401 1299
f 1377 1235 1363
f 1360 1363 1235
f 1360 1316 1337
f 1460 1364 1319
f 1365 1380 1328
f 1347 1329 1421
f 1404 1340 1345
f 1422 1345 1302
f 1348 1422 1302
f 1381 1322 1431
f 1350 1392 1281
f 1330 1304 1351
f 1304 1366 1351
f 1341 1366 1295
f 1424 1341 1331
f 1445 1352 1324
f 1282 1353 1296
f 1463 1354 1283
f 1283 1407 1463
f 1326 1286 1358
f 1385 1358 1286
f 1369 1315 1386
f 1288 1359 1343
f 1387 1247 1371
f 1388 1301 1420
f 1380 1319 1328
f 1310 1356 1373
f 1349 1348 1311
f 1331 1352 1424
f 1282 1214 1383
f 1376 1241 1342
f 1415 1202 1307
f 1307 1276 1435
f 1343 1359 1398
f 1400 1409 1335
f 1335 1265 1456
f 1265 1344 1456
f 1327 1372 1447
f 1338 1317 1389
f 1320 1310 1365
f 1310 1373 1365
f 1404 1329 1340
f 1350 1323 1443
f 1443 1323 1444
f 1323 1330 1375
f 1415 1376 1342
f 1342 1202 1415
f 1257 1355 1312
f 1325 1474 1355
f 1336 1362 1290
f 1337 1316 1419
f 1379 1301 1338
f 1389 1317 1339
f 1380 1391 1319
f 1332 1436 1356
f 1405 1422 1348
f 1348 1349 1405
f 1322 1374 1431
f 1375 1444 1323
f 1351 1375 1330
f 1414 1424 1352
f 1383 1462 1282
f 1241 1376 1395
f 1276 1354 1425
f 1321 1347 1411
f 1421 1411 1347
f 1329 1404 1412
f 1349 1381 1442
f 1353 1282 1462
f 1395 1297 1241
f 1425 1435 1276
f 1285 1321 1486
f 1301 1379 1378
f 1379 1338 1389
f 1429 1339 1318
f 1364 1460 1390
f 1373 1356 1436
f 1358 1385 1416
f 1369 1417 1385
f 1359 1334 1398
f 1399 1398 1334
f 1456 1400 1335
f 1363 1360 1428
f 1361 1419 1316
f 1368 1436 1332
f 1397 1386 1315
f 1315 1370 1397
f 1437 1370 1343
f 1389 1339 1440
f 1345 1422 1404
f 1442 1405 1349
f 1406 1374 1346
f 1392 1406 1346
f 1351 1366 1393
f 1353 1445 1324
f 1415 1307 1435
f 1407 1367 1451
f 1464 1367 1384
f 1486 1325 1285
f 1326 1358 1333
f 1370 1437 1397
f 1387 1371 1454
f 1409 1408 1371
f 1439 1428 1337
f 1318 1364 1390
f 1365 1373 1448
f 1373 1436 1410
f 1412 1421 1329
f 1413 1431 1374
f 1406 1483 1374
f 1366 1341 1393
f 1394 1393 1341
f 1424 1394 1341
f 1382 1353 1462
f 1383 1297 1395
f 1354 1463 1425
f 1333 1358 1453
f 1454 1399 1387
f 1401 1327 1447
f 1402 1336 1377
f 1363 1428 1488
f 1420 1378 1403
f 1459 1378 1379
f 1448 1391 1380
f 1448 1373 1410
f 1321 1411 1396
f 1430 1404 1422
f 1483 1413 1374
f 1406 1392 1449
f 1392 1350 1433
f 1423 1375 1351
f 1351 1393 1423
f 1355 1474 1312
f 1486 1321 1396
f 1357 1452 1368
f 1385 1417 1416
f 1386 1477 1369
f 1408 1454 1371
f 1377 1363 1402
f 1361 1388 1458
f 1379 1389 1440
f 1429 1318 1390
f 1468 1460 1319
f 1319 1391 1468
f 1380 1365 1448
f 1442 1381 1431
f 1413 1432 1431
f 1433 1449 1392
f 1445 1414 1352
f 1395 1376 1434
f 1376 1415 1581
f 1416 1453 1358
f 1417 1369 1477
f 1343 1398 1437
f 1399 1427 1398
f 1409 1400 1455
f 1519 1456 1344
f 1344 1418 1478
f 1447 1372 1438
f 1372 1362 1438
f 1336 1506 1362
f 1488 1402 1363
f 1420 1458 1388
f 1410 1436 1461
f 1421 1412 1494
f 1350 1443 1433
f 1444 1375 1423
f 1445 1353 1446
f 1450 1446 1353
f 1382 1450 1353
f 1451 1499 1463
f 1463 1407 1451
f 1367 1464 1451
f 1325 1552 1474
f 1552 1325 1486
f 1452 1436 1368
f 1357 1333 1452
f 1426 1452 1333
f 1453 1426 1333
f 1397 1477 1386
f 1437 1398 1427
f 1455 1408 1409
f 1478 1519 1344
f 1309 1401 1511
f 1440 1339 1429
f 1429 1390 1441
f 1390 1460 1509
f 1461 1448 1410
f 1494 1514 1421
f 1489 1422 1405
f 1442 1489 1405
f 1471 1393 1394
f 1539 1464 1384
f 1384 1312 1539
f 1474 1539 1312
f 1417 1477 1476
f 1456 1455 1400
f 1418 1309 1511
f 1438 1362 1505
f 1506 1505 1362
f 1419 1439 1337
f 1458 1420 1520
f 1420 1403 1520
f 1459 1379 1479
f 1379 1440 1479
f 1562 1433 1443
f 1423 1393 1471
f 1394 1424 1472
f 1473 1424 1414
f 1414 1445 1473
f 1581 1434 1376
f 1526 1415 1435
f 1437 1529 1397
f 1487 1454 1408
f 1478 1418 1556
f 1447 1438 1504
f 1402 1506 1336
f 1458 1419 1361
f 1378 1658 1403
f 1459 1532 1378
f 1440 1429 1480
f 1448 1461 1469
f 1432 1413 1490
f 1449 1433 1495
f 1382 1462 1450
f 1436 1452 1475
f 1500 1467 1416
f 1416 1417 1500
f 1511 1556 1418
f 1503 1511 1401
f 1658 1378 1659
f 1532 1659 1378
f 1469 1481 1448
f 1475 1461 1436
f 1514 1411 1421
f 1482 1412 1404
f 1510 1482 1404
f 1404 1430 1510
f 1489 1430 1422
f 1442 1431 1523
f 1432 1523 1431
f 1413 1483 1490
f 1449 1483 1406
f 1443 1444 1562
f 1444 1423 1465
f 1472 1471 1394
f 1473 1472 1424
f 1446 1473 1445
f 1486 1485 1552
f 1452 1426 1466
f 1453 1466 1426
f 1501 1477 1397
f 1454 1427 1399
f 1455 1487 1408
f 1557 1438 1505
f 1479 1440 1480
f 1441 1480 1429
f 1396 1411 1522
f 1482 1494 1412
f 1515 1510 1430
f 1430 1489 1470
f 1523 1489 1442
f 1491 1483 1449
f 1495 1491 1449
f 1423 1471 1516
f 1450 1462 1497
f 1434 1581 1546
f 1498 1581 1415
f 1415 1526 1498
f 1451 1464 1499
f 1464 1539 1547
f 1518 1475 1452
f 1466 1518 1452
f 1453 1416 1467
f 1397 1529 1501
f 1487 1455 1502
f 1502 1455 1456
f 1504 1503 1401
f 1401 1447 1504
f 1558 1439 1419
f 1520 1492 1458
f 1507 1532 1459
f 1521 1507 1459
f 1521 1459 1479
f 1468 1391 1448
f 1481 1468 1448
f 1525 1497 1462
f 1383 1525 1462
f 1526 1435 1484
f 1435 1425 1484
f 1522 1486 1396
f 1417 1476 1500
f 1582 1427 1454
f 1519 1457 1456
f 1558 1488 1428
f 1479 1480 1508
f 1533 1508 1480
f 1509 1441 1390
f 1562 1495 1433
f 1472 1473 1517
f 1395 1525 1383
f 1547 1499 1464
f 1552 1575 1474
f 1485 1486 1588
f 1454 1487 1582
f 1402 1488 1531
f 1419 1458 1492
f 1521 1479 1508
f 1509 1460 1513
f 1460 1468 1513
f 1469 1461 1542
f 1465 1423 1496
f 1423 1516 1496
f 1446 1450 1537
f 1529 1437 1582
f 1437 1427 1582
f 1502 1456 1457
f 1504 1438 1557
f 1493 1533 1480
f 1480 1441 1493
f 1570 1481 1469
f 1475 1542 1461
f 1543 1522 1411
f 1514 1543 1411
f 1430 1470 1515
f 1523 1432 1560
f 1524 1560 1432
f 1471 1472 1517
f 1536 1517 1473
f 1497 1537 1450
f 1499 1547 1527
f 1575 1539 1474
f 1453 1467 1528
f 1566 1477 1501
f 1519 1478 1555
f 1556 1568 1478
f 1503 1504 1569
f 1592 1468 1481
f 1470 1489 1523
f 1432 1490 1524
f 1535 1490 1483
f 1491 1586 1483
f 1562 1444 1607
f 1465 1607 1444
f 1538 1525 1395
f 1395 1434 1538
f 1434 1546 1538
f 1527 1425 1463
f 1463 1499 1527
f 1475 1518 1540
f 1528 1518 1466
f 1466 1453 1528
f 1500 1553 1467
f 1577 1566 1501
f 1529 1577 1501
f 1502 1457 1548
f 1568 1555 1478
f 1569 1504 1512
f 1520 1403 1651
f 1658 1651 1403
f 1542 1549 1469
f 1482 1510 1534
f 1523 1571 1470
f 1560 1544 1523
f 1483 1586 1535
f 1491 1495 1580
f 1517 1516 1471
f 1545 1536 1473
f 1446 1545 1473
f 1537 1497 1596
f 1484 1587 1526
f 1484 1425 1610
f 1425 1527 1610
f 1527 1547 1605
f 1588 1486 1522
f 1528 1467 1553
f 1530 1582 1487
f 1487 1502 1530
f 1457 1519 1554
f 1504 1557 1649
f 1506 1402 1531
f 1419 1492 1727
f 1493 1441 1559
f 1509 1559 1441
f 1481 1570 1592
f 1624 1514 1494
f 1550 1494 1482
f 1510 1515 1534
f 1562 1580 1495
f 1546 1609 1538
f 1548 1530 1502
f 1554 1548 1457
f 1555 1554 1519
f 1541 1505 1506
f 1531 1583 1506
f 9566 1531 1488
f 1626 1492 1520
f 1651 1626 1520
f 1613 1521 1508
f 1615 1559 1509
f 1513 1615 1509
f 1468 1592 1513
f 1549 1570 1469
f 1542 1475 1540
f 1494 1550 1624
f 1482 1534 1550
f 1544 1571 1523
f 1580 1586 1491
f 1563 1545 1446
f 1537 1563 1446
f 1581 1498 1669
f 1498 1526 1587
f 1610 1631 1484
f 1552 1485 1598
f 1588 1598 1485
f 1540 1518 1576
f 1518 1528 1576
f 1553 1576 1528
f 1500 1476 1600
f 1566 1476 1477
f 1582 1577 1529
f 1649 1512 1504
f 1541 1557 1505
f 1584 1558 1419
f 1601 1613 1508
f 1508 1533 1601
f 1593 1549 1542
f 1624 1606 1514
f 1515 1470 1571
f 1544 1560 1604
f 1524 1490 1579
f 1490 1535 1579
f 1525 1596 1497
f 1587 1669 1498
f 1553 1500 1589
f 1600 1599 1500
f 1548 1554 1590
f 1555 1568 1618
f 1556 1511 1619
f 1578 1531 9566
f 1613 1507 1521
f 1533 1493 1602
f 1559 1602 1493
f 1542 1540 1593
f 1522 1543 1612
f 1606 1543 1514
f 1585 1571 1544
f 1535 1679 1579
f 1496 1516 1573
f 1516 1517 1573
f 1551 1573 1517
f 1539 1575 1670
f 1552 1565 1575
f 1599 1589 1500
f 1530 1548 1567
f 1548 1590 1567
f 1506 1583 1541
f 1513 1592 1591
f 1515 1571 1534
f 1560 1524 1572
f 1524 1561 1572
f 1579 1561 1524
f 1535 1586 1679
f 1607 1465 1660
f 1465 1496 1660
f 1551 1517 1629
f 1517 1536 1629
f 1563 1537 1595
f 1596 1595 1537
f 1631 1587 1484
f 1598 1565 1552
f 1646 1588 1522
f 1522 1612 1646
f 1619 1568 1556
f 1636 1583 1531
f 1531 1578 1636
f 1584 1419 1727
f 1727 1492 1657
f 1601 1533 1602
f 1549 1593 1622
f 1534 1594 1550
f 1572 1604 1560
f 1641 1679 1586
f 1536 1545 1644
f 1525 1538 1574
f 1655 1576 1553
f 1599 1600 1632
f 1476 1566 1600
f 1577 1690 1566
f 1582 1530 1633
f 1569 1512 1635
f 1513 1591 1615
f 1621 1592 1570
f 1639 1621 1570
f 1570 1549 1639
f 1622 1639 1549
f 1624 1550 1665
f 1585 1640 1571
f 1603 1585 1544
f 1544 1604 1603
f 1546 1581 1732
f 1610 1527 1597
f 1653 1605 1547
f 1547 1645 1653
f 1593 1540 1616
f 1589 1655 1553
f 1618 1554 1555
f 1541 1649 1557
f 1656 1578 9566
f 9566 1584 1656
f 1626 1657 1492
f 1642 1580 1562
f 1536 1644 1608
f 1563 1644 1545
f 1609 1721 1538
f 1669 1732 1581
f 1564 1597 1527
f 1605 1564 1527
f 1611 1547 1539
f 1539 1670 1611
f 1540 1576 1617
f 1576 1655 1617
f 1632 1600 1566
f 1633 1577 1582
f 1636 1541 1583
f 1637 1656 1584
f 1727 1637 1584
f 1638 1613 1601
f 1559 1614 1602
f 1687 1628 1585
f 1603 1687 1585
f 1660 1643 1607
f 1608 1629 1536
f 1574 1596 1525
f 1575 1565 1670
f 1588 1625 1598
f 1588 1646 1625
f 1530 1567 1633
f 1568 1619 1740
f 1614 1559 1615
f 1615 1591 1671
f 1621 1627 1592
f 1612 1543 1676
f 1534 1571 1691
f 1628 1640 1585
f 1580 1641 1586
f 1546 1732 1609
f 1653 1564 1605
f 1611 1645 1547
f 1589 1599 1662
f 1599 1632 1662
f 1690 1632 1566
f 1740 1618 1568
f 1511 1503 1634
f 1569 1634 1503
f 1657 1626 1650
f 1601 1602 1638
f 1707 1638 1602
f 1614 1707 1602
f 1591 1592 1627
f 1622 1593 1623
f 1593 1616 1623
f 1652 1594 1534
f 1534 1691 1652
f 1604 1678 1603
f 1604 1572 1678
f 1642 1562 1607
f 1573 1660 1496
f 1669 1587 1680
f 1675 1631 1610
f 1543 1606 1676
f 1571 1640 1691
f 1674 1572 1561
f 1579 1674 1561
f 1642 1641 1580
f 1573 1551 1629
f 1596 1574 1630
f 1646 1612 1654
f 1676 1654 1612
f 1626 1651 1684
f 1659 1714 1658
f 1671 1620 1615
f 1617 1647 1616
f 1616 1540 1617
f 1554 1734 1590
f 1554 1618 1734
f 1619 1511 1749
f 1634 1749 1511
f 1634 1569 1741
f 1635 1741 1569
f 1633 1567 1664
f 1541 1636 1697
f 1697 1636 1578
f 1727 1657 1728
f 1614 1615 1620
f 1627 1671 1591
f 1639 1622 1673
f 1702 1606 1624
f 1624 1665 1702
f 1784 1691 1640
f 1674 1678 1572
f 1668 1574 1538
f 1538 1721 1668
f 1661 1704 1625
f 1625 1646 1661
f 1662 1681 1589
f 1648 1567 1590
f 1697 1578 1656
f 1685 1507 1613
f 1616 1647 1623
f 1702 1676 1606
f 1640 1628 1693
f 1579 1679 1674
f 1587 1631 1675
f 1597 1675 1610
f 1695 1647 1617
f 1655 1589 1681
f 1690 1577 1633
f 1696 1648 1590
f 1684 1651 1764
f 1659 1532 1715
f 1532 1507 1715
f 1759 1685 1613
f 1707 1614 1735
f 1620 1735 1614
f 1621 1639 1673
f 1719 1665 1550
f 1687 1693 1628
f 1642 1607 1688
f 1643 1688 1607
f 1660 1573 1739
f 1574 1668 1630
f 1597 1564 1689
f 1653 1645 1758
f 1565 1598 1704
f 1598 1625 1704
f 1663 1662 1632
f 1512 1649 1725
f 1726 1649 1541
f 1650 1626 1684
f 1658 1764 1651
f 1729 1613 1638
f 1672 1627 1621
f 1784 1692 1691
f 1687 1603 1666
f 1773 1732 1669
f 1708 1661 1646
f 1681 1747 1655
f 1690 1663 1632
f 1567 1648 1664
f 1512 1705 1635
f 1650 1728 1657
f 1685 1716 1507
f 1613 1729 1759
f 1671 1686 1620
f 1671 1627 1672
f 1621 1673 1718
f 1678 1666 1603
f 1678 1674 1731
f 1720 1674 1679
f 1642 1756 1641
f 1629 1739 1573
f 1667 1608 1644
f 1644 1563 1667
f 1808 1667 1563
f 1595 1808 1563
f 1596 1630 1694
f 1630 1668 1762
f 1840 1680 1587
f 1587 1675 1840
f 1653 1689 1564
f 1704 1661 1736
f 1646 1654 1700
f 1676 1746 1654
f 1655 1695 1617
f 1682 1681 1662
f 1662 1663 1831
f 1649 1726 1725
f 1726 1541 1697
f 1715 1507 1716
f 1623 1647 1677
f 1756 1679 1641
f 1595 1596 1694
f 1680 1773 1669
f 1758 1689 1653
f 1670 1565 1711
f 1700 1708 1646
f 1746 1700 1654
f 1662 1831 1682
f 1663 1690 1766
f 1683 1690 1633
f 1633 1664 1683
f 1648 1683 1664
f 1590 1734 1696
f 1740 1734 1618
f 1748 1740 1619
f 1748 1619 1749
f 1715 1714 1659
f 1729 1638 1707
f 1718 1672 1621
f 1673 1622 1699
f 1622 1623 1699
f 1760 1550 1594
f 1678 1731 1710
f 1643 1660 1775
f 1739 1775 1660
f 1667 1807 1608
f 1808 1595 1694
f 1668 1721 1762
f 1746 1676 1817
f 1705 1512 1725
f 1714 1764 1658
f 1735 1620 1686
f 1623 1677 1699
f 1676 1702 1701
f 1710 1666 1678
f 1679 1756 1720
f 1756 1642 1688
f 1775 1703 1643
f 1721 1609 1798
f 1704 1711 1565
f 1701 1817 1676
f 1647 1695 1712
f 1747 1695 1655
f 1697 1706 1726
f 1697 1656 9572
f 1742 9572 1656
f 1637 1742 1656
f 1728 1650 1779
f 1750 1650 1684
f 1671 1672 1744
f 1718 1717 1672
f 1698 1718 1673
f 1709 1693 1687
f 1687 1666 1709
f 1703 1688 1643
f 1762 1721 1828
f 1766 1690 1683
f 1734 1713 1696
f 1734 1740 1778
f 1800 1778 1740
f 1716 1685 1765
f 1744 1672 1717
f 1736 1661 1708
f 1795 1702 1665
f 1665 1719 1795
f 1550 1760 1719
f 1691 1692 1652
f 1597 1689 1774
f 1723 1677 1647
f 1712 1723 1647
f 1747 1810 1695
f 1682 1747 1681
f 1831 1663 1763
f 1766 1763 1663
f 1713 1648 1696
f 1727 1742 1637
f 1743 1779 1650
f 1816 1765 1685
f 1685 1759 1816
f 1735 1768 1707
f 1686 1671 1744
f 1698 1673 1699
f 1704 1736 1730
f 1594 1652 1760
f 1731 1674 1720
f 1629 1608 1776
f 1807 1776 1608
f 1758 1774 1689
f 1611 1670 1722
f 1711 1722 1670
f 1711 1704 1730
f 1695 1810 1712
f 1831 1724 1682
f 1733 1683 1648
f 1740 1748 1833
f 1764 1714 1803
f 1729 1707 1768
f 1735 1686 1780
f 1717 1718 1751
f 1795 1754 1702
f 1709 1786 1693
f 1666 1838 1709
f 1710 1761 1666
f 1694 1630 1757
f 1829 1675 1597
f 1741 1635 1767
f 1705 1767 1635
f 1706 1813 1726
f 1650 1750 1743
f 1684 1764 1750
f 1714 1715 1815
f 1715 1716 1867
f 1765 1867 1716
f 1770 1699 1677
f 1723 1770 1677
f 1753 1700 1746
f 1737 1795 1719
f 1640 1693 1755
f 1761 1838 1666
f 1731 1720 1710
f 1688 1703 1738
f 1775 1738 1703
f 1774 1829 1597
f 1648 1713 1733
f 1813 1725 1726
f 1727 1728 1779
f 1750 1764 1848
f 1768 1824 1729
f 1744 1780 1686
f 1744 1717 1804
f 1793 1736 1708
f 1745 1752 1708
f 1708 1700 1745
f 1753 1745 1700
f 1806 1783 1719
f 1719 1760 1806
f 1755 1784 1640
f 1786 1785 1693
f 1810 1723 1712
f 1683 1733 1789
f 1749 1634 1801
f 1706 9572 1813
f 1769 1751 1718
f 1769 1718 1698
f 1699 1782 1698
f 1708 1752 1793
f 1754 1794 1701
f 1796 1710 1720
f 1738 1756 1688
f 1739 1797 1775
f 1739 1629 1797
f 1808 1807 1667
f 1808 1694 1822
f 1757 1822 1694
f 1733 1713 1799
f 1778 1713 1734
f 1875 1800 1740
f 1801 1634 1854
f 1767 1854 1634
f 1634 1741 1767
f 1790 1705 1725
f 1814 1813 9572
f 1743 1847 1779
f 1780 1744 1804
f 1782 1769 1698
f 1817 1753 1746
f 1817 1701 1818
f 1794 1818 1701
f 1756 1796 1720
f 1797 1629 1776
f 1807 1808 1772
f 1827 1630 1762
f 1798 1828 1721
f 1609 1732 1798
f 1788 1645 1611
f 1611 1722 1788
f 1724 1747 1682
f 1683 1789 1812
f 1846 1799 1713
f 1740 1833 1875
f 1749 1833 1748
f 1742 1814 9572
f 1909 1802 1742
f 1742 1727 1909
f 1779 1909 1727
f 1768 1735 1860
f 1730 1736 1805
f 1745 1793 1752
f 1719 1783 1737
f 1760 1652 1837
f 1692 1837 1652
f 1827 1757 1630
f 1918 1827 1762
f 1773 1798 1732
f 1773 1680 1884
f 1680 1840 1884
f 1788 1758 1645
f 1811 1763 1766
f 1733 1799 1789
f 1867 1815 1715
f 1824 1759 1729
f 1780 1860 1735
f 1770 1782 1699
f 1771 1745 1753
f 1692 1784 1927
f 1761 1710 1796
f 1821 1820 1756
f 1756 1738 1821
f 1840 1675 1829
f 1758 1777 1774
f 1842 1770 1723
f 1723 1810 1842
f 1812 1766 1683
f 1833 1749 1886
f 1801 1886 1749
f 1782 1781 1769
f 1805 1736 1871
f 1793 1871 1736
f 1863 1771 1753
f 1753 1817 1863
f 1754 1795 1850
f 1795 1737 1865
f 1755 1693 1878
f 1785 1878 1693
f 1761 1796 1787
f 1807 1892 1776
f 1777 1758 1809
f 1810 1747 1843
f 1724 1843 1747
f 1831 1763 1823
f 1766 1812 1811
f 1813 1790 1725
f 1814 1742 1802
f 1759 1824 1792
f 1751 1769 1861
f 1781 1861 1769
f 1819 1786 1709
f 1709 1838 1819
f 1762 1828 1918
f 1829 1774 1777
f 1812 1789 1873
f 1815 1803 1714
f 1765 1816 1791
f 1759 1792 1816
f 1892 1797 1776
f 1856 1772 1808
f 1827 1822 1757
f 1722 1711 1852
f 1730 1852 1711
f 1980 1800 1875
f 1854 1767 2050
f 1705 1887 1767
f 1909 1779 1834
f 1847 1834 1779
f 1780 1804 1891
f 1793 1745 1836
f 1817 1818 1864
f 1837 1806 1760
f 1927 1837 1692
f 1784 1902 1927
f 1784 1755 1902
f 1878 1785 1928
f 1839 1821 1738
f 1826 1839 1738
f 1775 1826 1738
f 1829 1903 1840
f 1809 1758 1885
f 1758 1788 1885
f 1788 1722 1893
f 1763 1811 1823
f 1873 1789 1799
f 1980 1874 1800
f 1887 2050 1767
f 1813 1814 1888
f 1803 1848 1764
f 1860 1897 1768
f 1717 1751 1835
f 1751 1861 1835
f 1862 1781 1782
f 1825 1836 1745
f 1795 1865 1850
f 1819 1785 1786
f 1787 1855 1761
f 1866 1787 1796
f 1820 1866 1796
f 1822 1882 1808
f 1918 1828 1868
f 1883 1868 1828
f 1913 1828 1798
f 1831 1845 1724
f 1823 1832 1831
f 1778 1800 1925
f 1874 1925 1800
f 1867 1765 1791
f 1835 1891 1804
f 1804 1717 1835
f 1770 1862 1782
f 1771 1825 1745
f 1863 1849 1771
f 1838 1761 1855
f 1821 1866 1820
f 1797 1826 1775
f 1892 1807 1881
f 1807 1772 1881
f 1882 1856 1808
f 1798 1773 1869
f 1777 1841 1829
f 1805 1852 1730
f 1810 1853 1842
f 1843 1853 1810
f 1811 1812 1873
f 1925 1713 1778
f 1705 1790 1926
f 1750 1848 1895
f 1897 1824 1768
f 1817 1864 1863
f 1856 1881 1772
f 1822 1827 1882
f 1869 1913 1798
f 1777 1809 1830
f 1885 1830 1809
f 1844 1843 1724
f 1910 1895 1848
f 1891 1860 1780
f 1755 1878 1948
f 1866 1821 1880
f 1903 1829 1841
f 1830 1841 1777
f 1852 1893 1722
f 1845 1831 1858
f 1873 1872 1811
f 1888 1915 1813
f 1802 1888 1814
f 1895 1859 1750
f 1803 1815 2025
f 1911 2025 1815
f 1906 1911 1815
f 1815 1867 1906
f 1862 1770 1900
f 1818 1850 1877
f 1948 1902 1755
f 1819 1879 1785
f 1787 1866 1916
f 1884 1840 1908
f 1908 1840 1903
f 1841 1830 1851
f 1870 1851 1830
f 1830 1885 1870
f 1770 1842 1857
f 1845 1844 1724
f 1873 1799 1923
f 1799 1846 1923
f 1846 1713 1924
f 1925 1924 1713
f 1874 1980 1968
f 1833 1937 1875
f 1859 1834 1847
f 1896 1910 1848
f 1848 1803 1896
f 2025 1896 1803
f 1824 1897 1890
f 1966 1805 1871
f 1871 1793 1931
f 1836 1931 1793
f 1921 1836 1825
f 1894 1825 1771
f 1771 1849 1894
f 1849 1863 1912
f 1877 1864 1818
f 1737 1783 1865
f 1819 1838 1941
f 1838 1855 1941
f 1880 1821 1942
f 1839 1942 1821
f 1797 1935 1826
f 1883 1828 1913
f 1884 1869 1773
f 1893 1885 1788
f 1843 1844 1951
f 1832 1858 1831
f 1872 1823 1811
f 1886 1937 1833
f 1926 1887 1705
f 1792 1824 1890
f 1835 1861 1939
f 1781 1862 1899
f 1940 1899 1862
f 1850 1865 1901
f 1879 1819 2063
f 1787 1916 1855
f 1913 1869 1996
f 1842 1853 1857
f 1853 1843 1951
f 1823 1872 1922
f 1867 1791 1938
f 1897 1860 1946
f 1899 1861 1781
f 1863 1864 1912
f 1927 2015 1837
f 1941 1929 1819
f 1866 1880 1916
f 1856 1882 1986
f 1869 1884 1963
f 1955 1931 1836
f 1924 1923 1846
f 1874 1968 1979
f 1906 1867 1938
f 1816 1792 1791
f 1860 1898 1946
f 1891 1898 1860
f 1891 1835 1939
f 1864 1877 1947
f 1877 1850 1958
f 1837 1934 1806
f 1916 1941 1855
f 1986 1917 1856
f 1920 1851 1870
f 1930 1852 1805
f 1805 1966 1930
f 1894 1921 1825
f 1923 1932 1873
f 1979 1925 1874
f 1980 1875 1981
f 1937 1981 1875
f 1887 1926 1904
f 1909 1834 1889
f 1933 1898 1891
f 1770 1857 1900
f 1864 1947 1912
f 1972 1901 1865
f 1974 1783 1806
f 1806 1934 1974
f 1879 1928 1785
f 1962 1892 1881
f 1856 1917 1881
f 1907 1882 1827
f 1827 1918 1907
f 1870 1885 1914
f 1893 1914 1885
f 1921 1955 1836
f 1832 1936 1858
f 1801 1945 1886
f 1905 1876 1888
f 1888 1802 1905
f 1909 1905 1802
f 1939 1861 1899
f 1862 1900 1940
f 1912 1894 1849
f 1783 1974 1973
f 2063 1819 1929
f 1880 1942 1960
f 1797 1892 1962
f 1986 1882 1907
f 1919 1903 1841
f 1841 1851 1964
f 1914 1920 1870
f 1852 1965 1893
f 1931 1966 1871
f 1921 1894 2008
f 1932 1872 1873
f 1932 1923 2000
f 1854 2050 1801
f 1910 1859 1895
f 1956 1791 1792
f 1890 1956 1792
f 1934 1837 2015
f 1959 1927 1902
f 1902 1948 1959
f 1916 1880 1953
f 1920 1964 1851
f 1832 1823 1989
f 1970 1890 1897
f 2011 1946 1898
f 1947 1877 1958
f 1880 1960 1953
f 1935 1839 1826
f 1962 1935 1797
f 1943 1963 1884
f 1920 1914 1944
f 1965 1914 1893
f 1951 1857 1853
f 1989 1936 1832
f 1922 1989 1823
f 2050 1945 1801
f 1926 1915 2002
f 1905 1909 2033
f 1889 2033 1909
f 1834 1859 2004
f 1890 1970 1969
f 1933 1891 1939
f 1881 1917 1950
f 1963 1996 1869
f 1908 1943 1884
f 1987 1908 1903
f 1841 1964 1919
f 1923 1924 2000
f 1904 1983 1887
f 1876 2002 1915
f 1906 1938 2010
f 1933 2011 1898
f 1939 1899 2006
f 1947 2052 1912
f 1992 1958 1850
f 1850 1901 1992
f 1928 1879 2044
f 1953 1941 1916
f 1942 1839 1961
f 1949 1961 1839
f 1935 1949 1839
f 2022 1944 1914
f 2008 1967 1921
f 2032 1857 1951
f 1977 1951 1844
f 1845 1977 1844
f 1999 1922 1872
f 2000 1978 1932
f 2001 1924 1925
f 1979 2001 1925
f 2004 1889 1834
f 1957 1956 1890
f 1897 1946 1971
f 1952 1894 1912
f 1959 1993 1927
f 1879 2063 2029
f 1907 1918 2030
f 1868 2030 1918
f 1919 1987 1903
f 1965 2022 1914
f 1858 1977 1845
f 1872 1932 1978
f 1968 1980 2024
f 1887 1982 2050
f 1859 1910 2082
f 1984 1896 2025
f 1971 1970 1897
f 1783 1973 1865
f 1950 1962 1881
f 1996 1883 1913
f 1943 1908 2106
f 1987 2106 1908
f 1919 1964 1997
f 1944 1976 1920
f 1965 1852 2067
f 2057 2067 1852
f 1852 1930 2057
f 1931 2013 1966
f 1931 1955 2108
f 1955 1921 1967
f 1924 2001 2058
f 2002 1904 1926
f 1876 1905 2009
f 1910 1896 1990
f 2051 2010 1938
f 1938 1791 2051
f 1890 1969 1957
f 1933 1939 2006
f 2052 1952 1912
f 1964 1920 1976
f 1944 2022 2045
f 1998 2008 1894
f 1983 1982 1887
f 2033 2009 1905
f 2078 2033 1889
f 1889 2004 2078
f 1990 2082 1910
f 2011 1971 1946
f 1952 1998 1894
f 1992 1901 2043
f 1993 2015 1927
f 1948 1878 1975
f 1975 1878 1928
f 2044 1975 1928
f 2018 1935 1962
f 1883 1996 1954
f 1930 1966 2057
f 1951 1977 2074
f 2002 1876 2003
f 2009 2003 1876
f 1933 2006 2097
f 2007 1940 1900
f 1958 1992 2028
f 1959 1948 1994
f 1948 1975 2012
f 1929 1941 2016
f 1985 2016 1941
f 1941 1953 1985
f 1953 1960 1985
f 1960 1942 2054
f 1961 2054 1942
f 1935 2018 2017
f 1907 2065 1986
f 2030 1868 1954
f 1868 1883 1954
f 1997 1964 2090
f 1857 2032 1988
f 2032 1951 2074
f 1858 1936 2139
f 1979 1968 2001
f 1984 1990 1896
f 1969 2005 1957
f 2052 1947 2042
f 2028 2042 1947
f 1947 1958 2028
f 1901 1972 2043
f 2021 1973 1974
f 2014 1974 1934
f 2015 2014 1934
f 2012 1994 1948
f 1995 2018 1962
f 1986 2065 2019
f 2116 1987 1919
f 1964 1976 2090
f 2067 2022 1965
f 2013 1931 2108
f 2037 1999 1872
f 2024 2001 1968
f 1937 1886 2060
f 1945 2060 1886
f 1956 2051 1791
f 1899 1991 2006
f 1940 1991 1899
f 1900 1857 2007
f 1988 2007 1857
f 1952 2027 1998
f 2044 1879 2029
f 2016 2035 1929
f 1985 1960 2053
f 1962 1950 1995
f 1976 1944 2020
f 1955 1967 2072
f 1998 2046 2008
f 2024 1980 2059
f 1981 2059 1980
f 1969 1970 2026
f 1971 2011 2040
f 2062 1972 1865
f 1865 1973 2062
f 2063 1929 2035
f 2081 2016 1985
f 2053 1960 2054
f 1950 1917 1995
f 1944 2045 2020
f 2031 2057 1966
f 1966 2013 2031
f 1936 1989 2075
f 2050 2180 1945
f 2026 2005 1969
f 2097 2011 1933
f 2097 2006 1991
f 1991 1940 2007
f 2017 1949 1935
f 2030 2065 1907
f 1963 1943 2055
f 2038 1978 2000
f 2000 1924 2038
f 2001 2024 2023
f 2049 1945 2180
f 2033 2077 2009
f 2004 1859 2208
f 2079 2082 1990
f 2040 2026 1970
f 1970 1971 2040
f 2104 2028 1992
f 1992 2043 2104
f 1974 2014 2021
f 1995 1917 2019
f 1986 2019 1917
f 1954 1996 2036
f 1943 2106 2055
f 2046 1967 2008
f 1983 1904 2039
f 2002 2039 1904
f 2003 2009 2077
f 2025 2141 1984
f 2015 1993 2113
f 1954 2036 2115
f 2090 1976 2117
f 2056 2020 2045
f 2022 2067 2118
f 2132 2031 2013
f 2108 2132 2013
f 1967 2046 2073
f 2046 1998 2027
f 2007 1988 2084
f 2048 2075 1989
f 1989 1922 2048
f 1872 1978 2037
f 2058 2038 1924
f 1937 2076 1981
f 2208 2078 2004
f 2082 2208 1859
f 1990 1984 2061
f 1957 2111 1956
f 2042 2028 2034
f 1996 1963 2036
f 2022 2131 2045
f 2072 2108 1955
f 2076 2059 1981
f 1982 1983 2039
f 2095 2079 1990
f 1984 2141 2061
f 1957 2005 2111
f 2011 2097 2126
f 1952 2052 2080
f 2113 1993 2088
f 1993 1959 2088
f 1994 2088 1959
f 1954 2115 2030
f 2086 2117 1976
f 1858 2093 1977
f 2139 1936 2075
f 2023 2058 2001
f 2076 1937 2060
f 2095 1990 2061
f 2051 2142 2010
f 2097 1991 2041
f 2084 2098 2007
f 2027 1952 2071
f 2104 2034 2028
f 1972 2105 2043
f 2062 2105 1972
f 1973 2021 2062
f 2014 2015 2113
f 2054 1961 2064
f 1961 1949 2064
f 1919 1997 2116
f 2086 1976 2020
f 2118 2131 2022
f 2032 2074 2047
f 1922 1999 2048
f 2094 2037 1978
f 2049 2060 1945
f 2003 2039 2002
f 2033 2078 2069
f 1906 2010 2142
f 2081 2146 2035
f 2016 2081 2035
f 2081 1985 2122
f 2053 2122 1985
f 2114 1949 2017
f 2019 2100 1995
f 2139 2093 1858
f 2110 2023 2024
f 2039 2003 2133
f 2003 2077 2133
f 2025 1911 2141
f 1991 2007 2098
f 1994 2012 2099
f 2018 1995 2100
f 2089 2123 2065
f 2065 2030 2089
f 2036 1963 2066
f 2055 2066 1963
f 2106 1987 2191
f 2107 2056 2045
f 2046 2027 2071
f 2075 2048 2124
f 1982 2180 2050
f 2135 2082 2079
f 1911 1906 2246
f 2070 2051 1956
f 1956 2111 2070
f 2143 2165 2026
f 2026 2040 2143
f 2011 2126 2136
f 1991 2098 2041
f 2137 2080 2052
f 2052 2042 2137
f 2112 2104 2043
f 2043 2105 2112
f 2088 1994 2155
f 2012 1975 2099
f 2054 2200 2053
f 1987 2116 2191
f 2131 2107 2045
f 2072 1967 2073
f 2024 2059 2110
f 2077 2033 2069
f 2111 2005 2096
f 2005 2026 2096
f 2040 2011 2103
f 2034 2137 2042
f 1975 2044 2129
f 2029 2129 2044
f 2200 2054 2157
f 2054 2064 2211
f 1949 2114 2064
f 2019 2065 2123
f 2067 2057 2171
f 2057 2031 2171
f 2073 2068 2072
f 2092 2084 1988
f 1988 2032 2092
f 2074 1977 2093
f 2125 2094 1978
f 2060 2049 2121
f 2180 2121 2049
f 2180 1982 2101
f 2102 2079 2095
f 2142 2051 2087
f 2083 2087 2051
f 2051 2070 2083
f 2103 2011 2136
f 1952 2080 2162
f 2085 2021 2014
f 2099 2155 1994
f 2063 2035 2146
f 2158 2100 2019
f 2192 2191 2116
f 2116 1997 2218
f 2020 2056 2091
f 2047 2092 2032
f 2038 2125 1978
f 2119 2038 2058
f 2058 2023 2119
f 2023 2110 2119
f 2110 2059 2140
f 2059 2076 2140
f 1982 2039 2101
f 2133 2101 2039
f 2078 2208 2284
f 2273 2102 2095
f 2165 2096 2026
f 2040 2103 2143
f 2014 2113 2085
f 2211 2157 2054
f 2089 2030 2138
f 2115 2138 2030
f 2066 2055 2169
f 2106 2169 2055
f 2171 2118 2067
f 2073 2046 2174
f 2060 2121 2120
f 2133 2077 2181
f 2069 2078 2196
f 2098 2084 2127
f 2071 1952 2162
f 2144 2105 2062
f 2029 2063 2168
f 2146 2168 2063
f 2158 2019 2123
f 2090 2218 1997
f 2132 2171 2031
f 2074 2093 2159
f 2139 2075 2124
f 1999 2037 2048
f 2134 2181 2077
f 2077 2069 2134
f 2208 2082 2135
f 2246 2141 1911
f 2034 2104 2167
f 2274 2113 2088
f 2155 2274 2088
f 2129 2099 1975
f 2017 2203 2114
f 2018 2100 2182
f 2090 2117 2173
f 2091 2086 2020
f 2131 2118 2193
f 2109 2147 2068
f 2068 2073 2109
f 2073 2174 2109
f 2092 2127 2084
f 2148 2047 2074
f 2069 2196 2134
f 2095 2061 2273
f 2165 2186 2096
f 2041 2098 2209
f 2099 2129 2216
f 2129 2029 2168
f 2122 2053 2200
f 2068 2108 2072
f 2093 2139 2149
f 2120 2121 2179
f 2180 2179 2121
f 2133 2164 2101
f 2284 2196 2078
f 2102 2135 2079
f 2041 2166 2097
f 2162 2153 2071
f 2162 2080 2238
f 2137 2238 2080
f 2167 2137 2034
f 2112 2167 2104
f 2182 2017 2018
f 2158 2182 2100
f 2089 2138 2190
f 2173 2218 2090
f 2086 2275 2117
f 2108 2068 2147
f 2109 2174 2213
f 2163 2037 2094
f 2094 2125 2163
f 2038 2119 2125
f 2101 2150 2180
f 2246 1906 2160
f 2142 2160 1906
f 2070 2111 2228
f 2209 2098 2152
f 2127 2152 2098
f 2128 2062 2021
f 2085 2128 2021
f 2146 2081 2156
f 2192 2116 2218
f 2275 2173 2117
f 2275 2086 2091
f 2130 2091 2056
f 2118 2171 2193
f 2132 2108 2183
f 2244 2163 2125
f 2184 2125 2119
f 2257 2083 2070
f 2197 2103 2136
f 2166 2136 2126
f 2209 2166 2041
f 2154 2112 2105
f 2144 2154 2105
f 2113 2274 2145
f 2081 2122 2156
f 2122 2200 2210
f 2066 2223 2036
f 2169 2106 2191
f 2174 2046 2306
f 2175 2306 2046
f 2047 2214 2092
f 2125 2184 2244
f 2176 2184 2119
f 2119 2110 2176
f 2140 2076 2177
f 2060 2177 2076
f 2142 2087 2151
f 2185 2228 2111
f 2111 2096 2185
f 2186 2165 2229
f 2197 2143 2103
f 2126 2097 2166
f 2062 2128 2144
f 2145 2085 2113
f 2190 2123 2089
f 2223 2233 2115
f 2115 2036 2223
f 2132 2183 2171
f 2153 2175 2046
f 2046 2071 2153
f 2139 2124 2205
f 2124 2048 2205
f 2048 2037 2262
f 2120 2177 2060
f 2164 2133 2181
f 2186 2215 2096
f 2210 2156 2122
f 2064 2114 2202
f 2115 2233 2138
f 2241 2130 2056
f 2056 2107 2241
f 2219 2262 2037
f 2140 2176 2110
f 2179 2178 2120
f 2160 2142 2151
f 2087 2083 2265
f 2187 2154 2144
f 2301 2128 2085
f 2155 2099 2198
f 2099 2216 2198
f 2107 2131 2212
f 2193 2212 2131
f 2183 2108 2242
f 2108 2147 2242
f 2127 2092 2161
f 2148 2074 2159
f 2257 2070 2228
f 2172 2152 2127
f 2162 2230 2153
f 2145 2274 2239
f 2287 2274 2155
f 2198 2287 2155
f 2200 2157 2201
f 2318 2201 2157
f 2202 2211 2064
f 2217 2158 2123
f 2190 2217 2123
f 2091 2130 2170
f 2214 2161 2092
f 2243 2214 2047
f 2148 2243 2047
f 2159 2243 2148
f 2093 2261 2159
f 2226 2273 2061
f 2061 2141 2226
f 2246 2227 2141
f 2215 2185 2096
f 2136 2166 2197
f 2167 2112 2232
f 2168 2146 2199
f 2156 2199 2146
f 2066 2169 2251
f 2194 2147 2109
f 2109 2213 2194
f 2149 2139 2308
f 2205 2308 2139
f 2163 2219 2037
f 2177 2120 2178
f 2101 2164 2220
f 2227 2226 2141
f 2257 2265 2083
f 2229 2165 2247
f 2165 2143 2247
f 2161 2172 2127
f 2129 2168 2199
f 2203 2202 2114
f 2182 2203 2017
f 2183 2193 2171
f 2207 2181 2134
f 2134 2196 2207
f 2256 2207 2196
f 2238 2231 2162
f 2232 2112 2267
f 2301 2187 2144
f 2144 2128 2301
f 2173 2275 2320
f 2194 2242 2147
f 2271 2213 2174
f 2306 2271 2174
f 2338 2205 2048
f 2048 2262 2338
f 2163 2244 2254
f 2177 2178 2206
f 2220 2195 2101
f 2263 2208 2135
f 2263 2135 2102
f 2102 2273 2263
f 2215 2186 2229
f 2143 2197 2247
f 2231 2230 2162
f 2154 2187 2221
f 2289 2199 2156
f 2188 2289 2156
f 2211 2318 2157
f 2203 2182 2204
f 2189 2204 2182
f 2182 2158 2189
f 2191 2329 2169
f 2149 2261 2093
f 2244 2184 2236
f 2176 2236 2184
f 2177 2206 2140
f 2263 2280 2208
f 2265 2151 2087
f 2238 2137 2259
f 2137 2167 2259
f 2232 2259 2167
f 2267 2112 2154
f 2154 2221 2267
f 2198 2216 2240
f 2216 2129 2288
f 2199 2288 2129
f 2188 2156 2210
f 2251 2223 2066
f 2091 2252 2275
f 2130 2241 2276
f 2243 2159 2261
f 2176 2140 2224
f 2179 2245 2178
f 2297 2256 2196
f 2196 2284 2297
f 2226 2227 2264
f 2215 2401 2185
f 2229 2258 2215
f 2197 2166 2248
f 2249 2248 2166
f 2166 2209 2249
f 2298 2209 2152
f 2161 2214 2172
f 2240 2287 2198
f 2289 2302 2199
f 2200 2201 2210
f 2303 2211 2202
f 2158 2217 2189
f 2091 2170 2252
f 2170 2130 2270
f 2276 2270 2130
f 2212 2241 2107
f 2175 2153 2299
f 2153 2230 2299
f 2219 2163 2254
f 2206 2224 2140
f 2179 2180 2150
f 2181 2207 2225
f 2280 2284 2208
f 2248 2247 2197
f 2152 2172 2298
f 2315 2221 2187
f 2301 2085 2327
f 2302 2260 2199
f 2303 2318 2211
f 2268 2202 2203
f 2251 2169 2329
f 2192 2218 2269
f 2234 2212 2193
f 2193 2183 2234
f 2183 2242 2234
f 2194 2213 2235
f 2150 2101 2195
f 2164 2181 2225
f 2215 2258 2266
f 2209 2298 2249
f 2085 2145 2327
f 2288 2240 2216
f 2288 2199 2260
f 2188 2210 2369
f 2204 2268 2203
f 2222 2189 2217
f 2190 2138 2250
f 2233 2250 2138
f 2218 2173 2269
f 2242 2194 2253
f 2271 2306 2383
f 2236 2176 2224
f 2245 2309 2178
f 2164 2399 2220
f 2172 2214 2314
f 2187 2301 2315
f 2329 2191 2358
f 2191 2192 2358
f 2235 2213 2295
f 2213 2271 2295
f 2309 2206 2178
f 2245 2179 2279
f 2256 2225 2207
f 2264 2273 2226
f 2160 2151 2312
f 2237 2257 2228
f 2228 2185 2400
f 2401 2400 2185
f 2281 2232 2267
f 2321 2252 2170
f 2170 2270 2321
f 2299 2230 2342
f 2244 2236 2345
f 2272 2345 2236
f 2224 2255 2236
f 2150 2279 2179
f 2256 2297 2311
f 2246 2160 2341
f 2312 2151 2455
f 2265 2455 2151
f 2354 2258 2229
f 2231 2238 2355
f 2259 2355 2238
f 2145 2239 2373
f 2250 2217 2190
f 2223 2251 2233
f 2269 2358 2192
f 2241 2212 2294
f 2277 2294 2212
f 2234 2277 2212
f 2235 2253 2194
f 2299 2306 2175
f 2243 2261 2282
f 2378 2254 2244
f 2345 2378 2244
f 2224 2206 2339
f 2225 2399 2164
f 2264 2227 2323
f 2340 2323 2227
f 2227 2246 2340
f 2341 2340 2246
f 2333 2237 2228
f 2401 2215 2266
f 2248 2249 2368
f 2286 2298 2172
f 2314 2286 2172
f 2259 2232 2355
f 2301 2327 2335
f 2373 2327 2145
f 2290 2303 2202
f 2202 2268 2290
f 2204 2189 2319
f 2292 2319 2189
f 2217 2250 2222
f 2352 2233 2251
f 2275 2252 2344
f 2242 2277 2234
f 2253 2235 2360
f 2296 2314 2214
f 2261 2149 2278
f 2308 2278 2149
f 2308 2205 2338
f 2236 2255 2272
f 2150 2195 2310
f 2273 2264 2353
f 2237 2265 2257
f 2228 2400 2333
f 2229 2247 2334
f 2285 2334 2247
f 2247 2248 2285
f 2230 2231 2342
f 2324 2355 2232
f 2325 2324 2232
f 2326 2267 2221
f 2239 2274 2350
f 2288 2260 2328
f 2189 2222 2292
f 2329 2352 2251
f 2173 2320 2330
f 2235 2295 2336
f 2243 2296 2214
f 2219 2254 2410
f 2279 2438 2245
f 2399 2332 2220
f 2311 2346 2256
f 2415 2280 2263
f 2248 2368 2285
f 2300 2342 2231
f 2355 2300 2231
f 2267 2326 2281
f 2201 2369 2210
f 2268 2204 2291
f 2269 2173 2330
f 2293 2276 2241
f 2294 2293 2241
f 2253 2277 2242
f 2282 2296 2243
f 2384 2338 2262
f 2262 2219 2384
f 2225 2256 2346
f 2297 2284 2283
f 2274 2287 2350
f 2318 2317 2201
f 2291 2290 2268
f 2252 2321 2344
f 2305 2270 2276
f 2293 2305 2276
f 2363 2295 2271
f 2378 2331 2254
f 2264 2323 2366
f 2312 2341 2160
f 2258 2459 2266
f 2334 2354 2229
f 2249 2298 2388
f 2302 2289 2442
f 2222 2250 2371
f 2321 2270 2359
f 2305 2359 2270
f 2336 2360 2235
f 2282 2261 2307
f 2206 2309 2380
f 2309 2245 2438
f 2195 2220 2310
f 2332 2310 2220
f 2284 2280 2283
f 2263 2273 2415
f 2273 2353 2415
f 2264 2366 2353
f 2265 2237 2313
f 2354 2459 2258
f 2298 2286 2348
f 2397 2348 2286
f 2286 2314 2397
f 2232 2281 2325
f 2315 2326 2221
f 2316 2350 2287
f 2287 2240 2316
f 2351 2240 2288
f 2288 2328 2351
f 2343 2442 2289
f 2304 2292 2222
f 2371 2304 2222
f 2250 2233 2357
f 2322 2293 2294
f 2277 2322 2294
f 2306 2299 2417
f 2255 2224 2364
f 2339 2206 2398
f 2438 2279 2385
f 2280 2415 2283
f 2388 2298 2348
f 2315 2301 2372
f 2335 2372 2301
f 2260 2302 2442
f 2304 2371 2374
f 2277 2253 2389
f 2360 2389 2253
f 2383 2363 2271
f 2417 2383 2306
f 2410 2384 2219
f 2410 2254 2331
f 2380 2398 2206
f 2150 2365 2279
f 2414 2346 2311
f 2297 2414 2311
f 2265 2313 2455
f 2334 2285 2347
f 2349 2417 2299
f 2342 2349 2299
f 2289 2188 2343
f 2317 2318 2433
f 2405 2357 2233
f 2233 2352 2405
f 9711 2344 2321
f 2322 2277 2389
f 2295 2363 2362
f 2278 2337 2261
f 2379 2345 2272
f 2272 2255 2379
f 2339 2364 2224
f 2399 2225 2391
f 2459 2401 2266
f 2347 2402 2334
f 2285 2368 2347
f 2404 2325 2281
f 2370 2319 2292
f 2352 2329 2436
f 2448 2269 2330
f 2320 2275 2406
f 2344 2406 2275
f 2336 2295 2361
f 2337 2307 2261
f 2225 2346 2454
f 2387 2283 2415
f 2400 2505 2333
f 2354 2334 2402
f 2457 2327 2373
f 2328 2260 2430
f 2442 2430 2260
f 2201 2317 2431
f 2292 2304 2370
f 2436 2329 2471
f 2329 2358 2471
f 2360 2336 2361
f 2362 2361 2295
f 2409 2308 2338
f 2338 2384 2409
f 2364 2339 2398
f 2438 2380 2309
f 2365 2385 2279
f 2283 2414 2297
f 2353 2439 2415
f 2340 2488 2323
f 2249 2388 2368
f 2296 2397 2314
f 2349 2342 2403
f 2457 2335 2327
f 2343 2188 2356
f 2431 2317 2432
f 2433 2432 2317
f 2357 2381 2250
f 2330 2320 2448
f 2406 2344 2443
f 2344 9711 2443
f 2445 2359 2305
f 2296 2282 2377
f 2411 2378 2345
f 2379 2411 2345
f 2364 2452 2255
f 2150 2310 2386
f 2414 2283 2426
f 2340 2341 2367
f 2300 2403 2342
f 2404 2324 2325
f 2356 2188 2369
f 2369 2201 2431
f 2470 2434 2290
f 2290 2291 2470
f 2319 2291 2204
f 2374 2370 2304
f 2381 2371 2250
f 2381 2357 2375
f 2305 2293 2445
f 2382 2445 2293
f 2293 2322 2382
f 2424 2296 2377
f 2408 2278 2308
f 2386 2365 2150
f 2391 2487 2399
f 2454 2391 2225
f 2454 2346 2414
f 2488 2366 2323
f 2367 2341 2474
f 2341 2312 2474
f 2455 2474 2312
f 2468 2313 2237
f 2237 2333 2468
f 2505 2468 2333
f 2388 2428 2368
f 2315 2372 2573
f 2239 2350 2421
f 2350 2316 2393
f 2442 2343 2394
f 2462 2394 2343
f 2434 2303 2290
f 2405 2375 2357
f 2359 2445 2422
f 2389 2360 2361
f 2390 2376 2362
f 2407 2362 2363
f 2383 2407 2363
f 2397 2296 2424
f 2308 2409 2408
f 2387 2426 2283
f 2353 2366 2439
f 2402 2392 2354
f 2347 2368 2440
f 2388 2348 2428
f 2423 2428 2348
f 2417 2349 2456
f 2315 2573 2420
f 2421 2373 2239
f 2350 2393 2421
f 2446 2316 2240
f 2240 2351 2446
f 2356 2369 2431
f 2303 2433 2318
f 2381 2396 2371
f 2405 2352 2436
f 2376 2361 2362
f 2282 2307 2377
f 2379 2255 2452
f 2380 2425 2398
f 2392 2459 2354
f 2348 2397 2423
f 2419 2281 2326
f 2356 2462 2343
f 2396 2395 2374
f 2374 2371 2396
f 2322 2389 2522
f 2407 2390 2362
f 2450 2331 2378
f 2378 2411 2450
f 2452 2364 2453
f 2444 2425 2380
f 2413 2454 2414
f 2456 2349 2551
f 2300 2355 2418
f 2355 2324 2418
f 2420 2326 2315
f 2481 2573 2372
f 2372 2335 2481
f 2416 2522 2389
f 2389 2361 2416
f 2376 2416 2361
f 2417 2407 2383
f 2307 2337 2449
f 2364 2398 2486
f 2380 2438 2444
f 2438 2385 2502
f 2412 2502 2385
f 2488 2340 2367
f 2313 2494 2455
f 2459 2427 2401
f 2368 2428 2440
f 2403 2551 2349
f 2418 2429 2300
f 2419 2404 2281
f 2351 2328 2490
f 2430 2490 2328
f 2470 2291 2319
f 2395 2370 2374
f 2358 2269 2471
f 2376 2390 2441
f 2397 2424 2460
f 2377 2307 2449
f 2453 2364 2486
f 2365 2560 2385
f 2487 2391 2466
f 2454 2466 2391
f 2421 2457 2373
f 2574 2393 2316
f 2434 2433 2303
f 2375 2405 2447
f 2269 2448 2471
f 2522 2382 2322
f 2423 2397 2460
f 2492 2449 2337
f 2337 2278 2492
f 2410 2331 2501
f 2451 2411 2379
f 2425 2486 2398
f 2529 2438 2502
f 2412 2385 2560
f 2386 2310 2465
f 2332 2465 2310
f 2476 2505 2400
f 2402 2347 2489
f 2300 2541 2403
f 2495 2418 2324
f 2404 2495 2324
f 2335 2457 2481
f 2316 2446 2574
f 2442 2394 2496
f 2370 2395 2483
f 2381 2435 2396
f 2447 2405 2517
f 2436 2517 2405
f 2320 2406 2437
f 2458 2437 2406
f 2443 2458 2406
f 2445 2484 2422
f 2416 2376 2478
f 2441 2478 2376
f 2441 2390 2499
f 2390 2407 2499
f 2407 2417 2480
f 2408 2492 2278
f 2409 2558 2408
f 2409 2384 2485
f 2384 2410 2485
f 2452 2451 2379
f 2452 2453 2464
f 2413 2414 2562
f 2467 2426 2387
f 2493 2387 2415
f 2439 2493 2415
f 2521 2392 2402
f 2478 2461 2416
f 2429 2541 2300
f 2514 2421 2393
f 2490 2430 2482
f 2496 2394 2462
f 2395 2396 2435
f 2473 2377 2449
f 2386 2510 2365
f 2387 2493 2467
f 2313 2468 2504
f 2400 2401 2476
f 2427 2476 2401
f 2440 2489 2347
f 2428 2423 2477
f 2441 2499 2479
f 2490 2446 2351
f 2430 2442 2482
f 2460 2424 2463
f 2579 2473 2449
f 2501 2485 2410
f 2529 2444 2438
f 2465 2510 2386
f 2520 2562 2414
f 2414 2426 2520
f 2439 2366 2515
f 2366 2488 2515
f 2428 2506 2440
f 2420 2419 2326
f 2574 2514 2393
f 2496 2482 2442
f 2462 2356 2614
f 2470 2319 2507
f 2435 2483 2395
f 2560 2365 2510
f 2515 2503 2439
f 2468 2505 2512
f 2427 2459 2570
f 2489 2521 2402
f 2489 2440 2506
f 2484 2445 2469
f 2445 2382 2469
f 2382 2522 2469
f 2461 2522 2416
f 2480 2417 2456
f 2525 2541 2429
f 2404 2530 2495
f 2421 2514 2516
f 2614 2531 2462
f 2319 2370 2507
f 2370 2483 2507
f 2435 2381 2532
f 2375 2532 2381
f 2528 2448 2320
f 2437 2528 2320
f 2449 2492 2579
f 2509 2501 2331
f 2503 2493 2439
f 2504 2494 2313
f 2500 2499 2407
f 2407 2480 2500
f 2404 2419 2542
f 2481 2457 2513
f 2555 2457 2421
f 2421 2516 2555
f 2434 2526 2433
f 2508 2458 2443
f 2508 2443 9710
f 2463 2536 2460
f 2558 2492 2408
f 2409 2485 2596
f 2331 2450 2509
f 2486 2425 2597
f 2537 2597 2425
f 2465 2332 2511
f 2426 2467 2520
f 2474 2455 2475
f 2423 2460 2557
f 2536 2557 2460
f 2479 2491 2478
f 2478 2441 2479
f 2600 2479 2499
f 2541 2551 2403
f 2418 2525 2429
f 2572 2542 2419
f 2419 2420 2572
f 2447 2498 2375
f 2517 2436 2518
f 2436 2471 2518
f 2528 2471 2448
f 2451 2450 2411
f 2451 2452 2580
f 2452 2464 2580
f 2425 2444 2537
f 2560 2559 2412
f 2332 2399 2511
f 2413 2562 2553
f 2494 2475 2455
f 2613 2504 2468
f 2506 2428 2477
f 2404 2542 2530
f 2457 2543 2513
f 2457 2555 2543
f 2433 2545 2432
f 2483 2435 2497
f 2458 2533 2437
f 2464 2453 2581
f 2620 2529 2502
f 2559 2502 2412
f 2487 2511 2399
f 2553 2454 2413
f 2367 2564 2488
f 2459 2392 2578
f 2521 2578 2392
f 2489 2534 2521
f 2557 2477 2423
f 2491 2548 2478
f 2495 2525 2418
f 2573 2481 2513
f 2490 2482 2584
f 2531 2496 2462
f 2431 2432 2544
f 2526 2545 2433
f 2434 2470 2546
f 2497 2507 2483
f 2532 2375 2498
f 2453 2486 2597
f 2589 2493 2503
f 2564 2515 2488
f 2512 2613 2468
f 2505 2476 2554
f 2578 2570 2459
f 2590 2446 2490
f 2356 2431 2544
f 2526 2434 2605
f 2507 2497 2527
f 2498 2447 2517
f 2522 2461 2523
f 2461 2478 2548
f 2499 2500 2576
f 2577 2480 2456
f 2537 2444 2538
f 2444 2529 2538
f 2553 2466 2454
f 2474 2475 2612
f 2570 2540 2427
f 2535 2506 2477
f 2584 2590 2490
f 2458 2508 2607
f 2548 2523 2461
f 2491 2479 2549
f 2576 2600 2499
f 2551 2577 2456
f 2587 2596 2485
f 2485 2501 2587
f 2502 2559 2620
f 2465 2539 2510
f 2511 2582 2465
f 2511 2487 2672
f 2466 2672 2487
f 2467 2493 2589
f 2554 2512 2505
f 2476 2427 2540
f 2547 2519 2472
f 2472 2469 2547
f 2469 2522 2547
f 2549 2479 2600
f 2480 2577 2550
f 2551 2541 2571
f 2525 2567 2541
f 2446 2556 2574
f 2585 2496 2604
f 2496 2531 2604
f 2614 2356 2544
f 2434 2546 2605
f 2568 2546 2470
f 2470 2507 2568
f 2592 2568 2507
f 2497 2435 2622
f 2471 2528 2518
f 2596 2558 2409
f 2552 2581 2453
f 2582 2539 2465
f 2367 2474 2699
f 2612 2699 2474
f 2512 2554 2613
f 2540 2554 2476
f 2495 2530 2665
f 2420 2573 2572
f 2622 2527 2497
f 2532 2622 2435
f 2533 2528 2437
f 2607 2533 2458
f 2579 2492 2632
f 2515 2598 2503
f 2564 2661 2515
f 2521 2534 2578
f 2536 2623 2557
f 9591 2536 2463
f 2524 2576 2500
f 2500 2480 2524
f 2446 2590 2556
f 2507 2527 2592
f 2532 2498 2617
f 2498 2517 2617
f 2575 2617 2517
f 9707 2472 2519
f 2509 2588 2501
f 2597 2552 2453
f 2560 2510 2539
f 2672 2466 2561
f 2553 2561 2466
f 2598 2589 2503
f 2661 2598 2515
f 2570 2569 2540
f 2489 2506 2619
f 2557 2535 2477
f 2565 2547 2522
f 2522 2523 2565
f 2662 2548 2491
f 2628 2567 2525
f 2525 2495 2628
f 2590 2584 2646
f 2591 2584 2482
f 2482 2496 2591
f 2585 2591 2496
f 2544 2432 2545
f 2632 2492 2558
f 2641 2450 2451
f 2464 2581 2580
f 2535 2619 2506
f 2549 2662 2491
f 2480 2550 2524
f 2594 2550 2577
f 2602 2572 2573
f 2574 2516 2514
f 2533 2618 2528
f 2473 2579 2609
f 2580 2641 2451
f 2597 2537 2690
f 2529 2652 2538
f 2562 2520 2583
f 2569 2570 2626
f 2567 2571 2541
f 2705 2530 2542
f 2542 2572 2683
f 2602 2573 2513
f 2614 2604 2531
f 2545 2526 2616
f 2605 2616 2526
f 2518 2575 2517
f 2565 2523 2648
f 2548 2648 2523
f 2566 2524 2550
f 2577 2551 2595
f 2580 2581 2633
f 2529 2620 2652
f 2553 2562 2610
f 2589 2563 2467
f 2635 2598 2661
f 2475 2494 2625
f 2700 2613 2554
f 2540 2569 2554
f 2683 2705 2542
f 2555 2516 2629
f 2586 2605 2546
f 2622 2606 2527
f 2593 2622 2532
f 2518 2639 2575
f 2528 2639 2518
f 2547 2599 2519
f 2549 2600 2663
f 2594 2566 2550
f 2619 2534 2489
f 2641 2509 2450
f 2537 2538 2651
f 2583 2610 2562
f 2520 2467 2583
f 2467 2563 2583
f 2565 2599 2547
f 2571 2595 2551
f 2571 2567 2601
f 2543 2555 2603
f 2555 2629 2603
f 2604 2614 2647
f 2544 2545 2615
f 2616 2615 2545
f 2546 2568 2586
f 2592 2527 2606
f 2533 2607 2631
f 2536 9591 2608
f 2588 2587 2501
f 2580 2633 2624
f 2552 2633 2581
f 2494 2504 2625
f 2570 2578 2644
f 2623 2535 2557
f 2574 2556 2637
f 2614 2544 2615
f 2548 2662 2657
f 2600 2576 2649
f 2601 2595 2571
f 2623 2536 2650
f 2651 2690 2537
f 2559 2560 2634
f 2560 2539 2634
f 2553 2673 2561
f 2589 2611 2563
f 2598 2611 2589
f 2747 2661 2564
f 2367 2747 2564
f 2636 2625 2504
f 2730 2683 2572
f 9708 2519 2627
f 2599 2627 2519
f 2663 2677 2549
f 2524 2649 2576
f 2594 2577 2640
f 2632 2709 2579
f 2710 2687 2587
f 2587 2588 2710
f 2652 2651 2538
f 2652 2620 2671
f 2672 2561 2673
f 2504 2613 2636
f 2644 2626 2570
f 2665 2628 2495
f 2602 2730 2572
f 2684 2556 2590
f 2590 2646 2684
f 2585 2604 2638
f 2667 2617 2575
f 2639 2667 2575
f 2640 2566 2594
f 2595 2640 2577
f 2619 2535 2675
f 2650 2536 2658
f 2608 2658 2536
f 2609 2579 2709
f 2596 2587 2687
f 2552 2597 2670
f 2672 2582 2511
f 2553 2610 2642
f 2635 2611 2598
f 2554 2569 2653
f 2657 2648 2548
f 2662 2549 2677
f 2663 2600 2713
f 2649 2713 2600
f 2516 2574 2629
f 2574 2637 2629
f 2616 2605 2666
f 2568 2592 2586
f 2593 2617 2685
f 9709 2631 2607
f 2675 2535 2623
f 2632 2558 2698
f 2558 2596 2698
f 2624 2641 2580
f 2633 2552 2670
f 2652 2671 2712
f 2621 2642 2610
f 2610 2583 2621
f 2643 2563 2611
f 2699 2747 2367
f 2700 2636 2613
f 2601 2567 2654
f 2567 2628 2654
f 2774 2602 2513
f 2603 2513 2543
f 2584 2591 2646
f 2585 2731 2591
f 2615 2647 2614
f 2592 2606 2695
f 2667 2630 2617
f 2639 2528 2618
f 2644 2578 2682
f 2578 2534 2682
f 2509 2641 2659
f 2620 2559 2671
f 2768 2671 2559
f 2539 2582 2660
f 2673 2553 2642
f 2643 2611 2635
f 2627 2668 9708
f 2599 2565 2676
f 2649 2524 2664
f 2530 2705 2749
f 2513 2603 2774
f 2586 2666 2605
f 2696 2606 2622
f 2593 2696 2622
f 2685 2617 2630
f 2733 2618 2533
f 2533 2631 2733
f 2709 2608 2609
f 2641 2624 2688
f 2670 2597 2690
f 2583 2563 2680
f 2700 2554 2653
f 2653 2569 2701
f 2627 2599 2656
f 2676 2656 2599
f 2524 2566 2664
f 2691 2566 2640
f 2628 2665 2704
f 2749 2665 2530
f 2655 2603 2629
f 2679 2631 9709
f 2588 2509 2717
f 2509 2659 2717
f 2634 2768 2559
f 2634 2539 2660
f 2720 2680 2563
f 2563 2643 2720
f 2720 2643 2635
f 2612 2475 2721
f 2625 2721 2475
f 2569 2626 2701
f 2637 2655 2629
f 2645 2637 2556
f 2592 2695 2586
f 2668 2679 9708
f 2656 2668 2627
f 2565 2648 2676
f 2722 2664 2566
f 2534 2619 2674
f 2650 2658 2727
f 2717 2710 2588
f 2688 2659 2641
f 2689 2688 2624
f 2624 2633 2760
f 2673 2642 2746
f 2583 2680 2719
f 2625 2636 2773
f 2654 2628 2704
f 2645 2556 2684
f 2647 2615 2706
f 2615 2616 2678
f 2657 2676 2648
f 2682 2534 2674
f 2687 2698 2596
f 2624 2760 2689
f 2821 2760 2633
f 2670 2669 2633
f 2729 2690 2651
f 2651 2652 2729
f 2652 2712 2711
f 2642 2621 2746
f 2661 2681 2635
f 2701 2801 2653
f 2626 2644 2762
f 2682 2762 2644
f 2750 2602 2774
f 2666 2707 2616
f 2696 2695 2606
f 2697 2732 2667
f 2667 2639 2697
f 2639 2618 2697
f 2595 2702 2640
f 2601 2703 2595
f 2675 2623 2650
f 2673 2739 2672
f 2681 2720 2635
f 2636 2700 2692
f 2694 2676 2657
f 2662 2694 2657
f 2703 2714 2595
f 2774 2603 2771
f 2603 2763 2771
f 2775 2655 2637
f 2637 2645 2775
f 2591 2731 2646
f 2752 2604 2647
f 2706 2725 2647
f 2678 2706 2615
f 2668 2656 2755
f 2718 2669 2670
f 2711 2729 2652
f 2582 2738 2660
f 2582 2672 2761
f 2719 2823 2583
f 2773 2721 2625
f 2674 2619 2726
f 2675 2726 2619
f 2566 2691 2722
f 2691 2640 2781
f 2781 2640 2702
f 2702 2595 2714
f 2749 2705 2770
f 2603 2655 2763
f 2638 2731 2585
f 2638 2604 2765
f 2604 2752 2765
f 2586 2742 2666
f 2695 2802 2586
f 2679 2668 2686
f 2708 2675 2650
f 2650 2727 2708
f 2717 2659 2688
f 2669 2821 2633
f 2761 2738 2582
f 2746 2739 2673
f 2823 2621 2583
f 2747 2681 2661
f 2654 2703 2601
f 2741 2705 2683
f 2715 2741 2683
f 2707 2796 2616
f 2593 2685 2716
f 2630 2667 2810
f 2618 2733 2753
f 2631 2679 2734
f 2791 2658 2608
f 2709 2632 2798
f 2728 2718 2670
f 2670 2690 2728
f 2773 2636 2692
f 2744 2677 2663
f 2713 2744 2663
f 2683 2730 2715
f 2750 2730 2602
f 2645 2684 2772
f 2647 2725 2752
f 2678 2616 2796
f 2666 2742 2776
f 2732 2810 2667
f 2679 2686 2734
f 2668 2755 2686
f 2799 2698 2687
f 2710 2717 2759
f 2660 2784 2634
f 2699 2612 2911
f 2721 2911 2612
f 2736 2682 2674
f 2755 2656 2756
f 2656 2693 2756
f 2735 9590 2676
f 2676 2694 2735
f 2694 2662 2926
f 2743 2926 2662
f 2662 2677 2743
f 2677 2744 2743
f 2713 2649 2780
f 2664 2780 2649
f 2722 2691 2767
f 2704 2665 2740
f 2705 2741 2723
f 2742 2586 2802
f 2716 2696 2593
f 2727 2658 2758
f 2737 2759 2717
f 2729 2728 2690
f 2712 2671 2794
f 2818 2780 2664
f 2757 2767 2691
f 2703 2654 2782
f 2705 2723 2770
f 2724 2715 2730
f 2638 2765 2809
f 2776 2707 2666
f 2753 2697 2618
f 2698 2798 2632
f 2745 2717 2688
f 2794 2711 2712
f 2784 2660 2785
f 2739 2832 2672
f 2762 2682 2736
f 2807 2740 2665
f 2665 2749 2807
f 2646 2731 2815
f 2731 2638 2764
f 2788 2685 2630
f 2810 2788 2630
f 2753 2733 2899
f 2734 2733 2631
f 2675 2708 2726
f 2745 2737 2717
f 2875 2671 2768
f 2768 2634 2784
f 2832 2761 2672
f 2800 2692 2813
f 2748 2813 2692
f 2692 2700 2748
f 2700 2653 2748
f 2801 2748 2653
f 2626 2801 2701
f 2755 2754 2686
f 2735 2693 9590
f 2735 2694 9580
f 2704 2834 2654
f 2751 2772 2684
f 2684 2646 2751
f 2815 2751 2646
f 2809 2764 2638
f 2674 2726 2833
f 2726 2708 2833
f 2804 2833 2708
f 2758 2843 2727
f 2658 2791 2758
f 2792 2608 2709
f 2825 2681 2747
f 2773 2692 2800
f 2750 2724 2730
f 2734 2686 2754
f 2756 2693 2779
f 2766 2743 2744
f 2664 2722 2818
f 2852 2818 2722
f 2722 2767 2852
f 2714 2881 2702
f 2843 2804 2708
f 2708 2727 2843
f 2846 2687 2710
f 2710 2759 2846
f 2660 2738 2785
f 2823 2746 2621
f 2720 2681 2769
f 2654 2834 2782
f 2772 2775 2645
f 2716 2685 2788
f 2732 2697 2777
f 2753 2777 2697
f 9580 2694 2803
f 2744 2713 2790
f 2703 2881 2714
f 2736 2674 2783
f 2792 2791 2608
f 2689 2886 2688
f 2728 2729 2831
f 2729 2711 2831
f 2784 2785 2876
f 2822 2746 2823
f 2769 2805 2720
f 2747 2699 2842
f 2786 2842 2699
f 2911 2786 2699
f 2704 2740 2834
f 2859 2807 2749
f 2749 2770 2859
f 2723 2741 2913
f 2750 2774 2844
f 2775 2808 2655
f 2765 2752 2862
f 2696 2716 2787
f 2754 2755 2892
f 2756 2892 2755
f 2780 2790 2713
f 2819 2852 2767
f 2691 2781 2757
f 2833 2783 2674
f 2798 2698 2793
f 2846 2799 2687
f 2689 2760 2873
f 2821 2873 2760
f 2785 2738 2877
f 2680 2720 2805
f 2825 2769 2681
f 2814 2801 2626
f 2762 2814 2626
f 2763 2655 2845
f 2862 2809 2765
f 2678 2725 2706
f 2810 2732 2908
f 2893 2819 2767
f 2757 2893 2767
f 2793 2883 2798
f 2886 2745 2688
f 2821 2669 2865
f 2831 2718 2728
f 2671 2875 2841
f 2823 2719 2812
f 2719 2680 2812
f 2844 2724 2750
f 2867 2774 2771
f 2867 2771 2763
f 2775 2772 2827
f 2879 2815 2731
f 2764 2879 2731
f 2862 2752 2916
f 2725 2678 2816
f 2695 2835 2802
f 2696 2835 2695
f 2777 2836 2732
f 2733 2734 2899
f 2756 2779 2778
f 2926 2817 2694
f 2926 2743 2838
f 2820 2843 2758
f 2711 2794 2847
f 2794 2671 2841
f 2738 2761 2902
f 2832 2903 2761
f 2795 2832 2739
f 2739 2746 2795
f 2848 2812 2680
f 2769 2825 2948
f 2842 2825 2747
f 2721 2773 2806
f 2860 2844 2774
f 2845 2867 2763
f 2835 2696 2828
f 2797 2787 2716
f 2788 2797 2716
f 2836 2908 2732
f 2803 2694 2817
f 2799 2793 2698
f 2759 2737 2846
f 2768 2784 2921
f 2876 2785 3023
f 2877 3023 2785
f 2902 2877 2738
f 2806 2911 2721
f 2813 2957 2800
f 2826 2850 2762
f 2762 2736 2826
f 2774 2867 2860
f 2827 2772 2868
f 2751 2868 2772
f 2678 2796 2863
f 2734 2789 2899
f 2781 2702 2880
f 2881 2880 2702
f 2873 2864 2689
f 2840 2669 2718
f 2847 2831 2711
f 2901 2847 2794
f 2875 2768 2921
f 2876 2921 2784
f 2795 2746 2822
f 2680 2805 2848
f 2824 2805 2769
f 2813 2748 2855
f 2850 2856 2762
f 2913 2770 2723
f 2808 2845 2655
f 2827 2808 2775
f 2751 2815 2868
f 2879 2764 2890
f 2809 2890 2764
f 2707 2863 2796
f 2742 2802 2776
f 2899 2777 2753
f 2811 2789 2754
f 2778 2892 2756
f 2837 2779 9580
f 2743 2766 2838
f 2791 2820 2758
f 2791 2792 2872
f 2709 2798 2883
f 2864 2886 2689
f 2865 2669 2840
f 2825 2842 2878
f 2748 2801 2855
f 2801 2849 2855
f 2801 2814 2849
f 2783 2826 2736
f 2890 2809 2907
f 2725 2891 2752
f 2678 2863 2816
f 2776 2863 2707
f 2787 2828 2696
f 2857 2766 2744
f 2790 2857 2744
f 2790 2780 2935
f 2757 2781 2839
f 2881 2703 2830
f 2782 2830 2703
f 2820 2791 2872
f 2709 2882 2792
f 2884 2883 2793
f 2831 2840 2718
f 2841 2901 2794
f 2931 2805 2824
f 2800 2806 2773
f 2814 2762 2856
f 2834 2858 2782
f 2907 2809 2862
f 2917 2891 2725
f 2816 2917 2725
f 2788 2810 2953
f 2908 2953 2810
f 9755 2899 2789
f 2829 9755 2789
f 2789 2811 2829
f 2892 2811 2754
f 2778 2779 2851
f 2871 2837 9580
f 9580 2803 2871
f 2853 2893 2757
f 2880 2839 2781
f 2783 2833 2896
f 2833 2804 2964
f 2843 2964 2804
f 2900 2793 2799
f 2856 2849 2814
f 2752 2891 2916
f 2835 2979 2802
f 2892 2778 2851
f 2803 2817 2871
f 2926 2871 2817
f 2780 2818 2909
f 2818 2852 2909
f 2895 2783 2896
f 2873 2821 2938
f 2903 2902 2761
f 2823 2812 2887
f 2878 2948 2825
f 2878 2842 2854
f 2826 2783 2895
f 2740 2912 2834
f 2951 2859 2770
f 2770 2913 2951
f 2827 2868 2889
f 2776 2802 2962
f 2802 2979 2962
f 2883 2882 2709
f 2874 2847 2901
f 2866 2901 2841
f 2887 2822 2823
f 2812 2848 2894
f 2948 2824 2769
f 2905 2957 2813
f 2855 2905 2813
f 2896 2833 2964
f 2912 2858 2834
f 2898 2815 2879
f 2777 2899 2945
f 2811 2924 2829
f 2779 2837 2870
f 2935 2780 2909
f 2920 2737 2745
f 2864 2873 2928
f 2865 2938 2821
f 2875 2866 2841
f 2903 2832 2904
f 2832 2974 2904
f 2812 2894 2887
f 2805 2931 2848
f 2786 2854 2842
f 2888 2806 2800
f 2892 2924 2811
f 2927 2830 2782
f 2858 2927 2782
f 2941 2741 2715
f 2861 2867 2845
f 2952 2845 2808
f 2934 2917 2816
f 2863 2934 2816
f 2777 2919 2836
f 2900 2884 2793
f 2846 2737 2972
f 2831 2847 2874
f 2800 2957 2888
f 2933 2964 2843
f 2914 2724 2844
f 2860 2914 2844
f 2868 2815 2915
f 2898 2915 2815
f 2863 2776 2869
f 2962 2869 2776
f 2835 2828 2979
f 2874 2840 2831
f 2910 2894 2848
f 2855 2849 2949
f 2964 2963 2896
f 2820 2933 2843
f 2851 2779 2870
f 2870 2837 2925
f 2925 2837 2871
f 2766 2857 2969
f 2909 2852 2819
f 2906 2807 2859
f 2859 2951 2906
f 2860 2867 2943
f 2919 2908 2836
f 2885 2900 2799
f 2799 2846 2885
f 2745 2886 3074
f 2937 2886 2864
f 2929 2865 3002
f 2865 2840 3002
f 2956 2931 2824
f 2855 2949 2905
f 2856 2949 2849
f 2895 3009 2826
f 2807 2912 2740
f 2913 2741 3100
f 2715 2724 2941
f 2918 2828 2787
f 2953 2797 2788
f 2777 2945 2919
f 2839 2853 2757
f 2936 2933 2820
f 2872 2936 2820
f 2872 2792 2965
f 2882 2965 2792
f 3034 2885 2846
f 2920 2972 2737
f 2920 2745 3074
f 2938 2928 2873
f 2921 3004 2875
f 2904 2973 2903
f 2974 2832 2975
f 2795 2975 2832
f 2795 2822 2939
f 2887 2993 2822
f 2848 2931 2910
f 2932 2911 2806
f 2806 2888 2932
f 2850 2826 3009
f 2858 2912 2897
f 2944 2861 2845
f 2808 2827 2952
f 2869 2934 2863
f 2892 2851 2998
f 2969 2838 2766
f 3022 2839 2880
f 2927 2858 3064
f 2965 2882 3092
f 2846 2972 3034
f 2901 2866 2930
f 2887 2894 2947
f 2941 3100 2741
f 2724 2914 2960
f 2861 2943 2867
f 2862 2916 3010
f 2967 3031 2891
f 2891 2917 2967
f 2787 2797 2918
f 2899 9755 3045
f 2819 2893 2989
f 2853 2989 2893
f 2880 2881 3000
f 2881 2830 2959
f 2965 2936 2872
f 2928 2938 3057
f 2840 2874 3003
f 2903 2973 2902
f 2894 2910 2947
f 2923 2888 2957
f 2912 2807 2985
f 2860 2943 2914
f 2890 2898 2879
f 2907 2862 3010
f 3010 2916 2987
f 2916 2891 3031
f 3045 2945 2899
f 2926 2838 2950
f 2959 3000 2881
f 2959 2830 2927
f 2895 2896 2963
f 2928 2937 2864
f 2929 2938 2865
f 2874 2901 2930
f 2866 2875 3048
f 2877 2902 2922
f 2973 2922 2902
f 2958 2905 2949
f 2856 2850 2940
f 2897 3064 2858
f 2861 2944 3138
f 2917 2934 2978
f 2980 2908 2919
f 3081 9754 2924
f 2870 2925 3046
f 2969 2950 2838
f 2857 2790 3063
f 2895 2963 3040
f 2930 2991 2874
f 2875 3004 3048
f 2922 3023 2877
f 2939 2975 2795
f 2993 2939 2822
f 2955 2993 2887
f 2948 2956 2824
f 2940 2949 2856
f 2960 2941 2724
f 2943 2942 2914
f 3051 2952 2827
f 2827 2889 3051
f 2898 2890 3019
f 2987 2916 3087
f 3031 3087 2916
f 2918 3052 2828
f 2945 3045 3114
f 2851 2870 2968
f 3092 2882 3001
f 2883 3001 2882
f 2885 2884 2900
f 2982 2972 2920
f 2920 3074 2982
f 3003 3002 2840
f 2921 2876 3005
f 3023 3005 2876
f 2973 2904 2974
f 2887 2947 2955
f 3076 2932 2888
f 2942 2960 2914
f 2978 2967 2917
f 3039 2953 2908
f 2871 2981 2925
f 3054 2989 2853
f 2853 2839 2946
f 2970 2959 2927
f 2884 3001 2883
f 3074 2886 3012
f 2886 2937 3012
f 3057 3117 2928
f 2984 2947 2910
f 2854 2994 2878
f 2786 3068 2854
f 2786 2911 3025
f 2932 3025 2911
f 3037 3076 2888
f 2888 2923 3037
f 2957 2905 2976
f 2906 2951 2986
f 3099 2951 2913
f 2913 3100 3099
f 2943 2861 3029
f 2961 2944 2845
f 2845 2952 2961
f 2907 3010 3070
f 2797 2953 3020
f 9754 3081 2988
f 2924 2892 2998
f 2926 2981 2871
f 2819 2989 2999
f 2933 2936 3041
f 2937 2928 3066
f 3117 3066 2928
f 3003 2874 2991
f 2992 2930 2866
f 2866 3048 2992
f 2939 2993 2954
f 2948 2878 3042
f 2994 3042 2878
f 3068 2994 2854
f 2958 2949 3026
f 2940 3026 2949
f 3009 2895 3040
f 2897 3027 3064
f 2807 2906 2985
f 3029 3017 2943
f 2890 2907 3030
f 3052 2979 2828
f 3060 3052 2918
f 2997 2918 2797
f 3020 2997 2797
f 2919 2945 2980
f 3114 2980 2945
f 2968 2998 2851
f 2981 2926 2950
f 2857 3103 2969
f 3063 2790 3011
f 2935 3011 2790
f 2935 2909 3011
f 2999 3011 2909
f 2909 2819 2999
f 2946 3054 2853
f 2971 2964 2933
f 3005 2966 2921
f 2954 2975 2939
f 2984 2955 2947
f 2931 2956 3014
f 3008 3085 2948
f 3042 3008 2948
f 2958 2976 2905
f 3046 2968 2870
f 2951 3099 2986
f 2941 3059 3100
f 3017 2942 2943
f 3138 3029 2861
f 2889 2868 3038
f 2915 3038 2868
f 2869 2978 2934
f 2953 3039 3020
f 2908 2980 3101
f 2964 2971 2963
f 2929 3067 2938
f 3004 2921 2966
f 2922 3006 3023
f 3085 3014 2956
f 2956 2948 3085
f 2976 2923 2957
f 3015 2976 2958
f 2940 2850 3009
f 3053 3081 2924
f 2924 2998 3053
f 2925 2981 3046
f 3022 2880 3000
f 3038 3051 2889
f 2915 2898 3018
f 2898 3019 3018
f 2967 2978 3044
f 2997 3060 2918
f 3039 2908 3101
f 2988 3045 9754
f 3040 2963 3089
f 2971 3089 2963
f 2936 2965 3033
f 3067 3057 2938
f 3067 2929 3075
f 3002 3075 2929
f 2930 2992 2983
f 3007 2984 2910
f 2931 3014 3007
f 3016 2985 2906
f 2906 2986 3016
f 2996 2962 2979
f 2959 2970 3047
f 3035 3034 2972
f 3065 3035 2972
f 2972 2982 3065
f 3066 3012 2937
f 2983 2991 2930
f 2993 2955 3013
f 2910 2931 3007
f 2923 2976 3037
f 3030 3019 2890
f 3030 2907 3070
f 2967 2977 3031
f 2977 2967 3044
f 2869 2962 2996
f 2998 2968 3115
f 2946 2839 3088
f 3047 3000 2959
f 3064 2970 2927
f 2971 2933 3041
f 2884 2885 2990
f 2990 2885 3034
f 2973 3006 2922
f 2975 3084 2974
f 3036 3013 2955
f 3028 3027 2897
f 2995 3028 2897
f 2897 2912 2995
f 2942 3017 3050
f 3051 2961 2952
f 3018 3038 2915
f 2978 2869 3113
f 3103 2857 3140
f 3063 3140 2857
f 3054 3021 2989
f 3003 2991 3118
f 2992 3048 3263
f 2954 2993 3013
f 2955 2984 3036
f 3008 3042 3160
f 3068 2786 3025
f 2941 2960 3059
f 3051 3199 2961
f 3069 3018 3019
f 2979 3052 3072
f 2997 3020 3061
f 2998 3115 3126
f 3046 2981 3073
f 2950 3073 2981
f 2969 3103 2950
f 2999 3116 3011
f 2999 2989 3021
f 3047 2970 3147
f 3064 3027 3032
f 3033 3041 2936
f 3002 3003 3075
f 3150 3075 3003
f 3109 3048 3004
f 2975 2954 3024
f 3096 3058 2984
f 2984 3007 3096
f 3007 3014 3110
f 3135 3015 2958
f 3026 3135 2958
f 2940 3049 3026
f 2996 2979 3072
f 3021 3116 2999
f 3141 3054 2946
f 2946 3088 3141
f 3083 2983 2992
f 2992 3263 3083
f 3004 2966 3093
f 3023 3006 3095
f 2973 2974 3084
f 3160 3133 3008
f 2912 2985 2995
f 3016 2986 3043
f 3111 3100 3059
f 3199 2944 2961
f 3019 3030 3069
f 3113 3044 2978
f 3060 2997 3155
f 3061 3155 2997
f 3039 3061 3020
f 3114 3080 2980
f 3102 3045 2988
f 3164 3115 2968
f 3046 3164 2968
f 2839 3022 3104
f 3022 3000 3105
f 3047 3105 3000
f 2971 3041 3055
f 3005 3023 3095
f 3084 3159 2973
f 3145 3084 2975
f 3133 3085 3008
f 3068 3025 3120
f 2940 3009 3121
f 3028 3032 3027
f 3181 3017 3029
f 3051 3038 3163
f 3031 2977 3087
f 2869 2996 3071
f 3063 3011 3167
f 3116 3167 3011
f 3092 3091 2965
f 3172 3001 2884
f 2884 2990 3172
f 3118 3150 3003
f 3006 2973 3159
f 2975 3024 3119
f 2995 2985 3146
f 2985 3016 3146
f 3112 2960 2942
f 3029 3138 3181
f 3030 3070 3184
f 3061 3039 3079
f 3101 3079 3039
f 3080 3101 2980
f 2950 3103 3129
f 3104 3022 3105
f 3091 3033 2965
f 3056 3012 3066
f 3093 3109 3004
f 3119 3176 2975
f 3013 3036 3131
f 2994 3160 3042
f 3015 3097 2976
f 3049 2940 3152
f 3121 3152 2940
f 3137 3059 2960
f 3112 2942 3154
f 2942 3050 3154
f 2977 3044 3207
f 3113 2869 3071
f 3125 3114 3045
f 3102 3125 3045
f 3073 3164 3046
f 3104 3088 2839
f 3147 3156 3047
f 3089 2971 3082
f 2990 3034 3173
f 3118 2991 3108
f 3093 2966 3094
f 3005 3094 2966
f 3159 3095 3006
f 3131 3024 3013
f 3058 3036 2984
f 3007 3110 3178
f 3040 3121 3009
f 3146 3153 2995
f 3181 3050 3017
f 3163 3199 3051
f 3038 3018 3077
f 3070 3010 3185
f 2987 3185 3010
f 2987 3087 3078
f 3072 3071 2996
f 3122 3072 3052
f 3052 3060 3122
f 3102 3081 3062
f 3073 2950 3129
f 3105 3047 3156
f 2971 3055 3082
f 3055 3041 3090
f 3033 3090 3041
f 3074 3191 2982
f 3117 3057 3107
f 3057 3067 3107
f 3095 3144 3005
f 3084 3220 3159
f 3120 3025 3190
f 2932 3190 3025
f 3135 3026 3049
f 3086 3163 3038
f 3123 3155 3061
f 3140 3063 3166
f 3167 3166 3063
f 3168 3021 3054
f 3147 2970 3197
f 3130 3197 2970
f 2970 3064 3130
f 3032 3130 3064
f 3001 3172 3106
f 3173 3172 2990
f 3035 3173 3034
f 3191 3074 3012
f 3067 3075 3149
f 2991 2983 3108
f 3143 3108 2983
f 3281 3263 3048
f 3048 3109 3281
f 3145 2975 3176
f 3007 3178 3096
f 3132 3110 3014
f 3014 3085 3132
f 3037 2976 3180
f 3135 3097 3015
f 3121 3040 3098
f 3077 3086 3038
f 3069 3030 3223
f 3185 3184 3070
f 3060 3155 3122
f 3126 3115 3127
f 3166 3165 3140
f 3141 3168 3054
f 3040 3089 3098
f 3083 3143 2983
f 3190 2932 3278
f 2932 3076 3278
f 3134 3076 3037
f 3028 2995 3157
f 2995 3153 3157
f 3264 3111 3059
f 3059 3137 3264
f 2960 3112 3137
f 3162 3154 3050
f 3050 3181 3162
f 3222 3138 2944
f 3079 3101 3124
f 9753 3062 3081
f 3166 3167 3247
f 3116 3021 3182
f 3021 3168 3182
f 3202 3130 3032
f 3082 3170 3089
f 3144 3094 3005
f 3145 3220 3084
f 3258 3132 3085
f 3133 3258 3085
f 2994 3068 3179
f 3120 3179 3068
f 3037 3180 3134
f 3097 3180 2976
f 3032 3028 3157
f 3043 3146 3016
f 3113 3207 3044
f 3124 3123 3061
f 3061 3079 3124
f 3140 3165 3103
f 3188 3141 3088
f 3211 3170 3082
f 3055 3090 3142
f 3091 3092 3171
f 3203 3171 3092
f 3092 3001 3203
f 3106 3203 3001
f 3191 3012 3158
f 3012 3056 3158
f 3174 3149 3075
f 3075 3150 3174
f 3134 3278 3076
f 3218 3180 3097
f 2944 3199 3222
f 3266 3018 3069
f 3223 3266 3069
f 3101 3080 3237
f 3062 3125 3102
f 3088 3104 3188
f 3105 3156 3169
f 3157 3202 3032
f 3082 3055 3211
f 2982 3288 3065
f 3056 3066 3117
f 3118 3108 3175
f 3189 3131 3036
f 3152 3121 3098
f 3136 3043 2986
f 2986 3099 3136
f 3077 3018 3205
f 3266 3205 3018
f 3207 3235 2977
f 3080 3200 3237
f 3193 3200 3080
f 3080 3114 3193
f 3114 3125 3193
f 3267 3164 3128
f 3164 3073 3128
f 3167 3116 3182
f 3105 3169 3104
f 3170 3098 3089
f 3142 3211 3055
f 3191 3288 2982
f 3144 3095 3192
f 3159 3192 3095
f 3177 3231 3119
f 3036 3058 3189
f 3099 3100 3136
f 3100 3111 3136
f 3161 3264 3137
f 3223 3030 3184
f 3255 3087 2977
f 3207 3113 3139
f 3113 3071 3139
f 3071 3072 3244
f 3125 3062 3285
f 3073 3129 3194
f 3165 3194 3103
f 3195 3188 3104
f 3065 3173 3035
f 3056 3117 3148
f 3107 3067 3204
f 3143 3175 3108
f 3360 3109 3093
f 3094 3360 3093
f 3176 3119 3231
f 3151 3189 3058
f 3058 3096 3151
f 3198 3097 3135
f 3135 3049 3152
f 3331 3161 3137
f 3137 3112 3331
f 3162 3221 3154
f 3181 3138 3213
f 3185 2987 3206
f 3078 3206 2987
f 3078 3087 3255
f 3129 3103 3194
f 3148 3158 3056
f 3149 3204 3067
f 3175 3150 3118
f 3220 3145 3243
f 3176 3243 3145
f 3131 3189 3177
f 3122 3155 3236
f 3237 3124 3101
f 3356 3127 3115
f 3115 3164 3356
f 3194 3128 3073
f 3156 3147 3196
f 3197 3196 3147
f 3142 3090 3262
f 3258 3178 3110
f 3110 3132 3258
f 3198 3135 3152
f 3183 3146 3043
f 3136 3183 3043
f 3323 3136 3111
f 3111 3264 3323
f 3112 3154 3254
f 3234 3254 3154
f 3221 3234 3154
f 3182 3168 3187
f 3168 3141 3201
f 3169 3195 3104
f 9559 3262 3090
f 3090 3033 9559
f 3091 9559 3033
f 3173 3065 3240
f 3158 3148 3241
f 3270 3143 3083
f 3192 3159 3242
f 3189 3209 3177
f 2994 3229 3160
f 3152 3098 3259
f 3254 3331 3112
f 3222 3199 3214
f 3215 3199 3163
f 3255 3206 3078
f 3236 3245 3122
f 3186 3236 3155
f 3155 3123 3186
f 3182 3247 3167
f 3168 3201 3187
f 3188 3201 3141
f 3202 3157 3226
f 3232 3226 3157
f 3098 3170 3219
f 3211 3219 3170
f 3212 3106 3172
f 3172 3173 3212
f 3117 3107 3204
f 3204 3149 3397
f 3243 3176 3231
f 3177 3209 9932
f 3178 3258 3228
f 3179 3277 2994
f 3198 3218 3097
f 3162 3181 3284
f 3181 3213 3284
f 3332 3086 3077
f 3185 3224 3184
f 2977 3235 3255
f 3225 3072 3122
f 3122 3245 3225
f 3267 3293 3164
f 3216 3156 3196
f 3283 3232 3153
f 3153 3146 3283
f 3146 3183 3283
f 3136 3233 3183
f 3323 3233 3136
f 3222 3213 3138
f 3086 3215 3163
f 3301 3223 3184
f 3224 3301 3184
f 3206 3224 3185
f 3225 3244 3072
f 3272 3123 3124
f 3285 3193 3125
f 3165 3208 3194
f 3166 3305 3165
f 3195 3169 3248
f 3217 3096 3178
f 3228 3217 3178
f 3160 3229 3249
f 3262 3287 3142
f 3240 3212 3173
f 3337 3349 3191
f 3158 3337 3191
f 3149 3174 3230
f 3094 3144 3282
f 3220 3242 3159
f 3243 3271 3220
f 9932 3231 3177
f 3273 3246 3126
f 3126 3127 3273
f 3293 3356 3164
f 3208 3304 3194
f 3182 3187 3247
f 3295 3188 3195
f 3297 3189 3151
f 3239 3151 3096
f 3258 3133 3276
f 3133 3249 3276
f 3133 3160 3249
f 3179 3120 3250
f 3190 3250 3120
f 3279 3134 3180
f 3210 3279 3180
f 3198 3152 3310
f 3259 3098 3268
f 3211 3142 3261
f 3287 3261 3142
f 3288 3191 3349
f 3337 3158 3241
f 3148 3117 3378
f 3280 3174 3150
f 3150 3175 3280
f 3175 3143 3350
f 3083 3263 3270
f 3192 3282 3144
f 3205 3332 3077
f 3236 3186 3256
f 3292 3285 3062
f 3062 9753 3292
f 3294 3187 3201
f 3201 3188 3294
f 3216 3248 3169
f 3156 3216 3169
f 3202 3226 3286
f 3217 3239 3096
f 3218 3210 3180
f 3171 3203 3251
f 3280 3230 3174
f 3360 3094 3282
f 3284 3221 3162
f 3215 3214 3199
f 3086 3332 3265
f 3128 3194 3274
f 3130 3202 3286
f 3226 3232 9929
f 3298 3297 3151
f 3239 3298 3151
f 3277 3229 2994
f 3171 9559 3091
f 3288 3240 3065
f 3117 3204 3378
f 3397 3149 3328
f 3270 3252 3143
f 3213 3222 3364
f 3235 3207 3139
f 3186 3123 3257
f 3272 3257 3123
f 3237 3272 3124
f 3194 3304 3274
f 3208 3165 3305
f 3306 3247 3187
f 3187 3294 3306
f 3295 3195 3248
f 3197 3130 3238
f 3297 3227 3189
f 3252 3350 3143
f 3367 3270 3263
f 3282 3192 3368
f 3242 3220 3313
f 3183 3233 3315
f 3254 3234 3340
f 3222 3214 3364
f 3215 3086 3289
f 3266 3223 3290
f 3317 3139 3071
f 3071 3244 3317
f 3356 3273 3127
f 3286 3238 3130
f 3286 3226 9929
f 3366 3318 3249
f 3249 3229 3366
f 3259 3310 3152
f 3336 3219 3211
f 3106 3251 3203
f 3241 3148 3321
f 3378 3321 3148
f 3282 3329 3360
f 3271 3243 3330
f 9940 3243 3231
f 9932 9940 3231
f 3283 3253 3232
f 3214 3215 3300
f 3289 3300 3215
f 3332 3205 3369
f 3224 3206 3341
f 3302 3255 3235
f 3236 3256 3245
f 3365 3272 3237
f 3291 3365 3237
f 3237 3200 3291
f 3200 3193 3291
f 3285 3291 3193
f 3248 3216 3275
f 3419 3298 3239
f 3260 3268 3219
f 3211 3261 3459
f 3251 3106 3312
f 3106 3212 3312
f 3230 3328 3149
f 3175 3350 3280
f 3271 3313 3220
f 3265 3289 3086
f 3266 3369 3205
f 3301 3224 3341
f 3317 3303 3139
f 3306 3405 3247
f 3276 3249 3318
f 3190 3278 3481
f 3278 3134 3393
f 3218 3198 3310
f 3230 3280 3398
f 3281 3109 3448
f 3424 3283 3183
f 3183 3315 3424
f 3340 3363 3254
f 3214 3300 3364
f 3305 3166 3372
f 3247 3372 3166
f 3405 3335 3247
f 3307 3306 3294
f 3308 3294 3188
f 3188 3295 3308
f 3216 3196 3275
f 3309 3343 3196
f 3196 3197 3309
f 3197 3238 3309
f 3228 3258 3276
f 3366 3229 3277
f 3277 3179 3358
f 3250 3358 3179
f 3134 3279 3393
f 3269 3262 9559
f 3311 3269 9559
f 9559 3171 3311
f 3251 3375 3171
f 3288 3299 3240
f 3270 3367 3379
f 3242 3313 3380
f 3330 3243 3338
f 9940 3338 3243
f 3362 3323 3264
f 3264 3161 3362
f 3221 3340 3234
f 3290 3463 3266
f 3206 3255 3342
f 3235 3139 3303
f 3225 3317 3244
f 3333 3256 3186
f 3186 3257 3333
f 3267 3128 3325
f 3274 3325 3128
f 3227 3297 3296
f 3228 3276 3217
f 3327 3276 3318
f 3346 3279 3210
f 3259 3268 3319
f 3459 3336 3211
f 3375 3311 3171
f 3240 3312 3212
f 3321 3337 3241
f 3368 3192 3380
f 3192 3242 3380
f 3330 3382 3271
f 3233 3323 3315
f 3401 3284 3213
f 3213 3364 3401
f 3255 3302 3342
f 3246 3273 3387
f 3293 3267 3325
f 3372 3247 3335
f 3326 3295 3248
f 3275 3326 3248
f 3259 3395 3310
f 3261 3320 3459
f 3379 3422 3270
f 3263 3281 3367
f 3448 3367 3281
f 3381 3313 3361
f 3313 3271 3361
f 3382 3361 3271
f 3314 3322 3253
f 3253 3283 3314
f 3290 3223 3301
f 3341 3206 3435
f 3342 3435 3206
f 3404 3370 3285
f 3356 3293 3334
f 3304 3208 3456
f 3305 3456 3208
f 3275 3196 3343
f 3344 3238 3286
f 9929 3344 3286
f 3239 3217 3419
f 3391 3419 3217
f 3217 3276 3327
f 3218 3310 3347
f 3260 3319 3268
f 3287 3320 3261
f 3299 3288 3412
f 3349 3412 3288
f 3422 3252 3270
f 3338 9940 3339
f 3369 3266 3316
f 3463 3316 3266
f 3301 3341 3384
f 3285 3292 3404
f 3427 3325 3274
f 3308 3307 3294
f 3344 9929 9918
f 3366 3277 3374
f 3319 3395 3259
f 3287 3262 3269
f 3337 3321 3396
f 3350 3252 3414
f 3329 3282 3368
f 3283 3424 3314
f 3340 3221 3324
f 3352 3324 3221
f 3221 3284 3352
f 3401 3352 3284
f 3353 3289 3265
f 3384 3354 3301
f 3225 3245 3355
f 3428 3456 3305
f 3372 3428 3305
f 3306 3307 3373
f 3308 3295 3523
f 3327 3318 3468
f 3392 3358 3250
f 3250 3190 3392
f 3481 3392 3190
f 3278 3393 3481
f 3393 3279 3345
f 3346 3345 3279
f 3260 3219 3348
f 3336 3348 3219
f 3375 3251 3411
f 3240 3299 3376
f 3397 3378 3204
f 3433 3414 3252
f 3380 3313 3381
f 3315 3323 3400
f 3475 3331 3254
f 3363 3475 3254
f 3303 3302 3235
f 3370 3291 3285
f 3334 3293 3325
f 3371 3427 3274
f 3274 3304 3371
f 3373 3405 3306
f 3488 3295 3326
f 3298 3419 3297
f 3374 3277 3358
f 3320 3287 3420
f 3269 3420 3287
f 3312 3411 3251
f 3422 3433 3252
f 3360 3448 3109
f 3339 3351 3338
f 3323 3362 3400
f 3362 3161 3485
f 3363 3340 3425
f 3300 3289 3402
f 3296 3297 9938
f 3357 3217 3327
f 3210 3218 3347
f 3410 3420 3269
f 3269 3311 3410
f 3376 3312 3240
f 3349 3337 3377
f 3432 3378 3397
f 3444 3328 3230
f 3230 3398 3444
f 3280 3350 3398
f 3338 3382 3330
f 3400 3383 3315
f 3475 3161 3331
f 3342 3302 3385
f 3389 3303 3317
f 3256 3333 3386
f 3272 3333 3257
f 3438 3334 3325
f 3523 3307 3308
f 3275 3343 3417
f 3457 3345 3346
f 3347 3346 3210
f 3395 3347 3310
f 3260 3442 3319
f 3411 3312 3376
f 3396 3377 3337
f 3413 3396 3321
f 3359 3413 3321
f 3321 3378 3359
f 3449 3448 3360
f 3338 3351 3451
f 3161 3475 3485
f 3324 3425 3340
f 3353 3402 3289
f 3353 3265 3453
f 3265 3332 3453
f 3354 3403 3301
f 3291 3390 3365
f 3456 3371 3304
f 3442 3458 3319
f 3431 3348 3336
f 3414 3398 3350
f 3360 3329 3399
f 3423 3322 3314
f 3364 3300 3402
f 3369 3453 3332
f 3317 3225 3476
f 3225 3355 3476
f 3355 3245 3386
f 3245 3256 3386
f 3415 3386 3333
f 3333 3272 3455
f 3272 3365 3455
f 3291 3370 3390
f 3273 3356 3426
f 3334 3426 3356
f 3488 3523 3295
f 3326 3275 3416
f 3275 3417 3416
f 3217 3357 3391
f 3457 3346 3408
f 3348 3442 3260
f 3399 3329 3560
f 3368 3560 3329
f 3368 3380 3450
f 3485 3400 3362
f 3364 3402 3401
f 3290 3464 3463
f 3435 3384 3341
f 3303 3506 3302
f 3389 3317 3476
f 3488 3326 3406
f 3406 3326 3416
f 3238 3344 3430
f 9919 3430 3344
f 9925 9919 3344
f 3327 3468 3497
f 3407 3468 3318
f 3490 3318 3366
f 3366 3374 3490
f 3347 3408 3346
f 3388 3347 3395
f 3319 3458 3395
f 3412 3349 3377
f 3450 3503 3368
f 3361 3445 3381
f 3383 3424 3315
f 3437 3365 3390
f 3387 3273 3467
f 3438 3325 3427
f 3335 3428 3372
f 3335 3405 3478
f 3405 3373 3429
f 3343 3496 3417
f 3343 3309 3479
f 3480 3479 3309
f 3309 3238 3480
f 3297 3419 3418
f 3327 3497 3357
f 3394 3408 3347
f 3409 3394 3347
f 3432 3359 3378
f 3422 3379 3434
f 3382 3445 3361
f 3301 3403 3290
f 3342 3385 3436
f 3437 3455 3365
f 3467 3404 3387
f 3392 3491 3358
f 3388 3409 3347
f 3399 3474 3360
f 3381 3450 3380
f 3382 3338 3451
f 3314 3424 3461
f 3370 3404 3466
f 3438 3495 3334
f 3371 3456 3549
f 3496 3343 3479
f 3418 9938 3297
f 3357 3440 3391
f 3374 3358 3491
f 3420 3410 3421
f 3410 3375 3443
f 3411 3443 3375
f 3377 3511 3412
f 3432 3397 3328
f 3474 3449 3360
f 3586 3450 3381
f 3445 3586 3381
f 3436 3385 3506
f 3385 3302 3506
f 3427 3549 3439
f 3427 3371 3549
f 3594 3373 3307
f 3419 3391 3440
f 3491 3527 3374
f 3392 3481 3441
f 3469 3481 3393
f 3393 3345 3469
f 3345 3457 3469
f 3408 3394 3457
f 3482 3457 3394
f 3409 3446 3394
f 3409 3388 3517
f 3459 3431 3336
f 3443 3421 3410
f 3299 3412 3511
f 3353 3453 3487
f 3463 3547 3316
f 3384 3435 3513
f 3436 3435 3342
f 3465 3303 3389
f 3415 3355 3386
f 3507 3467 3273
f 3426 3507 3273
f 3478 3428 3335
f 3307 3523 3594
f 3416 3417 3543
f 3418 9939 9938
f 3491 3392 3611
f 3643 3611 3392
f 3441 3643 3392
f 3442 3348 3447
f 3431 3447 3348
f 3377 3396 3501
f 3413 3501 3396
f 3432 3328 3532
f 3434 3433 3422
f 3379 3367 3460
f 3561 3445 3382
f 3451 3561 3382
f 3461 3423 3314
f 3452 3461 3424
f 3424 3383 3452
f 3363 3425 3546
f 3462 3425 3324
f 3464 3290 3521
f 3403 3521 3290
f 3506 3303 3465
f 3355 3415 3454
f 3415 3333 3455
f 3390 3370 3437
f 3467 3466 3404
f 3439 3438 3427
f 3428 3477 3456
f 3405 3508 3478
f 3496 3543 3417
f 3430 3480 3238
f 3418 3419 3524
f 3394 3446 3537
f 3395 3458 3388
f 3431 3459 3572
f 3421 3470 3420
f 3443 3411 3518
f 3376 3518 3411
f 3376 3299 3472
f 3511 3377 3473
f 3475 3363 3546
f 3352 3401 3486
f 3402 3353 3563
f 3513 3435 3609
f 3455 3454 3415
f 3455 3437 3514
f 3478 3477 3428
f 3429 3508 3405
f 3509 3429 3373
f 3357 3525 3440
f 3318 3490 3407
f 3527 3490 3374
f 3482 3556 3457
f 3394 3537 3482
f 3446 3409 3517
f 3458 3442 3499
f 3447 3499 3442
f 3320 3420 3470
f 3471 3421 3443
f 3518 3471 3443
f 3518 3376 3492
f 3299 3511 3472
f 3413 3359 3483
f 3585 3328 3444
f 3538 3444 3398
f 3414 3538 3398
f 3367 3448 3460
f 3560 3474 3399
f 3451 3351 9935
f 3461 3484 3423
f 3462 3324 3577
f 3352 3577 3324
f 3402 3563 3512
f 3640 3563 3353
f 3466 3437 3370
f 3495 3426 3334
f 3373 3594 3509
f 3419 3440 3524
f 3376 3472 3492
f 3501 3473 3377
f 3532 3359 3432
f 3414 3433 3434
f 3449 3460 3448
f 3505 3383 3590
f 3546 3425 3462
f 3512 3486 3401
f 3401 3402 3512
f 3487 3640 3353
f 3436 3609 3435
f 3389 3476 3548
f 3581 3466 3467
f 3549 3456 3477
f 3429 3509 3522
f 3480 3430 3544
f 3489 9939 3418
f 3418 3524 3489
f 3526 3407 3490
f 3556 3469 3457
f 3498 3388 3458
f 3499 3498 3458
f 3447 3431 3614
f 3572 3614 3431
f 3434 3379 3615
f 3560 3368 3503
f 3586 3503 3450
f 3505 3452 3383
f 3383 3400 3545
f 3400 3591 3545
f 3400 3485 3591
f 3369 3316 3578
f 3547 3578 3316
f 3354 3384 3602
f 3355 3454 3619
f 3440 3525 3604
f 3550 3497 3468
f 3468 3407 3550
f 3536 3482 3537
f 3388 3498 3510
f 3530 3511 3473
f 3473 3501 3531
f 3538 3414 3539
f 3533 3615 3379
f 3379 3460 3533
f 3474 3519 3449
f 3560 3519 3474
f 3561 3451 3493
f 3451 9935 3493
f 3590 3383 3545
f 3486 3577 3352
f 3487 3453 3592
f 3369 3592 3453
f 3513 3602 3384
f 3436 3506 3610
f 3476 3355 3548
f 3507 3426 3494
f 3438 3439 3495
f 3479 3480 3516
f 3544 3516 3480
f 3481 3469 3634
f 3517 3388 3510
f 3470 3421 3500
f 3471 3500 3421
f 3434 3539 3414
f 3504 3484 3461
f 3461 3452 3504
f 3452 3505 3504
f 3475 3546 3617
f 3577 3698 3462
f 3547 3463 3540
f 3464 3540 3463
f 3465 3389 3603
f 3507 3581 3467
f 3426 3495 3494
f 3508 3429 3522
f 3583 3543 3496
f 3622 3604 3525
f 3517 3510 3605
f 3518 3558 3471
f 3531 3530 3473
f 3502 3501 3483
f 3561 3588 3445
f 3484 3504 3562
f 3592 3369 3578
f 3579 3403 3354
f 3602 3579 3354
f 3506 3465 3603
f 3619 3548 3355
f 3514 3542 3455
f 3514 3437 3515
f 3495 3439 3631
f 3477 3478 3743
f 3406 3621 3488
f 3479 3583 3496
f 3441 3481 3634
f 3537 3446 3553
f 3446 3517 3553
f 3558 3500 3471
f 3502 3531 3501
f 3532 3328 3574
f 3519 3560 3534
f 3671 3591 3485
f 3485 3475 3671
f 3602 3513 3609
f 3610 3506 3618
f 3389 3548 3603
f 3541 3619 3454
f 3542 3454 3455
f 3437 3466 3515
f 3508 3743 3478
f 3508 3522 3567
f 3595 3523 3488
f 3621 3595 3488
f 3416 3543 3621
f 3526 3550 3407
f 3527 3526 3490
f 3611 3649 3491
f 3556 3528 3469
f 3529 3572 3459
f 3459 3320 3529
f 3470 3529 3320
f 3472 3511 3559
f 3573 3624 3483
f 3483 3359 3573
f 3679 3539 3434
f 3636 3505 3590
f 3637 3545 3591
f 3475 3617 3608
f 3512 3520 3486
f 3540 3464 3521
f 3542 3541 3454
f 3515 3542 3514
f 3494 3675 3507
f 3549 3477 3565
f 3684 3565 3477
f 3406 3416 3621
f 3489 3524 3569
f 3550 3357 3497
f 3571 3528 3556
f 3553 3517 3613
f 3605 3613 3517
f 3518 3492 3635
f 3492 3472 3635
f 3559 3511 3530
f 3328 3585 3574
f 3533 3460 3748
f 3493 9935 3555
f 3577 3486 3629
f 3520 3629 3486
f 3609 3436 3610
f 3743 3508 3566
f 3535 3600 3524
f 3524 3440 3535
f 3527 3491 3551
f 3649 3551 3491
f 3528 3634 3469
f 3612 3482 3536
f 3702 3510 3498
f 3557 3702 3498
f 3498 3499 3557
f 3558 3554 3500
f 3559 3635 3472
f 3359 3532 3573
f 3434 3615 3679
f 3722 3460 3449
f 3534 3625 3519
f 3604 3535 3440
f 3528 3571 3570
f 3536 3537 3552
f 3553 3552 3537
f 3470 3500 3554
f 3558 3518 3685
f 3587 3685 3518
f 3444 3538 3585
f 3625 3722 3449
f 3449 3519 3625
f 3560 3503 3616
f 3555 9933 3576
f 3475 3608 3671
f 3546 3462 3617
f 3564 3563 3640
f 3743 3684 3477
f 3567 3566 3508
f 3568 3522 3509
f 3516 3544 3598
f 9921 3598 3544
f 3589 3562 3504
f 3627 3504 3505
f 3505 3636 3627
f 3512 3563 3639
f 3579 3521 3403
f 3603 3618 3506
f 3541 3674 3619
f 9571 3515 3466
f 3675 3581 3507
f 3621 3543 3646
f 3543 3583 3646
f 3583 3479 3596
f 3516 3596 3479
f 3598 3597 3516
f 3600 3569 3524
f 3584 3556 3482
f 3612 3584 3482
f 3613 3552 3553
f 3575 3585 3538
f 3538 3539 3575
f 3748 3615 3533
f 3588 3561 3626
f 3493 3555 3576
f 3601 3526 3527
f 3584 3571 3556
f 3668 3584 3612
f 3499 3447 3614
f 3657 3572 3529
f 3470 3657 3529
f 3679 3575 3539
f 3503 3586 3616
f 3561 3493 3626
f 3607 3576 3562
f 3589 3607 3562
f 3504 3627 3589
f 3724 3547 3540
f 3580 3542 3515
f 9571 3580 3515
f 3597 3596 3516
f 3622 3525 3623
f 3525 3357 3623
f 3550 3623 3357
f 3612 3536 3552
f 3470 3554 3657
f 3635 3587 3518
f 3530 3531 3694
f 3532 3574 3721
f 3585 3575 3644
f 3645 3625 3534
f 3606 3616 3586
f 3626 3493 3661
f 3576 3661 3493
f 3545 3637 3628
f 3617 3462 3662
f 3698 3662 3462
f 3698 3577 3629
f 3592 3578 3663
f 3547 3663 3578
f 3675 3582 3581
f 3632 3439 3549
f 3549 3565 3632
f 3567 3522 3593
f 3641 3568 3509
f 3509 3594 3641
f 3633 3594 3523
f 3523 3595 3633
f 3540 3521 3724
f 3580 3620 3542
f 3632 3631 3439
f 3566 3567 3725
f 3693 3593 3522
f 3522 3568 3693
f 3646 3583 3708
f 3583 3700 3708
f 3599 3598 9916
f 9916 3569 3599
f 3600 3599 3569
f 3441 3634 3650
f 3570 3634 3528
f 3613 3605 3709
f 3702 3605 3510
f 3534 3560 3687
f 3616 3687 3560
f 3586 3445 3606
f 3588 3606 3445
f 3607 3661 3576
f 3614 3557 3499
f 3652 3624 3573
f 3573 3532 3652
f 3585 3644 3574
f 3545 3636 3590
f 3591 3671 3637
f 3512 3639 3520
f 3723 3640 3487
f 3592 3723 3487
f 3521 3579 3733
f 3494 3495 3664
f 3631 3682 3495
f 3633 3641 3594
f 3583 3596 3700
f 3604 3600 3535
f 3551 3601 3527
f 3685 3587 3686
f 9617 3531 3502
f 3575 3679 3670
f 3626 3660 3588
f 3579 3602 3740
f 3602 3609 3740
f 3620 3541 3542
f 3682 3664 3495
f 3550 3526 3648
f 3526 3601 3648
f 3767 3709 3605
f 3757 3559 3530
f 3530 3694 3757
f 3721 3652 3532
f 3687 3659 3534
f 3606 3588 3660
f 3654 3661 3607
f 3629 3520 3689
f 3638 3689 3520
f 3656 3674 3541
f 3720 3632 3565
f 3595 3621 3642
f 3599 3597 3598
f 3767 3605 3702
f 3557 3614 3669
f 3614 3572 3703
f 3670 3679 3696
f 3615 3748 3779
f 3659 3645 3534
f 3589 3654 3607
f 3627 3636 3655
f 3628 3636 3545
f 3689 3672 3629
f 3690 3639 3563
f 3563 3564 3690
f 3547 3724 3705
f 3618 3603 3715
f 3741 3548 3619
f 3619 3674 3741
f 3541 3620 3716
f 3682 3631 3630
f 3642 3621 3646
f 3708 3700 3699
f 3552 3613 3677
f 3657 3554 3728
f 3554 3558 3658
f 3635 3686 3587
f 3729 3694 3531
f 3531 9617 3729
f 3652 9616 3624
f 3661 3660 3626
f 3520 3639 3638
f 3609 3610 3809
f 3494 3664 3752
f 3631 3632 3683
f 3743 3566 3707
f 3596 3597 3665
f 3666 3599 3600
f 3600 3604 3666
f 3622 3623 3647
f 3550 3647 3623
f 3651 3668 3612
f 3612 3552 3651
f 3557 3669 3702
f 3644 3575 3653
f 3687 3616 3697
f 3655 3654 3589
f 3589 3627 3655
f 3628 3771 3636
f 3671 3608 3819
f 3723 3564 3640
f 3663 3547 3681
f 3705 3681 3547
f 3733 3739 3521
f 3740 3673 3579
f 3716 3656 3541
f 3580 9571 3620
f 3717 3620 9571
f 3675 3717 3582
f 3683 3630 3631
f 3684 3720 3565
f 3593 3725 3567
f 3595 3642 3735
f 3700 3596 3665
f 3597 3599 3665
f 3667 3622 3647
f 3611 3643 3800
f 3441 3800 3643
f 3709 3677 3613
f 3657 3703 3572
f 3685 3658 3558
f 3679 3615 3779
f 3460 3722 3738
f 3711 3645 3659
f 3660 3712 3606
f 3759 3690 3564
f 3739 3724 3521
f 3809 3610 3773
f 3707 3566 3692
f 3744 3708 3699
f 3667 3604 3622
f 3648 3754 3550
f 3649 3611 3800
f 3570 3650 3634
f 3584 3668 3676
f 3614 3745 3669
f 3635 3704 3686
f 3653 3575 3678
f 3678 3575 3670
f 3697 3616 3712
f 3616 3606 3712
f 3771 3655 3636
f 3714 3628 3637
f 3637 3671 3714
f 3706 3603 3548
f 3548 3741 3706
f 3620 3717 3761
f 3752 3675 3494
f 3683 3632 3719
f 3720 3719 3632
f 3566 3725 3692
f 3726 3641 3633
f 3667 3647 3753
f 3647 3550 3754
f 3676 3571 3584
f 3668 3651 3766
f 3745 3614 3803
f 3559 3704 3635
f 3738 3748 3460
f 3780 3722 3625
f 3660 3661 3688
f 3661 3654 3688
f 3608 3617 3680
f 3732 3617 3662
f 3698 3732 3662
f 3672 3698 3629
f 3639 3690 3638
f 3723 3592 3856
f 3663 3856 3592
f 3673 3733 3579
f 3809 3740 3609
f 3762 3726 3633
f 3633 3595 3762
f 3595 3735 3762
f 3735 3642 3646
f 3599 3736 3665
f 3552 3677 3651
f 3645 3780 3625
f 3645 3711 3780
f 3819 3714 3671
f 3750 3773 3610
f 3610 3618 3750
f 3741 3674 3656
f 3716 3691 3656
f 3752 3664 3774
f 3666 3736 3599
f 3765 3666 3604
f 3604 3667 3765
f 3703 3803 3614
f 3652 3721 3695
f 3721 3574 3746
f 3722 3780 3804
f 3712 3660 3730
f 3714 3771 3628
f 3732 3698 3772
f 3783 3772 3698
f 3618 3715 3760
f 3664 3682 3774
f 3630 3774 3682
f 3683 3719 3630
f 3800 3441 3650
f 3554 3710 3728
f 3554 3658 3710
f 3757 3704 3559
f 3794 3729 9617
f 3795 3794 9616
f 3652 3795 9616
f 3818 3644 3653
f 3678 3818 3653
f 3660 3688 3730
f 3713 3730 3688
f 3856 3663 3681
f 3760 3750 3618
f 3706 3715 3603
f 3717 3675 3718
f 3707 3775 3743
f 3708 3735 3646
f 3676 3668 3766
f 3727 3703 3657
f 3657 3728 3727
f 3729 3757 3694
f 3574 3644 3747
f 3679 3737 3696
f 3781 3711 3659
f 3655 3771 3713
f 3819 3608 3731
f 3680 3731 3608
f 3672 3783 3698
f 3733 3673 3840
f 3742 3718 3675
f 3742 3675 3752
f 3725 3593 3811
f 3693 3811 3593
f 3764 3744 3699
f 3699 3700 3764
f 3701 3765 3667
f 3753 3701 3667
f 3753 3647 3822
f 3754 3822 3647
f 3650 3570 3801
f 3570 3571 3755
f 3651 3677 3793
f 3710 3658 3756
f 3658 3685 3756
f 3685 3686 3756
f 3850 3756 3686
f 3686 3704 3850
f 3574 3747 3746
f 3697 3781 3659
f 3659 3687 3697
f 3564 3723 3759
f 3706 3741 3830
f 3601 3551 3786
f 3649 3786 3551
f 3891 3801 3570
f 3755 3891 3570
f 3676 3755 3571
f 3709 3793 3677
f 3767 3702 3787
f 3757 3729 3827
f 3729 3794 3788
f 3818 3747 3644
f 3711 3781 3838
f 3697 3712 3758
f 3730 3758 3712
f 3732 3680 3617
f 3807 3681 3705
f 3715 3706 3760
f 3734 3691 3716
f 3751 3734 3716
f 3620 3751 3716
f 3620 3761 3751
f 3791 3761 3717
f 3718 3791 3717
f 3720 3684 3862
f 3684 3743 3862
f 3798 3735 3708
f 3708 3744 3798
f 3700 3665 3764
f 3702 3669 3825
f 3745 3825 3669
f 3727 3803 3703
f 3850 3704 3768
f 3746 3695 3721
f 3779 3737 3679
f 3782 3713 3771
f 3749 3690 3759
f 3723 3856 3759
f 3884 3705 3724
f 3724 3739 3884
f 3811 3810 3725
f 3843 3811 3693
f 3736 3764 3665
f 3836 3648 3601
f 3800 3786 3649
f 3815 3755 3676
f 3802 3793 3709
f 3704 3757 3769
f 3788 3827 3729
f 3670 3818 3678
f 3730 3713 3770
f 3782 3770 3713
f 3741 3656 3820
f 3774 3630 3859
f 3744 3764 3812
f 3701 3753 3799
f 3836 3601 3932
f 3793 3792 3651
f 3787 3702 3825
f 3756 3845 3710
f 3778 3818 3670
f 3696 3778 3670
f 3714 3819 3771
f 3691 3820 3656
f 3821 3719 3720
f 3842 3775 3707
f 3707 3692 3842
f 3692 3725 3833
f 3833 3725 3810
f 3736 3666 3813
f 3765 3813 3666
f 3767 3802 3709
f 3825 3745 3849
f 3873 3745 3803
f 3728 3710 3826
f 3769 3768 3704
f 3777 3795 3652
f 3652 3695 3777
f 3731 3680 3882
f 3672 3689 3783
f 3749 3638 3690
f 3807 3705 3789
f 3840 3739 3733
f 3840 3673 3808
f 3752 3774 3832
f 3863 3843 3693
f 3693 3568 3863
f 3763 3762 3735
f 3798 3763 3735
f 3764 3736 3776
f 3813 3776 3736
f 3765 3701 3848
f 3799 3848 3701
f 3822 3754 3814
f 3792 3766 3651
f 3727 3728 3826
f 3827 3769 3757
f 3737 3829 3696
f 3838 3805 3711
f 3782 3771 3854
f 3732 3772 3847
f 3749 3759 3866
f 3673 3740 3808
f 3809 3808 3740
f 3830 3760 3706
f 3691 3734 3784
f 3742 3791 3718
f 3742 3752 3797
f 3862 3743 3785
f 3775 3785 3743
f 3813 3765 3835
f 3648 3836 3814
f 3786 3932 3601
f 3676 3766 3823
f 3766 3792 3823
f 3844 3802 3767
f 3767 3787 3844
f 3849 3745 3873
f 3788 3794 3828
f 3747 3881 3746
f 3829 3737 3852
f 3779 3748 3877
f 3738 3877 3748
f 3781 3697 3806
f 3730 3770 3796
f 3771 3819 3854
f 3882 3680 3855
f 3866 3879 3749
f 3856 3681 3867
f 3681 3807 3867
f 3705 3884 3789
f 3773 3750 3914
f 3841 3750 3760
f 3862 3821 3720
f 3799 3753 3822
f 3754 3648 3814
f 3800 3650 4000
f 3920 4000 3650
f 3650 3801 3920
f 3676 3823 3815
f 3873 3803 3817
f 3837 3778 3696
f 3829 3837 3696
f 3877 3738 3864
f 3861 3758 3730
f 3730 3796 3861
f 3759 3856 3866
f 3741 3820 3830
f 3691 3784 3820
f 3790 3784 3734
f 3831 3790 3751
f 3791 3831 3761
f 3832 3797 3752
f 3774 3859 3947
f 3719 3859 3630
f 3955 3568 3641
f 3641 3726 3955
f 3918 3812 3764
f 3764 3776 3918
f 3765 3848 3835
f 3793 3816 3792
f 3802 3824 3793
f 3845 3826 3710
f 3894 3852 3737
f 3737 3779 3894
f 3806 3697 3758
f 3846 3796 3770
f 3770 3782 3846
f 3854 3846 3782
f 3882 3819 3731
f 3680 3732 3847
f 3689 3638 3878
f 3749 3878 3638
f 3841 3914 3750
f 3831 3751 3761
f 3812 3798 3744
f 3799 3822 3889
f 3755 3815 3892
f 3816 3823 3792
f 3816 3793 3824
f 3802 3844 3860
f 3894 3779 3895
f 3877 3895 3779
f 3738 3722 3864
f 3722 3804 3864
f 3805 3780 3711
f 3805 3838 3959
f 3847 3855 3680
f 3783 3689 3878
f 3809 3773 3945
f 3830 3820 3857
f 3832 3774 3947
f 3776 3834 3918
f 3848 3799 3888
f 3786 3800 3890
f 4000 3890 3800
f 3920 3801 3891
f 3788 3828 3875
f 3970 3959 3838
f 3806 3758 3853
f 3865 3853 3758
f 3861 3865 3758
f 3839 3884 3739
f 3927 3840 3808
f 3808 3809 3885
f 3830 3841 3760
f 3830 3857 4007
f 3831 3791 3900
f 3869 3791 3742
f 3797 3869 3742
f 3568 3955 3863
f 3763 3798 3986
f 3918 3871 3812
f 3813 3834 3776
f 3888 3799 3889
f 3816 3824 3910
f 3802 3860 3824
f 3787 3825 3844
f 3817 3803 3967
f 3803 3727 3967
f 3826 3967 3727
f 3769 3827 3905
f 3827 3851 3905
f 3851 3827 3788
f 3788 3875 3851
f 3852 3912 3829
f 3879 3866 3898
f 3807 3789 3867
f 3868 3857 3820
f 3820 3784 3868
f 3901 3842 3692
f 3833 3901 3692
f 3823 3892 3815
f 3823 3816 3909
f 3849 3844 3825
f 3873 3817 3989
f 3893 3922 3826
f 3826 3845 3893
f 3695 3746 3968
f 3942 3864 3804
f 3805 3942 3804
f 3804 3780 3805
f 3908 3878 3749
f 3749 3879 3908
f 3739 3840 3839
f 3914 3945 3773
f 3832 3953 3797
f 3726 3762 3955
f 3870 3798 3812
f 3812 3871 3870
f 3835 3848 3872
f 3889 3822 3931
f 3814 3931 3822
f 3903 3823 3909
f 3910 3909 3816
f 3849 3860 3844
f 3845 3756 3904
f 3850 3904 3756
f 3876 3828 3795
f 3795 3777 3876
f 3968 3777 3695
f 3818 3778 3958
f 3924 3970 3838
f 3781 3806 3853
f 3853 3865 3896
f 3882 3854 3819
f 3847 3772 3951
f 3831 3858 3790
f 3887 4037 3719
f 3719 3821 3887
f 3997 3955 3762
f 3870 3986 3798
f 3967 3826 3922
f 3850 3768 3874
f 3876 3875 3828
f 3846 3854 3913
f 3783 3883 3772
f 3840 3880 3839
f 3945 3885 3809
f 3858 3868 3784
f 3859 3719 4037
f 3810 3811 3843
f 3762 3763 3997
f 3986 3997 3763
f 3933 3920 3891
f 3892 3823 3903
f 3860 3910 3824
f 3845 3904 3893
f 3905 3768 3769
f 3818 3958 3747
f 3838 3781 3924
f 3853 3924 3781
f 3854 3882 3943
f 3883 3951 3772
f 3926 3866 3856
f 3867 3789 3899
f 3880 3840 3927
f 3858 3831 3886
f 3831 3900 3886
f 3869 3900 3791
f 3775 3842 3985
f 3872 3813 3835
f 3932 3786 3919
f 3873 3921 3849
f 3989 3817 3966
f 3907 3876 3777
f 3746 3881 3968
f 3912 3837 3829
f 3861 3796 3897
f 3796 3846 3897
f 3913 3897 3846
f 3882 3855 3936
f 3855 3847 3944
f 3884 4043 3789
f 3928 3914 3841
f 3841 3830 3928
f 4007 3928 3830
f 3960 3886 3900
f 3821 3862 3961
f 3842 3901 3985
f 3833 3810 3954
f 3863 3955 3939
f 3870 3871 3917
f 3872 3834 3813
f 3963 3872 3848
f 3888 3963 3848
f 3910 3860 3911
f 3941 3911 3860
f 3935 3905 3851
f 3837 3958 3778
f 3943 3913 3854
f 3936 3855 3944
f 3925 3883 3783
f 3783 3878 3925
f 3908 3925 3878
f 3885 3927 3808
f 3915 4007 3857
f 3937 3900 3869
f 3887 3821 3961
f 3871 3918 3902
f 3931 3814 3948
f 3860 3849 3941
f 3921 3941 3849
f 3921 3873 3989
f 3905 3874 3768
f 3896 3924 3853
f 3897 3865 3861
f 3879 3898 3908
f 3926 3856 3978
f 3856 3867 3978
f 3899 3978 3867
f 4043 3899 3789
f 3839 3880 4006
f 3901 3833 3954
f 3902 3917 3871
f 3872 3956 3834
f 3904 3850 3975
f 3850 3874 3975
f 3875 3935 3851
f 3907 3923 3876
f 3968 3907 3777
f 4012 3881 3747
f 3837 3912 4021
f 3896 3865 3977
f 3944 3847 4031
f 3951 4031 3847
f 3952 3915 3857
f 3857 3868 3952
f 3858 3886 3916
f 3938 3937 3869
f 3929 3961 3862
f 3785 3929 3862
f 3810 3843 3930
f 3956 3918 3834
f 3963 3888 3957
f 3889 3957 3888
f 3814 3836 3948
f 3891 3755 3933
f 3940 3933 3755
f 3755 3892 3940
f 3903 3965 3892
f 3817 3967 3966
f 3935 3875 3906
f 3881 4012 3969
f 3747 3958 4012
f 3852 3894 4093
f 3895 4093 3894
f 3936 3943 3882
f 4043 4042 3899
f 4014 3884 3839
f 3945 3914 3983
f 3937 3960 3900
f 3797 3938 3869
f 3953 3938 3797
f 3947 3953 3832
f 3947 3859 4037
f 3980 3929 3785
f 3785 3775 3980
f 3985 3980 3775
f 3954 3810 3930
f 4008 3986 3870
f 3956 3902 3918
f 3965 3903 3972
f 3949 3972 3903
f 3909 3949 3903
f 3969 3968 3881
f 3959 3970 3993
f 3865 3897 3977
f 3866 3926 3898
f 3880 3927 3996
f 4037 3979 3947
f 4055 3870 3917
f 3964 3889 3931
f 3940 3892 4009
f 3965 4009 3892
f 3910 3949 3909
f 3910 3911 3973
f 3934 3973 3911
f 3874 3905 4011
f 3905 3935 4011
f 4004 4021 3912
f 3982 4004 3912
f 3852 3982 3912
f 3959 3942 3805
f 3976 3924 3896
f 4042 3978 3899
f 4014 4043 3884
f 3932 3948 3836
f 3987 3919 3786
f 3786 3890 3987
f 4009 3933 3940
f 3910 3973 3949
f 3893 3904 3974
f 3975 3974 3904
f 4030 3994 3943
f 3914 3928 4033
f 3868 3858 3984
f 3916 3984 3858
f 3890 4000 3987
f 4000 3920 4114
f 3975 3874 3950
f 4011 3950 3874
f 4027 3864 3942
f 3976 3896 3977
f 3897 3913 4029
f 3943 3994 3913
f 3883 3925 3995
f 4044 3952 3868
f 3868 3984 4044
f 3886 3960 3916
f 3938 3953 3946
f 3843 3863 3930
f 3963 3971 3872
f 3932 3919 3999
f 3919 3987 3999
f 3933 4114 3920
f 3934 3941 3988
f 3941 4010 3988
f 4010 3941 3921
f 4057 3989 3966
f 3958 3837 3992
f 4021 3992 3837
f 3942 3959 4027
f 3936 4030 3943
f 4006 4014 3839
f 3996 4006 3880
f 3983 3885 3945
f 3946 3953 4025
f 3953 3947 4015
f 3979 4015 3947
f 3962 3954 3930
f 4113 4008 3870
f 3870 4055 4113
f 3902 3956 4017
f 3971 3956 3872
f 3964 3957 3889
f 3998 3964 3931
f 3931 3948 3998
f 3967 3922 4018
f 4005 3993 3970
f 4033 3983 3914
f 3971 3963 4026
f 3963 3957 4026
f 4114 3933 4064
f 4001 3973 3934
f 3934 3988 4001
f 3935 3906 4067
f 3923 3907 4003
f 3968 3969 3991
f 4020 4012 3958
f 3877 3864 4155
f 3977 3897 4029
f 3913 3994 4029
f 4013 3995 3925
f 3928 4007 4024
f 4015 4025 3953
f 3979 4037 4016
f 3961 3929 4075
f 3954 3985 3901
f 3998 4099 3964
f 4071 3966 3967
f 3967 4018 4071
f 4002 3922 3893
f 3893 3974 4002
f 3990 3974 3975
f 3981 3991 3969
f 3969 4012 3981
f 4093 3982 3852
f 3970 3924 4005
f 3924 3976 4005
f 4059 4022 3977
f 4030 3936 4023
f 3944 4023 3936
f 3883 4178 3951
f 3995 4060 3883
f 3983 3927 3885
f 4024 4033 3928
f 4134 4044 3984
f 3960 4045 3916
f 3960 3937 4070
f 4037 3887 4053
f 3961 4053 3887
f 4017 3917 3902
f 4062 3998 3948
f 4056 4064 3933
f 3933 4009 4056
f 4010 3921 4066
f 3922 4002 4018
f 4020 3958 3992
f 3993 4027 3959
f 3976 3977 4022
f 3944 4031 4023
f 4178 4031 3951
f 3925 3908 4013
f 4107 3996 3927
f 4034 4024 4007
f 4035 4007 3915
f 3937 3938 4109
f 3961 4075 4053
f 4038 3929 3980
f 3980 3985 4038
f 4039 4026 3957
f 3948 3932 4062
f 3999 4062 3932
f 3949 3973 4065
f 3921 3989 4032
f 4002 3974 3990
f 4011 3935 4067
f 4003 3907 4041
f 4041 3907 3968
f 3968 3991 4041
f 4027 3993 4028
f 4029 4059 3977
f 4006 3996 4085
f 4036 3915 3952
f 3984 3916 4134
f 3946 4109 3938
f 3997 3986 4008
f 3964 4039 3957
f 3972 3949 4079
f 3949 4065 4079
f 4032 4066 3921
f 3950 4011 4139
f 4093 3895 4083
f 3877 4083 3895
f 4084 4029 3994
f 3996 4107 4141
f 4046 3960 4070
f 4047 3985 3954
f 3954 3962 4047
f 4054 3962 3930
f 3930 3863 4097
f 3939 4097 3863
f 3939 3955 4098
f 3998 4062 4078
f 4009 3965 4103
f 3965 3972 4103
f 4079 4103 3972
f 4001 3988 4080
f 4072 3990 3975
f 3975 3950 4072
f 3981 4012 4154
f 4083 3877 4130
f 4155 4130 3877
f 3976 4022 4005
f 4118 4005 4022
f 4084 3994 4105
f 4007 4035 4034
f 4044 4036 3952
f 4016 4015 3979
f 4097 4054 3930
f 4048 4098 3955
f 3955 3997 4048
f 4008 4113 4112
f 4017 4055 3917
f 4017 3956 3971
f 4078 4099 3998
f 3987 4000 4101
f 4040 4056 4009
f 4155 3864 4131
f 4027 4131 3864
f 3995 4013 4051
f 4014 4006 4106
f 4086 3927 3983
f 3937 4109 4070
f 4038 4120 3929
f 4096 4047 3962
f 4111 4048 3997
f 4008 4111 3997
f 4063 4101 4000
f 4114 4063 4000
f 4057 4032 3989
f 4071 4057 3966
f 4041 4058 4003
f 4030 4105 3994
f 4051 4060 3995
f 4013 3908 4074
f 3996 4141 4085
f 3927 4086 4107
f 3915 4036 4035
f 4046 4045 3960
f 4075 3929 4120
f 4098 4097 3939
f 4124 4040 4009
f 4103 4124 4009
f 4019 4139 4011
f 4067 4003 4068
f 4049 4041 3991
f 3981 4049 3991
f 4027 4028 4131
f 4145 4028 3993
f 3993 4005 4145
f 4059 4118 4022
f 4023 4031 4133
f 4178 4133 4031
f 3926 3978 4069
f 3978 4042 4069
f 4106 4043 4014
f 4033 4024 4061
f 3985 4047 4038
f 4026 4039 4077
f 4089 3988 4010
f 4010 4066 4089
f 4071 4018 4189
f 4138 4189 4018
f 4067 4019 4011
f 4058 4068 4003
f 4050 4145 4005
f 4005 4157 4050
f 4118 4157 4005
f 4105 4030 4073
f 4074 3908 3898
f 3898 3926 4074
f 4069 4074 3926
f 3983 4033 4061
f 3946 4025 4109
f 4109 4025 4052
f 4025 4015 4052
f 3962 4054 4214
f 4122 4054 4097
f 3971 4026 4077
f 4101 3999 3987
f 4080 3973 4001
f 3988 4089 4115
f 4002 4072 4081
f 4072 3950 4165
f 4139 4165 3950
f 4049 4058 4041
f 4012 4020 4129
f 4116 3992 4021
f 4021 4004 4116
f 3982 4117 4004
f 4118 4059 4168
f 4084 4059 4029
f 4030 4023 4073
f 4042 4043 4269
f 4061 4086 3983
f 4034 4061 4024
f 4015 4016 4095
f 4175 4113 4055
f 4077 4017 3971
f 4078 4062 4100
f 4080 3988 4115
f 4091 4066 4032
f 4032 4057 4091
f 4018 4002 4126
f 4081 4126 4002
f 4067 4184 4019
f 4020 3992 4167
f 4093 4092 3982
f 4084 4105 4190
f 4060 4178 3883
f 4094 4134 3916
f 4110 4015 4095
f 4053 4095 4016
f 4016 4037 4053
f 4038 4047 4076
f 4071 4091 4057
f 4152 4081 4072
f 4058 4049 4082
f 4129 4154 4012
f 4070 4142 4046
f 4214 4096 3962
f 4112 4111 4008
f 4055 4017 4175
f 4087 4077 4039
f 4039 3964 4088
f 4099 4088 3964
f 4101 4163 3999
f 4149 4114 4064
f 4064 4056 4149
f 4102 4056 4040
f 4079 4065 4104
f 4065 3973 4104
f 4080 4104 3973
f 4126 4138 4018
f 4082 4049 4128
f 4049 3981 4128
f 4268 4116 4004
f 4117 4268 4004
f 4028 4145 4131
f 4179 4269 4043
f 4141 4180 4085
f 4044 4134 4036
f 4108 4142 4070
f 4109 4108 4070
f 4076 4120 4038
f 4121 4076 4047
f 4047 4096 4121
f 4222 4214 4054
f 4098 4048 4136
f 4111 4136 4048
f 4039 4088 4087
f 4091 4071 4125
f 4152 4072 4165
f 4058 4082 4204
f 3981 4154 4153
f 4117 3982 4092
f 4051 4160 4060
f 4074 4051 4013
f 4069 4042 4140
f 4106 4179 4043
f 4006 4085 4209
f 4061 4034 4210
f 4222 4054 4122
f 4100 4187 4078
f 4100 4062 3999
f 4102 4123 4056
f 4164 4104 4080
f 4090 4089 4066
f 4189 4125 4071
f 4128 3981 4153
f 4059 4084 4132
f 4190 4132 4084
f 4178 4060 4185
f 4185 4060 4160
f 4119 4074 4069
f 4269 4140 4042
f 4209 4106 4006
f 4180 4209 4085
f 4094 4045 4171
f 4045 4046 4171
f 4142 4171 4046
f 4052 4015 4110
f 4124 4181 4040
f 4066 4091 4090
f 4196 4115 4089
f 4089 4090 4196
f 4146 4090 4091
f 4068 4058 4127
f 4204 4127 4058
f 4050 4157 4148
f 4132 4168 4059
f 4113 4175 4174
f 4017 4077 4223
f 4143 4223 4077
f 4187 4099 4078
f 4063 4226 4101
f 4123 4149 4056
f 4124 4103 4137
f 4103 4079 4150
f 4091 4125 4146
f 4152 4126 4081
f 4167 4129 4020
f 3992 4116 4167
f 4159 4190 4105
f 4105 4073 4159
f 4133 4073 4023
f 4051 4074 4119
f 4141 4107 4169
f 4053 4075 4135
f 4120 4135 4075
f 4193 4121 4096
f 4096 4214 4193
f 4111 4112 4215
f 4194 4215 4112
f 4112 4113 4194
f 4174 4194 4113
f 4188 4100 3999
f 4163 4188 3999
f 4149 4063 4114
f 4115 4164 4080
f 4189 4151 4125
f 4184 4067 4250
f 4147 4250 4067
f 4127 4147 4068
f 4116 4268 4198
f 4092 4310 4117
f 4177 4157 4118
f 4168 4177 4118
f 4170 4278 4134
f 4094 4170 4134
f 4095 4053 4201
f 4097 4098 4173
f 4136 4173 4098
f 4175 4017 4195
f 4087 4143 4077
f 4088 4099 4144
f 4187 4144 4099
f 4226 4163 4101
f 4150 4079 4104
f 4146 4125 4151
f 4082 4128 4166
f 4198 4167 4116
f 4093 4083 4233
f 4234 4233 4083
f 4083 4130 4234
f 4155 4234 4130
f 4119 4160 4051
f 4119 4069 4140
f 4162 4179 4106
f 4171 4170 4094
f 4240 4076 4121
f 4122 4097 4279
f 4173 4279 4097
f 4136 4111 4215
f 4181 4102 4040
f 4150 4137 4103
f 4189 4138 4249
f 4166 4128 4197
f 4233 4092 4093
f 4155 4131 4156
f 4131 4145 4156
f 4205 4156 4145
f 4141 4169 4270
f 4107 4086 4169
f 4108 4109 4261
f 4135 4201 4053
f 4192 4135 4120
f 4120 4076 4192
f 4195 4017 4223
f 4090 4146 4264
f 4139 4203 4165
f 4139 4019 4329
f 4184 4329 4019
f 4153 4197 4128
f 4145 4050 4148
f 4157 4177 4199
f 4132 4190 4158
f 4185 4160 4208
f 4161 4160 4119
f 4106 4209 4162
f 4270 4180 4141
f 4278 4036 4134
f 4171 4142 4172
f 4212 4172 4142
f 4142 4108 4212
f 4191 4052 4110
f 4095 4191 4110
f 4095 4201 4186
f 4264 4196 4090
f 4183 4264 4146
f 4152 4266 4126
f 4152 4165 4230
f 4168 4132 4207
f 4159 4236 4190
f 4159 4073 4244
f 4133 4244 4073
f 4219 4119 4140
f 4140 4269 4219
f 4052 4261 4109
f 4076 4240 4192
f 4173 4136 4263
f 4137 4150 4182
f 4126 4266 4217
f 4230 4266 4152
f 4197 4153 4176
f 4153 4154 4176
f 4154 4129 4176
f 4148 4205 4145
f 4148 4157 4199
f 4207 4206 4168
f 4158 4207 4132
f 4180 4270 4260
f 4175 4195 4273
f 4217 4138 4126
f 4165 4203 4230
f 4166 4289 4082
f 4197 4276 4166
f 4092 4233 4232
f 4206 4177 4168
f 4244 4236 4159
f 4180 4260 4209
f 4220 4086 4061
f 4061 4210 4220
f 4300 4210 4034
f 4300 4034 4035
f 4172 4212 4200
f 4221 4240 4121
f 4193 4221 4121
f 4174 4175 4313
f 4273 4313 4175
f 4241 4143 4087
f 4246 4241 4087
f 4087 4088 4246
f 4224 4246 4088
f 4088 4144 4224
f 4137 4182 4247
f 4217 4249 4138
f 4329 4203 4139
f 4289 4166 4276
f 4304 4234 4155
f 4155 4156 4304
f 4185 4208 4341
f 4238 4208 4160
f 4160 4161 4238
f 4219 4161 4119
f 4035 4036 4211
f 4172 4239 4171
f 4261 4212 4108
f 4252 4052 4191
f 4149 4216 4063
f 4149 4123 4227
f 4287 4254 4102
f 4102 4181 4287
f 4124 4137 4255
f 4247 4255 4137
f 4164 4115 4288
f 4151 4183 4146
f 4127 4243 4147
f 4258 4176 4129
f 4129 4167 4258
f 4199 4177 4206
f 4133 4178 4237
f 4291 4169 4086
f 4220 4291 4086
f 4251 4170 4171
f 4171 4239 4251
f 4172 4200 4239
f 4201 4213 4186
f 4313 4194 4174
f 4144 4187 4225
f 4307 4225 4187
f 4187 4100 4307
f 4163 4202 4188
f 4216 4226 4063
f 4115 4196 4288
f 4151 4189 4249
f 4167 4198 4231
f 4205 4148 4297
f 4158 4190 4218
f 4178 4185 4341
f 4211 4300 4035
f 4214 4222 4352
f 4194 4313 4365
f 4273 4195 4325
f 4223 4325 4195
f 4242 4307 4100
f 4188 4242 4100
f 4216 4149 4227
f 4254 4123 4102
f 4255 4287 4181
f 4181 4124 4255
f 4288 4196 4248
f 4264 4248 4196
f 4329 4184 9675
f 4250 9675 4184
f 4204 4082 4267
f 4289 4267 4082
f 4231 4258 4167
f 4234 4304 4339
f 4218 4190 4235
f 4269 4179 4281
f 4179 4162 4281
f 4282 4162 4209
f 4210 4300 4292
f 4200 4212 4284
f 4186 4191 4095
f 4275 4254 4287
f 4104 4164 4228
f 4183 4151 4256
f 4229 4265 4151
f 4151 4249 4229
f 4199 4297 4148
f 4236 4235 4190
f 4292 4220 4210
f 4284 4239 4200
f 4261 4052 4252
f 4262 4135 4192
f 4192 4240 4262
f 4352 4193 4214
f 4272 4222 4122
f 4279 4272 4122
f 4365 4215 4194
f 4223 4143 4245
f 4202 4242 4188
f 4226 4216 4274
f 4247 4182 4295
f 4104 4182 4150
f 4219 4269 4311
f 4320 4311 4269
f 4209 4260 4282
f 4278 4211 4036
f 4186 4213 4323
f 4135 4213 4201
f 4313 4273 4302
f 4254 4227 4123
f 4264 4183 4296
f 4256 4151 4265
f 4276 4197 4257
f 4310 4092 4232
f 4156 4205 4304
f 4297 4304 4205
f 4299 4206 4207
f 4207 4218 4299
f 4244 4340 4236
f 4343 4270 4169
f 4278 4170 4318
f 4284 4251 4239
f 4284 4212 4261
f 4285 4262 4240
f 4301 4240 4221
f 4263 4136 4253
f 4136 4215 4253
f 4215 4365 4253
f 4241 4245 4143
f 4144 4225 4286
f 4289 4276 4379
f 4233 4234 4319
f 4298 4297 4199
f 4259 4199 4206
f 4235 4236 4305
f 4300 4211 4271
f 4170 4251 9589
f 4191 4186 4322
f 4186 4323 4322
f 4280 4229 4249
f 4280 4249 4217
f 4395 4204 4267
f 4303 4231 4198
f 4244 4133 4237
f 4237 4178 4341
f 4283 4291 4220
f 4170 9589 4318
f 4279 4173 4372
f 4263 4372 4173
f 4241 4246 4373
f 4163 4226 4274
f 4228 4164 4361
f 4164 4288 4361
f 4296 4183 4256
f 4127 4204 4395
f 4339 4319 4234
f 4304 4297 4290
f 4299 4218 4277
f 4218 4235 4277
f 4270 4343 4348
f 4349 4169 4291
f 4252 4334 4261
f 4322 4252 4191
f 4301 4285 4240
f 4307 4374 4225
f 4228 4182 4104
f 4288 4248 4308
f 4248 4264 4296
f 4309 4217 4266
f 4230 4309 4266
f 4232 4233 4319
f 4199 4259 4298
f 4206 4299 4259
f 4269 4281 4320
f 4312 4271 4211
f 4261 4321 4284
f 4213 4135 4345
f 4352 4222 4388
f 4272 4388 4222
f 4294 4325 4223
f 4223 4245 4294
f 4373 4245 4241
f 4202 4163 4274
f 4254 4275 4360
f 4182 4228 4314
f 4328 4280 4217
f 4243 4127 4362
f 4395 4362 4127
f 4231 4303 4338
f 4198 4268 4303
f 4346 4290 4297
f 4237 4340 4244
f 4278 4318 4350
f 4293 9589 4251
f 4251 4284 4293
f 4334 4321 4261
f 4193 4301 4221
f 4272 4279 4337
f 4372 4337 4279
f 4372 4263 4413
f 4373 4367 4245
f 4224 4144 4286
f 4360 4227 4254
f 4377 4256 4265
f 4329 9675 9674
f 4289 4330 4267
f 4268 4117 4331
f 4317 4298 4259
f 4347 4238 4161
f 4282 4281 4162
f 4260 4270 4358
f 4349 4343 4169
f 4410 4349 4291
f 4193 4352 4336
f 4413 4263 4393
f 4253 4393 4263
f 4313 4302 4366
f 4225 4374 4394
f 4202 4432 4242
f 4361 4375 4228
f 4288 4308 4361
f 4217 4309 9579
f 4330 4289 4396
f 4379 4396 4289
f 4338 4176 4258
f 4258 4231 4338
f 4277 4235 4305
f 4342 4347 4311
f 4392 4320 4281
f 4282 4260 4358
f 4348 4358 4270
f 4291 4283 4410
f 4306 4283 4220
f 4220 4292 4306
f 4292 4300 4384
f 4211 4278 4312
f 4387 4252 4322
f 4274 4216 4326
f 4216 4227 4457
f 4360 4275 4390
f 4247 4295 4391
f 4308 4248 4376
f 4296 4376 4248
f 4280 4328 4327
f 4362 9676 4243
f 4330 4395 4267
f 4257 4379 4276
f 4331 4303 4268
f 4117 4310 4331
f 4297 4298 4346
f 4208 4238 4357
f 4281 4282 4490
f 4292 4384 4306
f 4271 4384 4300
f 4278 4350 4312
f 4412 4318 9589
f 4262 4285 4403
f 4285 4301 4364
f 4367 4294 4245
f 4286 4225 4394
f 4287 4255 4370
f 4399 4370 4255
f 4247 4399 4255
f 4295 4182 4434
f 4314 4434 4182
f 4228 4375 4315
f 4265 4229 4377
f 4280 4327 9599
f 9579 4328 4217
f 4230 4203 4316
f 4379 4257 4371
f 4423 4310 4232
f 4299 4277 4332
f 4305 4332 4277
f 4305 4236 4340
f 4490 4392 4281
f 4252 4335 4334
f 4135 4262 4345
f 4262 4403 4345
f 4246 4224 4389
f 4286 4389 4224
f 4242 4374 4307
f 4457 4326 4216
f 4314 4228 4315
f 4256 4377 4353
f 4316 9579 4309
f 4309 4230 4316
f 4423 4331 4310
f 4487 4423 4232
f 4320 4342 4311
f 4283 4306 4333
f 4318 4412 4350
f 4364 4193 4336
f 4227 4360 4457
f 4449 4275 4287
f 4370 4449 4287
f 4316 4203 4440
f 4329 4440 4203
f 4197 4371 4257
f 4303 4331 4354
f 4339 4304 4290
f 4298 4317 4346
f 4417 4317 4259
f 4259 4299 4417
f 4332 4417 4299
f 4344 9589 4293
f 4387 4335 4252
f 4324 4403 4285
f 4365 4393 4253
f 4367 4373 4368
f 4389 4373 4246
f 4399 4247 4391
f 9674 4440 4329
f 4354 4338 4303
f 4319 4339 4380
f 4332 4305 4402
f 4305 4340 4363
f 4381 4340 4237
f 4341 4208 4357
f 4333 4410 4283
f 4412 9589 4344
f 4321 4334 4386
f 4213 4398 4323
f 4364 4324 4285
f 4193 4364 4301
f 4366 4365 4313
f 4394 4369 4286
f 4456 4202 4274
f 4274 4326 4456
f 4353 4376 4296
f 4296 4256 4353
f 4328 9579 4438
f 4422 4354 4331
f 4319 4442 4232
f 4346 4401 4290
f 4417 4332 4356
f 4332 4402 4356
f 4446 4282 4358
f 4271 4312 4418
f 4336 4352 4430
f 4272 4337 4388
f 4373 4389 4431
f 4361 4308 4376
f 4438 4327 4328
f 4354 4400 4338
f 4232 4442 4487
f 4339 4290 4380
f 4346 4317 4397
f 4363 4402 4305
f 4381 4363 4340
f 4426 4357 4238
f 4238 4347 4426
f 4387 4322 4351
f 4322 4323 4398
f 4398 4213 4345
f 4325 4294 4273
f 4353 4377 4436
f 4378 4438 9579
f 4440 9674 9677
f 4396 4450 4330
f 4371 4197 4407
f 4197 4176 4407
f 4355 4422 4331
f 4401 4380 4290
f 4346 4397 4401
f 4317 4409 4397
f 4341 4382 4237
f 4347 4342 4426
f 4335 4386 4334
f 4352 4388 4359
f 4388 4337 4469
f 4432 4374 4242
f 4176 4338 4407
f 4381 4237 4382
f 4343 4349 4383
f 4271 4418 4384
f 4350 4418 4312
f 4398 4351 4322
f 4413 4393 4404
f 4458 4457 4360
f 4360 4390 4458
f 4391 4295 4434
f 4375 4361 4421
f 4436 4377 4405
f 9676 4362 4406
f 4441 4416 4379
f 4371 4441 4379
f 4331 4423 4355
f 4317 4417 4409
f 4392 4342 4320
f 4349 4410 4383
f 4385 4412 4344
f 4398 4345 4479
f 4368 4420 4367
f 4390 4275 4433
f 4338 4400 4407
f 4442 4319 4451
f 4408 4451 4319
f 4381 4425 4363
f 4382 4489 4381
f 4357 4426 4499
f 4348 4343 4383
f 4352 4359 4430
f 4448 4393 4365
f 4376 4353 4435
f 4377 9563 4405
f 9599 4327 9563
f 4395 4406 4362
f 4396 4379 4462
f 4416 4462 4379
f 4380 4408 4319
f 4401 4424 4380
f 4489 4425 4381
f 4341 4357 4382
f 4499 4382 4357
f 4383 4358 4348
f 4350 4412 4478
f 4386 4335 4428
f 4345 4403 4429
f 4359 4388 4469
f 4365 4366 4448
f 4503 4420 4368
f 4431 4389 4505
f 4286 4505 4389
f 4361 4376 4435
f 4438 4378 4460
f 4406 4395 4483
f 4483 4395 4330
f 4450 4483 4330
f 4408 4380 4463
f 4424 4463 4380
f 4401 4397 4443
f 4363 4445 4402
f 4475 4342 4392
f 4350 4478 4418
f 4345 4429 4479
f 4364 4336 4419
f 4431 4368 4373
f 4369 4505 4286
f 4374 4522 4394
f 4436 4435 4353
f 4327 4438 9563
f 4378 4316 4460
f 4316 4440 4439
f 4450 4396 4462
f 4397 4409 4443
f 4444 4417 4356
f 4356 4402 4444
f 4446 4490 4282
f 4411 4410 4333
f 4333 4306 4411
f 4447 4411 4306
f 4306 4384 4447
f 4335 4387 4466
f 4324 4468 4403
f 4364 4468 4324
f 4337 4372 4470
f 4520 4470 4372
f 4372 4413 4520
f 4453 4302 4273
f 4431 4503 4368
f 4369 4394 4522
f 4432 4202 4414
f 4456 4414 4202
f 4415 4433 4275
f 4275 4449 4415
f 4434 4314 4496
f 4315 4496 4314
f 4375 4421 4315
f 4435 4421 4361
f 4439 4460 4316
f 4409 4417 4488
f 4392 4490 4475
f 4428 4427 4386
f 4466 4387 4351
f 4351 4398 4452
f 4336 4430 4419
f 4469 4337 4470
f 4393 4448 4404
f 4273 4294 4453
f 4505 4454 4431
f 4523 4458 4390
f 4390 4433 4523
f 4400 4354 4422
f 4443 4424 4401
f 4564 4445 4363
f 4425 4564 4363
f 4411 4383 4410
f 4501 4478 4412
f 4412 4385 4501
f 4480 4468 4364
f 4364 4419 4480
f 4404 4520 4413
f 4522 4374 4506
f 4432 4506 4374
f 4436 4405 4437
f 9563 4438 4459
f 4423 4514 4355
f 4444 4402 4445
f 4490 4446 4540
f 4491 4446 4358
f 4491 4358 4383
f 4411 4464 4383
f 4428 4335 4466
f 4403 4468 4467
f 4419 4430 4519
f 4521 4453 4294
f 4522 4481 4369
f 4414 4455 4432
f 4545 4421 4435
f 4459 4437 4405
f 4498 4440 9596
f 4371 4407 4484
f 4400 4484 4407
f 4514 4422 4355
f 4516 4408 4463
f 4409 4488 4443
f 4426 4342 4475
f 4464 4491 4383
f 4466 4465 4428
f 4466 4351 4452
f 4467 4502 4429
f 4429 4403 4467
f 4505 4369 4481
f 4455 4506 4432
f 4613 4523 4433
f 4433 4415 4613
f 4391 4434 4507
f 4496 4507 4434
f 4460 4439 4510
f 4498 4510 4439
f 4439 4440 4498
f 4485 4484 4400
f 4400 4422 4485
f 4486 4485 4422
f 4487 4442 4515
f 4442 4451 4515
f 4451 4408 4516
f 4424 4443 4527
f 4417 4444 4488
f 4382 4499 4473
f 4474 4499 4426
f 4478 4492 4418
f 4494 4501 4385
f 4427 4428 4465
f 4404 4471 4520
f 4495 4448 4366
f 4366 4302 4495
f 4583 4415 4449
f 4370 4399 4534
f 4399 4391 4534
f 4545 4315 4421
f 4497 4546 4436
f 4436 4437 4497
f 4459 4438 4524
f 4483 4461 4406
f 4441 4371 4484
f 4514 4486 4422
f 4423 4487 4514
f 4411 4447 4476
f 4447 4384 4477
f 4479 4530 4398
f 4502 4479 4429
f 4560 4480 4419
f 4419 4519 4560
f 4552 4519 4430
f 4430 4359 4552
f 4532 4302 4453
f 4458 4523 4553
f 4507 4534 4391
f 4545 4482 4315
f 4524 4508 4459
f 4438 4460 4524
f 4510 4509 4460
f 4472 4416 4441
f 4484 4472 4441
f 4463 4424 4527
f 4547 4527 4443
f 4489 4382 4473
f 4475 4474 4426
f 4446 4491 4540
f 4500 4477 4384
f 4384 4418 4500
f 4418 4492 4500
f 4478 4501 4493
f 4465 4494 4427
f 4465 4466 4542
f 4466 4452 4530
f 4359 4469 4552
f 4453 4521 4573
f 4521 4294 4367
f 4367 4420 4521
f 4533 4521 4420
f 4503 4533 4420
f 4454 4503 4431
f 4457 4600 4326
f 4437 4459 4535
f 4508 4535 4459
f 4509 4524 4460
f 4483 4450 4512
f 4462 4512 4450
f 4462 4416 4472
f 4514 4487 4526
f 4443 4488 4538
f 4539 4488 4444
f 4445 4539 4444
f 4564 4557 4445
f 4540 4475 4490
f 4411 4518 4464
f 4476 4518 4411
f 4477 4476 4447
f 4492 4478 4493
f 4398 4530 4452
f 4530 4479 4502
f 4467 4468 4550
f 4532 4495 4302
f 4454 4504 4503
f 4544 4454 4505
f 4414 4456 4599
f 4456 4326 4600
f 4600 4457 4553
f 4457 4458 4553
f 4546 4545 4435
f 4435 4436 4546
f 4498 4461 4511
f 4483 4511 4461
f 4472 4512 4462
f 4472 4484 4513
f 4537 4513 4484
f 4484 4485 4537
f 4485 4486 4537
f 4487 4515 4526
f 4516 4515 4451
f 4547 4443 4538
f 4557 4539 4445
f 4473 4565 4489
f 4474 4528 4499
f 4475 4540 4568
f 4464 4518 4491
f 4466 4530 4542
f 4467 4550 4502
f 4532 4453 4573
f 4544 4504 4454
f 4510 4498 4525
f 4486 4514 4555
f 4488 4539 4538
f 4517 4540 4491
f 4518 4517 4491
f 4500 4492 4529
f 4493 4529 4492
f 4559 4493 4501
f 4494 4559 4501
f 4581 4469 4470
f 4470 4520 4581
f 4520 4471 4531
f 4448 4495 4610
f 4533 4503 4504
f 4505 4481 4544
f 4481 4522 4544
f 4415 4583 4613
f 4615 4315 4482
f 4509 4510 4536
f 4525 4536 4510
f 4498 4511 4525
f 4512 4511 4483
f 4512 4472 4513
f 4555 4537 4486
f 4558 4564 4425
f 4425 4489 4565
f 4499 4566 4473
f 4474 4475 4568
f 4494 4465 4569
f 4520 4531 4581
f 4506 4544 4522
f 4370 4534 4597
f 4507 4496 4601
f 4546 4598 4545
f 4437 4535 4497
f 4617 4508 4524
f 4554 4525 4511
f 4512 4554 4511
f 4514 4526 4555
f 4526 4515 4586
f 4516 4586 4515
f 4565 4558 4425
f 4528 4566 4499
f 4517 4576 4540
f 4518 4476 4549
f 4477 4656 4476
f 4477 4500 4577
f 4529 4577 4500
f 4569 4559 4494
f 4465 4542 4541
f 4530 4502 4571
f 4404 4448 4610
f 4543 4533 4504
f 4456 4600 4599
f 4597 4534 4584
f 4507 4584 4534
f 4601 4584 4507
f 4535 4508 4603
f 4524 4509 4644
f 4536 4644 4509
f 4586 4555 4526
f 4547 4538 4548
f 4538 4539 4563
f 4566 4565 4473
f 4568 4528 4474
f 4577 4656 4477
f 4529 4493 4578
f 4541 4569 4465
f 4570 4541 4542
f 4542 4530 4570
f 4530 4571 4570
f 4579 4502 4550
f 4550 4468 4551
f 4468 4480 4551
f 4560 4551 4480
f 4561 4552 4469
f 4469 4581 4561
f 4574 4533 4543
f 4543 4544 4562
f 4506 4562 4544
f 4449 4370 4597
f 4496 4315 4615
f 4598 4482 4545
f 4535 4603 4497
f 4617 4603 4508
f 4524 4644 4617
f 4537 4627 4513
f 4587 4516 4463
f 4556 4587 4463
f 4527 4556 4463
f 4527 4547 4556
f 4548 4556 4547
f 4628 4548 4538
f 4557 4563 4539
f 4568 4540 4576
f 4549 4622 4518
f 4578 4577 4529
f 4559 4578 4493
f 4560 4519 4572
f 4552 4572 4519
f 4404 4593 4471
f 4574 4521 4533
f 4562 4595 4543
f 4583 4449 4597
f 4602 4546 4497
f 4512 4513 4585
f 4604 4627 4537
f 4647 4604 4537
f 4537 4555 4647
f 4586 4516 4670
f 4670 4516 4587
f 4538 4563 4628
f 4557 4564 4589
f 4564 4558 4589
f 4517 4518 4621
f 4518 4622 4621
f 4656 4549 4476
f 4571 4502 4579
f 4591 4579 4550
f 4550 4551 4591
f 4572 4580 4560
f 4552 4561 4572
f 4593 4531 4471
f 4594 4573 4521
f 4521 4574 4594
f 4506 4582 4562
f 4599 4455 4414
f 4611 4553 4523
f 4615 4601 4496
f 4598 4615 4482
f 4602 4616 4546
f 4497 4603 4602
f 4536 4525 4618
f 4554 4625 4525
f 4627 4585 4513
f 4555 4586 4669
f 4556 4548 4575
f 4548 4628 4575
f 4589 4628 4563
f 4563 4557 4589
f 4605 4589 4558
f 4605 4558 4565
f 4565 4566 4606
f 4566 4528 4607
f 4567 4528 4568
f 4632 4567 4568
f 4568 4576 4632
f 4541 4608 4569
f 4580 4591 4551
f 4572 4561 4592
f 4561 4581 4592
f 4610 4593 4404
f 4543 4595 4574
f 4595 4562 4596
f 4613 4611 4523
f 4598 4546 4616
f 4618 4525 4625
f 4668 4646 4554
f 4554 4512 4668
f 4512 4585 4668
f 4587 4556 4588
f 4575 4588 4556
f 4606 4605 4565
f 4567 4607 4528
f 4576 4517 4649
f 4517 4621 4649
f 4559 4569 4608
f 4579 4591 4590
f 4531 4592 4581
f 9714 4596 4562
f 4562 4582 9714
f 4455 4582 4506
f 4647 4555 4669
f 4619 4669 4586
f 4586 4670 4619
f 4684 4628 4589
f 4605 4684 4589
f 4607 4606 4566
f 4567 4632 4631
f 4541 4570 4650
f 4570 4571 4657
f 4590 4571 4579
f 4652 4591 4580
f 4580 9598 4652
f 9715 9598 4592
f 4609 9715 4592
f 4592 4531 4609
f 4531 4593 4609
f 4636 4574 4595
f 4595 4596 4636
f 4614 4583 4597
f 4597 4584 4614
f 4615 4598 4677
f 4662 4603 4617
f 9714 4582 4455
f 4611 4613 4612
f 4584 4601 4643
f 4601 4615 4643
f 4616 4677 4598
f 4637 4616 4602
f 4602 4603 4637
f 4644 4536 4618
f 4625 4554 4646
f 4626 4668 4585
f 4585 4627 4626
f 4620 4588 4575
f 4575 4628 4620
f 4606 4684 4605
f 4606 4607 4629
f 4630 4629 4607
f 4607 4567 4630
f 4632 4576 4633
f 4648 4633 4576
f 4576 4649 4648
f 4622 4655 4621
f 4671 4656 4577
f 4577 4578 4671
f 4591 4651 4590
f 4609 4593 4623
f 4593 4610 4623
f 4624 4623 4610
f 4610 4495 4624
f 4495 4532 4624
f 4573 4624 4532
f 4638 4639 4680
f 9714 4455 9712
f 4641 9712 4455
f 4455 4599 4641
f 4600 4553 4660
f 4553 4611 4660
f 4611 4612 4660
f 4583 4614 9587
f 4677 4643 4615
f 4617 4644 4662
f 4588 4620 4683
f 4629 4721 4606
f 4578 4559 4685
f 4650 4608 4541
f 4650 4570 4657
f 4590 4657 4571
f 4698 4652 9598
f 4634 4698 9598
f 9598 9715 4634
f 4653 4634 9715
f 4623 4624 9713
f 4624 4573 4635
f 4594 4635 4573
f 4618 4625 4788
f 4645 4788 4625
f 4625 4646 4645
f 4627 4604 4626
f 4647 4626 4604
f 4683 4620 4736
f 4684 4620 4628
f 4721 4684 4606
f 4567 4631 4654
f 4632 4633 4631
f 4655 4649 4621
f 4578 4685 4694
f 4559 4608 4685
f 4739 4685 4608
f 4695 4739 4608
f 4652 4651 4591
f 4641 4599 4659
f 4661 4660 4612
f 4612 9587 4661
f 9587 4614 4642
f 4643 4642 4614
f 4614 4584 4643
f 4677 4616 4726
f 4678 4639 4638
f 4663 4678 4638
f 4666 9993 4681
f 4678 4702 4639
f 4640 4680 4688
f 4599 4600 4659
f 4660 4659 4600
f 4637 4726 4616
f 4662 4637 4603
f 4662 4644 4667
f 4692 4667 4644
f 4644 4618 4692
f 4788 4692 4618
f 4668 4626 4682
f 4619 4670 4796
f 4630 4567 4654
f 4656 4693 4549
f 4671 4578 4694
f 4650 4695 4608
f 4657 4740 4650
f 4672 4634 4653
f 4667 4700 4662
f 4626 4647 4706
f 4720 4706 4647
f 4647 4669 4720
f 4633 4648 4790
f 4622 4549 4722
f 4693 4722 4549
f 4723 4693 4656
f 4671 4723 4656
f 4671 4694 4738
f 4740 4657 4708
f 4696 4651 4652
f 4652 4698 4697
f 4673 4672 4653
f 9721 4659 4742
f 4675 4742 4659
f 4659 4660 4675
f 4676 4675 4660
f 4660 4661 4676
f 4642 4676 4661
f 4637 4662 4700
f 4702 9697 4639
f 4691 4678 4663
f 4663 4664 4691
f 4728 4691 4664
f 4679 4664 4663
f 4705 9993 4666
f 4668 4682 4734
f 4706 4682 4626
f 4670 4587 4796
f 4620 4684 4737
f 4633 4790 4631
f 4649 4655 4707
f 4655 4622 4722
f 4740 4695 4650
f 4768 4708 4657
f 4590 4768 4657
f 4697 4696 4652
f 4672 4673 4710
f 4673 9718 4752
f 9718 4674 4752
f 4686 4752 4674
f 4711 4686 4674
f 4674 4658 4711
f 4785 4711 4658
f 4658 9721 4785
f 4712 4785 9721
f 9721 4742 4712
f 4742 4675 4687
f 4699 4687 4675
f 4675 4676 4699
f 4676 4642 4725
f 4643 4725 4642
f 4643 4677 4725
f 4677 4713 4787
f 4677 4726 4713
f 4700 4754 4637
f 4802 4728 4664
f 4679 4780 4664
f 4688 4703 4640
f 4729 4688 4680
f 4680 4704 4729
f 4665 4717 4681
f 4705 4778 9993
f 4645 4646 4733
f 4789 4733 4646
f 4682 4706 4719
f 4588 4796 4587
f 4808 4588 4683
f 4629 4630 4759
f 4790 4654 4631
f 4707 4648 4649
f 4724 4694 4685
f 4685 4739 4750
f 4695 4740 4767
f 4798 4768 4590
f 4590 4651 4798
f 4751 4697 4698
f 4709 4698 4634
f 4754 4726 4637
f 4704 4716 4781
f 4681 4717 9999
f 4718 9990 4689
f 4773 4718 4689
f 4689 10001 4773
f 4727 4690 4714
f 4715 4714 4690
f 9697 4702 4715
f 4788 4645 4756
f 4668 4789 4646
f 4735 4706 4720
f 4720 4669 4757
f 4669 4619 4757
f 4808 4683 4736
f 4737 4736 4620
f 4797 4721 4629
f 4759 4797 4629
f 4630 4654 4759
f 4655 4722 4760
f 4722 4693 4829
f 4723 4671 4738
f 4724 4738 4694
f 4696 4798 4651
f 4634 4672 4709
f 4710 4709 4672
f 4752 4741 4673
f 4711 4753 4686
f 4800 4715 4702
f 4702 4743 4800
f 4678 4691 4743
f 4729 4747 4688
f 4704 4781 4729
f 4781 4716 4744
f 4840 4705 4666
f 4719 4734 4682
f 4795 4619 4796
f 4795 4796 4856
f 4684 4721 4797
f 4707 4810 4648
f 4850 4707 4655
f 4791 4850 4655
f 4749 4724 4685
f 4767 4739 4695
f 4708 4831 4740
f 4741 4710 4673
f 4784 4753 4711
f 4711 4785 4784
f 4687 4699 4769
f 4699 4676 4786
f 4786 4676 4725
f 4725 4677 4787
f 4700 4667 4770
f 4714 4715 4765
f 4743 4691 4766
f 4691 4728 4766
f 4780 4802 4664
f 4718 4773 4851
f 4773 10001 4775
f 10001 4746 4775
f 4701 4727 4748
f 4692 4770 4667
f 4734 4789 4668
f 4757 4735 4720
f 4797 4737 4684
f 4723 4738 9568
f 4724 4749 4860
f 4685 4750 4749
f 4844 4750 4739
f 4709 4751 4698
f 4752 4686 4753
f 4699 4786 4769
f 4713 4726 4787
f 4754 4700 4755
f 4779 4766 4728
f 4803 4802 4780
f 4703 4688 4819
f 4747 4819 4688
f 4805 4716 4730
f 4730 9696 4805
f 4748 4805 9696
f 9696 4701 4748
f 4748 4727 4764
f 4731 9989 4777
f 4761 4745 9990
f 9990 4718 4761
f 4851 4761 4718
f 4732 9996 4763
f 4734 4719 4825
f 4619 4758 4757
f 4808 4736 4827
f 4736 4737 4857
f 4738 4724 4812
f 4739 4767 4844
f 4813 4831 4708
f 4708 4768 4813
f 4696 4697 4832
f 4709 4710 4929
f 4845 4710 4741
f 4712 4742 4687
f 4786 4725 4816
f 4787 4816 4725
f 4770 4755 4700
f 4800 4765 4715
f 4766 4800 4743
f 4819 4818 4703
f 4781 4744 4888
f 4716 4838 4744
f 4761 4772 4745
f 4746 9991 4776
f 4792 4776 9991
f 4762 9994 4793
f 4732 4763 4777
f 4778 4763 9996
f 9992 4840 4666
f 4779 4728 4817
f 4780 4679 4836
f 4679 4703 4836
f 4818 4836 4703
f 4819 4747 4876
f 4729 4876 4747
f 4804 4838 4716
f 4805 4804 4716
f 4805 4748 4782
f 4749 4750 4885
f 4831 4767 4740
f 4798 4696 4814
f 4751 4832 4697
f 4710 4845 4929
f 4741 4752 4783
f 4752 4753 4783
f 4785 4712 4886
f 4769 4799 4687
f 4873 4787 4726
f 4726 4754 4873
f 4756 4733 4847
f 4794 4825 4719
f 4719 4706 4826
f 4706 4735 4826
f 4882 4796 4588
f 4737 4797 4858
f 4654 4987 4759
f 4648 4810 4790
f 4707 4850 4928
f 4760 4791 4655
f 4760 4722 4829
f 4693 4723 4811
f 4820 9987 4717
f 4772 4821 4745
f 4774 4773 4775
f 4775 4746 4881
f 4793 4792 4762
f 4777 10002 4731
f 4801 4800 4766
f 4802 4817 4728
f 4802 4803 4835
f 4744 4838 4837
f 4884 4738 4812
f 4750 4844 4885
f 4768 4798 4870
f 4832 4751 4917
f 4687 4833 4712
f 4873 4754 4906
f 4754 4755 4906
f 4755 4770 4846
f 4770 4692 4913
f 4692 4788 4913
f 4719 4826 4794
f 4795 4758 4619
f 4808 4882 4588
f 4857 4827 4736
f 4858 4857 4737
f 4829 4693 4830
f 4820 4717 4806
f 4771 4745 4806
f 4851 4773 4909
f 4773 4774 4909
f 4881 4774 4775
f 4746 4776 4881
f 10002 4777 4853
f 4777 4763 4853
f 4705 4854 4778
f 9992 4912 4840
f 4764 4714 4841
f 4714 4765 4841
f 4765 4800 4801
f 4779 4864 4766
f 4888 4729 4781
f 4782 4804 4805
f 4724 4860 4812
f 4813 4868 4831
f 4870 4813 4768
f 4901 4814 4696
f 4832 4901 4696
f 4946 4917 4751
f 4751 4709 4946
f 4741 4815 4845
f 4741 4783 4815
f 4902 4783 4753
f 4871 4753 4784
f 4886 4871 4784
f 4784 4785 4886
f 4886 4712 4833
f 4687 4799 4833
f 4834 4799 4769
f 4769 4786 4834
f 4816 4834 4786
f 4788 4756 4913
f 4825 4789 4734
f 4849 4735 4757
f 4849 4757 4758
f 4828 4797 4987
f 4797 4759 4987
f 4654 4790 4867
f 4810 4809 4790
f 4830 4693 4811
f 4717 4771 4806
f 4821 4806 4745
f 4761 4822 4772
f 4890 4776 4792
f 4793 10002 4823
f 4853 4763 4824
f 4778 4824 4763
f 4913 4756 4847
f 4895 4758 4795
f 4883 4808 4827
f 4896 4883 4827
f 4828 4858 4797
f 4867 4987 4654
f 4809 4867 4790
f 4915 4811 4723
f 4844 4767 4861
f 4767 4831 4861
f 4798 4814 4870
f 4976 4946 4709
f 4709 4929 4976
f 4871 4902 4753
f 4872 4816 4787
f 4873 4906 4905
f 4817 4802 4842
f 4802 4835 4842
f 4836 4803 4780
f 4837 4888 4744
f 4878 4804 4782
f 4822 4880 4772
f 4761 4851 4889
f 4792 4793 4852
f 4853 4823 10002
f 4853 4824 4839
f 4778 4854 4824
f 4854 4705 4840
f 4807 4789 4848
f 4866 4848 4789
f 4894 4825 4794
f 4794 4826 4894
f 4941 4849 4758
f 4758 4895 4942
f 4795 4856 4895
f 4883 4882 4808
f 4859 4850 4791
f 4900 4870 4814
f 5026 4901 4832
f 4862 4799 4834
f 4904 4834 4816
f 4787 4863 4872
f 4863 4787 4873
f 4893 4906 4755
f 4755 4846 4893
f 4766 4864 4801
f 4876 4729 4877
f 4888 4877 4729
f 4838 4804 4843
f 4880 4821 4772
f 4852 4890 4792
f 4823 4891 4793
f 4770 4913 4855
f 4789 4825 4866
f 4849 4826 4735
f 4897 4896 4827
f 4857 4897 4827
f 4828 4987 4927
f 4914 4928 4850
f 5022 4859 4791
f 4760 5022 4791
f 4830 4944 4829
f 4723 9568 4915
f 4898 4915 9568
f 4901 4900 4814
f 4917 5026 4832
f 4833 4799 4956
f 4887 4956 4799
f 4904 4862 4834
f 4846 4770 4855
f 4841 4919 4764
f 4874 4841 4765
f 4864 4933 4801
f 4779 4817 4864
f 4818 4819 4993
f 4819 4876 4993
f 4837 4838 4907
f 4820 4806 4908
f 4889 4822 4761
f 4852 4793 4891
f 4854 4840 4892
f 4865 4875 4817
f 4817 4842 4865
f 4843 4804 4964
f 4878 4964 4804
f 4884 4812 4916
f 5025 4812 4860
f 4885 4860 4749
f 4861 4988 4844
f 4945 4813 4870
f 5027 4929 4845
f 4845 4815 4977
f 4930 4871 4886
f 4862 4887 4799
f 4991 4904 4816
f 4872 4991 4816
f 4947 4893 4846
f 4846 4855 4947
f 4856 4796 4986
f 5074 4867 4809
f 4914 4850 4859
f 4829 4944 4760
f 4995 4879 4820
f 4806 4821 4908
f 4880 4822 4966
f 4881 4951 4774
f 4823 4853 4911
f 4824 4854 4940
f 4891 4823 4953
f 4939 4911 4853
f 4853 4839 4939
f 4839 4824 4940
f 4840 4912 4892
f 4913 4847 5008
f 4825 4894 4925
f 4973 4986 4796
f 4796 4882 4973
f 4828 4975 4858
f 5074 4809 4810
f 4944 5022 4760
f 4988 4885 4844
f 4831 4868 4861
f 4869 4813 5045
f 4815 4783 5046
f 4931 4903 4833
f 4958 4872 4863
f 4873 4958 4863
f 4765 4801 4874
f 4864 4817 4875
f 4865 4842 4935
f 4803 4836 4937
f 4888 4837 4920
f 4843 4907 4838
f 4995 4820 4908
f 4966 4965 4880
f 4951 4909 4774
f 4825 4925 4866
f 4826 4849 4941
f 4758 4942 4941
f 4942 4895 4955
f 4986 4955 4856
f 4858 4974 4857
f 4987 4867 5096
f 5074 5096 4867
f 4884 4899 4898
f 4868 4813 4869
f 4900 4945 4870
f 4977 5027 4845
f 5046 4977 4815
f 4783 4902 5046
f 4903 4886 4833
f 4956 4931 4833
f 4957 4887 4862
f 4906 4893 4924
f 4979 4841 4874
f 4874 4801 4933
f 4836 4818 4937
f 4877 4962 4876
f 4782 4938 4878
f 4821 4922 4908
f 4821 4880 4996
f 4965 4996 4880
f 4852 4891 4910
f 4911 4953 4823
f 4854 4892 4940
f 4947 4855 4948
f 4826 4941 4926
f 4895 4856 4955
f 4883 4973 4882
f 4707 4928 4810
f 4945 5045 4813
f 4902 4871 4989
f 5083 4930 4886
f 4886 4903 5083
f 4957 4862 4904
f 4874 4933 4961
f 4935 5009 4865
f 4980 4835 4803
f 4962 4993 4876
f 4920 4877 4888
f 4964 4878 4938
f 4921 4938 4782
f 4922 5052 4908
f 4966 4822 4997
f 4822 4889 4997
f 4951 4881 4967
f 4881 4776 4967
f 4981 4967 4776
f 4776 4890 4981
f 4953 4910 4891
f 4947 4948 4960
f 4954 4925 4894
f 4894 4826 4954
f 4971 4954 4826
f 4926 4971 4826
f 4943 4896 4897
f 4897 4857 5059
f 4898 4899 9627
f 5025 4916 4812
f 5026 4900 4901
f 5046 4902 4989
f 4918 4957 4904
f 4905 4958 4873
f 4905 4906 5028
f 4949 4919 4841
f 4934 4933 4864
f 4936 4835 4950
f 4980 4950 4835
f 4920 4837 5012
f 4837 4907 5012
f 4843 5012 4907
f 5052 4995 4908
f 4996 4922 4821
f 4889 4909 4923
f 4909 4951 4923
f 4952 4890 4852
f 4970 4892 4912
f 4939 4839 4998
f 4969 4998 4839
f 4839 4940 4969
f 4970 4912 9986
f 5007 4855 4913
f 4913 5008 5007
f 4883 4896 5058
f 4943 5002 4896
f 4974 5059 4857
f 4927 4987 5021
f 5023 5022 4944
f 4811 4915 5004
f 5044 4899 4884
f 4884 4916 5044
f 5097 5025 4860
f 4860 4885 5097
f 4988 5097 4885
f 4930 4989 4871
f 5101 4918 4904
f 4958 4991 4872
f 4924 4893 4960
f 4841 4979 4949
f 4934 4864 4875
f 4875 4865 4934
f 4803 4937 4980
f 5011 4937 4818
f 4962 4877 4994
f 4877 4920 4994
f 4843 4964 4963
f 4893 4947 4960
f 5040 4848 4866
f 4941 4942 4972
f 5002 5058 4896
f 5042 4810 4928
f 4928 4914 5042
f 5024 4944 4830
f 4830 4811 5024
f 4811 5004 5078
f 5061 5004 4915
f 4976 4929 5006
f 5080 5006 4929
f 5027 5080 4929
f 5082 4989 4930
f 5083 5082 4930
f 4931 5083 4903
f 4887 4957 4990
f 4904 4991 5101
f 4958 4905 4959
f 5028 4959 4905
f 4924 5028 4906
f 4978 4932 4919
f 4961 4979 4874
f 4992 4961 4933
f 5050 4934 4865
f 4865 5009 5050
f 5032 5009 4935
f 4936 5032 4935
f 5011 4980 4937
f 4993 5011 4818
f 4963 5012 4843
f 5052 4922 5015
f 4997 4889 5037
f 4852 4910 4952
f 4982 5016 4910
f 4910 4953 4982
f 4911 4939 4968
f 4984 4969 4940
f 4940 4892 4984
f 4970 4984 4892
f 4866 4925 4999
f 5001 4926 4941
f 4972 5001 4941
f 4942 4955 4972
f 5059 4943 4897
f 4975 4828 4927
f 5078 5024 4811
f 9627 4899 5160
f 4916 5025 5127
f 5098 4945 4900
f 5026 5098 4900
f 5005 4917 4946
f 4946 4976 5005
f 5027 4977 5130
f 5047 4956 4887
f 4932 4978 9689
f 4919 4949 4978
f 5030 4992 4933
f 4933 4934 5030
f 5013 4963 4964
f 4964 4938 5013
f 4995 5035 4879
f 4890 4952 4981
f 5068 4952 4910
f 5016 5068 4910
f 5000 4999 4925
f 4925 4954 5000
f 5019 4973 4883
f 5020 5059 4974
f 4974 4858 4975
f 5074 4810 5075
f 4810 5042 5075
f 4859 5042 4914
f 4869 4861 4868
f 4917 5063 5026
f 5006 5005 4976
f 5046 4989 5165
f 4931 4956 5047
f 4990 5047 4887
f 4991 4958 4959
f 4948 4855 5048
f 5007 5048 4855
f 4992 4979 4961
f 4993 4962 5051
f 5051 4962 4994
f 5036 4965 4966
f 4966 4997 5036
f 5122 4923 4951
f 4953 5053 5070
f 4953 4968 5053
f 4998 4968 4939
f 4998 4969 4983
f 4984 4983 4969
f 4984 4970 5017
f 9986 5106 4970
f 4999 5040 4866
f 5057 4985 4971
f 4971 4926 5057
f 4926 5001 5057
f 4975 5020 4974
f 5024 5023 4944
f 5003 5024 5078
f 5044 5043 4899
f 4945 5183 5045
f 5063 5143 5026
f 5081 5130 4977
f 4989 5082 5165
f 4959 5201 4991
f 9689 4978 5085
f 5065 4949 4979
f 4934 5050 5031
f 5009 5117 5050
f 4950 4980 5010
f 4920 5012 5188
f 5013 4938 5136
f 4921 5137 4938
f 5035 5014 4879
f 5035 4995 5066
f 5066 4995 5052
f 4965 5090 4996
f 4951 4967 5038
f 5038 4967 4981
f 4999 5000 5041
f 5072 5000 4954
f 4971 4985 4954
f 4972 4955 5226
f 5058 5019 4883
f 5058 5002 5073
f 4943 5073 5002
f 5096 5021 4987
f 5043 5160 4899
f 5163 5097 4988
f 5062 5114 4861
f 5062 4861 4869
f 5045 5062 4869
f 5005 5063 4917
f 5081 4977 5046
f 5083 4931 5084
f 4931 5047 5084
f 4990 4957 5115
f 4918 5115 4957
f 5028 4924 5116
f 4924 4960 5102
f 4948 5132 4960
f 5029 4978 4949
f 4979 4992 5065
f 4934 5031 5030
f 5032 4936 5033
f 4980 5011 5010
f 5173 5011 4993
f 5051 5173 4993
f 5118 5051 4994
f 4994 4920 5088
f 5188 5088 4920
f 5034 5012 4963
f 5013 5034 4963
f 4922 4996 5090
f 5037 5121 4997
f 5038 5122 4951
f 4981 4952 5039
f 4968 4998 5054
f 4998 4983 5054
f 4983 4984 5054
f 5055 5054 4984
f 4984 5017 5071
f 5017 4970 5106
f 4848 5040 5056
f 5041 5040 4999
f 5018 5057 5001
f 5001 4972 5018
f 5042 4859 5076
f 5181 5004 5061
f 5114 5163 4988
f 4988 4861 5114
f 5098 5183 4945
f 5027 5130 5129
f 5084 5047 5218
f 5101 4991 5201
f 5102 5116 4924
f 5007 5008 5048
f 5108 5048 5008
f 5008 9704 5108
f 5086 5085 4978
f 4978 5029 5086
f 5064 5029 4949
f 5065 5064 4949
f 5087 5117 5009
f 4936 4950 5033
f 5147 5033 4950
f 5089 5188 5012
f 5034 5089 5012
f 5136 4938 5137
f 5137 4921 5145
f 5035 9998 5014
f 5090 5015 4922
f 5036 4997 5121
f 4923 5122 5037
f 5039 5091 4981
f 4984 5071 5055
f 5093 5071 5017
f 5106 5093 5017
f 5106 9986 5194
f 5041 5000 5094
f 4954 4985 5072
f 4986 4973 5110
f 5059 5020 5180
f 4927 5021 5198
f 5125 5076 4859
f 4859 5022 5112
f 5022 5023 5112
f 5126 5112 5023
f 5060 5078 5004
f 5160 5061 9627
f 5183 5128 5045
f 5143 5216 5098
f 5026 5143 5098
f 5185 5080 5027
f 5028 5166 4959
f 5168 5132 4948
f 5168 4948 5048
f 5146 5086 5029
f 5049 5065 4992
f 4992 5030 5049
f 5031 5049 5030
f 5032 5087 5009
f 5134 5147 4950
f 4950 5010 5134
f 5011 5134 5010
f 5118 5173 5051
f 9998 5035 5104
f 5052 5149 5066
f 5208 4965 5036
f 5121 5208 5036
f 5122 5067 5037
f 4981 5091 5038
f 5016 4982 5123
f 5072 5109 5000
f 5212 4955 4986
f 4973 5019 5178
f 5180 4943 5059
f 5021 5096 5159
f 5024 5003 5077
f 5181 5060 5004
f 5141 5127 5025
f 5062 5045 5128
f 5005 5006 5079
f 5027 5129 5185
f 5100 5047 4990
f 5100 4990 5115
f 5132 5102 4960
f 5204 5031 5050
f 5050 5117 5204
f 5088 5118 4994
f 5034 5013 5119
f 5052 5015 5149
f 4965 5208 5189
f 5150 5121 5037
f 5123 5068 5016
f 4982 5070 5069
f 5070 5053 5105
f 5053 5092 5105
f 5055 5092 5054
f 9706 5056 9705
f 5041 5094 5138
f 5094 5000 5095
f 5109 5095 5000
f 4985 5057 5177
f 5018 5177 5057
f 5226 5018 4972
f 5110 5212 4986
f 5178 5110 4973
f 4943 5180 5197
f 5075 5111 5074
f 5076 5075 5042
f 5077 5023 5024
f 5061 5160 5140
f 5182 5043 5044
f 5097 5163 5142
f 5128 5253 5062
f 5255 5079 5006
f 5165 5099 5046
f 5083 5084 5322
f 5200 5131 4918
f 4918 5101 5200
f 5166 5201 4959
f 5064 5146 5029
f 5064 5065 5049
f 5087 5032 5172
f 5120 5104 5035
f 5035 5066 5120
f 5207 5149 5015
f 5015 5090 5207
f 5090 4965 5189
f 5037 5067 5150
f 5190 5122 5038
f 5038 5091 5190
f 5069 5070 5152
f 5105 5152 5070
f 5092 5055 5107
f 5055 5071 5153
f 5072 4985 5156
f 5058 5073 5179
f 5198 5021 5159
f 5111 5096 5074
f 5112 5125 4859
f 5003 5078 5113
f 5060 5113 5078
f 5272 5114 5062
f 5253 5272 5062
f 5099 5081 5046
f 5100 5218 5047
f 5132 5221 5102
f 5103 5085 5170
f 5172 5187 5087
f 5134 5011 5233
f 5118 5088 5148
f 5089 5034 5135
f 5013 5136 5119
f 5120 5066 5149
f 5151 5039 4952
f 5107 5105 5092
f 5153 5107 5055
f 5041 5154 5040
f 5138 5094 5124
f 5094 5095 5124
f 5177 5156 4985
f 5019 5058 5157
f 5139 5157 5058
f 5198 4975 4927
f 5061 5140 5181
f 5161 5182 5127
f 5162 5141 5025
f 5025 5097 5162
f 5097 5142 5162
f 5183 5098 5403
f 5216 5403 5098
f 5131 5115 4918
f 5101 5201 5220
f 5028 5116 5186
f 5132 5168 5133
f 5170 5145 5103
f 5146 5064 5171
f 5117 5087 5187
f 5188 5148 5088
f 4952 5068 5151
f 5068 5123 5209
f 5153 5071 5175
f 5093 5106 5193
f 5194 5193 5106
f 5093 5175 5071
f 5108 9705 5144
f 5056 5040 5154
f 5138 5211 5041
f 5124 5095 5155
f 5058 5179 5139
f 5073 4943 5158
f 5043 5182 5215
f 5080 5255 5006
f 5116 5102 5167
f 5221 5167 5102
f 5132 5133 5323
f 5086 5170 5085
f 5172 5032 5033
f 5189 5207 5090
f 5189 5208 5297
f 5224 5208 5121
f 5150 5224 5121
f 5151 5235 5039
f 5174 5068 5209
f 5209 5123 5210
f 5123 5069 5191
f 5152 5191 5069
f 5158 5179 5073
f 5158 4943 5197
f 5076 5111 5075
f 5126 5023 5250
f 5023 5077 5250
f 5060 5181 5229
f 5127 5141 5161
f 5164 5143 5063
f 5130 5185 5129
f 5256 5099 5165
f 5082 5083 5199
f 5322 5199 5083
f 5115 5131 5274
f 5220 5200 5101
f 5166 5028 5186
f 5186 5116 5167
f 5168 5048 5169
f 5187 5204 5117
f 5033 5147 5232
f 5134 5205 5147
f 5011 5173 5233
f 5089 5135 5188
f 5119 5136 5206
f 5235 5091 5039
f 5152 5107 5192
f 5107 5153 5192
f 5211 5138 5267
f 5195 5267 5138
f 5239 5195 5138
f 5124 5239 5138
f 5155 5176 5124
f 5177 5018 5247
f 4955 5212 5226
f 5019 5157 5268
f 4975 5213 5020
f 5159 5096 5333
f 5111 5333 5096
f 5125 5228 5076
f 5112 5214 5125
f 5304 5077 5003
f 5003 5113 5304
f 5160 5043 5215
f 5141 5162 5161
f 5143 5184 5216
f 5164 5184 5143
f 5164 5063 5005
f 5256 5081 5099
f 5165 5082 5217
f 5218 5241 5084
f 5100 5115 5274
f 5048 5108 5169
f 5203 5169 5108
f 5294 5258 5145
f 5145 5170 5294
f 5146 5171 5278
f 5172 5033 5326
f 5205 5232 5147
f 5233 5173 5296
f 5148 5173 5118
f 5148 5188 5222
f 5206 5135 5034
f 5034 5119 5206
f 5206 5136 5137
f 5120 5149 5261
f 5207 5261 5149
f 5150 5067 5224
f 5174 5151 5068
f 5192 5153 5175
f 5193 5236 5093
f 5154 5041 5211
f 5239 5124 5176
f 5176 5155 5196
f 5072 5156 5240
f 5247 5018 5226
f 5212 5110 5288
f 5214 5228 5125
f 5140 5160 5291
f 5215 5291 5160
f 5163 5114 5272
f 5273 5253 5128
f 5255 5309 5079
f 5322 5084 5241
f 5131 5200 5257
f 5201 5166 5202
f 5166 5186 5276
f 5167 5221 5242
f 5323 5221 5132
f 5133 5168 5169
f 5108 5144 5203
f 5294 5170 5231
f 5170 5086 5231
f 5259 5231 5086
f 5086 5146 5259
f 5204 5278 5171
f 5326 5033 5232
f 5205 5134 5295
f 5233 5295 5134
f 5148 5296 5173
f 5135 5206 5243
f 5145 5223 5137
f 5120 9995 5104
f 5298 5224 5067
f 5067 5122 5298
f 5122 5190 5298
f 5244 5192 5175
f 5175 5093 5244
f 5193 5194 5266
f 9705 5056 5324
f 5154 5324 5056
f 5211 5324 5154
f 5225 5196 5155
f 5240 5155 5095
f 5095 5109 5240
f 5156 5177 5247
f 5178 5019 5331
f 5139 5179 5227
f 4975 5198 5213
f 5251 5250 5077
f 5229 5181 5305
f 5181 5140 5305
f 5182 5161 5270
f 5128 5183 5273
f 5309 5005 5079
f 5419 5080 5185
f 5185 5130 5419
f 5292 5130 5081
f 5217 5082 5199
f 5218 5100 5219
f 5274 5219 5100
f 5220 5275 5200
f 5166 5276 5202
f 5167 5276 5186
f 5187 5172 5313
f 5172 5326 5279
f 5188 5135 5222
f 5206 5137 5223
f 5258 5223 5145
f 9995 5120 5282
f 5207 5189 5234
f 5190 5091 5298
f 5262 5298 5091
f 5235 5262 5091
f 5299 5235 5151
f 5209 5210 5263
f 5210 5191 5264
f 5244 5264 5191
f 5191 5192 5244
f 5236 5244 5093
f 5072 5240 5109
f 5268 5331 5019
f 5157 5139 5268
f 5227 5268 5139
f 5249 5179 5158
f 5369 5289 5197
f 5180 5369 5197
f 5159 5333 5446
f 5112 5126 5303
f 5060 5229 5113
f 5335 5305 5140
f 5162 5142 5307
f 5308 5142 5163
f 5273 5183 5403
f 5131 5257 5274
f 5275 5257 5200
f 5202 5220 5201
f 5167 5242 5277
f 5203 5144 5349
f 5238 5349 5144
f 5259 5146 5377
f 5278 5377 5146
f 5279 5313 5172
f 5261 5282 5120
f 5208 5224 5283
f 5284 5174 5209
f 5209 5263 5284
f 5264 5263 5210
f 5236 5193 5237
f 5266 5237 5193
f 5239 5351 5195
f 5245 5176 5196
f 5196 5225 5245
f 5248 5247 5226
f 5368 5249 5158
f 5158 5197 5401
f 5289 5401 5197
f 5213 5180 5020
f 5303 5214 5112
f 5077 5304 5251
f 5161 5162 5307
f 5163 5272 5308
f 5184 5254 5216
f 5419 5130 5292
f 5218 5219 5241
f 5310 5242 5221
f 5323 5310 5221
f 5133 5169 5230
f 5204 5187 5278
f 5232 5205 5260
f 5148 5222 5280
f 5222 5135 5243
f 5314 5281 5223
f 5258 5314 5223
f 5234 5261 5207
f 5234 5189 5297
f 5283 5297 5208
f 5302 5245 5225
f 5246 5302 5225
f 5225 5155 5246
f 5155 5240 5246
f 5288 5248 5226
f 5226 5212 5288
f 5227 5179 5344
f 5249 5344 5179
f 5333 5111 5318
f 5111 5076 5318
f 5290 5113 5229
f 5252 5335 5140
f 5140 5291 5252
f 5306 5215 5182
f 5182 5270 5306
f 5403 5216 5418
f 5309 5164 5005
f 5420 5292 5081
f 5081 5256 5388
f 5293 5220 5202
f 5260 5326 5232
f 5297 5283 5354
f 5235 5299 5262
f 5244 5236 5301
f 5237 5301 5236
f 5324 5349 5238
f 5324 5211 5350
f 5267 5350 5211
f 5287 5240 5156
f 5110 5178 5429
f 5076 5228 5318
f 5305 5290 5229
f 5291 5215 5269
f 5215 5306 5269
f 5308 5307 5142
f 5273 5336 5253
f 5164 5309 5373
f 5241 5219 5449
f 5276 5167 5347
f 5310 5277 5242
f 5323 5133 5311
f 5133 5230 5311
f 5313 5353 5187
f 5280 5296 5148
f 5281 5243 5206
f 5206 5223 5281
f 5330 5283 5224
f 5330 5224 5362
f 5151 5174 5299
f 5301 5264 5244
f 5266 5265 5237
f 5169 5203 5230
f 5339 5230 5203
f 5349 5339 5203
f 5239 5176 5341
f 5176 5245 5341
f 5285 9607 5245
f 5245 5302 5285
f 5246 5240 5286
f 5156 5247 5287
f 5247 5248 5316
f 5248 5288 5316
f 5178 5331 5429
f 5268 5227 5344
f 5400 5368 5158
f 5158 5401 5400
f 5332 5369 5180
f 5213 5332 5180
f 5446 5198 5159
f 5319 5250 5251
f 5290 5304 5113
f 5309 5255 5387
f 5255 5080 5387
f 5358 5387 5080
f 5256 5165 5337
f 5450 5449 5219
f 5293 5202 5347
f 5202 5276 5347
f 5277 5347 5167
f 5258 5294 5312
f 5294 5231 5352
f 5231 5259 5352
f 5278 5187 5353
f 5280 5222 5327
f 5243 5327 5222
f 5314 5258 5312
f 5282 5261 5380
f 5234 5297 5328
f 5298 5362 5224
f 5356 5284 5263
f 5300 5356 5263
f 5264 5300 5263
f 5351 5454 5195
f 5351 5239 5340
f 5239 5341 5340
f 5240 5287 5286
f 5316 5287 5247
f 5288 5110 5398
f 5345 5318 5228
f 5413 5303 5126
f 5126 5250 5413
f 5290 5305 5334
f 5164 5254 5184
f 5277 5310 5359
f 5311 5230 5338
f 5278 5353 5377
f 5380 5261 5234
f 5283 5330 5329
f 5174 5284 5355
f 5264 5301 5300
f 5301 5237 5397
f 5265 5397 5237
f 5267 5195 5350
f 5454 5350 5195
f 5316 5286 5287
f 5344 5249 5317
f 5249 5368 5317
f 5251 5304 5370
f 5507 5252 5291
f 5271 5306 5270
f 5272 5253 5321
f 5469 5253 5336
f 5080 5419 5358
f 5081 5388 5420
f 5374 5337 5165
f 5322 5241 5404
f 5257 5389 5274
f 5377 5393 5259
f 5205 5378 5260
f 5205 5295 5379
f 9995 5282 5443
f 5380 5443 5282
f 5328 5380 5234
f 5328 5297 5354
f 5356 5355 5284
f 5397 5300 5301
f 5266 9997 5265
f 5343 5285 5302
f 5286 5343 5302
f 5302 5246 5286
f 5286 5316 5315
f 5110 5429 5398
f 5228 5214 5345
f 5304 5290 5370
f 5305 5335 5334
f 5269 5507 5291
f 5415 5271 5307
f 5307 5308 5320
f 5308 5272 5321
f 5469 5321 5253
f 5254 5418 5216
f 5386 5373 5309
f 5217 5374 5165
f 5449 5404 5241
f 5257 5275 5500
f 5220 5500 5275
f 5312 5294 5325
f 5313 5279 5360
f 5279 5326 5360
f 5260 5394 5326
f 5312 5281 5314
f 5362 5298 5427
f 5396 5355 5356
f 5265 5428 5397
f 9607 5285 5342
f 5343 5342 5285
f 5366 5315 5316
f 5316 5288 5366
f 5398 5366 5288
f 5214 5303 5402
f 5303 5413 5402
f 5319 5413 5250
f 5319 5251 5385
f 5251 5370 5385
f 5435 5335 5252
f 5309 5387 5386
f 5581 5374 5217
f 5199 5581 5217
f 5219 5274 5375
f 5389 5375 5274
f 5257 5500 5389
f 5348 5438 5323
f 5323 5311 5348
f 5339 5338 5230
f 5453 5349 5324
f 5350 5492 5324
f 5351 5421 5454
f 5312 5325 5392
f 5294 5352 5325
f 5393 5352 5259
f 5326 5394 5360
f 5378 5394 5260
f 5443 5425 9995
f 5380 5328 5361
f 5410 5262 5299
f 5268 5399 5331
f 5317 5368 5367
f 5333 5318 5446
f 5346 5370 5290
f 5371 5346 5290
f 5334 5371 5290
f 5320 5415 5307
f 5256 5337 5388
f 5450 5219 5375
f 5347 5277 5451
f 5359 5451 5277
f 5438 5405 5310
f 5310 5323 5438
f 5339 5349 5390
f 5341 9607 5363
f 5295 5233 5379
f 5424 5233 5296
f 5424 5296 5514
f 5408 5243 5281
f 5361 5328 5395
f 5328 5354 5395
f 5329 5354 5283
f 5362 5329 5330
f 5545 5298 5262
f 5299 5174 5473
f 5174 5355 5473
f 5397 5381 5300
f 5364 5382 5342
f 5342 5343 5364
f 5383 5364 5343
f 5286 5383 5343
f 5286 5315 5365
f 5331 5399 5429
f 5268 5344 5399
f 5431 5332 5213
f 5384 5431 5213
f 5213 5198 5384
f 5446 5384 5198
f 5345 5214 5402
f 5465 5413 5319
f 5319 5385 5465
f 5269 5306 5468
f 5271 5415 5372
f 5320 5308 5416
f 5308 5321 5416
f 5417 5416 5321
f 5373 5254 5164
f 5322 5404 5569
f 5293 5347 5595
f 5557 5595 5347
f 5451 5557 5347
f 5311 5338 5570
f 5390 5349 5453
f 5453 5324 5492
f 5350 5454 5357
f 5340 5422 5421
f 5421 5351 5340
f 5325 5352 5440
f 5352 5393 5440
f 5360 5441 5313
f 5423 5394 5378
f 5233 5424 5379
f 5296 5280 5514
f 5281 5312 5408
f 5354 5409 5395
f 5354 5329 5409
f 5473 5410 5299
f 5396 5356 5474
f 5357 5492 5350
f 5391 5341 5363
f 9607 5342 5363
f 5382 5363 5342
f 5365 5383 5286
f 5344 5317 5445
f 5317 5367 5445
f 5370 5346 5467
f 5484 5371 5334
f 5435 5484 5334
f 5334 5335 5435
f 5468 5507 5269
f 5306 5436 5468
f 5321 5469 5417
f 5273 5508 5336
f 5418 5254 5470
f 5387 5358 5437
f 5488 5358 5419
f 5471 5420 5388
f 5359 5310 5376
f 5310 5405 5376
f 5510 5348 5311
f 5392 5408 5312
f 5393 5377 5490
f 5441 5353 5313
f 5458 5378 5205
f 5379 5458 5205
f 5456 5514 5280
f 5280 5327 5459
f 5408 5327 5243
f 5356 5300 5381
f 5452 5570 5338
f 5339 5452 5338
f 5463 5365 5315
f 5315 5366 5444
f 5399 5344 5445
f 5368 5400 5430
f 5412 5401 5289
f 5289 5369 5412
f 5369 5332 5412
f 5446 5318 5432
f 5432 5318 5464
f 5370 5434 5385
f 5370 5467 5434
f 5346 5414 5467
f 5346 5371 5414
f 5507 5435 5252
f 5508 5469 5336
f 5254 5373 5470
f 5569 5404 5509
f 5375 5389 5499
f 5472 5451 5359
f 5359 5376 5472
f 5440 5392 5325
f 5490 5377 5406
f 5377 5353 5406
f 5406 5353 5491
f 5407 5441 5360
f 5456 5280 5459
f 5327 5408 5459
f 5443 5380 5426
f 5262 5410 5545
f 5526 5473 5355
f 5355 5396 5526
f 5381 5474 5356
f 9997 5428 5265
f 5365 5364 5383
f 5398 5444 5366
f 5430 5367 5368
f 5332 5431 5412
f 5318 5345 5464
f 5414 5371 5538
f 5320 5416 5608
f 5273 5403 5508
f 5437 5386 5387
f 5388 5337 5542
f 5337 5374 5645
f 5581 5199 5582
f 5448 5322 5569
f 5390 5452 5339
f 5363 5439 5391
f 5360 5394 5407
f 5423 5407 5394
f 5361 5426 5380
f 5545 5427 5298
f 5474 5526 5396
f 5381 5397 5442
f 5397 5428 5442
f 5428 9997 9985
f 5315 5444 5463
f 5411 5429 5399
f 5445 5411 5399
f 5400 5401 5535
f 5401 5412 5535
f 5496 5431 5384
f 5433 5464 5345
f 5345 5402 5433
f 5465 5385 5466
f 5538 5371 5484
f 5579 5468 5436
f 5518 5508 5403
f 5418 5518 5403
f 5373 5386 5470
f 5489 5488 5419
f 5489 5419 5292
f 5471 5292 5420
f 5448 5582 5199
f 5322 5448 5199
f 5404 5449 5509
f 5220 5293 5648
f 5595 5648 5293
f 5491 5353 5441
f 5423 5378 9558
f 5458 9558 5378
f 5515 5459 5408
f 5502 5409 5329
f 5329 5362 5502
f 5382 5364 5493
f 5364 5365 5462
f 5481 5535 5412
f 5412 5431 5481
f 5402 5413 5433
f 5447 5433 5413
f 5465 5447 5413
f 5434 5466 5385
f 5483 5467 5414
f 5435 5507 5485
f 5608 5415 5320
f 5610 5471 5388
f 5542 5610 5388
f 5570 5510 5311
f 5363 5455 5461
f 5490 5530 5440
f 5440 5393 5490
f 5407 5423 5457
f 5424 5458 5379
f 5443 5477 5425
f 5427 5502 5362
f 5442 5428 5476
f 9985 5476 5428
f 5462 5493 5364
f 5365 5463 5462
f 5479 5444 5398
f 5494 5479 5398
f 5429 5494 5398
f 5495 5400 5535
f 5496 5481 5431
f 5482 5447 5465
f 5483 5414 5538
f 5485 5484 5435
f 5486 5579 5436
f 5436 5372 5486
f 5517 5608 5416
f 5555 5417 5469
f 5437 5358 5594
f 5684 5449 5450
f 5389 5500 5556
f 5452 5390 5562
f 5563 5422 5340
f 5439 5563 5340
f 5363 5461 5439
f 5458 5424 5512
f 5460 5515 5408
f 5443 5426 5618
f 5474 5381 5475
f 5381 5442 5475
f 5604 5475 5442
f 5476 5604 5442
f 5477 5443 5618
f 5529 5426 5361
f 5361 5395 5529
f 5478 5529 5395
f 5493 5504 5382
f 5522 5462 5463
f 5367 5430 5524
f 5495 5430 5400
f 5384 5446 5506
f 5432 5506 5446
f 5567 5434 5467
f 5485 5507 5712
f 5372 5415 5626
f 5498 5416 5417
f 5470 5487 5418
f 5389 5556 5499
f 5562 5570 5452
f 5520 5453 5492
f 5521 5357 5454
f 5421 5521 5454
f 5422 5584 5421
f 5455 5677 5461
f 5392 5460 5408
f 5490 5406 5501
f 5395 5409 5478
f 5577 5410 5473
f 5392 5440 5511
f 5440 5530 5511
f 5491 5501 5406
f 5407 5457 5559
f 9558 5559 5457
f 5456 5459 5770
f 5515 5770 5459
f 5503 5455 5504
f 5547 5504 5493
f 5534 5494 5429
f 5523 5534 5429
f 5429 5411 5523
f 5480 5411 5445
f 5524 5480 5445
f 5524 5445 5367
f 5432 5464 5497
f 5567 5467 5483
f 5484 5485 5525
f 5508 5555 5469
f 5487 5518 5418
f 5437 5519 5386
f 5645 5542 5337
f 5684 5509 5449
f 5648 5500 5220
f 5628 5405 5438
f 5438 5348 5596
f 5475 5560 5474
f 5528 5604 5476
f 5409 5502 5633
f 5427 5545 5676
f 5533 5547 5493
f 5463 5444 5522
f 5411 5480 5523
f 5535 5481 5505
f 5481 5496 5505
f 5506 5496 5384
f 5432 5497 5506
f 5464 5433 9646
f 5558 9646 5433
f 5485 5712 5539
f 5579 5486 5540
f 5486 5372 5607
f 5372 5626 5607
f 5626 5415 5608
f 5555 5498 5417
f 5541 5487 5470
f 5471 5489 5292
f 5450 5375 5684
f 5375 5499 5776
f 5472 5557 5451
f 5405 5472 5376
f 5596 5628 5438
f 5501 5530 5490
f 5491 5441 5602
f 5770 5514 5456
f 5453 5520 5390
f 5520 5492 5752
f 5357 5752 5492
f 5521 5421 5584
f 5546 5677 5455
f 5531 5546 5455
f 5455 5503 5531
f 5504 5547 5532
f 5480 5524 5549
f 5495 5524 5430
f 5505 5496 5551
f 5506 5551 5496
f 9646 5497 5464
f 5447 5558 5433
f 5466 5434 5553
f 5538 5484 5525
f 5539 5525 5485
f 5697 5507 5468
f 5508 5518 5627
f 5580 5488 5489
f 5569 5583 5448
f 5647 5776 5499
f 5500 5648 5556
f 5597 5596 5348
f 5348 5510 5597
f 5562 5390 5520
f 5573 5460 5392
f 5511 5573 5392
f 5602 5501 5491
f 5512 5424 5513
f 5424 5514 5513
f 5618 5561 5477
f 5427 5633 5502
f 5661 5545 5410
f 5577 5661 5410
f 5543 5473 5526
f 5527 5526 5474
f 5560 5527 5474
f 5476 9985 5528
f 5584 5422 5611
f 5563 5611 5422
f 5563 5439 5564
f 5461 5564 5439
f 5503 5504 5532
f 5493 5462 5533
f 5462 5522 5533
f 5479 5522 5444
f 5590 5589 5535
f 5535 5505 5590
f 5550 5590 5505
f 5551 5550 5505
f 5506 5497 5552
f 5606 5447 5482
f 5466 5606 5482
f 5567 5553 5434
f 5507 5697 5712
f 5644 5518 5487
f 5489 5471 5580
f 5581 5645 5374
f 5562 5629 5570
f 9558 5458 5614
f 5614 5458 5512
f 5516 5515 5460
f 5633 5478 5409
f 5577 5473 5543
f 5560 5475 5616
f 5475 5604 5616
f 5528 9985 5544
f 5511 5530 5574
f 5441 5407 5688
f 5603 5559 9558
f 5770 5515 5516
f 5471 5610 5580
f 5509 5646 5569
f 5684 5375 5776
f 5595 5557 5739
f 5557 5472 5650
f 5565 5533 5522
f 5522 5479 5565
f 5479 5494 5565
f 5534 5523 5548
f 5549 5523 5480
f 5552 5551 5506
f 5497 9646 5536
f 5567 5483 5554
f 5711 5554 5483
f 5538 5711 5483
f 5579 5697 5468
f 5579 5540 5625
f 5527 5575 5526
f 5426 5529 5719
f 5529 5478 5719
f 5676 5633 5427
f 5530 5501 5652
f 5688 5602 5441
f 5654 5407 5559
f 5614 5603 9558
f 5564 5461 5586
f 5677 5586 5461
f 5531 5503 5679
f 5533 5565 5598
f 5534 5587 5494
f 5534 5548 5566
f 5523 5549 5548
f 5549 5524 5588
f 5524 5495 5589
f 5495 5535 5589
f 5590 5550 5591
f 5550 5551 5601
f 5536 5552 5497
f 5578 5537 5447
f 5606 5578 5447
f 5711 5538 5525
f 5607 5540 5486
f 5608 5517 5672
f 5517 5416 5498
f 5508 5627 5555
f 5568 5627 5518
f 5714 5541 5470
f 5519 5714 5470
f 5470 5386 5519
f 5519 5437 5593
f 5488 5594 5358
f 5582 5448 5583
f 5646 5509 5715
f 5556 5648 5699
f 5405 5650 5472
f 5675 5597 5510
f 5575 5543 5526
f 5604 5528 5617
f 5544 5617 5528
f 5605 5576 5544
f 5544 5561 5605
f 5618 5426 5703
f 5719 5703 5426
f 5752 5705 5520
f 5565 5494 5587
f 5566 5587 5534
f 9612 5548 5549
f 5549 5588 9612
f 5622 5588 5524
f 5524 5589 5622
f 5590 5591 5641
f 5591 5550 5601
f 5552 5601 5551
f 5568 5518 5644
f 5628 5596 5716
f 5716 5596 5597
f 5570 5675 5510
f 5537 5572 5558
f 5573 5511 5574
f 5501 5602 5613
f 5688 5407 5654
f 5603 5654 5559
f 5513 5514 5656
f 5516 5460 5657
f 5577 5543 5658
f 5560 5616 5615
f 5576 5617 5544
f 5752 5357 5521
f 5781 5752 5521
f 5584 5634 5521
f 5533 5598 5547
f 9612 5566 5548
f 9612 5588 9614
f 5592 5606 5466
f 5553 5592 5466
f 5758 5553 5567
f 5525 5539 5682
f 5437 5594 5593
f 5738 5715 5509
f 5684 5738 5509
f 5499 5556 5647
f 5674 5650 5405
f 5571 5572 5668
f 5572 5537 5668
f 5652 5574 5530
f 5585 5652 5501
f 5585 5501 5613
f 5602 5688 5653
f 5513 5614 5512
f 5631 5527 5560
f 5615 5631 5560
f 5618 5686 5561
f 5719 5478 5704
f 5661 5676 5545
f 5687 5661 5577
f 5668 9647 5571
f 5592 5553 5643
f 5554 5758 5567
f 5712 5671 5539
f 5517 5498 5672
f 5609 5487 5541
f 5519 5593 5673
f 5818 5580 5610
f 5582 5583 5751
f 5628 5674 5405
f 5675 5570 5629
f 5611 5634 5584
f 5513 5656 5769
f 5770 5656 5514
f 5532 5689 5503
f 5587 5566 5599
f 5566 9612 5600
f 5622 9614 5588
f 5641 5589 5590
f 5591 5601 5623
f 5601 5552 5624
f 5617 5632 5604
f 5605 5561 5686
f 5633 5704 5478
f 5658 5687 5577
f 5669 5668 5537
f 5606 5592 5696
f 5670 5682 5539
f 5593 5594 5737
f 5488 5737 5594
f 5646 5583 5569
f 5699 5647 5556
f 5629 5562 5651
f 5520 5651 5562
f 5546 5531 5612
f 5689 5679 5503
f 5532 5547 5619
f 5636 5619 5547
f 5636 5547 5598
f 5587 5598 5565
f 5600 5599 5566
f 5621 9613 9614
f 5622 5621 9614
f 5589 5641 5664
f 5623 5666 5641
f 5641 5591 5623
f 5653 5613 5602
f 5654 5603 5655
f 5630 5657 5573
f 5616 5604 5660
f 5632 5660 5604
f 5668 5667 9647
f 5669 5537 5578
f 5578 5606 5696
f 5758 5733 5553
f 5758 5554 5734
f 5554 5711 5734
f 5670 5539 5671
f 5579 5625 5697
f 5713 5625 5540
f 5773 5713 5607
f 5607 5626 5773
f 5608 5672 5683
f 5555 5672 5498
f 5644 5487 5609
f 5609 5541 5698
f 5542 5645 5793
f 5583 5646 5760
f 5649 5648 5595
f 5595 5739 5649
f 5650 5739 5557
f 5597 5675 5761
f 5705 5651 5520
f 5781 5521 5753
f 5634 5753 5521
f 9739 5634 5611
f 5564 5586 5782
f 5677 5546 5706
f 5689 5532 5635
f 5532 5619 5635
f 5620 5598 5587
f 5587 5599 5620
f 5621 5637 9613
f 5621 5622 5640
f 5622 5589 5664
f 5624 5623 5601
f 5574 5630 5573
f 5527 5631 5575
f 5659 5742 5615
f 5615 5616 5659
f 5616 5660 5659
f 5797 5632 5617
f 5686 5618 5703
f 5676 5812 5633
f 5612 5706 5546
f 5678 5612 5531
f 5531 5679 5678
f 5620 5636 5598
f 5620 5599 5662
f 5599 5600 9593
f 5600 5680 9593
f 5680 9613 5637
f 5637 5621 5638
f 5639 5638 5621
f 5621 5640 5639
f 5664 5640 5622
f 5624 5642 5623
f 5624 9647 5667
f 5694 5668 5669
f 5669 5578 5695
f 5643 5696 5592
f 5643 5553 5733
f 5626 5608 5773
f 5555 5627 5807
f 5644 5749 5568
f 5541 5714 5698
f 5580 5737 5488
f 5740 5674 5628
f 5761 5716 5597
f 5675 5629 5700
f 5651 5700 5629
f 5652 5585 5722
f 5585 5613 5723
f 5654 5767 5688
f 5657 5770 5516
f 5765 5658 5543
f 5543 5575 5765
f 5685 5575 5631
f 5576 5797 5617
f 5812 5720 5633
f 5676 5661 5812
f 5705 5701 5651
f 5782 9739 5564
f 5782 5586 5725
f 5677 5725 5586
f 5662 5636 5620
f 9593 5662 5599
f 5637 5726 5680
f 5637 5638 5690
f 5663 5638 5639
f 5664 5641 5665
f 5666 5665 5641
f 5692 5665 5666
f 5666 5623 5692
f 5642 5692 5623
f 5693 5642 5624
f 5710 5694 5669
f 5734 5711 5805
f 5711 5525 5759
f 5525 5682 5759
f 5682 5670 5806
f 5671 5712 5791
f 5697 5625 5735
f 5608 5683 5773
f 5749 5644 5736
f 5673 5714 5519
f 5715 5760 5646
f 5826 5699 5648
f 5648 5649 5826
f 5716 5740 5628
f 5723 5613 5743
f 5653 5743 5613
f 5811 5631 5615
f 5615 5742 5811
f 5720 5704 5633
f 5687 5812 5661
f 5630 5574 5800
f 5721 5800 5574
f 5574 5652 5721
f 5723 5763 5585
f 5688 5813 5653
f 5654 5655 5767
f 5717 5767 5655
f 5513 5769 5718
f 5770 5657 5724
f 5679 5689 5744
f 5636 5662 5707
f 5624 5667 5693
f 5681 5693 5667
f 5667 5668 5681
f 5694 5710 5772
f 5695 5710 5669
f 5696 5695 5578
f 5696 5643 5748
f 5733 5748 5643
f 5774 5807 5627
f 5737 5580 5775
f 5818 5610 5542
f 5581 5582 5853
f 5650 5674 5933
f 5701 5700 5651
f 9737 5753 5634
f 5575 5685 5765
f 5631 5811 5685
f 5659 5660 5702
f 5652 5722 5721
f 5614 5513 5764
f 5718 5764 5513
f 5656 5770 5796
f 5657 5630 5799
f 9594 5635 5619
f 5707 5619 5636
f 9593 5680 5708
f 5726 5708 5680
f 5690 5726 5637
f 5690 5638 5709
f 5638 5663 5709
f 5691 5709 5663
f 5692 5642 5730
f 5731 5730 5642
f 5693 5731 5642
f 5681 5694 5747
f 5671 5791 5670
f 5712 5697 5735
f 5807 5842 5555
f 5609 5736 5644
f 5750 5673 5593
f 5737 5750 5593
f 5775 5580 5948
f 5853 5582 5751
f 5776 5738 5684
f 5753 9737 5741
f 5585 5763 5762
f 5813 5688 5767
f 5799 5724 5657
f 9737 9739 9740
f 5725 5677 5756
f 5706 5756 5677
f 5679 5744 5823
f 5726 5690 5727
f 5690 5709 5745
f 5691 5665 5728
f 5665 5692 5729
f 5730 5729 5692
f 5681 5732 5693
f 5694 5772 5747
f 5625 5713 5841
f 5842 5672 5555
f 5627 5568 5774
f 5645 5581 5809
f 5933 5739 5650
f 5740 5933 5674
f 5754 5765 5685
f 5778 5742 5659
f 5702 5778 5659
f 5660 5632 5830
f 5797 5830 5632
f 5704 5720 5861
f 5701 5705 5819
f 5705 5752 5822
f 5782 9740 9739
f 5679 5823 5678
f 5708 9594 9593
f 5757 5745 5709
f 5728 5757 5709
f 5709 5691 5728
f 5729 5728 5665
f 5732 5731 5693
f 5747 5732 5681
f 5772 5710 5849
f 5695 5849 5710
f 5695 5696 5748
f 5805 5711 5882
f 5759 5882 5711
f 5851 5791 5712
f 5712 5735 5851
f 5749 5774 5568
f 5818 5542 5886
f 5751 5583 5845
f 5738 5760 5715
f 5716 5761 5856
f 5777 5761 5675
f 5762 5722 5585
f 5743 5653 5801
f 5813 5801 5653
f 5767 5717 5877
f 5768 5877 5717
f 5796 5769 5656
f 5858 5685 5811
f 5723 5743 5763
f 5764 5768 5717
f 5847 5783 5706
f 5612 5847 5706
f 5814 5744 5689
f 5689 5635 5814
f 5745 5727 5690
f 5804 5729 5730
f 5746 5804 5730
f 5731 5746 5730
f 5747 5772 5787
f 5695 5748 5946
f 5733 5758 5840
f 5734 5789 5758
f 5749 5736 5843
f 5844 5792 5609
f 5609 5698 5844
f 5714 5844 5698
f 5775 5750 5737
f 5776 5647 5810
f 5647 5699 5854
f 5649 5739 5903
f 5740 5716 5794
f 5777 5675 5700
f 5700 5701 5795
f 5811 5742 5829
f 5797 5576 5766
f 5576 5605 5766
f 5686 5703 5936
f 5779 5936 5703
f 5703 5719 5779
f 5704 5779 5719
f 5658 5765 5780
f 5764 5718 5802
f 5831 5799 5630
f 5756 5706 5783
f 5708 5771 9594
f 5727 5745 5816
f 5745 5757 5784
f 5785 5757 5728
f 5728 5729 5785
f 5787 5732 5747
f 5849 5695 5788
f 5946 5788 5695
f 5670 5791 5953
f 5713 5773 5884
f 5867 5683 5672
f 5672 5842 5867
f 5933 5740 5855
f 5781 5822 5752
f 5829 5742 5778
f 5778 5702 5821
f 5658 5780 5687
f 5819 5795 5701
f 5847 5612 5912
f 5612 5678 5835
f 5771 5814 5635
f 5635 9594 5771
f 5815 5771 5708
f 5708 5726 5815
f 5825 5815 5726
f 5726 5727 5825
f 5816 5745 5784
f 5746 5731 5786
f 5732 5786 5731
f 5789 5840 5758
f 5789 5734 5805
f 5735 5625 5851
f 5749 5843 5774
f 5736 5609 5792
f 5673 5750 5974
f 5809 5793 5645
f 5845 5583 5760
f 5738 5776 5920
f 5854 5810 5647
f 5855 5740 5794
f 5761 5777 5846
f 5762 5763 5832
f 5763 5743 5833
f 5768 5764 5802
f 5828 5780 5765
f 5858 5754 5685
f 5873 5821 5702
f 5797 5859 5830
f 5766 5605 5686
f 5720 5812 5798
f 5969 5798 5812
f 5743 5875 5833
f 5876 5767 5877
f 5958 5718 5769
f 5834 5958 5769
f 5724 5796 5770
f 5724 5799 5827
f 5678 5823 5835
f 5757 5785 5817
f 5785 5729 5803
f 5786 5804 5746
f 5839 5732 5787
f 5682 5790 5759
f 5682 5806 5866
f 5953 5806 5670
f 5683 5884 5773
f 5843 5736 5870
f 5844 5714 5808
f 5580 5818 5948
f 5853 5809 5581
f 5776 5810 5955
f 5903 5739 5888
f 5819 5705 5905
f 5822 5905 5705
f 5781 5755 5822
f 5781 5753 5741
f 5977 5828 5765
f 5765 5754 5977
f 5829 5778 5820
f 5821 5820 5778
f 5890 5873 5702
f 5702 5660 5890
f 5830 5890 5660
f 5766 5860 5797
f 5741 5755 5781
f 9740 5782 5894
f 5725 5894 5782
f 5835 5912 5612
f 5823 5744 5970
f 5836 5970 5744
f 5814 5836 5744
f 5815 5814 5771
f 5784 5757 5896
f 5804 5803 5729
f 5772 5839 5787
f 5849 5848 5772
f 5748 5733 5880
f 5931 5840 5789
f 5789 5805 5931
f 5882 5898 5805
f 5759 5790 5883
f 5843 5869 5774
f 5736 5792 5870
f 5974 5808 5714
f 5714 5673 5974
f 5760 5738 5902
f 5738 5920 5902
f 5826 5854 5699
f 5933 5888 5739
f 5856 5794 5716
f 5700 5795 5777
f 5967 5800 5721
f 5833 5857 5763
f 5801 5875 5743
f 5813 5767 5876
f 5766 5686 5874
f 5798 5861 5720
f 5832 5722 5762
f 5802 5718 5958
f 5831 5827 5799
f 5725 5756 5894
f 5756 5783 5895
f 5847 5862 5783
f 5878 5825 5727
f 5727 5816 5878
f 5817 5896 5757
f 5785 5803 5864
f 5804 5786 5838
f 5840 5880 5733
f 5931 5805 5898
f 5866 5790 5682
f 5850 5953 5791
f 5791 5851 5850
f 5776 5955 5920
f 5887 5955 5810
f 5810 5854 5887
f 5856 5761 5889
f 5761 5846 5889
f 5926 5811 5829
f 5812 5687 5969
f 5801 5813 5909
f 5802 5939 5877
f 5769 5796 5834
f 5796 5724 5893
f 5862 5895 5783
f 5824 5836 5814
f 5814 5815 5824
f 5944 5824 5815
f 5913 5944 5815
f 5815 5825 5913
f 5817 5785 5864
f 5837 5865 5804
f 5839 5772 5848
f 5848 5849 5879
f 5986 5946 5748
f 5882 5759 5883
f 5841 5851 5625
f 5844 5870 5792
f 5750 5775 5900
f 5885 5900 5775
f 5794 5956 5855
f 5905 5991 5819
f 5926 5858 5811
f 5860 5859 5797
f 5686 5936 5874
f 5979 5779 5704
f 5687 5780 5969
f 5963 5822 5755
f 5755 5741 5925
f 5865 5864 5803
f 5803 5804 5865
f 5804 5838 5837
f 5915 5986 5748
f 5748 5880 5915
f 5790 5866 5899
f 5853 5919 5809
f 5871 5845 5760
f 5760 5902 5871
f 5826 5649 5922
f 5903 5922 5649
f 5856 5956 5794
f 5967 5831 5800
f 5909 5813 5876
f 5724 5827 5893
f 5858 5926 5906
f 5890 5830 5891
f 5859 5891 5830
f 5861 5979 5704
f 5967 5892 5831
f 5975 5722 5832
f 5857 5833 5976
f 5833 5875 5976
f 5802 5958 5957
f 5893 5834 5796
f 5910 9741 9740
f 5894 5910 9740
f 5894 5756 5895
f 5847 6025 5862
f 5878 6009 5825
f 5878 5816 5863
f 5816 5784 5863
f 5784 5896 5863
f 5838 5839 5837
f 5848 5837 5839
f 5840 5931 5881
f 5953 5866 5806
f 5851 5841 5916
f 5884 5852 5841
f 5683 5867 5966
f 5774 5868 5807
f 5775 5948 5885
f 5854 5826 5921
f 5922 5921 5826
f 5872 5795 5819
f 5819 5991 5872
f 5820 5821 5907
f 5873 5907 5821
f 5969 5780 5992
f 5949 5863 5896
f 5897 5896 5817
f 5837 5848 5914
f 5879 5849 6011
f 6012 6011 5849
f 5849 5788 6012
f 5840 5881 5880
f 5916 5850 5851
f 5683 5932 5884
f 5868 5842 5807
f 5870 5869 5843
f 5900 5974 5750
f 5886 5542 5901
f 5542 5793 5901
f 5919 5853 5751
f 6016 5990 5751
f 5751 5845 6016
f 5892 5940 5831
f 5927 5721 5722
f 5857 5832 5763
f 5909 5876 6036
f 5827 5831 5940
f 5967 5721 5927
f 5976 5875 5937
f 5875 5801 5938
f 5939 5802 6087
f 5895 5862 6025
f 6025 5847 5911
f 5912 5911 5847
f 5912 5835 5929
f 6066 5970 5836
f 5836 5824 5943
f 5930 5865 5837
f 5881 5915 5880
f 5852 5916 5841
f 5947 5867 5842
f 6016 5845 5871
f 5777 5795 5904
f 5872 5904 5795
f 5963 5905 5822
f 5829 5820 5934
f 5820 5907 5934
f 6062 5992 5780
f 5780 5828 6062
f 5908 5937 5875
f 5938 5908 5875
f 5909 5938 5801
f 5876 5877 5978
f 5939 5978 5877
f 5957 6087 5802
f 5944 5943 5824
f 5825 6009 5913
f 5817 5864 5897
f 5930 5864 5865
f 5914 5930 5837
f 5945 5914 5848
f 5848 5879 5945
f 5882 5883 5965
f 5852 5884 5917
f 5884 5932 5917
f 5947 5842 5868
f 5869 5868 5774
f 5818 5886 6002
f 5793 5809 5918
f 5919 5918 5809
f 5887 5854 5921
f 5889 5923 5856
f 5846 5777 6003
f 5777 5904 6003
f 5963 5755 5924
f 5925 9736 5755
f 6006 5754 5858
f 5858 5906 6006
f 5934 5926 5829
f 5907 5873 5960
f 5873 5890 5961
f 5891 5961 5890
f 5859 5860 6022
f 5766 6022 5860
f 5892 5967 5981
f 5975 5927 5722
f 5941 5895 5928
f 5895 6025 5928
f 5950 5949 5896
f 5896 5897 5950
f 6011 6128 5879
f 5952 5931 5898
f 5899 5883 5790
f 5899 5866 6000
f 5973 5916 5852
f 6013 5870 5844
f 6002 5948 5818
f 6145 6002 5886
f 5855 6103 5933
f 5923 5956 5856
f 5926 5934 6117
f 5874 5935 5766
f 5980 5979 5861
f 5861 5798 5980
f 5938 5909 5982
f 6036 5982 5909
f 5978 5939 6087
f 5834 5893 6065
f 5894 5895 5941
f 5835 5823 5942
f 5897 5864 5951
f 5930 5914 5951
f 6111 5945 5879
f 5987 5952 5898
f 5898 5882 5987
f 5965 5987 5882
f 5953 6000 5866
f 5808 6043 5844
f 5948 6069 5885
f 5901 6145 5886
f 5751 5990 5919
f 5922 5903 6116
f 5963 5991 5905
f 5754 6006 5977
f 6085 5934 5907
f 5961 5960 5873
f 5936 5968 5874
f 6072 5993 5832
f 5832 5857 6072
f 6009 5878 6049
f 5985 5949 5950
f 5897 5951 5950
f 5864 5930 5951
f 6128 6111 5879
f 6040 6012 5788
f 5952 5881 5931
f 5954 5953 5850
f 5916 5954 5850
f 5966 5932 5683
f 6013 5844 6043
f 5974 5900 6014
f 5955 5887 6173
f 5888 5933 6054
f 6103 6054 5933
f 5991 5904 5872
f 9736 5924 5755
f 5977 5959 5828
f 5926 6117 5906
f 5891 5859 6021
f 6022 6021 5859
f 5935 5962 5766
f 5975 5832 5993
f 5908 5994 5937
f 6036 5876 5978
f 6065 5958 5834
f 5940 5892 5995
f 9741 5910 5997
f 5928 6047 5941
f 5911 5912 5983
f 5912 5929 5983
f 5943 6066 5836
f 5863 5949 5971
f 5788 5946 6129
f 5868 5869 6001
f 5808 5974 6051
f 5901 5793 6044
f 9734 5924 9736
f 5960 6085 5907
f 5962 6022 5766
f 6024 5980 5798
f 5969 6024 5798
f 5959 6062 5828
f 5997 5910 5998
f 5970 5942 5823
f 5944 6126 5943
f 5878 5863 6049
f 5984 5971 5949
f 5949 5985 5984
f 6089 5972 5951
f 5951 5914 6089
f 5914 5945 6089
f 6129 6040 5788
f 5915 5881 6027
f 5852 5917 5989
f 6051 6043 5808
f 6069 5948 6015
f 5918 6044 5793
f 5920 6102 5902
f 5920 5955 6052
f 5955 6173 6052
f 5956 6032 5855
f 6019 5923 5889
f 5994 5976 5937
f 5908 5938 6055
f 5982 6055 5938
f 5957 5958 6123
f 6065 6037 5958
f 6083 5977 6006
f 5934 6070 6117
f 5960 5961 6060
f 5968 5936 6071
f 5936 5779 6071
f 5991 6004 5904
f 5963 5924 6005
f 6005 5924 9734
f 9741 5997 5996
f 5964 5998 5910
f 6047 5964 5941
f 6047 5928 6048
f 5944 5913 5999
f 5971 6049 5863
f 6026 5985 5950
f 5950 5951 5972
f 5946 5986 6129
f 5987 5965 6028
f 5965 5883 6028
f 5883 5899 6068
f 5899 6000 6029
f 5973 5852 5989
f 5966 5867 6080
f 6002 6015 5948
f 5919 6081 5918
f 5871 5902 6186
f 6102 6186 5902
f 6052 6102 5920
f 6017 6173 5887
f 6017 5887 5921
f 5921 5922 6133
f 6046 6019 5889
f 5889 5846 6046
f 6003 6046 5846
f 5967 5927 5981
f 6036 5978 6056
f 5893 5827 6008
f 5827 5940 6008
f 5940 5995 6008
f 6060 5961 6020
f 6137 6071 5779
f 5779 5979 6137
f 5984 5985 6067
f 5950 5972 6026
f 5881 6041 6027
f 5899 6029 6068
f 5988 6000 5953
f 5954 5988 5953
f 5916 5973 6030
f 5932 5966 6132
f 6001 6042 5868
f 6013 6113 5870
f 6051 5974 6014
f 6069 5900 5885
f 6044 6145 5901
f 6053 5903 5888
f 6054 6053 5888
f 6003 5904 6033
f 6087 5957 6123
f 6037 6123 5958
f 6075 6065 5893
f 6058 6070 5934
f 5934 6085 6058
f 6060 6059 5960
f 6020 5961 6136
f 5891 6136 5961
f 5983 6038 5911
f 6140 5999 5913
f 5881 5952 6041
f 5987 6028 6050
f 6068 6028 5883
f 5988 5954 6030
f 5916 6030 5954
f 6080 6132 5966
f 5867 5947 6031
f 6113 5869 5870
f 5990 6081 5919
f 6053 6116 5903
f 5855 6032 6103
f 6004 6033 5904
f 5975 5993 6035
f 5978 6087 6064
f 6008 6075 5893
f 5959 5977 6231
f 6085 5960 6059
f 5968 5935 5874
f 5892 5981 6063
f 6072 5857 6007
f 5857 5976 6007
f 5976 5994 6007
f 5994 5908 6055
f 6064 6056 5978
f 6065 6075 6074
f 6047 5998 5964
f 6039 6078 5929
f 5929 5835 6039
f 6208 6140 5913
f 5913 6009 6208
f 5984 6067 6088
f 6090 6129 5986
f 5986 5915 6090
f 6050 5952 5987
f 6013 6043 6114
f 6016 5871 6199
f 6018 6017 5921
f 5921 6133 6018
f 5923 6032 5956
f 6059 6060 6104
f 5891 6021 6061
f 5962 5935 6023
f 5980 6137 5979
f 5969 5992 6024
f 5992 6062 6167
f 6035 5927 5975
f 6007 5994 6122
f 5983 5929 6078
f 5942 5970 6066
f 5943 6193 6066
f 6009 6049 6168
f 6067 5985 6010
f 6079 6029 6000
f 6092 6079 6000
f 6000 5988 6092
f 5917 5932 6132
f 6031 6080 5867
f 5947 6042 6031
f 6113 6093 5869
f 6045 6103 6032
f 6033 6046 6003
f 6096 5963 6005
f 6006 5906 6084
f 6084 5906 6117
f 6063 5981 6034
f 5981 5927 6034
f 5993 6072 6213
f 6138 6008 5995
f 5996 5997 9742
f 6038 5983 6139
f 5944 5999 6126
f 5971 5984 6088
f 6112 6128 6011
f 6011 6012 6112
f 6040 6112 6012
f 6050 6041 5952
f 5917 6132 6131
f 6001 5869 6093
f 5922 6116 6133
f 6095 5923 6019
f 5991 5963 6163
f 5977 6083 6231
f 6084 6083 6006
f 6022 6061 6021
f 5980 6024 6206
f 6121 6062 5959
f 6231 6121 5959
f 5892 6063 6109
f 6055 5982 6107
f 6109 5995 5892
f 6077 9742 5997
f 6124 6077 5997
f 5998 6124 5997
f 6025 5911 6099
f 6038 6099 5911
f 5835 5942 6039
f 5942 6066 6125
f 6009 6168 6208
f 6067 6010 6169
f 5985 6026 6010
f 6050 6028 6171
f 6221 6171 6028
f 5988 6030 6092
f 6158 6092 6030
f 6016 6210 5990
f 6032 5923 6045
f 6163 6004 5991
f 6005 9738 6096
f 6231 6083 6097
f 6071 6120 5968
f 6200 6034 5927
f 6072 6007 6202
f 6036 6056 6073
f 6138 6075 6008
f 6154 6153 5998
f 6047 6154 5998
f 6049 5971 6253
f 5972 6142 6026
f 6089 5945 6143
f 5945 6111 6143
f 5915 6027 6090
f 6281 6090 6027
f 6027 6041 6100
f 6326 6100 6041
f 6028 6068 6221
f 6158 6030 6130
f 5973 6130 6030
f 6159 6113 6013
f 6114 6043 6256
f 6043 6051 6256
f 5900 6069 6160
f 6307 6145 6044
f 5918 6307 6044
f 6211 6173 6017
f 6018 6211 6017
f 6212 6054 6103
f 5923 6095 6187
f 6070 6058 6057
f 6136 5891 6178
f 6061 6178 5891
f 6061 6022 6086
f 5935 5968 6120
f 5992 6167 6024
f 9742 6077 6076
f 6124 5998 6153
f 6219 6154 6047
f 6047 6048 6219
f 6099 6038 6207
f 6126 6193 5943
f 6168 6049 6194
f 6141 6010 6026
f 6142 6141 6026
f 6100 6281 6027
f 6041 6050 6183
f 6001 6031 6042
f 6051 6014 6101
f 6210 6016 6199
f 6199 5871 6186
f 6053 6054 6146
f 6033 6004 6082
f 5927 6035 6200
f 6271 6035 5993
f 5993 6213 6271
f 6122 5994 6105
f 6055 6106 5994
f 5982 6036 6227
f 6073 6227 6036
f 6251 6073 6056
f 6056 6064 6251
f 6057 6117 6070
f 6085 6059 6205
f 6059 6104 6205
f 6104 6060 6098
f 6020 6098 6060
f 6023 6022 5962
f 6121 6167 6062
f 6122 6189 6007
f 6106 6055 6107
f 6107 5982 6227
f 6087 6123 6150
f 6204 6037 6065
f 6074 6204 6065
f 5928 6025 6099
f 6078 6139 5983
f 6126 5999 6180
f 6169 6088 6067
f 6170 6169 6010
f 6040 6129 6182
f 6221 6068 6091
f 6068 6029 6091
f 6114 6159 6013
f 5918 6081 6267
f 5990 6210 6081
f 6102 6052 6115
f 6116 6053 6094
f 6053 6146 6094
f 6019 6046 6095
f 6033 6095 6046
f 9738 6218 6096
f 6023 6086 6022
f 5935 6229 6023
f 6166 6120 6071
f 6137 6166 6071
f 6202 6007 6189
f 6106 6105 5994
f 6227 6073 6108
f 6123 6037 6204
f 6151 6138 5995
f 5995 6109 6151
f 6155 6219 6048
f 6048 5928 6155
f 5999 6140 6180
f 6194 6049 6253
f 6088 6169 6235
f 6182 6112 6040
f 6029 6079 6184
f 5989 6130 5973
f 5989 6131 6209
f 6114 6256 6159
f 6282 6256 6051
f 6212 6146 6054
f 6096 6163 5963
f 6176 6084 6117
f 6058 6085 6228
f 6205 6228 6085
f 6061 6086 6178
f 6206 6137 5980
f 6109 6063 6152
f 6174 6152 6063
f 6063 6034 6174
f 6213 6072 6201
f 6251 6108 6073
f 6099 6155 5928
f 6141 6170 6010
f 6089 6143 6127
f 6158 6157 6092
f 6093 6113 6237
f 6014 5900 6283
f 5900 6160 6283
f 6188 6187 6095
f 6033 6082 6162
f 6082 6004 6134
f 6163 6134 6004
f 6164 6083 6084
f 6176 6164 6084
f 6098 6118 6104
f 6206 6024 6230
f 6139 6207 6038
f 6110 6125 6066
f 6066 6193 6110
f 6156 6253 5971
f 5971 6088 6156
f 5972 6089 6127
f 6029 6184 6091
f 6157 6079 6092
f 6185 6130 5989
f 6001 6144 6031
f 6238 6282 6051
f 6101 6014 6283
f 6437 6307 5918
f 5918 6267 6437
f 6186 6102 6115
f 6133 6116 6357
f 6103 6045 6161
f 6045 5923 6187
f 6216 6074 6075
f 6075 6138 6216
f 6119 6086 6023
f 6119 6023 6229
f 6270 6229 5935
f 6120 6270 5935
f 6202 6201 6072
f 6108 6251 6149
f 6064 6087 6150
f 6245 6151 6109
f 6152 6245 6109
f 6235 6156 6088
f 6127 6142 5972
f 6209 6185 5989
f 6001 6093 6144
f 6222 6144 6093
f 6018 6133 6211
f 6094 6357 6116
f 6095 6033 6162
f 6135 6163 6096
f 6096 6218 6135
f 6020 6136 6165
f 6229 6269 6119
f 6166 6270 6120
f 6244 6189 6122
f 6122 6105 6244
f 6106 6175 6105
f 6106 6107 6361
f 6203 6150 6123
f 6123 6204 6203
f 6216 6204 6074
f 6124 6153 6263
f 6139 6078 6191
f 6274 6078 6039
f 6192 6274 6039
f 6039 5942 6192
f 5942 6125 6192
f 6129 6090 6220
f 6131 6132 6197
f 6051 6101 6238
f 6015 6002 6172
f 6357 6211 6133
f 6103 6308 6212
f 6148 6117 6057
f 6057 6058 6228
f 6217 6205 6104
f 6104 6118 6217
f 6178 6165 6136
f 6178 6086 6190
f 6167 6230 6024
f 6150 6251 6064
f 6151 6216 6138
f 6125 6110 6313
f 6169 6170 6278
f 6170 6141 6195
f 6141 6142 6279
f 6143 6111 6325
f 6128 6325 6111
f 6182 6129 6220
f 6281 6100 6378
f 6183 6326 6041
f 6289 6183 6050
f 6171 6289 6050
f 6132 6080 6197
f 6222 6093 6237
f 6159 6237 6113
f 6015 6160 6069
f 6002 6145 6172
f 6095 6162 6188
f 6284 6176 6117
f 6117 6148 6284
f 6098 6020 6177
f 6166 6137 6206
f 6200 6241 6034
f 6202 6189 6243
f 6215 6227 6108
f 6149 6215 6108
f 6077 6232 6076
f 6154 6263 6153
f 6099 6219 6155
f 6207 6139 6252
f 6252 6139 6179
f 6191 6179 6139
f 6143 6254 6127
f 6325 6128 6364
f 6128 6112 6364
f 6112 6182 6181
f 6290 6221 6091
f 6157 6158 6292
f 6158 6130 6185
f 6147 6308 6103
f 6187 6161 6045
f 6163 6135 6268
f 6098 6248 6118
f 6177 6020 6165
f 6086 6119 6249
f 6269 6249 6119
f 6134 6163 6268
f 6218 6268 6135
f 6193 6126 6447
f 6528 6208 6168
f 6156 6235 6266
f 6169 6278 6235
f 6195 6141 6279
f 6196 6171 6221
f 6304 6079 6157
f 6185 6292 6158
f 6185 6209 6293
f 6080 6031 6198
f 6306 6198 6031
f 6380 6238 6101
f 6240 6295 6052
f 6052 6173 6240
f 6211 6240 6173
f 6187 6188 6224
f 6174 6034 6260
f 6242 6200 6035
f 6035 6271 6242
f 6175 6106 6361
f 6361 6107 6226
f 6399 6251 6150
f 6203 6399 6150
f 6228 6205 6247
f 6177 6248 6098
f 6165 6178 6190
f 6249 6190 6086
f 6274 6191 6078
f 6180 6447 6126
f 6314 6326 6183
f 6198 6197 6080
f 6031 6144 6306
f 6256 6282 6257
f 6145 6307 6368
f 6239 6186 6223
f 6186 6115 6223
f 6244 6105 6214
f 6226 6107 6227
f 6310 6203 6204
f 6261 6310 6204
f 6097 6083 6246
f 6164 6246 6083
f 6190 6249 6340
f 6343 6230 6167
f 6167 6121 6343
f 6259 6121 6231
f 6231 6097 6312
f 6219 6099 6234
f 6192 6125 6376
f 6313 6376 6125
f 6168 6194 6275
f 6195 6278 6170
f 6142 6127 6254
f 6181 6364 6112
f 6220 6181 6182
f 6335 6289 6171
f 6290 6091 6236
f 6292 6304 6157
f 6327 6237 6159
f 6368 6172 6145
f 6186 6337 6199
f 6295 6115 6052
f 6161 6147 6103
f 6224 6161 6187
f 6268 6322 6134
f 6241 6260 6034
f 6200 6242 6241
f 6271 6213 6225
f 6213 6201 6250
f 6201 6202 6250
f 6243 6250 6202
f 6189 6244 6243
f 6175 6214 6105
f 6297 6215 6149
f 6149 6251 6298
f 6204 6216 6261
f 6248 6217 6118
f 6269 6229 6342
f 6121 6299 6343
f 6121 6259 6299
f 6134 6258 6082
f 6077 6124 6233
f 6124 6263 6233
f 6263 6154 6363
f 6264 6363 6154
f 6154 6219 6264
f 6099 6207 6265
f 6110 6193 6313
f 6194 6253 6275
f 6303 6254 6143
f 6220 6090 6288
f 6090 6281 6288
f 6183 6289 6314
f 6091 6184 6236
f 6255 6184 6079
f 6079 6304 6255
f 6305 6294 6209
f 6209 6197 6305
f 6199 6356 6210
f 6295 6223 6115
f 6345 6261 6216
f 6216 6151 6262
f 6151 6245 6262
f 6245 6152 6311
f 6057 6228 6429
f 6360 6270 6166
f 9574 6268 6218
f 6218 6232 9574
f 6265 6234 6099
f 6207 6324 6265
f 6447 6313 6193
f 6180 6140 6391
f 6143 6325 6303
f 6220 6288 6424
f 6290 6196 6221
f 6144 6222 6306
f 6210 6267 6081
f 6224 6188 6369
f 6262 6345 6216
f 6097 6246 6312
f 6331 6246 6164
f 6176 6331 6164
f 6057 6429 6148
f 6247 6429 6228
f 6217 6247 6205
f 6248 6177 6319
f 6342 6229 6359
f 6270 6359 6229
f 6166 6206 6402
f 6231 6312 6259
f 6232 6077 6333
f 6191 6274 6348
f 6302 6140 6208
f 6253 6156 6276
f 6235 6278 6277
f 6236 6184 6291
f 6336 6304 6292
f 6294 6293 6209
f 6198 6353 6197
f 6380 6282 6238
f 6239 6337 6186
f 6211 6357 6468
f 6188 6162 6309
f 6258 6309 6162
f 6339 6241 6242
f 6242 6271 6339
f 6227 6215 6272
f 6297 6149 6298
f 6245 6311 6419
f 6165 6319 6177
f 6190 6320 6165
f 6342 6341 6269
f 6402 6360 6166
f 6214 6318 6244
f 6175 6329 6214
f 6226 6227 6272
f 6399 6203 6344
f 6419 6262 6245
f 6264 6219 6300
f 6234 6265 6273
f 6265 6324 6301
f 6389 6324 6207
f 6346 6389 6207
f 6207 6252 6346
f 6302 6391 6140
f 6275 6253 6276
f 6156 6266 6349
f 6277 6266 6235
f 6279 6142 6280
f 6142 6254 6280
f 6100 6326 6378
f 6171 6196 6315
f 6353 6305 6197
f 6237 6379 6222
f 6159 6256 6327
f 6257 6327 6256
f 6101 6283 6380
f 6368 6307 6381
f 6267 6210 6356
f 6356 6199 6337
f 6146 6357 6094
f 6308 6147 6317
f 6188 6309 6369
f 6258 6134 6322
f 6217 6248 6401
f 6319 6165 6472
f 6320 6472 6165
f 6249 6269 6321
f 6206 6230 6402
f 6339 6271 6225
f 6250 6225 6213
f 6318 6433 6243
f 6243 6244 6318
f 6404 6345 6262
f 6419 6404 6262
f 6174 6311 6152
f 9574 6232 6285
f 6232 6333 6285
f 6233 6286 6077
f 6233 6263 6287
f 6363 6287 6263
f 6234 6300 6219
f 6348 6179 6191
f 6352 6181 6220
f 6315 6335 6171
f 6292 6185 6463
f 6367 6463 6185
f 6306 6222 6379
f 6327 6466 6237
f 6015 6172 6160
f 6211 6296 6240
f 6212 6438 6146
f 6358 6247 6217
f 6217 6401 6358
f 6319 6371 6248
f 6340 6320 6190
f 6321 6340 6249
f 6269 6341 6321
f 6360 6359 6270
f 6174 6260 6328
f 6243 6398 6250
f 6399 6298 6251
f 6310 6344 6203
f 6286 6333 6077
f 6301 6375 6265
f 6447 6180 6391
f 6208 6528 6302
f 6413 6528 6168
f 6168 6377 6413
f 6275 6377 6168
f 6156 6349 6276
f 6424 6352 6220
f 6378 6288 6281
f 6185 6293 6367
f 6355 6257 6282
f 6380 6355 6282
f 6296 6211 6468
f 6357 6146 6382
f 6308 6438 6212
f 6470 6312 6246
f 6246 6331 6470
f 6370 6247 6358
f 6362 6323 9574
f 6285 6362 9574
f 6287 6286 6233
f 6363 6264 6334
f 6300 6334 6264
f 6273 6300 6234
f 6273 6265 6375
f 6346 6252 6347
f 6179 6347 6252
f 6348 6274 6446
f 6274 6192 6446
f 6376 6446 6192
f 6254 6303 6414
f 6289 6335 6314
f 6236 6316 6290
f 6255 6291 6184
f 6354 6379 6237
f 6466 6354 6237
f 6356 6437 6267
f 6239 6406 6337
f 6174 6328 6420
f 6418 6250 6398
f 6297 6272 6215
f 6298 6435 6297
f 6456 6284 6148
f 6332 6429 6247
f 6370 6332 6247
f 6360 6402 6492
f 6322 6268 6323
f 6285 6333 6474
f 6277 6278 6422
f 6477 6422 6278
f 6195 6279 6449
f 6280 6351 6279
f 6394 6255 6304
f 6353 6294 6305
f 6580 6381 6307
f 6307 6437 6580
f 6454 6382 6146
f 6438 6454 6146
f 6438 6308 6519
f 6317 6519 6308
f 6369 6309 6396
f 6258 6396 6309
f 6260 6241 6338
f 6241 6339 6338
f 6433 6398 6243
f 6329 6175 6361
f 6311 6174 6420
f 6400 6176 6284
f 6230 6343 6372
f 6412 6376 6313
f 6447 6412 6313
f 6276 6377 6275
f 6350 6278 6195
f 6195 6449 6350
f 6537 6424 6288
f 6288 6378 6537
f 6378 6326 6496
f 6393 6326 6314
f 6335 6479 6314
f 6335 6315 6366
f 6316 6196 6290
f 6463 6336 6292
f 6223 6406 6239
f 6468 6357 6382
f 6147 6161 6317
f 6418 6225 6250
f 6399 6532 6298
f 6310 6261 6385
f 6443 6419 6311
f 6400 6331 6176
f 6284 6456 6400
f 6371 6401 6248
f 6472 6320 6430
f 6473 6430 6320
f 6320 6340 6473
f 6431 6340 6321
f 6230 6372 6417
f 6373 6258 6322
f 6273 6334 6300
f 6375 6301 6410
f 6301 6324 6411
f 6278 6350 6477
f 6280 6254 6414
f 6303 6478 6414
f 6393 6496 6326
f 6452 6293 6294
f 6488 6198 6306
f 6466 6327 6467
f 6327 6257 6516
f 6407 6317 6161
f 6161 6224 6407
f 6397 6339 6225
f 6318 6214 6403
f 6361 6483 6329
f 6226 6272 6434
f 6330 6434 6272
f 6341 6431 6321
f 6373 6322 6387
f 6322 6323 6428
f 6323 6362 6428
f 6374 6474 6333
f 6286 6374 6333
f 6390 6347 6179
f 6348 6390 6179
f 6392 6377 6276
f 6279 6351 6449
f 6325 6364 6436
f 6352 6364 6181
f 6426 6479 6335
f 6335 6366 6426
f 6236 6415 6316
f 6236 6291 6427
f 6294 6353 6395
f 6464 6488 6306
f 6379 6464 6306
f 6160 6380 6283
f 6172 6368 6453
f 6356 6337 6406
f 6406 6223 6489
f 6418 6397 6225
f 6403 6481 6318
f 6329 6403 6214
f 6383 6330 6272
f 6297 6383 6272
f 6385 6344 6310
f 6441 6148 6429
f 6431 6473 6340
f 6343 6299 6372
f 6481 6433 6318
f 6329 6586 6403
f 6226 6483 6361
f 6384 6383 6297
f 6435 6384 6297
f 6435 6298 6532
f 6388 6362 6285
f 6392 6276 6349
f 6424 6537 6365
f 6425 6393 6314
f 6314 6479 6425
f 6451 6394 6304
f 6304 6336 6451
f 6497 6367 6293
f 6353 6198 6416
f 6408 6407 6224
f 6373 6396 6258
f 6485 6470 6331
f 6400 6485 6331
f 6441 6456 6148
f 6544 6542 6358
f 6358 6401 6544
f 6342 6386 6341
f 6402 6230 6417
f 6299 6259 6459
f 6338 6328 6260
f 6338 6339 6531
f 6339 6397 6531
f 6404 6494 6345
f 6420 6443 6311
f 6285 6474 6388
f 6287 6421 6286
f 6287 6363 6460
f 6334 6460 6363
f 6301 6411 6410
f 6390 6348 6462
f 6446 6462 6348
f 6303 6325 6436
f 6316 6315 6196
f 6463 6451 6336
f 6452 6497 6293
f 6395 6452 6294
f 6160 6172 6453
f 6381 6453 6368
f 6437 6356 6405
f 6295 6489 6223
f 6439 6224 6369
f 6396 6439 6369
f 6387 6322 6428
f 6370 6358 6559
f 6542 6559 6358
f 6319 6490 6371
f 6386 6342 6432
f 6359 6432 6342
f 6545 6372 6299
f 6259 6312 6459
f 6460 6421 6287
f 6273 6375 6409
f 6324 6389 6411
f 6389 6535 6526
f 6461 6389 6346
f 6508 6346 6347
f 6643 6392 6349
f 6349 6266 6448
f 6266 6277 6448
f 6364 6352 6423
f 6496 6537 6378
f 6415 6236 6427
f 6427 6291 6450
f 6394 6450 6255
f 6394 6451 6514
f 6497 6463 6367
f 6488 6416 6198
f 6257 6355 6516
f 6296 6295 6240
f 6493 6330 6383
f 6385 6261 6602
f 6429 6332 6572
f 6559 6332 6370
f 6490 6503 6371
f 6471 6490 6319
f 6319 6472 6471
f 6299 6459 6545
f 6423 6436 6364
f 6415 6512 6316
f 6296 6468 6498
f 6522 6531 6397
f 6397 6418 6522
f 6433 6486 6398
f 6385 6602 6505
f 6400 6456 6440
f 6503 6544 6401
f 6401 6371 6503
f 6359 6360 6492
f 6312 6470 6459
f 6483 6482 6329
f 6344 6385 6505
f 6602 6261 6345
f 6345 6494 6602
f 6516 6467 6327
f 6380 6160 6529
f 6160 6453 6529
f 6453 6381 6517
f 6580 6517 6381
f 6406 6405 6356
f 6500 6396 6373
f 6375 6410 6445
f 6461 6535 6389
f 6446 6376 6510
f 6376 6412 6510
f 6447 6391 6609
f 6302 6528 6527
f 6277 6422 6448
f 6414 6351 6280
f 6366 6315 6553
f 6427 6480 6415
f 6386 6431 6341
f 6492 6432 6359
f 6328 6548 6420
f 6614 6522 6418
f 6442 6493 6383
f 6383 6384 6442
f 6435 6442 6384
f 6399 6344 6484
f 6505 6484 6344
f 6404 6419 6506
f 6443 6506 6419
f 6409 6375 6475
f 6445 6475 6375
f 6526 6411 6389
f 6366 6553 6426
f 6315 6316 6553
f 6514 6450 6394
f 6295 6296 6518
f 6317 6407 6455
f 6439 6408 6224
f 6387 6428 9761
f 6456 6441 6457
f 6648 6441 6429
f 6429 6572 6648
f 6492 6402 6458
f 6402 6417 6458
f 6531 6584 6328
f 6328 6338 6531
f 6418 6398 6585
f 6486 6585 6398
f 6532 6399 6484
f 6506 6494 6404
f 6507 9761 6362
f 6362 6388 6507
f 6334 6273 6444
f 6409 6444 6273
f 6508 6461 6346
f 6412 6447 6476
f 6495 6609 6391
f 6391 6302 6495
f 6511 6413 6377
f 6392 6511 6377
f 6551 6422 6477
f 6512 6553 6316
f 6512 6415 6577
f 6480 6577 6415
f 6623 6452 6395
f 6465 6464 6354
f 6354 6466 6465
f 6580 6437 6540
f 6405 6593 6437
f 6489 6295 6518
f 6382 6454 6469
f 6407 6408 6499
f 6440 6485 6400
f 6472 6430 6530
f 6586 6481 6403
f 6586 6329 6482
f 6443 6420 6547
f 6444 6460 6334
f 6510 6462 6446
f 6609 6476 6447
f 6449 6351 6596
f 6352 6424 6552
f 6591 6496 6393
f 6425 6479 6611
f 6480 6427 6513
f 6427 6450 6513
f 6623 6395 6487
f 6416 6487 6395
f 6557 6516 6355
f 6592 6529 6453
f 6438 6660 6454
f 6558 6499 6408
f 6408 6439 6558
f 6457 6440 6456
f 6502 6572 6332
f 6332 6559 6502
f 6459 6470 6504
f 6500 6387 9757
f 6387 9761 9757
f 6444 6421 6460
f 6525 6410 6411
f 6411 6526 6525
f 6347 6390 6509
f 6462 6509 6390
f 6393 6425 6591
f 6451 6463 6539
f 6463 6497 6579
f 6515 6488 6464
f 6464 6465 6515
f 6466 6467 6556
f 6516 6556 6467
f 6674 6557 6355
f 6355 6380 6674
f 6517 6592 6453
f 6593 6540 6437
f 6518 6296 6688
f 6469 6498 6468
f 6468 6382 6469
f 6660 6469 6454
f 6455 6519 6317
f 6499 6455 6407
f 6567 6439 6396
f 6520 6567 6396
f 6548 6328 6584
f 6600 6486 6433
f 6433 6481 6600
f 6548 6547 6420
f 6470 6485 6501
f 6441 6648 6457
f 6503 6490 6560
f 6471 6472 6530
f 6473 6521 6430
f 6562 6473 6431
f 6431 6386 6582
f 6535 6461 6719
f 6756 6349 6448
f 6477 6350 6551
f 6303 6436 6727
f 6552 6424 6365
f 6553 6512 6565
f 6613 6674 6380
f 6380 6529 6613
f 6569 6531 6522
f 6614 6418 6585
f 6571 6483 6226
f 6226 6434 6571
f 6330 6493 6574
f 6442 6435 6532
f 6432 6491 6386
f 6569 6667 6531
f 6434 6330 6575
f 6374 6523 6474
f 6409 6475 6524
f 6525 6564 6410
f 6462 6510 6550
f 6590 6350 6449
f 6449 6596 6590
f 6536 6596 6351
f 6351 6414 6536
f 6673 6591 6425
f 6425 6611 6673
f 6513 6577 6480
f 6623 6497 6452
f 6406 6541 6405
f 6406 6489 6676
f 6489 6518 6626
f 6438 6566 6660
f 6566 6438 6519
f 9757 6520 6500
f 6470 6501 6583
f 6544 6503 6632
f 6490 6471 6573
f 6530 6573 6471
f 6562 6561 6473
f 6695 6562 6431
f 6582 6695 6431
f 6491 6582 6386
f 6432 6492 6629
f 6504 6545 6459
f 6583 6504 6470
f 6482 6483 6601
f 6574 6575 6330
f 6546 6574 6493
f 6493 6442 6546
f 6533 6506 6443
f 6443 6547 6533
f 6444 6409 6524
f 6564 6445 6410
f 6719 6461 6549
f 6461 6508 6549
f 6508 6347 6509
f 6509 6462 6550
f 6302 6527 6495
f 6589 6643 6349
f 6349 6756 6589
f 6414 6478 6536
f 6727 6478 6303
f 6552 6423 6352
f 6513 6450 6554
f 6514 6554 6450
f 6579 6539 6463
f 6556 6599 6465
f 6465 6466 6556
f 6516 6557 6659
f 6498 6688 6296
f 6503 6560 6632
f 6573 6560 6490
f 6473 6561 6521
f 6417 6372 6651
f 6372 6545 6651
f 6522 6614 6570
f 6571 6434 6575
f 6494 6506 6533
f 6563 6388 6474
f 6523 6563 6474
f 6421 6444 6576
f 6524 6475 6608
f 6475 6445 6608
f 6594 6564 6525
f 6719 6772 6535
f 6588 6550 6510
f 6510 6412 6588
f 6476 6588 6412
f 6620 6422 6551
f 6350 6590 6621
f 6478 6727 6622
f 6553 6565 6656
f 6577 6685 6512
f 6514 6451 6538
f 6487 6416 6612
f 6416 6488 6612
f 6659 6556 6516
f 6676 6489 6626
f 6518 6581 6626
f 6688 6581 6518
f 6567 6558 6439
f 6485 6440 6669
f 6544 6543 6542
f 6570 6569 6522
f 6532 6546 6442
f 6724 6620 6551
f 6551 6350 6621
f 6622 6536 6478
f 6553 6656 6426
f 6515 6612 6488
f 6592 6613 6529
f 6676 6541 6406
f 6499 6558 6647
f 6733 6558 6567
f 6669 6501 6485
f 6440 6457 6669
f 6714 6683 6572
f 6572 6502 6714
f 6573 6530 6605
f 6432 6629 6491
f 6492 6458 6629
f 6668 6545 6504
f 6667 6584 6531
f 6585 6708 6614
f 6571 6601 6483
f 6799 6533 6547
f 6534 6799 6547
f 6606 6640 6507
f 6507 6388 6606
f 6643 6589 6863
f 6727 6436 6728
f 6611 6479 6655
f 6426 6655 6479
f 6565 6512 6597
f 6538 6451 6539
f 6497 6623 6555
f 6543 6559 6542
f 6530 6521 6605
f 6548 6584 6747
f 6634 6575 6574
f 6574 6546 6634
f 6532 6616 6546
f 6484 6616 6532
f 6617 6505 6602
f 6547 6548 6534
f 6525 6526 6594
f 6642 6594 6526
f 6526 6535 6642
f 6595 6549 6508
f 6508 6509 6595
f 6528 6413 6741
f 6620 6448 6422
f 6725 6724 6551
f 6621 6725 6551
f 6597 6512 6685
f 6554 6514 6578
f 6515 6465 6646
f 6599 6646 6465
f 6659 6599 6556
f 6816 6674 6613
f 6593 6405 6541
f 6455 6499 6786
f 6631 6633 6560
f 6560 6573 6631
f 6629 6458 6650
f 6417 6650 6458
f 6563 6606 6388
f 6564 6594 6703
f 6392 6643 6831
f 6610 6365 6537
f 6537 6496 6610
f 6758 6610 6496
f 6496 6591 6758
f 6597 6656 6565
f 6539 6579 6687
f 6598 6579 6497
f 6497 6555 6598
f 6469 6660 6744
f 6566 6519 6627
f 6567 6568 6733
f 6585 6486 6615
f 6583 6501 6750
f 6648 6572 6670
f 6559 6543 6630
f 6632 6560 6633
f 6521 6561 6605
f 6491 6825 6582
f 6747 6534 6548
f 6569 6570 6662
f 6600 6663 6486
f 6634 6546 6628
f 6616 6628 6546
f 6484 6505 6635
f 6617 6635 6505
f 6494 6533 6636
f 6618 6587 9974
f 6523 9652 6912
f 6619 6444 6524
f 6607 6619 6524
f 6524 6608 6684
f 6509 6550 6654
f 6550 6588 6654
f 6511 6741 6413
f 6511 6392 6831
f 6365 6881 6552
f 6655 6645 6611
f 6685 6577 6705
f 6554 6657 6513
f 6578 6514 6658
f 6487 6624 6623
f 6599 6659 6782
f 6803 6517 6580
f 6558 6733 6647
f 6669 6604 6501
f 6714 6502 6630
f 6502 6559 6630
f 6632 6543 6544
f 6573 6605 6631
f 6605 6561 6682
f 6825 6695 6582
f 6652 6668 6504
f 6504 6583 6652
f 6662 6667 6569
f 6840 6570 6614
f 6708 6585 6615
f 6615 6486 6663
f 6523 6738 6563
f 6576 6444 6641
f 6445 6564 6702
f 6423 6728 6436
f 6423 6552 6742
f 6656 6655 6426
f 6646 6612 6515
f 6519 6455 6627
f 6786 6627 6455
f 9759 6568 9757
f 6572 6683 6670
f 6633 6631 6672
f 6561 6562 6682
f 6677 6639 9974
f 6639 9767 6618
f 6563 6738 6818
f 6738 6523 6912
f 6608 6445 6700
f 6642 6703 6594
f 6753 6535 6772
f 6719 6549 6773
f 6721 6773 6549
f 6549 6595 6721
f 6704 6527 6528
f 6528 6741 6704
f 6590 6596 6726
f 6577 6513 6705
f 6657 6705 6513
f 6625 6624 6487
f 6541 6760 6593
f 6732 6498 6469
f 6469 6744 6732
f 6566 6837 6660
f 6481 6586 6710
f 6586 6482 6664
f 6601 6664 6482
f 6617 6602 6679
f 6636 6679 6602
f 6602 6494 6636
f 6534 6763 6799
f 6631 6605 9964
f 6695 6682 6562
f 6651 6650 6417
f 6698 6651 6545
f 6750 6652 6583
f 9981 6677 9974
f 6700 6445 6702
f 6535 6753 6642
f 6595 6509 6653
f 6654 6588 6849
f 6704 6495 6527
f 6832 6756 6448
f 6644 6448 6620
f 6821 6621 6590
f 6726 6821 6590
f 6727 6728 6757
f 6742 6552 6881
f 6591 6673 6758
f 6656 6597 6729
f 6554 6578 6657
f 6538 6658 6514
f 6759 6598 6555
f 6647 6733 6661
f 9758 6733 6568
f 6840 6662 6570
f 6708 6840 6614
f 6710 6600 6481
f 6484 6635 6693
f 6617 6679 6843
f 6618 6765 6587
f 6563 6818 6606
f 6912 9652 6717
f 6619 6641 6444
f 6654 6653 6509
f 6448 6644 6832
f 6611 6645 6673
f 6775 6729 6597
f 6685 6775 6597
f 6578 6658 6686
f 6623 6624 6555
f 6923 6555 6624
f 6624 6625 6781
f 6852 6613 6592
f 6803 6580 6675
f 6580 6540 6675
f 6688 6498 6732
f 6744 6660 6761
f 6710 6709 6600
f 6664 6710 6586
f 6799 6712 6533
f 6534 6747 6763
f 6638 6765 6618
f 6545 6668 6698
f 6501 6604 6750
f 6714 6630 6649
f 6630 6543 6715
f 6633 6770 6632
f 9767 6639 6665
f 6457 6648 6699
f 6671 6543 6632
f 6632 6770 6671
f 9964 6605 6713
f 6605 6682 6713
f 6491 6749 6825
f 6691 6778 6747
f 6747 6584 6691
f 6667 6691 6584
f 6666 6707 6667
f 6663 6796 6615
f 6780 6678 6575
f 6575 6634 6780
f 6746 6780 6634
f 6628 6746 6634
f 6693 6616 6484
f 6843 6635 6617
f 6636 6533 6712
f 6681 6637 6603
f 6735 6681 6603
f 6603 6587 6735
f 6689 6665 6639
f 6640 6606 6737
f 6755 6723 6476
f 6476 6609 6755
f 6863 6831 6643
f 6742 6728 6423
f 6687 6538 6539
f 6598 6687 6579
f 6625 6612 6706
f 6612 6646 6706
f 6835 6557 6674
f 6803 6592 6517
f 6760 6540 6593
f 6676 6626 6743
f 6626 6581 6743
f 6761 6785 6744
f 6911 6786 6499
f 6499 6647 6911
f 6457 6699 6669
f 6648 6670 6699
f 6671 6715 6543
f 6770 6633 6672
f 6650 6651 6697
f 6737 6771 6640
f 6716 6737 6606
f 6654 6754 6653
f 6723 6588 6476
f 6495 6755 6609
f 6794 6644 6620
f 6724 6794 6620
f 6766 6705 6657
f 6730 6686 6658
f 6802 6646 6599
f 6599 6782 6802
f 6782 6659 6731
f 6659 6557 6731
f 6966 6743 6581
f 6691 6667 6707
f 6796 6692 6615
f 6600 6709 6663
f 6601 6571 6779
f 6765 6694 6587
f 6690 6665 6689
f 6662 6666 6667
f 6692 6708 6615
f 6575 6779 6571
f 6682 6695 6895
f 6805 6604 6669
f 6699 6805 6669
f 6751 6683 6714
f 6606 6818 6716
f 6607 6641 6619
f 6739 6684 6752
f 6700 6752 6684
f 6702 6564 6703
f 6703 6642 6819
f 6862 6819 6642
f 6723 6849 6588
f 6755 6495 7072
f 6536 6726 6596
f 6536 6622 6864
f 6880 6864 6622
f 6727 6880 6622
f 6610 6881 6365
f 6658 6538 6730
f 6687 6730 6538
f 6783 6731 6557
f 6557 6835 6783
f 6836 6676 6743
f 6689 6639 6734
f 6690 6762 6665
f 6664 6601 6779
f 6678 6780 6869
f 6843 6693 6635
f 6712 6711 6636
f 6680 6637 6764
f 6808 6764 6637
f 6637 6681 6808
f 6694 6735 6587
f 6713 6682 6844
f 6491 6629 6696
f 6650 6696 6629
f 6715 6649 6630
f 6739 6792 6607
f 6700 6702 6701
f 6722 6754 6654
f 6849 6722 6654
f 6741 6511 6831
f 6831 6863 7073
f 6657 6578 6800
f 6965 6852 6592
f 6966 6581 6885
f 6817 6885 6581
f 6581 6688 6817
f 6688 6732 6817
f 6744 6785 6784
f 6837 6761 6660
f 6838 6911 6647
f 6734 6777 6689
f 6662 6840 6891
f 6796 6663 6811
f 6664 6745 6710
f 6678 6779 6575
f 6843 6814 6693
f 6825 6895 6695
f 6696 6749 6491
f 6697 6651 6896
f 6651 6698 6896
f 7002 6698 6668
f 6792 6641 6607
f 6752 6793 6739
f 6701 6752 6700
f 6703 6718 6702
f 6642 6753 6977
f 6741 6831 6830
f 6673 6645 6822
f 6800 6766 6657
f 6686 6730 6801
f 6598 6815 6687
f 6816 6835 6674
f 6613 6852 6816
f 6592 6803 6965
f 6760 6675 6540
f 6541 6676 6836
f 6627 6837 6566
f 6786 6949 6627
f 6661 6838 6647
f 6762 6776 9769
f 6798 6663 6709
f 6745 6798 6709
f 6709 6710 6745
f 6616 6693 6947
f 6814 6947 6693
f 6711 6679 6636
f 6898 6765 6638
f 6736 6898 6638
f 9964 6713 6748
f 6826 6750 6604
f 6751 6670 6683
f 6769 6751 6649
f 6649 6715 6769
f 9976 6770 6672
f 6701 6702 6718
f 6773 6720 6719
f 6849 6723 6740
f 6724 6725 6820
f 6902 6758 6673
f 6822 6902 6673
f 6645 6833 6822
f 6578 6686 6800
f 6815 6730 6687
f 6884 6923 6624
f 6624 6781 6884
f 6802 6706 6646
f 6783 7044 6731
f 6837 6627 6949
f 6776 9774 9769
f 6807 6777 6734
f 6762 6690 6824
f 6690 6777 6861
f 6691 6707 6906
f 6708 6692 6840
f 6745 6664 6841
f 6779 6841 6664
f 6767 6748 6713
f 6713 6844 6767
f 6805 6826 6604
f 6714 6649 6751
f 6788 6912 6717
f 6717 6641 6788
f 6718 6703 6790
f 6642 6977 6862
f 6720 6773 6991
f 6829 6704 6741
f 6741 6830 6829
f 6645 6655 6833
f 6598 6759 6866
f 6555 6923 6759
f 6836 6760 6541
f 6796 6919 6692
f 6779 6678 6812
f 6780 6746 6842
f 6746 6628 6842
f 6905 6711 6712
f 6712 6799 6905
f 6778 6763 6747
f 6809 6681 6735
f 6735 6694 6809
f 6810 6809 6694
f 6765 6810 6694
f 6844 6682 6768
f 6652 7002 6668
f 6845 6652 6750
f 6750 6826 6845
f 6805 6699 6915
f 6846 6715 6671
f 6827 6846 6671
f 6671 6770 6827
f 6716 6818 7065
f 6793 6752 6789
f 6719 6720 6978
f 6722 6917 6754
f 7072 6723 6755
f 6832 6589 6756
f 6794 6724 6820
f 6791 6621 6821
f 6757 6728 6774
f 6728 6742 6774
f 7028 6881 6610
f 6729 6775 6850
f 6851 9727 6685
f 6685 6705 6851
f 6759 6923 6834
f 6733 9758 6968
f 6861 6824 6690
f 6778 6691 6906
f 6906 6707 6854
f 6870 6854 6707
f 6707 6666 6870
f 6853 6870 6666
f 6666 6662 6853
f 6662 6891 6853
f 6919 6840 6692
f 6843 6679 7013
f 6679 6711 7013
f 6680 6764 9966
f 6810 6765 6898
f 6848 6898 6736
f 9582 6766 6800
f 6815 6883 6730
f 6866 6815 6598
f 6803 6675 6924
f 6743 6983 6836
f 6784 6732 6744
f 6925 6661 6733
f 6733 6968 6925
f 6895 6768 6682
f 6896 6857 6697
f 6897 6699 6670
f 6670 6751 6897
f 6846 6769 6715
f 6827 6770 9976
f 6787 6839 6771
f 6771 6737 6787
f 6788 6926 6912
f 6739 6793 6792
f 6701 6789 6752
f 6773 6721 6991
f 6653 6721 6595
f 6828 6495 6704
f 6878 6863 6589
f 6589 6832 6878
f 6725 6621 6879
f 6621 6791 6879
f 6864 6726 6536
f 6727 6757 7026
f 6959 7028 6610
f 6775 6685 6850
f 9727 6850 6685
f 9582 6851 6705
f 9774 6776 6875
f 6776 6888 6823
f 6776 6762 6888
f 6762 6824 6804
f 6861 6777 6806
f 6807 6806 6777
f 6811 6663 6797
f 6798 6797 6663
f 6841 6798 6745
f 6812 6841 6779
f 6812 6678 6962
f 6869 6962 6678
f 6628 6616 6813
f 6947 6813 6616
f 6963 6799 6763
f 6847 6808 6681
f 6924 6965 6803
f 7035 6818 6738
f 6912 7035 6738
f 6641 6792 6788
f 6819 6790 6703
f 6772 6719 6978
f 6653 6754 6917
f 7072 6495 6828
f 6880 6727 7026
f 6742 6881 6774
f 6610 6758 6959
f 6902 6959 6758
f 6850 6795 6729
f 6823 6875 6776
f 6804 6888 6762
f 6748 6767 6856
f 6650 6697 6929
f 9610 6788 6792
f 6753 6772 6978
f 6829 6828 6704
f 7027 6774 6881
f 6902 6822 6960
f 6833 6940 6822
f 6841 6868 6798
f 6799 6963 6905
f 6964 6963 6763
f 6763 6778 6964
f 6681 6809 6847
f 6908 6800 6686
f 6801 6908 6686
f 6834 6922 6759
f 6706 6802 7017
f 7104 7017 6802
f 6948 7104 6802
f 6802 6782 6948
f 6969 6787 6737
f 6737 6716 6969
f 6767 6844 6856
f 6873 6844 6768
f 6895 6825 6928
f 6696 6650 6929
f 6857 6929 6697
f 6848 6899 6898
f 6842 6869 6780
f 9582 6800 6865
f 6908 6865 6800
f 6884 6781 7016
f 6782 6731 6948
f 6981 7044 6783
f 6783 6835 6981
f 7018 6885 6817
f 6817 6732 7018
f 6784 7018 6732
f 7034 6949 6786
f 6701 6718 6877
f 6862 6901 6819
f 6644 6794 6832
f 6794 6820 6957
f 6940 6960 6822
f 6861 9984 6890
f 6768 6895 6927
f 6928 6825 6749
f 6929 6749 6696
f 6897 6915 6699
f 6769 6931 6751
f 6809 6810 6933
f 6871 6894 6848
f 9610 6792 6867
f 6876 6789 6701
f 6701 6877 6876
f 6790 6877 6718
f 6916 6862 6977
f 6978 6977 6753
f 6829 6830 6938
f 6820 6725 7222
f 6879 7222 6725
f 6908 6801 6909
f 6801 6883 6909
f 6999 6982 6852
f 6852 6965 6999
f 6887 6911 6838
f 6838 6661 6887
f 6787 9760 6839
f 6891 6840 6903
f 6840 6919 6903
f 6919 6796 6942
f 6811 6942 6796
f 6868 6841 6944
f 6842 6628 6813
f 6814 6843 6994
f 7013 6994 6843
f 6856 6844 6873
f 6845 6826 6951
f 6915 6826 6805
f 6952 6931 6769
f 6846 6952 6769
f 6846 6827 6874
f 9966 7047 6893
f 6764 6808 7047
f 6847 6809 7025
f 6898 6933 6810
f 6894 6899 6848
f 6872 9771 6934
f 6901 6790 6819
f 6991 6721 7070
f 6722 6849 6937
f 7222 6957 6820
f 6958 6791 6821
f 6821 6726 6958
f 6864 6958 6726
f 6655 6795 6882
f 6866 6883 6815
f 6922 6866 6759
f 7017 7016 6706
f 6835 6816 7171
f 6982 6816 6852
f 6761 6837 6886
f 6818 7035 7065
f 6792 6793 6867
f 6797 6798 6943
f 6868 6943 6798
f 6945 6944 6841
f 6841 6812 6945
f 6962 6869 6946
f 6778 6906 6892
f 6855 9794 9792
f 9794 6855 9784
f 6856 6873 9967
f 6927 6873 6768
f 6749 6929 6971
f 6915 7004 6826
f 6931 6986 6751
f 6858 9778 6935
f 9943 6935 9778
f 6859 6860 9763
f 6890 6824 6861
f 6916 6901 6862
f 7048 7070 6721
f 6721 6653 7048
f 6917 7048 6653
f 6849 6740 6937
f 6830 6831 7049
f 6831 7073 7049
f 6940 6833 7075
f 6833 6655 7075
f 6882 7075 6655
f 9582 6865 6921
f 7016 7084 6884
f 6948 6731 7032
f 7171 6981 6835
f 6743 6966 7173
f 6967 7018 6784
f 6785 6761 7061
f 7062 7061 6761
f 6661 6925 7112
f 6789 7021 6793
f 6876 9765 6789
f 6941 7011 6855
f 6855 9792 6941
f 6942 7012 6919
f 7077 6946 6869
f 6869 6842 7077
f 6906 6854 6907
f 9791 6907 6854
f 6854 6870 9791
f 7039 6808 6847
f 7025 7039 6847
f 6871 6872 6934
f 9771 9766 6934
f 6824 7024 6804
f 6913 6890 9984
f 7002 6652 7003
f 6897 6985 6915
f 6897 6751 6986
f 6935 7001 6858
f 7066 6860 6875
f 6900 6876 6877
f 6877 6790 6936
f 6829 6938 7258
f 6939 6863 6878
f 6757 6774 7074
f 7027 6881 6992
f 7028 6992 6881
f 6909 6980 6908
f 6883 6866 6998
f 7084 6923 6884
f 6966 6885 7033
f 6886 7062 6761
f 6786 6911 7063
f 7000 6887 6661
f 6661 7112 7000
f 6787 6969 7086
f 6912 6926 6970
f 6867 7020 9610
f 6789 9765 6950
f 6823 7066 6875
f 6853 6891 6918
f 6996 6918 6891
f 6891 6903 6996
f 6904 6811 6943
f 6811 6797 6943
f 6943 6868 6920
f 6962 6945 6812
f 6892 6964 6778
f 6894 6871 6954
f 6873 6914 9967
f 6927 6895 6928
f 6896 6698 6930
f 6698 7002 6930
f 6951 7003 6652
f 6652 6845 6951
f 7004 6951 6826
f 6972 6985 6897
f 6986 6972 6897
f 6953 6952 6846
f 6846 6874 6953
f 6874 9963 6953
f 7039 6987 6808
f 6933 6975 6809
f 6933 6898 6989
f 6898 6899 6989
f 6955 6954 6871
f 6900 6877 7007
f 6937 7071 6722
f 6828 6829 7008
f 7258 7008 6829
f 7073 6863 7221
f 7161 6958 6864
f 7040 6941 9792
f 6903 6919 6961
f 6942 6811 6904
f 6892 6906 7099
f 6907 7099 6906
f 6932 6893 7047
f 6921 6865 7030
f 6865 6908 6980
f 7044 7032 6731
f 6983 6910 6836
f 6743 7173 7045
f 7035 6912 6970
f 7009 9949 9958
f 7001 7015 6976
f 6976 6858 7001
f 6935 9943 9944
f 6823 6888 6984
f 6857 6896 6930
f 6931 6952 6973
f 6936 7007 6877
f 6790 6901 6990
f 7008 7072 6828
f 6939 7221 6863
f 7095 6832 6794
f 6864 6880 7202
f 7026 7202 6880
f 7040 6993 6941
f 6996 6903 6961
f 6919 7012 6961
f 6907 9791 9780
f 6921 9724 9582
f 7030 6865 6980
f 6883 7014 6909
f 6923 7084 6834
f 7104 7152 7017
f 7297 6675 6760
f 6836 7297 6760
f 6983 6743 7045
f 6785 6967 6784
f 6886 6837 6949
f 7063 7034 6786
f 7019 7063 6911
f 6911 6887 7019
f 9626 7112 6925
f 6925 6968 9626
f 9625 9760 7086
f 9760 6787 7086
f 6716 7065 6969
f 7020 6867 7021
f 6867 6793 7021
f 7037 6890 6913
f 9968 7037 6913
f 7046 6914 6873
f 6873 6927 7046
f 6928 7046 6927
f 6929 6857 7118
f 6857 6930 7118
f 6985 7004 6915
f 6931 6973 6986
f 7005 6973 6952
f 6974 7047 6808
f 6989 6975 6933
f 6899 6894 6989
f 7122 6989 6894
f 6901 6916 6990
f 7071 7048 6917
f 6878 6832 6939
f 7052 6939 6832
f 6957 7222 7050
f 7053 6960 6940
f 9945 7011 7010
f 6993 7011 6941
f 7040 9779 9789
f 7029 7012 6942
f 6904 7029 6942
f 6868 6944 6920
f 6813 6947 7165
f 6963 6995 6905
f 6979 6963 6964
f 7014 6883 6997
f 6816 6982 7171
f 6836 6910 7297
f 6949 7034 6886
f 6789 6950 7022
f 6950 9777 7022
f 6888 6889 6984
f 7024 6889 6804
f 6971 6928 6749
f 7118 6971 6929
f 7025 6809 6975
f 6954 7122 6894
f 6955 7091 6954
f 7001 6935 7057
f 6900 9770 6876
f 7093 6936 6790
f 6790 6990 7093
f 6916 6977 7069
f 7324 6991 7070
f 6938 6830 7049
f 7339 6794 6957
f 6959 6902 7108
f 6945 6962 7041
f 6946 7041 6962
f 6842 6813 7042
f 6711 6905 7078
f 6995 7078 6905
f 6979 6995 6963
f 6964 6892 6979
f 7099 6979 6892
f 7146 7099 6907
f 7033 7173 6966
f 6968 9625 9626
f 7086 7064 9625
f 7066 6823 7036
f 6984 7036 6823
f 6889 7024 7023
f 6890 7024 6824
f 6952 6953 7005
f 7006 7005 6953
f 6974 6808 6987
f 7122 6954 7091
f 6976 7015 6956
f 9944 7057 6935
f 7069 6990 6916
f 6977 6978 7069
f 6978 6720 7200
f 6991 7200 6720
f 7218 7070 7048
f 6740 7178 6937
f 7095 7052 6832
f 7139 7161 6864
f 7026 6757 7096
f 7074 7096 6757
f 7009 9945 7010
f 9788 6996 6961
f 6904 6943 7144
f 7129 7110 6943
f 6943 6920 7129
f 7042 6813 7165
f 6921 7079 9724
f 6980 6909 7126
f 7014 7126 6909
f 7060 6998 6866
f 6866 6922 7060
f 6922 6834 7060
f 7044 6981 7085
f 7033 6885 7018
f 7019 6887 7195
f 6887 7000 7195
f 7021 6789 7115
f 7022 7115 6789
f 7015 7001 7080
f 6914 7037 9968
f 6951 7004 7088
f 7004 6985 7089
f 6986 6973 7120
f 7177 6973 7005
f 7025 6975 7106
f 6989 7122 9578
f 7091 6955 7107
f 7047 7038 6932
f 6975 6989 7106
f 7200 7128 6978
f 7071 6937 7138
f 7028 6959 7051
f 6940 7075 7053
f 7097 9953 7009
f 7009 7010 7098
f 7144 6943 7110
f 7041 6944 6945
f 7077 6842 7042
f 7165 6947 7111
f 6814 7111 6947
f 6814 6994 7111
f 7078 7013 6711
f 7126 7124 6980
f 7102 6997 6998
f 6834 7084 7103
f 7087 7022 9777
f 9777 9768 7087
f 6956 7015 7192
f 9954 9948 7058
f 9770 6900 7127
f 7007 7127 6900
f 6936 7092 7007
f 7217 7069 6978
f 7128 7217 6978
f 6991 7324 7200
f 7027 7074 6774
f 7097 7009 7098
f 7011 6993 7109
f 7029 6904 7144
f 6920 6944 7129
f 7076 7129 6944
f 6946 7077 7183
f 7078 6994 7013
f 7030 6980 7123
f 7152 7130 7016
f 7016 7017 7152
f 7194 7085 6981
f 7269 7171 6982
f 7210 6982 6999
f 6999 6965 7210
f 7020 7021 7176
f 7023 7024 7117
f 7157 7117 7024
f 7024 6890 7157
f 7120 7189 6972
f 6972 6986 7120
f 7005 7006 7121
f 7038 7159 7006
f 7039 7025 7090
f 7305 7090 7025
f 7050 7222 7477
f 7053 7203 6960
f 7223 7140 7075
f 6882 7223 7075
f 7041 7076 6944
f 6994 7078 7145
f 7055 6995 6979
f 6979 7099 7055
f 7079 6921 7123
f 6921 7030 7123
f 9950 7126 7031
f 7192 7043 6956
f 7100 7015 7080
f 7056 7080 7001
f 7057 7056 7001
f 7193 7104 6948
f 7131 7230 6924
f 6924 6675 7131
f 6886 7034 7249
f 7063 7249 7034
f 7035 6970 7133
f 6984 7067 7036
f 6890 7037 7157
f 7068 7037 6914
f 6914 7046 7068
f 7046 6928 7068
f 6971 7118 7136
f 7119 7089 6985
f 6985 6972 7119
f 7189 7119 6972
f 7158 7120 6973
f 6973 7177 7158
f 6987 7039 7090
f 7025 6988 7305
f 7097 7142 9953
f 6993 7040 7162
f 7054 7162 7012
f 7012 7029 7054
f 7183 7041 6946
f 7100 7192 7015
f 7101 7056 7057
f 7149 7058 9948
f 7081 7149 9948
f 7060 7102 6998
f 7170 7060 6834
f 7130 7084 7016
f 7085 7032 7044
f 7154 7020 7114
f 7176 7114 7020
f 7066 7036 7134
f 6889 7023 7156
f 7135 7068 6928
f 6928 6971 7135
f 7234 7003 6951
f 7089 7088 7004
f 7159 7121 7006
f 7025 7106 6988
f 7106 6989 9578
f 7127 7007 7092
f 7069 7094 6990
f 7138 6937 7257
f 7178 7257 6937
f 7072 7008 7179
f 7050 7339 6957
f 6864 7202 7139
f 7027 6992 7309
f 7108 7051 6959
f 7203 6902 6960
f 9729 7223 6882
f 7216 7255 6936
f 7093 7216 6936
f 7094 7093 6990
f 7201 6740 6723
f 6723 7072 7201
f 6794 7339 7095
f 6879 6791 7259
f 6791 6958 7259
f 7202 7026 7096
f 7010 7011 7109
f 7144 7054 7029
f 7057 7058 7101
f 6997 7102 7169
f 6834 7103 7170
f 6675 7297 7131
f 7231 7033 7018
f 7153 7113 7086
f 7086 6969 7153
f 6969 7065 7212
f 7065 7035 7212
f 7133 7212 7035
f 7133 6970 7175
f 7067 6984 7155
f 7117 7156 7023
f 7136 7135 6971
f 7105 6930 7002
f 7002 7003 7105
f 7160 7159 7038
f 7038 7047 7160
f 7047 6974 7160
f 6987 7215 6974
f 7091 7107 7254
f 7092 6936 7255
f 7200 7238 7128
f 7218 7324 7070
f 7218 7048 7239
f 7071 7239 7048
f 7178 6740 7394
f 7201 7394 6740
f 7072 7179 7201
f 7073 7221 7476
f 7221 6939 7241
f 7339 7050 7477
f 7074 7275 7096
f 7261 6992 7028
f 7028 7051 7261
f 7203 7108 6902
f 7180 7203 7053
f 7140 7053 7075
f 7142 7141 9953
f 7109 7098 7010
f 6993 7162 7143
f 7184 7099 7146
f 7079 7123 7181
f 7124 7123 6980
f 7124 7126 7125
f 9782 7043 7265
f 7101 7058 7149
f 7082 7167 7081
f 6997 7169 7059
f 7151 7103 7084
f 7193 6948 7032
f 7173 7172 7045
f 7173 7033 7248
f 7018 6967 7231
f 7064 7086 7113
f 7115 7022 7087
f 7087 9768 7116
f 7067 7134 7036
f 7156 7155 6984
f 6984 6889 7156
f 7068 7197 7037
f 6951 7088 7234
f 7122 7091 7191
f 7069 7217 7290
f 7476 7049 7073
f 6939 7052 7241
f 7309 7074 7027
f 7141 7142 7182
f 7143 7109 6993
f 7054 7163 7162
f 7129 7076 7207
f 7041 7183 7263
f 7184 7055 7099
f 7185 9785 7166
f 7149 7148 7101
f 7167 7149 7081
f 7102 7060 7247
f 7151 7187 7103
f 7152 7104 7268
f 7193 7268 7104
f 7193 7032 7370
f 7085 7370 7032
f 7211 7210 6965
f 6965 6924 7211
f 7230 7211 6924
f 6910 6983 7132
f 6983 7045 7132
f 7045 7172 7132
f 6785 7188 6967
f 6785 7061 7188
f 7000 7112 7279
f 9747 7116 9764
f 9764 7134 9747
f 7136 7251 7135
f 7121 7177 7005
f 7236 7121 7159
f 7199 6987 7090
f 7090 7305 7199
f 7254 7191 7091
f 7340 7259 6958
f 7097 7098 7205
f 7144 7110 7164
f 7246 7183 7077
f 7042 7246 7077
f 7145 7165 7111
f 7111 6994 7145
f 6995 7055 7225
f 7186 7166 9782
f 7265 7186 9782
f 7265 7043 7226
f 7056 7101 7147
f 7083 7059 7168
f 7059 7169 7168
f 6981 7171 7194
f 7061 7062 7188
f 7232 7112 9626
f 6970 7154 7175
f 7176 7299 7114
f 7176 7021 7213
f 7021 7115 7213
f 7087 7213 7115
f 7117 7157 7196
f 7157 7037 7272
f 7197 7272 7037
f 7135 7197 7068
f 7136 7118 7214
f 7119 7088 7089
f 7160 6974 7215
f 7191 7137 7122
f 9723 7079 7181
f 7123 7124 7224
f 7125 7126 9950
f 7092 7323 7127
f 7093 7094 7216
f 7217 7128 7238
f 7222 6879 7422
f 7259 7422 6879
f 7621 7340 6958
f 6958 7161 7621
f 7096 7503 7202
f 7074 7309 7260
f 7261 7309 6992
f 7051 7108 7242
f 7053 7140 7180
f 7245 7054 7144
f 7164 7110 7206
f 7129 7206 7110
f 7225 7078 6995
f 7055 7184 7225
f 7147 7101 7148
f 7150 7167 7082
f 7168 7150 7082
f 7102 7247 7278
f 7229 7247 7060
f 7187 7170 7103
f 7297 7495 7131
f 7248 7033 7231
f 7188 7231 6967
f 7174 7064 7113
f 6969 7212 7153
f 7067 9747 7134
f 7214 7251 7136
f 7118 6930 7214
f 7236 7177 7121
f 6987 7199 7237
f 7254 9772 7289
f 7123 7327 7181
f 7224 7124 7125
f 7472 7216 7094
f 7094 7069 7290
f 7220 7258 6938
f 6938 7049 7220
f 7275 7503 7096
f 7223 7341 7140
f 9960 7125 9950
f 7205 7182 7142
f 7142 7097 7205
f 7098 7109 7243
f 7109 7143 7244
f 7144 7164 7245
f 7076 7041 7347
f 7263 7347 7041
f 7042 7165 7246
f 7208 7100 7080
f 7056 7208 7080
f 7148 7149 7294
f 7102 7278 7169
f 7060 7170 7229
f 7084 7130 7151
f 7173 7352 7172
f 7112 7232 7279
f 7175 7154 7281
f 7155 7156 7328
f 7196 7233 7117
f 6930 7105 7214
f 7252 7234 7088
f 7088 7119 7285
f 7119 7189 7335
f 7160 7236 7159
f 7160 7215 7321
f 7237 7215 6987
f 7092 7255 7362
f 7408 7291 7095
f 7095 7339 7408
f 7108 7203 7325
f 7181 7271 9723
f 7271 7181 7327
f 7224 7327 7123
f 7182 7204 7141
f 7143 7162 7311
f 7163 7311 7162
f 7347 7207 7076
f 7184 7146 7276
f 7192 7226 7043
f 7209 7149 7167
f 7150 7295 7167
f 7495 7230 7131
f 7248 7352 7173
f 7249 7062 6886
f 7249 7063 7354
f 7250 7063 7019
f 7019 7195 7250
f 7195 7000 7371
f 7279 7371 7000
f 7213 7087 9744
f 7155 7328 7067
f 7233 7156 7117
f 7272 7196 7157
f 7329 7105 7003
f 7003 7234 7329
f 7285 7252 7088
f 7189 7120 7287
f 7158 7287 7120
f 7158 7177 7287
f 6988 7106 7190
f 7106 9578 7190
f 9602 7190 9578
f 9578 7137 9602
f 7094 7290 7307
f 7238 7200 7380
f 7179 7008 7240
f 7052 7095 7291
f 7242 7108 7325
f 7180 7292 7203
f 7365 7292 7180
f 7205 7098 7243
f 7245 7163 7054
f 7206 7129 7207
f 7183 7246 7348
f 7264 7145 7078
f 7078 7225 7264
f 7276 7225 7184
f 7208 7192 7100
f 7294 7147 7148
f 7295 7209 7167
f 7295 7150 7227
f 7150 7168 7228
f 7169 7228 7168
f 7266 7169 7278
f 7267 7151 7130
f 7194 7171 7411
f 7171 7269 7411
f 7188 7062 7413
f 7174 7113 7270
f 7356 7212 7133
f 7287 7286 7189
f 7287 7177 7235
f 7236 7235 7177
f 7274 7236 7160
f 7306 7199 7305
f 9602 7137 7322
f 7345 7245 7164
f 7206 7345 7164
f 7263 7183 7348
f 7276 7146 7185
f 7277 7166 7186
f 7150 7228 7227
f 7266 7228 7169
f 7388 7231 7188
f 7250 7354 7063
f 7371 7250 7195
f 7283 7328 7156
f 7156 7233 7283
f 7198 7272 7197
f 7197 7135 7198
f 7135 7251 7198
f 7214 7273 7251
f 7252 7285 7303
f 7335 7285 7119
f 7335 7189 7286
f 7218 7239 7219
f 7008 7258 7240
f 7490 7220 7049
f 7242 7261 7051
f 9959 7224 7125
f 7204 7182 7310
f 7243 7109 7366
f 7109 7244 7366
f 7185 7166 7277
f 7208 7056 7147
f 7149 7209 7333
f 7130 7152 7268
f 7387 7132 7172
f 7352 7387 7172
f 7133 7175 7280
f 7196 7300 7233
f 7302 7273 7214
f 7214 7105 7302
f 7237 7288 7215
f 7378 7237 7199
f 7199 7306 7378
f 7253 7322 7137
f 7137 7191 7253
f 7254 7253 7191
f 7362 7323 7092
f 7255 7216 7256
f 7308 7290 7217
f 7238 7308 7217
f 7364 7238 7380
f 7239 7071 7474
f 7138 7474 7071
f 7337 7476 7221
f 7221 7241 7337
f 7291 7241 7052
f 7140 7365 7180
f 7223 9722 7341
f 7182 7205 7395
f 7243 7262 7205
f 7311 7244 7143
f 7344 7311 7163
f 7246 7165 7368
f 7145 7264 7331
f 7192 7208 7385
f 7315 7247 7229
f 7229 7170 7315
f 7267 7187 7151
f 7268 7267 7130
f 7463 7085 7194
f 7355 7279 7232
f 7280 7356 7133
f 7281 7280 7175
f 7400 7317 7213
f 9744 7400 7213
f 7067 7328 7416
f 7300 7484 7233
f 7196 7272 7320
f 7198 7251 7301
f 7252 7329 7234
f 7274 7235 7236
f 6988 7190 7360
f 7253 7254 7336
f 7307 7472 7094
f 7308 7238 7435
f 7364 7435 7238
f 7219 7239 7474
f 7477 7222 7422
f 7341 7365 7140
f 7395 7310 7182
f 7395 7205 7262
f 7293 7344 7163
f 7163 7245 7293
f 7206 7207 7424
f 7276 7264 7225
f 7277 7276 7185
f 7186 7265 7332
f 7208 7147 7313
f 7333 7294 7149
f 7278 7247 7314
f 7396 7314 7247
f 7396 7247 7315
f 7170 7316 7315
f 7268 7193 7462
f 7386 7269 6982
f 6982 7210 7386
f 7334 7386 7210
f 7210 7211 7334
f 7353 7413 7062
f 7270 7113 7483
f 7299 7176 7317
f 7176 7213 7317
f 7282 7318 9747
f 9747 7067 7282
f 7416 7282 7067
f 7272 7198 7357
f 7251 7273 7301
f 7284 7329 7252
f 7303 7284 7252
f 7287 7235 7376
f 7274 7160 7321
f 7304 7321 7215
f 7487 7305 6988
f 7289 7336 7254
f 7256 7362 7255
f 7472 7256 7216
f 7453 7200 7420
f 7324 7420 7200
f 7324 7218 7330
f 7260 7275 7074
f 7424 7345 7206
f 7346 7424 7207
f 7207 7347 7346
f 7348 7347 7263
f 7349 7368 7165
f 7165 7145 7349
f 7331 7349 7145
f 7265 7226 7332
f 7385 7312 7226
f 7226 7192 7385
f 7227 7460 7295
f 7428 7187 7267
f 7462 7410 7268
f 7411 7463 7194
f 7211 7230 7334
f 7298 7397 6910
f 7132 7298 6910
f 7532 7387 7352
f 7062 7249 7353
f 7373 7153 7212
f 7212 7356 7373
f 7224 9959 7342
f 7283 7233 7484
f 7320 7300 7196
f 7302 7301 7273
f 7329 7302 7105
f 7288 7304 7215
f 7237 7378 7377
f 7487 7306 7305
f 7360 7487 6988
f 7380 7200 7453
f 7219 7330 7218
f 7474 7138 7525
f 7257 7525 7138
f 7475 7201 7179
f 7179 7240 7475
f 7476 7490 7049
f 7622 7139 7202
f 7202 7503 7622
f 7366 7262 7243
f 7383 7293 7245
f 7345 7383 7245
f 7384 7348 7246
f 7368 7384 7246
f 7542 7333 7209
f 7227 7228 7296
f 7228 7266 7296
f 7314 7266 7278
f 7398 7248 7231
f 7388 7398 7231
f 7465 7353 7249
f 7113 7153 7414
f 7373 7446 7153
f 7317 7399 7299
f 7320 7272 7468
f 7303 7285 7335
f 7286 7287 7376
f 7235 7274 7359
f 7304 7288 7402
f 7190 9603 7360
f 7289 7323 7336
f 7290 7308 7363
f 7257 7178 7551
f 7394 7551 7178
f 7240 7258 7501
f 7220 7501 7258
f 7635 7621 7161
f 7161 7139 7635
f 7327 7224 7342
f 7310 7395 7440
f 7366 7244 7367
f 7369 7331 7264
f 7264 7276 7369
f 7332 7277 7186
f 7208 7313 7385
f 7313 7147 7426
f 7294 7333 9609
f 7460 7209 7295
f 7444 7296 7266
f 7266 7314 7444
f 7481 7316 7170
f 7187 7481 7170
f 7267 7268 7410
f 7370 7085 7482
f 6910 7495 7297
f 7328 7283 7319
f 7301 7302 7392
f 7237 7377 7288
f 7336 7323 7379
f 7434 7472 7307
f 7338 7337 7241
f 7241 7291 7338
f 7552 7309 7261
f 7242 7552 7261
f 7203 7292 7608
f 7343 9951 7204
f 7204 7310 7343
f 7382 7343 7310
f 7311 7367 7244
f 7460 7227 7351
f 7412 7352 7248
f 7413 7388 7188
f 7413 7353 7496
f 7249 7354 7465
f 7371 7279 7389
f 7355 7389 7279
f 7483 7372 7270
f 7153 7446 7414
f 7429 7356 7280
f 7282 7431 7318
f 7416 7328 7515
f 7357 7468 7272
f 7393 7392 7302
f 7376 7335 7286
f 7362 7379 7323
f 7472 7407 7256
f 7363 7307 7290
f 7330 7420 7324
f 7475 7394 7201
f 7325 7203 7437
f 7439 7438 7365
f 7365 7341 7439
f 7478 7326 7271
f 7271 7327 7409
f 7327 7342 7409
f 7328 7319 7515
f 7302 7329 7393
f 7329 7284 7375
f 7376 7432 7335
f 7359 7376 7235
f 7377 7402 7288
f 7404 9603 7322
f 7322 7253 7404
f 7253 7336 7361
f 7407 7362 7256
f 7307 7363 7434
f 7476 7337 7454
f 7291 7408 7421
f 7552 7260 7309
f 7478 9728 7326
f 7409 7478 7271
f 9951 7343 7381
f 7311 7344 7455
f 7350 7369 7276
f 7276 7277 7350
f 7277 7332 7350
f 7332 7226 7312
f 7147 7294 7426
f 7542 9609 7333
f 7398 7412 7248
f 7250 7535 7354
f 7399 7430 7281
f 7431 7282 9748
f 7320 7468 7374
f 7468 7357 7390
f 7357 7198 7391
f 7301 7391 7198
f 7301 7392 7358
f 7375 7393 7329
f 7284 7303 7449
f 7303 7335 7401
f 7335 7432 7401
f 7274 7321 7486
f 7419 7486 7321
f 7321 7304 7419
f 7402 7377 7606
f 7361 7404 7253
f 7361 7336 7379
f 7525 7257 7500
f 7551 7500 7257
f 7526 7475 7240
f 7608 7437 7203
f 7455 7367 7311
f 7425 7346 7347
f 7347 7348 7425
f 7384 7479 7348
f 7458 7350 7332
f 7209 7460 7459
f 7427 7444 7314
f 7314 7396 7427
f 7428 7481 7187
f 7577 7462 7193
f 7193 7370 7577
f 7352 7412 7532
f 7414 7483 7113
f 7430 7467 7281
f 7484 7319 7283
f 7300 7320 7374
f 7391 7390 7357
f 7449 7375 7284
f 7401 7449 7303
f 7274 7486 7359
f 7487 7360 7433
f 7360 9603 7433
f 7379 7406 7361
f 7362 7406 7379
f 7491 7552 7242
f 7538 7242 7325
f 7438 7292 7365
f 7409 7342 7554
f 7395 7262 7440
f 7262 7366 7440
f 7293 7571 7344
f 7441 7571 7293
f 7293 7383 7441
f 7479 7425 7348
f 7349 7331 7457
f 7331 7369 7457
f 7542 7209 7459
f 7315 7316 7494
f 7410 7461 7267
f 7482 7577 7370
f 7463 7482 7085
f 7495 6910 7397
f 7467 7429 7280
f 7280 7281 7467
f 9748 7282 7447
f 7416 7447 7282
f 7391 7301 7358
f 7448 7393 7375
f 9603 7404 7403
f 7551 7394 7436
f 7421 7338 7291
f 7341 9726 7439
f 9725 7439 9726
f 7381 7343 9570
f 7343 7382 9570
f 7440 7382 7310
f 7383 7345 7456
f 7424 7456 7345
f 7368 7349 7493
f 7350 7457 7369
f 7413 7398 7388
f 7465 7496 7353
f 7250 7371 7535
f 7372 7466 7355
f 7429 7373 7356
f 7417 7515 7319
f 7319 7484 7417
f 7468 7390 7485
f 7393 7358 7392
f 7450 7432 7376
f 7376 7359 7450
f 7359 7418 7546
f 7359 7486 7418
f 7402 7419 7304
f 7565 7378 7306
f 9603 7403 7433
f 7406 7405 7361
f 7406 7362 7452
f 7407 7452 7362
f 7435 7364 7550
f 7330 7219 7489
f 7474 7489 7219
f 7342 7492 7554
f 7455 7440 7366
f 7367 7455 7366
f 7571 7423 7344
f 7456 7424 7541
f 7457 7493 7349
f 7385 7313 7442
f 7427 7396 7445
f 7396 7315 7445
f 7386 7334 7464
f 7230 7543 7334
f 7132 7387 7531
f 7535 7465 7354
f 7355 7579 7389
f 7497 7414 7446
f 7467 7430 7537
f 7430 7399 7563
f 7317 7400 7415
f 7400 9752 7415
f 7515 7545 7416
f 7516 7484 7300
f 7300 7374 7516
f 7469 7485 7390
f 7390 7391 7469
f 7449 7448 7375
f 7432 7450 7471
f 7377 7378 7498
f 7565 7498 7378
f 7405 7404 7361
f 7405 7406 7451
f 7473 7363 7308
f 7435 7473 7308
f 7502 7421 7408
f 7408 7339 7502
f 7339 7477 7648
f 7538 7491 7242
f 7382 7440 7505
f 7441 7383 7456
f 7384 7368 7493
f 7507 7458 7332
f 7332 7312 7507
f 7312 7385 7480
f 7313 7426 7443
f 7509 7351 7296
f 7296 7444 7509
f 7462 7461 7410
f 7512 7411 7269
f 7269 7386 7512
f 7543 7464 7334
f 7298 7132 7641
f 7531 7641 7132
f 7532 7531 7387
f 7372 7483 7466
f 7536 7466 7483
f 7483 7414 7497
f 7317 7563 7399
f 7545 7447 7416
f 7519 7358 7393
f 7647 7306 7487
f 7433 7403 7566
f 7473 7434 7363
f 7420 7330 7489
f 7648 7502 7339
f 7259 7583 7422
f 7503 7275 7504
f 7275 7260 7567
f 7608 7292 7636
f 7346 7541 7424
f 7457 7350 7573
f 7350 7458 7558
f 7442 7480 7385
f 7443 7442 7313
f 7528 9609 7529
f 9609 7542 7529
f 7315 7494 7445
f 7316 7481 7494
f 7428 7267 7510
f 7511 7510 7267
f 7267 7461 7511
f 7495 7543 7230
f 7398 7533 7412
f 7371 7389 7514
f 7355 7466 7579
f 7563 7537 7430
f 7358 7469 7391
f 7393 7448 7519
f 7470 7449 7401
f 7547 7402 7606
f 7647 7565 7306
f 7404 7405 7488
f 7451 7488 7405
f 7451 7406 7452
f 7473 9592 7434
f 7727 7394 7475
f 7337 7338 7774
f 7597 7635 7139
f 7139 7622 7597
f 7325 7437 7538
f 7438 7439 7568
f 9728 7478 7539
f 9570 7555 7381
f 7609 9570 7382
f 7540 7440 7455
f 7455 7344 7423
f 7493 7479 7384
f 7480 7507 7312
f 7351 7508 7460
f 7444 7427 7509
f 7481 7428 7494
f 7482 7463 7613
f 7535 7371 7513
f 7514 7513 7371
f 7389 7579 7514
f 7616 7497 7446
f 7446 7373 7616
f 7415 7563 7317
f 7520 7516 7374
f 7374 7468 7520
f 7485 7469 7518
f 7448 7449 7470
f 7401 7432 7470
f 7471 7470 7432
f 7546 7450 7359
f 7486 7546 7418
f 7407 7524 7452
f 7499 7434 9592
f 7380 7453 7620
f 7501 7526 7240
f 7490 7476 7634
f 7552 7567 7260
f 7505 7609 7382
f 7541 7586 7456
f 7541 7346 7527
f 7346 7425 7527
f 7425 7479 7527
f 7507 7558 7458
f 7459 7460 7508
f 7600 7445 7494
f 7461 7462 7576
f 7462 7577 7576
f 7639 7386 7464
f 7397 7626 7495
f 7533 7532 7412
f 7534 7398 7413
f 7413 7560 7534
f 7615 7496 7465
f 7561 7579 7466
f 7536 7580 7466
f 7429 7467 7660
f 9743 7563 7415
f 7517 7520 7468
f 7485 7517 7468
f 7519 7448 7521
f 7448 7470 7521
f 7471 7593 7470
f 7471 7450 7522
f 7498 7606 7377
f 7566 7487 7433
f 7581 7403 7404
f 7488 7581 7404
f 7407 7472 7524
f 7472 7434 7524
f 7499 7524 7434
f 7620 7364 7380
f 7740 7436 7394
f 7394 7727 7740
f 7706 7501 7220
f 7490 7706 7220
f 7774 7454 7337
f 7568 7636 7292
f 7292 7438 7568
f 7570 7539 7478
f 7478 7409 7570
f 7556 7505 7440
f 7440 7540 7556
f 7423 7540 7455
f 7506 7527 7479
f 7479 7493 7506
f 7442 7443 7681
f 7589 7508 7351
f 7509 7427 7599
f 7427 7445 7638
f 7669 7600 7494
f 7510 7494 7428
f 7613 7577 7482
f 7639 7512 7386
f 7640 7639 7464
f 7495 7625 7543
f 7397 7298 7626
f 7513 7602 7535
f 7616 7373 7698
f 7373 7429 7698
f 7545 7515 7594
f 7515 7417 7591
f 7417 7484 7617
f 7484 7516 7617
f 7592 7517 7485
f 7592 7485 7518
f 7469 7358 7564
f 7546 7522 7450
f 7546 7486 7523
f 7673 7473 7435
f 7550 7673 7435
f 7453 7420 7633
f 7489 7633 7420
f 7489 7474 7819
f 7774 7687 7454
f 7477 7422 7583
f 7583 7259 7666
f 7259 7340 7666
f 7568 7439 7569
f 7555 9570 7585
f 7441 7456 7586
f 7598 7506 7493
f 7572 7598 7493
f 7493 7457 7572
f 7573 7572 7457
f 7759 7480 7442
f 7530 7542 7459
f 7509 7589 7351
f 7599 7624 7509
f 7638 7599 7427
f 7511 7461 7576
f 7626 7625 7495
f 7580 7561 7466
f 7497 7536 7483
f 7522 7618 7471
f 7566 7403 7549
f 7403 7581 7549
f 7550 7364 7632
f 7525 7819 7474
f 7475 7526 7727
f 7741 7634 7476
f 7476 7454 7741
f 7338 7421 7607
f 7340 7621 7666
f 9725 7569 7439
f 7539 7553 9728
f 7554 7584 7409
f 7652 7540 7423
f 7557 7573 7350
f 7350 7558 7557
f 7528 7681 7443
f 7508 7530 7459
f 7624 7589 7509
f 7613 7463 7614
f 7559 7614 7463
f 7463 7411 7559
f 7411 7512 7559
f 7641 7531 7578
f 7534 7533 7398
f 7537 7660 7467
f 7604 7537 7563
f 9748 7447 7735
f 7515 7591 7594
f 7358 7519 7564
f 7735 7447 7544
f 7545 7544 7447
f 7595 7564 7519
f 7519 7521 7595
f 7546 7523 7646
f 7486 7419 7703
f 7547 7419 7402
f 7547 7606 7671
f 7452 7524 7631
f 7473 7673 7619
f 7454 7687 7741
f 7583 7648 7477
f 7504 7275 7567
f 7552 7491 7675
f 7528 7529 7575
f 7542 7575 7529
f 7532 7578 7531
f 7413 7496 7560
f 7536 7497 7603
f 7617 7591 7417
f 7564 7518 7469
f 7593 7702 7521
f 7593 7471 7618
f 7487 7566 7548
f 7620 7664 7364
f 7633 7620 7453
f 7665 7727 7526
f 7706 7526 7501
f 7421 7502 7607
f 7491 7538 7709
f 7691 7538 7437
f 7437 7608 7691
f 7650 7555 7585
f 7651 7585 9570
f 7441 7586 7653
f 7654 7586 7541
f 7541 7527 7654
f 7587 7612 7527
f 7527 7506 7587
f 7574 7558 7507
f 7507 7480 7574
f 7480 7759 7680
f 7530 7575 7542
f 7638 7445 7600
f 7576 7577 7590
f 7464 7543 7640
f 7626 7298 7753
f 7641 7753 7298
f 7615 7560 7496
f 7603 7580 7536
f 7702 7595 7521
f 7522 7546 7646
f 7486 7703 7523
f 7628 7703 7419
f 7419 7547 7628
f 7548 7647 7487
f 7499 7631 7524
f 7632 7364 7664
f 7633 7489 7818
f 7489 7819 7818
f 7500 7551 7674
f 7436 7674 7551
f 7538 7691 7676
f 7649 7569 9725
f 7554 7677 7584
f 7650 7677 7555
f 7556 7540 7610
f 7571 7611 7423
f 7441 7678 7571
f 7527 7612 7654
f 7598 7587 7506
f 7530 7508 7731
f 7508 7589 7658
f 7600 7669 7761
f 7715 7578 7532
f 7465 7535 7601
f 7602 7601 7535
f 7660 7537 7562
f 7544 7545 7627
f 7594 7627 7545
f 7564 7595 7644
f 7723 7498 7565
f 7566 7549 7548
f 7663 7488 7451
f 7451 7452 7663
f 7631 7663 7452
f 7704 7819 7525
f 7525 7500 7704
f 7674 7704 7500
f 7490 7582 7706
f 7338 7793 7774
f 7338 7607 7793
f 7688 7502 7648
f 7504 7622 7503
f 7552 7675 7567
f 7609 7651 9570
f 7540 7652 7610
f 7572 7573 7679
f 7573 7557 7679
f 7695 7557 7558
f 7748 7558 7574
f 7680 7574 7480
f 7759 7442 7656
f 7696 7658 7589
f 7494 7510 7750
f 7577 7613 7733
f 7465 7601 7615
f 7579 7561 7717
f 7547 7671 7628
f 7671 7606 7763
f 7606 7498 7763
f 7549 7581 7629
f 7666 7689 7583
f 7743 7691 7608
f 7569 7649 7710
f 7623 7553 7539
f 7539 7570 7623
f 7678 7611 7571
f 7678 7441 7653
f 7587 7598 7612
f 7748 7695 7558
f 7637 7588 7575
f 7575 7530 7637
f 7799 7511 7576
f 7590 7577 7733
f 7514 7579 7814
f 7579 7717 7845
f 7580 7717 7561
f 7683 7594 7591
f 7592 7518 7643
f 7596 7702 7593
f 7683 7627 7594
f 7516 7520 7701
f 7564 7644 7643
f 7702 7644 7595
f 7548 7549 7629
f 7581 7488 7630
f 7663 7630 7488
f 7582 7490 7707
f 7634 7707 7490
f 7607 7502 7688
f 7767 7570 7409
f 7584 7767 7409
f 7505 7556 7758
f 7610 7758 7556
f 7744 7610 7652
f 7611 7652 7423
f 7746 7612 7598
f 7598 7572 7746
f 7624 7599 7697
f 7750 7669 7494
f 7590 7799 7576
f 7640 7543 7682
f 7785 7682 7543
f 7532 7533 7715
f 7659 7560 7615
f 7845 7814 7579
f 7698 7718 7616
f 7618 7522 7645
f 7646 7645 7522
f 7763 7498 7723
f 7565 7647 7723
f 7647 7548 7755
f 7739 7499 9592
f 9592 7619 7739
f 7636 7743 7608
f 7668 7636 7568
f 9569 7651 7609
f 7609 7505 9569
f 7586 7654 7653
f 7442 7681 7656
f 7624 7696 7589
f 7559 7512 7857
f 7625 7785 7543
f 7578 7715 7822
f 7560 7659 7716
f 7513 7514 7814
f 7717 7580 7786
f 7603 7786 7580
f 7762 7698 7429
f 7591 7617 7683
f 7661 7701 7520
f 7662 7661 7520
f 7520 7517 7662
f 7517 7592 7662
f 7643 7662 7592
f 7518 7564 7643
f 7605 7618 7645
f 7581 7630 9618
f 7673 7550 7726
f 7632 7726 7550
f 7688 7648 7742
f 7709 7675 7491
f 7709 7538 7676
f 9606 7649 9725
f 7767 7623 7570
f 7692 7650 7585
f 7585 7651 7692
f 7655 7746 7572
f 7679 7655 7572
f 7681 7588 7657
f 7530 7731 7713
f 7731 7508 7784
f 7658 7784 7508
f 7697 7696 7624
f 7761 7638 7600
f 7714 7510 7511
f 7642 7602 7513
f 7660 7762 7429
f 7537 7604 7562
f 7699 7562 7604
f 7604 9750 7699
f 7702 7596 7605
f 7646 7523 7738
f 7703 7738 7523
f 7724 7755 7548
f 7548 7629 7724
f 7705 7665 7526
f 7526 7706 7705
f 7634 7741 7792
f 7689 7648 7583
f 7667 7621 7635
f 7635 7597 7667
f 7569 7668 7568
f 7553 7623 7711
f 7612 7746 7693
f 7679 7557 7694
f 7588 7637 7730
f 7713 7730 7637
f 7637 7530 7713
f 7714 7511 7799
f 7752 7639 7640
f 7682 7752 7640
f 7682 7785 7871
f 7626 7913 7625
f 7641 7578 7753
f 7534 7560 7716
f 7615 7601 7659
f 7642 7513 7814
f 7720 7735 7544
f 7544 7627 7720
f 7837 7684 7617
f 7617 7516 7837
f 7701 7837 7516
f 7645 7646 7827
f 7738 7827 7646
f 7670 7738 7703
f 7628 7671 7722
f 7755 7723 7647
f 7663 7631 7672
f 7725 7739 7619
f 7619 7673 7725
f 7620 7633 7904
f 7792 7707 7634
f 7906 7622 7504
f 7649 9606 7778
f 7830 7711 7623
f 7767 7830 7623
f 7745 7653 7654
f 7654 7612 7745
f 7693 7745 7612
f 7557 7695 7694
f 7574 7680 7749
f 7730 7657 7588
f 7658 7696 7844
f 7761 7760 7638
f 7714 7750 7510
f 7733 7613 7614
f 7559 7857 7614
f 7533 7534 7715
f 7601 7602 7659
f 7627 7683 7700
f 7721 7661 7662
f 7643 7644 7736
f 7644 7702 7737
f 7722 7703 7628
f 7685 9618 7630
f 7663 7686 7630
f 7818 7904 7633
f 7741 7687 7708
f 7766 7504 7567
f 7690 7766 7567
f 7776 7743 7636
f 7636 7668 7776
f 7584 7728 7767
f 7779 7712 7650
f 7759 7656 7821
f 7760 7697 7599
f 7599 7638 7760
f 7822 7753 7578
f 7642 7659 7602
f 7786 7603 7787
f 7603 7497 7754
f 7718 7754 7497
f 7497 7616 7718
f 7660 7562 7834
f 7562 7699 7719
f 9745 7699 9750
f 7684 7700 7683
f 7643 7721 7662
f 7671 7763 7862
f 9618 7685 7764
f 7686 7685 7630
f 7672 7686 7663
f 7739 7672 7631
f 7631 7499 7739
f 7688 7742 7943
f 7765 7666 7621
f 7621 7667 7765
f 7675 7690 7567
f 7584 7677 7728
f 7712 7728 7677
f 7779 7650 7692
f 7692 7651 9569
f 7678 7820 7611
f 7678 7653 7768
f 7655 7679 7747
f 7679 7694 7747
f 7574 7749 7748
f 7783 7656 7681
f 7657 7783 7681
f 7752 7857 7512
f 7512 7639 7752
f 7626 7753 7913
f 7858 7913 7753
f 7716 7813 7534
f 7700 7720 7627
f 7683 7617 7684
f 7788 7701 7661
f 7605 7645 7790
f 7771 7670 7703
f 7671 7862 7722
f 7708 7687 7829
f 7689 7742 7648
f 7757 7676 7691
f 7691 7743 7757
f 7710 7668 7569
f 7778 7710 7649
f 7711 7778 9606
f 7744 7797 7610
f 7611 7744 7652
f 7820 7678 7768
f 7866 7809 7653
f 7745 7866 7653
f 7769 7746 7655
f 7781 7747 7694
f 7729 7781 7694
f 7694 7695 7729
f 7695 7748 7729
f 7732 7761 7669
f 7736 7721 7643
f 7737 7736 7644
f 7702 7605 7737
f 7827 7790 7645
f 7703 7722 7771
f 7801 7722 7862
f 7763 7723 7918
f 7793 7607 7756
f 7607 7688 7756
f 7689 7666 7765
f 7794 7675 7709
f 7832 7748 7749
f 7782 7749 7680
f 7680 7759 7782
f 7844 7784 7658
f 7669 7750 7732
f 7751 7750 7714
f 7799 7751 7714
f 7799 7590 7812
f 7857 7733 7614
f 7682 7871 7752
f 7625 7913 7928
f 7800 7915 7715
f 7715 7534 7800
f 7734 7813 7716
f 7716 7659 7734
f 7754 7787 7603
f 7872 7719 7699
f 7699 9745 7872
f 7825 7735 7720
f 7700 7684 7770
f 7661 7721 7898
f 7905 7740 7727
f 7774 7829 7687
f 7906 7597 7622
f 7766 7906 7504
f 7775 7794 7709
f 7709 7676 7775
f 7797 7796 7610
f 7809 7768 7653
f 7693 7746 7769
f 7747 7769 7655
f 7735 7825 7816
f 7720 7700 7825
f 7898 7789 7661
f 7790 7737 7605
f 7790 7827 7817
f 7738 7670 7828
f 7723 7802 7918
f 7723 7755 7802
f 7839 7802 7755
f 7674 7436 7942
f 7436 7740 7942
f 7792 7741 7708
f 7676 7757 7795
f 7711 7830 7842
f 7729 7748 7832
f 7749 7782 7832
f 7730 7783 7657
f 7811 7844 7696
f 7590 7733 7812
f 7823 7734 7659
f 7659 7642 7823
f 7786 7787 7988
f 7736 7898 7721
f 7883 7764 7685
f 7726 7632 7873
f 7664 7873 7632
f 7664 7620 7805
f 7904 7805 7620
f 7665 7905 7727
f 7705 7706 7791
f 7806 7791 7706
f 7706 7582 7806
f 7707 7806 7582
f 7766 7690 7969
f 7795 7775 7676
f 7777 7668 7710
f 7710 7778 7777
f 7728 7712 7808
f 7779 7808 7712
f 7745 7693 7850
f 7769 7780 7693
f 7869 7782 7759
f 7821 7869 7759
f 7783 7730 7810
f 7730 7713 7810
f 7876 7713 7731
f 7784 7876 7731
f 7856 7761 7732
f 7733 7857 7926
f 7915 7822 7715
f 7813 7800 7534
f 7845 7717 7824
f 7834 7762 7660
f 7834 7562 7719
f 7825 7700 7916
f 7700 7770 7916
f 7789 7788 7661
f 7738 7828 7827
f 7900 7862 7763
f 7918 7900 7763
f 7685 7686 9585
f 7772 9585 7686
f 7804 7772 7672
f 7672 7739 7804
f 7739 7725 7804
f 7704 7674 7848
f 7942 7848 7674
f 7665 7705 7773
f 7791 7773 7705
f 7943 7968 7688
f 7690 7675 7969
f 7864 7830 7767
f 7956 7779 7692
f 7831 7956 7692
f 7692 9569 7831
f 7758 7610 7874
f 7798 7797 7744
f 7744 7611 7798
f 7611 7820 7798
f 7780 7850 7693
f 7888 7769 7747
f 7832 7781 7729
f 7876 7810 7713
f 7760 7854 7697
f 7878 7812 7733
f 7733 7926 7878
f 7785 7625 7928
f 7786 7824 7717
f 7787 7754 7815
f 7754 7718 7815
f 7718 7698 7815
f 7837 7846 7684
f 7839 7755 7724
f 7903 7725 7673
f 7726 7903 7673
f 7840 7819 7704
f 7793 7829 7774
f 7793 7756 7884
f 7841 7743 7776
f 7711 7842 7863
f 7767 7728 7808
f 7874 9569 7758
f 7850 7866 7745
f 7843 7780 7769
f 7891 7821 7656
f 7656 7783 7851
f 7854 7811 7696
f 7696 7697 7854
f 7854 7760 7855
f 7760 7761 7856
f 7642 7814 7823
f 7824 7786 7988
f 7815 7833 7787
f 7846 7770 7684
f 7898 7736 7826
f 7736 7737 7826
f 7801 7771 7722
f 7804 7803 7772
f 7829 7793 7807
f 7884 7807 7793
f 7756 7688 7968
f 7969 7906 7766
f 7775 7795 7954
f 7795 7757 7954
f 7743 7841 7757
f 7874 7831 9569
f 7796 7874 7610
f 7798 7820 7887
f 7889 7888 7747
f 7889 7747 7781
f 7750 7751 7732
f 7734 7879 7813
f 7988 7787 7833
f 7815 7698 7979
f 7698 7762 7979
f 7762 7834 7979
f 7898 7880 7789
f 7817 7838 7737
f 7724 7764 7963
f 7883 7963 7764
f 7903 7726 7873
f 7689 7991 7742
f 7797 7798 7965
f 7888 7843 7769
f 7891 7656 7851
f 7876 7784 7853
f 7760 7856 7855
f 7799 7893 7751
f 7799 7812 7893
f 7857 7752 7927
f 7871 7894 7752
f 7753 7822 7858
f 7996 7800 7813
f 7734 7823 7859
f 7929 7835 7834
f 7834 7719 7929
f 7933 7788 7789
f 7827 7939 7817
f 7847 7939 7827
f 7827 7828 7847
f 7801 7862 7899
f 7935 7904 7818
f 7818 7819 7935
f 7819 7840 7935
f 7848 7840 7704
f 7708 7921 7792
f 7991 7943 7742
f 7922 7906 7969
f 7675 7794 7969
f 7907 7777 7778
f 7863 7907 7778
f 7863 7842 7886
f 7808 7864 7767
f 7796 7797 7924
f 7965 7798 7887
f 7843 7867 7780
f 7781 7832 7868
f 7875 7890 7821
f 7821 7891 7875
f 7876 7870 7810
f 7928 7871 7785
f 7996 7915 7800
f 7813 7879 7996
f 7896 7895 7823
f 7814 7896 7823
f 7701 7788 7897
f 7789 7880 7933
f 7737 7838 7881
f 7940 7771 7801
f 7803 9585 7772
f 7805 7904 7985
f 7936 7942 7740
f 7740 7905 7936
f 7707 7792 7921
f 7849 7841 7776
f 7776 7668 7849
f 7668 7777 7849
f 7908 7830 7864
f 7971 7956 7831
f 7820 7768 7947
f 7809 7866 7865
f 7867 7850 7780
f 7832 7782 7925
f 7783 7810 7852
f 7870 7852 7810
f 7853 7784 7877
f 7784 7844 7877
f 7859 7879 7734
f 7845 7896 7814
f 7988 7860 7824
f 7835 7979 7834
f 7719 7872 7929
f 7836 7816 7861
f 7816 7825 7930
f 7770 7931 7916
f 7837 7701 8015
f 7897 8015 7701
f 7881 7826 7737
f 7838 7817 7939
f 7801 7899 7940
f 7963 7839 7724
f 7803 7804 7902
f 7804 7725 7902
f 7903 7902 7725
f 7873 7664 7920
f 7805 7920 7664
f 7791 7806 8043
f 7806 7707 7921
f 7765 7991 7689
f 7965 7924 7797
f 7768 7809 7947
f 7972 7865 7866
f 7869 7821 7890
f 7877 7844 7912
f 7844 7811 7912
f 7894 7927 7752
f 7915 7858 7822
f 7895 7859 7823
f 7846 7931 7770
f 7847 7828 7934
f 7828 7670 7917
f 9585 7901 7685
f 7849 7777 7993
f 7907 7993 7777
f 7874 7971 7831
f 7865 7947 7809
f 7925 7868 7832
f 7869 7925 7782
f 7851 7783 7949
f 7870 7876 7975
f 7877 7911 7853
f 7912 7811 7959
f 7854 7959 7811
f 7960 7855 7856
f 7892 7856 7732
f 7732 7751 7892
f 7927 7926 7857
f 7928 8013 7871
f 7913 7858 7978
f 7914 7978 7858
f 7915 7914 7858
f 7845 7824 7896
f 7966 7930 7825
f 7825 7916 7966
f 7846 7837 8015
f 7933 7897 7788
f 7917 7934 7828
f 7917 7670 7999
f 7670 7771 7999
f 7901 9585 8042
f 7902 8019 7803
f 7773 7905 7665
f 7921 8043 7806
f 7885 7969 7794
f 7794 7775 7885
f 7886 7907 7863
f 7908 7842 7830
f 7946 7808 7779
f 7867 7843 7948
f 7889 7781 7958
f 7781 7868 7958
f 7852 7949 7783
f 7824 7860 7896
f 7979 7835 7952
f 7989 7929 7872
f 7872 7836 7989
f 7836 7861 7989
f 7932 7931 7846
f 7881 7982 7826
f 7862 7900 7899
f 7882 7918 7802
f 7802 7839 7882
f 7963 7882 7839
f 7685 7901 7883
f 7923 7954 7757
f 7757 7841 7923
f 7907 7886 7945
f 7864 7808 7909
f 7947 7887 7820
f 7910 7925 7869
f 7890 7875 8011
f 8083 7891 7851
f 7949 8083 7851
f 7975 7876 7950
f 7853 7950 7876
f 7912 7911 7877
f 7959 7854 7951
f 7854 7855 7951
f 7833 7815 7937
f 7982 7898 7826
f 7939 7881 7838
f 7985 8061 7805
f 7991 8003 7943
f 7796 7964 7874
f 7866 7850 7972
f 7867 7948 7957
f 7843 7888 7948
f 7888 7889 7958
f 7869 7890 7910
f 7893 7812 8023
f 7878 8006 7812
f 7894 7871 8051
f 7961 7937 7815
f 7815 7979 7961
f 7835 7929 7938
f 7816 7930 7990
f 7982 7880 7898
f 7934 7939 7847
f 7934 7917 7983
f 7771 7940 7999
f 7899 7900 8008
f 7901 7963 7883
f 8019 7919 7803
f 7920 7805 8061
f 7985 7904 8091
f 7935 8091 7904
f 7773 7791 8078
f 8043 8078 7791
f 8045 7667 7597
f 7597 7906 8045
f 7944 8045 7906
f 7906 7922 7944
f 7841 7849 7923
f 7993 7907 7945
f 7886 7842 7955
f 7842 7908 7955
f 7909 7908 7864
f 7956 7946 7779
f 7867 7972 7850
f 7949 7852 8049
f 7870 8049 7852
f 7911 7950 7853
f 7960 7951 7855
f 7892 7960 7856
f 7893 7892 7751
f 8006 8023 7812
f 7977 7927 7894
f 8051 7977 7894
f 7978 7928 7913
f 7861 7816 7990
f 7953 7933 7880
f 7941 7900 7918
f 7903 7873 7984
f 8046 7944 7922
f 7885 7775 7992
f 8033 7923 7849
f 7946 7909 7808
f 7964 7971 7874
f 7965 8005 7924
f 8048 7958 7868
f 7910 7890 8082
f 7959 7951 7995
f 8013 8051 7871
f 8007 7914 7915
f 7896 7860 8056
f 7938 7952 7835
f 7929 7989 7938
f 7980 7989 7861
f 7990 7980 7861
f 7880 7982 7953
f 7934 7998 7939
f 7882 7941 7918
f 8019 7902 7967
f 7967 7902 7903
f 7903 7984 7967
f 7807 8059 7829
f 7807 7884 8030
f 7756 8030 7884
f 8003 8031 7943
f 7922 7969 8046
f 7993 8033 7849
f 7971 8010 7956
f 7796 7924 8004
f 8005 8004 7924
f 7958 7948 7888
f 8048 7868 7925
f 7925 7910 8048
f 7891 8083 7875
f 7911 7912 8084
f 7959 8012 7912
f 7995 7951 7960
f 7892 7893 8036
f 7977 7926 7927
f 8071 8007 7915
f 7915 7996 8071
f 7996 7879 7987
f 7879 7859 8052
f 8027 7988 7833
f 7916 7931 8028
f 7932 7846 7997
f 8015 7997 7846
f 8015 7897 8016
f 7998 7934 7962
f 7899 8008 7940
f 8044 7921 7708
f 7954 7992 7775
f 7954 7923 7986
f 8033 7986 7923
f 7955 7970 7886
f 7909 7946 8065
f 7957 7948 7973
f 7974 7973 7948
f 7948 7958 7974
f 8036 7960 7892
f 8036 7893 8023
f 8013 7928 8024
f 7859 7895 8052
f 7966 7916 8028
f 7932 8028 7931
f 7881 7939 7998
f 7934 8018 7962
f 7983 7917 7999
f 8000 7963 7901
f 8041 8000 7901
f 7935 7840 7848
f 8104 7765 7667
f 7667 8045 8104
f 7986 7992 7954
f 7945 7886 7970
f 7957 7972 7867
f 7994 7974 7958
f 7994 7958 8048
f 8012 8084 7912
f 7995 8012 7959
f 7878 7926 7976
f 7926 7977 7976
f 7914 8007 7978
f 7987 7879 8129
f 7895 7896 8026
f 8056 8026 7896
f 7937 8027 7833
f 8115 7990 7930
f 7966 8115 7930
f 7933 7953 7981
f 7998 7982 7881
f 8018 7934 7983
f 7941 8008 7900
f 7920 7984 7873
f 7848 7942 8058
f 7942 7936 8058
f 8059 8002 7829
f 7968 7943 8155
f 7909 8064 7908
f 8122 7946 7956
f 7956 8010 8122
f 8035 8005 7965
f 7887 8035 7965
f 7950 7911 8096
f 8084 8096 7911
f 7978 8024 7928
f 8052 8129 7879
f 7860 7988 8056
f 7961 7979 8110
f 7901 8042 8118
f 8063 8058 7936
f 7936 7905 8063
f 7905 7773 8063
f 7756 7968 8155
f 8155 7943 8031
f 8079 7991 7765
f 7765 8104 8079
f 8064 7955 7908
f 7964 8010 7971
f 7964 7796 8004
f 7947 8035 7887
f 8047 7947 7865
f 8111 7875 8083
f 8021 7995 7960
f 7960 8036 8021
f 7979 7952 8110
f 8073 7952 7938
f 7938 7989 8073
f 8017 8016 7897
f 7897 7933 8017
f 7933 7981 8017
f 7940 8008 7999
f 8000 7882 7963
f 7984 7920 8061
f 8001 8061 7985
f 8043 7921 8120
f 8030 8059 7807
f 7992 7986 8060
f 7986 8033 8060
f 7993 7945 8034
f 8093 7972 7957
f 7973 8093 7957
f 8111 8011 7875
f 8049 7870 8095
f 7975 8095 7870
f 8138 8006 7878
f 7878 7976 8138
f 8053 8056 7988
f 8027 8053 7988
f 8088 8073 7989
f 7989 7980 8088
f 8115 7966 8014
f 8028 8014 7966
f 7997 8089 7932
f 7998 7953 7982
f 8008 7941 8075
f 7935 7848 8101
f 8044 7708 8002
f 7708 7829 8002
f 8080 8033 7993
f 8034 8080 7993
f 8068 7865 7972
f 8095 7975 8107
f 8055 7975 7950
f 8096 8055 7950
f 8021 8036 8022
f 8013 8024 8108
f 8024 7978 8086
f 7996 7987 8114
f 8129 8165 7987
f 7990 8037 7980
f 7953 7998 8038
f 7999 8040 7983
f 8009 7941 7882
f 7882 8000 8009
f 8057 8009 8000
f 7967 7984 8029
f 8061 8077 7984
f 8091 7935 8062
f 8101 8062 7935
f 8058 8101 7848
f 8168 8063 7773
f 7773 8078 8168
f 8030 7756 8155
f 7991 8031 8003
f 8233 8045 7944
f 8060 8033 8032
f 8004 8020 7964
f 8035 8067 8005
f 7865 8068 8047
f 7910 8082 8048
f 8049 8083 7949
f 8138 8023 8006
f 7978 8007 8071
f 8071 7996 8114
f 8165 8114 7987
f 8052 7895 8025
f 8027 7937 8140
f 7961 8140 7937
f 8115 8037 7990
f 7953 8038 8098
f 8057 8000 8041
f 8019 7967 8029
f 8077 8029 7984
f 8120 7921 8044
f 8059 8030 8143
f 8103 8031 7991
f 8079 8103 7991
f 7969 7885 8046
f 7945 7970 8034
f 7909 8065 8092
f 8010 7964 8020
f 8020 8004 8145
f 8005 8067 8004
f 7974 7994 8094
f 7994 8048 8069
f 8055 8107 7975
f 8050 8084 8012
f 7995 8050 8012
f 8113 8036 8023
f 8071 8086 7978
f 8053 8027 8140
f 8072 8110 7952
f 7980 8037 8088
f 8028 8116 8014
f 8089 7997 8142
f 7981 7953 8098
f 8039 8018 7983
f 7999 8008 8186
f 8041 7901 8118
f 8118 8042 8076
f 7919 8019 8132
f 8029 8132 8019
f 8001 7985 8090
f 8091 8090 7985
f 8155 8102 8030
f 8066 8065 7946
f 8011 8111 8070
f 7995 8021 8182
f 7977 8051 8085
f 8073 8072 7952
f 7932 8116 8028
f 8054 8038 7998
f 8040 8039 7983
f 8167 7941 8009
f 8143 8030 8102
f 8080 8032 8033
f 8122 8010 8169
f 8106 8169 8010
f 8161 8047 8068
f 8093 8068 7972
f 7973 7974 8081
f 8094 8081 7974
f 8069 8094 7994
f 8082 7890 8188
f 8011 8188 7890
f 8050 7995 8182
f 8138 8113 8023
f 8138 7976 8164
f 7977 8085 8171
f 8051 8013 8108
f 8026 8025 7895
f 8026 8056 8109
f 8116 7932 8089
f 7997 8015 8142
f 8016 8142 8015
f 8040 7999 8186
f 8074 8186 8008
f 8074 8008 8075
f 8167 8075 7941
f 8009 8057 8167
f 8119 8076 8042
f 7919 8119 8042
f 8046 8133 7944
f 7970 7955 8105
f 8122 8066 7946
f 8020 8106 8010
f 8035 7947 8178
f 7947 8047 8178
f 8093 7973 8081
f 8171 7976 7977
f 8086 8108 8024
f 8056 8053 8087
f 8098 8017 7981
f 8098 8038 8148
f 8188 8011 8070
f 8184 8140 7961
f 8110 8184 7961
f 8016 8017 8142
f 8097 8142 8017
f 8017 8098 8097
f 8054 8148 8038
f 7962 8018 8099
f 8018 8131 8099
f 8039 8131 8018
f 8119 7919 8132
f 8063 8168 8268
f 8133 8233 7944
f 8046 7885 7992
f 8080 8034 8105
f 8034 7970 8105
f 8067 8145 8004
f 8118 8100 8041
f 8077 8061 8153
f 8001 8153 8061
f 8268 8058 8063
f 8120 8078 8043
f 8060 8032 8134
f 8064 8092 8121
f 8159 8135 8020
f 8020 8145 8159
f 8145 8067 8160
f 8067 8035 8205
f 8093 8161 8068
f 8069 8136 8094
f 8082 8069 8048
f 8083 8049 8126
f 8095 8126 8049
f 8022 8036 8137
f 8108 8085 8051
f 8109 8056 8087
f 8185 8110 8072
f 8073 8088 8130
f 8132 8029 8219
f 8029 8077 8174
f 8078 8124 8168
f 8002 8120 8044
f 8156 8105 7955
f 7955 8064 8157
f 8064 8121 8157
f 8093 8081 8125
f 8136 8125 8081
f 8094 8136 8081
f 8111 8083 8196
f 8083 8126 8196
f 8055 8096 8127
f 8189 8127 8096
f 8112 8096 8084
f 8050 8112 8084
f 8022 8182 8021
f 8036 8113 8137
f 8183 8129 8052
f 8052 8025 8183
f 8072 8073 8130
f 8077 8153 8174
f 8154 8090 8091
f 8062 8154 8091
f 8079 8104 8190
f 7992 8060 8176
f 8157 8156 7955
f 8135 8106 8020
f 8067 8205 8160
f 8125 8161 8093
f 8188 8070 8224
f 8249 8224 8070
f 8070 8111 8249
f 8096 8112 8189
f 8171 8164 7976
f 8128 8171 8085
f 8109 8172 8026
f 8166 8130 8088
f 8088 8037 8166
f 8089 8142 8227
f 8099 8148 8054
f 8099 8131 8117
f 8074 8075 8151
f 8075 8167 8123
f 8120 8124 8078
f 8262 8104 8045
f 8045 8233 8262
f 8134 8176 8060
f 8134 8032 8223
f 8092 8065 8248
f 8065 8066 8248
f 8146 8136 8069
f 8069 8082 8181
f 8188 8181 8082
f 8107 8055 8127
f 8108 8128 8085
f 8114 8165 8251
f 8165 8129 8192
f 8025 8026 8172
f 8184 8110 8194
f 8130 8185 8072
f 8115 8141 8037
f 8196 8249 8111
f 8137 8182 8022
f 8210 8137 8113
f 8211 8210 8113
f 8113 8138 8211
f 8183 8280 8129
f 8172 8139 8025
f 8193 8087 8053
f 8053 8140 8193
f 8194 8110 8185
f 8131 8039 8040
f 8075 8123 8151
f 8200 8100 8118
f 8076 8200 8118
f 8174 8219 8029
f 8001 8090 8153
f 8154 8062 8202
f 8120 8002 8175
f 8059 8175 8002
f 8059 8143 8187
f 8176 8144 7992
f 8223 8032 8080
f 8100 8057 8041
f 8232 8103 8079
f 8104 8262 8190
f 8159 8145 8204
f 8170 8161 8125
f 8125 8136 8170
f 8162 8196 8126
f 8095 8162 8126
f 8164 8171 8289
f 8192 8266 8165
f 8141 8166 8037
f 8116 8089 8215
f 8173 8097 8098
f 8098 8148 8173
f 8099 8149 8148
f 8150 8117 8131
f 8229 8150 8131
f 8131 8040 8229
f 8186 8229 8040
f 8151 8186 8074
f 8167 8057 8152
f 8062 8101 8202
f 8101 8058 8202
f 8222 8155 8031
f 8031 8103 8222
f 8079 8190 8232
f 8234 8233 8133
f 8046 7992 8191
f 8144 8191 7992
f 8177 8176 8134
f 8156 8080 8105
f 8237 8157 8121
f 8273 8066 8122
f 8178 8205 8035
f 8179 8178 8047
f 8047 8161 8179
f 8107 8162 8095
f 8127 8238 8107
f 8189 8112 8163
f 8182 8209 8050
f 8172 8109 8147
f 8184 8242 8140
f 8185 8130 8166
f 8099 8117 8149
f 8174 8153 8220
f 8168 8124 8203
f 8133 8046 8234
f 8177 8134 8223
f 8121 8092 8158
f 8248 8158 8092
f 8122 8169 8273
f 8146 8069 8276
f 8180 8276 8069
f 8181 8180 8069
f 8107 8238 8162
f 8171 8128 8279
f 8212 8086 8071
f 8071 8114 8212
f 8114 8251 8225
f 8192 8129 8280
f 8183 8025 8139
f 8147 8109 8226
f 8109 8087 8226
f 8193 8226 8087
f 8141 8115 8272
f 8014 8272 8115
f 8227 8142 8216
f 8097 8216 8142
f 8148 8149 8173
f 8153 8090 8220
f 8234 8046 8191
f 8158 8237 8121
f 8135 8169 8106
f 8239 8238 8127
f 8050 8163 8112
f 8182 8137 8197
f 8240 8128 8108
f 8108 8086 8240
f 8225 8212 8114
f 8242 8193 8140
f 8184 8194 8214
f 8272 8014 8199
f 8014 8116 8199
f 8116 8215 8199
f 8097 8173 8195
f 8149 8117 8228
f 8244 8123 8167
f 8167 8152 8244
f 8057 8100 8152
f 8203 8268 8168
f 8175 8284 8120
f 8143 8102 8245
f 8160 8204 8145
f 8178 8287 8205
f 8170 8179 8161
f 8276 8136 8146
f 8209 8250 8050
f 8197 8137 8210
f 8198 8211 8138
f 8138 8164 8198
f 8171 8279 8289
f 8266 8251 8165
f 8139 8256 8183
f 8147 8213 8172
f 8194 8185 8252
f 8228 8117 8150
f 8150 8229 8217
f 8281 8186 8151
f 8151 8123 8244
f 8119 8200 8076
f 8187 8175 8059
f 8285 8102 8155
f 8176 8177 8246
f 8223 8080 8236
f 8156 8236 8080
f 8206 8179 8170
f 8250 8163 8050
f 8289 8198 8164
f 8215 8089 8227
f 8173 8149 8292
f 8149 8228 8292
f 8186 8217 8229
f 8281 8217 8186
f 8100 8200 8260
f 8218 8200 8119
f 8132 8218 8119
f 8231 8090 8154
f 8058 8268 8253
f 8285 8245 8102
f 8177 8223 8246
f 8156 8157 8304
f 8273 8169 8269
f 8135 8269 8169
f 8178 8179 8287
f 8170 8136 8206
f 8264 8206 8136
f 8276 8264 8136
f 8181 8188 8207
f 8224 8207 8188
f 8127 8189 8239
f 8209 8182 8197
f 8240 8086 8212
f 8139 8172 8213
f 8243 8252 8185
f 8185 8166 8243
f 8258 8243 8166
f 8141 8258 8166
f 8195 8216 8097
f 8152 8100 8260
f 8219 8218 8132
f 8230 8219 8174
f 8202 8231 8154
f 8245 8187 8143
f 8155 8222 8285
f 8191 8286 8394
f 8235 8286 8191
f 8191 8144 8235
f 8144 8176 8235
f 8156 8304 8247
f 8237 8304 8157
f 8269 8135 8159
f 8204 8160 8263
f 8207 8180 8181
f 8209 8208 8250
f 8280 8266 8192
f 8280 8183 8256
f 8242 8226 8193
f 8252 8214 8194
f 8201 8220 8090
f 8231 8201 8090
f 8253 8202 8058
f 8203 8124 8221
f 8124 8120 8221
f 8284 8221 8120
f 8234 8191 8394
f 8287 8179 8270
f 8249 8196 8265
f 8196 8162 8265
f 8314 8239 8189
f 8198 8289 8315
f 8128 8240 8279
f 8226 8242 8241
f 8272 8258 8141
f 8244 8152 8283
f 8261 8260 8200
f 8218 8261 8200
f 8174 8220 8230
f 8245 8349 8187
f 8263 8343 8204
f 8206 8270 8179
f 8238 8265 8162
f 8189 8163 8314
f 8209 8197 8208
f 8277 8197 8210
f 8198 8255 8211
f 8251 8297 8225
f 8242 8184 8257
f 8214 8257 8184
f 8215 8309 8199
f 8151 8244 8259
f 8152 8260 8283
f 8236 8156 8247
f 8066 8273 8248
f 8159 8204 8343
f 8239 8306 8238
f 8267 8213 8147
f 8147 8226 8267
f 8272 8199 8323
f 8215 8227 8309
f 8195 8173 8291
f 8173 8292 8291
f 8292 8228 8367
f 8150 8367 8228
f 8230 8220 8355
f 8201 8355 8220
f 8348 8268 8203
f 8103 8232 8222
f 8374 8232 8190
f 8384 8262 8233
f 8233 8234 8384
f 8176 8246 8235
f 8223 8319 8246
f 8247 8319 8236
f 8205 8263 8160
f 8264 8275 8206
f 8224 8295 8207
f 8306 8265 8238
f 8277 8208 8197
f 8212 8225 8297
f 8256 8139 8271
f 8257 8241 8242
f 8272 8300 8258
f 8216 8309 8227
f 8259 8281 8151
f 8317 8202 8253
f 8221 8348 8203
f 8284 8175 8318
f 8302 8285 8222
f 8236 8319 8223
f 8269 8159 8274
f 8287 8263 8205
f 8275 8270 8206
f 8210 8211 8278
f 8280 8336 8266
f 8139 8213 8308
f 8213 8267 8322
f 8226 8241 8267
f 8252 8243 8299
f 8291 8216 8195
f 8281 8259 8324
f 8317 8231 8202
f 8175 8187 8318
f 8303 8222 8232
f 8232 8374 8303
f 8304 8254 8247
f 8276 8364 8264
f 8265 8288 8249
f 8306 8239 8344
f 8296 8250 8208
f 8255 8278 8211
f 8351 8345 8279
f 8256 8321 8280
f 8271 8321 8256
f 8308 8271 8139
f 8298 8267 8241
f 8241 8257 8298
f 8214 8252 8299
f 8300 8299 8243
f 8243 8258 8300
f 8309 8323 8199
f 8217 8310 8150
f 8244 8282 8259
f 8316 8260 8261
f 8318 8187 8349
f 8349 8245 8311
f 8301 8311 8245
f 8245 8285 8301
f 8190 8262 8374
f 8235 8246 8370
f 8246 8319 8370
f 8273 8269 8274
f 8274 8159 8343
f 8270 8275 8320
f 8364 8275 8264
f 8224 8249 8288
f 8239 8314 8344
f 8163 8250 8314
f 8278 8277 8210
f 8289 8279 8345
f 8279 8240 8351
f 8240 8212 8334
f 8266 8297 8251
f 8283 8282 8244
f 8327 8253 8268
f 8221 8284 8368
f 8158 8248 8293
f 8248 8273 8293
f 8263 8287 8305
f 8180 8294 8276
f 8180 8207 8295
f 8288 8265 8313
f 8306 8313 8265
f 8208 8277 8296
f 8315 8255 8198
f 8212 8297 8334
f 8299 8290 8214
f 8300 8272 8323
f 8291 8292 8354
f 8361 8367 8150
f 8218 8316 8261
f 8341 8218 8219
f 8219 8230 8341
f 8230 8355 8341
f 8393 8355 8201
f 8231 8393 8201
f 8384 8374 8262
f 8363 8293 8273
f 8295 8294 8180
f 8224 8288 8295
f 8278 8255 8307
f 8289 8345 8315
f 8240 8334 8351
f 8266 8336 8335
f 8321 8336 8280
f 8322 8308 8213
f 8310 8361 8150
f 8324 8217 8281
f 8326 8317 8253
f 8253 8327 8326
f 8318 8368 8284
f 8394 8384 8234
f 8254 8319 8247
f 8274 8363 8273
f 8287 8270 8312
f 8320 8312 8270
f 8313 8295 8288
f 8331 8296 8277
f 8271 8308 8337
f 8353 8216 8291
f 8354 8360 8291
f 8367 8354 8292
f 8268 8348 8327
f 8302 8301 8285
f 8303 8302 8222
f 8304 8237 8328
f 8158 8328 8237
f 8343 8376 8274
f 8294 8364 8276
f 8350 8314 8250
f 8277 8278 8332
f 8297 8266 8346
f 8335 8346 8266
f 8214 8298 8257
f 8340 8283 8260
f 8394 8286 8420
f 8286 8235 8362
f 8254 8304 8328
f 8312 8305 8287
f 8313 8306 8365
f 8250 8296 8350
f 8333 8255 8315
f 8404 8333 8315
f 8345 8351 8357
f 8321 8271 8358
f 8407 8337 8308
f 8352 8299 8300
f 8323 8338 8300
f 8323 8309 8366
f 8309 8216 8353
f 8360 8353 8291
f 8340 8282 8283
f 8260 8316 8340
f 8349 8342 8318
f 8362 8420 8286
f 8362 8235 8370
f 8328 8158 8329
f 8158 8293 8329
f 8376 8363 8274
f 8364 8320 8275
f 8350 8344 8314
f 8277 8332 8331
f 8307 8332 8278
f 8345 8404 8315
f 8334 8297 8372
f 8358 8271 8337
f 8308 8322 8407
f 8359 8322 8267
f 8298 8359 8267
f 8290 8299 8408
f 8352 8300 8338
f 8217 8324 8339
f 8282 8373 8259
f 8325 8340 8316
f 8316 8218 8325
f 8348 8221 8368
f 8303 8374 8382
f 8343 8263 8377
f 8305 8377 8263
f 8313 8378 8295
f 8346 8372 8297
f 8346 8335 8437
f 8336 8321 8347
f 8298 8214 8391
f 8290 8391 8214
f 8408 8299 8352
f 8338 8323 8366
f 8353 8366 8309
f 8217 8339 8310
f 8341 8325 8218
f 8430 8393 8231
f 8430 8231 8317
f 8326 8430 8317
f 8410 8326 8327
f 8370 8319 8386
f 8330 8377 8305
f 8305 8312 8330
f 8294 8371 8364
f 8294 8295 8356
f 8378 8356 8295
f 8383 8306 8344
f 8388 8344 8350
f 8396 8296 8331
f 8334 8372 8351
f 8359 8407 8322
f 8259 8373 8324
f 8311 8369 8349
f 8293 8363 8329
f 8377 8376 8343
f 8344 8388 8383
f 8396 8350 8296
f 8307 8255 8389
f 8255 8333 8379
f 8345 8357 8404
f 8358 8347 8321
f 8381 8358 8337
f 8338 8446 8352
f 8413 8282 8340
f 8327 8348 8410
f 8401 8410 8348
f 8371 8403 8364
f 8395 8313 8365
f 8306 8383 8365
f 8332 8396 8331
f 8307 8389 8332
f 8379 8389 8255
f 8335 8336 8390
f 8347 8390 8336
f 8359 8298 8391
f 8408 8391 8290
f 8354 8367 8400
f 8392 8413 8340
f 8392 8340 8325
f 8393 8341 8355
f 8342 8349 8369
f 8394 8385 8384
f 8319 8254 8460
f 8328 8460 8254
f 8329 8411 8328
f 8329 8363 8402
f 8403 8312 8320
f 8320 8364 8403
f 8404 8357 8380
f 8337 8407 8381
f 8366 8353 8406
f 8400 8367 8418
f 8368 8401 8348
f 8368 8318 8342
f 8382 8374 8431
f 8375 8420 8362
f 8370 8375 8362
f 8294 8356 8387
f 8412 8383 8388
f 8437 8335 8398
f 8390 8398 8335
f 8390 8347 8416
f 8338 8366 8399
f 8366 8406 8399
f 8361 8418 8367
f 8373 8450 8324
f 8460 8386 8319
f 8371 8294 8387
f 8395 8378 8313
f 8396 8388 8350
f 8379 8333 8443
f 8414 8380 8357
f 8472 8357 8351
f 8351 8372 8472
f 8424 8472 8372
f 8372 8346 8424
f 8347 8358 8405
f 8391 8408 8483
f 8446 8338 8399
f 8448 8353 8360
f 8360 8354 8448
f 8310 8339 8428
f 8324 8450 8339
f 8411 8460 8328
f 8456 8432 8329
f 8402 8456 8329
f 8376 8402 8363
f 8376 8377 8402
f 8330 8312 8457
f 8471 8365 8383
f 8333 8463 8443
f 8346 8397 8424
f 8437 8397 8346
f 8405 8416 8347
f 8358 8381 8417
f 8445 8417 8381
f 8448 8406 8353
f 8361 8310 8428
f 8325 8341 8392
f 8386 8375 8370
f 8411 8329 8432
f 8377 8330 8433
f 8378 8387 8356
f 8400 8448 8354
f 8392 8341 8419
f 8341 8393 8419
f 8368 8342 8459
f 8477 8302 8303
f 8374 8384 8431
f 8384 8385 8431
f 8402 8377 8433
f 8457 8421 8330
f 8387 8403 8371
f 8434 8387 8378
f 8396 8332 8423
f 8333 8404 8463
f 8357 8472 8414
f 8416 8405 8426
f 8381 8407 8445
f 8359 8391 8440
f 8483 8440 8391
f 8408 8352 8446
f 8476 8446 8399
f 8428 8418 8361
f 8452 8419 8393
f 8393 8430 8452
f 8401 8368 8485
f 8342 8369 8459
f 8453 8459 8369
f 8369 8311 8454
f 8311 8301 8454
f 8303 8382 8477
f 8382 8431 8477
f 8375 8386 8469
f 8421 8433 8330
f 8458 8312 8403
f 8442 8403 8387
f 8378 8395 8434
f 8383 8412 8471
f 8388 8396 8412
f 8423 8412 8396
f 8487 8332 8389
f 8463 8404 8380
f 8435 8424 8397
f 8397 8437 8435
f 8415 8435 8437
f 8398 8390 8438
f 8416 8438 8390
f 8405 8358 8427
f 8483 8408 8441
f 8409 8476 8399
f 8399 8406 8409
f 8400 8418 8449
f 8413 8373 8282
f 8453 8369 8454
f 8510 8301 8302
f 8457 8312 8458
f 8422 8395 8365
f 8426 8405 8427
f 8484 8409 8406
f 8449 8448 8400
f 8435 8415 8444
f 8466 8445 8407
f 8407 8359 8466
f 8446 8441 8408
f 8428 8339 8467
f 8451 8413 8392
f 8420 8385 8394
f 8460 8411 8455
f 8432 8455 8411
f 8433 8421 8524
f 8442 8458 8403
f 8365 8471 8422
f 8487 8423 8332
f 8424 8464 8472
f 8429 8430 8326
f 8326 8410 8429
f 8491 8410 8401
f 8459 8485 8368
f 8460 8469 8386
f 8434 8495 8387
f 8389 8379 8487
f 8488 8463 8380
f 8380 8414 8488
f 8358 8417 8427
f 8475 8427 8417
f 8439 8475 8417
f 8417 8445 8439
f 8447 8484 8406
f 8406 8448 8447
f 8450 8467 8339
f 8392 8419 8451
f 8419 8452 8451
f 8429 8452 8430
f 8516 8429 8410
f 8491 8516 8410
f 8302 8477 8510
f 8420 8375 8468
f 8468 8375 8469
f 8433 8523 8402
f 8494 8524 8421
f 8421 8457 8494
f 8495 8442 8387
f 8434 8395 8422
f 8379 8443 8461
f 8436 8444 8415
f 8440 8466 8359
f 8521 8450 8373
f 8413 8521 8373
f 8485 8491 8401
f 8510 8454 8301
f 8385 8420 8468
f 8456 8402 8523
f 8524 8523 8433
f 8487 8379 8461
f 8463 8462 8443
f 8414 8472 8488
f 8424 8425 8464
f 8425 8435 8481
f 8435 8444 8481
f 8473 8415 8437
f 8398 8473 8437
f 8398 8438 8474
f 8438 8416 8465
f 8445 8466 8482
f 8442 8495 8470
f 8412 8423 8528
f 8529 8528 8423
f 8423 8487 8529
f 8464 9649 8472
f 8473 8436 8415
f 8496 8474 8438
f 8438 8465 8496
f 8416 8426 8465
f 8426 8427 8465
f 8497 8465 8427
f 8498 8497 8427
f 8475 8498 8427
f 8482 8439 8445
f 8447 8448 8508
f 8449 8418 8499
f 8418 8428 8499
f 8521 8413 8451
f 8501 8451 8452
f 8452 8429 8516
f 8485 8459 8492
f 8503 8494 8457
f 8457 8458 8503
f 8467 8499 8428
f 8450 8509 8467
f 8431 8385 8511
f 8469 8460 8478
f 8512 8478 8460
f 8455 8512 8460
f 8470 8458 8442
f 8517 8471 8412
f 8480 8461 8443
f 8443 8462 8480
f 8463 8488 8513
f 8534 8514 8472
f 9649 8534 8472
f 8481 8530 8425
f 8444 8436 8506
f 8436 8473 8489
f 8474 8473 8398
f 8439 8549 8475
f 8476 8531 8446
f 8448 8449 8508
f 8499 8467 8500
f 8509 8500 8467
f 8450 8521 8509
f 8452 8516 8501
f 8385 8468 8542
f 8468 8469 8478
f 8434 8422 8479
f 8517 8422 8471
f 8528 8517 8412
f 8513 8462 8463
f 8514 8488 8472
f 8444 8506 8505
f 8483 8563 8440
f 8441 8446 8531
f 8451 8501 8490
f 8492 8459 8551
f 8459 8453 8551
f 8486 8551 8453
f 8453 8454 8486
f 8511 8477 8431
f 8478 8542 8468
f 8512 8455 8493
f 8432 8493 8455
f 8432 8456 8493
f 8523 8493 8456
f 8524 8494 8525
f 8503 8458 8526
f 8470 8526 8458
f 8495 8434 8479
f 8461 8480 8519
f 8462 8519 8480
f 8505 8530 8481
f 8481 8444 8505
f 8562 8506 8436
f 8436 8489 8562
f 8489 8473 8474
f 8497 8496 8465
f 8520 8498 8475
f 8439 8482 8536
f 8466 8536 8482
f 8466 8440 8563
f 8484 8447 8507
f 8499 8508 8449
f 8565 8541 8451
f 8451 8490 8565
f 8511 8385 8542
f 8479 8422 8527
f 8518 8529 8487
f 8487 8461 8518
f 8504 8518 8461
f 8533 8462 8513
f 8489 8474 8515
f 8496 8515 8474
f 8549 8520 8475
f 8536 8549 8439
f 8441 8563 8483
f 8476 8409 8531
f 8409 8484 8507
f 8447 8508 8507
f 8521 8451 8541
f 8491 8485 8543
f 8486 8454 8510
f 8510 8477 8522
f 8511 8522 8477
f 8502 8525 8494
f 8494 8503 8502
f 8470 8495 8544
f 8479 8544 8495
f 8527 8422 8517
f 8504 8461 8519
f 8545 8513 8488
f 8515 8562 8489
f 8496 8497 8535
f 8498 8535 8497
f 8550 8507 8508
f 8508 8499 9562
f 8499 8500 9562
f 8540 8509 8521
f 8492 8543 8485
f 8526 8502 8503
f 8526 8470 8544
f 8535 8515 8496
f 8441 8574 8563
f 8531 8574 8441
f 8409 8507 8538
f 8508 9562 8550
f 8500 8509 8539
f 8569 8516 8491
f 8588 8551 8486
f 8522 8486 8510
f 8522 8511 8552
f 8527 8517 8583
f 8519 8462 8571
f 8545 8533 8513
f 8488 8546 8545
f 8488 8514 8546
f 8530 8505 8556
f 8557 8505 8506
f 8506 8562 8557
f 8547 8535 8498
f 8498 8548 8547
f 8520 8548 8498
f 8563 8536 8466
f 8531 8409 8537
f 8409 8538 8537
f 8501 8516 8490
f 8516 8569 8580
f 8511 8542 8581
f 8542 8478 8581
f 8493 8523 8570
f 8502 8582 8525
f 8479 8527 8532
f 8518 8504 8577
f 8504 8519 8577
f 8571 8577 8519
f 8514 8534 8546
f 8555 8534 9649
f 9562 8500 8539
f 8580 8490 8516
f 8543 8569 8491
f 8610 8543 8492
f 8551 8610 8492
f 8486 8522 8552
f 8493 8599 8512
f 8523 8524 8570
f 8524 8525 8582
f 8582 8502 8566
f 8502 8526 8566
f 8532 8544 8479
f 8528 8529 8584
f 8529 8518 8584
f 9651 8530 9648
f 8515 8535 8558
f 8550 8559 8507
f 8532 8567 8544
f 8517 8528 8583
f 8577 8571 8590
f 8591 8571 8462
f 8568 8462 8533
f 8533 8545 8593
f 8561 8556 8505
f 8558 8562 8515
f 8538 8507 8559
f 8539 8509 8564
f 8509 8540 8564
f 8521 8541 8540
f 8569 8543 8632
f 8478 8512 8599
f 8582 8570 8524
f 8580 8565 8490
f 8486 8552 8588
f 8599 8581 8478
f 8493 8570 8618
f 8532 8527 8553
f 8527 8583 8553
f 8568 8591 8462
f 8592 8568 8533
f 8546 8593 8545
f 8546 8534 8554
f 8555 8554 8534
f 9648 8530 8604
f 8505 8557 8561
f 8557 8562 8573
f 8535 8547 8558
f 8548 8520 8595
f 8520 8549 8607
f 8549 8536 8607
f 8596 8607 8536
f 8563 8596 8536
f 8574 8531 8586
f 8531 8537 8586
f 8559 8608 8538
f 8559 8550 8560
f 8560 9562 8579
f 8541 8565 8598
f 8588 8575 8551
f 8584 8583 8528
f 8518 8577 8585
f 8592 8533 8593
f 8593 8546 8572
f 8554 8572 8546
f 8556 8604 8530
f 8578 8561 8557
f 8557 8573 8578
f 8607 8595 8520
f 8608 8586 8537
f 8537 8538 8608
f 9650 9648 8604
f 8578 8620 8561
f 9560 8573 8562
f 8562 8558 9560
f 9562 8539 8579
f 8597 8579 8539
f 8539 8564 8597
f 8598 8540 8541
f 8552 8511 8576
f 8599 8493 8618
f 8570 8582 8613
f 8601 8600 8567
f 8567 8532 8601
f 8553 8601 8532
f 8585 8584 8518
f 8632 8580 8569
f 8611 8575 8588
f 8588 8552 8611
f 8581 8576 8511
f 8613 8618 8570
f 8623 8613 8582
f 8571 8591 8590
f 8556 8561 8605
f 8606 8605 8561
f 8620 8606 8561
f 8563 8574 8596
f 8586 8596 8574
f 8559 8560 8609
f 8609 8587 8559
f 8560 8579 8609
f 8630 8564 8540
f 8565 8580 8631
f 8575 8610 8551
f 8599 8612 8581
f 8590 8614 8577
f 8593 8572 8625
f 9650 8604 8619
f 8604 8556 8605
f 8595 8659 8548
f 8630 8597 8564
f 8540 8598 8630
f 8552 8576 8654
f 8576 8581 8643
f 8589 8623 8582
f 8582 8566 8589
f 8566 9584 8589
f 8601 8553 8635
f 8602 8635 8553
f 8553 8583 8602
f 8585 8577 8614
f 8590 8591 8657
f 8568 8657 8591
f 8603 8572 8554
f 8573 8594 8578
f 8548 8659 8547
f 8587 8608 8559
f 8565 8631 8598
f 8622 8610 8575
f 8575 8611 8617
f 8583 8584 8602
f 8614 8590 8665
f 8593 8636 8592
f 8625 8572 8603
f 8603 9650 8671
f 8619 8671 9650
f 9560 8558 8615
f 8558 8547 8659
f 8609 8579 8621
f 8579 8597 8621
f 8580 8632 8640
f 8632 8543 8616
f 8543 8610 8616
f 8617 8622 8575
f 8611 8552 8654
f 8643 8654 8576
f 8643 8581 8633
f 8581 8612 8633
f 8612 8599 8644
f 8618 8644 8599
f 8645 8589 9584
f 9584 8600 8645
f 8600 8601 8634
f 8585 8602 8584
f 8590 8657 8665
f 8626 8619 8604
f 8604 8605 8626
f 8605 8606 8658
f 8659 8615 8558
f 8595 8607 8660
f 8662 8639 8596
f 8596 8586 8662
f 8628 8662 8586
f 8586 8608 8628
f 8651 8587 8609
f 8609 8621 8651
f 8622 8616 8610
f 8644 8633 8612
f 8644 8618 8667
f 8618 8613 8667
f 8645 8623 8589
f 8634 8645 8600
f 8635 8634 8601
f 8665 8656 8614
f 8624 8657 8568
f 8636 8624 8568
f 8568 8592 8636
f 8593 8625 8636
f 8658 8626 8605
f 8620 8578 8627
f 8578 8594 8627
f 8595 8660 8659
f 8607 8596 8639
f 8629 8621 8597
f 8630 8629 8597
f 8602 8585 8655
f 8656 8655 8585
f 8585 8614 8656
f 8637 8636 8625
f 8638 8625 8603
f 8647 8606 8620
f 8620 8627 8647
f 8639 8660 8607
f 8608 8587 8628
f 8640 8631 8580
f 8616 8677 8632
f 8622 8641 8616
f 8642 8622 8617
f 8617 8611 8642
f 8653 8642 8611
f 8654 8653 8611
f 8646 8635 8602
f 8638 8637 8625
f 8603 8671 8638
f 8626 8704 8619
f 8647 8658 8606
f 8725 8647 8627
f 8683 8627 8594
f 8648 8683 8594
f 8659 8649 8615
f 8661 8639 8662
f 8651 8621 8674
f 8630 8598 8700
f 8631 8700 8598
f 8677 8640 8632
f 8652 8641 8622
f 8642 8652 8622
f 8644 8667 8718
f 8645 8634 8669
f 8634 8635 8646
f 8602 8655 8646
f 8671 8619 8710
f 8649 8648 8615
f 8659 8660 8650
f 8661 8660 8639
f 8684 8628 8587
f 8587 8651 8684
f 8616 8641 8677
f 8652 8663 8641
f 8653 8652 8642
f 8654 8643 8686
f 8643 8633 8687
f 8613 8623 8668
f 8623 8645 8668
f 8669 8668 8645
f 8665 8657 8692
f 8624 8636 8681
f 8666 8637 8638
f 8704 8710 8619
f 8721 8704 8626
f 8649 8659 8693
f 8673 8661 8662
f 8662 8628 8673
f 8651 8674 8684
f 8629 8674 8621
f 8630 8700 8699
f 8676 8700 8631
f 8701 8631 8640
f 8640 8677 8701
f 8663 8677 8641
f 8663 8652 8664
f 8652 8653 8664
f 8653 8654 8680
f 8686 8680 8654
f 8687 8686 8643
f 8687 8633 8688
f 8633 8644 8688
f 8718 8688 8644
f 8668 8689 8613
f 8634 8646 8669
f 8646 8655 8690
f 8670 8692 8657
f 8624 8670 8657
f 8626 8658 8721
f 8659 8650 8693
f 8661 8672 8660
f 8628 8684 8673
f 8675 8629 8630
f 8630 8699 8675
f 8631 8701 8676
f 8678 8663 8664
f 8664 8653 8678
f 8653 8680 8679
f 8667 8613 8689
f 8669 8646 8690
f 8691 8690 8655
f 8655 8656 8691
f 8656 8665 8692
f 8681 8636 8637
f 8658 8647 8698
f 8627 8683 8682
f 8660 8672 8650
f 8674 8629 8695
f 8675 8695 8629
f 8685 8677 8663
f 8663 8678 8685
f 8679 8678 8653
f 8680 8686 8702
f 8668 8669 8694
f 8691 8656 8707
f 8624 8719 8670
f 8720 8681 8637
f 8666 8720 8637
f 8638 8671 8751
f 8698 8647 8725
f 8693 8683 8649
f 8679 8680 8697
f 8702 8697 8680
f 8689 8718 8667
f 8692 8707 8656
f 8681 8719 8624
f 8735 8720 8666
f 8638 8709 8666
f 8658 8698 8769
f 8725 8627 8711
f 8627 8682 8711
f 8675 8714 8695
f 8715 8700 8676
f 8676 8701 8715
f 8726 8701 8677
f 8677 8685 8726
f 8696 8726 8685
f 8685 8678 8696
f 8678 8679 8696
f 8732 8696 8679
f 8679 8697 8732
f 8717 8702 8686
f 8687 8717 8686
f 8689 8668 8723
f 8708 8707 8692
f 8670 8708 8692
f 8710 8704 8703
f 8698 8725 8770
f 8682 8683 8705
f 8650 8672 8713
f 8661 8673 8752
f 8716 8727 8696
f 8696 8732 8716
f 8702 8732 8697
f 8718 8728 8688
f 8706 8694 8690
f 8690 8691 8706
f 8729 8735 8666
f 8709 8729 8666
f 8758 8769 8698
f 8682 8705 8711
f 8712 8683 8693
f 8672 8661 8752
f 8714 9597 8695
f 8675 8699 8722
f 8699 8700 8722
f 8715 8722 8700
f 8726 8696 8731
f 8727 8731 8696
f 8687 8688 8717
f 8707 8706 8691
f 8719 8708 8670
f 8721 8703 8704
f 8721 8658 8730
f 8769 8730 8658
f 8737 8711 8705
f 8713 8712 8693
f 8693 8650 8713
f 9597 8752 8673
f 8701 8726 8715
f 8747 8716 8732
f 8732 8702 8762
f 8718 8689 8728
f 8728 8689 8723
f 8733 8723 8706
f 8706 8707 8733
f 8671 8710 8751
f 8736 8751 8710
f 8710 8703 8736
f 8759 8737 8705
f 8722 8714 8675
f 8731 8727 8746
f 8748 8754 8702
f 8702 8717 8748
f 8717 8688 8728
f 8707 8708 8755
f 8708 8719 8734
f 8724 8734 8719
f 8719 8681 8724
f 8681 8720 8724
f 8735 8724 8720
f 8729 8709 8757
f 8709 8638 8750
f 8751 8750 8638
f 8703 8721 8768
f 8730 8768 8721
f 8770 8758 8698
f 8777 8725 8711
f 8705 8712 8745
f 8738 8713 8672
f 8672 8752 8738
f 9597 8714 8753
f 8739 8753 8714
f 8714 8722 8739
f 8726 8731 8760
f 8747 8727 8716
f 8754 8762 8702
f 8728 8723 8743
f 8733 8743 8723
f 8755 8708 8734
f 8735 8729 8744
f 8750 8757 8709
f 8777 8770 8725
f 8745 8759 8705
f 8712 8713 8771
f 8752 9597 8753
f 8715 8726 8741
f 8760 8741 8726
f 8762 8742 8732
f 8728 8748 8717
f 8743 8749 8728
f 8755 8733 8707
f 8744 8729 8756
f 8757 8756 8729
f 8765 8768 8730
f 8784 8737 8759
f 8771 8745 8712
f 8740 8739 8722
f 8722 8715 8740
f 8741 8740 8715
f 8772 8741 8760
f 8746 8760 8731
f 8761 8746 8727
f 8747 8761 8727
f 8742 8747 8732
f 8754 8748 8781
f 8743 8733 8755
f 8755 8734 8767
f 8724 8735 8763
f 8744 8763 8735
f 8757 8750 8764
f 8751 8736 8792
f 8730 8769 8765
f 8737 8777 8711
f 8738 8771 8713
f 8796 8738 8752
f 8785 8753 8739
f 8740 8785 8739
f 8740 8741 8779
f 8763 8767 8734
f 8734 8724 8763
f 8768 8736 8703
f 8770 8819 8758
f 8759 8745 9557
f 8752 8753 8796
f 8779 8785 8740
f 8741 8772 8779
f 8780 8760 8746
f 8766 8748 8728
f 8728 8749 8766
f 8774 8749 8743
f 8743 8755 8774
f 8818 8750 8751
f 8765 8769 8811
f 8783 8777 8737
f 8738 8796 8771
f 8761 8780 8746
f 8742 8773 8747
f 8789 8742 8762
f 8766 8781 8748
f 8767 8774 8755
f 8763 8744 8775
f 8744 8756 8775
f 8756 8757 8782
f 8764 8782 8757
f 8768 8765 8794
f 8837 8769 8758
f 8737 8784 8783
f 9853 8759 9557
f 8778 8796 8753
f 8785 8778 8753
f 8786 8772 8760
f 8787 8780 8761
f 8773 8761 8747
f 8789 8762 8798
f 8762 8754 8798
f 8767 8763 8800
f 8775 8756 8776
f 8782 8776 8756
f 8792 8818 8751
f 9557 8771 8795
f 8780 8786 8760
f 8781 8798 8754
f 8790 8766 8749
f 8749 8774 8790
f 8794 8793 8768
f 9853 8784 8759
f 8791 8790 8774
f 8803 8779 8772
f 8786 8803 8772
f 8761 8773 8787
f 8773 8742 8789
f 8781 8766 8799
f 8790 8799 8766
f 8800 8791 8774
f 8774 8767 8800
f 8801 8800 8763
f 8763 8775 8801
f 8776 8801 8775
f 8818 8764 8750
f 8736 8768 8793
f 8811 8794 8765
f 8819 8770 8869
f 8770 8777 8820
f 8777 8783 8820
f 8784 9853 9848
f 8796 8795 8771
f 8812 8796 8778
f 8785 8779 8812
f 8787 8786 8780
f 8787 8773 8788
f 8773 8789 8788
f 8799 8798 8781
f 8810 8809 8776
f 8782 8810 8776
f 8811 8769 8837
f 8805 8783 8784
f 9848 8805 8784
f 8778 8785 8812
f 8786 8787 8797
f 8788 8797 8787
f 8788 8789 9859
f 8798 9859 8789
f 8801 8776 8809
f 8817 8782 8764
f 8764 8832 8817
f 8842 8792 8736
f 8736 8793 8842
f 8812 9849 8795
f 8795 8796 8812
f 8803 8812 8779
f 8803 8786 9850
f 8786 8797 9850
f 9847 9859 8798
f 9851 9847 8798
f 8798 8799 9851
f 8799 8790 9851
f 8764 8818 8832
f 8804 8822 8793
f 8793 8794 8804
f 8819 8837 8758
f 8813 8812 8803
f 9850 8813 8803
f 8782 8817 8810
f 8826 8818 8792
f 8833 8826 8792
f 8792 8842 8833
f 8842 8793 8822
f 8794 8811 8836
f 8820 8869 8770
f 8820 8783 8851
f 8815 9844 8816
f 8836 8811 8827
f 8837 8819 8823
f 8783 8805 8851
f 8805 9848 8824
f 9849 8812 8813
f 9846 8806 8825
f 8838 8814 8807
f 8807 8815 8838
f 8815 8816 8830
f 8821 8816 9855
f 9855 8808 8821
f 8808 8809 8821
f 8817 8832 8882
f 8818 8826 8832
f 9854 8825 8829
f 8806 8814 8852
f 8831 8830 8816
f 8816 8821 8831
f 8810 8817 8841
f 8804 8794 8836
f 8837 8827 8811
f 8869 8823 8819
f 8851 8862 8820
f 8805 8824 8828
f 8834 8825 8806
f 8852 8834 8806
f 8838 8852 8814
f 8830 8838 8815
f 8809 8810 8841
f 8828 8851 8805
f 8828 8824 8850
f 8829 8850 8824
f 8825 8863 8829
f 8871 8854 8831
f 8831 8821 8871
f 8864 8809 8841
f 8822 8804 8835
f 8836 8835 8804
f 8869 8820 8862
f 8834 8863 8825
f 8854 8830 8831
f 8881 8871 8821
f 8821 8809 8881
f 8842 8822 8839
f 9631 8835 8836
f 8849 9631 8836
f 8823 8827 8837
f 8850 8829 8843
f 8863 8843 8829
f 8838 8830 8853
f 8844 8853 8830
f 8809 8864 8881
f 8832 8826 8845
f 8855 8826 8833
f 8833 8842 8855
f 8842 8839 8855
f 8850 8878 8828
f 8853 8852 8838
f 8854 8844 8830
f 8855 8839 8846
f 8839 9632 8846
f 8847 8846 9632
f 9630 8840 8860
f 8856 8860 8840
f 8856 8840 8848
f 8840 9628 8848
f 9628 8835 9631
f 8836 8827 8849
f 8878 8883 8828
f 8817 8882 8887
f 8847 9630 8859
f 8823 8858 8827
f 8848 9631 8857
f 8861 8857 9631
f 9631 8849 8861
f 8858 8849 8827
f 8916 8862 8851
f 8843 8878 8850
f 8863 8870 8843
f 8841 8817 8887
f 8845 8895 8832
f 8855 8845 8826
f 8855 8846 8875
f 8859 9630 8873
f 8876 8860 8856
f 8856 8848 8865
f 8857 8866 8848
f 8851 8828 8916
f 8895 8882 8832
f 8860 8873 9630
f 8856 8865 8876
f 8866 8865 8848
f 8858 8823 8880
f 8869 8880 8823
f 8878 8843 8870
f 8875 8868 8855
f 8872 8879 8847
f 8847 8859 8872
f 8873 8898 8859
f 8877 8861 8849
f 8849 8858 8877
f 8853 8844 8867
f 8894 8867 8844
f 8841 8887 8890
f 8845 8855 8868
f 8873 8860 8888
f 8860 8876 8888
f 8904 8876 8865
f 8866 8904 8865
f 8861 8900 8857
f 8834 8852 8874
f 8885 8874 8852
f 8852 8853 8885
f 8854 8871 8902
f 8859 8898 8872
f 8910 8877 8858
f 8883 8916 8828
f 8870 8863 8884
f 8863 8834 8884
f 8890 8864 8841
f 8845 8868 8896
f 8893 8900 8861
f 8861 8877 8893
f 8880 8910 8858
f 8869 8862 8880
f 8916 8880 8862
f 8884 8912 8870
f 8834 8874 8884
f 8854 8894 8844
f 8871 8881 8886
f 8896 8895 8845
f 8897 8896 8868
f 8868 8875 8897
f 8875 8879 8908
f 8929 8898 8873
f 8904 8899 8876
f 8904 8866 8938
f 8853 8867 8901
f 8902 8894 8854
f 8889 8886 8881
f 8908 8897 8875
f 8872 8908 8879
f 8892 8929 8873
f 8888 8876 8903
f 8915 8866 8857
f 8900 8915 8857
f 8953 8916 8883
f 8878 8911 8883
f 8886 8902 8871
f 8881 8864 8889
f 8917 8887 8882
f 8882 8895 8917
f 8873 8888 8892
f 8876 8899 8903
f 8905 8893 8877
f 8877 8910 8905
f 8911 8953 8883
f 8912 8878 8870
f 8901 8885 8853
f 8867 8894 8901
f 8907 8889 8864
f 8890 8907 8864
f 8917 8890 8887
f 8891 8908 8872
f 8866 8915 8938
f 8917 8935 8890
f 8900 8893 8905
f 8910 8880 8923
f 8916 8923 8880
f 8911 8878 8906
f 8912 8906 8878
f 8895 8896 8917
f 8897 8917 8896
f 8891 8927 8908
f 8891 8872 8909
f 8898 8909 8872
f 8933 8898 8934
f 8929 8934 8898
f 8892 8888 8920
f 8903 8920 8888
f 8899 8904 8918
f 8905 8921 8900
f 8905 8910 8922
f 8912 8884 8932
f 8913 8932 8884
f 8884 9561 8913
f 9561 8885 8919
f 8889 8907 8926
f 8920 8941 8892
f 8904 8938 8918
f 8938 8915 8930
f 8921 8915 8900
f 8885 8901 8925
f 8914 8917 8897
f 8897 8908 8914
f 8927 8914 8908
f 8937 8927 8891
f 8933 8909 8898
f 8929 8892 8941
f 8921 8905 8964
f 8923 8922 8910
f 8906 8912 8931
f 9561 8919 8924
f 8901 8894 8940
f 8894 8902 8944
f 8926 8907 8961
f 8890 8961 8907
f 8909 8937 8891
f 8903 8899 8942
f 8915 8921 8930
f 8953 8923 8916
f 8932 8931 8912
f 8947 8913 9561
f 8924 8947 9561
f 8919 8885 8925
f 8940 8925 8901
f 8886 8944 8902
f 8886 8889 8926
f 8935 8961 8890
f 8914 8935 8917
f 8914 8927 8936
f 8905 8922 8964
f 8922 8923 8943
f 8926 8948 8886
f 8929 8928 8934
f 8941 8920 8946
f 8920 8903 8946
f 8899 8918 8942
f 8930 8921 8952
f 8967 8911 8906
f 8924 8919 8968
f 8955 8940 8894
f 8936 8945 8914
f 8972 8936 8927
f 8927 8937 8972
f 8941 8928 8929
f 8918 8938 8980
f 8938 8930 8951
f 8921 8964 8952
f 8967 8953 8911
f 8931 8967 8906
f 8954 8931 8932
f 8947 8924 8963
f 8968 8963 8924
f 8940 8919 8925
f 8886 8948 8960
f 8935 8914 8945
f 8909 8933 8958
f 8959 8933 8934
f 8942 8946 8903
f 8953 8967 8966
f 8931 8975 8967
f 8940 8939 8919
f 8955 8970 8940
f 8894 8944 8955
f 8960 8944 8886
f 8972 8949 8936
f 8937 8909 8958
f 8957 8942 8918
f 8922 8943 8964
f 8923 8953 8943
f 8939 8940 8970
f 8926 8961 8971
f 8936 8949 8945
f 8962 8959 8934
f 8928 8962 8934
f 8928 8941 8950
f 8941 8946 8950
f 8946 8942 8957
f 8918 8980 8957
f 8951 8980 8938
f 8954 8975 8931
f 8939 8968 8919
f 8948 8926 8971
f 8958 8972 8937
f 8956 8950 8946
f 8946 8957 8956
f 8951 9032 8980
f 8951 8930 9012
f 9006 8943 8953
f 8970 8955 8982
f 9002 8955 8944
f 9012 8930 8974
f 8952 8974 8930
f 9017 8974 8952
f 8964 9017 8952
f 8953 8966 9006
f 8963 8996 8947
f 8944 8960 9002
f 8961 8935 9583
f 8935 8945 9583
f 8972 8958 8978
f 9010 8958 8933
f 9010 8933 8959
f 8962 8928 8950
f 8950 8956 8979
f 8956 8957 8984
f 8973 8984 8957
f 8957 8980 8973
f 8943 8965 8964
f 8943 9006 8989
f 8996 8986 8947
f 8981 8968 8939
f 8969 8981 8939
f 8960 8948 8971
f 8985 8973 8980
f 8945 8949 8977
f 8999 8977 8949
f 8949 8972 8999
f 8962 8950 8979
f 8984 8979 8956
f 8965 9017 8964
f 8989 8965 8943
f 8963 8968 8991
f 8981 8991 8968
f 8970 8982 8976
f 8955 9002 8982
f 9583 8945 8977
f 8978 8999 8972
f 9022 8959 8962
f 8962 8979 9022
f 8988 8984 8973
f 8985 8988 8973
f 9007 8966 8967
f 8967 8975 9007
f 8975 8954 9008
f 8996 8963 8990
f 8976 8982 8997
f 9062 9013 9002
f 8977 8999 9014
f 9015 8978 8958
f 9022 9010 8959
f 8985 8980 9032
f 8994 8993 8979
f 8979 8984 8994
f 8951 9012 9084
f 9008 9007 8975
f 9615 9008 8954
f 8991 8990 8963
f 9002 8960 9003
f 8961 9583 8992
f 8983 8992 9583
f 8993 9022 8979
f 8988 8994 8984
f 8985 9032 9065
f 8995 8986 9001
f 8986 8996 9001
f 8991 8981 9020
f 9003 9062 9002
f 8971 9003 8960
f 8971 8961 9039
f 8992 9039 8961
f 8999 8978 9009
f 9000 8965 8989
f 8989 9006 9018
f 8990 8991 9024
f 9020 9024 8991
f 9020 8981 9038
f 9004 8992 8983
f 8983 8998 9004
f 9014 8998 8987
f 9010 9022 9050
f 8993 8994 9016
f 8988 8985 9036
f 8965 9005 9017
f 8965 9000 9005
f 9038 8981 8969
f 9045 9007 9008
f 9636 9008 9615
f 8995 9636 9615
f 8990 9001 8996
f 9025 8997 8982
f 8978 9015 9080
f 8994 8988 9052
f 9036 9052 8988
f 9065 9036 8985
f 9005 9000 9034
f 9018 9000 8989
f 9040 9006 8966
f 9045 9040 8966
f 8966 9007 9045
f 9637 8995 9001
f 9635 9637 9001
f 9001 8990 9635
f 8990 9024 9019
f 9054 9025 8982
f 8982 9002 9054
f 9002 9013 9054
f 9003 8971 9026
f 9039 9026 8971
f 9009 9014 8999
f 9021 9015 8958
f 8958 9010 9021
f 9022 8993 9011
f 8993 9016 9011
f 9032 8951 9084
f 9005 9034 9061
f 9034 9000 9023
f 9000 9018 9023
f 9020 9038 9069
f 9004 8998 9027
f 9022 9011 9029
f 9030 9011 9016
f 9031 9016 8994
f 9052 9031 8994
f 9635 8990 9019
f 8992 9004 9079
f 9021 9080 9015
f 9033 9114 8974
f 8974 9017 9033
f 9018 9006 9067
f 9063 9079 9004
f 9004 9027 9063
f 9028 9027 8998
f 9014 9028 8998
f 9014 9009 9028
f 9022 9029 9050
f 9016 9031 9030
f 9084 9012 9066
f 9005 9061 9060
f 9008 9636 9048
f 9046 9048 9636
f 9041 9635 9019
f 9037 9041 9019
f 9035 9042 9024
f 9024 9020 9035
f 9038 8969 9053
f 8969 8997 9053
f 8997 9025 9053
f 9003 9026 9078
f 9039 9078 9026
f 8992 9055 9039
f 9029 9011 9043
f 9051 9043 9011
f 9011 9030 9051
f 9059 9030 9031
f 9065 9032 9083
f 9005 9033 9017
f 9067 9023 9018
f 9048 9045 9008
f 9069 9035 9020
f 9062 9049 9013
f 9078 9062 9003
f 8992 9079 9055
f 9010 9057 9021
f 9050 9029 9058
f 9030 9072 9071
f 9059 9072 9030
f 9059 9031 9044
f 9031 9052 9044
f 9074 9052 9036
f 8974 9066 9012
f 9033 9005 9060
f 9075 9061 9034
f 9006 9040 9067
f 9042 9041 9037
f 9053 9069 9038
f 9049 9054 9013
f 9078 9039 9055
f 9029 9043 9058
f 9051 9030 9071
f 9084 9083 9032
f 9089 9075 9034
f 9023 9089 9034
f 9635 9041 9634
f 9025 9094 9053
f 9063 9027 9064
f 9028 9070 9027
f 9058 9057 9050
f 9114 9033 9141
f 9089 9023 9047
f 9067 9047 9023
f 9045 9048 9085
f 9086 9048 9046
f 9046 9638 9086
f 9097 9060 9061
f 9099 9085 9048
f 9086 9099 9048
f 9042 9035 9068
f 9035 9069 9076
f 9070 9064 9027
f 9009 8978 9056
f 9080 9056 8978
f 9043 9051 9081
f 9071 9081 9051
f 9082 9044 9052
f 9074 9082 9052
f 9065 9074 9036
f 9114 9066 8974
f 9068 9041 9042
f 9094 9069 9053
f 9025 9054 9101
f 9077 9101 9054
f 9054 9049 9077
f 9078 9055 9092
f 9009 9123 9028
f 9081 9096 9043
f 9059 9044 9073
f 9075 9097 9061
f 9068 9035 9087
f 9076 9088 9035
f 9094 9025 9101
f 9049 9062 9116
f 9078 9116 9062
f 9010 9050 9057
f 9096 9058 9043
f 9071 9072 9106
f 9073 9072 9059
f 9074 9065 9107
f 9083 9107 9065
f 9102 9141 9033
f 9033 9060 9102
f 9085 9040 9045
f 9634 9041 9110
f 9100 9068 9090
f 9091 9076 9069
f 9092 9055 9678
f 9055 9079 9678
f 9070 9028 9105
f 9123 9105 9028
f 9124 9009 9056
f 9057 9058 9125
f 9112 9073 9044
f 9044 9082 9112
f 9111 9041 9100
f 9068 9087 9090
f 9035 9088 9087
f 9104 9116 9078
f 9104 9078 9092
f 9095 9678 9079
f 9079 9063 9095
f 9064 9095 9063
f 9127 9125 9058
f 9096 9081 9093
f 9071 9093 9081
f 9066 9083 9084
f 9075 9103 9097
f 9115 9040 9085
f 9099 9115 9085
f 9110 9041 9111
f 9087 9088 9134
f 9088 9076 9091
f 9094 9091 9069
f 9117 9095 9064
f 9064 9070 9117
f 9124 9123 9009
f 9106 9093 9071
f 9072 9073 9106
f 9082 9074 9113
f 9138 9066 9114
f 9097 9102 9060
f 9075 9089 9098
f 9047 9098 9089
f 9067 9040 9588
f 9121 9086 9638
f 9105 9117 9070
f 9056 9080 9118
f 9080 9021 9118
f 9021 9057 9125
f 9108 9103 9075
f 9040 9115 9588
f 9134 9133 9087
f 9678 9095 9679
f 9129 9113 9074
f 9107 9129 9074
f 9138 9083 9066
f 9098 9047 9109
f 9121 9099 9086
f 9132 9111 9100
f 9100 9090 9132
f 9092 9185 9104
f 9073 9112 9137
f 9102 9097 9131
f 9103 9131 9097
f 9098 9108 9075
f 9091 9094 9140
f 9094 9101 9140
f 9105 9123 9136
f 9118 9021 9119
f 9125 9119 9021
f 9093 9106 9137
f 9106 9073 9137
f 9128 9112 9082
f 9113 9128 9082
f 9114 9141 9174
f 9115 9099 9120
f 9122 9143 9110
f 9110 9111 9122
f 9132 9122 9111
f 9133 9132 9090
f 9090 9087 9133
f 9091 9134 9088
f 9127 9126 9125
f 9127 9058 9096
f 9112 9128 9157
f 9083 9129 9107
f 9138 9114 9174
f 9099 9121 9148
f 9077 9049 9154
f 9116 9104 9135
f 9185 9135 9104
f 9680 9185 9092
f 9117 9155 9095
f 9679 9095 9155
f 9117 9105 9150
f 9136 9150 9105
f 9093 9156 9096
f 9165 9128 9113
f 9145 9129 9083
f 9141 9102 9131
f 9131 9103 9130
f 9103 9108 9130
f 9109 9588 9147
f 9121 9110 9148
f 9143 9148 9110
f 9133 9134 9139
f 9101 9077 9140
f 9049 9116 9154
f 9135 9154 9116
f 9124 9136 9123
f 9119 9125 9126
f 9157 9137 9112
f 9113 9129 9165
f 9138 9145 9083
f 9108 9098 9142
f 9160 9588 9115
f 9161 9122 9132
f 9134 9091 9144
f 9091 9140 9144
f 9142 9167 9108
f 9147 9142 9098
f 9098 9109 9147
f 9147 9588 9160
f 9143 9122 9176
f 9161 9176 9122
f 9161 9132 9149
f 9132 9133 9149
f 9139 9149 9133
f 9177 9139 9134
f 9134 9144 9177
f 9056 9118 9196
f 9119 9151 9118
f 9093 9137 9156
f 9158 9157 9128
f 9196 9124 9056
f 9151 9196 9118
f 9180 9127 9096
f 9156 9180 9096
f 9186 9156 9137
f 9131 9130 9146
f 9130 9108 9167
f 9200 9160 9115
f 9115 9120 9200
f 9148 9120 9099
f 9153 9177 9144
f 9195 9140 9077
f 9077 9154 9195
f 9174 9141 9159
f 9166 9159 9141
f 9141 9131 9166
f 9146 9166 9131
f 9146 9130 9167
f 9155 9162 9680
f 9150 9155 9117
f 9136 9173 9150
f 9119 9126 9152
f 9164 9152 9126
f 9126 9127 9164
f 9180 9164 9127
f 9147 9169 9142
f 9120 9148 9170
f 9143 9176 9171
f 9161 9149 9184
f 9178 9153 9144
f 9144 9140 9178
f 9140 9195 9178
f 9680 9205 9185
f 9163 9151 9119
f 9119 9152 9163
f 9137 9157 9186
f 9165 9158 9128
f 9165 9129 9187
f 9138 9174 9189
f 9167 9142 9168
f 9142 9169 9168
f 9190 9147 9160
f 9171 9170 9148
f 9148 9143 9171
f 9184 9172 9161
f 9155 9150 9173
f 9180 9156 9181
f 9129 9145 9187
f 9145 9138 9189
f 9190 9169 9147
f 9183 9190 9160
f 9160 9200 9183
f 9176 9161 9172
f 9177 9153 9203
f 9185 9234 9135
f 9680 9162 9211
f 9155 9173 9162
f 9242 9162 9173
f 9182 9186 9157
f 9157 9158 9182
f 9188 9187 9145
f 9189 9188 9145
f 9215 9189 9174
f 9207 9166 9146
f 9146 9167 9175
f 9168 9175 9167
f 9170 9208 9120
f 9170 9171 9208
f 9171 9176 9217
f 9176 9172 9217
f 9149 9139 9201
f 9177 9201 9139
f 9177 9203 9202
f 9234 9195 9154
f 9206 9173 9136
f 9179 9136 9124
f 9124 9196 9226
f 9231 9163 9152
f 9164 9192 9152
f 9186 9181 9156
f 9158 9165 9187
f 9166 9207 9199
f 9146 9175 9207
f 9169 9190 9168
f 9120 9208 9200
f 9184 9149 9210
f 9202 9201 9177
f 9191 9203 9153
f 9153 9178 9191
f 9154 9135 9234
f 9173 9206 9242
f 9136 9179 9206
f 9151 9163 9196
f 9192 9231 9152
f 9164 9180 9212
f 9180 9181 9193
f 9159 9215 9174
f 9216 9208 9171
f 9217 9216 9171
f 9217 9172 9209
f 9220 9209 9172
f 9172 9184 9220
f 9210 9220 9184
f 9242 9211 9162
f 9124 9226 9179
f 9212 9192 9164
f 9180 9193 9212
f 9158 9187 9194
f 9214 9194 9187
f 9187 9188 9214
f 9188 9189 9197
f 9215 9197 9189
f 9166 9221 9159
f 9168 9190 9198
f 9190 9183 9246
f 9149 9201 9210
f 9178 9195 9204
f 9230 9234 9185
f 9211 9205 9680
f 9196 9163 9227
f 9182 9158 9213
f 9194 9213 9158
f 9246 9198 9190
f 9228 9219 9200
f 9200 9208 9228
f 9202 9203 9223
f 9204 9191 9178
f 9196 9227 9226
f 9193 9181 9218
f 9181 9186 9218
f 9186 9182 9213
f 9168 9198 9207
f 9198 9199 9207
f 9219 9183 9200
f 9201 9202 9223
f 9195 9224 9204
f 9225 9242 9206
f 9261 9227 9163
f 9231 9261 9163
f 9218 9186 9235
f 9186 9213 9235
f 9214 9188 9197
f 9166 9199 9221
f 9228 9208 9222
f 9217 9209 9236
f 9201 9233 9210
f 9223 9203 9191
f 9195 9234 9224
f 9205 9230 9185
f 9205 9211 9259
f 9206 9179 9225
f 9214 9197 9232
f 9209 9220 9229
f 9234 9230 9271
f 9226 9225 9179
f 9254 9192 9212
f 9193 9254 9212
f 9214 9213 9194
f 9197 9215 9239
f 9222 9208 9236
f 9216 9236 9208
f 9216 9217 9236
f 9236 9209 9229
f 9237 9229 9220
f 9220 9210 9237
f 9210 9233 9237
f 9223 9241 9201
f 9223 9191 9241
f 9204 9224 9253
f 9259 9230 9205
f 9242 9225 9279
f 9218 9254 9193
f 9232 9197 9239
f 9221 9215 9159
f 9221 9199 9245
f 9199 9198 9245
f 9225 9226 9279
f 9226 9227 9260
f 9231 9273 9261
f 9192 9247 9231
f 9238 9254 9218
f 9213 9214 9255
f 9232 9256 9214
f 9262 9239 9215
f 9198 9246 9291
f 9219 9266 9183
f 9240 9250 9229
f 9233 9201 9251
f 9234 9258 9224
f 9242 9265 9211
f 9261 9272 9227
f 9218 9235 9243
f 9235 9213 9243
f 9255 9243 9213
f 9232 9239 9244
f 9221 9262 9215
f 9228 9275 9219
f 9228 9222 9248
f 9236 9248 9222
f 9236 9229 9250
f 9229 9237 9240
f 9201 9241 9251
f 9253 9224 9258
f 9234 9271 9258
f 9265 9259 9211
f 9260 9279 9226
f 9272 9260 9227
f 9247 9273 9231
f 9254 9247 9192
f 9218 9243 9238
f 9244 9256 9232
f 9221 9245 9290
f 9291 9245 9198
f 9275 9266 9219
f 9250 9249 9236
f 9237 9233 9269
f 9233 9251 9269
f 9253 9191 9204
f 9256 9255 9214
f 9290 9262 9221
f 9248 9267 9228
f 9251 9241 9270
f 9241 9191 9252
f 9191 9253 9252
f 9262 9289 9239
f 9291 9290 9245
f 9267 9275 9228
f 9248 9236 9249
f 9250 9257 9249
f 9250 9240 9276
f 9240 9237 9264
f 9269 9264 9237
f 9253 9258 9278
f 9242 9279 9265
f 9243 9288 9238
f 9282 9256 9244
f 9246 9183 9266
f 9248 9249 9611
f 9276 9257 9250
f 9264 9276 9240
f 9251 9270 9269
f 9252 9270 9241
f 9272 9261 9280
f 9273 9309 9261
f 9254 9238 9287
f 9288 9287 9238
f 9274 9288 9243
f 9243 9255 9281
f 9256 9281 9255
f 9267 9248 9611
f 9611 9249 9263
f 9249 9257 9263
f 9270 9252 9277
f 9309 9280 9261
f 9287 9247 9254
f 9295 9282 9244
f 9289 9244 9239
f 9246 9292 9291
f 9252 9253 9278
f 9271 9230 9307
f 9265 9279 9332
f 9322 9332 9279
f 9281 9274 9243
f 9282 9281 9256
f 9298 9290 9291
f 9266 9292 9246
f 9268 9263 9257
f 9276 9268 9257
f 9283 9269 9270
f 9277 9283 9270
f 9278 9277 9252
f 9258 9312 9278
f 9230 9259 9313
f 9279 9260 9322
f 9272 9322 9260
f 9264 9269 9301
f 9258 9271 9328
f 9265 9313 9259
f 9247 9309 9273
f 9247 9287 9303
f 9244 9289 9295
f 9306 9268 9276
f 9269 9283 9294
f 9328 9312 9258
f 9230 9313 9307
f 9272 9280 9284
f 9282 9295 9310
f 9262 9290 9326
f 9267 9611 9305
f 9263 9268 9293
f 9285 9306 9276
f 9276 9264 9285
f 9264 9301 9285
f 9269 9294 9301
f 9286 9283 9277
f 9277 9278 9286
f 9312 9319 9278
f 9322 9272 9284
f 9267 9336 9275
f 9336 9267 9305
f 9294 9283 9311
f 9284 9280 9308
f 9302 9308 9280
f 9309 9302 9280
f 9309 9247 9333
f 9247 9303 9333
f 9297 9303 9287
f 9287 9288 9297
f 9324 9314 9274
f 9274 9281 9324
f 9281 9282 9310
f 9298 9291 9335
f 9291 9292 9315
f 9316 9293 9268
f 9316 9268 9306
f 9306 9285 9299
f 9286 9311 9283
f 9278 9319 9286
f 9296 9328 9271
f 9271 9307 9296
f 9265 9332 9321
f 9323 9297 9288
f 9288 9274 9323
f 9314 9323 9274
f 9281 9310 9325
f 9326 9289 9262
f 9290 9298 9351
f 9315 9335 9291
f 9292 9266 9304
f 9266 9275 9304
f 9336 9304 9275
f 9305 9611 9330
f 9299 9285 9300
f 9285 9301 9300
f 9339 9313 9265
f 9265 9321 9339
f 9325 9324 9281
f 9351 9326 9290
f 9298 9335 9351
f 9318 9300 9301
f 9301 9294 9318
f 9311 9327 9294
f 9340 9302 9309
f 9333 9340 9309
f 9306 9299 9317
f 9299 9300 9317
f 9311 9286 9338
f 9319 9338 9286
f 9312 9320 9319
f 9328 9320 9312
f 9325 9310 9356
f 9310 9295 9356
f 9326 9329 9289
f 9315 9292 9304
f 9347 9316 9306
f 9306 9317 9347
f 9327 9337 9294
f 9338 9327 9311
f 9322 9284 9308
f 9295 9289 9329
f 9330 9350 9305
f 9331 9338 9319
f 9349 9296 9307
f 9307 9313 9349
f 9332 9322 9344
f 9308 9344 9322
f 9308 9302 9345
f 9302 9340 9345
f 9342 9333 9303
f 9303 9297 9342
f 9314 9324 9325
f 9363 9356 9295
f 9351 9334 9326
f 9295 9329 9363
f 9330 9316 9358
f 9300 9318 9348
f 9304 9336 9346
f 9305 9357 9336
f 9348 9317 9300
f 9318 9337 9353
f 9327 9338 9337
f 9320 9331 9319
f 9321 9332 9371
f 9344 9371 9332
f 9345 9340 9382
f 9341 9340 9333
f 9333 9342 9341
f 9325 9343 9314
f 9334 9329 9326
f 9350 9357 9305
f 9360 9347 9317
f 9366 9328 9296
f 9349 9366 9296
f 9339 9321 9371
f 9341 9382 9340
f 9351 9335 9379
f 9315 9379 9335
f 9346 9364 9304
f 9346 9336 9357
f 9358 9316 9369
f 9316 9347 9369
f 9348 9360 9317
f 9348 9318 9353
f 9313 9339 9349
f 9355 9297 9323
f 9323 9314 9355
f 9314 9343 9355
f 9343 9325 9368
f 9375 9363 9329
f 9338 9331 9380
f 9370 9349 9339
f 9339 9371 9370
f 9344 9308 9406
f 9342 9297 9362
f 9334 9375 9329
f 9334 9351 9391
f 9347 9360 9369
f 9360 9348 9361
f 9348 9353 9361
f 9354 9338 9380
f 9331 9320 9365
f 9320 9328 9366
f 9367 9371 9344
f 9362 9341 9342
f 9355 9362 9297
f 9368 9325 9356
f 9304 9376 9315
f 9352 9357 9350
f 9358 9352 9350
f 9353 9337 9378
f 9346 9357 9364
f 9369 9359 9358
f 9378 9361 9353
f 9365 9381 9331
f 9387 9366 9349
f 9345 9406 9308
f 9362 9355 9643
f 9644 9643 9355
f 9343 9644 9355
f 9363 9375 9384
f 9379 9391 9351
f 9376 9379 9315
f 9364 9376 9304
f 9364 9357 9377
f 9359 9352 9358
f 9386 9369 9360
f 9360 9361 9386
f 9337 9354 9378
f 9380 9331 9381
f 9320 9366 9365
f 9406 9367 9344
f 9372 9406 9345
f 9382 9372 9345
f 9356 9363 9400
f 9395 9375 9334
f 9334 9391 9395
f 9400 9399 9368
f 9368 9356 9400
f 9357 9352 9377
f 9361 9378 9386
f 9378 9354 9393
f 9380 9393 9354
f 9373 9394 9362
f 9374 9343 9390
f 9343 9368 9390
f 9384 9400 9363
f 9352 9359 9385
f 9365 9366 9412
f 9387 9412 9366
f 9349 9370 9387
f 9371 9367 9388
f 9415 9388 9367
f 9406 9415 9367
f 9341 9362 9394
f 9409 9642 9374
f 9374 9390 9383
f 9384 9375 9401
f 9395 9401 9375
f 9391 9379 9419
f 9377 9396 9364
f 9377 9352 9420
f 9369 9386 9405
f 9428 9386 9378
f 9392 9428 9378
f 9378 9393 9392
f 9388 9370 9371
f 9409 9374 9383
f 9402 9395 9391
f 9379 9376 9403
f 9420 9352 9385
f 9381 9411 9380
f 9381 9365 9440
f 9412 9440 9365
f 9412 9387 9413
f 9398 9431 9372
f 9372 9382 9398
f 9341 9398 9382
f 9390 9860 9383
f 9401 9400 9384
f 9403 9419 9379
f 9376 9364 9404
f 9396 9404 9364
f 9405 9359 9369
f 9397 9392 9393
f 9411 9393 9380
f 9440 9411 9381
f 9387 9370 9413
f 9370 9388 9414
f 9431 9406 9372
f 9341 9394 9398
f 9394 9645 9416
f 9410 9645 9389
f 9408 9410 9389
f 9642 9408 9389
f 9417 9390 9368
f 9368 9399 9417
f 9419 9402 9391
f 9404 9403 9376
f 9385 9427 9420
f 9385 9359 9427
f 9433 9428 9392
f 9397 9433 9392
f 9411 9397 9393
f 9414 9441 9370
f 9415 9414 9388
f 9407 9398 9394
f 9416 9645 9410
f 9409 9408 9642
f 9409 9383 9437
f 9418 9417 9399
f 9395 9402 9426
f 9405 9427 9359
f 9405 9386 9450
f 9413 9370 9441
f 9415 9406 9423
f 9398 9407 9693
f 9442 9418 9399
f 9399 9400 9442
f 9400 9401 9442
f 9401 9395 9444
f 9396 9377 9420
f 9386 9428 9450
f 9397 9411 9421
f 9412 9413 9429
f 9431 9423 9406
f 9416 9410 9447
f 9436 9447 9410
f 9408 9409 9459
f 9437 9459 9409
f 9434 9425 9417
f 9418 9434 9417
f 9402 9419 9453
f 9404 9396 9438
f 9420 9438 9396
f 9422 9421 9411
f 9411 9440 9422
f 9440 9412 9429
f 9414 9415 9430
f 9410 9408 9436
f 9395 9426 9444
f 9453 9426 9402
f 9419 9403 9449
f 9455 9427 9405
f 9450 9455 9405
f 9445 9429 9413
f 9441 9445 9413
f 9423 9430 9415
f 9423 9431 9435
f 9431 9398 9432
f 9693 9432 9398
f 9459 9436 9408
f 9444 9442 9401
f 9428 9433 9451
f 9439 9433 9421
f 9422 9439 9421
f 9430 9441 9414
f 9432 9435 9431
f 9447 9446 9416
f 9447 9436 9481
f 9444 9426 9443
f 9453 9443 9426
f 9449 9453 9419
f 9404 9438 9464
f 9438 9420 9454
f 9427 9454 9420
f 9427 9455 9467
f 9422 9440 9457
f 9423 9435 9694
f 9436 9459 9481
f 9437 9860 9460
f 9425 9460 9860
f 9442 9444 9443
f 9403 9404 9464
f 9456 9455 9450
f 9451 9450 9428
f 9439 9451 9433
f 9439 9422 9457
f 9440 9429 9457
f 9445 9468 9429
f 9441 9430 9473
f 9452 9442 9469
f 9442 9443 9469
f 9449 9463 9453
f 9467 9454 9427
f 9468 9457 9429
f 9445 9441 9458
f 9473 9458 9441
f 9446 9447 9448
f 9481 9448 9447
f 9459 9437 9460
f 9425 9434 9461
f 9452 9461 9434
f 9452 9469 9462
f 9443 9453 9470
f 9438 9454 9465
f 9451 9456 9450
f 9461 9452 9462
f 9469 9443 9478
f 9463 9470 9453
f 9449 9403 9466
f 9403 9464 9466
f 9467 9465 9454
f 9467 9455 9499
f 9456 9499 9455
f 9490 9456 9451
f 9462 9469 9475
f 9449 9466 9463
f 9464 9438 9465
f 9451 9439 9490
f 9692 9695 9474
f 9448 9481 9485
f 9481 9459 9496
f 9459 9460 9496
f 9485 9477 9448
f 9460 9425 9486
f 9443 9470 9478
f 9465 9484 9464
f 9499 9489 9467
f 9490 9439 9479
f 9457 9479 9439
f 9468 9471 9457
f 9468 9445 9472
f 9492 9472 9445
f 9445 9458 9492
f 9476 9458 9473
f 9461 9486 9425
f 9475 9461 9462
f 9463 9466 9504
f 9466 9464 9484
f 9465 9467 9489
f 9457 9471 9479
f 9491 9471 9468
f 9472 9491 9468
f 9476 9492 9458
f 9482 9475 9469
f 9469 9478 9482
f 9478 9470 9483
f 9463 9504 9483
f 9484 9504 9466
f 9499 9456 9490
f 9694 9480 9493
f 9494 9480 9692
f 9692 9474 9494
f 9477 9494 9474
f 9486 9496 9460
f 9470 9463 9483
f 9465 9624 9484
f 9465 9489 9624
f 9471 9491 9508
f 9461 9475 9501
f 9475 9482 9501
f 9502 9482 9478
f 9478 9483 9502
f 9504 9503 9483
f 9504 9484 9497
f 9471 9508 9479
f 9491 9472 9523
f 9472 9492 9523
f 9476 9473 9493
f 9473 9694 9493
f 9494 9477 9495
f 9486 9461 9487
f 9503 9502 9483
f 9488 9497 9484
f 9623 9488 9484
f 9484 9624 9623
f 9499 9498 9489
f 9524 9523 9492
f 9509 9492 9476
f 9493 9480 9500
f 9494 9500 9480
f 9495 9510 9494
f 9481 9496 9485
f 9501 9487 9461
f 9504 9497 9505
f 9624 9489 9498
f 9490 9479 9522
f 9508 9522 9479
f 9515 9508 9491
f 9523 9515 9491
f 9524 9492 9509
f 9476 9493 9509
f 9506 9509 9493
f 9500 9506 9493
f 9500 9494 9510
f 9477 9485 9511
f 9496 9511 9485
f 9496 9486 9530
f 9511 9510 9495
f 9495 9477 9511
f 9522 9498 9499
f 9499 9490 9522
f 9487 9530 9486
f 9503 9504 9521
f 9504 9505 9521
f 9497 9488 9513
f 9525 9524 9509
f 9501 9507 9512
f 9498 9534 9623
f 9509 9506 9526
f 9500 9510 9516
f 9510 9511 9529
f 9517 9529 9511
f 9511 9496 9517
f 9530 9517 9496
f 9487 9501 9530
f 9512 9530 9501
f 9498 9522 9534
f 9509 9526 9525
f 9529 9533 9510
f 9518 9512 9507
f 9505 9514 9521
f 9505 9497 9513
f 9534 9532 9623
f 9508 9515 9528
f 9515 9523 9528
f 9533 9516 9510
f 9533 9529 9547
f 9519 9527 9518
f 9512 9518 9531
f 9527 9531 9518
f 9519 9520 9527
f 9545 9527 9520
f 9520 9521 9545
f 9521 9514 9545
f 9522 9528 9540
f 9537 9528 9523
f 9535 9537 9523
f 9523 9524 9535
f 9524 9525 9535
f 9526 9535 9525
f 9543 9517 9530
f 9514 9505 9539
f 9505 9513 9539
f 9540 9534 9522
f 9526 9516 9533
f 9529 9517 9543
f 9530 9512 9543
f 9531 9527 9538
f 9534 9536 9532
f 9526 9731 9535
f 9531 9543 9512
f 9539 9532 9536
f 9543 9547 9529
f 9546 9545 9514
f 9539 9546 9514
f 9536 9534 9552
f 9731 9526 9549
f 9542 9541 9533
f 9533 9547 9542
f 9550 9531 9538
f 9551 9546 9539
f 9552 9861 9536
f 9534 9540 9552
f 9541 9549 9526
f 9537 9535 9556
f 9732 9556 9535
f 9731 9732 9535
f 9550 9541 9542
f 9547 9550 9542
f 9544 9547 9543
f 9538 9545 9733
f 9552 9540 9555
f 9540 9548 9555
f 9541 9553 9549
f 9544 9550 9547
f 9733 9541 9550
f 9733 9545 9554
f 9546 9554 9545
f 9546 9551 9554
f 9554 9861 9732
f 9556 9732 9861
f 9861 9555 9556
f 8712 8705 8683
f 633 9622 634
f 1006 1016 990
f 4678 4743 4702
f 871 834 835
f 9433 9397 9421
f 6684 6607 6524
f 5694 5681 5668
f 1756 1820 1796
f 7909 8092 8064
f 743 760 853
f 853 760 782
f 9041 9068 9100
f 3655 3713 3688
f 4916 5127 5044
f 6998 6997 6883
f 5123 4982 5069
f 8424 8435 8425
f 6871 6934 6955
f 1170 1044 1098
f 4953 4911 4968
f 7299 7399 7281
f 3794 9617 9616
f 8771 9557 8745
f 9558 5457 5423
f 3688 3654 3655
f 9563 4377 9599
f 1558 9566 1488
f 6730 6883 6801
f 5607 5713 5540
f 3375 3410 3311
f 7711 7863 7778
f 3483 3501 3413
f 9526 9533 9541
f 9552 9555 9861
f 3734 3751 3790
f 1337 1428 1360
f 7270 7372 7355
f 6722 7071 6917
f 6291 6255 6450
f 634 680 647
f 252 280 319
f 7227 7296 7351
f 8648 8649 8683
f 1702 1754 1701
f 755 658 761
f 5877 5768 5802
f 5611 5563 9739
f 5563 5564 9739
f 9506 9500 9516
f 9508 9528 9522
f 6416 6395 6353
f 5657 5460 5573
f 6739 6607 6684
f 6197 6209 6131
f 9539 9513 9532
f 4756 4645 4733
f 4218 4207 4158
f 7168 7082 7083
f 596 567 597
f 369 368 353
f 7681 7528 7588
f 7588 7528 7575
f 8594 9560 8615
f 8594 8573 9560
f 8874 9561 8884
f 8874 8885 9561
f 7521 7470 7593
f 9562 8560 8550
f 6500 6373 6387
f 9563 4459 4405
f 463 9564 421
f 2532 2617 2593
f 7593 7618 7596
f 7605 7596 7618
f 6706 7016 6781
f 3876 3923 3906
f 8976 8997 8969
f 6530 6430 6521
f 6354 6464 6379
f 1124 1159 1053
f 499 567 473
f 596 473 567
f 9337 9318 9294
f 5917 6131 5989
f 721 736 676
f 5941 5964 5894
f 5894 5964 5910
f 9565 1112 1140
f 1128 1129 1193
f 1115 1193 1129
f 9566 1558 1584
f 789 809 771
f 771 809 9567
f 4738 4884 9568
f 4898 9568 4884
f 6082 6258 6162
f 7505 7758 9569
f 4544 4543 4504
f 4067 4068 4147
f 9024 9042 9019
f 9042 9037 9019
f 3906 3875 3876
f 3717 9571 3582
f 1378 1420 1301
f 1439 1558 1428
f 4953 5070 4982
f 1706 1697 9572
f 4807 4733 4789
f 4847 4733 4807
f 6706 6781 6625
f 6788 9610 6926
f 9573 544 519
f 3790 3858 3784
f 5439 5340 5391
f 9574 6323 6268
f 9501 9482 9507
f 9482 9502 9507
f 9337 9338 9354
f 7174 7270 7355
f 7232 7174 7355
f 9551 9536 9861
f 9539 9536 9551
f 986 891 1066
f 1066 891 906
f 4727 4714 4764
f 4909 4889 4851
f 5182 5044 5127
f 924 881 775
f 881 9575 775
f 775 9575 860
f 5171 5049 5204
f 5171 5064 5049
f 5049 5031 5204
f 6804 6889 6888
f 5037 4889 4923
f 2469 2472 2484
f 5786 5732 5838
f 5838 5732 5839
f 1075 9576 1086
f 8594 8615 8648
f 807 830 9577
f 7137 9578 7122
f 4072 4002 3990
f 1079 986 1066
f 5614 5764 5603
f 5764 5717 5603
f 5603 5717 5655
f 5210 5123 5191
f 5152 5192 5191
f 3581 9571 3466
f 3581 3582 9571
f 6684 6608 6700
f 1847 1750 1859
f 7554 7492 7677
f 7492 7555 7677
f 4161 4311 4347
f 4161 4219 4311
f 251 311 205
f 268 205 311
f 4378 9579 4316
f 2734 2754 2789
f 2779 2693 9580
f 2693 2735 9580
f 3157 3153 3232
f 5841 5713 5884
f 776 924 737
f 9350 9330 9358
f 7038 7006 6932
f 6932 7006 6953
f 9452 9418 9442
f 9418 9452 9434
f 8847 8875 8846
f 8879 8875 8847
f 7677 7650 7712
f 6766 9582 6705
f 2463 2377 2473
f 2463 2424 2377
f 5436 5271 5372
f 5271 5436 5306
f 9014 8987 8977
f 8987 9583 8977
f 8987 8998 8983
f 8987 8983 9583
f 9584 8526 8567
f 9584 8566 8526
f 8567 8526 8544
f 8042 9585 7919
f 7919 9585 7803
f 596 597 735
f 735 597 662
f 673 596 735
f 4067 3906 4003
f 3906 3923 4003
f 433 9586 432
f 432 9586 463
f 8970 8969 8939
f 8969 8970 8976
f 5382 5504 5363
f 5363 5504 5455
f 1236 1159 1278
f 9587 4642 4661
f 9587 4613 4583
f 4612 4613 9587
f 6655 6656 6795
f 6656 6729 6795
f 9109 9047 9588
f 9067 9588 9047
f 4321 4386 4344
f 4344 4386 4385
f 7686 7672 7772
f 4344 4293 4321
f 4321 4293 4284
f 2656 2676 9590
f 9590 2693 2656
f 2473 9591 2463
f 2473 2609 9591
f 2609 2608 9591
f 4427 4385 4386
f 4385 4427 4494
f 5092 5053 5054
f 4968 5054 5053
f 6487 6612 6625
f 9592 7473 7619
f 9168 9207 9175
f 5707 9594 5619
f 5707 5662 9593
f 9594 5707 9593
f 905 9595 875
f 816 9595 850
f 875 9595 816
f 1850 1794 1754
f 1794 1850 1818
f 5691 5664 5665
f 5640 5664 5691
f 5640 5691 5663
f 4440 9677 9596
f 9596 9677 4406
f 9596 4461 4498
f 4461 9596 4406
f 9425 9860 9417
f 9417 9860 9390
f 8674 8695 8684
f 8695 9597 8684
f 8684 9597 8673
f 5107 5152 5105
f 3131 3119 3024
f 3177 3119 3131
f 4560 4580 4551
f 4572 4592 9598
f 4572 9598 4580
f 4280 9599 4229
f 4229 9599 4377
f 957 9600 970
f 9600 971 9601
f 957 971 9600
f 9603 7190 9602
f 7322 9603 9602
f 627 655 592
f 3828 3794 3795
f 762 9605 761
f 879 878 9604
f 761 9605 879
f 879 9604 761
f 7711 9606 7553
f 7553 9606 9725
f 9607 5341 5245
f 5391 5340 5341
f 6689 6777 6690
f 8669 8690 8694
f 8668 8694 8723
f 8723 8694 8706
f 869 870 929
f 929 942 941
f 929 872 942
f 943 942 9608
f 7443 7426 7528
f 7426 7294 7528
f 9609 7528 7294
f 6926 7154 6970
f 6926 9610 7154
f 7154 9610 7020
f 9316 9330 9293
f 9330 9611 9293
f 9611 9263 9293
f 5600 9613 5680
f 9614 9613 9612
f 5600 9612 9613
f 8913 8954 8932
f 8913 8947 8986
f 8995 9615 8986
f 8913 8986 8954
f 9615 8954 8986
f 3483 3624 3502
f 9616 9617 3502
f 9616 3502 3624
f 5161 5307 5270
f 5307 5271 5270
f 7764 7724 9618
f 7724 7629 9618
f 7629 7581 9618
f 7281 7154 7299
f 7299 7154 7114
f 9620 9621 575
f 9621 9620 9619
f 606 9619 9620
f 9622 606 9620
f 9532 9513 9488
f 9623 9624 9498
f 9488 9623 9532
f 7174 9625 7064
f 9625 7174 9626
f 7232 9626 7174
f 9521 9520 9503
f 9502 9519 9518
f 9502 9518 9507
f 9519 9503 9520
f 9502 9503 9519
f 5061 4915 9627
f 4915 4898 9627
f 8822 8835 8839
f 8847 9632 9630
f 9630 9629 8840
f 8835 9628 9629
f 9628 8840 9629
f 9630 9632 9629
f 8835 9632 8839
f 8835 9629 9632
f 9631 8848 9628
f 633 9633 606
f 670 9633 633
f 669 668 670
f 606 9633 621
f 670 646 9633
f 621 9633 646
f 646 670 668
f 9046 9636 9638
f 9635 9634 9637
f 9634 9638 9637
f 9110 9638 9634
f 9638 9110 9121
f 9636 8995 9637
f 9636 9637 9638
f 1015 1014 9641
f 1005 9639 987
f 1005 1030 9639
f 9639 9640 975
f 1005 1014 1030
f 9641 1014 1005
f 1030 9640 9639
f 1876 1915 1888
f 1926 1790 1915
f 1813 1915 1790
f 9343 9374 9644
f 9394 9373 9645
f 9644 9374 9643
f 9643 9389 9645
f 9645 9373 9643
f 9389 9643 9642
f 9642 9643 9374
f 5552 9647 5624
f 5552 5536 9647
f 5536 9646 9647
f 9646 5558 5572
f 9646 5572 5571
f 5571 9647 9646
f 8530 9651 8425
f 9651 9648 8555
f 9651 8555 9649
f 8425 9649 8464
f 9650 8555 9648
f 8554 8555 9650
f 8603 8554 9650
f 8425 9651 9649
f 4094 3916 4045
f 6421 6374 6286
f 6576 6641 6717
f 9652 6374 6421
f 9652 6523 6374
f 6421 6576 9652
f 9652 6576 6717
f 1049 9653 1040
f 1017 1087 1049
f 1012 985 9654
f 1037 1038 9655
f 9653 9655 1038
f 985 968 9654
f 1041 1049 1040
f 1041 1012 9654
f 1041 9654 1049
f 1040 9653 1038
f 968 1049 9654
f 800 780 9658
f 9657 692 614
f 780 9656 9658
f 707 781 9659
f 9656 9660 9658
f 9659 687 707
f 9657 9661 9662
f 9657 9662 692
f 800 9658 9659
f 9662 642 9660
f 9658 9660 642
f 9658 642 687
f 687 9659 9658
f 781 800 9659
f 9656 692 9660
f 9660 692 9662
f 9661 641 9662
f 1142 1113 1128
f 1114 1128 1065
f 916 9664 9666
f 969 9663 9664
f 1119 9665 1142
f 874 9667 949
f 9665 1128 1113
f 1142 9665 1113
f 1065 1128 9663
f 9665 9664 9663
f 1128 9665 9663
f 9667 9665 949
f 9667 9666 9664
f 949 1119 963
f 949 9665 1119
f 9665 9667 9664
f 9667 825 9666
f 9670 968 9671
f 930 9668 9671
f 847 859 911
f 847 922 9668
f 9668 889 9669
f 9608 889 930
f 9668 978 9671
f 911 922 847
f 9671 978 9673
f 9673 9670 9671
f 9668 922 978
f 9668 930 889
f 847 9668 9669
f 978 9672 9673
f 9676 4406 9677
f 4147 4243 4250
f 9674 9675 9676
f 9676 4250 4243
f 9675 4250 9676
f 9674 9676 9677
f 9678 9679 9680
f 9155 9680 9679
f 9680 9092 9678
f 9681 9682 396
f 317 352 9688
f 352 396 9682
f 9685 9684 339
f 9681 9683 9684
f 339 9683 325
f 9682 9681 9684
f 352 9682 9688
f 9681 384 9683
f 9686 9683 384
f 9682 9684 9685
f 9687 352 317
f 339 9684 9683
f 9682 9685 9688
f 339 303 9685
f 4782 9690 4921
f 4919 4932 9691
f 9691 4748 4764
f 5085 5103 9689
f 4932 9690 9691
f 4782 4748 9690
f 4921 9690 4932
f 4764 4919 9691
f 5145 4921 5103
f 4921 4932 9689
f 9690 4748 9691
f 5103 4921 9689
f 9430 9694 9473
f 9416 9424 9394
f 9430 9423 9694
f 9435 9432 9480
f 9432 9693 9692
f 9407 9695 9693
f 9692 9693 9695
f 9416 9446 9424
f 9435 9480 9694
f 9692 9480 9432
f 9446 9695 9424
f 9407 9394 9424
f 9407 9424 9695
f 4663 4638 4640
f 4680 4640 4638
f 4727 9697 4690
f 4701 9697 4727
f 4690 9697 4715
f 4716 4704 4730
f 4704 4680 4639
f 9696 4639 9697
f 4704 4639 4730
f 9697 4701 9696
f 4663 4640 4679
f 4730 4639 9696
f 393 9703 427
f 9701 346 347
f 9703 9702 427
f 9701 351 9703
f 351 9701 318
f 296 9698 295
f 347 318 9701
f 9699 9700 346
f 9698 318 347
f 347 320 9698
f 9703 393 9701
f 335 9700 9699
f 9699 346 9701
f 393 9699 9701
f 5238 9705 5324
f 5144 9705 5238
f 9706 9705 5108
f 5008 4847 9704
f 9704 4807 9706
f 4848 5056 9706
f 4807 9704 4847
f 9704 9706 5108
f 4848 9706 4807
f 9707 2484 2472
f 2443 9711 9710
f 9710 9711 2422
f 9711 2359 2422
f 9708 2679 9709
f 2484 9710 2422
f 2484 9707 9710
f 2508 9710 9707
f 9709 2519 9708
f 2359 9711 2321
f 2607 2508 9709
f 2519 9709 9707
f 9707 9709 2508
f 9715 9719 4653
f 4574 4636 4594
f 4635 4594 4636
f 4659 9721 4641
f 4623 9713 9719
f 4653 9719 4673
f 4624 4635 9713
f 4636 9720 4635
f 9718 4673 9719
f 9721 9716 9712
f 9721 4658 9716
f 9717 9718 9713
f 4674 9717 9720
f 9713 9718 9719
f 9716 9720 4596
f 9715 4609 9719
f 4658 4674 9720
f 9720 9717 4635
f 9712 9716 9714
f 9721 9712 4641
f 4658 9720 9716
f 4635 9717 9713
f 4596 9714 9716
f 4609 4623 9719
f 9717 4674 9718
f 6850 9727 9730
f 7553 9725 9728
f 9726 7341 9722
f 9724 7079 9723
f 7271 7326 9723
f 9724 9729 9727
f 7326 9726 9722
f 9722 7223 9729
f 6795 6850 6882
f 9729 9723 9722
f 9727 6851 9724
f 9728 9725 9726
f 7326 9728 9726
f 6851 9582 9724
f 9723 9729 9724
f 6882 6850 9730
f 9730 9729 6882
f 9730 9727 9729
f 7326 9722 9723
f 9537 9548 9528
f 9541 9733 9553
f 9732 9553 9554
f 9554 9553 9733
f 9550 9544 9531
f 9531 9544 9543
f 9731 9553 9732
f 9550 9538 9733
f 9549 9553 9731
f 9735 6076 6232
f 6218 9735 6232
f 6218 6076 9735
f 9734 9736 5996
f 5634 9739 9737
f 9737 9740 5741
f 5996 9742 9734
f 9734 9742 6005
f 9741 9736 5925
f 9738 6005 9742
f 6076 9738 9742
f 5741 9741 5925
f 9740 9741 5741
f 6218 9738 6076
f 9741 5996 9736
f 7087 7116 9744
f 9743 9750 7563
f 7816 7836 7735
f 7563 9750 7604
f 7116 9749 9744
f 7400 9744 9749
f 7836 9745 7735
f 9752 9746 7415
f 7836 7872 9745
f 7415 9746 9743
f 9748 9743 7431
f 9751 9746 9752
f 9751 9749 7116
f 9750 9743 9748
f 9746 7431 9743
f 7431 9751 7318
f 7318 9751 9747
f 9745 9748 7735
f 7116 9747 9751
f 9749 9751 9752
f 9745 9750 9748
f 9752 7400 9749
f 7431 9746 9751
f 3404 3292 3387
f 3246 3387 3292
f 3246 3053 3126
f 2924 9755 2829
f 2988 3081 3102
f 3126 3053 2998
f 9754 3045 9755
f 3053 3246 9753
f 3053 9753 3081
f 9755 2924 9754
f 3292 9753 3246
f 6568 9759 9758
f 9760 9625 6968
f 6520 6568 6567
f 6568 6520 9757
f 9759 9757 6640
f 6507 6640 9757
f 6839 9756 6771
f 9758 6839 6968
f 6507 9757 9761
f 6771 9759 6640
f 6362 9761 6428
f 9759 6771 9756
f 9760 6968 6839
f 6839 9758 9756
f 9758 9759 9756
f 7107 9772 7254
f 9764 9763 7134
f 7134 9763 7066
f 7323 9772 7127
f 7289 9772 7323
f 6665 9769 9767
f 6618 9767 6638
f 6638 9769 9773
f 6871 6848 6872
f 9768 9764 7116
f 6875 9776 9774
f 6875 6860 9776
f 9775 9777 9766
f 7066 9763 6860
f 6934 9766 6955
f 6955 9766 9762
f 6638 9773 6736
f 6859 9776 6860
f 9769 9774 9773
f 6859 9775 9776
f 6859 9763 9764
f 9772 6955 9770
f 9777 9775 9768
f 9772 9770 7127
f 6955 9762 9770
f 9770 9762 9765
f 9767 9769 6638
f 9775 9771 9776
f 6736 9771 6872
f 6859 9764 9768
f 9766 9771 9775
f 9772 7107 6955
f 9771 9773 9774
f 9771 9774 9776
f 9777 6950 9765
f 9762 9777 9765
f 6736 6872 6848
f 9765 6876 9770
f 9777 9762 9766
f 6736 9773 9771
f 9768 9775 6859
f 6961 7012 9788
f 7162 9788 7012
f 6907 9780 7146
f 7040 9788 7162
f 7166 9785 9797
f 6956 9783 6976
f 6918 9790 6853
f 9786 6976 9796
f 6996 9781 6918
f 6858 6976 9786
f 6853 9790 6870
f 9787 9795 9786
f 9780 9791 9793
f 6996 9789 9781
f 9797 9785 9799
f 9787 9798 9799
f 9794 9779 9792
f 9787 9793 9795
f 9793 9781 9795
f 6870 9790 9791
f 9798 9796 9783
f 9798 9786 9796
f 9797 9782 7166
f 9798 9783 9797
f 9786 9778 6858
f 9790 6918 9781
f 7185 7146 9780
f 9787 9799 9780
f 9784 9947 9795
f 9789 9779 9781
f 9799 9798 9797
f 9780 9785 7185
f 9796 6976 9783
f 9789 9788 7040
f 9793 9791 9790
f 6996 9788 9789
f 9792 9779 7040
f 9947 9786 9795
f 9794 9781 9779
f 9786 9947 9778
f 9785 9780 9799
f 9781 9794 9795
f 9787 9786 9798
f 9783 9782 9797
f 9787 9780 9793
f 9790 9781 9793
f 9946 9947 9784
f 9795 9794 9784
f 65 9810 33
f 9802 33 9810
f 68 55 9812
f 9805 9841 6
f 9814 35 9825
f 7 6 9841
f 9819 9827 3
f 3 18 9819
f 26 25 9804
f 83 9803 9828
f 30 83 9828
f 9807 9839 9834
f 9831 9822 9800
f 9830 9800 26
f 9829 9832 9843
f 9834 9839 9802
f 9817 3 9827
f 18 2 9819
f 9809 9825 9829
f 9826 9807 9836
f 9824 94 9802
f 9828 9813 30
f 9811 9820 9815
f 9809 9829 9805
f 9808 9837 9816
f 9813 9822 31
f 9804 9830 26
f 9809 9812 9814
f 9816 9807 9826
f 9812 9809 9805
f 9843 9808 9816
f 9806 9832 9825
f 9826 9820 9842
f 9800 9803 26
f 9808 9843 61
f 9833 9811 9821
f 94 33 9802
f 9800 9822 9828
f 9831 9818 9823
f 9823 9818 9840
f 9832 9806 61
f 9843 9832 61
f 9814 9825 9809
f 9826 9842 9841
f 9842 7 9841
f 9811 9833 9820
f 9838 9811 9815
f 9815 9826 9836
f 9826 9815 9820
f 9818 9831 9835
f 9802 9839 9824
f 9819 9840 9827
f 23 9801 9835
f 9816 9839 9807
f 9819 9823 9840
f 9824 9839 9837
f 9816 9826 9843
f 24 9830 9804
f 9811 9838 22
f 9801 9838 9835
f 9826 9841 9829
f 9831 9830 24
f 9801 22 9838
f 9838 9840 9818
f 9835 9838 9818
f 9810 9817 9836
f 9811 22 9821
f 9823 9819 2
f 9803 9800 9828
f 9828 9822 9813
f 9829 9825 9832
f 9823 2 9831
f 2 9822 9831
f 9840 9836 9817
f 9827 9840 9817
f 68 9812 9805
f 9836 9834 9802
f 9831 24 9835
f 9841 9805 9829
f 9807 9834 9836
f 9815 9836 9840
f 9826 9829 9843
f 9810 9836 9802
f 31 9822 2
f 9800 9830 9831
f 9815 9840 9838
f 9837 9839 9816
f 9842 9820 8
f 8797 9846 9850
f 9557 9857 9853
f 8809 8808 8801
f 8806 9846 8802
f 9845 9858 9854
f 8801 9852 8800
f 8801 8808 9852
f 8800 9852 8791
f 8807 9844 8815
f 8790 9856 9851
f 8802 8797 8814
f 8814 8806 8802
f 9848 9853 9845
f 9845 9850 9858
f 8795 9857 9557
f 8813 9850 9845
f 8790 8791 9856
f 9851 9856 9855
f 9845 9853 9857
f 9844 9847 9855
f 9849 9845 9857
f 9857 8795 9849
f 9854 9858 8825
f 8814 8797 8788
f 9845 9854 9848
f 9848 9854 8829
f 9859 9847 9844
f 8797 8802 9846
f 8824 9848 8829
f 8813 9845 9849
f 9855 9856 8808
f 9852 8808 9856
f 8814 8788 8807
f 9855 9847 9851
f 9859 9844 8807
f 9859 8807 8788
f 9858 9846 8825
f 9846 9858 9850
f 8791 9852 9856
f 9855 8816 9844
f 9373 9362 9643
f 2954 3013 3024
f 6396 6500 6520
f 929 870 872
f 6042 5947 5868
f 1750 1847 1743
f 8600 9584 8567
f 7737 7790 7817
f 9698 320 295
f 4679 4640 4703
f 5482 5465 5466
f 9622 633 606
f 5630 5800 5831
f 6956 7043 9783
f 9783 7043 9782
f 9526 9506 9516
f 541 532 490
f 5663 5639 5640
f 3911 3941 3934
f 651 527 471
f 527 440 471
f 1014 1015 1046
f 9477 9474 9446
f 9448 9477 9446
f 9695 9446 9474
f 5447 5537 5558
f 780 751 9656
f 8099 8054 7962
f 8054 7998 7962
f 9556 9555 9537
f 9555 9548 9537
f 4636 4596 9720
f 3268 3098 3219
f 9528 9548 9540
f 9437 9383 9860
f 4935 4842 4936
f 4842 4835 4936
f 9527 9545 9538
f 9861 9554 9551
f 50 44 1
f 50 9874 44
f 11 53 9904
f 9884 9904 9908
f 9867 9911 10
f 9864 9900 89
f 36 9892 9882
f 13 9866 14
f 9862 51 9897
f 9881 9897 51
f 9875 9874 50
f 43 9872 9893
f 49 9899 9872
f 49 9906 9899
f 48 9906 49
f 46 41 9905
f 46 9905 9891
f 9886 9873 4
f 9870 9880 9879
f 9879 9880 9876
f 9885 9878 9905
f 9875 9877 9879
f 1 9901 9885
f 9884 9908 9910
f 9898 9895 9896
f 13 9873 9866
f 9910 9907 9884
f 44 9901 1
f 9887 9863 9895
f 9885 9905 9883
f 9870 9899 9880
f 9900 9864 9865
f 9883 9898 9896
f 41 40 9905
f 9875 9878 9874
f 9879 9878 9875
f 9885 9901 9878
f 9879 9877 9870
f 9908 9911 9867
f 9863 9869 9909
f 9896 9902 9897
f 9868 9890 9871
f 5 9888 16
f 9886 9884 9907
f 9896 9885 9883
f 9863 9887 9866
f 9873 9869 9866
f 9868 17 9888
f 9871 9890 9905
f 9906 9871 9880
f 9872 9870 9893
f 5 9868 9888
f 9882 9892 9909
f 9864 9882 9909
f 9863 9909 9902
f 9869 9907 9865
f 9903 9868 5
f 49 9872 43
f 9903 9890 9868
f 9872 9899 9870
f 9893 9870 9877
f 9867 9865 9910
f 9865 9867 9900
f 9902 9896 9895
f 9897 9902 9862
f 9907 9869 9873
f 9905 9890 9891
f 9894 9897 1
f 44 9874 9901
f 9866 9887 14
f 9876 9878 9879
f 9880 9905 9876
f 40 9883 9905
f 1 9897 9881
f 9880 9871 9905
f 17 9871 9906
f 9904 9884 9886
f 9910 9908 9867
f 9886 9907 9873
f 40 9898 9883
f 9891 9890 9889
f 9894 9896 9897
f 9896 9894 9885
f 9865 9907 9910
f 9863 9866 9869
f 9902 9909 9862
f 9874 9878 9901
f 9903 9889 9890
f 9904 53 9908
f 9892 9862 9909
f 1 9885 9894
f 9867 89 9900
f 9906 9880 9899
f 9863 9902 9895
f 53 9911 9908
f 9904 9886 12
f 9864 9909 9865
f 9905 9878 9876
f 9868 9871 17
f 9865 9909 9869
f 3576 9933 9913
f 9933 9912 9914
f 9933 9914 9913
f 9912 9915 9914
f 9912 3569 9915
f 3569 9923 9915
f 3569 9916 9923
f 3598 9923 9916
f 3598 9921 9923
f 3544 9922 9921
f 3430 9922 3544
f 9914 9924 9913
f 3430 9919 9922
f 9914 9915 9927
f 9927 9920 9917
f 9928 9922 9920
f 9924 9914 9927
f 3344 9918 9925
f 3232 3253 9929
f 3253 3322 9918
f 9915 9923 9928
f 9918 9929 3253
f 9922 9928 9921
f 9924 9917 3484
f 3562 9913 9924
f 3484 3562 9924
f 9926 3423 9917
f 9922 9919 9920
f 9925 9918 9926
f 9918 3322 9926
f 9926 3322 3423
f 9927 9928 9920
f 9928 9927 9915
f 9927 9917 9924
f 3484 9917 3423
f 9928 9923 9921
f 9917 9920 9926
f 9920 9925 9926
f 9925 9920 9919
f 3227 3209 3189
f 9933 9941 9912
f 3569 9912 9930
f 3227 3296 9936
f 3351 9937 9935
f 9941 3555 9937
f 3339 9931 9937
f 9932 9936 9934
f 9934 9936 3296
f 3296 9942 9931
f 9937 9931 9941
f 9934 9940 9932
f 9912 9941 9930
f 9940 9934 3339
f 9939 9942 9938
f 9935 9937 3555
f 9942 9930 9941
f 9933 3555 9941
f 9930 9942 9939
f 3489 9930 9939
f 9937 3351 3339
f 3296 9938 9942
f 3227 9936 3209
f 3569 9930 3489
f 3209 9936 9932
f 9934 3296 9931
f 3339 9934 9931
f 9941 9931 9942
f 6997 7059 7014
f 7342 9959 7492
f 9961 9953 7141
f 7014 7031 7126
f 7057 9944 7058
f 7082 7081 7083
f 6855 7011 9784
f 9945 9784 7011
f 9957 9953 9961
f 9950 7031 9956
f 9948 7083 7081
f 9958 9945 7009
f 9943 9958 9962
f 9954 7058 9944
f 9953 9957 9952
f 9948 9954 9955
f 9952 9955 9962
f 9961 9960 9950
f 9953 9952 9949
f 7125 9960 9959
f 9961 9956 9957
f 9950 9956 9961
f 9943 9778 9947
f 9784 9945 9946
f 9956 9952 9957
f 9955 7083 9948
f 7204 9951 7141
f 7381 7555 7492
f 9946 9958 9947
f 9949 9952 9962
f 9955 9956 7031
f 9954 9962 9955
f 9961 9959 9960
f 7059 7031 7014
f 9956 9955 9952
f 9958 9943 9947
f 7059 9955 7031
f 7009 9953 9949
f 7492 9959 9951
f 9951 7381 7492
f 9943 9962 9954
f 9943 9954 9944
f 9959 7141 9951
f 7059 7083 9955
f 9949 9962 9958
f 9946 9945 9958
f 9961 7141 9959
f 6764 7047 9966
f 9984 9967 6913
f 9981 9973 6677
f 6913 9967 9968
f 9967 9969 6856
f 9965 9983 9975
f 6861 6806 9975
f 6827 9963 6874
f 6618 9974 6639
f 6856 9972 6748
f 6893 6932 9963
f 9982 9980 9972
f 9978 9970 9981
f 9977 9983 9965
f 9969 9975 9983
f 6807 6734 6806
f 6953 9963 6932
f 6748 9980 9964
f 9968 9967 6914
f 9982 9972 9977
f 9977 9970 9982
f 9979 9966 6893
f 6603 6637 9978
f 9970 9978 6637
f 9979 6893 9963
f 9970 9973 9981
f 9969 9967 9984
f 9980 6672 9964
f 9980 6748 9972
f 6827 9976 9963
f 9972 9969 9983
f 9975 9984 6861
f 9971 9966 9979
f 9975 9969 9984
f 6637 9971 9970
f 9963 9976 9979
f 6856 9969 9972
f 9973 9970 9977
f 9977 9972 9983
f 9981 9974 6603
f 9979 9982 9970
f 9979 9970 9971
f 9980 9976 6672
f 6680 9971 6637
f 9980 9982 9976
f 6806 6734 9965
f 9981 6603 9978
f 9977 9965 9973
f 6806 9965 9975
f 9982 9979 9976
f 6672 6631 9964
f 6734 9973 9965
f 4777 9989 4732
f 4717 9987 9999
f 5266 9988 9997
f 4771 9990 4745
f 4746 10001 9989
f 9998 10000 5194
f 4912 9992 9986
f 4879 9987 4820
f 9999 9987 9992
f 4665 9993 9996
f 4732 10001 4689
f 4731 9994 9989
f 5104 9995 9998
f 4689 9990 4665
f 10000 9998 9995
f 9996 4732 4665
f 9997 9988 9985
f 9985 5477 5544
f 4665 9990 4771
f 4665 4771 4717
f 9995 5425 9988
f 4665 4681 9993
f 4778 9996 9993
f 9987 4879 9992
f 9988 5477 9985
f 9988 5425 5477
f 5194 10000 5266
f 9989 9991 4746
f 9989 9994 9991
f 4666 9999 9992
f 5561 5544 5477
f 9986 9992 5014
f 10000 9995 9988
f 9994 4762 9991
f 4879 5014 9992
f 9999 4666 4681
f 10001 4732 9989
f 9998 9986 5014
f 9988 5266 10000
f 9986 9998 5194
f 4732 4689 4665
f 4792 9991 4762
f 9887 9895 14
f 9889 46 9891
f 3562 3576 9913
f 9966 9971 6680
f 10002 4793 4731
f 9994 4731 4793
f 6587 6603 9974
f 6677 9973 6639
f 9973 6734 6639
f 9769 6665 6762
